x,y,z,rot_0,rot_1,rot_2,rot_3,scale_0,scale_1,scale_2,opacity,f_dc_0,f_dc_1,f_dc_2
-4.392490863800049,0.18274937570095062,-3.7688212394714355,0.6779775023460388,-0.26176825165748596,-0.31371766328811646,-0.611068844795227,-1.6816027164459229,-2.2876431941986084,-3.04471755027771,16.11809539794922,0.9171834588050842,0.5202536582946777,0.6252988576889038
-4.020615100860596,0.136965811252594,-3.7041969299316406,0.7693812251091003,0.32753607630729675,0.43082332611083984,0.3393581211566925,-2.1624410152435303,-2.5302045345306396,-3.0494930744171143,16.11809539794922,1.258753776550293,0.701690673828125,0.7370812296867371
-4.186389446258545,0.3395254611968994,-3.8461203575134277,0.7631936073303223,-0.4372369050979614,-0.26403531432151794,-0.3957836627960205,-2.0517654418945312,-2.6522114276885986,-5.07236909866333,0.717516303062439,0.7777843475341797,0.2794815003871918,0.3878593146800995
-4.378781318664551,0.12815071642398834,-3.5854556560516357,-0.4893619418144226,0.16971710324287415,0.44412481784820557,0.7310773730278015,-2.0169875621795654,-2.7376341819763184,-4.623523235321045,1.3927080631256104,0.37170669436454773,0.11517996340990067,0.2738824486732483
-4.173745632171631,0.05912459269165993,-3.4209747314453125,-0.3708597719669342,0.17859327793121338,0.4770967960357666,0.7764960527420044,-1.9370650053024292,-2.519636631011963,-4.857487678527832,16.11809539794922,0.8720974326133728,0.44224587082862854,0.5604994297027588
-3.826183319091797,0.06357087194919586,-3.773754596710205,0.6558534502983093,0.29048940539360046,-0.6832028031349182,0.13677015900611877,-1.9909560680389404,-2.540350914001465,-4.94032096862793,0.8463599681854248,0.897392988204956,0.40302810072898865,0.42955282330513
-3.39512038230896,0.1045234277844429,-3.9788119792938232,0.903762936592102,-0.25106939673423767,-0.17381271719932556,-0.2999430000782013,-2.354144811630249,-2.7100095748901367,-4.847550392150879,0.536777913570404,-0.4344874918460846,-0.8802245259284973,-0.9520059823989868
-3.575408458709717,0.07391093671321869,-3.8867337703704834,0.5750986337661743,0.778374433517456,-0.015613947063684464,-0.2512985169887543,-1.959179401397705,-2.705134630203247,-3.787471294403076,0.2132275253534317,-0.18165257573127747,-0.6251252889633179,-0.6758603453636169
-3.6402742862701416,0.12391971051692963,-3.9614500999450684,0.48221853375434875,0.810434103012085,-0.3302907645702362,0.039621639996767044,-1.7042397260665894,-3.4453368186950684,-3.9397549629211426,1.676395297050476,1.7724539041519165,1.6395128965377808,1.6230701208114624
-3.6054327487945557,0.1461472362279892,-3.8867878913879395,0.7232955694198608,0.5462323427200317,-0.41408872604370117,-0.0836915522813797,-2.0770742893218994,-2.9818062782287598,-3.5635719299316406,0.12418650835752487,1.5888384580612183,1.034909963607788,1.0237928628921509
-3.9775264263153076,0.18746419250965118,-3.917431354522705,0.8470801711082458,-0.4803902506828308,-0.0739593580365181,-0.21496598422527313,-2.533323287963867,-2.5728793144226074,-10,5.537334442138672,0.9939643144607544,0.8688499331474304,1.021767497062683
-4.108739376068115,0.3513461947441101,-3.9829745292663574,0.4368695020675659,0.8904140591621399,-0.12736698985099792,-0.009245818480849266,-2.1451356410980225,-2.76959490776062,-3.163240671157837,16.11809539794922,1.450974941253662,0.8712802529335022,0.9891154766082764
-3.9246315956115723,0.31136810779571533,-3.891873359680176,0.5250502228736877,0.808792233467102,0.11796306073665619,-0.2371964305639267,-2.0460011959075928,-3.0012683868408203,-5.009799003601074,1.3942198753356934,1.4476124048233032,0.8907559514045715,0.9831879734992981
-3.810882091522217,0.256555438041687,-3.9096262454986572,-0.1831703782081604,0.7538067102432251,0.6283089518547058,0.05875276401638985,-10,-2.784634590148926,-3.165363073348999,1.1355558633804321,1.230291485786438,0.5491131544113159,0.6464243531227112
-3.7135469913482666,0.14019973576068878,-3.805755138397217,-0.4687971770763397,0.3561027944087982,0.19049835205078125,0.7855764627456665,-2.7005343437194824,-3.010460376739502,-3.8767178058624268,-0.02408408373594284,1.4909368753433228,0.651553750038147,0.648280918598175
-3.8687148094177246,0.025283385068178177,-3.549696922302246,-0.3707142770290375,-0.18340881168842316,0.855890154838562,-0.3104579746723175,-1.8317124843597412,-2.5260884761810303,-4.962008476257324,0.9216530919075012,0.9144298434257507,0.28075093030929565,0.27725306153297424
-4.103811740875244,0.03264864906668663,-3.521322250366211,-0.5453639030456543,0.7893591523170471,-0.0435461662709713,-0.2785572111606598,-2.5726423263549805,-3.090503454208374,-10,5.537334442138672,0.98006272315979,0.5491131544113159,0.6464243531227112
-3.1694552898406982,-0.021253924816846848,-2.9954030513763428,0.713426947593689,0.6920187473297119,0.07912816107273102,-0.07662098109722137,-0.8659656643867493,-1.318800687789917,-2.32763671875,-3.5371954441070557,1.7724539041519165,1.4164948463439941,1.4898449182510376
-4.481860637664795,0.23497869074344635,-2.8227853775024414,0.6392866373062134,0.3032541573047638,-0.694927453994751,-0.12816122174263,-1.2665388584136963,-2.6779870986938477,-3.524196147918701,-0.6640132069587708,-0.5599856972694397,-0.2978413701057434,-0.6064165234565735
-3.238236904144287,0.06485199928283691,-3.9682984352111816,0.46802785992622375,0.8777865171432495,-0.04219327121973038,0.0930618867278099,-2.4069290161132812,-3.220550537109375,-4.004738807678223,16.11809539794922,0.15597134828567505,-0.1477552056312561,-0.10521925240755081
-3.2449309825897217,0.03479086607694626,-3.8819477558135986,0.41153454780578613,0.8079938888549805,0.36437952518463135,-0.21216216683387756,-1.9407527446746826,-2.7552759647369385,-3.918405055999756,-0.3413982093334198,0.7332266569137573,0.5256183743476868,0.5140175223350525
-3.130431890487671,0.06114896759390831,-3.8658459186553955,-0.3956059515476227,0.2811500132083893,0.3448945879936218,0.803429126739502,-1.7855653762817383,-2.358055830001831,-3.126955270767212,-1.5817362070083618,1.7724539041519165,1.5501867532730103,1.5634907484054565
-2.8620994091033936,0.032653845846652985,-3.9772956371307373,0.9050300121307373,-0.22405321896076202,-0.14761091768741608,-0.3300483226776123,-2.2722296714782715,-2.6211061477661133,-3.7110674381256104,1.0674606561660767,0.31702107191085815,-0.006361167412251234,-0.030844269320368767
-3.011124849319458,0.05174935981631279,-3.9180688858032227,-0.45534446835517883,0.22662822902202606,0.344881534576416,0.7888965606689453,-2.56643009185791,-2.8997864723205566,-4.713810443878174,0.02596113085746765,-0.6927140355110168,-1.1501742601394653,-1.1388764381408691
-3.172318696975708,0.1380377858877182,-4.001500129699707,0.991963267326355,0.08434440195560455,-0.06198321282863617,-0.07108459621667862,-1.4598888158798218,-3.3451123237609863,-3.7059805393218994,-0.02448592334985733,1.268691062927246,1.0584585666656494,1.1086175441741943
-2.539771795272827,0.0732584297657013,-3.9470460414886475,0.9393706917762756,-0.25025779008865356,-0.06569968909025192,0.22502723336219788,-1.8028714656829834,-2.5643656253814697,-3.4567301273345947,0.6832748651504517,-0.2996964156627655,-0.8179944157600403,-0.8275996446609497
-2.4737329483032227,0.12715846300125122,-3.9931678771972656,0.9524311423301697,-0.25464534759521484,-0.07855521142482758,0.14785036444664001,-2.2212917804718018,-2.7407870292663574,-3.3004097938537598,5.564043045043945,0.1379503607749939,-0.3440636396408081,-0.3348962962627411
-2.417440891265869,0.02016030065715313,-3.8553307056427,0.9784726500511169,-0.0894041657447815,-0.1676129847764969,-0.08064790070056915,-1.796576738357544,-3.1060433387756348,-4.980392932891846,1.5333821773529053,0.1876010149717331,-0.4815576672554016,-0.6537237763404846
-2.1271722316741943,0.030122095718979836,-3.8190555572509766,0.9691582322120667,-0.15212498605251312,-0.18272526562213898,-0.06482101231813431,-1.6643853187561035,-2.8612265586853027,-3.3022663593292236,16.11809539794922,-0.16025778651237488,-0.7498524785041809,-0.8385793566703796
-2.315969705581665,0.2733995020389557,-4.01103401184082,0.947113573551178,-0.25866928696632385,0.024668201804161072,0.18830183148384094,-1.9393188953399658,-2.96943998336792,-3.999290704727173,-0.6258840560913086,1.0368295907974243,0.5951409339904785,0.6298560500144958
-2.259117603302002,0.19875608384609222,-3.9757745265960693,0.20295922458171844,0.40445026755332947,0.8884907960891724,0.07623424381017685,-2.6052539348602295,-2.872551441192627,-3.710679054260254,2.321139335632324,0.19569160044193268,-0.15262433886528015,-0.18154577910900116
-4.43967866897583,0.17229560017585754,-2.770066738128662,0.8223124146461487,0.13585500419139862,-0.5427991151809692,0.10351244360208511,-2.427203893661499,-2.713254928588867,-3.6791629791259766,0.7868785858154297,0.11568132787942886,0.5182377099990845,0.2944522202014923
-4.487518787384033,0.12496886402368546,-2.640634775161743,0.6249527931213379,-0.5401850938796997,-0.5633347630500793,0.016969358548521996,-1.8575408458709717,-2.2466225624084473,-2.8772873878479004,-1.0989266633987427,0.9917871356010437,1.7724539041519165,1.263811469078064
-4.524328231811523,0.30517518520355225,-2.8549611568450928,-0.5287748575210571,0.5995228886604309,0.25505611300468445,-0.5439814925193787,-3.5910041332244873,-2.863062620162964,-10,2.0149030685424805,0.4379003345966339,1.1607835292816162,0.8271450996398926
-4.524328231811523,0.3614717423915863,-2.7593483924865723,-0.6531924605369568,0.739594578742981,0.0739593580365181,-0.1444626748561859,-2.651280164718628,-10,-3.592024803161621,3.0992729663848877,0.21547475457191467,0.4935067296028137,0.3266875445842743
-4.505701541900635,0.19844047725200653,-2.3072516918182373,0.6617934703826904,0.1495874524116516,-0.7263968586921692,-0.10954717546701431,-0.9524203538894653,-2.9786081314086914,-3.5746161937713623,-1.6933673620224,0.44729799032211304,0.9130470752716064,0.6468470096588135
-4.397246837615967,0.8763099312782288,-2.068408489227295,0.5730304718017578,0.7326096296310425,-0.24923917651176453,-0.2698128819465637,-1.7617257833480835,-1.8724007606506348,-2.6360890865325928,16.11809539794922,-0.5354765057563782,-0.3852117955684662,-0.4904869794845581
-2.3800835609436035,-0.000617499346844852,-2.836423873901367,-0.613102376461029,0.714783251285553,0.24537917971611023,-0.23017258942127228,-2.596233606338501,-10,-2.80310320854187,-0.8010361194610596,1.3832091093063354,1.2024883031845093,1.1329803466796875
-2.713153839111328,-0.02841310389339924,-2.224687099456787,-0.2759872078895569,0.296068400144577,0.6534283757209778,0.6396920084953308,-2.4441659450531006,-2.636025905609131,-3.7374584674835205,1.7214568853378296,1.22324538230896,0.8061473965644836,1.022367000579834
-2.497255325317383,-0.010853237472474575,-2.462754487991333,0.6779822707176208,-0.5688650012016296,0.11404947936534882,-0.45135945081710815,-2.43109393119812,-2.110154867172241,-10,-1.5676685571670532,1.1607835292816162,0.8688499331474304,0.7298339009284973
-4.532271385192871,0.970636785030365,-2.7322890758514404,0.5071889758110046,0.4362954795360565,0.6110479831695557,0.4231146275997162,-1.6370857954025269,-2.0351719856262207,-3.500213623046875,-2.0896174907684326,0.23564864695072174,0.3930012881755829,0.5449451804161072
-4.327145099639893,1.1246154308319092,-2.832409381866455,0.6327360272407532,-0.1214582622051239,-0.714026927947998,-0.27396804094314575,-2.557791233062744,-2.8208565711975098,-3.1397817134857178,0.4205831289291382,0.2658925950527191,0.5893850326538086,0.35740745067596436
-4.301997661590576,1.0726335048675537,-2.8131282329559326,0.7240532636642456,0.5399764776229858,-0.42897120118141174,-0.012491538189351559,-1.8349922895431519,-3.4833147525787354,-4.685501575469971,0.020748386159539223,0.5337120890617371,0.969822347164154,0.7087721228599548
-4.453632354736328,1.3733068704605103,-2.8447489738464355,-0.3007860779762268,0.5974615812301636,0.7386324405670166,0.08360310643911362,-1.9566192626953125,-3.1485888957977295,-3.833883762359619,-0.03457549959421158,0.1347886323928833,0.5615603923797607,0.27496081590652466
-4.379096508026123,1.328903317451477,-2.8278727531433105,0.7779078483581543,0.5098333954811096,-0.13237787783145905,-0.34264469146728516,-2.3243091106414795,-2.630150556564331,-3.8360133171081543,-1.3158457279205322,0.5076532959938049,0.9578644633293152,0.6213439702987671
-4.345233917236328,1.2346827983856201,-2.5945656299591064,0.716126024723053,0.1143326461315155,-0.6715777516365051,-0.15190428495407104,-1.9544062614440918,-2.752318859100342,-3.27390193939209,0.39531710743904114,-0.2614155411720276,-0.09562616050243378,-0.11886487156152725
-4.262546062469482,1.141814112663269,-2.7361927032470703,0.5335056185722351,0.564588725566864,0.4261009395122528,0.46373409032821655,-2.5489084720611572,-3.1184494495391846,-4.505300998687744,-1.3085875511169434,1.4515098333358765,1.637319564819336,1.519076943397522
-4.228526592254639,1.083444595336914,-2.5569350719451904,0.5669780373573303,0.3428764045238495,0.35136860609054565,0.661446750164032,-2.4395220279693604,-2.9239203929901123,-3.093611478805542,5.79949426651001,0.23656079173088074,0.4900059700012207,0.3931245505809784
-4.213350772857666,1.1638190746307373,-2.4829654693603516,-0.2087922990322113,0.5700847506523132,0.7462448477745056,-0.27299776673316956,-2.3867838382720947,-2.7657291889190674,-3.2674481868743896,-1.5837862491607666,0.7144246697425842,1.1904910802841187,0.896253228187561
-4.433811664581299,1.1831992864608765,-2.6872289180755615,0.05222345143556595,0.523561418056488,0.7244440913200378,0.4453502893447876,-2.192711353302002,-2.771247148513794,-3.0760138034820557,0.5961456894874573,-1.7444310188293457,-1.6922262907028198,-1.6418116092681885
-4.347781658172607,1.3735195398330688,-2.391599416732788,0.3027648627758026,0.4371224343776703,0.2462691068649292,0.8103141188621521,-2.056323289871216,-2.879741668701172,-3.582319974899292,-0.9785675406455994,-0.7599613070487976,-0.624888002872467,-0.817619800567627
-4.524328231811523,0.667264461517334,-2.308603525161743,-0.5978957414627075,0.7301231622695923,0.24537917971611023,-0.2218780815601349,-4.65261697769165,-10,-2.4488935470581055,5.537334442138672,-0.7715387940406799,-0.7715387940406799,-0.7715387940406799
-4.218379497528076,0.7478708624839783,-2.4139723777770996,-0.5204803347587585,0.7870169281959534,-0.28546929359436035,-0.16796378791332245,-7.723430156707764,-3.106189012527466,-3.724853515625,2.092745542526245,0.2710811495780945,0.5491131544113159,0.2571795582771301
-4.193643569946289,0.8271978497505188,-2.350555896759033,0.6860021948814392,-0.6144847869873047,0.11404947936534882,-0.37256163358688354,-3.34722638130188,-4.117908954620361,-10,5.537334442138672,-0.03475402295589447,0.0903603658080101,-0.173770010471344
-4.237074375152588,0.8102258443832397,-2.1106576919555664,0.7611832022666931,-0.12143487483263016,-0.5169827938079834,-0.37226665019989014,-1.9803355932235718,-2.8778626918792725,-3.1420366764068604,2.688418388366699,0.12820960581302643,0.5316364765167236,0.24357682466506958
-4.467778205871582,1.0760945081710815,-2.1017768383026123,0.20042109489440918,0.4096381962299347,0.8898313641548157,-0.015103199519217014,-1.9237706661224365,-2.7653114795684814,-2.947387933731079,0.34603288769721985,-0.15397149324417114,0.14393164217472076,0.005495197139680386
-4.415539264678955,1.1218169927597046,-2.220041513442993,-0.20754441618919373,0.36242106556892395,0.8710106611251831,-0.25868263840675354,-1.6472877264022827,-2.841322660446167,-3.23292875289917,0.7523694634437561,0.2734193205833435,0.6706032752990723,0.39325687289237976
-4.418139457702637,1.2772578001022339,-2.464348077774048,-0.15089373290538788,0.572027325630188,0.778410792350769,-0.20998206734657288,-1.8800289630889893,-2.862104892730713,-3.585188388824463,-0.9185463786125183,-1.5586339235305786,-1.4858077764511108,-1.5433555841445923
-4.4344964027404785,0.9845723509788513,-2.398362159729004,0.8256979584693909,-0.5135682821273804,0.20805390179157257,0.10575497150421143,-2.9815597534179688,-2.9650187492370605,-10,0.9718605875968933,-0.9800627827644348,-1.07737398147583,-1.0078659057617188
-4.3985371589660645,1.0525426864624023,-2.111819267272949,-0.38050395250320435,0.39732450246810913,0.660031795501709,0.5115740895271301,-1.8451124429702759,-3.368964433670044,-4.334661960601807,1.363328218460083,0.5128143429756165,0.9674972891807556,0.7193947434425354
-4.498290061950684,1.219994306564331,-2.0529861450195312,0.7115246653556824,-0.6656342148780823,0.20667147636413574,-0.08916595578193665,-3.127040147781372,-3.2316737174987793,-10,5.537334442138672,0.5630147457122803,0.98006272315979,0.6464243531227112
-1.957237958908081,0.12660565972328186,-3.9315710067749023,0.6700539588928223,0.701513946056366,-0.05952822044491768,-0.23529194295406342,-2.1458048820495605,-2.6739346981048584,-2.878356456756592,16.11809539794922,1.030107855796814,0.5049726963043213,0.5854565501213074
-1.7217646837234497,0.14170414209365845,-3.912142753601074,0.6556126475334167,-0.3429996371269226,-0.5195761919021606,-0.4272749722003937,-2.6033718585968018,-2.8596928119659424,-3.4913907051086426,16.11809539794922,1.3186664581298828,0.9315601587295532,1.0311745405197144
-1.9395421743392944,0.14091889560222626,-3.8623228073120117,0.43763643503189087,0.09698794037103653,0.7135162949562073,0.5384814143180847,-2.0653040409088135,-2.7795915603637695,-3.403557300567627,-0.29067543148994446,1.4897040128707886,0.9681111574172974,1.0123647451400757
-1.9593501091003418,0.06957454234361649,-3.772761583328247,0.5343809127807617,-0.24406491219997406,-0.299329549074173,-0.7518451809883118,-2.7234158515930176,-2.8325302600860596,-3.9643049240112305,0.6463326215744019,0.2839188277721405,-0.15782511234283447,-0.1593792587518692
-1.8301771879196167,0.18683111667633057,-3.957198143005371,0.7006634473800659,-0.33819901943206787,-0.300222784280777,-0.5518681406974792,-2.218940496444702,-3.0764107704162598,-4.274852275848389,1.0344746112823486,0.6237626075744629,0.2041732668876648,0.29959824681282043
-1.7487831115722656,0.07438064366579056,-3.73160982131958,0.6010278463363647,0.7300423383712769,-0.2898613512516022,0.14759461581707,-2.273561477661133,-3.199385404586792,-4.951705455780029,4.0445733070373535,0.8371244072914124,0.4140985608100891,0.44703909754753113
-2.1841368675231934,0.21342170238494873,-3.898320198059082,0.44039636850357056,0.8297454118728638,-0.3007570803165436,0.1646776795387268,-2.817335367202759,-3.06510591506958,-4.829160213470459,0.6626272201538086,0.5726392269134521,0.10904031246900558,0.12060659378767014
-2.1842691898345947,0.2781014144420624,-3.8823959827423096,0.83796626329422,-0.46794846653938293,-0.03525165840983391,0.2785572111606598,-10,-2.2903571128845215,-2.3524558544158936,-2.219203472137451,1.7724539041519165,0.98006272315979,1.2858978509902954
-1.7034560441970825,0.09991688281297684,-3.739624500274658,0.7198460698127747,0.6580833196640015,-0.2196023315191269,-0.022863248363137245,-2.491809368133545,-3.076368570327759,-3.7282252311706543,16.11809539794922,1.3038122653961182,0.8423907160758972,0.8569750189781189
-1.7644290924072266,0.010137094184756279,-3.5324370861053467,0.5953066945075989,-0.40855979919433594,-0.49342143535614014,-0.48499906063079834,-1.8872568607330322,-3.116739273071289,-4.301399230957031,-0.7763066291809082,-0.6350436806678772,-1.1656849384307861,-1.1856508255004883
-1.8712595701217651,-0.014133221469819546,-3.5791397094726562,0.7235915660858154,0.6520789265632629,-0.1241803914308548,0.1891760528087616,-2.58984375,-3.065934658050537,-4.410225868225098,16.11809539794922,1.3537110090255737,1.0492435693740845,1.0137031078338623
-1.4281530380249023,0.16044504940509796,-3.964198112487793,0.37108975648880005,0.884015679359436,0.2066011130809784,-0.19525542855262756,-2.0204949378967285,-2.7099449634552,-2.9551682472229004,16.11809539794922,-0.8444668650627136,-1.1132023334503174,-0.9562932252883911
-1.2589125633239746,0.2739553451538086,-3.823810338973999,-0.22022730112075806,0.842518150806427,0.45889154076576233,-0.17629994451999664,-1.9847412109375,-3.133786678314209,-3.304349660873413,1.690855860710144,-0.8714352250099182,-1.20293390750885,-1.1122502088546753
-1.4514912366867065,0.15330852568149567,-3.7523274421691895,0.6460740566253662,-0.32547032833099365,-0.43637776374816895,-0.5350064039230347,-2.19555401802063,-3.1497621536254883,-4.935256481170654,0.8555981516838074,-0.8041332364082336,-1.0302420854568481,-0.7957426905632019
-1.4703645706176758,0.08665850013494492,-3.7218692302703857,0.9137201905250549,-0.30933132767677307,-0.25353068113327026,-0.07177557796239853,-2.62781023979187,-2.96939754486084,-3.6859095096588135,16.11809539794922,-0.1976383626461029,-0.5598018765449524,-0.5175973176956177
-1.5757843255996704,0.032033879309892654,-3.4437389373779297,0.5710789561271667,0.7525250315666199,0.21357496082782745,-0.24891895055770874,-2.151275873184204,-2.6386682987213135,-3.7366156578063965,1.6480084657669067,1.6922377347946167,1.5646450519561768,1.5949429273605347
-1.6389330625534058,0.0008963177679106593,-3.393008232116699,0.5693859457969666,-0.46661677956581116,-0.48119187355041504,-0.4759441316127777,-1.9178544282913208,-2.799586772918701,-4.714027404785156,-0.7385661602020264,1.0354689359664917,0.8309674859046936,0.7910327315330505
-1.2040950059890747,0.033656101673841476,-3.6105527877807617,0.6616557240486145,-0.5646851658821106,-0.4169987440109253,-0.2635420560836792,-1.6830793619155884,-2.376549005508423,-2.7354400157928467,16.11809539794922,-0.7812709808349609,-1.178370475769043,-1.1683406829833984
-1.2388783693313599,0.261808305978775,-3.6118857860565186,0.501713216304779,0.8195369839668274,-0.05351221561431885,0.2716236710548401,-2.1326606273651123,-3.575948476791382,-4.8058905601501465,1.0910855531692505,1.3058725595474243,0.911324679851532,0.9364969730377197
-1.2274948358535767,0.23185132443904877,-3.6153182983398438,0.41368526220321655,0.861260712146759,-0.07167310267686844,0.28628209233283997,-2.2994532585144043,-3.376309394836426,-4.000598907470703,16.11809539794922,0.6670235395431519,0.18940456211566925,0.20613069832324982
-1.1161532402038574,0.256318598985672,-3.6000473499298096,0.6858523488044739,-0.444228857755661,-0.41887736320495605,-0.39599114656448364,-2.2163572311401367,-2.8087470531463623,-3.8634393215179443,0.07559069246053696,1.4901357889175415,1.3529163599014282,1.378092885017395
-1.2847102880477905,0.41293758153915405,-3.9031906127929688,0.8684800267219543,-0.2429458498954773,-0.3041582405567169,-0.3069324195384979,-2.3338308334350586,-2.921743869781494,-3.5395119190216064,16.11809539794922,-0.19187630712985992,-0.8147535920143127,-0.8199166059494019
-1.1989247798919678,0.5227993130683899,-3.8943257331848145,0.371090829372406,0.8459762334823608,-0.2917843461036682,0.24794702231884003,-2.1074647903442383,-2.7552385330200195,-4.526734352111816,-1.2419366836547852,1.5034607648849487,1.0270352363586426,1.06378173828125
-1.0517100095748901,0.5412431955337524,-3.9517951011657715,0.6004141569137573,0.7829066514968872,0.15656909346580505,-0.045234162360429764,-2.193025827407837,-2.9138338565826416,-3.6208345890045166,0.6478837132453918,0.4279227554798126,-0.04351353272795677,0.09385312348604202
-1.0428290367126465,0.6003923416137695,-3.962205410003662,0.4665498435497284,0.8637396693229675,0.17447540163993835,-0.07644178718328476,-2.2211570739746094,-2.6522469520568848,-4.628798961639404,1.4342044591903687,1.040084719657898,0.5845968127250671,0.6276669502258301
-1.1883033514022827,0.5958274602890015,-3.9587316513061523,0.8559631705284119,-0.5038913488388062,-0.11266706138849258,0.026957150548696518,-4.087417125701904,-2.632830858230591,-10,1.8718022108078003,1.5114308595657349,1.0495706796646118,1.1190787553787231
-2.0364348888397217,-0.009528215043246746,-3.3598215579986572,0.8488601446151733,0.4856186807155609,-0.18599028885364532,0.0949663445353508,-1.9008716344833374,-2.4891538619995117,-3.0364441871643066,0.22027328610420227,1.3708018064498901,1.155759334564209,1.1051537990570068
-1.7233150005340576,-0.03142660856246948,-3.382075071334839,-0.4077705442905426,0.4518085718154907,0.5113880634307861,0.6066914200782776,-2.078664779663086,-2.9227101802825928,-3.7933895587921143,1.4830963611602783,0.6119937896728516,0.43362218141555786,0.42645978927612305
-1.9727264642715454,0.021896056830883026,-3.100271463394165,0.7818625569343567,0.5733399391174316,-0.17266947031021118,0.1736590713262558,-1.9779785871505737,-2.7189996242523193,-3.5270798206329346,1.787817358970642,0.9667841196060181,0.5993897318840027,0.5792592167854309
-1.8747104406356812,-0.004841728135943413,-3.0592052936553955,-0.3993969261646271,0.6845641136169434,0.405128538608551,0.45576852560043335,-1.55086088180542,-2.6560685634613037,-3.886812925338745,-1.1204410791397095,1.689325213432312,1.6513440608978271,1.5328774452209473
-1.9438230991363525,0.038198430091142654,-2.937649726867676,-0.49781298637390137,0.3280241787433624,0.503244161605835,0.6255618929862976,-2.2549939155578613,-2.4754860401153564,-4.496071815490723,16.11809539794922,1.2164384126663208,0.9823306202888489,1.19154691696167
-1.1337326765060425,0.05971382185816765,-3.372262477874756,0.67732173204422,0.6686304211616516,-0.19299450516700745,0.2385827898979187,-1.7906007766723633,-3.195629358291626,-3.5564029216766357,16.11809539794922,-0.736485481262207,-0.9954232573509216,-0.8614134192466736
-1.3737183809280396,-0.013898049481213093,-3.352933645248413,0.7418834567070007,-0.09391801804304123,-0.6364549994468689,-0.1889798790216446,-2.501703977584839,-3.1683664321899414,-3.2435407638549805,4.231254577636719,1.1410187482833862,0.9775393009185791,0.9296061396598816
-1.5730915069580078,0.011218436062335968,-3.1787195205688477,0.796836256980896,0.2521858215332031,-0.5163455605506897,0.18665899336338043,-1.9610886573791504,-2.3996243476867676,-3.0076818466186523,-0.7589514851570129,1.7413116693496704,1.4428954124450684,1.423016905784607
-1.2877569198608398,-0.011186687275767326,-3.185600757598877,0.7734119296073914,0.5989022850990295,0.17138886451721191,-0.11737080663442612,-2.0777249336242676,-2.683152198791504,-3.2773239612579346,0.31843358278274536,1.0062956809997559,0.8571661114692688,0.84596848487854
-1.1705279350280762,0.05441693589091301,-3.1934714317321777,0.7436867952346802,0.5699588060379028,-0.20610396564006805,0.2821313142776489,-1.9889299869537354,-2.97342586517334,-4.33181619644165,1.6847429275512695,1.7244948148727417,1.6797462701797485,1.6256376504898071
-1.2808870077133179,0.006257533561438322,-3.0074901580810547,0.7346441745758057,-0.5292378067970276,-0.3537791669368744,-0.23461796343326569,-2.455601215362549,-3.6593563556671143,-4.480095386505127,16.11809539794922,-1.1768465042114258,-1.4206931591033936,-1.264741063117981
-1.1175110340118408,0.006244869902729988,-3.0147769451141357,0.7084238529205322,0.6728487014770508,-0.06778313964605331,0.20202910900115967,-1.9056662321090698,-3.0042638778686523,-3.2976250648498535,3.329515218734741,-0.08571326732635498,-0.39407142996788025,-0.43248292803764343
-1.1556981801986694,0.08367635309696198,-3.0600745677948,0.6979353427886963,0.6415125131607056,-0.18538416922092438,0.25880634784698486,-2.7650694847106934,-2.8220372200012207,-4.728401184082031,16.11809539794922,1.6482576131820679,1.6674476861953735,1.7724539041519165
-1.0230183601379395,0.17707906663417816,-3.9679017066955566,0.059790320694446564,0.7240198850631714,0.6870378851890564,0.014115496538579464,-1.6039745807647705,-2.0564773082733154,-2.2694504261016846,4.716279983520508,-0.1189020499587059,-0.563153862953186,-0.589022159576416
-0.9817820191383362,0.33105504512786865,-3.8667001724243164,0.6197441816329956,0.062018994241952896,-0.6009836196899414,-0.5008887052536011,-2.080791473388672,-2.5386435985565186,-2.9839489459991455,16.11809539794922,-1.3329784870147705,-1.5985307693481445,-1.6166542768478394
-0.8985503911972046,0.18511612713336945,-3.660222053527832,0.5956608653068542,0.7029608488082886,-0.12057647109031677,0.36945295333862305,-1.8652948141098022,-2.315426826477051,-2.6096880435943604,16.11809539794922,-0.5399119257926941,-0.9278016090393066,-0.8761307001113892
-1.0956945419311523,0.24195295572280884,-3.6008777618408203,-0.5992781519889832,0.7705833315849304,-0.11404947936534882,-0.18455280363559723,-3.1854331493377686,-2.983269214630127,-10,5.537334442138672,1.2504079341888428,1.0495706796646118,1.188586711883545
-0.8969743251800537,0.3016718924045563,-3.5698208808898926,0.6282485127449036,0.7600222826004028,-0.030786307528614998,0.16346906125545502,-2.0858049392700195,-3.6305530071258545,-4.272075653076172,1.334627628326416,1.7724539041519165,1.70383882522583,1.6602580547332764
-0.8948394656181335,0.10075658559799194,-3.453508138656616,0.5343560576438904,0.8072412014007568,-0.23074376583099365,-0.09789064526557922,-2.1102988719940186,-2.31685471534729,-2.861161470413208,16.11809539794922,0.024276811629533768,-0.18228599429130554,-0.23379629850387573
-0.35662010312080383,0.1321055293083191,-3.431061267852783,0.9249936938285828,-0.13061738014221191,-0.19449034333229065,-0.2991642653942108,-1.4782178401947021,-2.129723072052002,-2.198852062225342,16.11809539794922,-0.04798136278986931,-0.2698912024497986,-0.4890322983264923
-0.804510772228241,0.4745590388774872,-3.861741542816162,-0.47331926226615906,0.5101017951965332,0.49226754903793335,0.5229127407073975,-2.356877565383911,-2.7810704708099365,-3.6702349185943604,16.11809539794922,1.5795977115631104,1.4773162603378296,1.460578441619873
-0.6285418272018433,0.41562536358833313,-3.7525744438171387,-0.4533100426197052,0.46525752544403076,0.45357146859169006,0.6101789474487305,-1.9854755401611328,-2.307718276977539,-3.3292036056518555,2.279026985168457,1.220611572265625,1.2675672769546509,1.3096938133239746
-0.469255656003952,0.44975969195365906,-3.822619915008545,0.7248269319534302,0.6362582445144653,-0.23032422363758087,0.12942975759506226,-1.9136261940002441,-2.6643335819244385,-5.106310844421387,16.11809539794922,1.667250633239746,1.59149968624115,1.5697263479232788
-0.9516125321388245,0.29560863971710205,-3.708524227142334,0.7018747925758362,-0.5890330672264099,-0.3807181715965271,-0.12436027824878693,-2.8157358169555664,-3.381654977798462,-3.698901414871216,16.11809539794922,-1.0652837753295898,-1.2678495645523071,-1.019936442375183
-0.7981647253036499,0.4049845337867737,-3.6615421772003174,0.9615665078163147,-0.10804442316293716,-0.251484215259552,0.021724116057157516,-2.7335989475250244,-3.631532669067383,-4.77225399017334,16.11809539794922,0.27736881375312805,-0.28723594546318054,-0.5701645612716675
-0.5709558725357056,0.4529538154602051,-3.6838138103485107,0.6623018980026245,0.703742504119873,-0.20882275700569153,0.1499858796596527,-2.0200304985046387,-2.5153093338012695,-4.593934059143066,3.539869785308838,1.3864634037017822,1.4634000062942505,1.580361247062683
-0.21487601101398468,0.45632147789001465,-3.920363426208496,0.49063724279403687,0.8337603807449341,-0.1662949025630951,0.1909574568271637,-1.9075132608413696,-2.6873347759246826,-4.077399253845215,16.11809539794922,-0.22190536558628082,-0.7217835187911987,-0.6754024028778076
-0.2848420739173889,0.3396449685096741,-3.719033718109131,0.5917925238609314,-0.6929591298103333,-0.2851628065109253,-0.2971051037311554,-1.6032119989395142,-2.2712907791137695,-3.4907753467559814,16.11809539794922,0.9219855070114136,0.8584787249565125,0.8648567199707031
0.18302364647388458,0.33450862765312195,-3.7459094524383545,0.5897543430328369,-0.5909994840621948,-0.4177936017513275,-0.3582707941532135,-2.066643476486206,-2.120774030685425,-2.7946200370788574,16.11809539794922,1.1536670923233032,1.0451542139053345,1.0176032781600952
-0.2201557755470276,0.6041975617408752,-3.9922637939453125,0.480785071849823,0.8605169057846069,0.0710277184844017,0.15268099308013916,-1.9869403839111328,-3.433915138244629,-4.476329803466797,-0.9322306513786316,0.3452298939228058,0.006360443774610758,0.027546986937522888
-0.13122595846652985,0.5659883618354797,-3.966933012008667,0.6403379440307617,-0.08499524742364883,-0.5440270304679871,-0.5355163216590881,-2.481598138809204,-2.866307497024536,-4.6280717849731445,16.11809539794922,-0.022776886820793152,-0.3905504047870636,-0.31564295291900635
-0.04575316235423088,0.46748819947242737,-3.928278684616089,0.8244958519935608,-0.4499770402908325,-0.339383602142334,0.05045825615525246,-2.9822990894317627,-2.7408018112182617,-10,5.537334442138672,-0.1790035367012024,-0.6782617568969727,-0.7017036080360413
-0.16214433312416077,0.5386523008346558,-3.887871742248535,0.387422651052475,0.897885799407959,-0.03829680755734444,0.20551921427249908,-2.4881324768066406,-3.5959646701812744,-5.107113361358643,0.5689058899879456,0.5992600321769714,0.23231343924999237,0.2889283001422882
-0.04575316235423088,0.5774847865104675,-3.978523015975952,0.6837866902351379,-0.6435155272483826,0.31588250398635864,-0.13616816699504852,-10,-2.996735095977783,-3.1644294261932373,5.537334442138672,0.10687875002622604,-0.3416249752044678,-0.14738419651985168
-0.030240701511502266,0.4554692208766937,-3.7622547149658203,0.8978208899497986,-0.3221835196018219,-0.2506875991821289,-0.16513970494270325,-3.0009961128234863,-3.633559226989746,-5.4547834396362305,16.11809539794922,-0.5338676571846008,-0.9546933770179749,-0.8942351341247559
0.0036961452569812536,0.5091404914855957,-3.820103168487549,0.8320260047912598,-0.12661223113536835,-0.4164411425590515,-0.34391695261001587,-2.5680735111236572,-3.145162343978882,-3.722259521484375,16.11809539794922,-0.3043927252292633,-0.7136944532394409,-0.7034269571304321
-0.1098611056804657,0.6309664845466614,-3.942682981491089,0.9099030494689941,-0.29823216795921326,-0.2541956603527069,-0.1360829472541809,-2.426241636276245,-3.630187511444092,-5.2475433349609375,1.0697458982467651,-0.5346583127975464,-0.9009997844696045,-0.8356467485427856
-0.3754372000694275,0.322537899017334,-3.48241925239563,0.57940673828125,0.8020794987678528,-0.13330401480197906,0.05644732713699341,-2.30926775932312,-2.8695099353790283,-3.599367141723633,0.9518553018569946,-0.5798462629318237,-0.9246824979782104,-0.9125285148620605
-0.03179332986474037,0.377341628074646,-3.6471972465515137,-0.26144900918006897,0.5581148862838745,0.5881665349006653,0.5236527919769287,-2.026219606399536,-2.320935010910034,-3.7986602783203125,2.9321248531341553,1.6208943128585815,1.4105943441390991,1.3354216814041138
-0.015226496383547783,0.38535618782043457,-3.453446388244629,-0.4434221386909485,0.3749971389770508,0.6186731457710266,0.5291479229927063,-2.1280572414398193,-2.8657994270324707,-3.571239709854126,3.591296672821045,0.48041507601737976,0.37905406951904297,0.39999502897262573
-0.22602257132530212,0.42142170667648315,-3.5046849250793457,0.6703639030456543,0.6833985447883606,-0.227022185921669,0.17899611592292786,-2.148940324783325,-2.6506879329681396,-4.922726631164551,16.11809539794922,1.5120553970336914,1.5858088731765747,1.6803010702133179
-0.9501312375068665,0.28021547198295593,-3.5140864849090576,0.8971666097640991,-0.41126933693885803,0.0034560449421405792,-0.1610516905784607,-2.670839309692383,-4.540090084075928,-10,5.537334442138672,1.2006893157958984,0.8702673316001892,0.9882946610450745
-0.8588903546333313,0.2197178453207016,-3.3012077808380127,0.6409401297569275,-0.6643671989440918,-0.2535950243473053,-0.28896623849868774,-2.0392210483551025,-2.7570714950561523,-4.320534706115723,16.11809539794922,1.7650953531265259,1.6975464820861816,1.701447606086731
-0.4994440972805023,0.21426410973072052,-3.24442982673645,0.7446787357330322,0.45111438632011414,0.48889419436454773,0.054146718233823776,-2.2877910137176514,-2.6681363582611084,-3.053791046142578,3.572303295135498,-0.9497483968734741,-1.30568265914917,-1.257466197013855
-0.9627313017845154,0.06606246531009674,-3.055941343307495,0.6809503436088562,-0.45356956124305725,-0.4137669503688812,-0.3992219865322113,-2.033565044403076,-2.6246755123138428,-4.524169445037842,-0.5990558862686157,-1.0305639505386353,-1.278929352760315,-1.0857224464416504
-1.056168794631958,0.09224658459424973,-3.068974733352661,0.7160361409187317,-0.6227793097496033,0.30205830931663513,0.09054837375879288,-3.5618507862091064,-3.0200016498565674,-10,1.513692855834961,1.7724539041519165,1.7724539041519165,1.7724539041519165
-0.7451112866401672,0.05053697153925896,-3.1757333278656006,0.8066063523292542,-0.36908403038978577,-0.1655150204896927,-0.43100810050964355,-2.2836267948150635,-2.614645004272461,-2.687753200531006,16.11809539794922,-0.13376303017139435,-0.31328195333480835,-0.35525330901145935
-0.6262423992156982,0.1045362800359726,-3.0305092334747314,0.651439368724823,0.7472341060638428,-0.08152804523706436,0.10305898636579514,-2.075758218765259,-3.383021831512451,-4.065802097320557,3.1069705486297607,-0.9003970623016357,-1.1936924457550049,-1.0677976608276367
0.068976990878582,0.29343387484550476,-3.3434255123138428,0.6557903289794922,0.7512766718864441,-0.06596215069293976,-0.034226689487695694,-1.897568941116333,-2.534074306488037,-2.834751605987549,16.11809539794922,0.7599133849143982,0.76788330078125,0.8544250726699829
-0.011277362704277039,0.18993091583251953,-3.2676498889923096,0.6709136366844177,0.17412018775939941,0.5606526732444763,0.45301833748817444,-1.6628470420837402,-1.9830446243286133,-2.430802822113037,2.127934455871582,1.742777943611145,1.6842045783996582,1.649932861328125
-0.26391974091529846,0.053746286779642105,-3.043225049972534,-0.3303292989730835,0.6543936133384705,0.4698300063610077,0.49184486269950867,-2.1728031635284424,-2.425966739654541,-2.463869094848633,5.7126054763793945,1.5167845487594604,0.5497167110443115,0.3353281617164612
-0.5360736846923828,0.31329360604286194,-3.1681196689605713,0.5109522938728333,0.31407514214515686,-0.800177276134491,-0.0009129986283369362,-2.7560184001922607,-3.356687307357788,-4.767354488372803,4.096416473388672,0.019732758402824402,-0.49089065194129944,-0.8271028995513916
-0.43287333846092224,0.13694918155670166,-3.0267014503479004,0.03266702592372894,0.5900524258613586,0.75331050157547,-0.2886074185371399,-2.110133647918701,-2.8507885932922363,-3.9939043521881104,16.11809539794922,0.4655749499797821,0.18161015212535858,-0.11940228193998337
-0.39299124479293823,0.20164383947849274,-2.990032434463501,0.280888170003891,0.4322657585144043,0.8513256907463074,-0.09743078052997589,-2.237362861633301,-3.2514381408691406,-4.1619367599487305,1.0775411128997803,0.6236652135848999,0.47556620836257935,0.2919028699398041
0.1051023006439209,0.07461963593959808,-2.8421359062194824,0.7191066145896912,-0.5170770883560181,-0.2311622053384781,-0.40259283781051636,-1.807008147239685,-2.0648066997528076,-2.6364834308624268,16.11809539794922,0.11249012500047684,-0.036996375769376755,0.09198053181171417
-0.15189607441425323,0.269747793674469,-3.1570849418640137,0.28727227449417114,0.7363373041152954,0.6112092733383179,-0.04129462689161301,-2.2791216373443604,-2.841545581817627,-3.4368104934692383,16.11809539794922,0.4995509088039398,0.40332165360450745,0.37542441487312317
-0.2389172911643982,0.27451595664024353,-3.0300393104553223,0.9467360973358154,-0.24605506658554077,-0.18370255827903748,-0.09695900231599808,-2.3521852493286133,-2.7338619232177734,-3.6239078044891357,1.1757643222808838,0.9587558507919312,0.882798433303833,0.7551391124725342
-0.5604203939437866,0.3121833801269531,-3.406543016433716,0.687896728515625,0.6686412692070007,-0.21490617096424103,0.18311823904514313,-2.5900347232818604,-3.1621901988983154,-5.169465065002441,16.11809539794922,1.368756890296936,1.215759038925171,1.4331238269805908
-0.37915974855422974,0.3769846558570862,-3.286055326461792,-0.6269265413284302,0.7660688161849976,-0.0739593580365181,0.12096156924962997,-2.8403680324554443,-3.2526683807373047,-10,5.537334442138672,1.039103627204895,1.0318529605865479,1.0153346061706543
-0.14249823987483978,0.40126484632492065,-3.1792502403259277,0.6917421817779541,0.6684080958366394,-0.21715258061885834,0.1660364419221878,-2.1650757789611816,-2.783742666244507,-4.147164821624756,16.11809539794922,1.6691838502883911,1.6626454591751099,1.6184344291687012
-0.39265692234039307,0.406493216753006,-3.208240270614624,0.6718143820762634,0.7134405970573425,0.16682983934879303,-0.10879223793745041,-2.5409128665924072,-2.8515398502349854,-3.8928112983703613,16.11809539794922,1.3209136724472046,1.3054113388061523,1.2745957374572754
0.041390109807252884,0.3960992395877838,-3.324946641921997,-0.4662363529205322,0.3847178518772125,0.5626302361488342,0.5639707446098328,-2.816746473312378,-2.9806485176086426,-4.121818542480469,2.140029191970825,-0.10871659964323044,-0.22392477095127106,-0.19666559994220734
-0.42762839794158936,0.33185431361198425,-3.068603754043579,0.9641425609588623,-0.25078436732292175,-0.07615356892347336,0.04167720675468445,-2.1100544929504395,-3.29960036277771,-6.209277153015137,-0.38506630063056946,-0.21800704300403595,-0.617343008518219,-0.8136133551597595
-0.025836974382400513,0.3279648423194885,-3.0973265171051025,-0.49828222393989563,0.28966277837753296,0.49365419149398804,0.6512417793273926,-2.4698939323425293,-2.811896800994873,-3.5284342765808105,16.11809539794922,1.054442286491394,0.9367097020149231,0.8774731159210205
-0.17016156017780304,0.2594904601573944,-3.013230323791504,0.3296303153038025,0.4161173701286316,0.8434927463531494,-0.08191560953855515,-2.3837668895721436,-3.1204946041107178,-3.9728877544403076,0.09766052663326263,0.13315226137638092,-0.07092726230621338,-0.15402282774448395
-0.0732821449637413,0.6296983957290649,-4.023613929748535,-0.6656342148780823,0.7431132793426514,0.02004506066441536,0.0656648501753807,-2.9310462474823,-3.2526683807373047,-10,5.537334442138672,0.5294873714447021,0.15659742057323456,0.27173537015914917
-0.04286745935678482,0.6827180981636047,-4.012810230255127,0.6875866651535034,0.7228661179542542,-0.06816807389259338,0.006500234827399254,-2.3788397312164307,-3.03885555267334,-4.331329822540283,1.022396445274353,1.7483552694320679,1.6465189456939697,1.717026948928833
0.11407189816236496,0.639152467250824,-3.9597766399383545,0.6662828326225281,0.7431833744049072,-0.020289262756705284,-0.05774066224694252,-2.3011510372161865,-2.8551886081695557,-4.0763630867004395,16.11809539794922,1.1684174537658691,0.9637241959571838,1.1403656005859375
-1.9511414766311646,0.022379353642463684,-2.8439674377441406,0.6203303337097168,0.7794626951217651,0.06600118428468704,-0.05720198154449463,-2.343843460083008,-2.8112125396728516,-4.367550849914551,6.322401523590088,0.780676543712616,0.5021240711212158,0.742238461971283
-1.8468208312988281,0.021523727104067802,-2.9059858322143555,0.6355120539665222,0.7651141881942749,-0.09572826325893402,-0.0395071916282177,-2.285428524017334,-2.948892593383789,-3.771270751953125,0.18772920966148376,0.7046636939048767,0.36731868982315063,0.5395143628120422
-1.844313383102417,0.07344969362020493,-3.020663022994995,-0.610337495803833,0.6728325486183167,-0.38223856687545776,-0.16934619843959808,-3.758977174758911,-2.67100191116333,-10,3.4299468994140625,1.1012519598007202,0.7760090827941895,0.9747746586799622
-1.420907735824585,-0.005993721541017294,-2.942678689956665,0.6153193712234497,0.72596275806427,-0.18709151446819305,0.2436327189207077,-2.737016201019287,-3.313279390335083,-4.319130897521973,16.11809539794922,1.3615553379058838,1.2981066703796387,1.4222623109817505
-1.201495885848999,0.006291789468377829,-2.7472641468048096,0.705064058303833,0.6280133128166199,-0.2304149717092514,0.23535685241222382,-2.3155362606048584,-2.5052151679992676,-3.5877060890197754,16.11809539794922,1.3034240007400513,1.2421343326568604,1.3648179769515991
-1.1079516410827637,-0.014236153103411198,-2.5055601596832275,0.703144371509552,0.7069292068481445,0.06093559041619301,-0.046107664704322815,-2.1923935413360596,-2.5691628456115723,-4.2027268409729,-0.1919463723897934,1.6070797443389893,1.4355846643447876,1.4011586904525757
-1.37698495388031,0.03821079060435295,-2.125922679901123,-0.27595365047454834,0.45229849219322205,0.5422687530517578,0.6520891189575195,-2.6687872409820557,-3.0093376636505127,-3.668814182281494,4.08383321762085,1.1886922121047974,0.8811146020889282,0.7856014966964722
-1.4163880348205566,-0.007118651177734137,-2.098836898803711,0.5618622899055481,-0.36965039372444153,-0.5988683104515076,-0.43477126955986023,-2.777165651321411,-3.150158166885376,-3.377784490585327,16.11809539794922,0.29618626832962036,-0.08631490916013718,-0.20185449719429016
-1.2595255374908447,0.008226493373513222,-1.942369818687439,0.6817786693572998,0.6602119207382202,-0.28390657901763916,0.13672997057437897,-1.7245268821716309,-2.664076328277588,-3.638523817062378,-1.4561994075775146,1.4273910522460938,1.3163951635360718,1.2965147495269775
-1.065015196800232,-0.0005860216333530843,-2.066798448562622,0.9051224589347839,-0.3838602602481842,0.018649527803063393,0.1818152666091919,-2.126601457595825,-3.3520593643188477,-4.466554641723633,0.33472537994384766,-1.0686335563659668,-1.4054908752441406,-1.3489950895309448
-0.873389482498169,0.0937279611825943,-2.995091676712036,0.8510715961456299,0.5208341479301453,-0.04792964085936546,0.04595280811190605,-1.989539384841919,-3.528754234313965,-4.333014965057373,2.6964926719665527,1.7724539041519165,1.7430671453475952,1.7190234661102295
-0.8706711530685425,0.031006310135126114,-2.7488296031951904,0.724290668964386,0.6845118403434753,0.05377999693155289,0.06288328021764755,-2.04205584526062,-2.4171555042266846,-3.801633596420288,1.2442466020584106,1.184407114982605,1.0288019180297852,1.0376715660095215
-0.6963515877723694,0.037072308361530304,-2.883312463760376,0.751971960067749,0.6043676733970642,0.23371823132038116,0.12105228006839752,-2.1841111183166504,-2.5151665210723877,-3.395420789718628,1.3950862884521484,1.7069059610366821,1.6039730310440063,1.5402209758758545
-0.49249356985092163,0.03945184871554375,-2.7061030864715576,0.7519406676292419,-0.5186683535575867,-0.33912956714630127,-0.2248545140028,-1.9111254215240479,-2.3143532276153564,-3.087836980819702,16.11809539794922,0.7988499402999878,0.6425502300262451,0.6250007748603821
-1.0424631834030151,0.007579101249575615,-2.7768983840942383,0.8030357956886292,-0.5840715765953064,-0.09746046364307404,-0.06704726815223694,-2.431318998336792,-10,-3.445326805114746,-0.05491575598716736,1.5435408353805542,1.4110122919082642,1.3832091093063354
-0.8068639636039734,0.019528942182660103,-2.62628173828125,0.6826131343841553,0.7102303504943848,0.1461162567138672,-0.09089668095111847,-2.112553119659424,-2.6608800888061523,-4.831467151641846,-0.7974966764450073,-0.08927498757839203,-0.4489717483520508,-0.45388612151145935
-0.7255411744117737,0.02440807968378067,-2.5712504386901855,0.6411260962486267,0.7608679533004761,0.057800836861133575,0.08183113485574722,-1.9807424545288086,-3.2592403888702393,-4.535640716552734,-0.34496670961380005,-1.3297966718673706,-1.60813570022583,-1.6344369649887085
-0.8026136755943298,0.08721310645341873,-2.3982582092285156,0.6783515810966492,-0.4232678711414337,-0.5506520867347717,-0.23972000181674957,-2.0850934982299805,-3.1859259605407715,-3.9238038063049316,0.4463697373867035,1.0031657218933105,0.7465477585792542,0.701576828956604
-0.62486332654953,0.02924777939915657,-2.42933988571167,0.9122757911682129,0.3907606303691864,-0.1219644621014595,-0.013551194220781326,-1.9540363550186157,-2.818626880645752,-3.257354974746704,16.11809539794922,1.7532955408096313,1.5654878616333008,1.460250973701477
-0.39676550030708313,0.10036792606115341,-2.530405044555664,0.6584650278091431,0.7198048830032349,-0.10691463947296143,0.19202600419521332,-2.2405526638031006,-3.201608896255493,-4.494324207305908,2.034885883331299,1.697318196296692,1.7334524393081665,1.7724539041519165
-0.35635849833488464,0.03519413247704506,-2.841122627258301,-0.14518171548843384,0.3856964409351349,0.710969090461731,0.5698100924491882,-2.305806875228882,-2.5724599361419678,-3.9574928283691406,16.11809539794922,1.7322633266448975,1.4475024938583374,1.4216909408569336
-0.10643205791711807,0.10646730661392212,-2.8415372371673584,0.622500479221344,-0.625616729259491,-0.3480750322341919,-0.31613391637802124,-2.0423502922058105,-2.4842967987060547,-2.8226897716522217,0.9889787435531616,0.5013322830200195,0.5142288208007812,0.4572669565677643
-0.07356135547161102,0.042609844356775284,-2.7609188556671143,-0.4277580678462982,-0.03575720638036728,0.8299819231033325,-0.35619446635246277,-1.9948874711990356,-2.6288464069366455,-3.1904568672180176,16.11809539794922,1.1823030710220337,1.0192136764526367,1.0508501529693604
-0.2201509028673172,0.09144863486289978,-2.7513082027435303,-0.41501662135124207,-0.03029559552669525,0.908722460269928,0.03266294673085213,-2.275634765625,-2.6626076698303223,-2.807765245437622,3.3823750019073486,1.681661605834961,1.624475359916687,1.4970802068710327
0.036720599979162216,0.18998578190803528,-2.7355077266693115,0.6529775857925415,0.71610426902771,0.07864599674940109,0.2337300330400467,-2.3918821811676025,-2.6374242305755615,-4.155641078948975,16.11809539794922,-0.6828292012214661,-0.8441286683082581,-0.6297581195831299
-0.015946704894304276,0.18148386478424072,-2.477231979370117,0.8199799656867981,0.3070618510246277,-0.3584097623825073,0.32386472821235657,-2.3816027641296387,-2.6393699645996094,-3.0015628337860107,16.11809539794922,0.165662482380867,-0.026186836883425713,0.14262104034423828
-0.012991693802177906,0.22035451233386993,-2.540029764175415,0.5247788429260254,-0.5482043623924255,-0.6398897767066956,-0.12091414630413055,-2.609433174133301,-3.0201098918914795,-4.160826206207275,0.2847195863723755,-0.3996393382549286,-0.5567646622657776,-0.32867345213890076
0.045542873442173004,0.08947212249040604,-2.527043342590332,-0.08500923961400986,0.4097454249858856,0.9045708179473877,0.08144791424274445,-2.4075679779052734,-2.4934375286102295,-3.444249153137207,3.2875804901123047,-0.6634460091590881,-0.8104265928268433,-0.6139333248138428
-1.0558751821517944,0.060362379997968674,-2.25190806388855,-0.4714270532131195,0.05681212618947029,0.8408907055854797,0.25967615842819214,-2.1553964614868164,-2.9063215255737305,-4.357122898101807,3.0257222652435303,-0.16014724969863892,-0.4129900336265564,-0.4456028938293457
-0.861810028553009,0.06071914732456207,-2.251927137374878,0.5027506947517395,-0.1358204036951065,-0.5767105221748352,-0.6294438242912292,-2.2209675312042236,-2.6698157787323,-3.0706067085266113,16.11809539794922,0.4167962372303009,0.23878544569015503,0.2030046582221985
-0.724775493144989,0.01942489854991436,-2.3445112705230713,-0.4264759421348572,0.8654993772506714,0.02004506066441536,-0.261968195438385,-2.573676586151123,-4.309427738189697,-10,4.840242385864258,1.2069040536880493,0.9939643144607544,0.8966531157493591
-0.8833756446838379,0.12185770273208618,-2.169461965560913,0.5117847323417664,-0.39668169617652893,-0.2846953272819519,-0.7068724036216736,-2.1274607181549072,-2.453543186187744,-3.221468687057495,0.5854802131652832,1.7632235288619995,1.7248075008392334,1.6952449083328247
-1.0323443412780762,0.0600135363638401,-2.118931293487549,-0.32720232009887695,0.39046838879585266,0.2548161745071411,0.821913480758667,-2.4815070629119873,-3.041674852371216,-3.1452386379241943,1.6655142307281494,0.6547935605049133,0.5878947973251343,0.5783089399337769
-0.5805561542510986,0.00594359589740634,-1.9186862707138062,0.5505421757698059,-0.5593669414520264,-0.44503751397132874,-0.4312233030796051,-1.6832598447799683,-2.0216474533081055,-3.6326029300689697,-0.9227538108825684,1.6631433963775635,1.5422983169555664,1.5131253004074097
-0.45447713136672974,-0.004444562364369631,-2.275233507156372,0.7385489344596863,0.6198675632476807,0.1740483194589615,-0.2000422477722168,-1.996840476989746,-2.6436703205108643,-3.0907821655273438,16.11809539794922,1.362503170967102,1.2733272314071655,1.2399098873138428
-0.42438602447509766,-0.012112420052289963,-1.984351634979248,0.62096107006073,-0.6336297392845154,-0.3478427827358246,-0.3031931519508362,-1.9157805442810059,-2.2057015895843506,-3.5468976497650146,0.20739254355430603,0.28091827034950256,0.15371695160865784,0.21792468428611755
-0.02266727015376091,0.017715653404593468,-2.215222120285034,0.6478915214538574,-0.43589454889297485,-0.4014444053173065,-0.47861769795417786,-1.8922165632247925,-2.1624553203582764,-2.587531566619873,16.11809539794922,-0.9112393856048584,-1.2761154174804688,-1.2234933376312256
-0.03282570466399193,0.11266277730464935,-2.509462594985962,-0.4485946297645569,0.8869714140892029,-0.09746046364307404,0.05045825615525246,-2.6329922676086426,-3.507504463195801,-10,5.537334442138672,0.7625435590744019,0.7576371431350708,0.8688499331474304
-0.07157943397760391,0.032884687185287476,-2.2620275020599365,0.8295185565948486,-0.09369633346796036,-0.5097989439964294,-0.20790627598762512,-2.2925233840942383,-2.9634971618652344,-4.124474048614502,16.11809539794922,-0.6318700313568115,-0.9528893232345581,-0.9151937365531921
-0.03770281746983528,0.24696247279644012,-2.3138439655303955,0.4703978896141052,0.730144202709198,0.3473129868507385,0.35353773832321167,-2.4487059116363525,-2.69169282913208,-3.431046962738037,16.11809539794922,-0.011191913858056068,-0.3224456310272217,-0.32862868905067444
0.10439913719892502,0.2504553198814392,-2.507784843444824,0.9010983109474182,0.309776246547699,0.3007798194885254,0.03989976644515991,-2.2665653228759766,-2.8022563457489014,-3.1897799968719482,16.11809539794922,-0.9424886703491211,-1.149522304534912,-0.9937602281570435
-0.10763117671012878,0.2510181665420532,-2.3646152019500732,0.8476940989494324,0.3223527669906616,0.27097347378730774,0.3226093053817749,-3.330047845840454,-3.872436046600342,-4.538170337677002,16.11809539794922,1.2630536556243896,1.1602801084518433,1.1526360511779785
-0.07021207362413406,0.2857374846935272,-2.312115430831909,0.5061600208282471,0.7735235691070557,0.2817629277706146,0.2570466697216034,-2.5791659355163574,-3.525951862335205,-4.613890171051025,16.11809539794922,0.13261675834655762,-0.057694513350725174,0.1161450520157814
-0.17009702324867249,0.015768492594361305,-1.8985406160354614,0.7531276941299438,0.6247676610946655,-0.14553587138652802,0.14588822424411774,-2.0650486946105957,-2.632213592529297,-3.304499864578247,16.11809539794922,-0.8617749810218811,-1.0086356401443481,-0.7994552850723267
-0.11929762363433838,0.06459668278694153,-2.061039686203003,0.696229875087738,-0.3903016746044159,-0.5259894132614136,-0.29370686411857605,-1.8397413492202759,-3.1925580501556396,-3.53962779045105,1.7161844968795776,-0.7197269201278687,-0.9648414254188538,-0.8346787691116333
0.03482101485133171,0.2998223304748535,-2.2105958461761475,0.5392801761627197,0.7901949882507324,0.2789582908153534,0.08337291330099106,-2.582430124282837,-3.064669370651245,-3.7171852588653564,16.11809539794922,-1.2184789180755615,-1.4307490587234497,-1.3894269466400146
-0.05018782615661621,0.28095778822898865,-2.060438394546509,0.7736337184906006,-0.11431210488080978,-0.6223340034484863,-0.03352639451622963,-2.4629688262939453,-3.022932291030884,-4.251951694488525,16.11809539794922,0.3941234350204468,-0.010793502442538738,-0.12732794880867004
-0.003514447482302785,0.17277118563652039,-1.9459679126739502,0.8026487231254578,-0.09757296741008759,-0.5738974213600159,-0.12990884482860565,-1.9920188188552856,-2.858595609664917,-3.3774006366729736,16.11809539794922,0.22201505303382874,-0.21353308856487274,-0.395346075296402
0.05018579214811325,0.34019139409065247,-2.4156816005706787,0.9444478750228882,0.19398701190948486,0.09780751168727875,0.24661894142627716,-2.8836302757263184,-3.134740114212036,-4.244814395904541,16.11809539794922,0.13930867612361908,-0.18870864808559418,-0.2032647579908371
0.02633882686495781,0.3665340840816498,-2.3604915142059326,0.5085250735282898,-0.06942093372344971,-0.5235097408294678,-0.6800886392593384,-2.9419302940368652,-3.2689621448516846,-3.7587344646453857,16.11809539794922,0.684252917766571,0.6227819919586182,0.7327338457107544
-0.004571756813675165,0.32991907000541687,-2.0181455612182617,0.7274409532546997,-0.1939910501241684,-0.6010278463363647,-0.2682584822177887,-2.5256197452545166,-2.58555006980896,-3.5879647731781006,16.11809539794922,0.11408538371324539,-0.15854725241661072,-0.14652448892593384
0.03066427633166313,0.433149516582489,-2.1450774669647217,0.5834910869598389,0.6428908109664917,0.40398380160331726,0.288143515586853,-2.6963400840759277,-3.259662389755249,-3.706770181655884,16.11809539794922,0.05980813503265381,-0.18659617006778717,-0.1361302137374878
0.03441016748547554,0.4708881974220276,-2.0397000312805176,0.7731003761291504,-0.37310197949409485,-0.512874186038971,0.008411744609475136,-2.698521137237549,-3.454582691192627,-5.17061185836792,16.11809539794922,-0.3249523937702179,-0.504475474357605,-0.34113121032714844
-4.371513843536377,1.32169771194458,-2.863154649734497,-0.560570478439331,0.7645630240440369,0.13755059242248535,-0.2868517339229584,-10,-4.247522830963135,-2.707350730895996,0.5719616413116455,0.7576371431350708,1.271996259689331,0.8688499331474304
-4.500715255737305,1.4379174709320068,-2.6738779544830322,0.3716316819190979,0.7087549567222595,0.20471206307411194,0.5636038184165955,-2.068220376968384,-2.772047758102417,-3.3085429668426514,1.2375777959823608,-0.9359855651855469,-0.7114347815513611,-0.8497249484062195
-4.549064636230469,1.403577208518982,-2.6208176612854004,0.8552529215812683,-0.5038913488388062,0.05875276401638985,-0.10575497150421143,-3.163010358810425,-2.221891403198242,-10,5.537334442138672,-0.35449081659317017,-0.09036041796207428,-0.29888439178466797
-4.4465107917785645,1.5658674240112305,-2.672405958175659,0.9172857999801636,0.2400737702846527,-0.3165794909000397,0.02699659764766693,-2.3563272953033447,-3.529538869857788,-3.9519309997558594,0.31483033299446106,0.549980103969574,1.0577057600021362,0.7260696887969971
-4.51289176940918,1.6129992008209229,-2.6314103603363037,-0.1786850392818451,0.8793989419937134,0.4410107135772705,-0.015451519750058651,-2.6133873462677,-3.151721954345703,-4.545205593109131,-0.4614609479904175,0.7570921778678894,1.2397663593292236,0.9623017311096191
-4.384830474853516,1.521278977394104,-2.5554683208465576,-0.32555943727493286,0.8738606572151184,-0.13755059242248535,-0.33385393023490906,-2.6141960620880127,-10,-3.7583975791931152,5.537334442138672,-0.39619559049606323,-0.09036041796207428,-0.2849828004837036
-4.42275333404541,1.502867341041565,-2.4290456771850586,0.4810088574886322,0.03527086228132248,0.4888371527194977,0.7269282341003418,-1.9889696836471558,-2.534773349761963,-3.067542791366577,1.7100505828857422,0.15872062742710114,0.4649427831172943,0.25520190596580505
-4.384830474853516,1.51360285282135,-2.401625156402588,0.7862783670425415,-0.5757770538330078,0.22326049208641052,-0.02004506066441536,-3.9630424976348877,-2.6887362003326416,-10,5.537334442138672,0.5074083209037781,0.9383578896522522,0.5769163370132446
-0.13675031065940857,1.8029375076293945,-1.9445607662200928,-0.4897997975349426,0.44148537516593933,0.7516453862190247,-0.014697969891130924,-2.098560094833374,-3.1368484497070312,-3.617666244506836,-1.1133301258087158,0.005998142529278994,-0.08356364816427231,0.1253640353679657
-0.15839391946792603,1.8375078439712524,-2.0393285751342773,0.9656022787094116,-0.18540318310260773,-0.03237677365541458,0.1794147491455078,-2.492164373397827,-2.9182088375091553,-3.941035747528076,-0.5834981799125671,-0.03946749120950699,-0.23997445404529572,-0.2620900869369507
-0.2296171486377716,2.317845582962036,-2.1716055870056152,0.8605379462242126,0.059375278651714325,-0.5059112906455994,0.0016611081082373857,-1.5983070135116577,-2.2292401790618896,-3.466136932373047,-2.557311773300171,0.25547292828559875,0.3750615417957306,0.5753030776977539
-0.16375762224197388,2.3206422328948975,-2.1742758750915527,0.9122908115386963,0.08414264023303986,-0.37433797121047974,0.1432359218597412,-1.6508052349090576,-2.471906900405884,-3.8135640621185303,-2.791564464569092,1.4091984033584595,1.1257833242416382,1.328719139099121
-0.04455266520380974,2.4947478771209717,-2.157170534133911,0.9408571720123291,-0.3338131308555603,-0.05323149636387825,0.022868819534778595,-1.5799459218978882,-2.9899747371673584,-3.413245916366577,-1.1314384937286377,-0.08246152848005295,-0.08508757501840591,0.048264626413583755
-0.26125630736351013,2.58638334274292,-2.031038284301758,0.8974789381027222,0.33623620867729187,-0.2485862523317337,0.14029118418693542,-1.6227751970291138,-3.397878885269165,-4.427422523498535,-0.40440675616264343,-0.5378028750419617,-0.5522778630256653,-0.31983456015586853
-0.3589639961719513,2.653304100036621,-2.075423002243042,0.0792238637804985,0.5341090559959412,0.6999492645263672,0.4674634635448456,-2.158327341079712,-3.2610626220703125,-4.130631923675537,-0.24793276190757751,-1.0777955055236816,-1.0228700637817383,-0.9267706274986267
-0.35221272706985474,2.4296295642852783,-2.1443121433258057,0.8036067485809326,-0.5052737593650818,0.05875276401638985,0.3089704215526581,-2.950441360473633,-10,-2.707350730895996,-1.9061697721481323,-0.7715387940406799,-0.7715387940406799,-0.45180198550224304
0.012473289854824543,2.5018491744995117,-2.2101776599884033,-0.33465611934661865,0.7862829566001892,0.29161199927330017,0.42979857325553894,-2.51528263092041,-3.06888747215271,-5.203380584716797,-0.3190549314022064,-0.8258443474769592,-0.8445841670036316,-0.6519339680671692
-4.104342460632324,0.015727002173662186,-1.178399682044983,-0.2886807918548584,0.34353163838386536,0.5632619857788086,0.6938194036483765,-0.7902315258979797,-1.3586963415145874,-2.4387223720550537,-2.585411310195923,1.673736572265625,1.496183156967163,1.530327320098877
-4.355216979980469,0.6648595929145813,-1.8324068784713745,0.5745190382003784,0.7857986092567444,0.01680196449160576,-0.22839893400669098,-2.0384044647216797,-2.869248390197754,-3.4332399368286133,16.11809539794922,-1.0308383703231812,-1.012539029121399,-1.1168419122695923
-4.333784580230713,0.5822237133979797,-1.765830636024475,0.7257967591285706,-0.5370693802833557,0.40435725450515747,0.14584510028362274,-2.8035757541656494,-3.859804391860962,-10,5.537334442138672,0.2710811495780945,0.47960513830184937,0.3266875445842743
-3.8731348514556885,-0.008528112433850765,-1.0865827798843384,0.6661200523376465,0.6996603608131409,0.1404665857553482,-0.2168608158826828,-1.1001893281936646,-3.166369676589966,-3.4707448482513428,-1.4510059356689453,0.15680278837680817,-0.006792148109525442,-0.05870820954442024
-3.6172425746917725,0.017003118991851807,-1.1371891498565674,0.6998636722564697,0.6708491444587708,-0.1835002303123474,0.1627264767885208,-2.5314371585845947,-2.7686927318573,-4.250643253326416,16.11809539794922,1.155606985092163,1.134521484375,1.1718244552612305
-3.601088285446167,0.025810852646827698,-0.989348292350769,-0.07634444534778595,0.43667784333229065,0.45743486285209656,0.7708678841590881,-1.985958456993103,-2.915273427963257,-3.2831485271453857,-0.7929945588111877,1.7048126459121704,1.6386570930480957,1.6825412511825562
-4.424231052398682,0.6824634075164795,-1.6703029870986938,0.2623271048069,0.7281618714332581,0.5867694616317749,-0.2380470186471939,-1.0898101329803467,-2.3997483253479004,-3.259392499923706,-1.2299928665161133,0.2739294767379761,0.5885520577430725,0.35730090737342834
-4.374024868011475,0.13599275052547455,-0.8288454413414001,0.8138639330863953,0.13486897945404053,-0.4684702157974243,-0.3161826729774475,-1.1425650119781494,-2.296937942504883,-2.990969181060791,-1.617353081703186,1.25478994846344,1.1322288513183594,1.062633991241455
-4.241459846496582,0.791212260723114,-1.8337441682815552,0.38805443048477173,0.21536727249622345,0.5079647302627563,0.7382428646087646,-2.07403302192688,-2.611096143722534,-3.4157068729400635,-1.4911866188049316,0.9352612495422363,1.4165315628051758,0.9726108312606812
-4.495705604553223,1.0394114255905151,-1.9480680227279663,0.08674930781126022,0.579177975654602,0.7752892374992371,-0.2365460991859436,-1.7004324197769165,-3.0636587142944336,-3.623901844024658,0.34779301285743713,-1.6219637393951416,-1.5985368490219116,-1.6219637393951416
-4.446972846984863,1.076059341430664,-1.7944209575653076,-0.4181814193725586,0.8872191309928894,-0.1527571827173233,-0.12096156924962997,-2.880873441696167,-10,-3.6937177181243896,5.537334442138672,-0.11816361546516418,0.15986835956573486,-0.006950825918465853
-4.466799259185791,1.1511375904083252,-1.8001190423965454,-0.3880714178085327,0.7103284001350403,0.2306845486164093,0.5400173664093018,-2.116685628890991,-2.5978381633758545,-3.3527920246124268,0.9067262411117554,0.43864768743515015,0.8014482855796814,0.5290247797966003
-4.522492408752441,0.9037126302719116,-1.3302565813064575,0.4230986535549164,0.5127179622650146,0.4466593563556671,0.5988348722457886,-2.276024341583252,-2.7446794509887695,-3.4039344787597656,-0.172882080078125,0.6468536853790283,0.763533890247345,0.5917019844055176
-4.439703941345215,1.3262578248977661,-1.150041937828064,-0.17104825377464294,0.680279016494751,0.708532452583313,-0.07710195332765579,-2.1304032802581787,-2.7441458702087402,-3.038083791732788,-0.5290501117706299,-0.6033512353897095,-0.3952579200267792,-0.5638376474380493
-4.3207502365112305,1.3052687644958496,-1.1954551935195923,0.7965114712715149,0.5108287930488586,-0.323417603969574,0.00494586955755949,-2.7523422241210938,-2.8923935890197754,-4.189966678619385,2.1596343517303467,0.3641289472579956,0.6483200788497925,0.40917712450027466
-4.521040439605713,0.07689709961414337,-0.828714907169342,0.576943039894104,-0.16088800132274628,-0.7939966917037964,-0.10402444750070572,-2.0402939319610596,-2.817572593688965,-3.580148696899414,-0.37190335988998413,-0.8507019281387329,-0.999849796295166,-1.0547559261322021
-4.393139362335205,0.1448361724615097,-0.6948769688606262,0.5577846765518188,-0.6384629011154175,-0.13375219702720642,-0.5131780505180359,-1.4134804010391235,-2.4433035850524902,-2.7959256172180176,-1.4839218854904175,0.4689011871814728,0.46332359313964844,0.31092822551727295
-4.435876369476318,0.33658525347709656,-0.9789159297943115,-0.4720957279205322,0.8157668709754944,0.26888027787208557,-0.19837696850299835,-10,-1.9053865671157837,-1.7250258922576904,-1.2909841537475586,0.98006272315979,0.9661611318588257,0.8688499331474304
-2.026125431060791,0.029421338811516762,-0.28635531663894653,0.8689696192741394,0.48180168867111206,-0.09695993363857269,0.057945843786001205,-1.6915578842163086,-2.804086208343506,-3.505406141281128,0.4317225515842438,-1.0887068510055542,-1.2236837148666382,-1.110451340675354
-2.240363121032715,0.04570112004876137,-0.340486079454422,0.9773063659667969,0.11971749365329742,0.17347604036331177,-0.021119672805070877,-1.9154118299484253,-2.3215157985687256,-3.1010067462921143,-1.085308313369751,-0.3889257609844208,-0.5379324555397034,-0.4663379192352295
-2.2725319862365723,0.09511417895555496,-0.2676296532154083,0.5576705932617188,0.7884633541107178,0.2462507039308548,-0.08179031312465668,-2.0078635215759277,-3.448503017425537,-3.869906425476074,16.11809539794922,-1.1065422296524048,-1.233432412147522,-1.1625486612319946
-2.105771064758301,0.045421525835990906,0.09496569633483887,0.923692524433136,0.16652235388755798,-0.327607661485672,0.10833120346069336,-1.8728879690170288,-2.3383936882019043,-3.512171983718872,-0.36728066205978394,-1.169495940208435,-1.3135497570037842,-1.150854468345642
-2.1648478507995605,0.12751038372516632,-0.031133057549595833,0.532487690448761,-0.4220897853374481,-0.6358915567398071,-0.3659767508506775,-1.8305230140686035,-2.2027127742767334,-3.8897831439971924,-1.702818751335144,0.9950888156890869,1.0945684909820557,1.1588959693908691
-1.4907557964324951,-0.02675493247807026,-1.488095998764038,0.6976127624511719,-0.6753111481666565,0.23017258942127228,-0.0656648501753807,-10,-2.609610080718994,-3.964564561843872,-0.2443457543849945,1.2580946683883667,1.1468819379806519,1.2024883031845093
-0.780648946762085,-0.0182334017008543,-1.7517004013061523,0.6113686561584473,-0.6129405498504639,-0.3445730209350586,-0.3630450665950775,-1.6618762016296387,-2.0907223224639893,-3.7094743251800537,-0.11399388313293457,0.7666598558425903,0.6497326493263245,0.631119966506958
-0.6718037724494934,0.01930227503180504,-1.8965293169021606,-0.6545748710632324,0.7334293723106384,-0.17625829577445984,-0.05045825615525246,-2.4518706798553467,-3.250532388687134,-10,0.5549968481063843,1.3276026248931885,1.188586711883545,1.1607835292816162
-0.9343109726905823,-0.012689739465713501,-1.4666036367416382,-0.3384804427623749,0.667663037776947,0.33984875679016113,0.5693504214286804,-1.654860496520996,-2.8524296283721924,-3.6548855304718018,-0.5352067947387695,1.7724539041519165,1.7055554389953613,1.6888307332992554
-0.8182830214500427,-0.03698986768722534,-1.621517539024353,0.827822208404541,-0.41126933693885803,0.08225386589765549,-0.37256163358688354,-2.7649266719818115,-10,-2.3313992023468018,-0.40546509623527527,1.2163898944854736,1.0634722709655762,1.021767497062683
0.012627358548343182,0.04567240551114082,-1.6615195274353027,0.6649123430252075,-0.4098871648311615,-0.44843602180480957,-0.43449878692626953,-2.157947540283203,-2.3539891242980957,-3.7880141735076904,2.9211373329162598,-1.0815578699111938,-1.2663103342056274,-1.0974643230438232
-0.2912583351135254,0.0036171560641378164,-1.507617473602295,-0.47800981998443604,0.5311465263366699,0.47798213362693787,0.5108063220977783,-2.0797829627990723,-2.4735350608825684,-3.366736888885498,0.8416805863380432,1.2260574102401733,1.0221350193023682,0.9847247004508972
0.23861278593540192,0.07480137795209885,-1.6929700374603271,0.45778265595436096,0.8646234273910522,0.19133536517620087,0.07907067984342575,-1.662360668182373,-2.520026922225952,-2.8403069972991943,4.111311435699463,-0.652373194694519,-0.9493067860603333,-0.9210519194602966
-0.27939754724502563,0.06176583468914032,-1.2467654943466187,-0.30813470482826233,0.23129990696907043,0.7006438374519348,0.6005427241325378,-1.750667691230774,-2.1808202266693115,-3.267061710357666,1.6768487691879272,1.7174053192138672,1.6878591775894165,1.668161153793335
-0.015476771630346775,0.046054642647504807,-1.456803560256958,0.6589297652244568,-0.5287874341011047,-0.46792837977409363,-0.2593037784099579,-1.918036937713623,-2.8169896602630615,-4.0811614990234375,-0.01065832655876875,0.41691651940345764,0.3577895164489746,0.42454931139945984
-0.045937955379486084,-0.019078731536865234,-1.5248550176620483,0.850774347782135,-0.5052737593650818,0.0034560449421405792,0.1444626748561859,-10,-2.427619695663452,-2.707350730895996,1.8718022108078003,-0.29888439178466797,-0.39619559049606323,-0.27108120918273926
-0.00598907470703125,0.42358219623565674,-1.986384630203247,-0.6158671975135803,0.7324803471565247,-0.2868517339229584,0.0435461662709713,-10,-3.0368916988372803,-3.835204839706421,5.537334442138672,-0.2015732079744339,-0.45180198550224304,-0.3405891954898834
-0.00598907470703125,0.38008373975753784,-1.9237581491470337,-0.5743946433067322,0.7235499024391174,-0.3794737160205841,0.05045825615525246,-10,-2.7995128631591797,-4.417323112487793,1.4360558986663818,-0.41009721159935,-0.6047195792198181,-0.5074083805084229
-0.8848644495010376,-0.0037263287231326103,-1.4486141204833984,0.9159076809883118,-0.35044294595718384,0.1527571827173233,-0.1223439872264862,-2.6141960620880127,-2.862813949584961,-10,-0.40546509623527527,1.4249138832092285,1.2024883031845093,1.2024883031845093
-0.7612447738647461,0.012394069693982601,-1.251934289932251,0.7749329805374146,0.6168054342269897,-0.03553951904177666,0.13329246640205383,-1.41869056224823,-3.2129597663879395,-3.9444375038146973,-1.5208027362823486,-0.49521613121032715,-0.7912420630455017,-0.8440930843353271
-1.0267513990402222,0.007205659989267588,-1.10908842086792,0.5753107070922852,-0.25421690940856934,-0.7499616146087646,-0.20481427013874054,-1.7100855112075806,-2.6113836765289307,-3.398897886276245,-0.681616485118866,-0.005514783784747124,-0.18259558081626892,-0.12513801455497742
-0.6253584623336792,0.0032630031928420067,-1.335334062576294,0.6454911828041077,0.6578531861305237,-0.16674424707889557,0.35038065910339355,-2.1730024814605713,-2.371358871459961,-2.990015983581543,-0.16036882996559143,1.7087103128433228,1.4401801824569702,1.4328340291976929
-0.578589677810669,-0.008843796327710152,-1.1994699239730835,-0.6490452289581299,0.7588098645210266,-0.05045825615525246,0.02004506066441536,-3.7582032680511475,-2.9182024002075195,-10,5.537334442138672,-1.2719963788986206,-1.3971107006072998,-1.2024883031845093
-0.8383468389511108,0.0020058355294167995,-0.982204258441925,0.9921560883522034,-0.1235569566488266,0.018965009599924088,0.0005941448034718633,-2.172393321990967,-2.8153951168060303,-3.682263135910034,1.7956910133361816,-0.464579313993454,-0.6206450462341309,-0.5609369874000549
-0.4126889705657959,-0.008305201306939125,-1.3665478229522705,0.60479336977005,0.7452170848846436,-0.10993815213441849,0.2584378123283386,-2.115671396255493,-3.2049193382263184,-4.312116622924805,1.3263962268829346,0.8307947516441345,0.6388239860534668,0.5694282650947571
-0.030916981399059296,0.031015751883387566,-1.4690102338790894,0.6522880792617798,0.7243136167526245,0.1986401379108429,0.10213795304298401,-2.3015148639678955,-3.3439579010009766,-3.6579043865203857,16.11809539794922,-0.17354491353034973,-0.2994956970214844,-0.20369507372379303
-0.3129616677761078,-0.01084929145872593,-1.1107844114303589,-0.43422064185142517,0.15795977413654327,0.8558199405670166,0.23253682255744934,-1.8177506923675537,-2.548017978668213,-3.1358373165130615,2.297405242919922,0.9981562495231628,0.9158997535705566,0.8041279315948486
0.02721475623548031,0.032146893441677094,-1.1635128259658813,0.8406071066856384,0.530122697353363,-0.07061731815338135,-0.08580640703439713,-1.7860488891601562,-2.420621156692505,-2.896778106689453,16.11809539794922,1.6537269353866577,1.2521700859069824,1.1735239028930664
-0.4457645118236542,0.04980020597577095,-0.9763900637626648,0.5304637551307678,-0.3606908917427063,-0.5957217216491699,-0.4833486080169678,-1.928659439086914,-2.746027946472168,-3.1142828464508057,0.8191607594490051,-0.15916544198989868,-0.3171384334564209,-0.21724443137645721
-0.24568235874176025,0.0824614018201828,-1.2298102378845215,-0.6324561834335327,0.656632125377655,-0.30205830931663513,-0.2785572111606598,-2.783106803894043,-10,-3.050381898880005,1.2679531574249268,1.7724539041519165,1.6473394632339478,1.7724539041519165
0.050811443477869034,0.0917048528790474,-1.2305328845977783,-0.4395807087421417,0.41004154086112976,0.6633253693580627,0.445684015750885,-1.4685025215148926,-2.6875391006469727,-3.475620746612549,0.694892406463623,1.0840065479278564,0.882269561290741,0.863395631313324
-0.0070881107822060585,0.15691322088241577,-0.8552011847496033,0.5600781440734863,-0.6428564190864563,-0.45601141452789307,-0.25515037775039673,-1.8447532653808594,-2.513146162033081,-3.524096965789795,16.11809539794922,1.7045611143112183,1.5687501430511475,1.542669415473938
-1.298332691192627,0.02239120751619339,-0.6573101878166199,0.6569668054580688,0.7382168173789978,0.14238090813159943,-0.05619833618402481,-1.5719844102859497,-2.909249782562256,-3.9077134132385254,-1.1547220945358276,-0.3525794446468353,-0.45574986934661865,-0.32898053526878357
-1.2949336767196655,0.12348061800003052,-0.32874783873558044,0.7105060815811157,-0.5065044164657593,-0.4190734922885895,-0.2510215938091278,-2.132174015045166,-2.9534173011779785,-3.4846670627593994,1.3326348066329956,-0.4484803378582001,-0.6382378339767456,-0.44972822070121765
-1.2572202682495117,0.10773205757141113,-0.4458114206790924,0.843390166759491,0.49414846301078796,-0.20545852184295654,-0.047928035259246826,-1.945633053779602,-2.3765969276428223,-3.345139503479004,0.4384322464466095,0.5677254796028137,0.44828131794929504,0.5126690864562988
-1.0827412605285645,0.05888603255152702,-0.41663026809692383,0.6004667282104492,-0.6952105760574341,-0.2671167552471161,-0.2911539375782013,-1.7203636169433594,-2.660149574279785,-3.495164394378662,0.5238959789276123,-1.1333602666854858,-1.2256309986114502,-0.8924761414527893
-1.1859214305877686,0.12615126371383667,-0.38308849930763245,0.7664662003517151,0.5124061107635498,-0.37605738639831543,-0.09246832877397537,-2.1410369873046875,-2.3893134593963623,-3.907029151916504,-0.12696367502212524,1.7724539041519165,1.7724539041519165,1.7094863653182983
-1.4448353052139282,0.06559207290410995,-0.40574559569358826,0.9211678504943848,0.1734258085489273,0.3385522663593292,0.08219295740127563,-2.0299925804138184,-3.0386810302734375,-3.7895891666412354,16.11809539794922,-0.5067400932312012,-0.650297224521637,-0.42964327335357666
-1.6918630599975586,0.13419291377067566,-0.20199832320213318,0.8621951341629028,0.3785870373249054,-0.2837390601634979,0.18106235563755035,-1.4858050346374512,-2.973816394805908,-3.244523525238037,3.1462104320526123,-1.4604244232177734,-1.5153131484985352,-1.4389042854309082
-1.9551783800125122,0.047868512570858,-0.0983460545539856,0.6540486812591553,-0.17310084402561188,-0.5835792422294617,-0.44910094141960144,-1.5551365613937378,-2.342046022415161,-3.5060689449310303,0.03787510097026825,0.05849273130297661,-0.11675838381052017,-0.019002314656972885
-1.5837713479995728,0.20483575761318207,-0.33650678396224976,0.5544649958610535,0.8093708157539368,0.19334787130355835,-0.01020178571343422,-2.205251693725586,-2.8545892238616943,-3.558757781982422,0.6704801321029663,-0.42431721091270447,-0.5398188233375549,-0.3063710033893585
-1.4976260662078857,0.1339973509311676,-0.2009098082780838,0.6536647081375122,0.6318268775939941,0.4165254235267639,-0.00488221226260066,-2.149911880493164,-2.51971435546875,-3.3622288703918457,4.01694917678833,-1.7102113962173462,-1.7304401397705078,-1.6048729419708252
-1.3065470457077026,0.038404300808906555,-0.1507321149110794,0.71567302942276,-0.6227793097496033,-0.3089704215526581,-0.06704726815223694,-2.4071462154388428,-10,-3.086204767227173,5.537334442138672,-0.39619559049606323,-0.5908179879188538,-0.7020307779312134
-1.2172898054122925,0.06229415535926819,-0.037442438304424286,0.9503025412559509,0.23746949434280396,0.16087409853935242,0.12104903906583786,-1.9822497367858887,-2.8160741329193115,-3.4114487171173096,3.6159350872039795,-1.7324706315994263,-1.7724539041519165,-1.6950709819793701
-1.5019396543502808,0.14456121623516083,0.015113106928765774,0.6898513436317444,-0.21747314929962158,-0.47765055298805237,-0.4986587166786194,-1.79542875289917,-2.3372137546539307,-4.0238518714904785,1.3971043825149536,-0.8671154379844666,-0.9269588589668274,-0.660999596118927
-1.5573372840881348,0.24326981604099274,-0.1300940066576004,0.6755084991455078,-0.6048078536987305,-0.3628847002983093,-0.21496598422527313,-2.9303903579711914,-3.855548620223999,-10,1.6524039506912231,1.1607835292816162,1.2024883031845093,1.3971107006072998
-0.9359102845191956,0.12211279571056366,-0.9615148901939392,-0.5992781519889832,0.6310487985610962,0.2315549999475479,-0.4347704350948334,-3.445882797241211,-10,-2.783701181411743,0.22843924164772034,0.13206516206264496,-0.27108120918273926,-0.35449081659317017
-0.967952311038971,0.10795379430055618,-0.7348493337631226,0.7132344245910645,-0.30014878511428833,-0.5113381147384644,-0.3738190233707428,-2.262517213821411,-3.022914171218872,-3.9847521781921387,16.11809539794922,-0.8116704821586609,-0.9915459752082825,-0.7643582224845886
-0.8347068428993225,0.10814685374498367,-0.8728848695755005,-0.18228112161159515,0.5833519101142883,0.578723669052124,0.5399565696716309,-2.068086624145508,-2.5386860370635986,-3.493337392807007,-1.3415892124176025,0.9280602335929871,0.780418336391449,0.743808925151825
-0.7406655550003052,0.18704618513584137,-0.7666234374046326,-0.12710019946098328,0.8398519158363342,0.39781513810157776,0.34675270318984985,-2.058579921722412,-2.910327196121216,-3.5285565853118896,-0.3423856496810913,-0.6700548529624939,-0.8096798658370972,-0.6665667295455933
-0.6371777653694153,0.17515286803245544,-0.85808265209198,0.9477059245109558,0.29488104581832886,0.12204479426145554,-0.0019409289816394448,-1.8497787714004517,-2.2818443775177,-2.659248113632202,-0.6560943126678467,1.7361036539077759,1.7471555471420288,1.7724539041519165
-0.5680164098739624,0.08426281809806824,-0.8067741394042969,-0.34507009387016296,0.7278487086296082,0.5901658535003662,-0.05354584380984306,-2.259110689163208,-2.8060555458068848,-3.257185697555542,1.911638855934143,0.3093591332435608,0.26415643095970154,0.4022740125656128
-0.6702694892883301,0.09193111211061478,-0.5393009185791016,0.720609724521637,-0.5082657933235168,-0.4193932116031647,-0.21563121676445007,-1.6855568885803223,-2.6100220680236816,-3.424335479736328,1.356006145477295,-1.4241547584533691,-1.5177699327468872,-1.4050116539001465
-0.5943635702133179,0.2884613573551178,-0.7113782167434692,0.6802330017089844,0.681442379951477,-0.09980257600545883,0.25091588497161865,-2.4452996253967285,-3.292675018310547,-3.480595827102661,16.11809539794922,1.2370864152908325,1.281114101409912,1.431150197982788
-0.37884530425071716,0.038404300808906555,-0.8013238310813904,-0.6296913623809814,0.6539899706840515,0.13755059242248535,-0.3960627317428589,-3.3683650493621826,-3.587064504623413,-10,5.537334442138672,-0.9939643740653992,-1.2163898944854736,-1.0912755727767944
-0.32560619711875916,0.1697182059288025,-0.7123380899429321,-0.23142839968204498,0.45835909247398376,0.769000232219696,0.38077089190483093,-1.9240835905075073,-3.162116765975952,-3.478156328201294,-0.6223679780960083,1.7724539041519165,1.7045499086380005,1.641227126121521
-0.26904767751693726,0.11116722971200943,-0.8015385270118713,0.7123191356658936,0.6034911870956421,0.153437077999115,-0.32381612062454224,-1.904099464416504,-2.580495595932007,-2.6830761432647705,0.960722029209137,0.790753960609436,0.6054254174232483,0.5362284779548645
0.019483953714370728,0.0815991684794426,-0.7671579718589783,-0.2524601221084595,0.383232057094574,0.6329669952392578,0.6234980821609497,-1.4747027158737183,-2.2657387256622314,-2.7604362964630127,16.11809539794922,1.4115893840789795,1.1410483121871948,1.0864619016647339
-0.05034048482775688,0.1646290421485901,-0.7208144664764404,0.6755650639533997,-0.44207873940467834,-0.5669671297073364,-0.1634824275970459,-2.6343424320220947,-2.896714687347412,-4.698426246643066,16.11809539794922,-0.18269996345043182,-0.1725548952817917,-0.03184280917048454
-0.08982415497303009,0.1562885195016861,-0.5283977389335632,-0.3104669451713562,0.6975609660148621,0.5519115328788757,0.33528003096580505,-2.15085506439209,-2.754178524017334,-3.309133529663086,1.0984911918640137,1.7724539041519165,1.727038860321045,1.6468420028686523
-0.4582306146621704,0.23767372965812683,-0.6751408576965332,0.6493980288505554,0.7343685030937195,0.030907215550541878,-0.19501227140426636,-2.223215103149414,-2.7707679271698,-3.24389386177063,1.2657992839813232,-0.0341646671295166,-0.23355142772197723,-0.25148364901542664
0.12426852434873581,0.2815396189689636,-0.529271125793457,0.8028544187545776,0.5276530981063843,0.2772647440433502,-0.011457753367722034,-2.379936695098877,-2.706228733062744,-4.175628662109375,16.11809539794922,-0.867464542388916,-1.190359354019165,-1.0818779468536377
-0.4015316367149353,0.034244973212480545,-0.24657577276229858,0.6847426891326904,0.7192701101303101,0.05366948992013931,-0.1043912023305893,-1.4628890752792358,-1.9175984859466553,-2.469729423522949,2.368124485015869,1.736264944076538,1.6573975086212158,1.6191539764404297
-0.7534773945808411,0.0359899178147316,0.04389297962188721,0.8934234380722046,-0.29934126138687134,-0.29580771923065186,-0.15712164342403412,-1.6645344495773315,-1.8777650594711304,-3.31988263130188,2.2687337398529053,0.1896844357252121,0.08939140290021896,0.07547006011009216
-0.8639078736305237,0.07232197374105453,-0.005134338513016701,0.9714776873588562,-0.12463176995515823,0.1822921186685562,0.08641517907381058,-2.3382046222686768,-2.5469419956207275,-2.9208786487579346,16.11809539794922,-0.4044831395149231,-0.6853138208389282,-0.6550203561782837
-1.0503876209259033,0.1411372572183609,0.09448721259832382,0.7925770282745361,0.5762381553649902,0.1755269467830658,-0.09466509521007538,-1.898490309715271,-2.3506698608398438,-3.2535388469696045,1.5824311971664429,-1.4417009353637695,-1.5114939212799072,-1.3149664402008057
-0.5221651792526245,0.23705220222473145,0.8075420260429382,0.4035099148750305,0.783632755279541,0.31839457154273987,0.3488902449607849,-1.3810017108917236,-1.5781488418579102,-2.082102060317993,2.1249890327453613,-1.0875959396362305,-1.3570138216018677,-1.274107575416565
-0.04101355001330376,0.20919661223888397,-0.3547709286212921,-0.36889931559562683,0.3085936903953552,0.7112206816673279,0.5126873850822449,-1.9432686567306519,-2.6593213081359863,-3.1611645221710205,0.5295493602752686,-0.07435959577560425,-0.26924264430999756,-0.21599727869033813
-0.053521886467933655,0.16745896637439728,-0.054864268749952316,-0.35331201553344727,0.5568472146987915,0.19139094650745392,0.7269534468650818,-1.883451223373413,-2.436119794845581,-2.8686721324920654,0.25251325964927673,0.5415745377540588,0.48963963985443115,0.5387344360351562
0.33703935146331787,0.03737476468086243,-0.2163572907447815,0.29035499691963196,0.8719930052757263,-0.30476635694503784,0.24987925589084625,-1.5407289266586304,-1.963578224182129,-2.0487349033355713,2.923398971557617,1.6080621480941772,1.0996321439743042,1.0504924058914185
-0.5331825017929077,0.15243448317050934,-0.03340047970414162,-0.46195217967033386,0.4983060359954834,0.6301887631416321,0.3757038712501526,-1.7545487880706787,-2.8153836727142334,-3.2801387310028076,-0.12156019359827042,0.1182866245508194,-0.013235431164503098,0.06408645212650299
-0.33889642357826233,0.1683727502822876,-0.07407627999782562,-0.5992781519889832,0.7391654849052429,-0.11404947936534882,-0.28546929359436035,-4.011761665344238,-2.574495792388916,-7.010788440704346,2.3599960803985596,-1.7446507215499878,-1.7724539041519165,-1.7724539041519165
0.007515204604715109,0.29416921734809875,-0.1621687412261963,0.5540317296981812,-0.3985781967639923,-0.5538803935050964,-0.4768655598163605,-2.3119826316833496,-2.409367561340332,-3.8535258769989014,16.11809539794922,1.6108176708221436,1.5864945650100708,1.5978178977966309
-0.885181188583374,1.4330023527145386,-0.03986338898539543,0.9189233779907227,0.3751170039176941,-0.027170449495315552,-0.11886459589004517,-1.8653185367584229,-2.5283255577087402,-2.8716418743133545,-0.12016477435827255,-0.9015642404556274,-0.8181207180023193,-1.014727234840393
-4.510526180267334,1.4508514404296875,-1.1880643367767334,0.660427451133728,-0.29747799038887024,-0.6690418720245361,-0.1665094643831253,-2.2333362102508545,-2.4070358276367188,-3.7455098628997803,-0.603961706161499,0.17447596788406372,0.5383962392807007,0.20164963603019714
-4.535748481750488,1.3777401447296143,-1.1108955144882202,0.732185423374176,-0.5370693802833557,-0.2315549999475479,-0.3490605354309082,-2.244359254837036,-3.188173770904541,-10,5.537334442138672,-0.5074083805084229,-0.2849828004837036,-0.5491132140159607
-4.535748481750488,1.5429543256759644,-1.1393957138061523,0.8804968595504761,-0.35597261786460876,0.3089704215526581,0.05045825615525246,-3.0001564025878906,-3.855548620223999,-10,5.537334442138672,0.3822939395904541,0.6186211109161377,0.2710811495780945
-4.504443645477295,1.4301457405090332,-0.9619767069816589,0.5721657276153564,-0.4435943067073822,-0.48935097455978394,-0.48619553446769714,-2.4127726554870605,-3.9420008659362793,-3.9858627319335938,-0.33464738726615906,-1.4176093339920044,-1.2234739065170288,-1.5302830934524536
-4.411403179168701,1.5347926616668701,-0.9876999258995056,0.5375065803527832,-0.12454108148813248,-0.553045392036438,-0.6242731809616089,-2.1566548347473145,-2.894429922103882,-3.7033863067626953,-0.45631006360054016,-0.6958814859390259,-0.517487645149231,-0.7423650622367859
-4.245009422302246,1.6817342042922974,-1.1177748441696167,-0.4416825473308563,0.8396499156951904,0.3006758987903595,0.09746046364307404,-7.724856853485107,-3.4489870071411133,-4.061380386352539,5.537334442138672,0.6742275357246399,0.98006272315979,0.6186211109161377
-4.3514251708984375,1.556221842765808,-0.8957127928733826,0.6459648013114929,0.6857872009277344,0.3296792507171631,-0.061131224036216736,-1.9670432806015015,-2.888444185256958,-3.9411230087280273,-0.4255574941635132,0.23531322181224823,0.5096511244773865,0.1639389842748642
-4.404155731201172,1.8374829292297363,-0.621661901473999,0.9363750219345093,0.03890599310398102,-0.16472674906253815,0.3074951171875,-2.131787061691284,-3.6597378253936768,-4.151031017303467,-0.33283737301826477,0.02476860024034977,0.08857923746109009,-0.11831890046596527
0.05813963711261749,1.793570876121521,-1.9453991651535034,0.38789159059524536,0.8235185742378235,0.23817037045955658,0.3385736644268036,-2.2421834468841553,-2.8422036170959473,-3.7875235080718994,-1.3801510334014893,-0.4746049642562866,-0.5050268173217773,-0.5051174163818359
-0.15882427990436554,1.789936900138855,-1.878122329711914,0.4984285831451416,0.8084632754325867,0.043186720460653305,-0.3099854588508606,-1.8234171867370605,-3.1120924949645996,-3.605046033859253,-1.4202677011489868,0.5901569724082947,0.5281899571418762,0.8223019242286682
-0.036886826157569885,2.0747077465057373,-1.8666483163833618,0.6091098785400391,0.7266005277633667,0.23849181830883026,0.2101391702890396,-1.6937332153320312,-2.926222324371338,-4.010951519012451,-1.047813057899475,-0.966076672077179,-0.985446035861969,-1.1959558725357056
-0.09342226386070251,1.948341965675354,-1.6640949249267578,0.6241686344146729,-0.445742666721344,-0.6411544680595398,0.025453822687268257,-2.059401273727417,-4.1923980712890625,-4.687788486480713,0.4200296998023987,-0.892414927482605,-0.9429493546485901,-0.7628414630889893
-0.15673577785491943,1.9596524238586426,-1.6536518335342407,0.8910781741142273,-0.012256307527422905,-0.28866979479789734,-0.3499988615512848,-1.8535614013671875,-2.8599677085876465,-3.915846347808838,-1.0187171697616577,-1.1723014116287231,-1.1934317350387573,-1.1907883882522583
0.09777985513210297,1.7306463718414307,-0.8411844968795776,0.8357195854187012,0.21682646870613098,-0.3582403063774109,0.35527870059013367,-2.122807025909424,-3.318871259689331,-3.5033762454986572,-0.4420374035835266,-0.12357767671346664,0.0481577068567276,-0.29006427526474
0.15541401505470276,2.1029789447784424,-1.4095975160598755,0.5120019912719727,0.8228021264076233,-0.045375850051641464,0.24247002601623535,-1.8186453580856323,-2.162264823913574,-2.9080147743225098,-0.9358413219451904,-1.029341220855713,-1.061772108078003,-0.9952898025512695
-0.332917720079422,2.204275131225586,-1.780724048614502,0.8792089819908142,0.4698253870010376,0.044874172657728195,-0.06513085216283798,-1.7458715438842773,-3.350904941558838,-3.8557779788970947,-0.9519385099411011,-0.6562517881393433,-0.568894624710083,-0.674534261226654
-0.10161364078521729,2.096691846847534,-1.8094490766525269,0.9442395567893982,-0.3019503057003021,0.11499451845884323,0.06335587799549103,-2.136302947998047,-2.7501015663146973,-3.2524900436401367,-0.9851456880569458,0.05000486969947815,0.27732521295547485,0.06807607412338257
-0.09874751418828964,2.048293113708496,-1.7273733615875244,-0.4190640449523926,0.37229564785957336,0.8161277770996094,0.14041635394096375,-2.350958824157715,-3.109778881072998,-4.187167644500732,0.6954357028007507,-0.8028214573860168,-0.7304942607879639,-0.7658573389053345
-0.2723149359226227,2.1817822456359863,-1.773280382156372,-0.5578056573867798,0.6184675097465515,0.5343045592308044,-0.1444626748561859,-3.445882797241211,-10,-2.652351140975952,5.537334442138672,-0.688129186630249,-0.6603260040283203,-0.7715387940406799
-0.010679095983505249,2.0891952514648438,-1.5360157489776611,-0.4113478362560272,0.6387819051742554,0.2717812657356262,0.5906654000282288,-2.151550054550171,-2.9675045013427734,-2.991928815841675,0.4645439684391022,-0.37095141410827637,-0.3549821376800537,-0.2976449131965637
-0.3535464406013489,2.2524802684783936,-1.5073387622833252,0.551835834980011,0.756118893623352,-0.028389811515808105,0.3506500720977783,-2.0298304557800293,-3.228700876235962,-4.4409003257751465,0.011949088424444199,-1.1356594562530518,-1.1859314441680908,-1.0739436149597168
-0.2047024518251419,2.311142921447754,-1.3959769010543823,0.9511764049530029,0.30707457661628723,0.014072204940021038,0.02776016853749752,-1.847729206085205,-2.2435131072998047,-3.0415666103363037,-1.1632975339889526,-0.5132890343666077,-0.5115049481391907,-0.43344420194625854
-0.46614405512809753,2.6430461406707764,-1.518651008605957,-0.016015103086829185,0.8351701498031616,0.4909050762653351,0.24748049676418304,-1.9560961723327637,-2.5045742988586426,-4.3378143310546875,-0.9895347952842712,-1.1793339252471924,-1.3190571069717407,-1.201807975769043
-0.3523031771183014,2.422375440597534,-1.4756958484649658,0.5322550535202026,-0.16180750727653503,-0.746451735496521,-0.3651474416255951,-1.779085397720337,-2.182950258255005,-3.590695381164551,-1.676164150238037,-1.1870917081832886,-1.3105465173721313,-1.2082767486572266
0.04243873804807663,2.2351484298706055,-1.9231956005096436,0.9268386363983154,0.25112009048461914,-0.1659635454416275,-0.22442148625850677,-2.0690460205078125,-3.642731189727783,-3.9068431854248047,-0.3326241374015808,-0.33608219027519226,-0.1944965422153473,-0.42269062995910645
0.08117718249559402,2.346512794494629,-1.8559261560440063,-0.3700205385684967,0.668148934841156,0.40337231755256653,0.5039370656013489,-1.7000519037246704,-3.1171507835388184,-3.942124366760254,-0.8091188073158264,-0.5164550542831421,-0.4787440299987793,-0.4946862757205963
-0.08468659967184067,2.438337802886963,-1.6764004230499268,0.7834343314170837,-0.174973264336586,-0.5324386954307556,-0.268559068441391,-2.151087522506714,-3.255075693130493,-3.92091703414917,1.03028404712677,-1.2294474840164185,-1.2387717962265015,-1.211502194404602
-0.21165016293525696,2.053199529647827,-1.3172457218170166,0.7434864640235901,0.6134795546531677,0.11922034621238708,-0.23802779614925385,-2.003896713256836,-2.8473799228668213,-3.5230860710144043,-0.6762911081314087,-1.1928911209106445,-1.2195744514465332,-1.295396327972412
0.0053168428130447865,2.125532627105713,-1.2827948331832886,-0.11997956037521362,0.5804861187934875,0.5930495262145996,0.5449156165122986,-2.0265069007873535,-4.162252426147461,-4.4631757736206055,16.11809539794922,-1.1757488250732422,-1.2944108247756958,-1.294715404510498
-0.028868697583675385,2.2860498428344727,-1.0593528747558594,-0.3038041889667511,0.7896401286125183,0.4945101737976074,0.19907580316066742,-2.0330605506896973,-3.3885390758514404,-3.679715394973755,16.11809539794922,-1.580403208732605,-1.6258999109268188,-1.5821722745895386
-0.1922513097524643,2.535217046737671,-1.2287050485610962,0.5907752513885498,0.7019402980804443,0.07147698849439621,-0.3913508653640747,-1.7810832262039185,-2.795262575149536,-4.3845930099487305,-0.600273847579956,-1.398459553718567,-1.4853826761245728,-1.429934024810791
-0.05919140949845314,2.473435163497925,-1.1117656230926514,-0.39468032121658325,0.8709318041801453,0.24537917971611023,0.15966928005218506,-10,-2.3131070137023926,-2.2468419075012207,-1.0933903455734253,-0.5491132140159607,-0.4684293866157532,-0.3369366228580475
0.05802682414650917,2.386345148086548,-1.0655757188796997,0.3575156033039093,0.2644958794116974,0.32360202074050903,0.8351684212684631,-2.004185438156128,-2.3584582805633545,-3.0055205821990967,16.11809539794922,-1.3969146013259888,-1.5730440616607666,-1.5357533693313599
-0.006406362168490887,2.5498030185699463,-1.082120418548584,-0.36426714062690735,0.9039150476455688,-0.22326049208641052,0.02004506066441536,-10,-3.2533493041992188,-2.4695887565612793,0.9718605875968933,-0.7715387940406799,-0.7944355010986328,-0.8566928505897522
-0.024658191949129105,1.460641860961914,-0.8366273045539856,0.7321679592132568,-0.10162810236215591,-0.5860033631324768,-0.33196669816970825,-3.005708694458008,-3.229741096496582,-4.1479620933532715,16.11809539794922,-1.4279464483261108,-1.3322802782058716,-1.4747986793518066
-0.04510517790913582,1.4258685111999512,-0.7464232444763184,0.5271524786949158,-0.3182816207408905,-0.4320121705532074,-0.6589177250862122,-2.619528293609619,-2.776660442352295,-3.160719871520996,0.8452431559562683,-1.0465261936187744,-0.9777282476425171,-1.1606067419052124
-0.07069754600524902,1.5180312395095825,-0.8411609530448914,0.3220336139202118,0.460506409406662,0.7168495059013367,0.4127408564090729,-2.5821361541748047,-3.2120535373687744,-3.730530023574829,-0.407478392124176,-0.1633235216140747,0.04978495091199875,-0.24188145995140076
-0.11815235763788223,1.4820654392242432,-0.4766826629638672,0.5942428112030029,0.17793093621730804,-0.7613584399223328,0.18854542076587677,-1.9901365041732788,-2.8200347423553467,-3.221676826477051,-0.44280993938446045,-0.2909936308860779,-0.4002978801727295,-0.48350492119789124
0.1675509661436081,1.4633634090423584,-0.4758267104625702,0.9353781938552856,0.03316369280219078,-0.23909667134284973,-0.2584580183029175,-1.8504225015640259,-2.4227027893066406,-4.060579776763916,-1.5272139310836792,-0.22123858332633972,-0.17365792393684387,-0.18228565156459808
-0.5647751092910767,1.9545403718948364,-0.7923988699913025,0.9469817280769348,-0.0855310782790184,0.08426015079021454,-0.2980104386806488,-2.2704250812530518,-3.0283679962158203,-3.3947229385375977,-1.337167739868164,-0.02669612318277359,0.14482475817203522,-0.22719931602478027
-0.3434448540210724,1.9811241626739502,-0.7803860902786255,0.8686880469322205,0.4773772656917572,0.13142511248588562,-0.01481303945183754,-1.6670904159545898,-3.5190298557281494,-3.7432663440704346,-0.5274525880813599,-1.361233115196228,-1.4224263429641724,-1.4151209592819214
-0.5923649072647095,1.9320937395095825,-0.5215981602668762,0.14250190556049347,0.6434100866317749,0.4560142159461975,0.5981369018554688,-1.8693479299545288,-2.3959548473358154,-3.603660821914673,-0.9668417572975159,-0.670927107334137,-0.6142938733100891,-0.6236113905906677
-0.4527144730091095,1.7856321334838867,-0.7304328083992004,0.8986080884933472,0.42256560921669006,0.02171497233211994,0.116061270236969,-2.532083749771118,-3.000472068786621,-4.129758358001709,0.3871001899242401,-1.1376782655715942,-1.1093461513519287,-1.250103235244751
-0.5414261817932129,1.9146171808242798,-0.6905080676078796,0.5392376184463501,0.764417290687561,-0.26782533526420593,-0.23056147992610931,-2.0774056911468506,-2.848963737487793,-3.8666224479675293,0.2525778114795685,-1.1774005889892578,-1.1404290199279785,-1.2899365425109863
-0.08571051806211472,1.6740344762802124,-0.4586262106895447,0.35881346464157104,0.5090253949165344,0.7757130265235901,0.10205546766519547,-2.193842649459839,-3.1246278285980225,-3.515542507171631,0.6542949080467224,-1.694849967956543,-1.7724539041519165,-1.7724539041519165
-0.10409548133611679,1.7533425092697144,-0.5221034288406372,0.825648307800293,-0.3821241855621338,-0.39486411213874817,-0.12793883681297302,-2.2844231128692627,-2.6761693954467773,-3.023010015487671,-1.1456754207611084,0.18521732091903687,0.04594140499830246,0.09728208184242249
-0.11882273107767105,1.7037911415100098,-0.5279790759086609,0.9528137445449829,-0.19701991975307465,0.1880996823310852,-0.13396884500980377,-2.3474230766296387,-2.679009199142456,-3.8784797191619873,-0.05970089137554169,-0.5213395357131958,-0.6805590391159058,-0.7095145583152771
-0.04599514976143837,1.7074427604675293,-0.5466529726982117,-0.4720957279205322,0.824217677116394,-0.26888027787208557,-0.15966928005218506,-2.5512311458587646,-3.723470449447632,-10,5.537334442138672,-0.9939643740653992,-1.0828255414962769,-1.0546952486038208
-0.03532759100198746,1.856832504272461,-0.5718611478805542,0.43042537569999695,0.8183414340019226,0.3739624619483948,-0.07213428616523743,-2.18788743019104,-2.5337905883789062,-2.687878131866455,16.11809539794922,-1.2591248750686646,-1.3570301532745361,-1.3731120824813843
-0.00007554869807790965,1.9843145608901978,-0.6509612202644348,0.30156704783439636,0.7045377492904663,0.605083167552948,-0.21577376127243042,-2.390986919403076,-2.6849451065063477,-2.8408854007720947,1.4497555494308472,-0.580078661441803,-0.6963961720466614,-0.6419371962547302
-0.18557140231132507,1.7086840867996216,-0.39161986112594604,0.4285866320133209,0.5815629363059998,0.691398561000824,0.008127898909151554,-1.864601731300354,-3.1671483516693115,-4.017857551574707,2.0613832473754883,-1.7414671182632446,-1.747045874595642,-1.7348389625549316
-0.029646549373865128,1.9905816316604614,-0.6946616172790527,0.5068910121917725,-0.16651427745819092,-0.49760910868644714,-0.6839002966880798,-2.1657018661499023,-3.3300726413726807,-3.505199670791626,16.11809539794922,-1.761191487312317,-1.7724539041519165,-1.7724539041519165
-0.7384036183357239,1.8046690225601196,-0.16011808812618256,-0.26906201243400574,0.8605713844299316,0.37598997354507446,-0.21366822719573975,-1.62120521068573,-2.12735652923584,-3.608123779296875,-2.225830316543579,-0.03500200808048248,0.1513422280550003,-0.15292143821716309
-0.9653462767601013,1.606789469718933,0.035375893115997314,0.9005672335624695,-0.0728115513920784,-0.4240994453430176,0.06178056448698044,-1.9737657308578491,-2.4169516563415527,-3.2624824047088623,-0.42026662826538086,-1.398391842842102,-1.298479437828064,-1.415335774421692
-0.25613081455230713,1.310705304145813,-0.15016749501228333,0.554472029209137,-0.3206239342689514,-0.3402826189994812,-0.6884539127349854,-1.560311198234558,-3.1047401428222656,-3.918074131011963,-0.6426579356193542,-0.09549693763256073,-0.382863312959671,-0.4873753786087036
-0.20172908902168274,1.3360990285873413,-0.15704669058322906,0.5446502566337585,-0.10803445428609848,-0.4900205135345459,-0.6719855070114136,-2.1034226417541504,-2.6999804973602295,-3.6045706272125244,16.11809539794922,-1.0860201120376587,-1.3101314306259155,-1.4956752061843872
-0.14053910970687866,1.6246323585510254,-0.4217197597026825,-0.2467881292104721,0.7791679501533508,0.5415327548980713,-0.19681252539157867,-2.8809049129486084,-3.01688289642334,-3.881442070007324,2.9203953742980957,-0.8700932860374451,-0.979230523109436,-0.9239524602890015
-0.13924872875213623,1.522308588027954,-0.46883416175842285,-0.6587221622467041,0.7449087500572205,-0.0034560449421405792,0.10575497150421143,-3.394956350326538,-2.708998680114746,-10,5.537334442138672,-1.021767497062683,-1.020132064819336,-1.0670703649520874
-0.21842046082019806,1.4330847263336182,-0.24000215530395508,-0.44066718220710754,-0.08163991570472717,0.8130717873573303,0.37156641483306885,-1.9976130723953247,-3.1809840202331543,-4.083005905151367,2.000772476196289,-0.7893294095993042,-0.9574123620986938,-0.8925601840019226
-0.14379140734672546,1.4813138246536255,-0.0636565089225769,0.7972046732902527,0.31025004386901855,0.43557655811309814,0.28014758229255676,-1.4251354932785034,-2.3321151733398438,-2.4987401962280273,0.9956502914428711,-1.751869797706604,-1.7688430547714233,-1.7724539041519165
-0.013321216218173504,1.3123738765716553,-0.17651872336864471,0.6016271114349365,0.7635923624038696,0.11264515668153763,-0.20562739670276642,-1.5373342037200928,-2.48256254196167,-3.5143420696258545,-1.1755439043045044,-0.6322569251060486,-0.7150061130523682,-0.7433201670646667
-0.5240966081619263,1.678463101387024,-0.17449282109737396,0.3406590223312378,0.43350663781166077,0.07172052562236786,0.8311916589736938,-2.2287209033966064,-2.906593084335327,-3.2334353923797607,1.2362065315246582,-0.9299944639205933,-0.7765296697616577,-0.9617811441421509
-0.4219804108142853,1.5854790210723877,-0.13283540308475494,0.5670488476753235,0.10628156363964081,-0.8031104803085327,0.1489073783159256,-2.022279977798462,-2.8109591007232666,-3.5173492431640625,0.054243054240942,0.40869539976119995,0.6076874136924744,0.39869460463523865
-0.7445704340934753,1.7425105571746826,-0.0471743568778038,0.16729408502578735,0.5693437457084656,0.795748770236969,0.12101326882839203,-2.1515016555786133,-2.6734673976898193,-2.991999864578247,0.32983148097991943,-1.1970648765563965,-1.1202306747436523,-1.251070499420166
-0.3544899523258209,1.6256946325302124,0.08987060189247131,-0.22813750803470612,0.4674912393093109,0.4940335750579834,0.6966606378555298,-1.941967487335205,-2.44244384765625,-3.092226266860962,0.39889368414878845,-1.7724539041519165,-1.7257087230682373,-1.7724539041519165
0.04596949368715286,1.539136528968811,-0.019868550822138786,0.8828461766242981,0.2562229037284851,0.3366185128688812,-0.2040109485387802,-1.6278947591781616,-2.1077373027801514,-2.61580491065979,-1.7948322296142578,0.018683038651943207,0.10628567636013031,0.1751111000776291
-1.0860518217086792,1.7407312393188477,0.14177797734737396,0.6509656310081482,0.217129185795784,-0.6844976544380188,0.24609264731407166,-1.4139420986175537,-2.8230137825012207,-3.1148335933685303,-0.566502571105957,-0.6700664758682251,-0.5068851709365845,-0.7017267346382141
-0.8674306869506836,1.6910303831100464,-0.1786048412322998,-0.239088237285614,0.8864330053329468,0.3377097249031067,-0.20742593705654144,-3.003417730331421,-3.372298240661621,-3.509995222091675,2.5081679821014404,-0.3516639173030853,-0.18913017213344574,-0.4819004535675049
-1.0427528619766235,1.7190135717391968,-0.003774214070290327,0.7149704098701477,-0.5978957414627075,-0.28546929359436035,0.22326049208641052,-3.692741632461548,-10,-2.860373020172119,1.8718022108078003,-0.27108120918273926,-0.017036285251379013,-0.28743600845336914
-0.3330220580101013,1.7852275371551514,-0.14195679128170013,0.9677459597587585,0.19328536093235016,-0.1105959340929985,0.11780091375112534,-1.880886435508728,-2.3075778484344482,-3.7830827236175537,-1.0579971075057983,-1.7724539041519165,-1.7230061292648315,-1.7724539041519165
-0.4990668296813965,1.7976956367492676,-0.30207958817481995,0.7297514081001282,-0.6822232604026794,0.0435461662709713,0.01175055280327797,-2.4519693851470947,-3.0636513233184814,-10,2.1756255626678467,-1.1607835292816162,-1.158057689666748,-1.0918207168579102
-0.2685788571834564,1.7667980194091797,0.019875111058354378,-0.09300707280635834,0.8979396224021912,0.40472787618637085,-0.14577177166938782,-1.5312129259109497,-2.359720230102539,-3.483825206756592,-0.7068168520927429,0.543546736240387,0.6667789816856384,0.6962856650352478
0.03176727518439293,2.0326240062713623,-0.7814932465553284,0.7860698699951172,-0.2314482182264328,-0.5731546878814697,-0.004425214137881994,-2.259366035461426,-2.965942621231079,-3.1663873195648193,0.08857841044664383,-0.027246449142694473,-0.07519800961017609,0.04443937540054321
-0.043736573308706284,2.203683614730835,-0.817030131816864,0.6007478833198547,0.4382476508617401,0.6180227398872375,0.2551252245903015,-1.823588490486145,-2.925807476043701,-3.5274927616119385,16.11809539794922,-1.1995266675949097,-1.321784257888794,-1.2622003555297852
0.003915012814104557,2.2803356647491455,-0.8266727924346924,0.6911974549293518,0.3180721700191498,0.5981875658035278,0.25149112939834595,-1.6966735124588013,-2.5115833282470703,-3.007082462310791,16.11809539794922,-1.6074122190475464,-1.6785516738891602,-1.6769471168518066
-0.27297085523605347,2.156393051147461,-0.8412526845932007,-0.2135835736989975,0.9378865361213684,0.13616816699504852,-0.23708467185497284,-3.5024898052215576,-2.3543457984924316,-10,-0.3083013594150543,-1.035669207572937,-1.1329803466796875,-1.0299450159072876
-0.08066298812627792,2.0818521976470947,-0.6759196519851685,0.44492506980895996,0.6113580465316772,0.6520704627037048,-0.055562227964401245,-2.0885534286499023,-3.233041763305664,-3.592172861099243,16.11809539794922,-1.7245500087738037,-1.7364476919174194,-1.7169033288955688
-0.47267428040504456,2.2559025287628174,-0.6985849142074585,-0.21496598422527313,0.9507536292076111,0.0034560449421405792,-0.22326049208641052,-10,-2.115161418914795,-2.450049638748169,-0.8754687309265137,-0.5769163966178894,-0.5687389373779297,-0.4483129680156708
-0.4997824430465698,2.411351442337036,-0.7224830389022827,0.7292831540107727,0.6282773017883301,-0.2640663683414459,0.060685258358716965,-1.8827298879623413,-2.584390640258789,-3.7729873657226562,-0.6905357837677002,-0.4775278866291046,-0.5759623050689697,-0.5588374137878418
-0.31572914123535156,2.3720784187316895,-0.5957942605018616,0.831462025642395,0.4874686002731323,-0.14872916042804718,-0.2211897224187851,-1.9949754476547241,-2.1312015056610107,-2.8524935245513916,-0.9867413640022278,0.1672271490097046,0.15792347490787506,0.4430387616157532
-0.2341204732656479,2.1053223609924316,-0.49087080359458923,0.19339369237422943,0.48223650455474854,0.8066594004631042,0.28168678283691406,-1.7860357761383057,-3.7705066204071045,-3.828230857849121,1.7139867544174194,-1.7724539041519165,-1.7724539041519165,-1.7724539041519165
-0.2930281162261963,2.866636037826538,-0.6870708465576172,0.5267189145088196,0.2601175010204315,-0.8077915906906128,-0.048773009330034256,-1.5629353523254395,-2.161121368408203,-2.9096426963806152,-1.151358962059021,-1.332495927810669,-1.373245358467102,-1.3639538288116455
0.22614295780658722,2.334379196166992,-0.12328364700078964,0.8787681460380554,0.20072291791439056,-0.4132281243801117,0.129303440451622,-1.3950741291046143,-2.138969898223877,-2.560300588607788,1.290748953819275,-0.0954490378499031,0.026322657242417336,0.0018692042212933302
-0.2653757929801941,2.4617929458618164,-0.37667402625083923,-0.07959671318531036,0.6791630983352661,0.6207627654075623,-0.3834781050682068,-1.4375722408294678,-2.4360198974609375,-2.670408010482788,-0.6475642919540405,-0.7824743390083313,-0.6567642688751221,-0.6707107424736023
-0.4486914277076721,1.9227100610733032,0.2545956075191498,0.6656355857849121,0.7163044214248657,-0.13294975459575653,-0.16174551844596863,-1.4451881647109985,-1.9933059215545654,-2.3383302688598633,0.4804988205432892,-0.8231736421585083,-0.7042210698127747,-0.7598164081573486
-0.42654940485954285,2.3005781173706055,0.24858421087265015,0.005767556373029947,0.8590019345283508,0.4972681999206543,0.1216830238699913,-1.5522246360778809,-2.1860220432281494,-2.341200590133667,-0.838711678981781,-1.21330726146698,-1.1487112045288086,-1.2257641553878784
-0.10037188231945038,2.335217237472534,-0.17407681047916412,0.5574070811271667,0.8021489381790161,0.09372842311859131,0.19253408908843994,-1.320170283317566,-1.7057417631149292,-2.586749315261841,-1.6371879577636719,0.9794645309448242,1.044381856918335,1.3299330472946167
0.5367689728736877,0.2552769184112549,-3.838001012802124,0.5341979265213013,0.7872596979141235,0.26584592461586,-0.1555016189813614,-1.6894785165786743,-2.116860866546631,-3.403730630874634,2.6150805950164795,1.0627367496490479,0.9022671580314636,0.7862236499786377
0.5589718818664551,0.3756531774997711,-3.907447099685669,0.8010081052780151,-0.4167533814907074,-0.12007414549589157,-0.41265586018562317,-1.9258924722671509,-2.666621685028076,-2.982569456100464,1.5479594469070435,1.584887146949768,1.3786293268203735,1.310677170753479
0.6108331084251404,0.23665352165699005,-3.600989580154419,-0.6200144290924072,0.7295156717300415,-0.28546929359436035,0.0435461662709713,-2.1305081844329834,-2.3094122409820557,-10,5.537334442138672,0.8827515244483948,0.8410466909408569,0.7576371431350708
1.1986480951309204,0.32150211930274963,-3.808197498321533,-0.4474208354949951,0.1627742201089859,0.5829315185546875,0.6584147810935974,-1.5590620040893555,-1.5850149393081665,-2.8703606128692627,16.11809539794922,0.794821560382843,0.6196629405021667,0.6001946926116943
0.25808027386665344,0.39039450883865356,-3.774934768676758,0.6771876811981201,-0.3610193431377411,-0.2610914707183838,-0.5855878591537476,-2.5152108669281006,-2.9243593215942383,-3.1513748168945312,16.11809539794922,1.6495574712753296,1.3852274417877197,1.2305610179901123
0.6357649564743042,0.3977472186088562,-3.777235746383667,0.8203471302986145,0.49779796600341797,-0.08512545377016068,-0.268293559551239,-2.392191171646118,-2.733306646347046,-3.65498948097229,16.11809539794922,0.7753093242645264,0.3995703458786011,0.3936021029949188
0.10375121980905533,0.5686378479003906,-3.8899497985839844,0.5139955878257751,0.8148172497749329,-0.25425124168395996,0.08507444709539413,-2.3267152309417725,-2.959745168685913,-3.3757662773132324,2.5432024002075195,-0.10705623775720596,-0.42314115166664124,-0.3171544075012207
0.08805940300226212,0.6082603335380554,-3.967918634414673,0.7249536514282227,-0.5826891660690308,0.35597261786460876,-0.09054837375879288,-2.631621837615967,-2.8599138259887695,-10,5.537334442138672,1.230291485786438,1.0356690883636475,1.2024883031845093
0.214407816529274,0.5974692106246948,-3.9393844604492188,0.6706637740135193,0.6536390781402588,0.27204278111457825,-0.2212662696838379,-2.40116286277771,-2.84550404548645,-3.563905715942383,16.11809539794922,1.0764802694320679,0.7985777854919434,0.8378950357437134
0.00737762451171875,0.5074707865715027,-3.861184597015381,-0.6310737729072571,0.6633240580558777,-0.3490605354309082,-0.19975939393043518,-10,-3.163922071456909,-3.0871145725250244,5.537334442138672,-0.2293764054775238,-0.6603260040283203,-0.5769163966178894
0.08918143808841705,0.520836591720581,-3.802842140197754,0.5589157342910767,0.23250776529312134,0.6082772612571716,0.5133731961250305,-2.3048670291900635,-3.651614189147949,-3.8938374519348145,1.7082310914993286,0.5684749484062195,0.3437087833881378,0.4109652042388916
0.3157367408275604,0.5193026065826416,-3.95857310295105,-0.23017258942127228,0.8236099481582642,0.37809130549430847,-0.35459020733833313,-3.10868239402771,-10,-3.444118022918701,1.1786550283432007,0.715932309627533,0.5491131544113159,0.5074083209037781
0.31216809153556824,0.34462159872055054,-3.441615581512451,0.9659314751625061,0.015272357501089573,-0.21684196591377258,0.14043769240379333,-1.7044950723648071,-2.4787514209747314,-2.88754940032959,1.4195499420166016,0.7431814670562744,0.6088597178459167,0.6349698901176453
0.5000552535057068,0.4202343225479126,-3.6988604068756104,-0.3777567744255066,0.23972627520561218,0.6091260313987732,0.6548256278038025,-2.709519863128662,-2.945572853088379,-3.5372955799102783,16.11809539794922,-0.48417603969573975,-1.0412815809249878,-1.1238526105880737
0.39664793014526367,0.4351970851421356,-3.6080245971679688,0.5612154603004456,0.7002551555633545,0.3190990388393402,0.304722398519516,-3.4977786540985107,-3.5951077938079834,-4.564406394958496,16.11809539794922,-1.0420969724655151,-1.3528807163238525,-1.2716104984283447
0.5016929507255554,0.487564355134964,-3.6957578659057617,-0.2916065454483032,0.35174816846847534,0.639168918132782,0.6186290383338928,-2.7950844764709473,-3.2683842182159424,-4.855721473693848,16.11809539794922,1.4860241413116455,1.3104171752929688,1.3882553577423096
0.7448845505714417,0.3644629120826721,-3.607586622238159,0.6589958071708679,0.6860826015472412,0.19094792008399963,-0.24197949469089508,-1.5930949449539185,-2.2795841693878174,-2.7841498851776123,16.11809539794922,1.2302422523498535,1.0747363567352295,1.0236260890960693
0.8014925718307495,0.441377192735672,-3.9055581092834473,0.5295925140380859,-0.6447440981864929,-0.43249931931495667,-0.34173256158828735,-1.983543038368225,-2.7281861305236816,-4.620166301727295,0.029523685574531555,1.7724539041519165,1.7724539041519165,1.7724539041519165
0.7667753100395203,0.44212767481803894,-3.681725263595581,-0.4705897867679596,0.32524222135543823,0.6422698497772217,0.5101491808891296,-2.4075636863708496,-3.1287224292755127,-3.9320573806762695,0.12600673735141754,-0.7449880838394165,-1.0441713333129883,-0.9635770320892334
1.0544307231903076,0.42462068796157837,-3.9128944873809814,-0.3511931896209717,0.7324599623680115,0.45382192730903625,0.3663488030433655,-2.19109845161438,-2.597963571548462,-3.6014673709869385,1.063672423362732,1.7724539041519165,1.588748812675476,1.4235073328018188
1.0836803913116455,0.4551706314086914,-3.938490152359009,0.5426127910614014,0.7890791893005371,-0.12868326902389526,0.25761592388153076,-1.804205298423767,-3.426044225692749,-4.505375862121582,0.48031359910964966,-0.1158037856221199,-0.2186068445444107,-0.08477228879928589
1.0519436597824097,0.4659459888935089,-3.5774285793304443,0.8878749012947083,0.43105220794677734,-0.004905341658741236,0.1607733517885208,-2.239276170730591,-2.880035161972046,-3.6124870777130127,16.11809539794922,1.6773711442947388,1.4165997505187988,1.267366647720337
0.7831352949142456,0.4666164815425873,-3.5504250526428223,0.4999401271343231,0.845623791217804,0.14700935781002045,-0.11562222242355347,-2.0327978134155273,-2.6131227016448975,-3.468255043029785,-0.9573861360549927,1.7724539041519165,1.707584261894226,1.6403077840805054
0.9464483857154846,0.4488525390625,-3.2698464393615723,0.891319751739502,-0.0022579440847039223,-0.30967581272125244,0.3311266601085663,-2.028473138809204,-2.170053482055664,-2.4955074787139893,16.11809539794922,-0.33907920122146606,-0.6315340399742126,-0.6560794115066528
0.9888216853141785,0.4588288366794586,-3.7824866771698,-0.6296913623809814,0.6924571990966797,-0.1527571827173233,0.3172649145126343,-10,-3.1228396892547607,-4.113499641418457,5.537334442138672,-0.8549483418464661,-1.1329803466796875,-1.07737398147583
0.15939751267433167,0.3354879319667816,-3.2925941944122314,0.8245564103126526,0.5189910531044006,0.1891445815563202,0.12239031493663788,-2.0968310832977295,-2.612835168838501,-3.2005138397216797,1.774288296699524,1.713876724243164,1.3211637735366821,1.2265558242797852
0.12503746151924133,0.18174859881401062,-3.061577558517456,0.3821469247341156,0.8383851647377014,0.14570750296115875,0.36033788323402405,-2.091144561767578,-2.311194896697998,-3.904279947280884,1.1670588254928589,-0.1554403156042099,-0.356336772441864,-0.32373785972595215
0.2635211944580078,0.3154575526714325,-3.076596736907959,0.8820644021034241,-0.32151472568511963,0.12254171073436737,0.3218294382095337,-1.9105298519134521,-2.9576361179351807,-3.3032569885253906,2.672771453857422,-1.0253896713256836,-1.2233000993728638,-1.071154236793518
0.4691050052642822,0.21872161328792572,-3.016998529434204,0.9100954532623291,0.30797263979911804,0.2741309404373169,0.04160911589860916,-1.529477596282959,-2.050520658493042,-2.7398836612701416,4.583592891693115,-0.7382368445396423,-0.8511263132095337,-0.7138170599937439
0.7865646481513977,0.21255166828632355,-3.502617359161377,-0.3877682387828827,0.9045596718788147,0.0739593580365181,-0.1610516905784607,-2.1746060848236084,-2.449091672897339,-10,3.725693464279175,1.7724539041519165,1.7724539041519165,1.7724539041519165
0.6376605033874512,0.3567753732204437,-3.4166157245635986,0.8029211759567261,0.5214704871177673,-0.1936519891023636,0.21420803666114807,-2.4529504776000977,-2.7304327487945557,-2.799177646636963,16.11809539794922,0.21978016197681427,0.08174806088209152,0.07589598000049591
0.5291260480880737,0.4327458441257477,-3.4286012649536133,0.6548210978507996,0.747387707233429,0.08740152418613434,0.07058271020650864,-1.9155900478363037,-2.619615316390991,-2.752859354019165,-1.061143159866333,1.7724539041519165,1.7724539041519165,1.7724539041519165
0.45037057995796204,0.4167024493217468,-3.256385087966919,0.6477216482162476,0.7325383424758911,-0.11958888173103333,0.17188005149364471,-2.2353148460388184,-2.958724021911621,-3.422133207321167,-0.03377430513501167,-1.002795934677124,-1.1887331008911133,-0.9367035627365112
0.19631125032901764,0.4015304148197174,-3.1831650733947754,0.6499242186546326,-0.4401967525482178,-0.48361214995384216,-0.3872268497943878,-2.3222193717956543,-3.558196783065796,-5.030306816101074,0.3837337791919708,-0.5730404853820801,-0.6590415835380554,-0.508441686630249
0.3716282546520233,0.3581605851650238,-3.158818483352661,0.992851197719574,-0.05810631066560745,-0.0388154573738575,-0.09676522016525269,-2.307750701904297,-2.916405200958252,-3.2794599533081055,0.3372807502746582,-0.4373294413089752,-0.5334131121635437,-0.3629927933216095
0.39082878828048706,0.5065209269523621,-2.9581716060638428,-0.4942018687725067,0.15549007058143616,0.854002833366394,0.047608211636543274,-2.0774402618408203,-2.8128578662872314,-3.04140043258667,1.881335973739624,-0.37179455161094666,-0.5548964142799377,-0.4737623631954193
0.5667765140533447,0.7430129051208496,-3.1837427616119385,0.6637690663337708,0.5592491030693054,0.27114662528038025,0.41608962416648865,-2.193646192550659,-2.4650793075561523,-3.1711156368255615,0.3150220215320587,-0.07022573053836823,0.08348766714334488,-0.032611265778541565
0.5860598683357239,0.7008205056190491,-3.023658037185669,0.8640039563179016,-0.24794070422649384,-0.31139007210731506,0.30831602215766907,-2.3198485374450684,-2.401611804962158,-2.679774045944214,2.3598508834838867,-1.147176742553711,-1.1281318664550781,-1.093604564666748
0.8152349591255188,0.6168493628501892,-3.0497422218322754,-0.3458395004272461,0.5800074934959412,0.6643326878547668,0.32038795948028564,-1.594211220741272,-2.329033613204956,-2.6915900707244873,1.047993779182434,-1.3688524961471558,-1.3720600605010986,-1.4136967658996582
1.1683738231658936,0.6989497542381287,-3.23089337348938,0.5126047730445862,0.5924662351608276,0.12013621628284454,0.6097437143325806,-1.7736068964004517,-2.289945602416992,-2.791621208190918,0.19160540401935577,0.43844088912010193,0.24291686713695526,0.21154442429542542
1.7512285709381104,0.5851125121116638,-3.8911142349243164,0.41899603605270386,0.8828732967376709,-0.12222342938184738,0.17331628501415253,-1.5238274335861206,-2.525317907333374,-3.9550557136535645,16.11809539794922,-0.3009987473487854,-0.7505682706832886,-0.7432557344436646
1.6619017124176025,0.6015123128890991,-3.911752462387085,0.4641246497631073,0.8500025272369385,0.2149539738893509,0.12601129710674286,-1.8283101320266724,-2.4315972328186035,-4.448460578918457,-0.4509466886520386,0.9704619646072388,0.6460874676704407,0.643947958946228
1.3255354166030884,0.38987550139427185,-3.4691786766052246,0.5303415060043335,-0.6072866320610046,-0.2755751609802246,-0.5234493017196655,-1.757818341255188,-2.1162638664245605,-2.780104398727417,2.007938861846924,0.7519016265869141,0.47336509823799133,0.5105041861534119
1.6752265691757202,0.41078537702560425,-3.6626675128936768,0.6508026719093323,0.7157161235809326,0.03496372327208519,-0.25096577405929565,-1.8645429611206055,-2.184447765350342,-2.845956325531006,16.11809539794922,1.5143518447875977,1.3869191408157349,1.2685741186141968
1.8057470321655273,0.3526920676231384,-3.567493438720703,0.7515488266944885,0.5896301865577698,-0.2003374695777893,0.21765919029712677,-1.7641377449035645,-2.2557320594787598,-3.900355577468872,16.11809539794922,0.8650684952735901,0.8545722961425781,0.7131373286247253
1.345292568206787,0.4982086420059204,-3.6779403686523438,0.5446439385414124,-0.5403059720993042,-0.3985133767127991,-0.5026127099990845,-2.3318161964416504,-2.5420894622802734,-4.587596416473389,-0.22147265076637268,1.7724539041519165,1.7555919885635376,1.737992525100708
2.149141788482666,0.4580233097076416,-3.685821294784546,0.9143053293228149,-0.3212908208370209,-0.2464849203824997,-0.007947239093482494,-1.5582717657089233,-1.941027045249939,-2.622333288192749,16.11809539794922,0.6842776536941528,0.46254172921180725,0.5136228203773499
1.7655742168426514,0.5992857813835144,-3.8799097537994385,0.38467875123023987,0.648685872554779,0.6448021531105042,-0.12433447688817978,-1.830196499824524,-2.3949100971221924,-3.866772413253784,0.5383349061012268,0.31070879101753235,-0.018045594915747643,0.03192480653524399
2.177424192428589,0.6126902103424072,-3.954292058944702,0.2661328613758087,0.6539188623428345,0.6921431422233582,0.1500043272972107,-1.8787401914596558,-2.1645073890686035,-2.788717746734619,16.11809539794922,0.04180692136287689,-0.3099803328514099,-0.2607913911342621
2.2391083240509033,0.5579590797424316,-3.6961374282836914,0.4852140545845032,0.8176829218864441,-0.1736757755279541,0.2565126121044159,-1.6766080856323242,-2.286170482635498,-3.752821445465088,1.5881496667861938,-0.6265302896499634,-1.0406246185302734,-1.0259639024734497
1.860809326171875,0.4699605703353882,-3.550393581390381,-0.3354778587818146,0.7480218410491943,0.3933950662612915,0.4161229133605957,-2.3455302715301514,-3.1074793338775635,-3.8011345863342285,16.11809539794922,0.8559332489967346,0.6525506377220154,0.5543005466461182
2.3218483924865723,0.444355309009552,-3.330171823501587,-0.3422110974788666,0.8537505865097046,0.19473642110824585,0.3407040536403656,-1.3230618238449097,-2.213811159133911,-2.821622371673584,2.093764305114746,1.5263257026672363,1.235377550125122,1.1287955045700073
1.6000137329101562,0.2778457999229431,-3.1012582778930664,-0.6200144290924072,0.6813227534294128,-0.3697968125343323,0.12096156924962997,-1.7937595844268799,-10,-1.7240103483200073,5.537334442138672,-0.563014805316925,-0.1459668129682541,-0.6603260040283203
1.7912185192108154,0.2568114399909973,-3.5154056549072266,-0.5135682821273804,0.8128097653388977,-0.2702627182006836,-0.05045825615525246,-2.4311764240264893,-2.021836757659912,-10,5.537334442138672,1.369307518005371,1.1190787553787231,1.0356690883636475
1.3818155527114868,0.536773681640625,-3.3331263065338135,-0.1887359619140625,0.4628843665122986,0.7992129325866699,0.33372965455055237,-2.1754074096679688,-2.8418424129486084,-3.1387898921966553,0.8538525700569153,-0.7972367405891418,-0.6691786050796509,-0.8163804411888123
1.5298435688018799,0.6159584522247314,-3.365288496017456,0.928068220615387,0.36341413855552673,-0.07962744683027267,-0.016705222427845,-2.397754192352295,-2.519089937210083,-3.415482997894287,1.1240410804748535,-1.7724539041519165,-1.7724539041519165,-1.7724539041519165
1.6233152151107788,0.5032227635383606,-3.2556281089782715,0.5235681533813477,0.39308714866638184,0.6132426261901855,0.4419189691543579,-1.8003987073898315,-2.291565418243408,-3.2647061347961426,16.11809539794922,-0.7735887765884399,-0.810817539691925,-0.8137511610984802
1.478671908378601,0.6913930177688599,-3.3711540699005127,0.8707488775253296,0.45992511510849,-0.12780576944351196,0.11802954226732254,-1.6880582571029663,-2.5531389713287354,-3.726611375808716,-0.5570976734161377,-1.3520877361297607,-1.1098709106445312,-1.3417980670928955
1.3516113758087158,0.7735766768455505,-3.0666720867156982,0.8454593420028687,0.10558710992336273,0.3525485694408417,0.3869875371456146,-1.3616207838058472,-1.9780741930007935,-2.2559847831726074,2.414193630218506,-1.7724539041519165,-1.7490075826644897,-1.7472811937332153
2.056745767593384,0.4374694526195526,-3.2564032077789307,-0.3798300325870514,0.45365580916404724,0.8061671257019043,0.004482698626816273,-1.9944043159484863,-2.2227180004119873,-2.3454926013946533,16.11809539794922,0.9768214225769043,0.8047780990600586,0.7411279678344727
1.9041982889175415,0.5168852806091309,-3.321580171585083,0.7227687835693359,0.6107638478279114,-0.2414238154888153,0.215145081281662,-2.219735860824585,-2.813610553741455,-3.7539303302764893,5.465152740478516,1.7724539041519165,1.519279956817627,1.3525598049163818
2.130913257598877,0.6102842688560486,-3.063969850540161,0.5650662183761597,-0.03997582197189331,-0.7443658113479614,0.35358405113220215,-1.5686136484146118,-2.301445960998535,-2.996501922607422,0.08753397315740585,1.767927885055542,1.6561908721923828,1.5959092378616333
2.2288894653320312,0.3931298553943634,-3.185420274734497,-0.24676160514354706,0.9348965883255005,-0.2536737024784088,0.026957150548696518,-2.535698652267456,-2.3297529220581055,-10,5.537334442138672,1.0634722709655762,0.8688499331474304,0.5769163370132446
1.7188633680343628,0.5898945331573486,-2.9890940189361572,0.6082351803779602,0.7128757238388062,-0.30176016688346863,0.17549638450145721,-1.6533863544464111,-2.083336353302002,-2.7718334197998047,16.11809539794922,-0.9133448600769043,-1.008249282836914,-1.0088090896606445
0.5577820539474487,0.7190396785736084,-3.1842098236083984,-0.4264759421348572,0.6923688650131226,-0.12925608456134796,0.567482590675354,-3.128103494644165,-2.533665418624878,-10,1.8382794857025146,-0.8688499927520752,-0.7715387940406799,-0.8827515840530396
0.5076081156730652,0.6238517761230469,-2.976151466369629,-0.418865442276001,0.40385788679122925,0.3239688575267792,0.745985746383667,-2.2218501567840576,-3.009489059448242,-3.554778814315796,1.2595152854919434,-0.34930220246315,-0.47870486974716187,-0.42283523082733154
0.7220707535743713,0.7638325691223145,-3.367299795150757,0.9000140428543091,0.35526856780052185,0.241535022854805,0.07361939549446106,-2.1598317623138428,-2.7117185592651367,-3.402261972427368,-1.1436238288879395,0.20837825536727905,0.47100186347961426,0.2458103597164154
1.0095913410186768,0.8251996636390686,-3.379223346710205,0.6063722968101501,-0.16754138469696045,-0.7642702460289001,0.14189259707927704,-2.748962640762329,-2.9793453216552734,-3.684096336364746,2.5871479511260986,-0.5126132965087891,-0.2697616219520569,-0.441929429769516
0.8176405429840088,0.9417421221733093,-3.2835795879364014,0.5126039981842041,-0.19221527874469757,-0.8321446776390076,0.08846274763345718,-2.697002649307251,-3.1653013229370117,-4.107031345367432,1.7650843858718872,-0.1718062460422516,0.03525009751319885,-0.1359923630952835
0.9582099318504333,0.9398841261863708,-3.3860483169555664,-0.025433480739593506,0.820301353931427,0.5711315870285034,0.016357025131583214,-2.0998051166534424,-2.363712787628174,-3.0427374839782715,-2.174365282058716,0.9808480143547058,1.4912784099578857,1.0448381900787354
1.139077067375183,0.9242255091667175,-3.4358582496643066,0.890579104423523,0.07084392011165619,0.23017750680446625,-0.38583457469940186,-2.1316213607788086,-2.4671835899353027,-3.0313003063201904,16.11809539794922,0.001322148833423853,0.2790427505970001,0.11306598037481308
0.5894066691398621,0.7817374467849731,-3.18097186088562,0.8134646415710449,-0.09982278198003769,-0.44383978843688965,-0.36237674951553345,-2.8909342288970947,-3.163707971572876,-3.635399341583252,0.9078981280326843,-0.8198276162147522,-0.7116672992706299,-0.7116959095001221
0.9168999791145325,0.8657028079032898,-3.2430989742279053,0.9391200542449951,0.10246390849351883,-0.04066071659326553,0.3254249393939972,-1.8454158306121826,-2.679471254348755,-3.2129788398742676,2.6676762104034424,-1.0213874578475952,-0.8080165386199951,-0.9262856245040894
0.919563889503479,0.8026293516159058,-2.8999292850494385,0.5435584783554077,-0.5534987449645996,-0.5519135594367981,-0.30589985847473145,-1.7952289581298828,-1.90005624294281,-2.635909080505371,16.11809539794922,-1.7482895851135254,-1.6746433973312378,-1.6835014820098877
0.8062757849693298,0.9298912882804871,-3.1105053424835205,0.416289359331131,0.7195094227790833,0.5477312803268433,-0.09486732631921768,-2.2841546535491943,-2.9961295127868652,-3.8009285926818848,0.016105301678180695,0.5055249929428101,0.7171227931976318,0.7422512173652649
1.0229464769363403,1.0530059337615967,-3.1779491901397705,0.5976726412773132,0.6640046238899231,0.38616326451301575,0.229702427983284,-1.874087929725647,-2.4779343605041504,-2.9892284870147705,-0.10350045561790466,-0.036482036113739014,0.14412261545658112,0.1438547670841217
0.8542197346687317,1.226421594619751,-3.3338963985443115,0.5652338862419128,-0.47151005268096924,-0.6143353581428528,-0.2842199504375458,-2.6762285232543945,-2.849691152572632,-3.5682318210601807,3.832738161087036,-0.17644436657428741,0.046460289508104324,-0.16385453939437866
0.773301899433136,1.195833683013916,-3.288909435272217,-0.6158671975135803,0.7185910940170288,-0.21634840965270996,-0.2398495078086853,-3.75872802734375,-3.0512895584106445,-10,5.537334442138672,-0.006950825918465853,0.18767155706882477,0.0903603658080101
0.7306568026542664,1.091994047164917,-3.126835823059082,0.5550240874290466,-0.30185967683792114,-0.6147445440292358,-0.4721420407295227,-2.2889902591705322,-3.060274362564087,-3.6966946125030518,-0.40868183970451355,-0.7832033634185791,-0.6066619157791138,-0.8133676052093506
0.9562728404998779,1.0016944408416748,-2.8837037086486816,-0.42054617404937744,0.17544546723365784,0.5253329873085022,0.7185993790626526,-1.9656386375427246,-2.1307783126831055,-2.7072553634643555,2.4476449489593506,-1.2338788509368896,-1.214558720588684,-1.1644095182418823
1.2562315464019775,0.9456971287727356,-2.926405906677246,0.13853514194488525,0.5329074859619141,0.8323612809181213,-0.06318504363298416,-1.7556941509246826,-2.4278714656829834,-2.8356075286865234,-0.138692244887352,-0.15798532962799072,-0.17800770699977875,-0.2695019841194153
0.8444352746009827,1.2831252813339233,-3.194153308868408,0.9061200618743896,0.3701774477958679,-0.045482177287340164,0.19961583614349365,-2.4548161029815674,-2.7635374069213867,-3.6470205783843994,-1.0595756769180298,0.14250169694423676,0.42047369480133057,0.17692701518535614
0.7572202682495117,1.2364147901535034,-3.0371837615966797,-0.3932059407234192,0.42944416403770447,0.7473158836364746,0.3201340138912201,-1.8194143772125244,-2.9272656440734863,-4.330794811248779,-0.9442371129989624,-0.3350933790206909,-0.10822989046573639,-0.3896861970424652
1.0429779291152954,1.1294447183609009,-3.1406354904174805,0.6702799201011658,-0.6061902642250061,-0.40297484397888184,-0.1444626748561859,-10,-3.090503454208374,-3.7260546684265137,-0.4878840446472168,0.5352115631103516,0.4379003345966339,0.7715387344360352
0.974811851978302,1.230579137802124,-3.093883514404297,0.9713959097862244,0.09684956073760986,-0.21679550409317017,0.0031351628713309765,-2.380384922027588,-2.8546178340911865,-3.562889575958252,0.3443206548690796,-1.0292688608169556,-0.8855747580528259,-0.841983437538147
1.148939847946167,1.264180302619934,-3.0742733478546143,0.28113436698913574,0.35550159215927124,0.7321130037307739,0.5085200071334839,-2.2258005142211914,-2.832467794418335,-4.022918701171875,-0.3442705273628235,0.35281649231910706,0.5578860640525818,0.4960424304008484
1.571049690246582,0.8834351897239685,-3.4481687545776367,0.4092678427696228,0.28742659091949463,0.6586428284645081,0.5622058510780334,-1.7453867197036743,-2.6078577041625977,-3.061680316925049,-0.5731191039085388,0.0850033313035965,0.3320276439189911,0.1287926733493805
2.3368358612060547,0.9374798536300659,-3.9281461238861084,0.508649468421936,0.8407821655273438,-0.0008567097829654813,0.18536530435085297,-1.580268144607544,-2.6174280643463135,-3.8916714191436768,0.20167699456214905,0.6904487609863281,0.31315329670906067,0.3325153887271881
2.34720516204834,0.7676075100898743,-3.7861342430114746,0.912686824798584,-0.36778944730758667,-0.15757380425930023,-0.08309169113636017,-1.949542760848999,-2.7136194705963135,-3.1871306896209717,16.11809539794922,-0.472502201795578,-0.9884704947471619,-1.0312269926071167
1.7137079238891602,0.952642560005188,-3.5117485523223877,-0.13759316504001617,0.5975803732872009,0.7781276106834412,-0.1359528750181198,-2.0812437534332275,-2.7918667793273926,-3.543788194656372,-0.5100184082984924,-0.22871555387973785,-0.011365033686161041,-0.27565521001815796
2.3815393447875977,0.9440329670906067,-3.871882200241089,0.377583384513855,0.8679311275482178,-0.17505517601966858,0.27107560634613037,-1.9538544416427612,-2.8185875415802,-4.890495300292969,0.5834501385688782,0.3567645847797394,-0.04107335954904556,-0.018617898225784302
1.3214247226715088,1.0190407037734985,-3.2855947017669678,-0.04613477364182472,0.7945895195007324,0.46006572246551514,0.3934954106807709,-1.8209805488586426,-2.3585827350616455,-3.7093021869659424,-1.888933777809143,0.83347487449646,0.8017981052398682,0.9846280813217163
1.4170624017715454,0.9155570268630981,-3.3630080223083496,0.7610561847686768,0.6359043121337891,0.09918531775474548,-0.08112641423940659,-1.6802315711975098,-2.5751421451568604,-3.4116902351379395,-0.18641872704029083,-0.45559072494506836,-0.26972806453704834,-0.25196000933647156
1.947390079498291,0.7204517722129822,-3.1392016410827637,0.5849187970161438,-0.3982563316822052,-0.4762594997882843,-0.5219566822052002,-2.336505174636841,-3.0832090377807617,-3.4925148487091064,2.336757183074951,-1.4174407720565796,-1.6373952627182007,-1.4170358180999756
1.7970865964889526,0.8231555819511414,-3.033128261566162,0.08293599635362625,0.6044978499412537,0.7115846276283264,0.34835511445999146,-1.8883566856384277,-2.293332099914551,-3.040762186050415,-0.9433872103691101,-0.129329115152359,-0.14205266535282135,-0.15203873813152313
1.8321120738983154,0.7395599484443665,-3.1097702980041504,0.9125003218650818,-0.22326049208641052,-0.2785572111606598,-0.19975939393043518,-10,-3.639498710632324,-2.2467665672302246,5.537334442138672,-1.7724539041519165,-1.7724539041519165,-1.7724539041519165
2.063633918762207,0.5493736267089844,-2.9408118724823,0.3532690107822418,0.6687293648719788,0.6541042923927307,0.012232009321451187,-2.036257028579712,-2.2583885192871094,-2.5657010078430176,16.11809539794922,0.028457006439566612,0.03906867280602455,0.09450394660234451
2.167660713195801,1.0222667455673218,-3.159482479095459,0.3647463321685791,0.46250006556510925,0.4674834609031677,0.6591759920120239,-2.3091859817504883,-2.754502296447754,-3.3823251724243164,16.11809539794922,-0.30471399426460266,-0.03911827132105827,-0.2722966969013214
1.3541910648345947,1.1480273008346558,-3.147587537765503,0.7854650616645813,-0.3995051681995392,-0.4276740252971649,-0.2013334333896637,-1.9721745252609253,-2.8485100269317627,-3.241838216781616,1.173510193824768,-0.6924421787261963,-0.49633195996284485,-0.5742220282554626
1.648131012916565,1.2009083032608032,-3.300710439682007,-0.3061234652996063,0.6362481713294983,0.5418302416801453,0.4559568464756012,-2.231154680252075,-2.5198726654052734,-2.9516024589538574,1.2864774465560913,-0.3862679898738861,-0.1096491813659668,-0.2237309068441391
1.5314894914627075,1.2598086595535278,-3.3361148834228516,0.8743831515312195,-0.4278583526611328,0.22326049208641052,-0.05045825615525246,-10,-2.839534282684326,-3.345208168029785,0.8944319486618042,-0.6603260040283203,-0.35449081659317017,-0.7715387940406799
1.246340274810791,1.2018691301345825,-3.1460824012756348,0.9069859981536865,-0.19975939393043518,0.09884288161993027,0.3573550283908844,-10,-4.117908954620361,-3.1447625160217285,-0.65805584192276,1.7724539041519165,1.7724539041519165,1.7724539041519165
1.6170979738235474,1.237068772315979,-3.20017147064209,-0.45075181126594543,0.06058565527200699,0.8905104398727417,0.011971250176429749,-2.3725290298461914,-3.0295448303222656,-3.933565378189087,0.6719989776611328,-1.1644484996795654,-0.9354550242424011,-0.9954122304916382
1.692478895187378,1.0904929637908936,-2.9907734394073486,0.8403912782669067,0.5193893909454346,0.15472590923309326,-0.006088834255933762,-1.8218536376953125,-2.144737482070923,-2.5894103050231934,0.9657399654388428,-1.4622046947479248,-1.2909224033355713,-1.4107928276062012
1.9090769290924072,1.0745868682861328,-3.3538641929626465,0.3740136921405792,0.33710381388664246,0.697823166847229,0.5094286799430847,-2.07150936126709,-2.7938742637634277,-3.297865390777588,1.6384798288345337,-0.3192845284938812,-0.030007559806108475,-0.22503311932086945
1.6786531209945679,1.2981137037277222,-3.3701529502868652,0.8136966228485107,0.3784973621368408,-0.4301881790161133,-0.09785518050193787,-2.595073938369751,-3.625563383102417,-4.2441558837890625,0.42613810300827026,0.006452325731515884,0.4042227864265442,0.3117380142211914
1.8653596639633179,1.2942986488342285,-3.1485559940338135,0.5241029262542725,-0.4142729341983795,-0.6977816820144653,-0.2584468722343445,-2.4069552421569824,-3.495359182357788,-4.044631004333496,0.8791142106056213,-0.529313325881958,-0.167618528008461,-0.5005897879600525
2.074069023132324,1.0998485088348389,-3.1955769062042236,0.5457714200019836,-0.7285586595535278,-0.15290766954421997,-0.38464924693107605,-2.828211784362793,-2.945343255996704,-3.9911630153656006,16.11809539794922,-0.5289531350135803,-0.18938396871089935,-0.3530120253562927
1.8177440166473389,1.0256363153457642,-3.1630280017852783,0.8559051156044006,-0.3794737160205841,-0.34767812490463257,0.05045825615525246,-2.4707252979278564,-3.6238131523132324,-10,5.537334442138672,-0.6603260040283203,-0.5074083805084229,-0.5213099718093872
2.091840982437134,1.008737325668335,-3.104323625564575,-0.6158671975135803,0.7728467583656311,-0.13755059242248535,0.06704726815223694,-10,-2.761106252670288,-3.7581257820129395,5.537334442138672,-0.39619559049606323,-0.1459668129682541,-0.2849828004837036
2.0233168601989746,1.0002877712249756,-3.0389621257781982,-0.49559682607650757,0.8535149097442627,0.02004506066441536,0.15966928005218506,-2.489835023880005,-10,-3.693983316421509,5.537334442138672,-0.563014805316925,-0.2849828004837036,-0.6464243531227112
1.9135290384292603,1.167682409286499,-3.0497069358825684,0.24704082310199738,0.4628917872905731,0.6792775392532349,0.5131120681762695,-1.9458205699920654,-2.0764877796173096,-3.7373571395874023,-0.19978737831115723,-0.15890753269195557,0.15265896916389465,0.06415927410125732
1.7912185192108154,1.2248034477233887,-3.27620005607605,0.7252514958381653,-0.6158671975135803,-0.19284729659557343,0.2398495078086853,-2.9828689098358154,-2.863062620162964,-10,5.537334442138672,-0.2849828004837036,0.10426196455955505,-0.1459668129682541
1.7698911428451538,1.2117286920547485,-3.1443090438842773,0.23475416004657745,0.37178558111190796,0.5690064430236816,0.6949083805084229,-2.2496063709259033,-3.0333268642425537,-4.044581413269043,0.7222812175750732,-0.5884170532226562,-0.25343313813209534,-0.4122627079486847
1.9570270776748657,1.182640552520752,-3.0086445808410645,-0.4940962791442871,0.24166107177734375,0.8326370120048523,-0.06468670815229416,-2.2631454467773438,-2.406324625015259,-4.102526664733887,0.007848802953958511,-0.4247034788131714,-0.05993911251425743,-0.288402795791626
1.9662284851074219,1.1961294412612915,-2.862229824066162,-0.019954035058617592,0.39982160925865173,0.4704306721687317,0.7864092588424683,-1.6966760158538818,-2.529461622238159,-3.1919078826904297,-0.8562731146812439,0.1817765086889267,0.37606295943260193,0.2796168029308319
0.24831771850585938,0.12136515974998474,-2.63002347946167,-0.4416825473308563,0.8563850522041321,-0.13616816699504852,-0.23017258942127228,-1.9764597415924072,-2.535102128982544,-10,5.537334442138672,-0.3405891954898834,-0.5491132140159607,-0.34369662404060364
0.4068070352077484,0.455742210149765,-2.6347696781158447,0.6283421516418457,0.672033965587616,0.21289098262786865,0.3289892375469208,-2.010012149810791,-2.4560508728027344,-3.201941728591919,2.9969162940979004,-1.4111137390136719,-1.520582675933838,-1.3960083723068237
0.04577130451798439,0.1748950332403183,-2.5706028938293457,0.5887484550476074,0.7426577806472778,0.08934356272220612,0.3063534200191498,-2.5354578495025635,-2.858506441116333,-3.901411294937134,16.11809539794922,0.6116695404052734,0.4477408230304718,0.5585905313491821
0.42898231744766235,0.36421772837638855,-2.93318247795105,0.9529669880867004,0.2280532866716385,0.17099066078662872,0.10299403965473175,-2.1627743244171143,-2.547264575958252,-2.892428398132324,16.11809539794922,-1.1692944765090942,-1.3697421550750732,-1.244268774986267
0.28135061264038086,0.47867244482040405,-2.6815879344940186,-0.26844266057014465,0.8820005655288696,0.32038819789886475,0.21763494610786438,-2.3389065265655518,-2.6785080432891846,-3.038714647293091,1.7331020832061768,0.028250187635421753,0.026481645181775093,0.10928555577993393
0.2892112135887146,0.3179507851600647,-2.821284532546997,-0.6283089518547058,0.746354341506958,0.0739593580365181,-0.20667147636413574,-7.725158214569092,-2.6361892223358154,-3.4188284873962402,5.537334442138672,-0.563014805316925,-0.7715387940406799,-0.6626156568527222
0.21841467916965485,0.6295728087425232,-2.8841586112976074,0.0499352402985096,0.4338541030883789,0.8651671409606934,-0.24650126695632935,-2.0732219219207764,-2.6086652278900146,-4.985916614532471,-1.984524130821228,1.0509018898010254,0.9972179532051086,1.1038738489151
0.6098265051841736,0.37148720026016235,-2.8758115768432617,-0.2495846450328827,0.36110055446624756,0.8846004605293274,-0.15746721625328064,-1.8623631000518799,-2.0814244747161865,-2.9453017711639404,1.827640175819397,-0.6395769715309143,-0.7898160219192505,-0.6546612977981567
0.08805940300226212,0.3600314259529114,-2.5736260414123535,0.7688577771186829,-0.613102376461029,-0.0435461662709713,-0.17625829577445984,-3.3232977390289307,-10,-2.7639453411102295,-0.7646061182022095,-0.5491132140159607,-0.7715387940406799,-0.598831832408905
0.37112340331077576,0.2632746696472168,-2.3776495456695557,0.7135599851608276,-0.061071980744600296,-0.6353486776351929,-0.28885021805763245,-1.7886940240859985,-2.0984809398651123,-2.3578107357025146,16.11809539794922,-0.7741006016731262,-0.8725086450576782,-0.7270236611366272
0.22905506193637848,0.4600529372692108,-2.499178171157837,0.5812967419624329,-0.267442524433136,-0.643925130367279,-0.419438898563385,-2.211611747741699,-2.458420515060425,-3.1962788105010986,-1.1249831914901733,-1.059658408164978,-1.2789759635925293,-1.0653122663497925
0.2150929719209671,0.4427010416984558,-2.428818464279175,0.6697099208831787,0.4367748498916626,-0.6005613803863525,0.006511998362839222,-1.9456146955490112,-2.5677998065948486,-3.056276798248291,-0.714046061038971,0.5668602585792542,0.4710187613964081,0.5271425247192383
0.37060287594795227,0.6746513247489929,-2.651761293411255,-0.4993067979812622,-0.18624448776245117,0.8424525260925293,-0.0792432427406311,-2.101402521133423,-2.914685010910034,-3.9600157737731934,-0.5626718997955322,0.35472923517227173,0.40348514914512634,0.483513742685318
0.47710028290748596,0.5748310685157776,-2.7403664588928223,0.7506870031356812,-0.5702474117279053,0.3103528320789337,0.1223439872264862,-10,-3.126073122024536,-3.2086191177368164,1.1355558633804321,-0.3405891954898834,-0.45180198550224304,-0.34369662404060364
0.5020310282707214,0.6331256031990051,-2.545675039291382,0.7647647857666016,0.5354368686676025,0.35041871666908264,-0.07515896111726761,-1.962470293045044,-2.253617525100708,-2.732682943344116,0.4653542637825012,-0.69620680809021,-0.6859492063522339,-0.589573323726654
0.2892112135887146,0.597441554069519,-2.548614978790283,-0.4403001070022583,0.8288650512695312,-0.09746046364307404,0.3310891091823578,-10,-3.507094144821167,-2.266719341278076,-1.1569843292236328,-0.173770010471344,-0.1459668129682541,-0.012020809575915337
0.8573467135429382,0.45532482862472534,-2.523719549179077,0.8812355399131775,-0.15537364780902863,-0.3504210114479065,-0.27656471729278564,-1.4865338802337646,-1.8444197177886963,-2.445878505706787,16.11809539794922,-1.7236175537109375,-1.757350206375122,-1.7011834383010864
0.1543731838464737,0.044112659990787506,-2.0454509258270264,-0.564717710018158,0.8204132318496704,0.0739593580365181,0.05045825615525246,-10,-2.7606043815612793,-1.7250258922576904,5.537334442138672,-0.813243567943573,-1.188586711883545,-1.2111563682556152
0.1543731838464737,0.2965964376926422,-2.3215537071228027,0.8079541325569153,-0.5591880679130554,0.1527571827173233,-0.10575497150421143,-3.12619948387146,-2.6906208992004395,-10,5.537334442138672,-0.006950825918465853,-0.03475402295589447,0.26862794160842896
0.5002025961875916,0.4135250449180603,-2.3026068210601807,0.537519633769989,0.8353087306022644,0.11410565674304962,0.017659833654761314,-1.9276349544525146,-2.096754312515259,-2.9212355613708496,3.38857364654541,-1.6599727869033813,-1.7086195945739746,-1.565782904624939
0.5812062621116638,0.5718091130256653,-2.356088399887085,0.894848644733429,0.1434715837240219,0.2963659167289734,0.3013785183429718,-2.1097986698150635,-2.7523610591888428,-3.4780919551849365,-0.4721716046333313,-0.29972440004348755,-0.3696058690547943,-0.3160754144191742
0.16194474697113037,0.4873369336128235,-2.189180850982666,-0.09141481667757034,0.9153605103492737,0.3870794177055359,0.0626741498708725,-2.361380100250244,-3.2188007831573486,-3.695810079574585,2.269101619720459,-0.3533565402030945,-0.6928505301475525,-0.6868724226951599
0.3044465184211731,0.40714216232299805,-2.049730062484741,0.6482135057449341,0.4049093723297119,-0.6426884531974792,0.05309569090604782,-2.370945692062378,-2.644242286682129,-3.5410144329071045,16.11809539794922,-1.245753288269043,-1.429205060005188,-1.4021438360214233
0.4790138304233551,0.20827250182628632,-1.9953997135162354,0.7516064643859863,0.49803608655929565,0.3513478934764862,0.2521951496601105,-1.7842587232589722,-2.6104650497436523,-2.7095391750335693,16.11809539794922,-0.2894417643547058,-0.5289680361747742,-0.3874112367630005
0.7342278957366943,0.3182484805583954,-1.9024512767791748,0.79918372631073,-0.2888167202472687,-0.2714293897151947,-0.4519030451774597,-1.846667766571045,-2.6007916927337646,-3.3959262371063232,-0.1565263867378235,0.49378329515457153,0.35735204815864563,0.3538888990879059
0.14399690926074982,0.537405788898468,-2.074530601501465,0.664264976978302,-0.23068296909332275,-0.5561198592185974,-0.4430215656757355,-2.495260000228882,-2.8179843425750732,-3.6869266033172607,0.757835865020752,0.2621978521347046,0.2621538043022156,0.549248456954956
0.18348895013332367,0.5782485008239746,-2.1360280513763428,0.8677315711975098,0.4550769031047821,0.10389859974384308,0.17073945701122284,-2.5066730976104736,-3.2561378479003906,-4.081203460693359,0.8301997184753418,-0.5313475131988525,-0.6326170563697815,-0.37443915009498596
0.16256718337535858,0.5928332805633545,-2.0704307556152344,0.580000102519989,0.7324916124343872,-0.03375508263707161,0.35484713315963745,-2.716055154800415,-3.147012710571289,-5.682640552520752,0.6462323665618896,-0.725559413433075,-0.7903634905815125,-0.4522709250450134
0.2183167040348053,0.5551438331604004,-1.9942667484283447,0.6575391292572021,0.0467078723013401,-0.665004312992096,-0.35104119777679443,-2.653907060623169,-3.2001614570617676,-3.777954578399658,16.11809539794922,-0.4190520942211151,-0.4820854663848877,-0.11904085427522659
0.2844507098197937,0.567669153213501,-2.024848222732544,0.541269063949585,0.26899775862693787,-0.7965048551559448,0.015748072415590286,-2.679330587387085,-3.1030099391937256,-4.2563347816467285,16.11809539794922,-0.46580979228019714,-0.6842830181121826,-0.6533766984939575
0.6926200985908508,0.5936731100082397,-2.4824090003967285,0.8877682685852051,-0.27717480063438416,-0.13755059242248535,0.3407660126686096,-2.5513296127319336,-3.507094144821167,-10,2.1756255626678467,-0.1459668129682541,-0.173770010471344,-0.08856137841939926
0.8182084560394287,0.5921259522438049,-2.3366353511810303,-0.2710387706756592,0.34527283906936646,0.7230300903320312,0.5334343314170837,-2.141371965408325,-2.2367560863494873,-3.0254621505737305,0.563441812992096,-0.8662302494049072,-0.9888635277748108,-0.9588154554367065
0.8538955450057983,0.472201943397522,-2.2687065601348877,0.6506848335266113,0.6006307005882263,0.45498281717300415,-0.0940350592136383,-2.0742621421813965,-2.551713466644287,-3.120485782623291,3.7919387817382812,-1.277395486831665,-1.4489496946334839,-1.3992818593978882
0.9323288798332214,0.5068977475166321,-2.146657943725586,-0.47840309143066406,0.0744805783033371,0.560011088848114,0.67228764295578,-1.806456446647644,-2.838156223297119,-4.812149524688721,0.17494213581085205,-0.4515402317047119,-0.6702100038528442,-0.7079423666000366
0.6468857526779175,0.322647362947464,-2.0014266967773438,0.558603048324585,0.7692810297012329,-0.2958082854747772,-0.0930958241224289,-2.269949436187744,-2.403404712677002,-3.7367773056030273,1.6764706373214722,-1.3030160665512085,-1.670109510421753,-1.6422522068023682
1.0990382432937622,0.45298558473587036,-2.0814566612243652,0.41671672463417053,0.859510600566864,0.29447221755981445,0.029577961191534996,-1.8382230997085571,-2.3841159343719482,-3.7103519439697266,3.5384738445281982,-1.5893855094909668,-1.6398296356201172,-1.6584140062332153
1.075709342956543,0.5108598470687866,-2.1038811206817627,-0.4907079041004181,-0.10980773717164993,0.7725003361701965,0.3878030776977539,-1.6596615314483643,-3.019350290298462,-3.194056749343872,-0.30806052684783936,-0.6155054569244385,-0.7861128449440002,-0.8233603239059448
1.1512904167175293,0.2557719647884369,-3.0262773036956787,0.6894396543502808,-0.6435155272483826,0.32417699694633484,0.0739593580365181,-2.0462653636932373,-10,-1.8503429889678955,5.537334442138672,-1.07737398147583,-0.8827515840530396,-0.9942914247512817
1.7945886850357056,0.34113770723342896,-2.421295642852783,0.5116708874702454,-0.002389291999861598,-0.856143593788147,-0.07214831560850143,-1.5372891426086426,-1.6822208166122437,-2.1249425411224365,2.2886955738067627,0.15290358662605286,0.04137556999921799,0.10487745702266693
1.9271618127822876,0.3474700450897217,-2.9860634803771973,0.7762516736984253,-0.5661001205444336,-0.27717480063438416,-0.01175055280327797,-2.0462653636932373,-10,-2.0443825721740723,5.537334442138672,-0.7715387940406799,-0.688129186630249,-0.6626156568527222
2.335489511489868,0.476242333650589,-2.968777894973755,0.8200727701187134,0.4831513464450836,-0.2523201107978821,-0.17429867386817932,-2.00190806388855,-2.120546340942383,-2.753044843673706,16.11809539794922,1.7411189079284668,1.4694205522537231,1.2990179061889648
2.1808066368103027,0.39943885803222656,-2.5532515048980713,0.5231473445892334,-0.4066098928451538,-0.3070492446422577,-0.6831588745117188,-2.170565366744995,-2.3502111434936523,-2.968416213989258,16.11809539794922,0.657721221446991,0.35023367404937744,0.2757675349712372
1.9193508625030518,0.679154098033905,-2.613741636276245,0.447193443775177,0.1469402015209198,0.4929860532283783,0.7317044138908386,-2.222200632095337,-2.5777642726898193,-3.604008913040161,0.43462812900543213,1.7724539041519165,1.6727828979492188,1.5152899026870728
1.6451700925827026,0.24181285500526428,-2.0173771381378174,0.5325700640678406,0.8130707740783691,-0.16347043216228485,-0.169004425406456,-2.0232155323028564,-2.390683889389038,-3.498274564743042,16.11809539794922,-1.1362345218658447,-1.3204939365386963,-1.3342541456222534
2.1235735416412354,0.2195008397102356,-1.9165029525756836,-0.3744054138660431,0.3204383850097656,0.6262675523757935,0.6040933728218079,-1.699766993522644,-2.3188583850860596,-3.5056281089782715,16.11809539794922,1.6133780479431152,1.1244980096817017,1.0750001668930054
1.39424467086792,0.5210202932357788,-2.257280111312866,-0.06463194638490677,0.7809356451034546,0.4350835382938385,0.4434688091278076,-1.5192426443099976,-2.0564043521881104,-2.2081456184387207,1.7860835790634155,-0.8319363594055176,-0.8303127288818359,-0.9136690497398376
1.2293362617492676,0.4282485246658325,-1.9751547574996948,0.9277894496917725,-0.31694817543029785,0.12974508106708527,0.14804337918758392,-1.9985299110412598,-2.6258203983306885,-3.8200364112854004,16.11809539794922,-1.1667039394378662,-1.279019832611084,-1.3808586597442627
1.2664715051651,0.12694379687309265,-1.9601287841796875,0.5022880434989929,0.6285355687141418,0.5448881387710571,0.23610728979110718,-1.7078793048858643,-1.9735623598098755,-3.1782469749450684,3.4960896968841553,-0.36631500720977783,-0.6351205706596375,-0.6299937963485718
1.7226942777633667,0.5088838338851929,-2.4603404998779297,0.6614631414413452,-0.6227793097496033,-0.0739593580365181,-0.41126933693885803,-2.7812774181365967,-2.09187388420105,-10,5.537334442138672,-0.45180198550224304,-0.6603260040283203,-0.5860750675201416
1.9128389358520508,0.5110393166542053,-2.4111950397491455,-0.4613173305988312,0.13073629140853882,0.6971907615661621,0.5329346656799316,-1.988153338432312,-2.8714282512664795,-3.1869208812713623,16.11809539794922,-1.1310908794403076,-1.4041142463684082,-1.4312341213226318
1.7969000339508057,0.6493738293647766,-2.5969715118408203,-0.33343827724456787,0.40424129366874695,0.3387046158313751,0.781464695930481,-2.048341989517212,-2.7729556560516357,-3.8273351192474365,2.2588212490081787,1.456501841545105,1.3035942316055298,1.273677945137024
2.214341878890991,0.6264368295669556,-2.480619192123413,0.7512317895889282,0.03329634666442871,-0.5592111945152283,-0.3490343391895294,-2.0435781478881836,-2.9790055751800537,-3.471583127975464,16.11809539794922,0.5132560133934021,-0.20953284204006195,-0.2834664285182953
2.127657175064087,0.6436394453048706,-2.3263442516326904,0.4442334473133087,0.8094121813774109,0.2388020008802414,-0.3008025884628296,-2.21127986907959,-2.4446685314178467,-4.515421390533447,16.11809539794922,0.8755268454551697,0.2208990901708603,0.23266589641571045
1.8833447694778442,0.390402615070343,-1.9513154029846191,0.6498218178749084,-0.5940310955047607,-0.2867443263530731,-0.3776722848415375,-2.315897226333618,-3.187370777130127,-3.8557422161102295,16.11809539794922,1.3693000078201294,1.1605122089385986,1.1280617713928223
1.955938696861267,0.5281110405921936,-2.166249990463257,0.7006919980049133,-0.06716863065958023,-0.49172234535217285,-0.5125702619552612,-2.150022029876709,-3.2549760341644287,-4.4327192306518555,16.11809539794922,-0.6193657517433167,-0.9583619832992554,-1.1587378978729248
2.1463265419006348,0.4355821907520294,-2.0869579315185547,0.5571846961975098,-0.4240352511405945,-0.35308003425598145,-0.6205431818962097,-2.3642642498016357,-2.7629597187042236,-4.092653274536133,2.0238776206970215,0.7872375845909119,0.5212293863296509,0.5701079964637756
2.253675937652588,0.2976856529712677,-1.8527202606201172,0.529585599899292,-0.17693136632442474,-0.4962999224662781,-0.6647711992263794,-1.8814834356307983,-2.251514434814453,-2.8125720024108887,1.6080576181411743,1.689513921737671,1.464158535003662,1.2556639909744263
1.7768505811691284,0.4624066948890686,-2.203364133834839,0.8284360766410828,-0.46794846653938293,-0.19284729659557343,0.2398495078086853,-3.2288546562194824,-2.1774091720581055,-10,1.7423112392425537,0.9661611318588257,0.8827515244483948,0.7916551828384399
1.6277251243591309,0.6990780234336853,-2.287074327468872,0.9629923701286316,0.05511558800935745,-0.261487752199173,0.035102423280477524,-2.2143852710723877,-2.530128240585327,-2.763737678527832,0.12840601801872253,-0.95218425989151,-0.870421290397644,-0.9322667121887207
2.2630972862243652,0.48415881395339966,-2.184955358505249,0.6323235630989075,-0.49712398648262024,-0.1592983454465866,-0.5724148154258728,-2.37827205657959,-2.945666551589966,-4.1236066818237305,0.5781967639923096,0.32244405150413513,-0.05477374792098999,0.021182890981435776
0.504384458065033,0.8073757886886597,-2.9062998294830322,0.8285619020462036,-0.24905931949615479,-0.4862062335014343,0.12271146476268768,-2.5110361576080322,-2.9353060722351074,-3.1214230060577393,-0.7083823084831238,0.41202476620674133,0.4740312397480011,0.4802277386188507
0.5444082617759705,0.6600194573402405,-2.8864009380340576,-0.5896012783050537,0.6989619731903076,-0.37809130549430847,0.1444626748561859,-3.6629321575164795,-2.469818115234375,-10,5.537334442138672,-0.6603260040283203,-0.7020307779312134,-0.7437355518341064
0.4495428800582886,0.7028899192810059,-2.7471530437469482,-0.4983616769313812,0.7639253735542297,-0.3490605354309082,0.21496598422527313,-3.620297431945801,-5.0580735206604,-3.8354225158691406,0.7827593684196472,1.7724539041519165,1.7724539041519165,1.7724539041519165
0.5992124080657959,0.792168915271759,-2.678323984146118,0.6976804733276367,0.6115336418151855,0.3708621859550476,0.041590526700019836,-2.2064669132232666,-2.7648773193359375,-3.924818992614746,-0.5188874006271362,-0.4407958388328552,-0.31460708379745483,-0.328203022480011
0.5603721737861633,1.0337097644805908,-2.6100668907165527,0.8059244155883789,-0.13273996114730835,-0.5056058168411255,0.2779005169868469,-2.0927703380584717,-2.7303659915924072,-3.3491275310516357,0.2953675091266632,-0.7600044012069702,-0.5927251577377319,-0.7508477568626404
0.6025998592376709,1.00821852684021,-2.7638356685638428,0.9769564270973206,0.04532039538025856,0.19468440115451813,-0.07483436912298203,-2.0897605419158936,-2.7917637825012207,-3.6767022609710693,-1.1015009880065918,-0.1782136708498001,-0.008300509303808212,-0.15153934061527252
0.6647750735282898,0.7694351673126221,-2.668553113937378,0.7443364262580872,-0.5661001205444336,-0.23846709728240967,-0.261968195438385,-2.35288405418396,-10,-4.571898460388184,2.7725887298583984,-0.6047195792198181,-0.5352115631103516,-0.5769163966178894
0.6515143513679504,0.651061475276947,-2.618093967437744,0.7198346853256226,-0.610337495803833,0.3103528320789337,0.11404947936534882,-10,-2.352525472640991,-2.389747142791748,-0.7286538481712341,-1.2163898944854736,-1.7724539041519165,-1.4666187763214111
0.6382535696029663,0.7854316234588623,-2.75637149810791,0.7580993175506592,-0.6241617202758789,-0.09884288161993027,0.1610516905784607,-10,-2.985905170440674,-3.6211040019989014,5.537334442138672,-0.29888439178466797,-0.1459668129682541,-0.173770010471344
0.8732860684394836,0.743216335773468,-2.4540908336639404,0.19275692105293274,0.3904390335083008,0.6797887086868286,0.5901604890823364,-2.4127731323242188,-3.015458106994629,-3.096097230911255,0.35495853424072266,-0.33600544929504395,-0.37267062067985535,-0.41205886006355286
0.6647750735282898,1.0759271383285522,-2.998478651046753,0.8052317500114441,-0.41265174746513367,-0.2315549999475479,0.3573550283908844,-10,-3.2517683506011963,-3.41847562789917,3.567518711090088,-0.5074083805084229,-0.2849828004837036,-0.5491132140159607
0.7801517844200134,1.1203832626342773,-2.785367965698242,-0.2627987861633301,0.39659103751182556,0.7904883027076721,0.385720819234848,-2.097654342651367,-2.4811954498291016,-3.2344369888305664,-2.168816566467285,0.5107501149177551,0.6914992332458496,0.450420618057251
0.6827303171157837,1.1743065118789673,-2.826645851135254,0.8422238826751709,0.09640033543109894,-0.5193560123443604,-0.10786691308021545,-2.2067818641662598,-2.961512327194214,-3.326267957687378,0.27502065896987915,-0.09990470111370087,0.18034791946411133,-0.040668047964572906
0.9841505885124207,1.3409050703048706,-2.9461913108825684,0.7592533826828003,-0.26199859380722046,-0.4520885944366455,-0.38795220851898193,-1.9658936262130737,-2.459667444229126,-3.2789320945739746,-1.4069644212722778,-0.27738770842552185,-0.048640936613082886,-0.2634611427783966
1.1074392795562744,1.3744200468063354,-3.0484745502471924,0.740165114402771,-0.2789985239505768,-0.4372616112232208,-0.4279225170612335,-2.5686841011047363,-2.7183117866516113,-3.4403088092803955,16.11809539794922,-0.11721570789813995,0.19884932041168213,-0.11353494226932526
0.5841904878616333,0.9716302752494812,-2.731142044067383,0.8958556056022644,-0.19975939393043518,0.1914648860692978,-0.34767812490463257,-3.1629433631896973,-2.931168794631958,-10,-0.19671028852462769,-0.7715387940406799,-0.6603260040283203,-0.7854403853416443
0.8137035369873047,1.1072801351547241,-2.6753456592559814,0.850619375705719,-0.4264759421348572,0.261968195438385,-0.1610516905784607,-10,-3.478533983230591,-3.2314341068267822,5.537334442138672,-0.6742275953292847,-0.5352115631103516,-0.5352115631103516
0.7188381552696228,1.1527100801467896,-2.7631640434265137,-0.5329221487045288,0.7599775791168213,0.11266706138849258,0.35459020733833313,-10,-2.1335792541503906,-2.4715778827667236,-1.1143606901168823,-0.6603260040283203,-0.3405891954898834,-0.563014805316925
1.0426002740859985,1.3003500699996948,-2.6717453002929688,0.7022560834884644,0.6685187816619873,0.11751455068588257,0.21473097801208496,-2.1000587940216064,-2.782504081726074,-2.9756176471710205,1.2675098180770874,-1.1836258172988892,-0.9886151552200317,-1.0289613008499146
0.8254903554916382,1.3267364501953125,-2.6640803813934326,0.6127247214317322,0.714392364025116,0.1047993004322052,0.3212927579879761,-2.296509027481079,-2.5794432163238525,-3.8230090141296387,1.3314508199691772,-0.353634774684906,-0.08793620765209198,-0.2396201193332672
0.7727031707763672,1.217308521270752,-2.5214507579803467,0.754101037979126,-0.06635821610689163,-0.6335093379020691,-0.15998151898384094,-1.9178292751312256,-2.904776096343994,-3.327779531478882,0.01626989059150219,-1.0520530939102173,-0.8876914381980896,-0.9722241759300232
0.8677666187286377,1.253807544708252,-2.568119764328003,-0.5743946433067322,0.8180875182151794,-0.02004506066441536,0.02004506066441536,-3.1086809635162354,-10,-3.41847562789917,5.537334442138672,-0.7715387940406799,-0.6603260040283203,-0.6603260040283203
1.3146203756332397,0.8176578879356384,-2.4639787673950195,0.3444536030292511,0.869281530380249,-0.27944716811180115,0.21819856762886047,-1.7141717672348022,-1.7993887662887573,-2.9161996841430664,16.11809539794922,-1.5224840641021729,-1.5332099199295044,-1.5137511491775513
0.6823128461837769,0.8604037761688232,-2.1215786933898926,0.5755494832992554,0.317020058631897,-0.7524136304855347,0.045987047255039215,-2.231590747833252,-2.5450174808502197,-2.868403673171997,0.5496747493743896,-1.1231987476348877,-1.0821846723556519,-1.2008894681930542
0.7188381552696228,0.7796729207038879,-2.06158709526062,0.8929924964904785,-0.41265174746513367,0.17764070630073547,0.026957150548696518,-3.1861987113952637,-3.0484611988067627,-10,4.139158725738525,-0.8827515840530396,-0.8827515840530396,-0.8966531753540039
0.624992847442627,0.9140430688858032,-2.054309129714966,0.7213278412818909,-0.6366034746170044,0.21496598422527313,0.16796378791332245,-10,-2.7278616428375244,-2.728760004043579,0.38915154337882996,-0.9800627827644348,-0.9105547666549683,-1.035669207572937
0.7221449613571167,1.2842199802398682,-2.4307024478912354,0.45606565475463867,0.6450705528259277,0.29229751229286194,0.5389343500137329,-2.2808942794799805,-2.472838878631592,-2.842707872390747,0.26988479495048523,-0.7801805734634399,-0.5945180654525757,-0.6703557968139648
0.8059030771255493,1.1201320886611938,-2.169909954071045,0.9255281686782837,0.20646077394485474,-0.26718634366989136,0.17141485214233398,-2.2184324264526367,-2.97584867477417,-3.3845949172973633,0.259937047958374,-1.1975234746932983,-1.108693242073059,-1.2402702569961548
0.7463797330856323,1.2416503429412842,-2.337172031402588,0.6361432671546936,-0.6061902642250061,-0.23017258942127228,-0.4181814193725586,-3.620297431945801,-10,-3.5042030811309814,5.537334442138672,-0.6603260040283203,-0.6047195792198181,-0.563014805316925
1.2991704940795898,1.2766073942184448,-2.492053747177124,-0.41349005699157715,0.7518971562385559,0.5116932988166809,0.04297289997339249,-1.851042628288269,-2.09466814994812,-2.4303205013275146,0.17721475660800934,-1.7104467153549194,-1.6359148025512695,-1.6630022525787354
0.6964062452316284,1.0818085670471191,-2.2271955013275146,0.6336901783943176,0.37814727425575256,0.260028600692749,0.6227571964263916,-1.7788476943969727,-2.485708236694336,-4.012994766235352,-0.8851416110992432,-1.1971991062164307,-1.0598801374435425,-1.1711684465408325
0.7596404552459717,1.1002416610717773,-2.2522644996643066,0.712933361530304,-0.6739287376403809,0.15137477219104767,0.12096156924962997,-3.5892903804779053,-2.6496665477752686,-10,1.8055528402328491,-1.3137011528015137,-1.2163898944854736,-1.2580947875976562
0.8636088967323303,1.2620726823806763,-1.9816123247146606,-0.3185735046863556,0.7254449725151062,0.6100996136665344,-0.004354598466306925,-1.7519872188568115,-2.8778059482574463,-3.7335028648376465,-1.9758967161178589,-0.6354729533195496,-0.5330830812454224,-0.7027539610862732
1.1429110765457153,1.0307284593582153,-2.0818428993225098,0.7883665561676025,-0.11314873397350311,-0.4955446422100067,-0.3465704321861267,-2.094095230102539,-2.678921699523926,-3.0085222721099854,0.4948255717754364,-1.1989916563034058,-1.099585771560669,-1.2262319326400757
0.8137035369873047,1.2134965658187866,-2.088757276535034,0.7485531568527222,-0.37256163358688354,-0.3794737160205841,0.3960627317428589,-2.1978485584259033,-2.430720567703247,-10,-1.6236225366592407,-0.45180198550224304,-0.1459668129682541,-0.563014805316925
0.9075488448143005,1.226293683052063,-2.153286933898926,-0.46380123496055603,0.8365990519523621,0.26888027787208557,-0.11266706138849258,-2.651326894760132,-3.5019924640655518,-10,5.537334442138672,-0.7576372027397156,-0.7020307779312134,-0.6603260040283203
1.7399179935455322,0.8007321953773499,-2.833836317062378,0.25691768527030945,0.4357776343822479,0.44280552864074707,0.7402799725532532,-1.9610141515731812,-2.485941171646118,-2.9977777004241943,16.11809539794922,-0.6574134230613708,-0.6989129781723022,-0.7277306318283081
1.5593658685684204,0.8660537004470825,-2.8213863372802734,-0.5564232468605042,0.8206018805503845,-0.11266706138849258,0.0656648501753807,-10,-3.032822370529175,-2.1325650215148926,5.537334442138672,-0.29888439178466797,-0.35449081659317017,-0.45180198550224304
1.6965762376785278,0.723888635635376,-2.6732983589172363,0.540655255317688,0.003422167617827654,-0.820425271987915,0.18596388399600983,-2.04105281829834,-2.3136119842529297,-2.911836862564087,0.8388570547103882,-1.5149729251861572,-1.6284922361373901,-1.653525948524475
1.5185635089874268,0.8506971001625061,-2.6142125129699707,0.7309315204620361,-0.3711792230606079,0.5425990223884583,-0.1831703782081604,-10,-2.6887640953063965,-2.9820454120635986,5.537334442138672,-0.7715387940406799,-0.7715387940406799,-0.7437355518341064
1.7160414457321167,0.8302059173583984,-2.6130402088165283,0.6670784950256348,0.4948740005493164,0.5360738635063171,0.1507675051689148,-2.2212302684783936,-2.7524068355560303,-3.56061053276062,0.4329761266708374,-0.1351216435432434,-0.12872043251991272,-0.17078430950641632
2.242804527282715,0.6376244425773621,-2.8456454277038574,-0.5356869697570801,0.8100376725196838,0.0034560449421405792,0.23846709728240967,-3.445882797241211,-3.1657538414001465,-4.493964672088623,5.537334442138672,-1.7724539041519165,-1.7724539041519165,-1.7724539041519165
2.1957874298095703,0.8282415866851807,-2.6483986377716064,0.5157738924026489,-0.560826301574707,-0.38805338740348816,-0.5185226202011108,-2.0137925148010254,-2.594071865081787,-3.478752613067627,-1.8325697183609009,1.7724539041519165,0.6244411468505859,0.5496578216552734
2.2561421394348145,0.7141493558883667,-2.7928171157836914,-0.46146440505981445,0.14250537753105164,0.872175395488739,-0.07780048996210098,-1.8112154006958008,-2.419391393661499,-3.297499418258667,0.5971327424049377,0.6758925318717957,0.5485190749168396,0.5376487970352173
1.7069891691207886,0.8952149748802185,-2.4672324657440186,0.6760302186012268,0.37207338213920593,0.47299492359161377,0.4252297282218933,-1.8317828178405762,-2.579741954803467,-3.1734583377838135,0.10261300951242447,0.6260683536529541,0.7397106885910034,0.7454838156700134
1.4733872413635254,1.2349778413772583,-2.9186503887176514,0.4637991786003113,0.5239772796630859,0.6742271780967712,0.2361266314983368,-2.0909695625305176,-2.9336373805999756,-3.349881172180176,-0.720437228679657,0.31596362590789795,0.5260786414146423,0.4307600259780884
2.0918359756469727,1.059930682182312,-2.9475343227386475,-0.6725463271141052,0.7105463743209839,0.05875276401638985,0.19837696850299835,-10,-2.7278616428375244,-2.4910614490509033,-0.2443457543849945,-0.2015732079744339,0.13206516206264496,-0.2015732079744339
1.831721305847168,1.1776645183563232,-2.699119806289673,0.795508861541748,-0.5688650012016296,0.09746046364307404,-0.18455280363559723,-2.430401563644409,-2.5949301719665527,-10,-0.03922071307897568,-0.3405891954898834,-0.006950825918465853,-0.2015732079744339
1.8164851665496826,1.2617759704589844,-2.5140576362609863,-0.11916407197713852,0.5474774241447449,0.6379624605178833,0.5282729268074036,-2.34725022315979,-3.045179605484009,-3.856117010116577,-0.19289769232273102,-0.06421959400177002,0.18158338963985443,0.055081527680158615
1.5396651029586792,0.8572319149971008,-2.4025449752807617,0.2364172339439392,0.5507687926292419,0.748145341873169,-0.28467386960983276,-2.549117088317871,-3.0601253509521484,-3.750279664993286,1.4249680042266846,0.03705032542347908,0.02740928716957569,0.08191462606191635
1.6671561002731323,0.7766388058662415,-2.056225061416626,-0.498428076505661,0.33288300037384033,0.35262343287467957,0.7186203002929688,-2.281424045562744,-2.903989553451538,-3.554673194885254,0.38193655014038086,-0.6902093887329102,-0.5232842564582825,-0.7103003263473511
1.4207028150558472,1.002833604812622,-2.091219425201416,-0.025310516357421875,0.7419489026069641,0.5859673023223877,-0.3248284161090851,-1.9740198850631714,-2.272670269012451,-2.8078746795654297,1.626275897026062,-1.7155050039291382,-1.6909136772155762,-1.7134791612625122
1.6409704685211182,0.8519768118858337,-2.1445536613464355,0.6373347640037537,-0.5439814925193787,-0.46518364548683167,0.28546929359436035,-3.5892903804779053,-10,-3.06777286529541,1.54044508934021,-0.09036041796207428,0.31278595328330994,0.0625571683049202
1.750645399093628,0.6753767728805542,-2.0402143001556396,0.6508699655532837,-0.27911046147346497,-0.7038331627845764,-0.055538713932037354,-2.3751940727233887,-3.1267974376678467,-4.216625213623047,0.12933292984962463,-0.23799315094947815,-0.11744729429483414,-0.3237806558609009
1.4794719219207764,1.004159927368164,-2.380577564239502,0.49863946437835693,0.8305612802505493,0.21011225879192352,0.13183148205280304,-2.2743213176727295,-2.739046812057495,-3.774871826171875,-0.18967534601688385,-1.4732537269592285,-1.3333992958068848,-1.3571285009384155
1.6814433336257935,1.2396084070205688,-2.3812270164489746,0.5786730647087097,-0.07943002134561539,-0.7981134057044983,0.14779497683048248,-2.1533234119415283,-2.8438570499420166,-2.933619737625122,1.0789610147476196,-1.2062523365020752,-1.054279088973999,-1.1968317031860352
1.6409704685211182,1.253807544708252,-2.3206756114959717,0.8869714140892029,-0.4485946297645569,0.09746046364307404,0.05045825615525246,-3.1861987113952637,-2.6887640953063965,-10,-0.133531391620636,-1.7724539041519165,-1.6473394632339478,-1.7724539041519165
1.7164150476455688,1.0637208223342896,-2.273080587387085,-0.3738304674625397,0.14910981059074402,0.7357831001281738,0.5446469187736511,-1.9369795322418213,-3.0338516235351562,-4.140687942504883,-0.8923583030700684,-0.3854530155658722,-0.19459421932697296,-0.34206193685531616
1.4170359373092651,1.1530060768127441,-2.0205538272857666,0.7585824728012085,0.5359795093536377,-0.11806986480951309,-0.35119521617889404,-2.002962827682495,-2.4507787227630615,-3.1737754344940186,0.07350294291973114,-0.4354107081890106,-0.21018826961517334,-0.34490156173706055
1.4555693864822388,1.421159029006958,-2.2775044441223145,0.8872332572937012,-0.24314552545547485,-0.2059568166732788,-0.33358529210090637,-2.293074607849121,-3.042966842651367,-3.6499741077423096,-0.3260971009731293,-0.4379531145095825,-0.3234141170978546,-0.43905356526374817
1.4481110572814941,1.292428970336914,-2.025041103363037,0.9408596754074097,-0.2069586217403412,0.23238494992256165,0.1339719444513321,-2.5011043548583984,-2.891448974609375,-3.462104320526123,-0.7411379218101501,-0.016296202316880226,0.31744420528411865,0.07309048622846603
1.5258923768997192,1.1298757791519165,-2.006479263305664,0.8996168971061707,-0.19337806105613708,0.3181605935096741,-0.22818465530872345,-1.9088294506072998,-2.5341498851776123,-3.3375978469848633,-1.7896008491516113,0.786662757396698,1.0945563316345215,0.9844658970832825
1.6187769174575806,1.4343035221099854,-2.575953245162964,0.5931217074394226,-0.37020164728164673,-0.4206051826477051,-0.5781424045562744,-1.940615177154541,-2.5426065921783447,-3.20013427734375,1.0400532484054565,-1.752830147743225,-1.748111605644226,-1.7544782161712646
2.826467752456665,0.6889918446540833,-3.5520663261413574,0.9572865962982178,-0.05983520671725273,-0.2811514437198639,-0.031241336837410927,-1.6989352703094482,-1.9104119539260864,-2.8823559284210205,2.681217908859253,-0.0050087603740394115,-0.3440062403678894,-0.2690292298793793
2.5338480472564697,0.36893007159233093,-3.227783679962158,0.7942503094673157,0.4688171148300171,-0.20907273888587952,0.32506242394447327,-1.886238932609558,-2.340134620666504,-2.9984045028686523,16.11809539794922,0.7272394895553589,0.7411777973175049,0.6742693185806274
2.7160563468933105,0.4726550579071045,-3.253875255584717,0.8901330232620239,-0.18331199884414673,-0.3147008419036865,0.27390381693840027,-2.079845905303955,-2.2501418590545654,-2.453795909881592,16.11809539794922,1.4785076379776,1.2422401905059814,1.174198865890503
2.6786749362945557,0.5750895738601685,-3.3421199321746826,0.4995799660682678,0.7919481992721558,-0.09911344945430756,0.3367706537246704,-2.324780225753784,-3.1200876235961914,-4.023134708404541,1.9732142686843872,-0.6234309673309326,-1.0535954236984253,-1.098775863647461
2.847011089324951,0.6033852696418762,-3.366666793823242,0.8284037113189697,-0.3650774359703064,-0.4081958532333374,-0.1176515594124794,-2.0661208629608154,-2.3732550144195557,-3.2298882007598877,2.8052709102630615,-0.43315356969833374,-0.8109785914421082,-0.77894526720047
2.9447717666625977,0.5476887226104736,-3.1724536418914795,0.5189116597175598,0.8083851337432861,-0.25940144062042236,0.0997748002409935,-1.7945457696914673,-2.4946582317352295,-3.4572720527648926,0.32563456892967224,0.3447422683238983,-0.016407618299126625,-0.05528106912970543
3.0098111629486084,0.4582847058773041,-3.3336994647979736,-0.06484337896108627,0.5445674061775208,0.8129175901412964,0.1959763616323471,-1.7691420316696167,-2.013439655303955,-3.610581874847412,16.11809539794922,0.690547525882721,0.42232298851013184,0.7584235668182373
3.171656847000122,0.5124238133430481,-2.9591565132141113,0.6935474872589111,0.6540693640708923,-0.21876543760299683,0.20815108716487885,-2.1564557552337646,-2.586932897567749,-2.7881784439086914,2.0873594284057617,0.6911409497261047,0.5670708417892456,0.4879155158996582
3.4497392177581787,0.5772746801376343,-3.174967050552368,0.8643759489059448,0.3820359706878662,0.2717691659927368,0.18178066611289978,-1.8868709802627563,-2.0292208194732666,-2.3575279712677,2.523292303085327,0.24329058825969696,-0.02038046531379223,0.13205458223819733
3.21457839012146,0.620904803276062,-3.0464658737182617,0.4649125933647156,0.8484104871749878,-0.10719004273414612,0.22927334904670715,-2.1737241744995117,-3.7134668827056885,-4.555976390838623,16.11809539794922,-0.7701499462127686,-1.0788917541503906,-1.0226136445999146
2.550685167312622,0.9638192057609558,-3.949023723602295,0.6180208921432495,0.7783083915710449,-0.013048744760453701,0.1100723147392273,-2.0887908935546875,-2.4532437324523926,-3.186833620071411,16.11809539794922,1.0603177547454834,0.7366430759429932,0.7417502403259277
2.7124826908111572,0.7708234190940857,-3.523737907409668,0.934051513671875,-0.2698657214641571,-0.23003219068050385,-0.04249027371406555,-1.7149107456207275,-3.111891984939575,-4.4202141761779785,16.11809539794922,-0.23929183185100555,-0.8212360143661499,-0.9267305135726929
2.6930582523345947,0.805139422416687,-3.5928280353546143,0.3446580469608307,0.6575585007667542,0.6666808128356934,-0.06606294214725494,-2.1401896476745605,-2.853466272354126,-4.730100154876709,-0.8373982310295105,-0.7899349927902222,-1.290392518043518,-1.3017760515213013
2.6988565921783447,0.8660978078842163,-3.5986101627349854,0.7414447069168091,0.6251835823059082,-0.17674441635608673,0.16782937943935394,-2.1479499340057373,-3.90376353263855,-4.326073169708252,1.3642815351486206,0.907263994216919,0.5241416096687317,0.6120827794075012
2.851824998855591,0.9808282852172852,-3.8838911056518555,-0.4115813076496124,0.2629518210887909,0.6045048236846924,0.6293100118637085,-1.9546481370925903,-2.3240644931793213,-2.7568252086639404,16.11809539794922,0.5608699321746826,0.35958728194236755,0.3829440474510193
2.9451229572296143,0.9105480313301086,-3.5464627742767334,0.5615084767341614,0.674752414226532,0.47751709818840027,-0.03734732046723366,-2.8273167610168457,-2.9445009231567383,-3.755675792694092,16.11809539794922,0.5066826939582825,0.17207100987434387,0.21366555988788605
3.151390790939331,0.9281055927276611,-3.5667169094085693,0.9758086204528809,0.07417798787355423,-0.20512531697750092,-0.014791671186685562,-2.108705520629883,-2.5430054664611816,-2.7640388011932373,16.11809539794922,0.5620558857917786,0.1365453153848648,0.16302283108234406
2.8753085136413574,1.084386944770813,-3.9240336418151855,0.5438935160636902,0.8244566917419434,0.06938367336988449,0.1401316374540329,-2.1735575199127197,-3.6033923625946045,-4.8505353927612305,0.1808476746082306,-0.9156861305236816,-1.1842955350875854,-1.0998767614364624
2.8167710304260254,1.0276572704315186,-3.780496120452881,0.787816047668457,-0.43617507815361023,-0.33454206585884094,-0.27781063318252563,-2.008024215698242,-2.6966710090637207,-3.3785150051116943,-1.5446512699127197,1.5577120780944824,1.4550397396087646,1.4527485370635986
3.028069496154785,1.0474326610565186,-3.996034860610962,0.9131053686141968,-0.3877682387828827,-0.12096156924962997,0.03525165840983391,-2.410632371902466,-3.107945680618286,-10,5.537334442138672,0.5491131544113159,0.3266875445842743,0.3822939395904541
3.1785459518432617,1.1213477849960327,-3.9675076007843018,0.7277410626411438,0.6495224833488464,0.17159512639045715,-0.13808928430080414,-2.2629964351654053,-2.899320602416992,-3.322587490081787,16.11809539794922,0.4928748607635498,0.20858173072338104,0.28833460807800293
3.055302143096924,0.9662966132164001,-3.8071627616882324,0.7264336943626404,-0.5301572680473328,-0.365649551153183,0.2398495078086853,-2.245046377182007,-2.80110764503479,-10,5.537334442138672,0.4379003345966339,0.3266875445842743,0.2710811495780945
3.26234769821167,1.0767080783843994,-3.7243807315826416,0.7438568472862244,-0.25726139545440674,-0.30339598655700684,-0.5370702743530273,-2.4840781688690186,-2.518336534500122,-3.328847885131836,16.11809539794922,0.10983957350254059,-0.22257918119430542,-0.16738568246364594
3.330583333969116,1.2182061672210693,-3.8658759593963623,0.6405978798866272,0.7220668792724609,-0.0599745437502861,0.2542770206928253,-1.639560341835022,-2.773627758026123,-3.40385365486145,1.3883769512176514,1.0841453075408936,0.8245550990104675,1.0080469846725464
3.1680116653442383,1.1178803443908691,-3.6969189643859863,0.7760698199272156,-0.43347951769828796,-0.38760796189308167,-0.24407216906547546,-2.1257145404815674,-3.850529909133911,-6.069110870361328,-1.1479722261428833,-1.3016287088394165,-1.661125659942627,-1.5380136966705322
3.189469814300537,1.0845609903335571,-3.739086627960205,0.5008326768875122,0.7745820879936218,0.08405180275440216,0.3769940137863159,-1.955588698387146,-2.6787607669830322,-3.0278408527374268,1.1924097537994385,0.9399359822273254,0.5562505125999451,0.5599901676177979
3.4374337196350098,1.1734715700149536,-3.7306978702545166,0.559685468673706,-0.6904857158660889,-0.25301533937454224,-0.38205358386039734,-1.6668027639389038,-2.8688642978668213,-2.95403790473938,4.50510311126709,0.6148979067802429,0.28290852904319763,0.37485459446907043
3.29131817817688,1.2160861492156982,-3.965198516845703,0.6872963905334473,-0.5453639030456543,-0.13755059242248535,0.45965397357940674,-4.732781887054443,-3.446254253387451,-10,4.840242385864258,-1.0634723901748657,-1.4388154745101929,-1.2719963788986206
3.5674893856048584,0.9834524989128113,-3.917550802230835,0.3671432435512543,0.5842562913894653,0.4800224006175995,0.5416907668113708,-1.926345944404602,-2.193789005279541,-2.712171792984009,0.7267350554466248,0.03220663219690323,-0.18574601411819458,0.13765332102775574
3.1372487545013428,1.0782427787780762,-3.670429229736328,0.9217574000358582,-0.3479347229003906,-0.12204668670892715,0.12003866583108902,-2.1072726249694824,-3.1748149394989014,-3.90673828125,-0.22719594836235046,-0.5274561047554016,-0.896670401096344,-0.8124740719795227
3.0851707458496094,1.0761924982070923,-3.6918177604675293,0.6993379592895508,-0.5576738119125366,-0.32034194469451904,-0.3119412660598755,-2.288546323776245,-3.7211713790893555,-4.301181793212891,0.27014896273612976,1.54659104347229,1.486053228378296,1.4257683753967285
3.3743128776550293,1.1477131843566895,-3.7705447673797607,0.7255886793136597,-0.6780760288238525,0.11404947936534882,0.026957150548696518,-2.410632371902466,-3.6429452896118164,-10,5.537334442138672,1.188586711883545,1.021767497062683,0.98006272315979
3.491952896118164,1.1525282859802246,-3.504856586456299,0.8922432065010071,-0.3767952024936676,-0.24422875046730042,-0.04774724692106247,-2.3433241844177246,-2.728415012359619,-4.820427417755127,0.07462670654058456,-0.5940126180648804,-1.1609312295913696,-1.179763674736023
2.9710261821746826,0.7847303152084351,-3.3698506355285645,0.4168156385421753,0.8705565929412842,0.18661609292030334,0.18322232365608215,-2.1126902103424072,-3.3612990379333496,-4.720442295074463,1.5993574857711792,-0.945184051990509,-1.3263435363769531,-1.2454566955566406
3.3628203868865967,0.8307314515113831,-3.361710548400879,0.4535878300666809,0.7243419885635376,0.5192079544067383,0.0031337267719209194,-1.63559889793396,-2.4127197265625,-3.2501380443573,2.187809705734253,-0.15180160105228424,-0.5410073399543762,-0.48748692870140076
3.0746028423309326,0.9036416411399841,-3.4155561923980713,0.39973995089530945,0.8851594924926758,-0.07374297827482224,0.22641250491142273,-2.756925106048584,-3.2295050621032715,-4.667357444763184,2.1453397274017334,1.0024241209030151,0.7070032954216003,0.7399905323982239
3.2734763622283936,0.8774632811546326,-3.312882661819458,0.8845271468162537,-0.2915516197681427,-0.2849692404270172,-0.22671982645988464,-1.7790827751159668,-3.2429752349853516,-4.407907009124756,-0.39843153953552246,-1.1702531576156616,-1.5296136140823364,-1.4680567979812622
3.4229736328125,0.939476728439331,-3.296189069747925,0.5987883806228638,0.7628085017204285,-0.12935829162597656,0.20698341727256775,-2.109029769897461,-3.0800368785858154,-4.29398775100708,1.9867792129516602,0.4418429136276245,0.07393068820238113,0.10941775143146515
3.2193102836608887,0.6591445207595825,-3.1252169609069824,0.968831479549408,0.00502299377694726,-0.237404927611351,0.07056388258934021,-1.8883906602859497,-3.254473924636841,-3.547156572341919,0.7702516317367554,0.039936985820531845,-0.6147302389144897,-0.8968043327331543
3.4154484272003174,0.7942367792129517,-3.121929168701172,0.4890303313732147,0.846831202507019,-0.056895460933446884,0.20121920108795166,-2.126723051071167,-3.1860742568969727,-3.563375949859619,16.11809539794922,1.0672825574874878,0.8876782655715942,0.9737393856048584
3.4791741371154785,0.6099476218223572,-2.9508047103881836,0.9530225992202759,-0.16202902793884277,-0.25553420186042786,-0.014028316363692284,-2.2351717948913574,-2.7579777240753174,-3.569962739944458,16.11809539794922,-0.10152881592512131,-0.624419629573822,-0.8150458931922913
3.2105600833892822,0.8588312268257141,-3.306952476501465,0.4411577582359314,0.7454678416252136,0.4929672181606293,-0.08149160444736481,-2.0544018745422363,-2.7565505504608154,-4.208580493927002,-0.6324578523635864,1.220917820930481,0.8022208213806152,0.8790473341941833
3.6530730724334717,0.9074299335479736,-3.1607611179351807,0.9642186164855957,-0.16305096447467804,-0.2026159018278122,0.051416680216789246,-2.162867784500122,-3.381638526916504,-3.6844305992126465,16.11809539794922,-0.5517807602882385,-1.0323801040649414,-1.1016645431518555
3.548426628112793,0.7734906673431396,-3.519752264022827,0.9027776718139648,-0.09726066142320633,-0.3831097483634949,0.1695869117975235,-1.7348395586013794,-1.9720689058303833,-2.3393709659576416,16.11809539794922,-0.33643874526023865,-0.8781734108924866,-0.6436880230903625
3.6841495037078857,1.274931788444519,-3.8371143341064453,0.7085534930229187,0.6478643417358398,-0.176479309797287,0.21697643399238586,-1.7830621004104614,-3.6670072078704834,-5.824922561645508,16.11809539794922,-1.3074455261230469,-1.3278237581253052,-0.9162179827690125
3.6594977378845215,1.2937664985656738,-3.7132580280303955,0.7035294771194458,0.6151320934295654,-0.2272869199514389,0.27386021614074707,-2.083749771118164,-3.1194043159484863,-5.474860191345215,16.11809539794922,1.3409699201583862,1.0888863801956177,1.2487233877182007
3.9520986080169678,1.279591679573059,-3.8262531757354736,0.6362317204475403,0.7042008638381958,-0.04783158749341965,0.31148427724838257,-1.6012378931045532,-2.369569778442383,-3.1012978553771973,2.0121288299560547,-1.0299700498580933,-1.2147388458251953,-1.018160343170166
4.004832744598389,1.0828521251678467,-3.719538450241089,0.577032208442688,0.46861857175827026,0.4747970998287201,0.47116681933403015,-1.9567729234695435,-2.301460027694702,-2.5584630966186523,1.853577971458435,-0.7448217272758484,-0.9726197719573975,-0.7499151825904846
3.6790413856506348,1.2667683362960815,-3.6217198371887207,0.8080809116363525,0.5382003784179688,-0.14575280249118805,0.1900046169757843,-2.0831334590911865,-3.472365379333496,-4.086407661437988,16.11809539794922,0.17403395473957062,-0.22578850388526917,-0.14152035117149353
3.6760833263397217,1.2304340600967407,-3.5512280464172363,0.6779523491859436,-0.5908663272857666,-0.3699355125427246,-0.2332494854927063,-2.3336949348449707,-2.693389654159546,-3.3547744750976562,16.11809539794922,0.9729717373847961,0.6271106004714966,0.6808064579963684
3.8700273036956787,1.3016844987869263,-3.574495315551758,0.7225500345230103,0.5712365508079529,-0.23614156246185303,0.30959221720695496,-2.2991013526916504,-3.274684429168701,-4.002244472503662,16.11809539794922,1.402459979057312,1.1492079496383667,1.2909849882125854
4.015839099884033,1.0402941703796387,-3.981799840927124,0.8713749647140503,-0.31588250398635864,-0.26888027787208557,-0.261968195438385,-1.951402187347412,-1.9053865671157837,-10,1.8382794857025146,-0.6843674778938293,-0.7878389954566956,-0.7729016542434692
4.028905391693115,0.831720769405365,-3.269024610519409,0.9074122309684753,-0.08133906126022339,-0.4062196910381317,0.07051650434732437,-1.7664955854415894,-2.3027615547180176,-2.8122427463531494,2.656144142150879,-0.42777660489082336,-0.7152334451675415,-0.8573155999183655
3.6946704387664795,0.653687059879303,-3.0332231521606445,0.8825131058692932,-0.3573550283908844,-0.2868517339229584,0.10575497150421143,-2.2895455360412598,-2.4671828746795654,-10,5.537334442138672,0.5742996335029602,0.33148500323295593,0.4935067594051361
3.6588692665100098,0.8107764720916748,-2.9759621620178223,0.5524461269378662,0.7881199717521667,0.023102838546037674,0.2704375982284546,-2.5346531867980957,-3.0968167781829834,-3.494727849960327,16.11809539794922,1.175810694694519,0.9785193204879761,1.0306334495544434
3.8626627922058105,0.9456709623336792,-3.0587165355682373,0.6070191860198975,0.6178218126296997,0.4977954030036926,-0.0449846014380455,-2.459643840789795,-2.8041577339172363,-3.7797672748565674,2.103217124938965,0.4128202497959137,0.18024151027202606,0.2659507691860199
3.999523401260376,0.9945305585861206,-3.1099631786346436,0.8477574586868286,-0.1449846774339676,-0.4131375551223755,-0.2993394434452057,-2.6450743675231934,-2.7689857482910156,-3.7171695232391357,16.11809539794922,0.23767323791980743,-0.0609821155667305,0.00470974575728178
3.5607237815856934,1.0217633247375488,-3.3825700283050537,0.4661853611469269,0.8420225381851196,-0.15095865726470947,0.22556756436824799,-2.0729663372039795,-3.59731388092041,-3.623788595199585,2.6976044178009033,-1.1294481754302979,-1.3253746032714844,-1.0544980764389038
3.8885560035705566,1.0921285152435303,-3.313445568084717,0.8938114643096924,-0.3545258343219757,-0.25120455026626587,-0.11094506084918976,-1.6799514293670654,-2.7626993656158447,-3.2368733882904053,16.11809539794922,-0.1501544713973999,-0.6413729786872864,-0.7506799697875977
3.582979679107666,0.9877530336380005,-3.27471661567688,0.6210727095603943,0.7398471236228943,-0.11566300690174103,0.2313372790813446,-2.367889881134033,-3.601858377456665,-3.966722249984741,16.11809539794922,1.197560429573059,0.8942368030548096,0.9559189677238464
3.876218795776367,1.2399128675460815,-3.4113664627075195,0.6352991461753845,0.7321958541870117,-0.046491291373968124,0.24108658730983734,-2.082942485809326,-3.430633306503296,-4.071957111358643,0.5442139506340027,0.09295131266117096,-0.3453577160835266,-0.3356993794441223
3.9726345539093018,1.3076896667480469,-3.4399313926696777,0.8035600781440735,0.5626075267791748,0.08773592859506607,0.1733965128660202,-1.9008547067642212,-3.0059049129486084,-3.6090126037597656,1.0521745681762695,1.1528944969177246,0.84900963306427,0.9359896779060364
4.072752475738525,1.1531894207000732,-3.3864290714263916,0.7606502771377563,-0.4831596314907074,-0.39986786246299744,-0.1675519347190857,-2.225079298019409,-2.5558485984802246,-2.928492784500122,16.11809539794922,-0.1665230393409729,-0.5544144511222839,-0.5189809203147888
3.8107407093048096,0.9977134466171265,-3.1867878437042236,0.7512686252593994,0.6438601016998291,-0.07136119157075882,0.12628211081027985,-2.509216785430908,-3.1577413082122803,-3.560678243637085,16.11809539794922,1.1005258560180664,0.9376229047775269,1.001857876777649
4.2519426345825195,1.0961799621582031,-3.146409034729004,0.5466810464859009,-0.3368634581565857,-0.4598037898540497,-0.6133867502212524,-1.7772070169448853,-2.378507614135742,-2.8720593452453613,4.231390476226807,0.019812623038887978,-0.3281712234020233,-0.36918631196022034
4.077869892120361,1.1692616939544678,-3.1749532222747803,0.4925425946712494,0.7516682744026184,0.4326862096786499,0.071966752409935,-2.2935118675231934,-2.683845043182373,-4.933149814605713,-0.8148005604743958,1.396135687828064,1.1683052778244019,1.2177211046218872
4.469321250915527,1.1889218091964722,-3.0856473445892334,0.3261246085166931,0.8212039470672607,0.46413660049438477,-0.06200050190091133,-2.2064268589019775,-2.7645668983459473,-3.030395984649658,1.564808964729309,-0.4377795457839966,-0.8958643078804016,-0.8589330315589905
4.281256675720215,1.256207823753357,-3.1651763916015625,0.8875071406364441,-0.34074240922927856,-0.24673202633857727,-0.1880131959915161,-1.8764175176620483,-2.8807618618011475,-4.37101936340332,0.0006888320203870535,-0.821734607219696,-1.235280990600586,-1.1374940872192383
4.336305141448975,1.2401719093322754,-3.095210552215576,0.3945353627204895,0.9025248289108276,0.13377752900123596,0.10906121879816055,-2.1755340099334717,-2.615910768508911,-4.178459644317627,0.687345027923584,1.1665250062942505,0.8643153309822083,0.9174132347106934
4.410761833190918,1.3111461400985718,-3.2429118156433105,0.3670823574066162,0.8496326208114624,-0.23051856458187103,0.3003932237625122,-2.2829136848449707,-2.6042935848236084,-3.1082406044006348,2.3544561862945557,0.3262377977371216,0.10729610174894333,0.1742015779018402
2.601586103439331,0.4198106825351715,-2.828946590423584,0.709356427192688,0.6637593507766724,0.14162364602088928,-0.19020973145961761,-1.5936485528945923,-1.957252025604248,-2.3868398666381836,16.11809539794922,1.0092177391052246,0.8984188437461853,0.831655740737915
2.450244903564453,0.5380171537399292,-2.7599966526031494,-0.473552942276001,0.6288384199142456,0.3967722952365875,0.4721033573150635,-1.983307123184204,-2.714010715484619,-4.046571731567383,0.6644287109375,0.9005648493766785,0.6797972321510315,0.6154813170433044
2.71793532371521,0.5237610936164856,-2.855254888534546,0.6501443982124329,-0.643372118473053,-0.3085296154022217,-0.2611398696899414,-2.0373589992523193,-2.5846407413482666,-3.5432417392730713,0.523655116558075,0.27759256958961487,0.17685818672180176,0.16629073023796082
2.901416063308716,0.5051818490028381,-2.6299591064453125,0.5939187407493591,-0.5185015797615051,-0.4503724277019501,-0.41902419924736023,-1.4888631105422974,-2.5467231273651123,-2.6783745288848877,0.5886889696121216,1.6006499528884888,1.3329277038574219,1.2516794204711914
2.4550681114196777,0.4577646553516388,-2.5648534297943115,0.6617587208747864,0.7086287140846252,-0.21418632566928864,-0.11851128190755844,-2.023592948913574,-2.4509267807006836,-3.087815284729004,16.11809539794922,1.6471548080444336,1.261020302772522,1.1598032712936401
2.4891881942749023,0.40052807331085205,-2.5849947929382324,0.7242969870567322,-0.6227793097496033,-0.03525165840983391,-0.29376381635665894,-2.3092050552368164,-2.633347988128662,-10,5.537334442138672,1.3367613554000854,0.9619088768959045,0.7693580985069275
2.558481454849243,0.47019585967063904,-2.7072389125823975,-0.5204803347587585,0.6853416562080383,-0.36426714062690735,0.35597261786460876,-2.552982807159424,-2.6887362003326416,-10,-0.5890069007873535,0.6469150185585022,0.43441134691238403,0.38065847754478455
2.6409733295440674,0.5045391321182251,-2.6342713832855225,0.7582858800888062,-0.6393682956695557,-0.03525165840983391,0.1223439872264862,-4.192584991455078,-2.7124741077423096,-10,1.1355558633804321,-0.17605960369110107,-0.3375362455844879,-0.3465859293937683
2.750962734222412,0.4976704716682434,-2.6342713832855225,-0.6338386535644531,0.6883188486099243,-0.11404947936534882,-0.33385393023490906,-10,-2.3484935760498047,-3.086684465408325,4.840242385864258,1.3246588706970215,1.1034326553344727,0.9950546622276306
2.7972936630249023,0.4876495599746704,-2.29874324798584,0.65682452917099,-0.5519144535064697,-0.3784322440624237,-0.34750688076019287,-1.6858575344085693,-2.576298236846924,-3.551304817199707,1.7960082292556763,0.5189608335494995,0.3496112823486328,0.33485379815101624
2.969186782836914,0.5342032313346863,-2.989567756652832,0.9346036314964294,0.3041827976703644,-0.13697449862957,0.12339702993631363,-2.130452871322632,-2.623302936553955,-3.608880043029785,1.290454626083374,1.5616371631622314,1.3590103387832642,1.2829861640930176
2.8842639923095703,0.37977543473243713,-2.5454211235046387,0.5429586172103882,-0.022131452336907387,-0.7417659759521484,-0.3930514454841614,-1.4788703918457031,-2.347048282623291,-2.449239492416382,16.11809539794922,1.065529465675354,0.8700456619262695,0.8263418078422546
3.128302812576294,0.5700704455375671,-2.797194242477417,0.7956587076187134,0.399493545293808,0.4548896551132202,0.02018696814775467,-3.2752156257629395,-3.637331962585449,-5.0293660163879395,16.11809539794922,-1.251464605331421,-1.4917831420898438,-1.384604573249817
3.20259690284729,0.511369526386261,-2.6891157627105713,0.9308895468711853,-0.3247729539871216,0.16651856899261475,-0.015450684353709221,-1.859819769859314,-2.5027806758880615,-2.671297788619995,2.461416721343994,0.7884380221366882,0.596193253993988,0.5655660629272461
3.2192752361297607,0.6370673179626465,-2.772519826889038,0.5258673429489136,-0.6300610899925232,-0.39364728331565857,-0.4141598343849182,-2.5239031314849854,-3.3454020023345947,-3.609177589416504,-0.09527216851711273,-0.13943971693515778,-0.4338945746421814,-0.4988967478275299
3.082869529724121,0.5446425676345825,-2.3962409496307373,-0.329429566860199,0.4114014506340027,0.4711134731769562,0.7073026895523071,-1.795777440071106,-2.974546194076538,-4.368281364440918,0.5110174417495728,1.7073942422866821,1.63234281539917,1.6197348833084106
3.3070521354675293,0.5411894917488098,-2.4951510429382324,-0.4649908244609833,0.34725311398506165,0.3405766487121582,0.7397339940071106,-2.0695927143096924,-3.0345654487609863,-3.597952127456665,16.11809539794922,-0.8443810939788818,-1.0710417032241821,-0.956961989402771
2.475989580154419,0.2798359990119934,-2.329134941101074,0.7853396534919739,-0.6048078536987305,0.09746046364307404,-0.08916595578193665,-2.112610101699829,-2.1981537342071533,-7.00772762298584,5.537334442138672,1.421479344367981,1.0519694089889526,0.9699772596359253
2.633176565170288,0.2989262342453003,-2.233548164367676,0.11329559236764908,0.414993017911911,0.5885185599327087,0.6845369338989258,-1.9338793754577637,-2.226161003112793,-2.548825740814209,2.027047634124756,1.7669436931610107,1.7499620914459229,1.7455302476882935
2.475400924682617,0.40599894523620605,-2.263932228088379,0.4494815170764923,0.8245161771774292,0.2518928647041321,-0.2338576465845108,-2.144228458404541,-2.2464325428009033,-2.5561537742614746,16.11809539794922,1.0514371395111084,0.8400979042053223,0.7848283648490906
2.781585693359375,0.44438332319259644,-2.068338394165039,0.6780174374580383,0.7184526920318604,-0.1055295318365097,0.11393657326698303,-2.576808214187622,-2.788217067718506,-4.631941318511963,0.7497336864471436,0.5299234986305237,0.3587506413459778,0.29338744282722473
2.834554433822632,0.48393315076828003,-2.2457435131073,0.7413160800933838,-0.6227793097496033,-0.1914648860692978,0.1610516905784607,-4.5385918617248535,-2.293105125427246,-10,5.537334442138672,-0.030828794464468956,-0.17028093338012695,-0.17104417085647583
2.6480350494384766,0.3892820477485657,-1.8971352577209473,0.6317809820175171,-0.34109601378440857,-0.48591405153274536,-0.4983913004398346,-2.2224435806274414,-2.4590184688568115,-3.3206708431243896,2.246264696121216,1.1110135316848755,0.7882159352302551,0.6890377998352051
3.14886474609375,0.4261455535888672,-2.3351027965545654,-0.23080871999263763,0.595834493637085,0.3547191023826599,0.6825562119483948,-1.9926851987838745,-2.7994673252105713,-3.1954751014709473,16.11809539794922,0.9975032210350037,0.8860043883323669,0.8560750484466553
2.9445438385009766,0.4741207957267761,-2.280805826187134,-0.4568891227245331,0.7921046614646912,0.37809130549430847,-0.1444626748561859,-3.186018466949463,-2.839076042175293,-10,5.537334442138672,0.6469150185585022,0.5759350657463074,0.7317420244216919
3.0731165409088135,0.5084880590438843,-2.2547640800476074,0.5682942271232605,-0.6293919682502747,-0.26628392934799194,-0.45825791358947754,-2.305607795715332,-2.886549234390259,-4.120777130126953,0.9163819551467896,1.336281657218933,1.1349605321884155,1.099556803703308
3.471025228500366,0.49504855275154114,-2.3186092376708984,0.5960068106651306,-0.39800330996513367,-0.5762998461723328,-0.392743855714798,-1.809437870979309,-2.198267936706543,-2.5871713161468506,16.11809539794922,-0.4229946434497833,-0.8003475069999695,-0.858375072479248
3.5112290382385254,0.6631140112876892,-2.2904727458953857,0.35161471366882324,0.44948142766952515,0.8121280670166016,0.12157924473285675,-2.0713179111480713,-2.2470993995666504,-3.305536985397339,2.1354053020477295,0.17115865647792816,-0.22340801358222961,-0.4691104292869568
3.1186139583587646,0.47824767231941223,-1.8195462226867676,-0.3920873999595642,0.5675646066665649,0.5722123980522156,0.44352105259895325,-2.113034725189209,-2.223595142364502,-3.089759588241577,16.11809539794922,1.6410853862762451,1.5672318935394287,1.5190222263336182
3.471468210220337,0.47058743238449097,-2.057342767715454,0.6302345991134644,0.7386256456375122,0.037446167320013046,0.23629291355609894,-1.6338768005371094,-2.365603446960449,-2.884956121444702,16.11809539794922,-0.5025553703308105,-0.8280166387557983,-0.8266373872756958
2.972672939300537,0.4685279428958893,-2.200535535812378,0.7539436221122742,-0.6283089518547058,-0.1914648860692978,0.01175055280327797,-3.3004183769226074,-2.690159559249878,-10,5.537334442138672,0.9327427744865417,0.7136426568031311,0.555382490158081
3.094928741455078,0.4834851026535034,-2.0209784507751465,0.5364460349082947,-0.5147831439971924,-0.5158465504646301,-0.425589382648468,-2.582775354385376,-3.0640406608581543,-4.4947190284729,16.11809539794922,0.7809588313102722,0.5851690769195557,0.5145853757858276
3.3559999465942383,0.5234785079956055,-2.122863292694092,0.5682239532470703,0.773678719997406,-0.08612144738435745,0.2666943371295929,-2.19901180267334,-3.4013631343841553,-4.410163402557373,1.5054954290390015,-0.09303032606840134,-0.4055098295211792,-0.38835763931274414
3.9568185806274414,0.6786123514175415,-2.7797179222106934,0.23979848623275757,0.8447045683860779,0.4671834111213684,0.10349185019731522,-1.913154125213623,-2.1729049682617188,-2.336381196975708,16.11809539794922,0.5975750088691711,0.39450550079345703,0.4128817319869995
3.456360340118408,0.45360860228538513,-1.9865374565124512,-0.3482578694820404,0.42920002341270447,0.7154811024665833,0.42730623483657837,-2.2894492149353027,-2.472235679626465,-4.528553485870361,16.11809539794922,-0.7833999991416931,-1.0579620599746704,-1.0109634399414062
4.211195468902588,0.6720149517059326,-2.502920150756836,0.6959602236747742,0.6585519313812256,-0.25293344259262085,0.134065181016922,-1.9025548696517944,-2.216888666152954,-2.8261921405792236,16.11809539794922,1.7152138948440552,1.5649149417877197,1.4943599700927734
3.34775447845459,0.6388391256332397,-2.8104331493377686,0.7685306668281555,0.5793635845184326,-0.2272186279296875,0.148560032248497,-2.489318609237671,-2.8064217567443848,-4.548962116241455,16.11809539794922,1.6767526865005493,1.5026445388793945,1.400657296180725
3.4182469844818115,0.7088711261749268,-2.5780460834503174,0.6874313354492188,-0.2029956877231598,-0.6561868786811829,0.23590177297592163,-2.7724361419677734,-3.1756131649017334,-3.8501148223876953,2.046558141708374,-0.13068071007728577,-0.4204351007938385,-0.5070226788520813
3.439028739929199,0.7507452368736267,-2.4853036403656006,0.6169105172157288,0.6454322934150696,0.4405118227005005,0.0937439352273941,-2.6815240383148193,-3.055244207382202,-3.5480942726135254,1.5673800706863403,-0.4052371680736542,-0.5149738192558289,-0.3337641656398773
3.53357195854187,0.8397731781005859,-2.268618583679199,0.916922926902771,0.2737261950969696,0.025124242529273033,0.2893010079860687,-2.249251365661621,-3.0332391262054443,-3.1099767684936523,1.3959134817123413,0.1864580512046814,0.18101194500923157,0.2596902847290039
3.417703628540039,0.80986088514328,-2.2766125202178955,-0.19616718590259552,0.8145530819892883,0.41974911093711853,0.3490449786186218,-2.5246310234069824,-4.427167892456055,-4.464055061340332,16.11809539794922,-1.064167857170105,-1.1324094533920288,-0.8547326326370239
3.5710387229919434,0.7259520888328552,-2.8861613273620605,0.918287992477417,-0.28097954392433167,-0.2756647765636444,0.042504582554101944,-2.6114754676818848,-3.505509853363037,-4.971517086029053,16.11809539794922,-0.6880483031272888,-1.1865614652633667,-1.2346583604812622
3.572136878967285,0.7251389622688293,-2.7422409057617188,0.5675909519195557,-0.3395712971687317,-0.7326470017433167,-0.16049981117248535,-2.296254873275757,-2.7487757205963135,-3.6072733402252197,16.11809539794922,-0.8720241785049438,-1.2108063697814941,-1.176628589630127
3.961228609085083,0.8527510762214661,-2.846587896347046,0.558782160282135,0.8147997856140137,0.08193916082382202,0.13095705211162567,-2.1159849166870117,-2.710442304611206,-3.5185952186584473,0.11587458103895187,0.9806652069091797,0.8509528636932373,0.8340368270874023
3.7576675415039062,0.8310084342956543,-2.778143882751465,0.7291595935821533,0.611546516418457,-0.17371241748332977,0.2533005475997925,-2.2776083946228027,-3.1240291595458984,-4.571056365966797,-0.3528594970703125,0.3241434395313263,0.17366673052310944,0.16110952198505402
3.671884775161743,0.8504806756973267,-2.7286479473114014,-0.4124690890312195,0.36091965436935425,0.7302244305610657,0.40789520740509033,-2.9062650203704834,-3.0357306003570557,-3.507046937942505,16.11809539794922,1.229385256767273,1.1893843412399292,1.2344187498092651
4.242291450500488,0.9372150897979736,-2.916456699371338,0.44923239946365356,0.8752378821372986,0.1370222270488739,0.11564546823501587,-1.6569349765777588,-2.412081480026245,-2.9920105934143066,5.825507164001465,0.561678946018219,0.3669096827507019,0.42111727595329285
3.9278454780578613,0.8945309519767761,-2.883875846862793,0.39792680740356445,0.8541191220283508,-0.1673157811164856,0.2900692820549011,-2.3463916778564453,-3.498410701751709,-5.370987415313721,1.8375272750854492,-0.12154906243085861,-0.3475380539894104,-0.23158541321754456
3.8457672595977783,0.8001198172569275,-2.7261173725128174,0.6828192472457886,0.6486047506332397,-0.3047237992286682,0.1421731412410736,-2.2735142707824707,-3.2091476917266846,-3.6897051334381104,16.11809539794922,1.7724539041519165,1.6427048444747925,1.454155445098877
4.025040149688721,0.9572798609733582,-2.920060157775879,0.5026021599769592,0.7841347455978394,-0.26270127296447754,0.25201553106307983,-2.3305678367614746,-2.6242835521698,-3.7583367824554443,-0.5736849904060364,1.7441177368164062,1.5921980142593384,1.6072924137115479
3.550821304321289,0.8209837079048157,-2.655550241470337,0.8665429353713989,0.44432082772254944,0.07347237318754196,0.21513760089874268,-2.352242946624756,-2.846769094467163,-3.909374713897705,0.01759648323059082,1.002734661102295,1.0588926076889038,1.209223747253418
3.6811141967773438,0.6933571696281433,-2.601332664489746,0.816364049911499,-0.43338802456855774,-0.3711792230606079,-0.08916595578193665,-10,-2.636183977127075,-2.113081693649292,5.537334442138672,0.6451704502105713,0.3309398293495178,0.13261036574840546
3.457801103591919,0.720368504524231,-2.568544626235962,0.799025297164917,-0.5813067555427551,0.15137477219104767,0.026957150548696518,-10,-3.1605184078216553,-2.783313751220703,5.537334442138672,-0.09101460874080658,-0.204844132065773,-0.20048284530639648
3.6073994636535645,0.8328349590301514,-2.6309704780578613,0.5105284452438354,0.7719658613204956,0.014015976339578629,0.3784613013267517,-2.3983592987060547,-3.879434585571289,-4.105467796325684,0.06855081021785736,0.3465282917022705,0.07003466784954071,-0.1511683166027069
3.7458038330078125,0.8164478540420532,-2.623702049255371,0.46177592873573303,0.15520727634429932,0.5674107670783997,0.6638664603233337,-2.417299509048462,-2.7062435150146484,-4.194638729095459,16.11809539794922,1.0227676630020142,0.934349536895752,0.8880071043968201
3.538470983505249,0.8863723874092102,-2.530541181564331,-0.11726882308721542,0.817800760269165,0.3895052969455719,0.40710631012916565,-2.4604649543762207,-3.492490530014038,-5.29342794418335,16.11809539794922,1.6891026496887207,1.7564058303833008,1.7724539041519165
3.760404586791992,0.8393546938896179,-2.566763401031494,0.6930549740791321,0.7131326198577881,-0.056858353316783905,-0.08879093825817108,-2.3084418773651123,-3.299326181411743,-3.9744033813476562,-0.6549347043037415,0.14258749783039093,-0.5337156653404236,-1.056502342224121
4.00316047668457,0.7831825613975525,-2.548722267150879,0.7948253154754639,0.5275978446006775,-0.10585499554872513,0.2805137038230896,-2.75327467918396,-2.963846445083618,-3.6035170555114746,16.11809539794922,1.153246521949768,0.9421524405479431,0.8463003039360046
3.9329135417938232,0.8353548645973206,-2.418260097503662,-0.4886090159416199,0.5200163722038269,0.466336727142334,0.5228520035743713,-2.2287039756774902,-3.457998037338257,-4.174736499786377,1.299347162246704,1.7227483987808228,1.6933634281158447,1.676176905632019
4.384015083312988,0.9076682925224304,-2.743520975112915,0.5093566179275513,0.8291565179824829,0.23023498058319092,-0.006867934018373489,-2.063072919845581,-2.1744391918182373,-2.8662428855895996,3.1377687454223633,0.8992406129837036,0.7097356915473938,0.7505586743354797
4.400311470031738,0.8661178946495056,-2.630924701690674,0.42714521288871765,0.8934018015861511,0.1282978653907776,0.05403561890125275,-2.191364288330078,-2.247725486755371,-3.1671884059906006,6.254051685333252,0.030941646546125412,-0.2609286904335022,-0.2011796087026596
4.306113243103027,0.8739709854125977,-2.613142490386963,0.5682699680328369,0.7960427403450012,0.0762481838464737,0.1938333660364151,-1.940346598625183,-3.8058855533599854,-4.023465156555176,2.9409213066101074,1.2563612461090088,1.0551857948303223,1.0100743770599365
4.468670845031738,0.9561470150947571,-2.6122875213623047,0.9205151200294495,-0.2981320023536682,-0.25247523188591003,-0.005051363259553909,-2.258193254470825,-4.099710464477539,-4.39878511428833,2.278998851776123,-0.7212585806846619,-1.0907942056655884,-1.1823087930679321
4.399282455444336,1.0542573928833008,-2.8579063415527344,0.4405859410762787,0.8251631259918213,-0.17161554098129272,0.30909213423728943,-1.8514918088912964,-2.7995686531066895,-4.621427059173584,-0.9529034495353699,0.12878577411174774,-0.26373785734176636,-0.16867777705192566
4.479574680328369,1.0776969194412231,-2.870734930038452,0.4826633930206299,0.7657263278961182,0.42306724190711975,0.04139239341020584,-2.6276564598083496,-3.078514337539673,-3.651013135910034,2.227860689163208,1.2566847801208496,1.212997317314148,1.252446174621582
3.5249719619750977,0.8745813965797424,-2.3169972896575928,-0.3232983350753784,0.7746365666389465,0.48481985926628113,0.2456950545310974,-1.9316303730010986,-3.0477490425109863,-3.633950710296631,1.9541103839874268,0.6786009073257446,0.7573022842407227,0.858481228351593
3.7575604915618896,0.7284608483314514,-2.4899351596832275,-0.09161537885665894,0.7168559432029724,0.6772831082344055,0.13788308203220367,-2.2424631118774414,-2.610093593597412,-3.292625904083252,1.3892320394515991,1.565303087234497,1.2488644123077393,1.078795313835144
3.9176278114318848,0.6687292456626892,-2.4227113723754883,0.9202976822853088,-0.37256163358688354,0.03525165840983391,0.11404947936534882,-2.573723554611206,-10,-2.51444149017334,5.537334442138672,1.7724539041519165,1.6066159009933472,1.4393606185913086
3.9976603984832764,0.76480633020401,-2.255047082901001,0.8996492624282837,0.3985620141029358,-0.17649303376674652,0.025095006451010704,-1.8773634433746338,-2.2748804092407227,-2.7037606239318848,16.11809539794922,1.595988154411316,1.255845069885254,1.1068344116210938
3.4864566326141357,0.8746592998504639,-2.473480701446533,0.6626561284065247,-0.49024397134780884,-0.5650318264961243,0.03587115556001663,-2.8651578426361084,-3.393893003463745,-4.814374923706055,16.11809539794922,-0.8013051748275757,-0.9087918400764465,-0.6982837915420532
3.6548144817352295,0.9453318119049072,-2.330395221710205,0.7992846965789795,0.0919758602976799,-0.5096984505653381,0.3047817051410675,-2.199519395828247,-3.194352388381958,-3.5716934204101562,16.11809539794922,1.759899616241455,1.762725591659546,1.7381515502929688
3.545680046081543,0.9587473273277283,-2.3388001918792725,0.8049080967903137,-0.31103619933128357,-0.4977555572986603,0.08728596568107605,-2.7842931747436523,-4.611687183380127,-5.323509693145752,16.11809539794922,-0.6090360283851624,-0.6967816352844238,-0.5949937105178833
3.744692802429199,0.9089780449867249,-2.414998769760132,-0.38993576169013977,0.6103518009185791,0.6852526068687439,-0.07648305594921112,-2.400475263595581,-3.3902904987335205,-4.531688213348389,0.1796589493751526,-0.6114615797996521,-1.083518385887146,-1.2521523237228394
3.700718879699707,0.9400002956390381,-2.4368839263916016,0.6856350302696228,0.7183842062950134,-0.04747852310538292,-0.10758527368307114,-2.593290090560913,-3.657406806945801,-4.090516567230225,-0.4233124256134033,0.8221316337585449,0.7891148924827576,0.8728710412979126
3.7705178260803223,0.9088715314865112,-2.328927516937256,0.7241349816322327,-0.295245498418808,-0.6028160452842712,0.15833976864814758,-2.437994956970215,-3.1540634632110596,-4.708198070526123,1.6101022958755493,-0.02686304971575737,-0.4449199140071869,-0.7080413699150085
3.85036301612854,0.9230269193649292,-2.3193113803863525,0.7995651960372925,0.4881715774536133,-0.2985628843307495,-0.18232981860637665,-2.367124557495117,-3.0089621543884277,-3.5083603858947754,16.11809539794922,1.5536525249481201,1.0720744132995605,0.8797111511230469
3.628195285797119,0.7820367813110352,-2.022926092147827,0.9081020951271057,0.05988527834415436,-0.4125150442123413,0.03994646668434143,-2.0997960567474365,-2.5844924449920654,-4.0133161544799805,16.11809539794922,0.42684027552604675,-0.034838978201150894,-0.35862505435943604
3.6391618251800537,0.7779144644737244,-2.1742115020751953,0.8263249397277832,-0.5439814925193787,0.02004506066441536,-0.1444626748561859,-10,-2.8044989109039307,-2.57426381111145,5.537334442138672,-0.09036041796207428,-0.4493487477302551,-0.7437355518341064
3.67893648147583,0.907088041305542,-2.0289156436920166,0.8671110272407532,-0.11468247324228287,-0.46471157670021057,-0.13787509500980377,-1.9377691745758057,-2.8957502841949463,-3.666412115097046,3.61201548576355,-0.06000090017914772,-0.2323373258113861,-0.2587728798389435
3.584991693496704,0.9215334057807922,-2.0492982864379883,0.8858728408813477,-0.249201238155365,-0.3892090916633606,-0.04055095836520195,-2.5553712844848633,-3.529442310333252,-5.0258097648620605,0.045339472591876984,-1.2767969369888306,-1.3962129354476929,-1.33307683467865
3.56990909576416,0.9100932478904724,-2.0211784839630127,-0.6144847869873047,0.7162976264953613,-0.13755059242248535,-0.3006758987903595,-5.331213474273682,-2.7403249740600586,-10,5.537334442138672,0.8688499331474304,1.0587838888168335,1.3832091093063354
3.939223289489746,0.9025343060493469,-2.050832986831665,0.8632753491401672,0.19412262737751007,-0.4526476562023163,0.11037284135818481,-2.4757091999053955,-2.518383026123047,-4.532048225402832,16.11809539794922,1.7724539041519165,1.666833758354187,1.5384483337402344
3.85943865776062,0.9347137212753296,-1.992800235748291,0.8121403455734253,0.5068895220756531,0.149750754237175,-0.24711491167545319,-2.1327178478240967,-2.5448920726776123,-3.627673387527466,-0.4390742778778076,1.5675448179244995,1.5946645736694336,1.5717594623565674
4.120837688446045,0.7990880608558655,-2.4309141635894775,0.6514504551887512,0.7512590885162354,-0.05855115130543709,0.08828315883874893,-2.2264750003814697,-3.0073065757751465,-4.362151145935059,0.046458758413791656,0.6519308090209961,0.43807148933410645,0.3568826913833618
4.342255115509033,0.8024595379829407,-2.3283045291900635,-0.338711142539978,0.32878297567367554,0.5739697217941284,0.669130265712738,-2.637195348739624,-3.131540536880493,-4.005866527557373,16.11809539794922,-1.015938639640808,-1.2880985736846924,-1.2130135297775269
4.385847568511963,0.9010471701622009,-2.39888072013855,-0.44153520464897156,-0.16207021474838257,0.8445398807525635,0.2559927701950073,-2.755302667617798,-3.4565582275390625,-5.4407548904418945,16.11809539794922,-0.08807212859392166,-0.4863772690296173,-0.6116719841957092
4.5172038078308105,0.9513623714447021,-2.390700101852417,0.7939319014549255,0.5132608413696289,-0.31406983733177185,0.087152399122715,-2.5522384643554688,-3.0374093055725098,-4.637235641479492,4.0233659744262695,1.7724539041519165,1.7724539041519165,1.7447876930236816
4.367086887359619,0.8820098042488098,-2.3097918033599854,0.4465906023979187,0.7116100192070007,0.5039981603622437,0.2003841996192932,-2.900545120239258,-3.388594388961792,-3.79573392868042,3.931570053100586,0.49199360609054565,0.1390470266342163,-0.12092544138431549
4.322255611419678,0.6697958707809448,-2.1811623573303223,0.0034213210456073284,0.4086998701095581,0.8235549330711365,0.3933318853378296,-2.095398187637329,-2.2574269771575928,-3.503175735473633,16.11809539794922,1.760523796081543,1.3092985153198242,1.2369334697723389
4.375661373138428,0.7824033498764038,-1.9248672723770142,0.6734108328819275,0.6333391666412354,-0.2930682599544525,0.24394747614860535,-2.1314117908477783,-2.498992919921875,-3.8277578353881836,3.935368776321411,0.7359133958816528,0.5627228021621704,0.5027952790260315
4.486584663391113,0.8242121934890747,-2.139600992202759,0.7421578764915466,-0.4460686147212982,-0.33079296350479126,-0.37523388862609863,-1.9197512865066528,-3.1502606868743896,-3.7812085151672363,-0.4092778265476227,-0.3324960172176361,-0.5822368860244751,-0.6946735382080078
4.492778778076172,0.8487471342086792,-2.144418716430664,0.7668246030807495,-0.3154889643192291,-0.3075714707374573,-0.46674033999443054,-2.1381192207336426,-2.621959924697876,-4.067450046539307,-1.0573185682296753,1.2646877765655518,1.134412169456482,1.0442593097686768
3.7600533962249756,0.9987924695014954,-2.3065593242645264,0.9000528454780579,-0.0814187079668045,-0.42810311913490295,0.001902782591059804,-2.7955944538116455,-3.738903284072876,-3.9631786346435547,1.5606825351715088,0.031004728749394417,-0.29539936780929565,-0.5878722667694092
3.8231685161590576,1.0237886905670166,-2.2641706466674805,0.6589742302894592,0.6632974743843079,-0.2670699954032898,0.23337328433990479,-3.024445056915283,-3.6808106899261475,-7.892357349395752,1.7070896625518799,1.638096570968628,1.642311692237854,1.6508924961090088
3.778207540512085,1.0269567966461182,-2.0489118099212646,-0.4261016249656677,0.8092227578163147,0.16962575912475586,0.36718252301216125,-2.1634907722473145,-3.8175957202911377,-4.905887126922607,1.410980224609375,1.4834718704223633,1.5867235660552979,1.7152858972549438
3.881528615951538,0.894436240196228,-1.9636720418930054,0.519213080406189,0.780927300453186,-0.2993837296962738,0.1758967936038971,-2.02966570854187,-2.587639570236206,-3.148810386657715,16.11809539794922,0.33573806285858154,0.2925269305706024,0.3536009192466736
3.666093349456787,1.0139480829238892,-2.0655853748321533,0.654647171497345,-0.6227793097496033,-0.32555943727493286,-0.2785572111606598,-2.710818290710449,-5.1548686027526855,-10,5.537334442138672,0.8688499331474304,0.883732795715332,0.9522594809532166
3.7930564880371094,0.9824768900871277,-2.0430402755737305,-0.4278583526611328,0.7877135276794434,-0.44306495785713196,-0.01175055280327797,-3.418092966079712,-2.8044989109039307,-10,5.537334442138672,1.7724539041519165,1.7724539041519165,1.7724539041519165
0.8267350196838379,1.2751585245132446,-3.2693533897399902,0.7000165581703186,-0.5661001205444336,0.4181814193725586,-0.12096156924962997,-3.592013120651245,-10,-3.562055826187134,-0.65805584192276,1.7724539041519165,1.7724539041519165,1.4527170658111572
1.5506937503814697,1.4111247062683105,-3.1077709197998047,-0.12452162802219391,0.6964221000671387,0.540805459022522,0.4549945890903473,-2.016289710998535,-3.5360052585601807,-3.7641866207122803,-0.7917788028717041,0.2127942442893982,0.5784872174263,0.3350270986557007
1.5425125360488892,1.457045316696167,-3.0011048316955566,-0.40599891543388367,0.7657408118247986,0.3707418441772461,0.3337010443210602,-2.438037157058716,-3.099900007247925,-3.3689379692077637,2.9048266410827637,-0.3900538682937622,-0.06608698517084122,-0.21824851632118225
1.7936819791793823,1.3058440685272217,-2.892326831817627,0.5925316214561462,-0.6318172216415405,-0.1935400366783142,-0.4607119560241699,-2.150578737258911,-2.5846517086029053,-4.057620525360107,0.785187840461731,-0.3185585141181946,-0.1400989443063736,-0.1354885995388031
1.7736834287643433,1.388270616531372,-3.245203733444214,-0.33937275409698486,0.6555991768836975,0.4662250578403473,0.4874936640262604,-2.9136762619018555,-3.5391128063201904,-4.74137020111084,4.847662448883057,-0.1522163301706314,0.22800633311271667,0.009536135010421276
1.7877315282821655,1.3529226779937744,-3.0420570373535156,0.6608932614326477,0.6572535037994385,0.22041964530944824,-0.2874945104122162,-2.424771547317505,-3.8759045600891113,-4.733797073364258,-0.7519964575767517,0.43697407841682434,0.7925688624382019,0.7884380221366882
1.830898404121399,1.3611795902252197,-3.0596163272857666,-0.28546929359436035,0.9419671893119812,-0.17625829577445984,-0.01175055280327797,-3.619067430496216,-10,-3.7273285388946533,5.537334442138672,-0.006950825918465853,0.23739024996757507,0.31278595328330994
1.0098390579223633,1.4089525938034058,-2.6725335121154785,0.6751286387443542,-0.48059579730033875,-0.5542351007461548,-0.07779794186353683,-1.8689254522323608,-3.062497615814209,-4.768754482269287,1.259953260421753,-0.03669528290629387,0.2776368260383606,0.09181655943393707
0.7967026233673096,1.4074627161026,-2.5925357341766357,0.8180712461471558,-0.24034254252910614,-0.5189065933227539,-0.061080202460289,-2.1277544498443604,-3.272247076034546,-3.8774852752685547,0.34931835532188416,0.33165597915649414,0.5521519184112549,0.5121614336967468
1.1801844835281372,1.4396919012069702,-2.611218214035034,0.6375516057014465,-0.582431972026825,-0.47891750931739807,-0.15792065858840942,-2.2375612258911133,-2.4457123279571533,-3.3205602169036865,0.5193308591842651,-0.02267512120306492,0.19035634398460388,0.132200688123703
1.057577133178711,1.4933583736419678,-2.635359764099121,0.6757376194000244,-0.5439814925193787,0.17625829577445984,-0.46518364548683167,-3.619067430496216,-10,-2.2898411750793457,-1.6817585229873657,1.4666186571121216,1.7724539041519165,1.7724539041519165
0.9209955334663391,1.5468593835830688,-2.606666088104248,-0.0739593580365181,0.863396942615509,-0.38638582825660706,0.31588250398635864,-10,-3.478325128555298,-3.8349478244781494,3.0992729663848877,0.15986835956573486,0.43937230110168457,0.13206516206264496
0.6579294204711914,1.4396981000900269,-2.4604952335357666,0.5194919109344482,0.5714962482452393,0.21563805639743805,0.5975118279457092,-1.9552593231201172,-3.3415145874023438,-3.855177402496338,-0.856977105140686,0.30311667919158936,0.5869418978691101,0.257295161485672
0.7672222852706909,1.3912838697433472,-2.48455810546875,0.373900443315506,0.5797635316848755,0.5421502590179443,0.4797351658344269,-2.0755300521850586,-3.1168911457061768,-3.5694258213043213,-0.2521165609359741,-0.0977587029337883,0.15845106542110443,-0.041157275438308716
0.6651455163955688,1.3611795902252197,-2.408543109893799,-0.5771594643592834,0.6176883578300476,-0.40435725450515747,0.3490605354309082,-10,-2.997020721435547,-4.219302654266357,3.0992729663848877,-0.39619559049606323,-0.12617744505405426,-0.4657036066055298
0.9297775626182556,1.3747200965881348,-2.41314697265625,-0.48794645071029663,0.3735423982143402,0.6428594589233398,0.4572812020778656,-2.2434074878692627,-3.3226418495178223,-3.602397918701172,16.11809539794922,-0.949091374874115,-0.7234774827957153,-0.7493470311164856
0.9378600120544434,1.3312554359436035,-2.250361204147339,0.7288720011711121,0.6777585744857788,0.09214265644550323,-0.029978103935718536,-2.032029867172241,-2.88642954826355,-3.0739047527313232,1.1135203838348389,-1.2480593919754028,-1.074316382408142,-1.238534927368164
1.0277742147445679,1.552463412284851,-2.329228639602661,0.49274134635925293,0.7641239166259766,0.41104719042778015,0.06603682786226273,-2.2669942378997803,-2.513221025466919,-3.0493412017822266,1.0685710906982422,-0.8530554175376892,-0.732046365737915,-0.7277235984802246
0.8310637474060059,1.546034336090088,-2.35795521736145,-0.3473595678806305,0.6623437404632568,0.6280837655067444,0.2148320972919464,-2.800086736679077,-3.2422752380371094,-3.9780993461608887,0.5890372395515442,-0.5212103724479675,-0.3586171865463257,-0.47758299112319946
1.0154428482055664,1.6273380517959595,-2.361088752746582,0.6679649353027344,0.630074679851532,-0.14548733830451965,0.3683234751224518,-2.052699327468872,-2.5656967163085938,-3.11574387550354,3.377422332763672,0.009608092717826366,0.2953285574913025,0.02222503535449505
1.0659167766571045,1.6027528047561646,-2.3123342990875244,0.6967672109603882,0.6625175476074219,0.25346460938453674,-0.10649721324443817,-2.0539116859436035,-2.322535276412964,-3.504552125930786,-0.8110052943229675,-1.186560034751892,-0.9319863319396973,-1.0677295923233032
0.9644687175750732,1.2802149057388306,-1.9604992866516113,0.8915170431137085,-0.1773197203874588,-0.4100028872489929,-0.07518463581800461,-2.1216931343078613,-3.2381768226623535,-3.883643388748169,0.015781868249177933,-0.7521555423736572,-0.5845080614089966,-0.7360718846321106
1.412382960319519,1.4889814853668213,-2.9343392848968506,0.698698103427887,-0.3033906817436218,-0.6473168730735779,0.027493391185998917,-2.1823034286499023,-2.8474628925323486,-4.087812423706055,-0.00519378948956728,-0.15243814885616302,0.14345808327198029,-0.02935122512280941
1.453873634338379,1.477885365486145,-2.794975519180298,0.7296765446662903,0.6486708521842957,0.15738314390182495,0.148421049118042,-2.107370615005493,-2.2545697689056396,-3.3439784049987793,16.11809539794922,-0.9952957630157471,-0.7864676713943481,-0.8600788712501526
1.4254454374313354,1.5557138919830322,-2.889296293258667,0.8274774551391602,0.44609564542770386,-0.04065130650997162,0.3385663330554962,-2.628694534301758,-3.166123390197754,-3.5514583587646484,0.6676422953605652,0.5276999473571777,0.9417806267738342,0.48947450518608093
1.5766150951385498,1.4206489324569702,-2.691375494003296,0.9742619395256042,0.050660390406847,-0.20260228216648102,-0.08484970778226852,-2.294576644897461,-2.7196335792541504,-3.5051889419555664,1.534841775894165,-1.156061053276062,-0.9899230003356934,-1.086240291595459
1.2442312240600586,1.5743441581726074,-2.502061605453491,-0.23471853137016296,0.8289931416511536,0.3865612745285034,0.32901060581207275,-2.0751543045043945,-2.4144299030303955,-3.727354049682617,-0.292854368686676,0.22290512919425964,0.5492150187492371,0.3420791029930115
1.6460235118865967,1.5179922580718994,-2.478844404220581,0.8094556927680969,-0.3359083831310272,-0.38604333996772766,-0.28795409202575684,-2.1724257469177246,-2.559938430786133,-3.9770619869232178,2.343787431716919,-1.7448545694351196,-1.6055985689163208,-1.7595614194869995
1.8441380262374878,1.60940420627594,-2.5396273136138916,0.7233750820159912,0.1909686177968979,-0.6595692038536072,0.072304368019104,-2.228712558746338,-2.360945224761963,-3.1021528244018555,0.9895914196968079,-0.560448408126831,-0.3066914677619934,-0.5238445401191711
1.840497612953186,1.5656695365905762,-2.7803852558135986,0.9241536855697632,-0.16958929598331451,-0.28488969802856445,0.18978218734264374,-2.1985392570495605,-3.0206689834594727,-4.086953163146973,0.2080676257610321,-0.026465943083167076,0.25551488995552063,0.09127407521009445
1.8696520328521729,1.574040412902832,-2.6197285652160645,0.7486900687217712,-0.4765457510948181,-0.4325029253959656,-0.15908649563789368,-2.0015528202056885,-3.078470230102539,-3.638692855834961,0.1608148217201233,0.45365285873413086,0.8443633913993835,0.7354447841644287
1.7992303371429443,1.7975937128067017,-2.747784376144409,0.5588123798370361,-0.6131858825683594,-0.4244250953197479,-0.362760454416275,-2.0729002952575684,-2.7254016399383545,-3.510668992996216,1.6936012506484985,0.1431092768907547,0.4803244471549988,0.30434897541999817
1.794960618019104,1.7342122793197632,-2.7788939476013184,0.9037870764732361,-0.24355043470859528,-0.2932952642440796,-0.194499209523201,-2.7048730850219727,-3.1148340702056885,-3.7184135913848877,1.7353425025939941,-0.9929306507110596,-0.7790393233299255,-0.8355183005332947
1.6813808679580688,1.7062567472457886,-2.69468092918396,0.8128944039344788,-0.5384517908096313,-0.1527571827173233,0.1610516905784607,-3.188570499420166,-3.1654772758483887,-10,5.537334442138672,-0.7854403853416443,-0.5502035021781921,-0.8086642026901245
1.7813282012939453,1.7749111652374268,-2.620579481124878,0.6654348373413086,0.696510374546051,-0.03299935534596443,0.2664222717285156,-2.3127150535583496,-3.4478631019592285,-3.8918187618255615,1.6392197608947754,-0.6632642149925232,-0.47976619005203247,-0.6157813668251038
1.6546790599822998,1.723516583442688,-2.5647528171539307,-0.5965133309364319,0.7772136926651001,0.1914648860692978,0.05875276401638985,-2.0234575271606445,-2.9168031215667725,-10,1.1143606901168823,-0.1459668129682541,0.15741515159606934,-0.14351359009742737
1.6403011083602905,1.7296807765960693,-2.5745959281921387,0.8198143243789673,-0.41126933693885803,0.3960627317428589,-0.0435461662709713,-10,-3.1654772758483887,-3.9222769737243652,5.537334442138672,-0.6742275953292847,-0.34435081481933594,-0.8629622459411621
1.7149814367294312,1.7895044088363647,-2.8432555198669434,0.5846220850944519,-0.23250482976436615,-0.7604662775993347,-0.16077791154384613,-2.3397040367126465,-3.111330270767212,-4.40219259262085,0.6296159625053406,-0.13207204639911652,0.24182070791721344,-0.12451133131980896
1.8746346235275269,1.757781744003296,-2.520848035812378,0.9308440089225769,0.3598383665084839,-0.03751412034034729,-0.051366228610277176,-2.747039556503296,-2.9865992069244385,-3.5717897415161133,0.5896044373512268,0.02100202441215515,0.38582971692085266,0.048700254410505295
1.743301510810852,1.6701127290725708,-2.4816787242889404,0.5086223483085632,0.8360046744346619,0.19907207787036896,-0.05262875556945801,-2.3239309787750244,-3.030625104904175,-3.853360414505005,-0.048614099621772766,-1.461706280708313,-1.3076623678207397,-1.4544068574905396
1.2048548460006714,1.3992788791656494,-2.452542304992676,0.8280784487724304,-0.5453639030456543,-0.0435461662709713,-0.1223439872264862,-2.841764211654663,-2.515716314315796,-10,4.139158725738525,-0.688129186630249,-0.6402640342712402,-0.5643231868743896
1.1658289432525635,1.5090019702911377,-2.403326988220215,-0.6725463271141052,0.7359915375709534,-0.05875276401638985,0.05045825615525246,-2.175428867340088,-3.0210859775543213,-10,1.1143606901168823,-0.7715387940406799,-0.6402640342712402,-0.7543662190437317
1.4066836833953857,1.6133383512496948,-2.2528810501098633,0.6443944573402405,0.5520707368850708,0.13391433656215668,0.5118990540504456,-2.641871690750122,-2.979646682739258,-3.5250706672668457,2.5384247303009033,-0.1285906881093979,0.1156059205532074,-0.05666656792163849
1.6866300106048584,1.4582902193069458,-2.384129524230957,0.5461973547935486,-0.6328749060630798,-0.4296393394470215,-0.34139108657836914,-2.218663215637207,-3.0658926963806152,-3.821770429611206,0.45202773809432983,-0.9879249334335327,-0.8633716106414795,-1.017709493637085
1.545817494392395,1.573109745979309,-2.3334414958953857,0.7649103999137878,-0.4665660560131073,-0.30205830931663513,0.32555943727493286,-4.0107741355896,-2.948890209197998,-10,5.537334442138672,-0.5213099718093872,-0.22855865955352783,-0.4150036573410034
1.5992212295532227,1.528727412223816,-2.3659236431121826,0.6965655088424683,-0.6822232604026794,0.2218780815601349,-0.01175055280327797,-3.30157470703125,-2.467585802078247,-10,0.023530498147010803,-1.2163898944854736,-1.1934932470321655,-1.2973463535308838
1.7509698867797852,1.5584557056427002,-2.2777318954467773,0.4941180646419525,0.8294321298599243,-0.22087180614471436,0.13822203874588013,-2.311000108718872,-3.213308572769165,-3.638375997543335,-0.3884294331073761,-0.17242245376110077,0.046302225440740585,-0.2582230269908905
1.2152113914489746,1.2775919437408447,-1.957507848739624,0.5528894066810608,0.7547574043273926,-0.15915125608444214,-0.31515946984291077,-2.5422470569610596,-2.9449706077575684,-3.710944890975952,0.6110479235649109,-0.7806325554847717,-0.6520816683769226,-0.683357298374176
1.5191155672073364,1.2846245765686035,-2.2241837978363037,-0.6158671975135803,0.7720946669578552,0.03525165840983391,-0.1527571827173233,-3.531480073928833,-10,-2.882617235183716,2.6390573978424072,-0.813243567943573,-0.7560561895370483,-0.7815152406692505
1.3968459367752075,1.5247011184692383,-2.202932119369507,-0.028276856988668442,0.5740522742271423,0.7733686566352844,0.2675170600414276,-2.3539679050445557,-2.5658769607543945,-3.4783899784088135,-0.8253902196884155,-0.9783422350883484,-0.8205689787864685,-0.9125076532363892
1.4102540016174316,1.52996027469635,-2.204497814178467,-0.49006715416908264,0.797397255897522,-0.1527571827173233,-0.3172649145126343,-3.6600711345672607,-10,-3.2738869190216064,1.5676685571670532,-0.9939643740653992,-0.8975799083709717,-1.0530052185058594
1.8573023080825806,1.5558037757873535,-2.315115451812744,-0.49762365221977234,0.5570869445800781,0.2476157248020172,0.6170180439949036,-2.507192850112915,-3.511381149291992,-3.8902604579925537,-0.3317570090293884,-1.3175369501113892,-1.1214228868484497,-1.4344100952148438
1.9027042388916016,1.6044198274612427,-2.345560073852539,0.9502755403518677,0.23359957337379456,0.17889615893363953,-0.10199877619743347,-2.8185603618621826,-2.9949002265930176,-3.2617034912109375,0.9614419937133789,-0.08326335996389389,0.26584309339523315,-0.1162952333688736
1.23361074924469,1.6631072759628296,-2.376750946044922,-0.669781506061554,0.7086045145988464,0.1527571827173233,-0.1610516905784607,-3.0872561931610107,-3.2296512126922607,-10,5.537334442138672,-0.173770010471344,0.15741515159606934,-0.2656841278076172
1.601261019706726,1.6964701414108276,-2.4118316173553467,0.7348674535751343,0.5593541264533997,-0.20783677697181702,0.3223300278186798,-2.172776937484741,-2.9282288551330566,-3.1220028400421143,-1.4449231624603271,0.44565171003341675,0.6803532838821411,0.4440942108631134
1.6670030355453491,1.629820466041565,-2.440730571746826,0.7131263613700867,-0.690517783164978,-0.05875276401638985,0.10575497150421143,-2.4910614490509033,-3.6387598514556885,-10,3.725693464279175,-0.9939643740653992,-0.8847141265869141,-1.134452223777771
1.6423779726028442,1.6788612604141235,-2.3779215812683105,0.8018897771835327,0.5933536887168884,0.0571826733648777,0.040426623076200485,-2.3335089683532715,-2.965949773788452,-4.128837585449219,1.2390053272247314,-0.1546589434146881,0.09145978093147278,-0.15120190382003784
1.2048548460006714,1.6877641677856445,-2.2340269088745117,-0.38638582825660706,0.887393593788147,0.1527571827173233,0.19975939393043518,-5.10964298248291,-2.5558249950408936,-10,2.4107987880706787,0.6464243531227112,0.49192577600479126,0.860999584197998
1.4412851333618164,1.6428735256195068,-2.069469451904297,0.8236038684844971,0.25363853573799133,-0.4879014194011688,-0.1389114260673523,-2.490311622619629,-3.1859774589538574,-4.021150588989258,0.06175202503800392,-0.020792242139577866,0.1412053406238556,-0.004771099891513586
1.1234771013259888,1.486142873764038,-1.9484533071517944,0.230707049369812,0.5901556015014648,0.759688138961792,-0.1461661159992218,-1.9453513622283936,-2.5138401985168457,-3.0845022201538086,-2.2022390365600586,1.0149635076522827,1.1014106273651123,1.0520576238632202
1.354796290397644,1.6174920797348022,-2.0873656272888184,-0.669781506061554,0.7326368689537048,-0.05875276401638985,-0.10575497150421143,-10,-4.007760047912598,-3.0353987216949463,1.4615178108215332,0.0069507728330791,0.1316835582256317,-0.021343067288398743
1.2573775053024292,1.7382457256317139,-2.149258613586426,0.853258490562439,-0.3320586383342743,-0.19120635092258453,-0.353733092546463,-2.3413593769073486,-2.9905946254730225,-3.968247652053833,-1.0003095865249634,0.2158440798521042,0.3173740804195404,0.35684794187545776
1.8457002639770508,1.7037911415100098,-2.506678819656372,-0.3490605354309082,0.7649953365325928,-0.5370693802833557,0.06704726815223694,-4.038050651550293,-10,-3.6614303588867188,4.139158725738525,-0.813243567943573,-0.768921971321106,-0.9172602295875549
0.09251059591770172,2.6008594036102295,-1.948032259941101,-0.28829726576805115,0.6963111758232117,0.5187546610832214,0.40364471077919006,-2.161797046661377,-2.9426286220550537,-4.059265613555908,-0.38823676109313965,-0.291069895029068,-0.2681497633457184,-0.08952608704566956
3.6092236042022705,1.326410174369812,-4.008303165435791,0.5491584539413452,0.7731845378875732,-0.1847812831401825,0.2578110992908478,-2.477064609527588,-2.923602819442749,-3.3341355323791504,0.04891480505466461,-0.9986708760261536,-1.1951947212219238,-0.9440724849700928
3.8004984855651855,1.428257942199707,-3.9076578617095947,0.9380309581756592,0.09509502351284027,-0.3294331133365631,-0.050286080688238144,-2.2421398162841797,-3.167893886566162,-3.896205186843872,3.686680316925049,-0.37940657138824463,-0.8074604272842407,-0.8654000163078308
3.820315361022949,1.431937575340271,-3.987466812133789,0.2822161614894867,0.43266159296035767,0.8027578592300415,0.2978888750076294,-2.159461498260498,-2.5252439975738525,-3.2867555618286133,16.11809539794922,-0.9175498485565186,-1.205079436302185,-1.1500122547149658
3.918178081512451,1.5422886610031128,-4.020537853240967,-0.5813067555427551,0.7618737816810608,-0.28546929359436035,-0.01175055280327797,-3.017115831375122,-10,-3.1248319149017334,3.0992729663848877,-0.7020307779312134,-1.0777010917663574,-0.9308347702026367
4.005369186401367,1.4374347925186157,-3.7231342792510986,0.9482889771461487,-0.03419908136129379,-0.29413464665412903,0.1142946258187294,-1.9716951847076416,-2.812307834625244,-4.4045515060424805,-0.6376451849937439,0.062450069934129715,-0.40688854455947876,-0.4537229835987091
4.005604267120361,1.3975814580917358,-3.631263017654419,0.6028529405593872,-0.09516733139753342,-0.48367154598236084,-0.6273542642593384,-2.0170540809631348,-2.6668195724487305,-3.7024965286254883,-0.6628612279891968,1.5199726819992065,1.313519835472107,1.4366995096206665
4.08710241317749,1.5677388906478882,-3.900362730026245,0.9494489431381226,0.1716427505016327,-0.23826447129249573,-0.11097508668899536,-2.2368533611297607,-2.8307430744171143,-2.9752981662750244,16.11809539794922,-0.836159348487854,-1.1543327569961548,-0.978732168674469
4.233797550201416,1.5047279596328735,-3.716958999633789,0.4796436131000519,0.8216648697853088,0.30267155170440674,0.05655742809176445,-2.1713874340057373,-2.5740551948547363,-3.5934391021728516,0.8623801469802856,-0.44864076375961304,-0.7964890599250793,-0.6011712551116943
4.358639717102051,1.504232406616211,-3.559277296066284,0.5310167074203491,0.7634649276733398,0.36476653814315796,0.0456937775015831,-2.188065767288208,-2.4641222953796387,-3.654515027999878,16.11809539794922,-0.9898946285247803,-1.2790613174438477,-1.1039835214614868
4.353318691253662,1.5510610342025757,-3.5213124752044678,0.38839930295944214,0.8635570406913757,-0.15423358976840973,0.2821829617023468,-1.7801039218902588,-3.1004247665405273,-3.847287893295288,-0.8984742164611816,0.40527233481407166,-0.009275506250560284,0.07650263607501984
4.428757667541504,1.6573189496994019,-3.8115756511688232,-0.425492525100708,0.2489950805902481,0.6257344484329224,0.6044948101043701,-1.6955393552780151,-2.6536355018615723,-3.9850096702575684,-0.8753490447998047,-0.9649467468261719,-1.3402700424194336,-1.1207542419433594
4.440343379974365,1.5803881883621216,-3.5047178268432617,0.8209298849105835,-0.32274776697158813,-0.3438819944858551,-0.3219521939754486,-2.126284599304199,-3.1257011890411377,-4.391386985778809,0.36538970470428467,1.4199272394180298,1.1022922992706299,1.0997625589370728
4.004822731018066,1.6912038326263428,-3.959106206893921,0.5060403347015381,0.8405678868293762,0.15957483649253845,0.10910844057798386,-1.9094572067260742,-2.9340672492980957,-3.9828720092773438,-0.6263636946678162,1.5593582391738892,1.388189673423767,1.477994680404663
4.131430149078369,1.6965208053588867,-3.961413860321045,0.5791588425636292,-0.7126448750495911,-0.22685882449150085,-0.3244185745716095,-2.2366418838500977,-2.9103212356567383,-3.3913018703460693,1.2112617492675781,0.36546558141708374,0.14187800884246826,0.2241189330816269
4.302659034729004,1.7261263132095337,-3.9410884380340576,0.7027152180671692,0.6237854361534119,-0.27161845564842224,0.2081020623445511,-2.0761733055114746,-2.988849639892578,-5.437877655029297,16.11809539794922,1.7441962957382202,1.7007853984832764,1.7157163619995117
4.1352667808532715,1.6912739276885986,-3.8674488067626953,0.9506760835647583,-0.14972595870494843,-0.2536062002182007,-0.09737060964107513,-2.556614398956299,-3.8709230422973633,-5.252533435821533,16.11809539794922,-0.34147244691848755,-0.9073517322540283,-0.9196564555168152
4.447899341583252,1.685605525970459,-3.874953031539917,0.5066064596176147,-0.644608199596405,-0.3581066429615021,-0.44675472378730774,-1.8831303119659424,-2.833482503890991,-4.013298511505127,2.732100248336792,1.006434440612793,0.67923903465271,0.7726836800575256
4.464108467102051,1.7149261236190796,-3.727827548980713,0.5439544320106506,-0.5906901955604553,-0.3612159192562103,-0.4740482568740845,-2.561802387237549,-2.934412956237793,-5.015044212341309,1.0412884950637817,1.372667908668518,1.2049741744995117,1.3156697750091553
4.361021995544434,1.4152649641036987,-3.3455116748809814,0.7297258377075195,0.6485648155212402,-0.14660754799842834,0.15928007662296295,-1.825991153717041,-3.711327314376831,-5.032670497894287,0.8038983941078186,1.6550136804580688,1.5861234664916992,1.639685869216919
4.213027000427246,1.3421080112457275,-3.2828617095947266,0.4947799742221832,0.8361176252365112,-0.09454213827848434,0.21716788411140442,-2.0719876289367676,-3.7795894145965576,-4.434525012969971,3.247075080871582,1.258494257926941,0.8956331014633179,0.929442286491394
4.406130790710449,1.4135477542877197,-3.453934907913208,0.6696621775627136,-0.6293425559997559,-0.3648536503314972,-0.14954045414924622,-2.183189868927002,-3.0358550548553467,-4.0599799156188965,3.261075735092163,-1.0793639421463013,-1.4164718389511108,-1.3308844566345215
0.12110532075166702,0.19148825109004974,-1.807256817817688,0.1771642416715622,0.46114546060562134,0.8446943759918213,0.2060319036245346,-2.275026559829712,-2.509469747543335,-5.124532699584961,16.11809539794922,-0.07204113900661469,-0.490023672580719,-0.7482802271842957
0.086570143699646,0.40061718225479126,-1.8965580463409424,0.43274015188217163,0.7758641242980957,0.4406834542751312,0.1287202686071396,-2.225205421447754,-2.807067394256592,-3.6308488845825195,16.11809539794922,-0.015831932425498962,-0.2820194363594055,-0.30714350938796997
0.19275346398353577,0.3433961868286133,-1.817356824874878,0.9103549122810364,-0.214472696185112,0.006662188563495874,0.3538517355918884,-2.3227345943450928,-2.721120595932007,-3.5936484336853027,1.5049527883529663,0.5003719925880432,0.4378359317779541,0.48516133427619934
0.06062651798129082,-0.01772737316787243,-1.5685423612594604,-0.4790078103542328,0.8071140050888062,0.09746046364307404,0.3310891091823578,-2.914717435836792,-10,-2.883497714996338,3.0992729663848877,-0.12459645420312881,-0.2849828004837036,-0.09036041796207428
0.4500826299190521,0.07760985195636749,-1.5274848937988281,-0.2085554301738739,0.42578768730163574,0.7425227165222168,0.4731484651565552,-2.322904348373413,-2.7522506713867188,-3.188523054122925,1.8343967199325562,-0.2540433406829834,-0.42032358050346375,-0.2625536620616913
0.42991501092910767,0.26102638244628906,-1.7708845138549805,0.4417916238307953,0.8867582678794861,0.10995575040578842,-0.07993508875370026,-1.7435804605484009,-2.264312267303467,-3.5459470748901367,-0.32968494296073914,0.26847565174102783,-0.049164850264787674,-0.17731454968452454
1.0834490060806274,0.2016276717185974,-1.8142529726028442,0.9203309416770935,-0.1914648860692978,0.3089704215526581,0.1444626748561859,-2.1322696208953857,-2.784634590148926,-10,5.537334442138672,-0.6646326780319214,-0.9939643740653992,-0.9939643740653992
1.0744739770889282,0.2436857521533966,-1.830566644668579,0.9270920157432556,-0.33575576543807983,-0.005721858236938715,-0.16654054820537567,-2.029904842376709,-2.083676338195801,-2.954491376876831,1.6029434204101562,-0.37011340260505676,-0.6395474672317505,-0.6368030905723572
0.6929571628570557,0.10935927927494049,-1.7289164066314697,-0.5108034610748291,0.8083655834197998,-0.2923814058303833,-0.01175055280327797,-2.8989899158477783,-2.3297529220581055,-10,5.537334442138672,0.13849811255931854,-0.2015732079744339,-0.1459668129682541
0.7774704098701477,0.21353626251220703,-1.7045191526412964,0.6150331497192383,0.7875736355781555,0.038113031536340714,0.003065573051571846,-1.8346037864685059,-2.8353312015533447,-3.673208713531494,1.215286135673523,-0.6583921909332275,-0.8604761958122253,-0.7735838294029236
0.5209706425666809,0.0494658499956131,-1.4978606700897217,0.6122128367424011,0.5939338207244873,0.30158481001853943,0.4260101616382599,-2.089836597442627,-2.5572614669799805,-3.1726887226104736,1.6740957498550415,1.7724539041519165,1.7636563777923584,1.434292197227478
0.8698844313621521,0.1735401451587677,-1.3798667192459106,-0.386740505695343,0.39071622490882874,0.6309323906898499,0.5474458336830139,-1.5045859813690186,-2.6062519550323486,-3.2370171546936035,0.8199434280395508,0.8745741248130798,0.7270384430885315,0.7007653713226318
1.2094911336898804,0.15059269964694977,-1.6068123579025269,0.6256052851676941,0.7133638858795166,-0.1490364372730255,0.27842074632644653,-1.9400726556777954,-2.6126134395599365,-2.9953253269195557,5.89346981048584,0.2600741386413574,0.24689236283302307,0.22364675998687744
1.3742061853408813,0.047986406832933426,-1.6191574335098267,0.021646948531270027,0.5794714093208313,0.8065313696861267,-0.11511491239070892,-1.845833420753479,-2.542079448699951,-2.868889808654785,1.8427557945251465,1.7724539041519165,1.7724539041519165,1.758664846420288
0.6192615032196045,0.3424087166786194,-1.882330060005188,0.9167130589485168,-0.3700617849826813,0.1394408941268921,0.056988321244716644,-1.5520398616790771,-2.893815517425537,-3.755077600479126,0.22757048904895782,-0.4752923250198364,-0.7079429626464844,-0.6447441577911377
0.26252856850624084,0.4610237181186676,-1.9922828674316406,-0.5578056573867798,0.8079754114151001,0.1527571827173233,-0.11266706138849258,-10,-3.090503454208374,-2.68857741355896,5.537334442138672,-0.8723388910293579,-0.9939643740653992,-0.7715387940406799
0.1407727301120758,0.07379661500453949,-1.297952651977539,-0.39762791991233826,0.2871425151824951,0.4950007200241089,0.7172276377677917,-2.0982728004455566,-2.7412607669830322,-3.1453378200531006,1.241478443145752,1.7724539041519165,1.6371715068817139,1.5740258693695068
0.38233858346939087,0.01709088683128357,-1.4876197576522827,0.9199799299240112,-0.3877682387828827,0.05045825615525246,0.026957150548696518,-10,-3.3022587299346924,-2.4286835193634033,5.537334442138672,-0.5677030682563782,-0.6603260040283203,-0.563014805316925
0.5625562071800232,0.11509144306182861,-1.1978645324707031,0.7519219517707825,0.5789414644241333,-0.005589969456195831,-0.3152918815612793,-1.7645137310028076,-2.0464937686920166,-2.6626360416412354,3.4784998893737793,1.6904428005218506,1.3444499969482422,1.3044768571853638
0.27784278988838196,0.16306401789188385,-1.2294877767562866,-0.37823015451431274,0.19758807122707367,0.7555820941925049,0.4969874918460846,-2.072763204574585,-3.0881733894348145,-4.108369827270508,0.4404093325138092,-0.06816817075014114,-0.1866607964038849,-0.14524850249290466
0.6851077079772949,0.19200964272022247,-1.2345497608184814,0.8734583258628845,0.2223396599292755,-0.39976420998573303,0.16680601239204407,-1.9979819059371948,-2.693528890609741,-3.1385748386383057,16.11809539794922,1.200369119644165,1.0098704099655151,0.9907820224761963
0.3339056968688965,0.16351400315761566,-1.1579875946044922,0.7459176778793335,0.6428565382957458,0.16841796040534973,-0.04447166994214058,-2.352222442626953,-2.719456672668457,-3.574214220046997,1.966414451599121,1.0070494413375854,0.9577770829200745,1.0349644422531128
0.7195816040039062,0.06235462427139282,-1.5141035318374634,0.8117203712463379,-0.5688650012016296,0.11404947936534882,-0.06704726815223694,-2.800692319869995,-2.863062620162964,-10,1.0520923137664795,1.7724539041519165,1.7724539041519165,1.7724539041519165
0.9747325778007507,0.11806384474039078,-1.3846272230148315,0.7661062479019165,-0.3573550283908844,-0.16934619843959808,0.5066561698913574,-3.34722638130188,-10,-2.176433801651001,0.5719616413116455,1.7724539041519165,1.4110122919082642,1.2858978509902954
0.8957527279853821,0.19022692739963531,-1.4215890169143677,-0.4354704022407532,0.015073751099407673,0.8729379773139954,-0.2193571776151657,-2.1456315517425537,-2.675680637359619,-3.6436946392059326,16.11809539794922,1.5802242755889893,1.4583156108856201,1.4255006313323975
1.312021255493164,0.11093463003635406,-1.3908029794692993,0.9237581491470337,0.35518431663513184,-0.122229665517807,-0.07466521859169006,-1.8141748905181885,-2.081238269805908,-2.4122586250305176,16.11809539794922,1.72197687625885,1.4604932069778442,1.4198260307312012
0.6929571628570557,0.08846832066774368,-1.2345525026321411,-0.5909836888313293,0.7489921450614929,-0.05875276401638985,0.29376381635665894,-10,-2.4317092895507812,-2.9828689098358154,5.537334442138672,1.7724539041519165,1.5500283241271973,1.4944218397140503
1.0988279581069946,0.07771117240190506,-1.1141945123672485,-0.09135217219591141,0.7351755499839783,0.5991255640983582,0.30367785692214966,-1.991878628730774,-2.086664915084839,-2.1523725986480713,16.11809539794922,0.9291629791259766,0.9008888602256775,0.8108103275299072
0.7462060451507568,0.12676841020584106,-1.0388667583465576,-0.4790078103542328,0.8682154417037964,0.12787365913391113,0.02004506066441536,-2.7259862422943115,-2.4709231853485107,-10,5.537334442138672,1.7724539041519165,1.2024883031845093,1.0495706796646118
0.853978157043457,0.1981942504644394,-1.2560291290283203,-0.4416825473308563,0.7767512798309326,-0.42509353160858154,0.1444626748561859,-2.8205480575561523,-2.3478734493255615,-10,0.05491575598716736,1.1190787553787231,0.8688499331474304,0.8271450996398926
0.9350242018699646,0.18689343333244324,-1.2348909378051758,-0.37809130549430847,0.8703347444534302,-0.24537917971611023,0.19837696850299835,-2.8205480575561523,-2.4530293941497803,-10,1.3862943649291992,1.369307518005371,1.1468819379806519,1.1190787553787231
0.8070520758628845,0.2883199453353882,-0.927413821220398,0.8856161832809448,0.4122368097305298,0.1688023805618286,-0.1313413381576538,-1.8893048763275146,-2.925813913345337,-3.6761326789855957,16.11809539794922,1.7359014749526978,1.691214919090271,1.6807968616485596
1.063408613204956,0.19527781009674072,-1.0229344367980957,-0.36085450649261475,0.2825656533241272,0.648939847946167,0.6073037385940552,-1.8466382026672363,-2.4300262928009033,-2.5319983959198,3.306349992752075,0.5340538024902344,0.37702295184135437,0.39157235622406006
1.6793653964996338,0.26550740003585815,-1.7694635391235352,0.5610608458518982,0.6296823620796204,0.5007862448692322,0.19474081695079803,-2.2767221927642822,-2.4676260948181152,-2.875234842300415,1.5048551559448242,1.7724539041519165,1.4362876415252686,1.3880184888839722
1.6883959770202637,0.14935296773910522,-1.5938458442687988,-0.4726371169090271,0.6014696359634399,0.2563783526420593,0.5908625721931458,-1.508866786956787,-1.9901214838027954,-2.3839967250823975,16.11809539794922,0.6231625080108643,0.444924533367157,0.46609315276145935
1.518592357635498,0.12340480834245682,-1.6103425025939941,0.6383503079414368,0.6958345770835876,-0.20954009890556335,0.25380316376686096,-1.5255078077316284,-2.167766809463501,-2.302828073501587,16.11809539794922,1.2703231573104858,0.9326376914978027,0.8866488933563232
2.118697166442871,0.21954022347927094,-1.9722709655761719,0.8723437786102295,-0.4499770402908325,0.17625829577445984,0.0739593580365181,-2.409712553024292,-2.687608480453491,-10,5.537334442138672,1.7724539041519165,1.619536280632019,1.4249138832092285
2.1941070556640625,0.11414942890405655,-1.5778939723968506,0.43367448449134827,0.5616985559463501,0.6878050565719604,0.15279200673103333,-1.7334668636322021,-1.8387778997421265,-2.10750150680542,4.503187656402588,0.1780218780040741,-0.08216693252325058,-0.11099007725715637
1.8903746604919434,0.2934056520462036,-1.5528846979141235,-0.3609860837459564,0.139109805226326,0.6760596632957458,0.627121090888977,-2.2775864601135254,-2.698145627975464,-3.655247449874878,2.4266059398651123,1.5482401847839355,1.4138163328170776,1.4096238613128662
2.159965991973877,0.3692731559276581,-1.7542355060577393,0.7135056257247925,0.6856834292411804,0.1439744532108307,-0.004396988078951836,-2.120222330093384,-2.790895938873291,-4.203786373138428,0.7923774123191833,-1.0994560718536377,-1.4832732677459717,-1.5138441324234009
2.214751720428467,0.37524035573005676,-1.9624392986297607,-0.5356869697570801,0.7949801683425903,0.05875276401638985,0.2785572111606598,-2.7432620525360107,-3.3670785427093506,-10,2.6390573978424072,0.8827515244483948,0.6742275357246399,0.6603259444236755
1.9777742624282837,0.301623672246933,-1.38163161277771,0.9187577366828918,0.07460591942071915,0.34184229373931885,-0.18292632699012756,-1.700321078300476,-2.4511380195617676,-2.9511494636535645,0.2536308467388153,-0.3967660665512085,-0.7390497326850891,-0.7757838368415833
2.389230728149414,0.3839622735977173,-1.6511653661727905,0.31867268681526184,0.3786683976650238,0.8191444277763367,0.2899317145347595,-1.9951244592666626,-2.1823904514312744,-3.8659355640411377,16.11809539794922,0.5778530836105347,0.44725698232650757,0.5258834362030029
2.2160301208496094,0.5052874684333801,-1.6648621559143066,0.6716274619102478,0.6036958694458008,0.10524656623601913,0.4164024293422699,-2.5776000022888184,-2.795841693878174,-4.16937255859375,1.4174392223358154,1.4417322874069214,1.391784906387329,1.4129321575164795
2.3288912773132324,0.5732157230377197,-1.3087785243988037,0.9012060761451721,0.3772657513618469,0.20067793130874634,0.07229449599981308,-1.579995036125183,-2.284358501434326,-2.4404666423797607,5.42953634262085,-1.3749266862869263,-1.6361515522003174,-1.654282569885254
1.7180813550949097,0.10373126715421677,-1.0790259838104248,0.9322307705879211,0.3325068950653076,-0.09443109482526779,0.10708761215209961,-1.3534609079360962,-1.798607349395752,-2.423759937286377,16.11809539794922,-0.18857625126838684,-0.24447889626026154,-0.2786901891231537
1.4028985500335693,0.354566365480423,-0.9400300979614258,-0.35237136483192444,0.16440646350383759,0.8548721671104431,0.3435090482234955,-1.6433528661727905,-2.1353752613067627,-2.2528581619262695,16.11809539794922,-0.7295669913291931,-1.0035063028335571,-1.0419260263442993
1.8032258749008179,0.29250702261924744,-1.3261470794677734,0.7480519413948059,0.5996753573417664,0.17899329960346222,-0.22083744406700134,-2.449592113494873,-2.789396286010742,-3.5550432205200195,16.11809539794922,-0.7244579792022705,-0.9830751419067383,-0.9645649194717407
2.0758275985717773,0.402432382106781,-1.2152271270751953,-0.3719616234302521,0.6823659539222717,0.5794787406921387,0.2454090118408203,-1.7725844383239746,-2.066657304763794,-2.569850206375122,16.11809539794922,-0.801523745059967,-1.119917392730713,-1.1902872323989868
1.7905105352401733,0.27981123328208923,-1.2034293413162231,-0.6269265413284302,0.7740796804428101,-0.05875276401638985,0.0656648501753807,-3.03206729888916,-2.5096518993377686,-10,5.537334442138672,-0.8688499927520752,-1.0912755727767944,-1.07737398147583
1.606318712234497,0.4069382846355438,-1.2370203733444214,0.243419349193573,0.5809496641159058,0.7245844006538391,0.2796817719936371,-2.2596163749694824,-2.664658308029175,-3.8641481399536133,0.7295624613761902,1.6711556911468506,1.6188726425170898,1.599266529083252
1.507468819618225,0.46739405393600464,-0.9473957419395447,0.6718212366104126,0.6234768629074097,-0.0963294729590416,0.38814103603363037,-2.152714490890503,-2.4383347034454346,-3.0581040382385254,2.70035982131958,-1.140019178390503,-1.3749340772628784,-1.2703078985214233
1.515962839126587,0.5376920700073242,-1.180242896080017,0.7223088145256042,-0.1478310376405716,-0.62834632396698,0.24818702042102814,-2.612835645675659,-2.752650022506714,-3.4666390419006348,16.11809539794922,0.010943437926471233,-0.43645673990249634,-0.6563986539840698
1.6017276048660278,0.6024637222290039,-1.2148609161376953,0.9243074655532837,0.13399344682693481,-0.3261730372905731,0.1459883749485016,-2.5709569454193115,-2.9115424156188965,-4.944072246551514,16.11809539794922,1.7074029445648193,1.6985820531845093,1.7134877443313599
0.7329093217849731,0.9691610336303711,-2.0052073001861572,0.8341534733772278,-0.3960627317428589,0.36426714062690735,-0.12096156924962997,-10,-3.2781002521514893,-3.3706438541412354,2.1756255626678467,-0.813243567943573,-0.563014805316925,-0.813243567943573
1.1482456922531128,1.1791619062423706,-1.953411340713501,-0.3139646053314209,0.36703115701675415,0.3629052937030792,0.7968776822090149,-2.630138635635376,-2.933129072189331,-3.8031582832336426,1.5247383117675781,-1.4900788068771362,-1.416115641593933,-1.4843868017196655
1.0841089487075806,1.2014555931091309,-1.9408094882965088,-0.4969792664051056,0.7381073236465454,-0.28546929359436035,0.35597261786460876,-10,-2.6148080825805664,-3.109011650085449,0.4712783396244049,-0.7993419766426086,-0.6603260040283203,-0.8827515840530396
1.349156379699707,0.9719831347465515,-1.8982915878295898,0.6797747015953064,0.5329543948173523,0.36660775542259216,0.34563666582107544,-2.6411755084991455,-2.9180173873901367,-3.3268725872039795,0.10421682894229889,-0.9014819264411926,-0.7518306970596313,-0.9592658281326294
1.2163358926773071,0.9515158534049988,-1.8307175636291504,0.6167812347412109,0.40706244111061096,0.6552966833114624,0.15642033517360687,-2.5103893280029297,-3.038425922393799,-4.1827521324157715,-0.8520407676696777,-0.3559349775314331,-0.15374357998371124,-0.4519762098789215
1.6769649982452393,0.844591498374939,-1.946408748626709,0.14041276276111603,0.5134541392326355,0.6723973751068115,0.5143256783485413,-2.12933611869812,-3.2749741077423096,-4.296870231628418,0.42738088965415955,-0.4199102818965912,-0.16674497723579407,-0.4570583999156952
2.11720871925354,0.844224214553833,-1.522035002708435,-0.4674701392650604,-0.052841346710920334,0.8721339702606201,0.13439436256885529,-2.781235456466675,-3.0937938690185547,-4.801168918609619,2.4293768405914307,-0.2958662509918213,-0.5116569399833679,-0.5856718420982361
2.28823184967041,0.9037541747093201,-1.5898507833480835,0.9693865180015564,0.22586531937122345,0.08494700491428375,0.045372124761343,-2.2957632541656494,-3.1598803997039795,-3.6865885257720947,2.3672292232513428,1.2663023471832275,1.2754474878311157,1.274649977684021
2.195927858352661,0.9128512740135193,-1.4506783485412598,0.5027506947517395,0.6511296629905701,0.13024121522903442,0.5534520149230957,-2.5585663318634033,-2.9837546348571777,-4.293721675872803,2.1179354190826416,-0.637511670589447,-0.7862746715545654,-0.7400524616241455
2.3492157459259033,0.947718620300293,-1.533595085144043,0.9593165516853333,0.23519086837768555,0.03183787316083908,-0.1529160887002945,-2.2388978004455566,-2.9774725437164307,-3.8472535610198975,16.11809539794922,0.7560803890228271,0.7966623902320862,0.8522282242774963
1.355263113975525,1.0570563077926636,-1.7957913875579834,0.761098325252533,-0.488684743642807,-0.32417699694633484,-0.27717480063438416,-3.918821096420288,-7.43580961227417,-3.922083854675293,5.537334442138672,-0.006950825918465853,0.15986835956573486,-0.173770010471344
1.6684411764144897,0.9691610336303711,-2.0140559673309326,-0.6338386535644531,0.7360278367996216,-0.2135835736989975,0.1043725535273552,-4.012377738952637,-3.253833532333374,-10,1.2005772590637207,-0.7576372027397156,-0.563014805316925,-0.7715387940406799
1.5854473114013672,0.713183581829071,-1.178175926208496,0.8678321838378906,0.3234877288341522,-0.23469814658164978,0.2951943874359131,-2.6975090503692627,-3.551044225692749,-5.881944179534912,16.11809539794922,1.7724539041519165,1.7724539041519165,1.6924467086791992
1.6112855672836304,0.7681217193603516,-1.1050794124603271,0.8926557898521423,0.42424213886260986,-0.13237260282039642,0.07524467259645462,-2.6916816234588623,-3.6397294998168945,-5.22526216506958,16.11809539794922,1.7724539041519165,1.7724539041519165,1.7724539041519165
1.7149862051010132,0.6684896945953369,-1.0571074485778809,0.8135814666748047,-0.10110525786876678,-0.5585800409317017,0.12590189278125763,-2.5030083656311035,-2.799854040145874,-3.1710546016693115,1.2982679605484009,0.8289346098899841,0.7057338953018188,0.6814925670623779
1.5950860977172852,0.9303808212280273,-0.9455165863037109,0.820351779460907,-0.11016470938920975,-0.5363812446594238,0.16486912965774536,-1.9537752866744995,-2.211998224258423,-2.8408477306365967,16.11809539794922,-0.5725050568580627,-0.7945225238800049,-0.8234370946884155
1.1508244276046753,0.819333553314209,-0.9956217408180237,-0.3194054663181305,0.2647130489349365,0.8059903979301453,0.4222400486469269,-3.1306493282318115,-3.669576406478882,-4.038156509399414,16.11809539794922,0.3667515218257904,0.3259853422641754,0.40563395619392395
1.5144824981689453,0.8774188756942749,-1.0909936428070068,0.9492366313934326,-0.17364934086799622,0.0393376387655735,0.2593227028846741,-2.0119516849517822,-3.0787415504455566,-4.710513591766357,16.11809539794922,0.25489237904548645,-0.13590891659259796,-0.430624395608902
1.2302442789077759,0.9144231677055359,-0.9617868065834045,0.7652775049209595,0.5724684000015259,0.12148121744394302,0.2680906057357788,-2.3745920658111572,-2.80348539352417,-3.6769638061523438,0.7695598602294922,-0.9006714820861816,-1.0155863761901855,-0.9077478647232056
1.3831058740615845,0.9720979332923889,-1.1064852476119995,-0.11234062165021896,0.8635375499725342,0.4493348300457001,-0.19945086538791656,-2.7179739475250244,-3.245205879211426,-5.076282024383545,1.5111103057861328,-0.04416966438293457,-0.2877114713191986,-0.4178623855113983
1.8648416996002197,0.9654539823532104,-1.0890556573867798,0.955783486366272,-0.20322683453559875,0.01363585889339447,0.2121104598045349,-1.8002127408981323,-3.518287420272827,-4.03643798828125,16.11809539794922,-0.08348013460636139,-0.4144049286842346,-0.6189480423927307
2.090507984161377,0.7350309491157532,-1.2923061847686768,0.8487415313720703,-0.23053951561450958,-0.4693903923034668,0.07849869877099991,-2.211981773376465,-2.4111685752868652,-3.4708950519561768,3.0263006687164307,-0.4275302588939667,-0.6733366250991821,-0.772626519203186
2.178772211074829,0.8348060250282288,-1.277950644493103,0.5302838087081909,0.7063583135604858,-0.0022505056113004684,0.468883752822876,-2.193603038787842,-2.9302945137023926,-3.6687822341918945,1.6696979999542236,0.15162910521030426,0.13014797866344452,0.16356723010540009
1.9877046346664429,0.7731863260269165,-1.169495701789856,0.6399942636489868,-0.5703312158584595,-0.5113855004310608,-0.06012077257037163,-2.435504198074341,-2.856593370437622,-3.4302709102630615,0.6409280300140381,1.7285374402999878,1.6882621049880981,1.599604845046997
2.2108938694000244,0.844145655632019,-1.3851652145385742,0.8205634355545044,-0.07851487398147583,-0.5572043061256409,-0.10017227381467819,-2.20957350730896,-2.8202314376831055,-3.834005355834961,3.136547565460205,-0.08078541606664658,-0.12637153267860413,-0.07764822989702225
2.208570957183838,0.9474316835403442,-1.2405356168746948,0.5726954340934753,-0.6626659631729126,-0.47144830226898193,-0.10310319811105728,-2.0023632049560547,-3.4744908809661865,-4.138039588928223,1.3037453889846802,1.6049556732177734,1.5842514038085938,1.53336763381958
1.9910757541656494,0.6910763382911682,-1.0970629453659058,0.5709174871444702,-0.5800479650497437,-0.4802422523498535,-0.3270549774169922,-2.331541061401367,-2.752615213394165,-2.9803709983825684,2.183281183242798,0.06797942519187927,-0.1708594709634781,-0.1784142553806305
1.9180042743682861,0.8240012526512146,-0.9649657607078552,0.9545167684555054,0.1459285318851471,-0.2369236797094345,0.10709712654352188,-2.023336410522461,-2.6328577995300293,-3.885119676589966,16.11809539794922,-1.3874322175979614,-1.4996109008789062,-1.3792356252670288
2.049675941467285,0.7708854079246521,-0.8478360176086426,0.27348652482032776,0.49323180317878723,0.8157661557197571,0.1282695084810257,-1.9849283695220947,-2.1090900897979736,-2.1876726150512695,4.4226531982421875,-1.145911455154419,-1.1451281309127808,-1.0084325075149536
2.394926071166992,0.7825050950050354,-1.0611801147460938,0.5879416465759277,0.39523813128471375,0.6413856744766235,0.294509619474411,-2.1368837356567383,-2.278907537460327,-2.6629252433776855,1.2827601432800293,-0.5688853859901428,-0.5825528502464294,-0.581359326839447
1.2779314517974854,1.080575942993164,-0.8595450520515442,0.8251140713691711,0.47065943479537964,0.13058722019195557,0.2839250862598419,-2.2244679927825928,-2.5333237648010254,-3.56486439704895,2.7816948890686035,-0.35313111543655396,-0.5436444282531738,-0.5303792953491211
1.3412717580795288,1.0646169185638428,-1.0462690591812134,0.800230085849762,0.3062199354171753,0.26916593313217163,0.43978506326675415,-2.4872660636901855,-3.466099977493286,-5.721349239349365,0.5023234486579895,-0.34711724519729614,-0.4278531074523926,-0.36497190594673157
1.6430506706237793,1.0464081764221191,-1.1466710567474365,0.9811190366744995,-0.17225287854671478,0.022373002022504807,0.0850520133972168,-2.4681546688079834,-2.6498420238494873,-5.571150779724121,1.5238137245178223,0.14072801172733307,-0.15675826370716095,-0.30206161737442017
1.4606491327285767,1.1906193494796753,-1.0242809057235718,-0.4882271885871887,0.5969786643981934,0.6352391839027405,0.041495777666568756,-2.31795334815979,-2.6435227394104004,-3.214609384536743,1.4968016147613525,-0.6226093769073486,-0.6971076130867004,-0.492226243019104
1.4597153663635254,1.1769554615020752,-1.1244144439697266,-0.3001374304294586,0.2562040686607361,0.7480937838554382,0.5335097312927246,-2.648087978363037,-4.1338396072387695,-4.622042179107666,3.260822057723999,1.583516240119934,1.6013548374176025,1.6013548374176025
1.5305769443511963,1.2367966175079346,-1.1451492309570312,0.9474130272865295,0.18860946595668793,0.2188078910112381,0.13768869638442993,-2.929417848587036,-3.5457868576049805,-4.475622653961182,1.7590627670288086,-0.8462921977043152,-0.9721091985702515,-0.8431479334831238
1.7544077634811401,1.1656275987625122,-1.1606855392456055,0.9809584617614746,-0.1561325341463089,-0.011078888550400734,-0.11498019844293594,-2.535841226577759,-3.13242506980896,-3.825451374053955,16.11809539794922,-0.14429216086864471,-0.46525657176971436,-0.6034423112869263
1.4895381927490234,1.1974543333053589,-1.0484505891799927,-0.2850397825241089,0.42707666754722595,0.8304850459098816,0.21599183976650238,-2.2011172771453857,-2.8985393047332764,-4.011343955993652,0.18393775820732117,0.21533891558647156,0.1614755094051361,0.15360388159751892
2.4061522483825684,1.057941198348999,-1.2722156047821045,0.8160718083381653,-0.3291357755661011,-0.4738754332065582,0.033741600811481476,-1.8799299001693726,-2.5826494693756104,-4.045468807220459,16.11809539794922,-0.7318820953369141,-0.8595114350318909,-0.7461003661155701
1.8390257358551025,1.1228814125061035,-1.1334421634674072,0.9308735728263855,-0.2381359487771988,0.04698038101196289,0.27305397391319275,-2.186305284500122,-2.4601573944091797,-3.7568960189819336,0.9970994591712952,-0.5636669993400574,-0.8482041358947754,-0.9644532203674316
2.164489984512329,1.0285123586654663,-1.0897036790847778,0.9216388463973999,-0.1751462072134018,0.04914474114775658,0.3427687883377075,-2.0742876529693604,-2.846930503845215,-3.9003398418426514,0.4772813022136688,-1.331594705581665,-1.4697990417480469,-1.5320860147476196
2.1725268363952637,1.098693609237671,-1.0160268545150757,0.35934945940971375,0.8626481890678406,-0.27668502926826477,0.22394518554210663,-1.8769181966781616,-2.4149224758148193,-3.2723476886749268,3.292065143585205,-0.6604248881340027,-0.8168720006942749,-0.8974891901016235
1.9472148418426514,1.2432358264923096,-1.1719523668289185,0.1351233571767807,0.6303936243057251,0.7181559801101685,0.2619113326072693,-2.574009656906128,-3.22766375541687,-3.7493698596954346,-1.002776026725769,0.6103515625,0.5479708313941956,0.5528929233551025
2.1448848247528076,1.2439181804656982,-1.0977647304534912,0.6493167877197266,0.7461654543876648,-0.13875626027584076,-0.04869828373193741,-1.8164238929748535,-2.953737258911133,-4.009598255157471,2.532054901123047,0.9794250726699829,0.9778082370758057,1.039516806602478
2.134478807449341,1.310001254081726,-1.0415138006210327,-0.36170729994773865,0.46861395239830017,0.7151862382888794,0.37158775329589844,-2.651473045349121,-2.775373935699463,-4.27157735824585,1.8389569520950317,1.5736933946609497,1.5849047899246216,1.6169729232788086
2.368536949157715,1.1282366514205933,-1.1088100671768188,0.6226271390914917,0.7301404476165771,-0.28095799684524536,-0.017117727547883987,-2.4710183143615723,-2.61837100982666,-3.353635311126709,0.5590653419494629,0.24322469532489777,0.29135197401046753,0.4002079367637634
0.21845297515392303,0.22790920734405518,-0.9422786235809326,-0.4617488384246826,0.6376978754997253,0.6147639751434326,0.04684776812791824,-2.105954885482788,-2.6823503971099854,-4.691105842590332,-0.8392192125320435,1.703642725944519,1.711266279220581,1.732280969619751
0.2530965805053711,0.2122478485107422,-0.7921453714370728,-0.43071651458740234,0.473148375749588,0.6513034105300903,0.4079433083534241,-2.358597755432129,-2.6488873958587646,-3.615482807159424,16.11809539794922,-1.1859643459320068,-1.4110968112945557,-1.3484156131744385
0.25820454955101013,0.27436360716819763,-0.7384284138679504,0.6494477391242981,-0.5118381381034851,-0.5580435395240784,0.06947523355484009,-2.0626471042633057,-2.8420143127441406,-3.7066173553466797,1.319538950920105,-0.8416535258293152,-1.0861481428146362,-1.0102970600128174
0.4420815110206604,0.2614210247993469,-0.9141854047775269,0.8051874041557312,0.5407924652099609,0.19637641310691833,-0.14371168613433838,-1.8173402547836304,-3.007145643234253,-3.976334571838379,-0.18658879399299622,0.29504120349884033,0.08658543229103088,0.03526477515697479
0.6388584971427917,0.1293995976448059,-0.91875159740448,0.9403473734855652,0.27755045890808105,-0.08804303407669067,-0.17595723271369934,-1.831724762916565,-2.318377733230591,-3.9216434955596924,0.9390754103660583,0.8280513882637024,0.9828121066093445,1.752408742904663
0.5114338397979736,0.27675068378448486,-0.7654339075088501,-0.030703866854310036,0.808955729007721,0.4479195773601532,0.3794943392276764,-1.9786090850830078,-2.3588850498199463,-3.413065195083618,16.11809539794922,1.7187718152999878,1.2657105922698975,1.0567703247070312
0.8089840412139893,0.4098847508430481,-0.4176669716835022,0.5476988554000854,0.6137897968292236,0.2283560037612915,0.5207126140594482,-1.8328694105148315,-2.3663241863250732,-2.691079616546631,16.11809539794922,1.6735795736312866,1.2451121807098389,0.9807392954826355
0.3611226975917816,0.3739348351955414,-0.8585842251777649,0.8192427754402161,0.4849575459957123,-0.08445553481578827,0.29415082931518555,-2.434666156768799,-2.8931286334991455,-4.54488468170166,16.11809539794922,1.5106329917907715,1.4652212858200073,1.4823099374771118
0.4903630316257477,0.3576831519603729,-0.790448784828186,0.9664058089256287,-0.23017258942127228,0.0435461662709713,0.10575497150421143,-2.7080752849578857,-10,-3.1427676677703857,5.537334442138672,1.0634722709655762,0.8688499331474304,0.7298339009284973
0.3702503740787506,0.40250685811042786,-0.7140297889709473,0.7249009013175964,-0.1398179680109024,-0.6700788140296936,-0.07722707092761993,-2.309725761413574,-2.9442837238311768,-3.1520023345947266,0.38079309463500977,1.1904646158218384,1.0992196798324585,1.1219249963760376
0.23505496978759766,0.3335854113101959,-0.7227148413658142,-0.5771594643592834,0.7488390207290649,-0.32555943727493286,-0.01175055280327797,-10,-2.9650187492370605,-3.504502296447754,5.537334442138672,-0.7576372027397156,-0.9939643740653992,-0.9105547666549683
0.23057283461093903,0.39371079206466675,-0.5690410137176514,0.8858838677406311,0.328749418258667,0.3077029585838318,-0.11159081012010574,-2.725923538208008,-2.9854443073272705,-3.527183771133423,1.790960669517517,-0.29254215955734253,-0.6592004895210266,-0.8175302743911743
0.4001052975654602,0.45876115560531616,-0.3387199640274048,0.594550609588623,0.7415474057197571,-0.14218653738498688,0.2764054834842682,-2.066706895828247,-2.543032169342041,-4.075780868530273,2.193957567214966,1.7373971939086914,1.702205777168274,1.7176216840744019
0.6084920167922974,0.4895350933074951,-0.5955239534378052,-0.4215783476829529,0.7777922749519348,0.3139447569847107,0.344600647687912,-2.092057466506958,-3.0603842735290527,-4.342008590698242,16.11809539794922,1.7724539041519165,1.7724539041519165,1.7724539041519165
0.8580180406570435,0.41779571771621704,-0.7237326502799988,-0.30438509583473206,0.334825336933136,0.8053790926933289,0.3828919231891632,-2.293001651763916,-2.636385679244995,-3.225773572921753,16.11809539794922,-0.9334126114845276,-1.0791401863098145,-0.9593274593353271
1.100766658782959,0.41564327478408813,-0.8824418783187866,0.9446566700935364,0.20978499948978424,0.1091194897890091,-0.2273915857076645,-2.6190004348754883,-2.7899062633514404,-3.2245140075683594,16.11809539794922,-0.750135600566864,-0.9646925926208496,-0.8907703161239624
1.0429779291152954,0.4249032139778137,-0.8996971249580383,-0.5108034610748291,0.8539894819259644,0.0739593580365181,0.0656648501753807,-10,-2.4317092895507812,-4.1650614738464355,-0.2443457543849945,-0.41009721159935,-0.563014805316925,-0.41009721159935
1.2015695571899414,0.48346149921417236,-0.9256595969200134,0.9296505451202393,0.12995101511478424,0.3120214343070984,0.1466464400291443,-2.7088446617126465,-2.7877860069274902,-4.109829902648926,2.3092987537384033,-0.21002040803432465,-0.46090152859687805,-0.3392973840236664
1.0108327865600586,0.5398209691047668,-0.5811141729354858,0.5594868063926697,0.6940168738365173,0.4406489431858063,0.10556329786777496,-2.071336030960083,-2.490847587585449,-3.0898239612579346,16.11809539794922,-0.6667338013648987,-0.8709123134613037,-0.8133465647697449
0.7191455960273743,0.43124473094940186,-0.6812005043029785,-0.1444626748561859,0.8702095746994019,-0.0739593580365181,-0.46518364548683167,-2.9667954444885254,-2.9022765159606934,-10,1.0317493677139282,-0.4657036066055298,-0.7020307779312134,-0.5769163966178894
1.0838714838027954,0.4401228427886963,-0.7409228682518005,-0.38638582825660706,0.5661001205444336,-0.09746046364307404,0.7216218113899231,-10,-2.7297351360321045,-2.6119613647460938,5.537334442138672,-1.0495707988739014,-1.2163898944854736,-1.0912755727767944
1.0838714838027954,0.48197683691978455,-0.5209696292877197,-0.560570478439331,0.7949873805046082,0.2315549999475479,-0.01175055280327797,-2.51304030418396,-2.8238487243652344,-10,5.537334442138672,-0.8827515840530396,-1.1468819379806519,-0.9661611318588257
0.06042865663766861,0.055827073752880096,-0.33961743116378784,-0.5370693802833557,0.6004306674003601,-0.2315549999475479,-0.5453639030456543,-10,-2.196425676345825,-2.222703218460083,3.9120230674743652,1.3554059267044067,1.2441930770874023,1.2024883031845093
0.1676359474658966,0.2283162623643875,-0.322137713432312,0.696919322013855,-0.6891353726387024,-0.16796378791332245,-0.10575497150421143,-2.1309306621551514,-2.5728793144226074,-10,5.537334442138672,1.7724539041519165,1.7724539041519165,1.7724539041519165
0.2676030099391937,0.280053973197937,-0.07489892095327377,0.6008526682853699,0.7648671269416809,-0.17331469058990479,0.15464915335178375,-2.160836696624756,-2.23764967918396,-2.367166042327881,-0.06992974877357483,0.9372636079788208,1.017926573753357,1.02670156955719
0.3891768753528595,0.3173660337924957,-0.47031623125076294,0.03679065406322479,0.5931506752967834,0.7430488467216492,-0.30772897601127625,-2.0887207984924316,-2.316514253616333,-3.398987293243408,16.11809539794922,1.0313013792037964,0.7281268835067749,0.5390084981918335
0.7708923816680908,0.5192204713821411,-0.3909631669521332,0.7258700728416443,0.5987157225608826,-0.14711213111877441,0.30497559905052185,-1.9371765851974487,-2.430157423019409,-2.8533153533935547,1.8899478912353516,0.051495183259248734,-0.11627998948097229,-0.05265755206346512
0.1896817833185196,0.42040637135505676,0.1341758370399475,0.838535487651825,0.47615373134613037,0.259432315826416,0.05320459604263306,-1.9268641471862793,-2.0745911598205566,-2.8200676441192627,16.11809539794922,-1.2358096837997437,-1.4698898792266846,-1.4137569665908813
0.23793819546699524,0.4958181381225586,-0.07719253748655319,-0.14863908290863037,0.8619500994682312,0.3830319941043854,-0.29704374074935913,-2.481924533843994,-2.9715001583099365,-4.500361442565918,3.442199468612671,0.10587909817695618,-0.3600746691226959,-0.631508469581604
0.4003887474536896,0.3348851799964905,0.14375010132789612,0.7544024586677551,0.36782023310661316,0.44020387530326843,0.31907013058662415,-1.3864927291870117,-1.8000997304916382,-2.7213032245635986,2.2898807525634766,-0.5216920375823975,-0.7743661403656006,-0.861365556716919
0.6388037800788879,0.49507638812065125,-0.1462957113981247,0.5244541764259338,0.1028636172413826,-0.8334270715713501,0.1405923217535019,-2.0602967739105225,-2.1709487438201904,-2.458310604095459,1.1699743270874023,0.4579906761646271,0.3302266001701355,0.4098694324493408
0.27308937907218933,0.5989323854446411,0.08789800852537155,0.6604403257369995,-0.4191038906574249,-0.6154108643531799,-0.09715944528579712,-2.089036464691162,-2.6612470149993896,-4.508161544799805,1.8357661962509155,-0.21553067862987518,-0.31522136926651,-0.15816925466060638
0.6295986175537109,0.5567107200622559,-0.25318318605422974,0.8362652659416199,0.4449672996997833,0.3083136975765228,0.08721905201673508,-2.5074386596679688,-3.117694616317749,-4.091285228729248,1.0934498310089111,-1.2975242137908936,-1.470833420753479,-1.3464936017990112
0.3455202579498291,0.6058341860771179,-0.09422111511230469,0.024274906143546104,0.6247442960739136,0.6680409908294678,0.4035177230834961,-2.9899075031280518,-3.3726675510406494,-4.262821197509766,16.11809539794922,1.606770396232605,1.6113096475601196,1.6430845260620117
0.7549036145210266,0.6420469880104065,-0.2866859436035156,-0.40868064761161804,0.052883170545101166,0.8414295315742493,0.34954240918159485,-1.9820423126220703,-2.5520246028900146,-3.366569995880127,-0.632571816444397,1.537968635559082,1.541082739830017,1.5676332712173462
1.0428285598754883,0.6338593363761902,-0.34511685371398926,-0.44360631704330444,0.0882708877325058,0.8914456963539124,0.027317291125655174,-1.8419710397720337,-2.319293737411499,-2.7641334533691406,2.2761590480804443,0.5059512257575989,0.4345974922180176,0.4184929132461548
0.8196021318435669,0.5758486986160278,-0.15496180951595306,-0.1282232701778412,0.7679089903831482,0.6265348792076111,0.03645046800374985,-1.9898403882980347,-2.5142509937286377,-3.728400945663452,1.6365656852722168,-0.5387285351753235,-0.7192735075950623,-0.5477247834205627
1.3063685894012451,0.6033312082290649,-0.864131510257721,-0.4200226366519928,0.09360751509666443,0.7592964768409729,0.4881470203399658,-2.1405751705169678,-2.658022403717041,-2.812126398086548,0.520952582359314,-1.287165641784668,-1.620470643043518,-1.6360944509506226
1.114100456237793,0.762437105178833,-0.8867176175117493,0.5896081328392029,0.2327277958393097,0.5216636657714844,0.5710228085517883,-2.3528902530670166,-2.7075674533843994,-3.751854419708252,16.11809539794922,0.39314398169517517,-0.04350801184773445,-0.331890344619751
1.5759916305541992,0.7441543340682983,-0.7100592851638794,0.475948691368103,0.6875431537628174,0.12896513938903809,0.5330339670181274,-1.766951084136963,-2.2103183269500732,-3.5638349056243896,1.2534233331680298,-0.5867153406143188,-0.9240608215332031,-0.8746640682220459
1.3421010971069336,0.4752064645290375,-0.3466147780418396,0.5893054008483887,-0.5813067555427551,-0.1914648860692978,0.5273924469947815,-1.8797838687896729,-10,-2.043789863586426,5.537334442138672,-0.41009721159935,-0.6464243531227112,-1.1468819379806519
1.0565379858016968,0.5913471579551697,-0.09516406804323196,-0.4397992491722107,-0.04032335430383682,0.8834578990936279,0.1563737690448761,-1.4830477237701416,-1.977935791015625,-3.8225831985473633,2.1499478816986084,-0.8366904258728027,-1.081565260887146,-0.8410699963569641
0.2783733308315277,1.4010646343231201,-0.5348324775695801,0.5450569987297058,-0.08932588994503021,-0.7545784115791321,0.35432353615760803,-1.9190219640731812,-2.364055871963501,-3.20699405670166,-1.8951921463012695,0.9987168312072754,1.2854682207107544,1.253258466720581
1.25515878200531,0.8217118382453918,-0.44395124912261963,0.7724628448486328,0.5589024424552917,0.24372756481170654,0.17755599319934845,-1.5586329698562622,-2.2765040397644043,-3.0776257514953613,-0.6779528856277466,1.7724539041519165,1.7724539041519165,1.7485159635543823
0.5854049324989319,0.8652750849723816,0.07277578115463257,0.8526775240898132,0.38561809062957764,0.176645427942276,-0.30501818656921387,-1.9987163543701172,-2.7456016540527344,-3.1139440536499023,-0.7241292595863342,0.8777504563331604,0.7713418006896973,0.7331022620201111
1.2401691675186157,0.8776504993438721,-0.25070059299468994,0.776833176612854,0.576585590839386,0.19368316233158112,-0.1629910171031952,-2.001683473587036,-2.284817695617676,-3.1453709602355957,-0.1710958182811737,-1.499804973602295,-1.606400966644287,-1.573646068572998
0.9855364561080933,0.9615383148193359,-0.11646977066993713,0.80012446641922,0.48243772983551025,0.31853437423706055,0.1599702388048172,-2.184262275695801,-2.423969268798828,-3.9620532989501953,-0.5775381326675415,-0.4960862994194031,-0.9568182229995728,-1.0148582458496094
0.9849649667739868,1.0178523063659668,0.23064395785331726,0.7262304425239563,-0.07105237245559692,-0.6765647530555725,0.09900045394897461,-1.6535409688949585,-2.010960817337036,-4.267247200012207,3.5740163326263428,-0.5336127877235413,-0.7051976919174194,-0.7150918245315552
1.1152369976043701,1.0113130807876587,-0.11483335494995117,0.8429560661315918,0.38384556770324707,0.06722618639469147,0.3709019720554352,-2.12795090675354,-2.8607962131500244,-3.703272819519043,1.2427312135696411,0.755483865737915,0.5164100527763367,0.523449718952179
0.3668608069419861,1.4209038019180298,-0.09109321236610413,0.5097394585609436,-0.41749927401542664,-0.7472526431083679,-0.08644962310791016,-1.3425846099853516,-2.6949987411499023,-3.049368381500244,-0.3206236660480499,0.20301668345928192,0.25833702087402344,0.40366044640541077
0.6563896536827087,1.1955634355545044,-0.16868966817855835,0.811154305934906,0.5245697498321533,-0.25499656796455383,-0.04280247539281845,-1.7669425010681152,-3.085080862045288,-3.3723511695861816,-0.15917499363422394,0.003175149206072092,0.04953749477863312,0.3530919551849365
0.6739882826805115,0.8592620491981506,0.05140380188822746,0.4443546235561371,0.8339539170265198,0.2594619691371918,0.19937221705913544,-2.0104076862335205,-2.5043258666992188,-3.7597832679748535,-0.3484725058078766,-0.6137312054634094,-0.8626707196235657,-0.9520621299743652
0.8803995847702026,1.0941754579544067,-0.04999937489628792,-0.6144847869873047,0.7151708602905273,0.02004506066441536,0.3324715197086334,-2.6136577129364014,-10,-4.115884304046631,2.0149030685424805,-1.7724539041519165,-1.7724539041519165,-1.7724539041519165
1.209458589553833,1.126142978668213,-0.1319224089384079,0.8103308081626892,0.5176653265953064,0.24806691706180573,0.1176833063364029,-1.8653576374053955,-2.6415512561798096,-3.4526968002319336,-0.4975653886795044,0.14324405789375305,0.06319603323936462,0.25033533573150635
1.1380934715270996,0.903645932674408,-0.9339913129806519,-0.5730122327804565,0.6583818793296814,0.48730233311653137,-0.026957150548696518,-4.731975078582764,-2.820542335510254,-10,5.537334442138672,-0.173770010471344,-0.45180198550224304,-0.563014805316925
1.589866042137146,0.9517094492912292,-0.18188539147377014,-0.40338876843452454,0.200437530875206,0.84938645362854,0.2750362157821655,-1.5056227445602417,-1.786948800086975,-2.3684825897216797,16.11809539794922,-0.890902578830719,-1.008952021598816,-0.900075376033783
1.220179796218872,1.0684902667999268,-0.9487851858139038,0.9078207612037659,0.0072158584371209145,0.36418336629867554,-0.2077976018190384,-2.875706672668457,-3.032625436782837,-5.142710208892822,16.11809539794922,-0.160877987742424,-0.31135550141334534,-0.3003641963005066
1.2493414878845215,1.194931983947754,-0.8890060186386108,0.7581238746643066,0.5604355931282043,0.042842015624046326,0.33064284920692444,-3.033963203430176,-3.192760467529297,-5.469842910766602,-0.1252380907535553,1.0554119348526,1.0144381523132324,1.0195598602294922
1.318616271018982,1.1790295839309692,-0.902641236782074,-0.4710496664047241,-0.18653716146945953,0.7949448227882385,-0.3337346017360687,-2.875335693359375,-3.1130173206329346,-3.5833535194396973,16.11809539794922,-1.2847874164581299,-1.3851484060287476,-1.2274583578109741
1.3421010971069336,1.0125199556350708,-0.7564123868942261,-0.6683990955352783,0.6984668970108032,0.24676160514354706,-0.06704726815223694,-2.2883732318878174,-10,-2.803030490875244,2.463853359222412,-0.39619559049606323,-0.6464243531227112,-0.7437355518341064
1.5461087226867676,0.9530425071716309,-0.6442058682441711,0.7622274160385132,-0.613102376461029,0.20667147636413574,-0.02004506066441536,-10,-2.652085781097412,-2.288961410522461,0.26028311252593994,-1.7724539041519165,-1.7724539041519165,-1.7724539041519165
1.6941388845443726,1.1748791933059692,-0.6961919665336609,0.498963326215744,0.28303828835487366,0.7708355784416199,0.27701517939567566,-2.192981719970703,-2.4365310668945312,-3.0080370903015137,0.6241332292556763,-1.2822647094726562,-1.412435531616211,-1.2788418531417847
1.8223397731781006,1.3410872220993042,-0.9055957794189453,0.7940528988838196,0.5869030356407166,-0.13081926107406616,-0.08894475549459457,-1.899941086769104,-2.770504951477051,-3.434983491897583,2.5728631019592285,0.8973957896232605,0.9035969972610474,0.9364147782325745
2.1458606719970703,1.2726079225540161,-0.9632625579833984,-0.5370693802833557,0.6704395413398743,-0.2702627182006836,0.4347704350948334,-2.8199357986450195,-2.8044989109039307,-10,5.537334442138672,1.230291485786438,1.3971107006072998,1.577831506729126
1.4780852794647217,1.0310230255126953,-0.33785903453826904,0.8261085748672485,0.4395911991596222,0.1509304642677307,0.31862854957580566,-1.7873833179473877,-3.0080878734588623,-3.2760231494903564,0.37978944182395935,-0.2546940743923187,-0.5100746154785156,-0.48528626561164856
1.5371415615081787,1.1936043500900269,-0.10576041787862778,0.8585225343704224,0.3392520546913147,0.3536953330039978,-0.1508200317621231,-1.9431265592575073,-2.0656681060791016,-2.6852824687957764,16.11809539794922,-1.1767622232437134,-1.442558765411377,-1.421491265296936
1.6634529829025269,1.2362107038497925,-0.42989522218704224,-0.4122733473777771,-0.04967238008975983,0.8418508172035217,0.3447471559047699,-2.3558361530303955,-2.705822467803955,-3.2741966247558594,0.6698688268661499,-1.717163324356079,-1.7724539041519165,-1.7464348077774048
1.1724932193756104,1.2461532354354858,0.07149770855903625,0.5897825956344604,0.11885228753089905,-0.7805625796318054,-0.16956618428230286,-1.9021238088607788,-3.034183979034424,-3.213284969329834,-0.45924460887908936,-0.7313987016677856,-0.9024956226348877,-0.8622241020202637
1.2211167812347412,1.2511717081069946,0.12416825443506241,0.7109881639480591,0.5768377780914307,0.3754485845565796,-0.14419563114643097,-2.176349401473999,-2.2509231567382812,-2.5145277976989746,16.11809539794922,-1.5417020320892334,-1.621683955192566,-1.5696730613708496
1.6046068668365479,1.4133291244506836,-0.06952989846467972,0.9359191656112671,0.114854596555233,-0.21656616032123566,-0.25290870666503906,-1.7676575183868408,-2.0365355014801025,-2.3725976943969727,2.090944290161133,-0.6985345482826233,-0.8561681509017944,-0.844157338142395
2.1731715202331543,1.1498230695724487,-0.4356737434864044,0.4699077308177948,0.8124860525131226,-0.3079608082771301,-0.15560613572597504,-1.301270604133606,-1.9043428897857666,-2.0814175605773926,2.8911917209625244,-0.21828028559684753,-0.3789021670818329,-0.45594432950019836
2.6818583011627197,0.33903294801712036,-1.850649356842041,0.8594155311584473,0.44091901183128357,0.009830091148614883,-0.2586478292942047,-1.8706576824188232,-1.9943203926086426,-3.433126211166382,16.11809539794922,1.3477814197540283,1.1371053457260132,1.0442194938659668
2.3295185565948486,0.3668847978115082,-1.9735255241394043,-0.39792516827583313,0.6301737427711487,0.5254523158073425,0.4104101359844208,-2.738360643386841,-3.0949630737304688,-3.5693740844726562,1.5743085145950317,0.9471491575241089,0.652715802192688,0.7044656276702881
2.541900634765625,0.461214542388916,-1.8672246932983398,-0.43067818880081177,0.7631325721740723,0.40523001551628113,0.26064079999923706,-2.4945168495178223,-3.0430800914764404,-4.034609794616699,-0.06357847154140472,0.011932674795389175,-0.24069012701511383,-0.3247375190258026
2.418933868408203,0.571479082107544,-1.7066107988357544,0.8078179359436035,0.5699501037597656,-0.05787711590528488,0.13869865238666534,-2.4681646823883057,-2.5597422122955322,-4.298786163330078,16.11809539794922,1.7190556526184082,1.6558104753494263,1.607338547706604
2.628338098526001,0.5400821566581726,-1.7562485933303833,-0.049025729298591614,0.445386677980423,0.6337189078330994,0.6305771470069885,-2.420222759246826,-3.501439332962036,-4.141619682312012,4.096603870391846,1.3338565826416016,1.4897629022598267,1.5754770040512085
2.8351619243621826,0.48916858434677124,-1.7647655010223389,0.5573423504829407,-0.5445806980133057,-0.5772546529769897,-0.24408695101737976,-2.4581260681152344,-3.402195453643799,-4.985910892486572,0.7127739787101746,0.4516374468803406,0.07482505589723587,-0.0698995292186737
2.7655529975891113,0.32600873708724976,-1.7369993925094604,0.8243150115013123,-0.46518364548683167,0.17625829577445984,-0.2702627182006836,-2.3121745586395264,-10,-2.2691893577575684,5.537334442138672,1.7724539041519165,1.3971107006072998,1.2163898944854736
2.9986934661865234,0.5203158259391785,-1.6251777410507202,0.9283034205436707,0.36302247643470764,-0.04212309047579765,0.06850586086511612,-1.5575752258300781,-2.7807397842407227,-3.3550288677215576,16.11809539794922,1.5498625040054321,1.1761751174926758,1.015243649482727
2.973057270050049,0.4089150130748749,-1.9316692352294922,0.6053542494773865,0.6972321271896362,-0.05693596974015236,0.3796996474266052,-2.215665102005005,-2.713949203491211,-3.464425802230835,16.11809539794922,1.3396645784378052,1.076594352722168,0.9881574511528015
3.0186538696289062,0.524770200252533,-1.7972368001937866,0.8144642114639282,0.44576767086982727,0.23912546038627625,-0.2841799259185791,-2.4044382572174072,-3.29779052734375,-4.304901599884033,2.1346750259399414,1.3855640888214111,1.160604476928711,1.0451339483261108
3.3331544399261475,0.4825337827205658,-1.8887137174606323,0.564717710018158,0.7678125500679016,-0.023949235677719116,0.3016359806060791,-2.421199321746826,-3.0738604068756104,-3.9002368450164795,1.882379412651062,-0.5109102129936218,-0.7527346611022949,-0.68282550573349
3.2562663555145264,0.5209731459617615,-1.7421289682388306,0.797966718673706,0.5913320183753967,-0.03991125524044037,0.1094653531908989,-2.5214850902557373,-2.5982296466827393,-4.896634101867676,1.2448245286941528,0.9924947619438171,0.7516319155693054,0.6286071538925171
3.462385892868042,0.6097385883331299,-1.5876269340515137,0.6401951909065247,-0.40386730432510376,-0.633505642414093,-0.16034920513629913,-2.18915057182312,-3.208648204803467,-3.6621670722961426,2.164398193359375,-0.7548190355300903,-0.988228440284729,-0.9707503318786621
3.1357717514038086,0.6468313336372375,-1.5186376571655273,0.9930531978607178,0.043867070227861404,0.006231675855815411,0.10900556296110153,-1.6158331632614136,-3.238783597946167,-3.600627899169922,16.11809539794922,-0.8948622941970825,-1.2313021421432495,-1.1978139877319336
2.693779230117798,0.47626012563705444,-1.4327749013900757,0.9860422611236572,0.14848943054676056,-0.0713714137673378,-0.02403457649052143,-1.5628985166549683,-2.0299525260925293,-2.7585721015930176,16.11809539794922,-0.344455748796463,-0.5808376669883728,-0.5970668196678162
2.9208240509033203,0.7052299976348877,-1.3922901153564453,0.4729272127151489,0.8777040243148804,0.07579690217971802,-0.015177386812865734,-1.8122053146362305,-1.994277834892273,-2.575312852859497,16.11809539794922,-0.9863312244415283,-1.3260170221328735,-1.6754117012023926
3.360136032104492,0.603030264377594,-1.4606647491455078,-0.32417699694633484,0.9186931848526001,0.20667147636413574,0.09054837375879288,-2.451220989227295,-3.1266562938690186,-10,5.537334442138672,-1.1365238428115845,-1.661241054534912,-0.8549483418464661
3.5830607414245605,0.5691022872924805,-1.8516958951950073,0.29694730043411255,0.8404533267021179,0.44474685192108154,0.08752583712339401,-2.219388484954834,-2.743227481842041,-2.9106862545013428,1.0293549299240112,-0.9444530606269836,-1.2305779457092285,-1.2085312604904175
3.727846384048462,0.6614869236946106,-1.85724675655365,0.6296029686927795,-0.6271925568580627,-0.4085935652256012,-0.20804065465927124,-2.379323959350586,-2.7859644889831543,-3.568887233734131,1.7109220027923584,-1.1441699266433716,-1.4034228324890137,-1.404473066329956
3.4373252391815186,0.4429776668548584,-1.655839204788208,-0.16457729041576385,0.7337967157363892,0.6226256489753723,0.21631920337677002,-2.0301430225372314,-2.205815315246582,-3.4155399799346924,4.105574131011963,0.18879160284996033,-0.12059526145458221,-0.19286029040813446
3.604799747467041,0.667546272277832,-1.6103779077529907,0.8796581625938416,0.38352689146995544,-0.28124159574508667,0.0034394266549497843,-2.228145122528076,-2.3910725116729736,-3.1782150268554688,16.11809539794922,1.0021233558654785,0.8331502079963684,0.7810490727424622
4.161463737487793,0.6486947536468506,-1.7652775049209595,0.5036051869392395,0.8237767815589905,0.2603335976600647,0.00007733677193755284,-1.6290383338928223,-2.166309118270874,-2.4868006706237793,3.0274131298065186,1.761733889579773,1.637441873550415,1.4259568452835083
2.50296688079834,0.8848389387130737,-1.6318280696868896,0.9608923196792603,0.27395766973495483,0.032226525247097015,0.024385271593928337,-2.35823655128479,-3.9153127670288086,-5.25379753112793,16.11809539794922,0.5239738821983337,0.3642944395542145,0.3261324465274811
2.768665075302124,0.9286916255950928,-1.6142431497573853,0.9751912951469421,0.2138509899377823,0.04496356099843979,-0.03532677888870239,-2.0908589363098145,-3.1850452423095703,-4.0084228515625,16.11809539794922,1.0226802825927734,0.9367515444755554,0.9073871970176697
2.9874026775360107,0.889152467250824,-1.565216064453125,0.7648042440414429,0.6165977716445923,-0.11685903370380402,0.1456899493932724,-2.2858541011810303,-2.64927077293396,-4.203816890716553,2.174140691757202,0.7148898243904114,0.669096052646637,0.7247283458709717
3.0982184410095215,0.9620835781097412,-1.5891660451889038,0.9498776197433472,0.1851659119129181,-0.11957180500030518,0.22169512510299683,-2.21358585357666,-2.7505886554718018,-4.012146949768066,0.41727137565612793,0.059901162981987,-0.025532808154821396,0.04508477821946144
2.811105966567993,0.9962465167045593,-1.5155715942382812,-0.024140208959579468,0.5609121322631836,0.7944287061691284,0.23168490827083588,-2.3680951595306396,-2.6192681789398193,-3.338712692260742,0.9640470743179321,0.5370058417320251,0.5638669729232788,0.6450160145759583
3.2723000049591064,0.8596009612083435,-1.5495891571044922,0.9190752506256104,0.3219795823097229,-0.1653534322977066,0.15584629774093628,-2.2826309204101562,-3.500199794769287,-3.849379539489746,16.11809539794922,1.4777666330337524,1.3461098670959473,1.2145130634307861
3.468245267868042,0.9160783290863037,-1.4794787168502808,0.8795943856239319,0.3293202817440033,-0.23788967728614807,0.24752859771251678,-2.257908821105957,-2.6820199489593506,-3.0954134464263916,16.11809539794922,0.8443624377250671,0.8142646551132202,0.8353827595710754
2.4044013023376465,1.004350185394287,-1.5579110383987427,0.96222323179245,0.25628599524497986,0.06466270238161087,-0.0652889832854271,-2.678366184234619,-3.3664236068725586,-4.558296203613281,0.4105014204978943,-0.18953043222427368,-0.14531022310256958,-0.027183163911104202
2.5097527503967285,1.009397029876709,-1.4834892749786377,0.4937148690223694,0.8074554204940796,0.06418000906705856,0.3164527118206024,-2.7193334102630615,-3.171398401260376,-3.484642505645752,16.11809539794922,0.3971262574195862,0.47383055090904236,0.6273836493492126
2.4197137355804443,1.0220359563827515,-1.5050398111343384,-0.05563387647271156,0.5976885557174683,0.7626116275787354,0.24103282392024994,-2.5794167518615723,-3.088906764984131,-4.314306735992432,16.11809539794922,1.0949827432632446,1.1202770471572876,1.1728235483169556
2.6151747703552246,1.0657724142074585,-1.5213770866394043,-0.1937006562948227,0.6471368074417114,0.7315055131912231,0.092702217400074,-2.4694979190826416,-2.6869056224823,-4.249288558959961,1.5689198970794678,-0.04926041513681412,-0.00291093485429883,0.13810504972934723
2.599961280822754,1.0870819091796875,-1.5244245529174805,-0.35459020733833313,0.9314253330230713,-0.0739593580365181,-0.03525165840983391,-2.84008526802063,-10,-3.5311522483825684,3.567518711090088,0.38120365142822266,0.4379003345966339,0.5491131544113159
2.8824219703674316,1.0718188285827637,-1.5340139865875244,0.9727509617805481,0.22297652065753937,-0.06353341788053513,0.0007553998730145395,-2.6884989738464355,-2.9334607124328613,-4.039290428161621,1.8899099826812744,-0.47474610805511475,-0.42417478561401367,-0.2180771678686142
2.8324782848358154,1.16112220287323,-1.4327175617218018,0.01610444113612175,0.89179927110672,0.35134151577949524,0.28459417819976807,-2.1613779067993164,-3.1438450813293457,-3.580087900161743,16.11809539794922,0.3543262183666229,0.3310062885284424,0.3819971978664398
3.0240793228149414,1.183848261833191,-1.4816452264785767,0.8901300430297852,0.22659413516521454,-0.09667234867811203,0.38337722420692444,-1.8810309171676636,-2.6600584983825684,-4.168490886688232,0.2406003326177597,0.018817827105522156,0.026396365836262703,0.17013885080814362
3.158329963684082,0.9791046977043152,-1.5187289714813232,0.13638970255851746,0.8710159063339233,0.36948636174201965,0.29361361265182495,-2.5236237049102783,-2.715341329574585,-3.6039927005767822,16.11809539794922,1.139746904373169,1.0909794569015503,1.2020546197891235
3.077338695526123,1.0716031789779663,-1.3953393697738647,0.9562146663665771,-0.18449977040290833,-0.2248108685016632,0.032763123512268066,-2.380099058151245,-2.4452662467956543,-2.5875566005706787,16.11809539794922,1.037179946899414,1.1427531242370605,1.0900611877441406
3.2079291343688965,0.8386532664299011,-1.476484775543213,-0.6545748710632324,0.7166683673858643,0.20805390179157257,0.12096156924962997,-2.7438714504241943,-3.032822370529175,-10,5.537334442138672,0.7353400588035583,0.8271450996398926,0.8688499331474304
3.380415916442871,0.9622802138328552,-1.3870668411254883,0.24009397625923157,0.5328977108001709,0.8043232560157776,-0.10695343464612961,-2.220095634460449,-2.4201302528381348,-4.22877311706543,16.11809539794922,0.8193026781082153,0.7777838706970215,0.6694542169570923
2.3926408290863037,1.1461900472640991,-1.437699794769287,0.8390526175498962,0.40343406796455383,-0.002374008996412158,0.3650014102458954,-2.180199384689331,-4.300353050231934,-5.284100532531738,16.11809539794922,1.6557891368865967,1.6537216901779175,1.6299753189086914
2.407085657119751,1.1048951148986816,-1.4244192838668823,-0.2504447400569916,0.8530057668685913,0.4550274908542633,0.051074594259262085,-2.48172926902771,-3.3362624645233154,-4.316195011138916,1.501121163368225,0.3716547191143036,0.4501693546772003,0.5873284339904785
2.4486141204833984,1.094765305519104,-1.4616235494613647,0.7120401859283447,-0.6656342148780823,0.2135835736989975,-0.0656648501753807,-10,-3.2752268314361572,-2.554429769515991,1.2005772590637207,0.6341582536697388,0.7298339009284973,0.7576371431350708
2.4210965633392334,1.0964727401733398,-1.4108073711395264,-0.3615022897720337,0.9147635698318481,0.16796378791332245,-0.0656648501753807,-2.7839605808258057,-10,-3.1629433631896973,-0.4218320846557617,0.7859309911727905,0.8410466909408569,0.8827515244483948
2.737549304962158,1.1067172288894653,-1.286643385887146,-0.6186320185661316,0.6962718367576599,-0.08225386589765549,0.35459020733833313,-2.1746060848236084,-10,-2.1978485584259033,5.537334442138672,0.6468059420585632,0.6603259444236755,0.7576371431350708
2.5091066360473633,1.0440901517868042,-1.1302531957626343,0.5614004135131836,0.4925328493118286,0.5484182238578796,0.3761361539363861,-1.993107795715332,-2.200636148452759,-2.5639121532440186,16.11809539794922,0.028815029188990593,0.04778306558728218,-0.04635421559214592
2.664109230041504,1.3418458700180054,-1.2744673490524292,0.7592465281486511,0.5745427012443542,0.2057035267353058,0.22612254321575165,-2.241924285888672,-3.1686761379241943,-3.8449227809906006,16.11809539794922,0.8576217889785767,0.8820843696594238,0.9392356872558594
2.6136460304260254,1.2123887538909912,-1.3806570768356323,-0.21997234225273132,0.7112361192703247,0.6180633902549744,0.2524935007095337,-2.488879919052124,-2.8795061111450195,-3.450141429901123,16.11809539794922,0.8323982954025269,0.8525317311286926,0.8972178101539612
2.740414619445801,1.2808915376663208,-1.357839822769165,-0.3604123890399933,0.8174126744270325,0.4323284924030304,0.12260306626558304,-2.5489256381988525,-2.885669708251953,-3.3166542053222656,16.11809539794922,1.1936225891113281,1.2214874029159546,1.2636165618896484
2.8128321170806885,1.2315303087234497,-1.3815016746520996,0.7937482595443726,0.5604655146598816,0.13168488442897797,0.1962173730134964,-2.237064838409424,-2.995765209197998,-3.3061392307281494,2.438816547393799,0.36072272062301636,0.3236997425556183,0.38280385732650757
2.412837505340576,1.2945289611816406,-0.8892599940299988,-0.4299871325492859,0.7392250299453735,0.3619158864021301,0.37104490399360657,-1.9025410413742065,-2.573089599609375,-3.6837525367736816,16.11809539794922,1.6728837490081787,1.6858084201812744,1.7547439336776733
2.5280942916870117,1.2267438173294067,-0.7753487229347229,0.5111804008483887,-0.47338512539863586,-0.5736573338508606,-0.43071839213371277,-2.1781725883483887,-2.5506932735443115,-3.254382848739624,1.5269585847854614,0.6247486472129822,0.29995018243789673,0.18750561773777008
2.750821590423584,1.2918733358383179,-1.2070496082305908,0.606907308101654,0.5142327547073364,0.5364159345626831,0.2819328308105469,-2.18001389503479,-2.4659998416900635,-2.9676833152770996,1.7526119947433472,0.17970292270183563,0.05013614147901535,-0.045495253056287766
2.694413423538208,1.30898916721344,-1.0114647150039673,0.6645422577857971,0.648909866809845,0.06934841722249985,0.363992303609848,-2.0232555866241455,-3.1028058528900146,-3.474656343460083,16.11809539794922,-0.2602004110813141,-0.5957699418067932,-0.6624346971511841
3.0251710414886475,1.3749501705169678,-1.304553747177124,-0.21077865362167358,0.7124595046043396,0.6340329051017761,0.21442021429538727,-2.0527267456054688,-2.391151189804077,-3.2729082107543945,1.5045243501663208,0.5800460577011108,0.5449849963188171,0.6326397061347961
2.862238645553589,1.1630618572235107,-1.3647851943969727,0.7184474468231201,-0.49144959449768066,-0.1527571827173233,0.46794846653938293,-2.631621837615967,-10,-2.8024864196777344,5.537334442138672,0.6721014380455017,0.6742275357246399,0.7576371431350708
3.250638246536255,1.2161914110183716,-1.3818359375,0.9571518301963806,0.13461554050445557,-0.2499130517244339,0.05729290843009949,-2.43182635307312,-2.6635773181915283,-3.480731725692749,2.739004611968994,1.7724539041519165,1.7724539041519165,1.750333547592163
3.3696203231811523,1.2461864948272705,-1.2834128141403198,0.17243018746376038,0.8875908255577087,0.31946513056755066,0.2835354506969452,-2.15962815284729,-2.821603298187256,-3.4393913745880127,0.0017616422846913338,0.8770451545715332,0.9328310489654541,0.9587243795394897
3.862333059310913,0.6807175874710083,-1.9261598587036133,-0.41679900884628296,0.8851402401924133,-0.05875276401638985,0.19837696850299835,-10,-2.7669591903686523,-2.4071462154388428,4.840242385864258,-0.5926715135574341,-0.8827515840530396,-1.021767497062683
3.7234325408935547,0.720973014831543,-1.7120403051376343,0.7367873191833496,0.6458104252815247,-0.033214788883924484,0.19740843772888184,-2.1894638538360596,-3.3500397205352783,-4.245872497558594,0.6468468904495239,1.6682360172271729,1.6346173286437988,1.6245317459106445
4.198698043823242,0.7503411173820496,-1.6483392715454102,0.5749962329864502,0.7999799251556396,0.13122844696044922,-0.1104108989238739,-1.7141072750091553,-2.2884843349456787,-2.990391731262207,16.11809539794922,1.051409363746643,0.8215133547782898,0.7416765689849854
3.9022281169891357,0.7171851396560669,-1.4963458776474,0.7687253952026367,0.49105358123779297,-0.08521655201911926,0.4008313715457916,-1.73690664768219,-2.433619260787964,-2.8624415397644043,1.9410227537155151,1.4481202363967896,1.1289530992507935,0.9670976996421814
4.072043418884277,0.6981558203697205,-2.004880428314209,0.6857486367225647,-0.6393682956695557,0.09746046364307404,-0.33385393023490906,-2.2467665672302246,-2.4916510581970215,-10,5.537334442138672,1.1329803466796875,0.8271450996398926,0.6742275357246399
4.105193138122559,0.7904641628265381,-1.5476635694503784,0.6228545904159546,-0.4301270544528961,-0.5539743304252625,-0.34663423895835876,-2.1585264205932617,-2.7723917961120605,-3.5429041385650635,-0.2130727469921112,-0.24172960221767426,-0.5463735461235046,-0.5734543800354004
4.353788375854492,0.8332793116569519,-1.371220588684082,0.8960056304931641,0.1304900050163269,0.2931804358959198,-0.30690643191337585,-1.9079493284225464,-1.979964017868042,-2.8373525142669678,2.8020832538604736,0.7443422675132751,0.5508208870887756,0.5045424103736877
4.279743194580078,0.8820269703865051,-1.4802452325820923,-0.35672053694725037,0.5032877922058105,0.6858688592910767,0.3860514760017395,-2.481851577758789,-2.7108256816864014,-3.9468142986297607,2.4391520023345947,1.6781134605407715,1.5420359373092651,1.501564621925354
4.452889919281006,0.9143632650375366,-1.464563012123108,-0.3458063304424286,0.4638464152812958,0.6897274255752563,0.4353625774383545,-1.863481879234314,-2.426966905593872,-3.8210325241088867,-0.5875973701477051,-0.2943345904350281,-0.6267763376235962,-0.7269495129585266
3.943782091140747,0.7500415444374084,-1.2300548553466797,0.9091762900352478,0.21327446401119232,-0.3311891257762909,0.13500474393367767,-1.755654215812683,-2.1637537479400635,-2.843893527984619,3.087501287460327,0.7154455780982971,0.5116087198257446,0.44045189023017883
3.583928346633911,0.810330331325531,-1.502140998840332,-0.5757770538330078,0.8039705157279968,-0.03525165840983391,0.1444626748561859,-2.631621837615967,-10,-3.692765712738037,5.537334442138672,-0.2293764054775238,-0.6464243531227112,-0.7993419766426086
3.597240686416626,0.8626784086227417,-1.2700384855270386,0.6911478042602539,-0.6213968396186829,-0.3628847002983093,0.06704726815223694,-2.1305081844329834,-10,-2.573676586151123,5.537334442138672,0.7437354922294617,0.5630147457122803,0.2710811495780945
3.742434024810791,0.9882922172546387,-1.2559292316436768,0.8774586319923401,0.1675761491060257,0.315751850605011,-0.3198207914829254,-1.8471280336380005,-2.2532708644866943,-2.97031831741333,16.11809539794922,1.1006953716278076,1.0042775869369507,1.0302916765213013
3.9647841453552246,1.04253351688385,-1.3088696002960205,0.47400957345962524,0.5472175478935242,0.34037232398986816,0.6000121831893921,-1.9871159791946411,-3.4711177349090576,-3.8079349994659424,16.11809539794922,1.4894769191741943,1.5277258157730103,1.4983278512954712
4.237797737121582,0.9258915185928345,-1.200210690498352,0.6383469104766846,-0.48218050599098206,-0.5893868803977966,-0.11242032051086426,-1.9152336120605469,-2.765085458755493,-3.5370676517486572,-0.19496601819992065,0.0752861499786377,-0.15645277500152588,-0.10630683600902557
4.352722644805908,0.8485958576202393,-1.1549724340438843,-0.053389791399240494,0.5823935270309448,0.7961651086807251,0.1552044004201889,-1.9946730136871338,-2.170825719833374,-2.767836093902588,2.510528326034546,-0.2957229018211365,-0.6376321315765381,-0.7495012879371643
4.484413146972656,1.0386120080947876,-1.3961079120635986,-0.20535078644752502,0.5900319218635559,0.7794464826583862,0.046438951045274734,-1.7950632572174072,-3.0447161197662354,-4.264773845672607,-1.435916543006897,1.5624911785125732,1.5379163026809692,1.2367790937423706
4.367130756378174,0.8502146005630493,-1.2870652675628662,-0.5412166118621826,0.7589333057403564,-0.2135835736989975,0.2923814058303833,-1.9501070976257324,-10,-2.8623461723327637,5.537334442138672,0.6603259444236755,0.632522702217102,0.4379003345966339
3.572777509689331,1.0591404438018799,-1.3730581998825073,0.8951850533485413,0.4403219223022461,-0.00018450179777573794,0.06899517774581909,-2.1147735118865967,-2.554079055786133,-3.22810959815979,16.11809539794922,1.2792209386825562,1.27195143699646,1.2596107721328735
3.5733931064605713,1.0363528728485107,-1.4611653089523315,-0.21369512379169464,0.5887584686279297,0.7555949687957764,0.19176575541496277,-2.5905697345733643,-3.6952638626098633,-4.65967321395874,16.11809539794922,0.5158981084823608,0.48170357942581177,0.49364814162254333
3.7008068561553955,1.0815706253051758,-1.4268742799758911,-0.07263897359371185,0.8276317715644836,0.5068812966346741,0.22982743382453918,-2.4462554454803467,-3.697111129760742,-5.666056156158447,2.499093770980835,0.3556014597415924,0.31779706478118896,0.3968856930732727
3.415306806564331,1.0134907960891724,-1.2798960208892822,-0.6946650147438049,0.709087073802948,0.05875276401638985,0.10575497150421143,-2.511354684829712,-10,-2.470862627029419,5.537334442138672,0.8410466909408569,0.8688499331474304,0.98006272315979
3.647228956222534,1.1681926250457764,-1.265030860900879,0.8841471076011658,-0.16746748983860016,-0.2887251079082489,0.32691946625709534,-2.0523624420166016,-2.3328282833099365,-3.1878433227539062,16.11809539794922,0.052497703582048416,0.062200769782066345,0.0744207426905632
3.4776382446289062,1.2845450639724731,-1.3187326192855835,-0.22736236453056335,0.7197420001029968,0.6379532217979431,0.15262216329574585,-2.3618979454040527,-3.105376720428467,-4.065593242645264,2.3644862174987793,-0.2982015013694763,-0.3266696035861969,-0.2124328911304474
3.778580665588379,1.2313520908355713,-1.26129949092865,0.8413586616516113,0.42706286907196045,-0.049050431698560715,0.3276078999042511,-2.4032957553863525,-2.8504257202148438,-3.6792056560516357,16.11809539794922,0.8553203344345093,0.8557279706001282,0.8873997926712036
3.699589490890503,1.4156579971313477,-1.2553770542144775,-0.17744305729866028,0.5626731514930725,0.78353351354599,0.19490548968315125,-2.077361583709717,-2.6249911785125732,-4.692493438720703,0.6165035367012024,-0.2920548617839813,-0.3138425946235657,-0.16911594569683075
3.8767974376678467,1.0633461475372314,-1.1230700016021729,-0.24537917971611023,0.9683023691177368,0.042163748294115067,0.02004506066441536,-10,-2.411433696746826,-2.4906346797943115,5.537334442138672,0.7576371431350708,0.4935067296028137,0.3266875445842743
3.5417730808258057,1.2453181743621826,-1.166085124015808,-0.5992781519889832,0.6699519753456116,0.28546929359436035,0.3324715197086334,-2.198659658432007,-10,-2.5539047718048096,4.139158725738525,0.5769163370132446,0.632522702217102,0.6742275357246399
4.0753350257873535,1.1838657855987549,-0.8843592405319214,0.6183223128318787,-0.027162129059433937,-0.5600224137306213,0.5507400631904602,-1.8488003015518188,-2.078853130340576,-2.633974552154541,0.7027946710586548,1.750717043876648,1.695157766342163,1.4857177734375
3.9097580909729004,1.3518507480621338,-0.9949976801872253,0.7224164009094238,0.012218805029988289,-0.5720285773277283,0.3882635235786438,-2.1614513397216797,-2.224905014038086,-2.8577656745910645,16.11809539794922,1.1780612468719482,1.0358399152755737,0.9468652606010437
4.420169353485107,1.025259256362915,-1.25173819065094,-0.3174155652523041,0.583838701248169,0.5155413746833801,0.5409221649169922,-2.319952964782715,-3.5240299701690674,-4.694504261016846,16.11809539794922,-0.8574060201644897,-1.0662826299667358,-0.9219686388969421
4.5131049156188965,1.2366712093353271,-1.309660792350769,-0.2818986475467682,0.5007082223892212,0.817254364490509,0.04381465166807175,-2.6869683265686035,-3.434856653213501,-3.631092071533203,1.2334198951721191,-0.12851664423942566,0.068099245429039,-0.3345169126987457
4.116629600524902,1.0312881469726562,-1.0939501523971558,-0.42513126134872437,0.7380948662757874,0.47286731004714966,0.2255568504333496,-2.20044207572937,-2.6837806701660156,-4.372481346130371,0.6264197826385498,-0.6831099987030029,-1.0352201461791992,-1.0831668376922607
4.492739200592041,1.1892365217208862,-0.9558439254760742,0.5487420558929443,0.10412652045488358,-0.8272809982299805,0.06038227677345276,-2.1190907955169678,-2.523427963256836,-2.7451536655426025,1.4612196683883667,-0.5865501761436462,-0.8049346208572388,-0.8546161651611328
4.400638580322266,1.262630581855774,-0.7604245543479919,-0.3916277587413788,0.22712749242782593,0.8914247751235962,0.02006617560982704,-2.121901750564575,-2.848233938217163,-3.031611204147339,0.7291511297225952,0.028347093611955643,-0.37083449959754944,-0.5416059494018555
2.791851043701172,0.7642141580581665,-0.8551215529441833,0.6476561427116394,-0.585453987121582,0.45135945081710815,-0.18455280363559723,-1.8538932800292969,-10,-1.9053865671157837,5.537334442138672,0.1181635633111,-0.39619559049606323,-0.2015732079744339
2.6266486644744873,1.257896900177002,-0.8908630013465881,0.8486058115959167,0.45424026250839233,0.02151171863079071,0.2703169286251068,-2.0836308002471924,-2.9606258869171143,-3.5531322956085205,3.0585737228393555,1.50971257686615,1.2860074043273926,1.2139787673950195
3.0346317291259766,1.3095817565917969,-0.6020644307136536,0.9602994322776794,-0.155781552195549,-0.22772954404354095,0.04118683561682701,-1.408894419670105,-2.093878984451294,-2.406879186630249,2.365832567214966,0.4869656264781952,0.25935545563697815,0.37164437770843506
2.3150713443756104,1.3767004013061523,-0.3529564440250397,0.6922182440757751,0.6172649264335632,-0.015251360833644867,-0.3736112415790558,-2.1229054927825928,-2.4473607540130615,-3.0040369033813477,16.11809539794922,1.3577109575271606,1.1438767910003662,1.0829912424087524
2.6305177211761475,1.253256916999817,-0.06863493472337723,-0.43145471811294556,0.5142908692359924,0.6985346674919128,0.24779237806797028,-1.4086323976516724,-1.8687381744384766,-2.137942314147949,5.907872676849365,0.6329854726791382,0.5946215987205505,0.4046773612499237
4.140822887420654,0.897577166557312,-0.9357749819755554,-0.2218780815601349,0.9684720635414124,0.11266706138849258,-0.01175055280327797,-2.451220989227295,-2.4274771213531494,-10,5.537334442138672,0.2710811495780945,-0.006950825918465853,-0.006950825918465853
4.039466857910156,1.0136977434158325,-0.8405253887176514,-0.3095131814479828,0.6264622211456299,0.7052225470542908,0.12003274261951447,-2.1846253871917725,-2.414151668548584,-5.4385528564453125,16.11809539794922,1.3038517236709595,1.352327585220337,1.0409010648727417
4.203135013580322,1.0528980493545532,-0.809750497341156,-0.4136553704738617,0.1691746860742569,0.8943642973899841,-0.019535794854164124,-2.0091707706451416,-2.5686254501342773,-2.8393843173980713,16.11809539794922,0.3098517656326294,0.1766636222600937,0.1608821600675583
4.310956001281738,1.2854074239730835,-0.6017059087753296,0.8120014667510986,0.5304646492004395,-0.2188907116651535,0.10652554035186768,-1.9243234395980835,-1.9690375328063965,-2.423262596130371,16.11809539794922,-1.2390509843826294,-1.5226407051086426,-1.5264453887939453
3.916411876678467,1.2711362838745117,-0.34932711720466614,-0.1250036656856537,0.8632059097290039,0.4005117416381836,0.280784547328949,-1.2775465250015259,-1.8889492750167847,-2.4308080673217773,1.9869974851608276,1.0258541107177734,0.7107805609703064,0.6895936727523804
0.9945117831230164,1.4044170379638672,-1.9422053098678589,0.8264445662498474,0.42259958386421204,-0.3291276693344116,-0.1734183132648468,-2.6326634883880615,-3.304081678390503,-3.768559694290161,-0.9361510276794434,-0.18054015934467316,0.07739140838384628,-0.40363410115242004
0.9347958564758301,1.4048552513122559,-1.9045116901397705,-0.6766935586929321,0.7153445482254028,-0.09746046364307404,-0.1444626748561859,-3.5616891384124756,-2.7242815494537354,-10,0.38915154337882996,-0.2293764054775238,-0.09036041796207428,-0.2849828004837036
0.2939640283584595,1.8818947076797485,-1.7548969984054565,0.18443304300308228,0.3731963336467743,0.8242499232292175,0.3838242292404175,-2.0199735164642334,-2.9834446907043457,-4.815066814422607,-0.730043888092041,0.1880875527858734,0.28038957715034485,0.3079706132411957
0.3691168427467346,1.9303369522094727,-1.876266360282898,0.5908514261245728,-0.020666543394327164,-0.577320396900177,-0.563177227973938,-2.63909912109375,-2.9260637760162354,-3.265601873397827,-0.17901335656642914,0.04307248815894127,0.22016319632530212,0.03866036981344223
0.06062651798129082,1.826132893562317,-1.6912282705307007,-0.5757770538330078,0.8025954365730286,0.05875276401638985,0.1444626748561859,-4.604006290435791,-2.8044989109039307,-10,5.537334442138672,-0.7020307779312134,-1.0078659057617188,-0.9800627827644348
0.06120551750063896,1.8348006010055542,-1.692968726158142,-0.5730122327804565,0.7838294506072998,-0.02004506066441536,0.23846709728240967,-10,-2.803178310394287,-4.971778869628906,5.537334442138672,-1.6473394632339478,-1.7029459476470947,-1.536126732826233
0.07881899178028107,1.967626929283142,-1.6368356943130493,0.4569389820098877,0.5188094973564148,0.21337944269180298,0.6902989745140076,-2.393785238265991,-2.9271206855773926,-4.180251121520996,-0.3675532937049866,-0.9510224461555481,-0.9614444375038147,-0.9617034792900085
0.053597308695316315,2.0005407333374023,-1.4589495658874512,-0.29564860463142395,0.6366273760795593,0.6556897163391113,0.27815189957618713,-2.035210132598877,-4.229641914367676,-4.778804779052734,2.4013798236846924,-1.6364591121673584,-1.6660581827163696,-1.5939174890518188
0.10147882252931595,2.0193231105804443,-1.6369584798812866,0.7079094648361206,0.3612135648727417,0.5241107940673828,0.30609938502311707,-2.487011194229126,-2.609776020050049,-3.340794801712036,0.6052243113517761,0.11542516946792603,0.17808209359645844,0.2737123668193817
0.6284684538841248,1.9792038202285767,-1.60788094997406,0.004507568199187517,0.8903742432594299,0.4540274441242218,0.0327482596039772,-1.6392464637756348,-2.2571778297424316,-3.3095481395721436,-2.4249446392059326,-0.7283918857574463,-0.6038030385971069,-0.7816715836524963
0.4094390273094177,1.8297035694122314,-1.526831865310669,-0.5785419344902039,0.7187586426734924,0.37670889496803284,0.08225386589765549,-4.113804817199707,-10,-3.804582118988037,2.6390573978424072,-0.39619559049606323,-0.2849828004837036,-0.39619559049606323
0.022184792906045914,1.54380202293396,-0.9645500779151917,0.7186291217803955,0.2627306580543518,-0.6013790369033813,-0.2299738973379135,-2.810770273208618,-3.5474331378936768,-4.0453996658325195,16.11809539794922,-1.1137686967849731,-1.056774377822876,-1.2405259609222412
1.8074007034301758,1.3033219575881958,-1.1641731262207031,0.7960907816886902,0.5996483564376831,-0.0807889774441719,-0.011596152558922768,-2.255070447921753,-3.22684383392334,-4.084181308746338,16.11809539794922,1.043734073638916,0.9294750094413757,0.8777405023574829
1.6366719007492065,1.3377281427383423,-0.9762099981307983,0.5359910130500793,-0.4426116645336151,-0.5816720128059387,-0.4224526286125183,-2.1517510414123535,-2.6833999156951904,-3.603870391845703,3.657001495361328,1.6250208616256714,1.7007502317428589,1.704779863357544
1.7447994947433472,1.3466627597808838,-1.0731521844863892,0.8024647235870361,0.5922234058380127,0.06537119299173355,-0.03237837925553322,-2.1036665439605713,-2.5489883422851562,-3.7243666648864746,0.9849759340286255,1.2531142234802246,1.2378040552139282,1.2294831275939941
1.6958158016204834,1.3174539804458618,-1.0459094047546387,-0.5578056573867798,0.6434881091117859,0.5038913488388062,-0.1444626748561859,-2.9310462474823,-2.982513904571533,-10,5.537334442138672,0.7576371431350708,0.715932309627533,0.9522594809532166
1.8876584768295288,1.4181572198867798,-0.9674437642097473,0.7556533813476562,0.5551883578300476,-0.2538779675960541,0.23727592825889587,-2.146055221557617,-2.665889263153076,-4.487146854400635,16.11809539794922,1.7289518117904663,1.7306089401245117,1.6917715072631836
1.7221804857254028,1.3110827207565308,-1.1100324392318726,-0.6711639165878296,0.7184182405471802,0.12925608456134796,-0.12925608456134796,-2.785172700881958,-3.4191575050354004,-10,5.537334442138672,0.98006272315979,0.9661611318588257,0.9522594809532166
1.832033395767212,1.2868719100952148,-1.080156922340393,-0.4416825473308563,0.6825194358825684,0.3794737160205841,0.4416825473308563,-2.8403680324554443,-3.1618497371673584,-10,5.537334442138672,1.2858978509902954,1.7724539041519165,1.7724539041519165
1.9682508707046509,1.3212766647338867,-1.0371654033660889,-0.30758798122406006,0.8852071762084961,-0.12925608456134796,-0.32417699694633484,-2.8600807189941406,-3.395766019821167,-10,5.537334442138672,1.4110122919082642,1.3276026248931885,1.230291485786438
2.0682597160339355,1.389580488204956,-0.8904466032981873,0.5231496095657349,-0.6832837462425232,-0.3989430069923401,-0.3166738748550415,-2.045705556869507,-2.7303478717803955,-3.9628944396972656,1.529049038887024,1.7090154886245728,1.5051794052124023,1.4354273080825806
2.033869504928589,1.3517128229141235,-1.0963398218154907,0.8601462244987488,0.4510892629623413,0.047969747334718704,-0.23316483199596405,-3.000913381576538,-4.117756366729736,-5.998692989349365,0.7074958682060242,-0.4119739234447479,-0.3767070770263672,-0.13394194841384888
0.07066815346479416,2.0926833152770996,-1.8000731468200684,0.5522643327713013,0.7186880707740784,0.24029551446437836,0.34749045968055725,-2.455899715423584,-2.8316633701324463,-3.0041356086730957,1.0821864604949951,-0.5289070010185242,-0.4287009835243225,-0.554658055305481
0.1282157599925995,1.9762426614761353,-1.8438034057617188,-0.38500338792800903,0.907042920589447,-0.12787365913391113,-0.11266706138849258,-4.16505765914917,-2.7641921043395996,-10,5.537334442138672,-0.03475402295589447,-0.04865562170743942,0.2710811495780945
0.05508839711546898,2.009155750274658,-1.7795449495315552,0.6848174929618835,-0.06286931782960892,-0.5708017945289612,-0.4486175775527954,-2.2807974815368652,-3.549898386001587,-4.1161112785339355,-0.28355926275253296,-1.1222909688949585,-1.098122239112854,-1.228730320930481
0.020559966564178467,1.9482091665267944,-1.7155574560165405,-0.5591880679130554,0.7540830373764038,0.3407660126686096,-0.05045825615525246,-3.6919543743133545,-10,-3.29828143119812,3.0992729663848877,-1.035669207572937,-0.9939643740653992,-1.1468819379806519
0.06120551750063896,1.957128882408142,-1.690053939819336,0.7223867774009705,-0.6753111481666565,-0.03525165840983391,-0.1444626748561859,-3.9009082317352295,-2.288562536239624,-10,0.023530498147010803,-0.5213099718093872,-0.5074083805084229,-0.4657036066055298
0.8949885964393616,2.225996255874634,-1.87222158908844,0.8942649364471436,-0.35597261786460876,-0.12925608456134796,-0.23846709728240967,-4.492287635803223,-4.60433292388916,-3.835501194000244,1.4615178108215332,-1.7724539041519165,-1.7724539041519165,-1.7724539041519165
0.9640311598777771,2.4125759601593018,-1.7824898958206177,0.4229731559753418,0.41264092922210693,0.5097289085388184,0.625298023223877,-2.310995578765869,-3.0462050437927246,-3.511654853820801,0.09950612485408783,-0.7040592432022095,-0.5857082605361938,-0.8070459365844727
0.6884557604789734,2.2053749561309814,-1.4510687589645386,-0.23329266905784607,0.49266719818115234,0.8378356695175171,0.02974788285791874,-1.9379308223724365,-2.827061414718628,-4.208066940307617,0.056113988161087036,-0.0763443261384964,0.00103659403976053,0.14789924025535583
1.020603895187378,2.148148775100708,-1.5572489500045776,0.5784094929695129,-0.13744871318340302,-0.714440107345581,0.3689521253108978,-2.2800328731536865,-3.0713417530059814,-3.824606418609619,-2.2041873931884766,1.7724539041519165,1.7724539041519165,1.6250338554382324
1.008091926574707,2.0434203147888184,-1.5398147106170654,0.8576093316078186,0.3935723602771759,-0.3309640884399414,-0.008355402387678623,-3.4620678424835205,-3.7733230590820312,-5.56300163269043,16.11809539794922,-0.05703336000442505,0.12517884373664856,-0.11263975501060486
0.8895132541656494,2.237679958343506,-1.6832338571548462,-0.24570123851299286,0.8195159435272217,0.4853462874889374,-0.18017630279064178,-2.126136541366577,-2.749006509780884,-3.5915021896362305,0.2979831099510193,-0.3229445815086365,-0.20918536186218262,-0.2704561948776245
0.7424190640449524,2.264005661010742,-1.4884380102157593,0.9336600303649902,0.1808539777994156,-0.29819297790527344,-0.08155831694602966,-1.6883972883224487,-2.7487504482269287,-2.9201183319091797,-0.7657461762428284,0.13023486733436584,0.2807357609272003,0.3677159249782562
0.964162290096283,2.3314807415008545,-1.8710044622421265,0.7688248157501221,0.08648552745580673,-0.5636537075042725,-0.28934958577156067,-2.044153928756714,-3.247148275375366,-3.5001931190490723,-0.003480595303699374,-0.08521125465631485,0.09415049850940704,-0.024896396324038506
0.17362409830093384,2.405439615249634,-1.8993570804595947,0.8709297776222229,-0.002855472033843398,-0.47535017132759094,0.12456078827381134,-1.9082770347595215,-2.8760552406311035,-3.6447505950927734,-0.7820319533348083,0.09685809910297394,0.1935136765241623,0.3557208776473999
0.38747259974479675,2.640751361846924,-1.9134838581085205,0.06212030351161957,0.5974527597427368,0.6560696959495544,0.456906795501709,-2.2265844345092773,-2.8608806133270264,-3.3489365577697754,-0.4109905958175659,-0.013313011266291142,0.07594966143369675,0.3300580680370331
0.5184140801429749,2.545947551727295,-1.2627770900726318,0.6643641591072083,-0.5074372291564941,-0.5479147434234619,0.030284112319350243,-1.478646993637085,-2.0615525245666504,-3.073247194290161,-1.0753856897354126,-1.1176408529281616,-1.0693875551223755,-1.0331710577011108
0.020559966564178467,2.5267200469970703,-1.6732945442199707,0.7947830557823181,-0.5840715765953064,-0.03525165840983391,0.1610516905784607,-2.0242645740509033,-10,-2.1774635314941406,-1.4873905181884766,-0.813243567943573,-0.7715387940406799,-0.6464243531227112
0.7648090124130249,2.3592028617858887,-1.939111351966858,0.8488864898681641,-0.356537401676178,0.03035997599363327,-0.38903865218162537,-1.7514551877975464,-2.8103890419006348,-3.7518973350524902,-1.1873623132705688,-0.5158655643463135,-0.4749552309513092,-0.5792877078056335
0.9000062942504883,2.446047306060791,-1.6872129440307617,-0.39919987320899963,0.19422638416290283,0.5890938639640808,0.6751918196678162,-2.0939972400665283,-2.9772140979766846,-3.4821953773498535,0.013609659858047962,0.24467267096042633,0.4014039933681488,0.3324390649795532
0.7353947162628174,2.7271652221679688,-1.5793743133544922,-0.026741765439510345,0.7862180471420288,0.5728260278701782,0.23025298118591309,-1.7555478811264038,-2.156529188156128,-2.712981700897217,-0.75676429271698,-0.08684612810611725,0.09179817885160446,-0.10255904495716095
1.0056244134902954,2.4178378582000732,-1.5019636154174805,0.5091930031776428,-0.689085841178894,-0.46447059512138367,-0.22394251823425293,-2.2901992797851562,-2.7959256172180176,-3.720496416091919,1.3573954105377197,-0.10152905434370041,0.0766831785440445,-0.06485385447740555
0.32954108715057373,2.453415870666504,-1.4570508003234863,0.03872423619031906,0.43558239936828613,0.8323507905006409,-0.34052979946136475,-1.570160150527954,-2.132068634033203,-2.3091671466827393,-1.4980340003967285,-0.600483775138855,-0.582587718963623,-0.23732590675354004
0.958838164806366,2.092189073562622,-1.263785719871521,0.8620264530181885,0.25943052768707275,-0.2359721064567566,0.36595532298088074,-1.9328688383102417,-3.180083751678467,-4.197325229644775,0.34395772218704224,0.04588230326771736,0.18610937893390656,0.050795987248420715
1.0613352060317993,2.2831249237060547,-1.3479679822921753,0.7424278259277344,0.31913506984710693,0.22886152565479279,0.5427486896514893,-1.7843091487884521,-2.3281142711639404,-3.1163713932037354,-1.8677805662155151,-1.2621111869812012,-1.1899769306182861,-1.3287283182144165
1.2060649394989014,2.2159271240234375,-1.4116162061691284,-0.47212010622024536,0.2537558674812317,0.6488414406776428,0.5401067733764648,-1.540357232093811,-3.093303918838501,-3.8559529781341553,-1.4002494812011719,-0.6233156323432922,-0.48672401905059814,-0.7414601445198059
0.5972874164581299,2.0399553775787354,-1.03206467628479,-0.43338802456855774,0.8939208388328552,-0.0435461662709713,0.10575497150421143,-2.5959312915802,-4.284647464752197,-10,5.537334442138672,-0.39619559049606323,-0.35449081659317017,-0.1459668129682541
0.5302771925926208,2.259126901626587,-1.4175312519073486,-0.5287748575210571,0.8409826159477234,-0.11404947936534882,0.01175055280327797,-2.489483118057251,-2.0234575271606445,-10,0.22843924164772034,-0.5352115631103516,-0.39619559049606323,-0.41009721159935
0.03838033601641655,2.446901559829712,-1.2320544719696045,0.5998991131782532,-0.40891075134277344,-0.6271175146102905,-0.2821996808052063,-2.0762836933135986,-3.415797710418701,-3.863640308380127,16.11809539794922,-1.061104655265808,-1.2191100120544434,-1.2208774089813232
0.31909942626953125,2.4973275661468506,-1.2861453294754028,0.7238497734069824,0.6356460452079773,-0.18922275304794312,0.19023777544498444,-2.1906321048736572,-2.2948834896087646,-3.0028910636901855,-0.14356288313865662,-1.6953414678573608,-1.7146823406219482,-1.7238777875900269
0.18094511330127716,2.4031174182891846,-1.0123906135559082,-0.5190979242324829,0.853523850440979,-0.0435461662709713,0.01175055280327797,-2.899506092071533,-7.434719085693359,-3.619067430496216,0.5719616413116455,-0.1459668129682541,-0.2293764054775238,-0.1459668129682541
0.03407676890492439,2.736938953399658,-0.9457255005836487,-0.18948937952518463,0.6922348141670227,0.6525615453720093,0.24303942918777466,-1.9024909734725952,-2.810487747192383,-3.47906231880188,16.11809539794922,-1.6554691791534424,-1.6854567527770996,-1.6775538921356201
0.5841050744056702,2.3980205059051514,-1.3599663972854614,0.7793843150138855,-0.6075726747512817,0.05045825615525246,-0.1444626748561859,-2.611701488494873,-10,-2.7262778282165527,0.38915154337882996,-0.1459668129682541,-0.1459668129682541,0.13206516206264496
0.8400622010231018,2.4018430709838867,-1.351222276687622,-0.3227945864200592,0.9149181246757507,0.09746046364307404,0.2218780815601349,-2.2687015533447266,-3.0838775634765625,-10,-0.11778303235769272,0.2710811495780945,0.21547475457191467,0.4379003345966339
0.7970331311225891,2.662235975265503,-1.1528489589691162,0.8496025204658508,0.3439601957798004,0.3934195041656494,0.07133064419031143,-1.502949833869934,-2.247097969055176,-3.191485643386841,-0.3076174855232239,-0.5210427641868591,-0.33355051279067993,-0.5817842483520508
0.6946507692337036,2.44826078414917,-0.8553814888000488,0.5270239114761353,-0.02599843591451645,-0.8369618654251099,-0.14513683319091797,-1.724929928779602,-2.446157455444336,-3.451099395751953,-0.5518515110015869,-1.2511335611343384,-1.2450658082962036,-1.3197437524795532
1.2097142934799194,2.259509801864624,-1.5518417358398438,-0.2829010784626007,0.37149742245674133,0.5724233388900757,0.6740090250968933,-2.7041947841644287,-2.952150344848633,-3.7406110763549805,0.3310087025165558,0.403282105922699,0.5481628775596619,0.2699435353279114
1.7319453954696655,2.2791829109191895,-1.0263564586639404,0.8224161267280579,-0.0972324013710022,-0.4410889744758606,0.3458584249019623,-2.1966254711151123,-2.4552032947540283,-3.9263439178466797,-1.0350896120071411,0.5243011713027954,0.42802557349205017,0.6798084378242493
1.8269065618515015,1.9646971225738525,-0.7683001756668091,-0.3897075355052948,0.39179277420043945,0.5906316637992859,0.5880311727523804,-1.7247244119644165,-2.2263476848602295,-3.8357315063476562,-0.5514056086540222,-0.011854800395667553,0.07623309642076492,0.02584480121731758
1.894745111465454,2.0730435848236084,-0.8412988185882568,0.5880057215690613,0.19705118238925934,-0.7380538582801819,0.2658883035182953,-1.7203352451324463,-2.1640286445617676,-3.3288803100585938,-2.476942539215088,-0.8180869221687317,-0.9858536124229431,-0.9150021076202393
1.6002439260482788,2.4018430709838867,-1.1486519575119019,-0.4264759421348572,0.7556400299072266,-0.4969792664051056,-0.01175055280327797,-3.6919543743133545,-2.670625686645508,-10,-1.5676685571670532,1.7724539041519165,1.7724539041519165,1.7724539041519165
2.141258716583252,2.2266480922698975,-0.8972225785255432,0.7489812970161438,0.6239950060844421,-0.21192049980163574,0.06889788061380386,-1.4747540950775146,-3.166846513748169,-4.485641002655029,-0.8659617900848389,0.7247318029403687,0.7983566522598267,0.7064041495323181
0.335818350315094,1.4498841762542725,-0.5608293414115906,0.20535901188850403,0.309627503156662,0.8381659388542175,0.39929476380348206,-2.134511947631836,-2.442944049835205,-3.8153798580169678,-1.5414199829101562,0.5960505604743958,0.6756892800331116,0.6188357472419739
0.29795041680336,1.3778537511825562,-0.7186862826347351,0.5733461976051331,-0.292002409696579,-0.6607019901275635,-0.3866284489631653,-2.728436231613159,-3.4064173698425293,-3.9889676570892334,16.11809539794922,0.3178606331348419,0.5140200257301331,0.21091704070568085
0.033742308616638184,1.484381079673767,-0.9621123671531677,0.7568681240081787,-0.26335060596466064,-0.5370693802833557,0.26335060596466064,-3.25433349609375,-10,-4.113773345947266,1.2005772590637207,-0.7576372027397156,-0.6603260040283203,-0.8827515840530396
0.15637639164924622,1.5061711072921753,-0.7945923805236816,0.6127281188964844,0.7165376543998718,-0.22593776881694794,0.24513298273086548,-2.013556957244873,-2.5935819149017334,-3.8468031883239746,-0.7832608819007874,-0.4080948233604431,-0.27449342608451843,-0.45465004444122314
0.06120551750063896,1.5034948587417603,-0.852083146572113,-0.5343045592308044,0.8316640257835388,-0.13616816699504852,0.0656648501753807,-2.785172700881958,-4.035136699676514,-10,5.537334442138672,-0.813243567943573,-0.7020307779312134,-0.9105547666549683
0.3854864835739136,1.4271693229675293,-0.6645054221153259,0.1547793447971344,0.8363354802131653,0.4882548749446869,0.1954316347837448,-2.237978219985962,-3.023580312728882,-3.6833503246307373,-1.118508219718933,-0.3036494851112366,-0.13259664177894592,-0.35885944962501526
0.3687934875488281,1.4015545845031738,-0.5533283352851868,-0.4803902506828308,0.8322635293006897,0.1914648860692978,0.19975939393043518,-3.5618507862091064,-2.2027933597564697,-10,-0.4878840446472168,0.8688499331474304,1.1190787553787231,0.98006272315979
0.07291961461305618,1.7113314867019653,-0.5257836580276489,-0.060895297676324844,0.6268680095672607,0.5545585751533508,0.5438685417175293,-1.8804786205291748,-3.5686604976654053,-4.057945728302002,0.08684391528367996,-1.2771936655044556,-1.30109703540802,-1.175236701965332
0.3024739921092987,1.3779139518737793,-0.4990505576133728,-0.38638582825660706,0.9081904888153076,0.02004506066441536,0.15966928005218506,-2.554154634475708,-3.1418702602386475,-10,2.4107987880706787,-0.5352115631103516,-0.3405891954898834,-0.563014805316925
0.2612163722515106,1.5533987283706665,-0.01300350483506918,0.8750321269035339,-0.17746101319789886,-0.3821638524532318,-0.2382795512676239,-1.6287518739700317,-2.1146225929260254,-4.160722732543945,-0.8435647487640381,-0.6201878786087036,-0.5534404516220093,-0.552332878112793
0.6657506823539734,2.2105822563171387,-0.20804011821746826,0.3018539845943451,0.6554861664772034,0.6296501755714417,0.2876851558685303,-1.2956002950668335,-2.570030689239502,-2.616023540496826,-0.705646276473999,-0.42192336916923523,-0.23134687542915344,-0.35843947529792786
0.2748432457447052,1.7356035709381104,-0.3882850408554077,-0.5868363976478577,0.7667146325111389,0.13616816699504852,0.2218780815601349,-3.6410813331604004,-2.6338605880737305,-10,-0.2762533724308014,-0.2849828004837036,-0.2849828004837036,-0.173770010471344
0.06234685704112053,1.9180400371551514,-0.240770623087883,-0.4817817509174347,0.6414456367492676,0.5430993437767029,0.2479453831911087,-2.3462181091308594,-3.2655909061431885,-3.358640193939209,0.9536728858947754,0.09901813417673111,0.19387635588645935,0.2563306391239166
0.03390314057469368,1.798577070236206,-0.13857679069042206,0.7173560261726379,-0.5301572680473328,0.4278583526611328,-0.14584510028362274,-10,-3.9356353282928467,-2.0676324367523193,2.092745542526245,-1.7724539041519165,-1.7724539041519165,-1.7724539041519165
0.9188098311424255,2.0082879066467285,-0.04476523771882057,0.8430901169776917,0.47801533341407776,0.224496528506279,-0.10149744153022766,-1.2799087762832642,-1.5363236665725708,-2.6050758361816406,-2.424509286880493,0.6327516436576843,0.7839245796203613,0.9534400701522827
1.4177991151809692,1.3103715181350708,-0.8718742728233337,0.5038602352142334,-0.7687973380088806,-0.3708893358707428,-0.13235057890415192,-2.653172492980957,-3.039490222930908,-4.822434902191162,16.11809539794922,1.4474321603775024,1.4625118970870972,1.6112748384475708
1.8324322700500488,1.4185272455215454,-0.823870062828064,0.9874479174613953,0.05306721851229668,-0.13849151134490967,0.05431922525167465,-2.4323642253875732,-3.1112453937530518,-3.620351552963257,16.11809539794922,1.4946831464767456,1.4968827962875366,1.7297848463058472
2.238138198852539,1.3905023336410522,-0.9094387888908386,0.8007327318191528,0.5594077706336975,0.008323641493916512,-0.21405774354934692,-2.5387628078460693,-2.935844898223877,-5.696223258972168,2.296363353729248,1.761610746383667,1.7724539041519165,1.7724539041519165
2.2565202713012695,1.355243444442749,-0.772563636302948,-0.5190979242324829,0.8404802680015564,-0.09746046364307404,-0.12096156924962997,-2.764399528503418,-3.03074312210083,-10,5.537334442138672,1.3276026248931885,1.1468819379806519,0.98006272315979
2.12752103805542,1.4105186462402344,-0.7698887586593628,0.7872914671897888,0.514817476272583,0.2118280827999115,-0.2650735378265381,-2.558180332183838,-2.7279324531555176,-3.8845443725585938,16.11809539794922,1.2141026258468628,1.2434883117675781,1.4016962051391602
2.127596378326416,1.425357699394226,-0.5763228535652161,0.6892085075378418,0.7092642784118652,-0.0985749289393425,0.11053860932588577,-2.287172317504883,-2.9264581203460693,-3.8624043464660645,16.11809539794922,0.16637244820594788,0.052424512803554535,0.10806779563426971
1.2732162475585938,1.550998568534851,-0.4170799255371094,0.7463780045509338,0.5016759634017944,0.419746458530426,0.12269468605518341,-1.667858362197876,-2.7344284057617188,-3.089036226272583,-2.3757081031799316,0.9148526787757874,0.9550097584724426,1.29985511302948
1.8068420886993408,1.7558878660202026,-0.5651390552520752,0.6909196376800537,0.6734492182731628,-0.24824537336826324,0.08643178641796112,-2.0090537071228027,-2.39165997505188,-3.488201141357422,-0.6364947557449341,-0.03874661773443222,-0.04027441889047623,0.02679465152323246
1.8770538568496704,1.801121711730957,-0.4162856638431549,0.567838191986084,0.3372940719127655,-0.750802218914032,-0.00940687395632267,-2.1420161724090576,-2.867105007171631,-3.9184749126434326,-0.5438182353973389,-1.071062684059143,-1.1672269105911255,-1.077820897102356
1.7818323373794556,1.4683879613876343,-0.23763437569141388,0.8425925374031067,0.45481738448143005,0.06492732465267181,0.28100427985191345,-1.881559133529663,-2.8122777938842773,-3.9071080684661865,1.0396833419799805,-1.7057942152023315,-1.7420121431350708,-1.7434618473052979
1.500989556312561,1.6405696868896484,-0.39482560753822327,0.2876364588737488,0.8496968746185303,0.26285502314567566,0.3552291691303253,-1.9662970304489136,-2.9552464485168457,-3.8002612590789795,-1.089100956916809,-1.4452106952667236,-1.4710931777954102,-1.2623311281204224
1.4346269369125366,1.5782910585403442,-0.18857258558273315,0.439039409160614,0.8545151948928833,-0.27755361795425415,-0.003485555062070489,-2.055826425552368,-2.4444541931152344,-2.78481388092041,-1.43454110622406,-0.02578081004321575,-0.025310860946774483,0.28952017426490784
1.352191686630249,1.4394792318344116,0.26138922572135925,0.5028554201126099,-0.46371135115623474,-0.5447123646736145,-0.4851769506931305,-1.4022650718688965,-2.40374755859375,-2.864023208618164,-1.3316113948822021,-1.027031660079956,-1.276025414466858,-1.2681020498275757
1.504963994026184,1.3489460945129395,-0.18035677075386047,-0.49559682607650757,0.8374917507171631,0.23017258942127228,0.0034560449421405792,-3.5022404193878174,-2.87992787361145,-10,0.6406570076942444,0.6603259444236755,0.6464243531227112,0.6464243531227112
1.537308692932129,1.5261949300765991,-0.07321048527956009,-0.38878101110458374,0.23847723007202148,0.6813383102416992,0.5724998116493225,-2.063675880432129,-2.184981107711792,-3.031662940979004,-0.4362541139125824,-1.5174278020858765,-1.7724539041519165,-1.7724539041519165
1.8558874130249023,1.5177794694900513,0.09471853822469711,-0.39129316806793213,0.3384924829006195,0.48543044924736023,0.7047480344772339,-1.6514127254486084,-1.918885350227356,-2.516456365585327,16.11809539794922,0.3443327844142914,0.263807475566864,0.33140525221824646
2.0815138816833496,1.3601627349853516,-0.3261677324771881,0.9331627488136292,0.26795586943626404,-0.2246129959821701,-0.08340228348970413,-2.0289061069488525,-2.3947699069976807,-3.483055830001831,1.390535831451416,1.052911400794983,0.9179112315177917,0.7956802845001221
1.8657606840133667,1.3860714435577393,-0.3446961045265198,0.18310874700546265,0.8466401100158691,0.47529926896095276,0.15415026247501373,-2.117333173751831,-2.678081512451172,-3.5877556800842285,-0.05497964844107628,0.6375730633735657,0.5622942447662354,0.5829617381095886
1.8800103664398193,1.5782493352890015,-0.3025570213794708,-0.44438669085502625,0.18041855096817017,0.7476476430892944,0.4593393802642822,-2.04339861869812,-2.139629602432251,-3.527625560760498,-1.623565912246704,1.5938204526901245,1.607776165008545,1.6580168008804321
2.214521646499634,1.5655750036239624,-0.2629450857639313,0.8617929220199585,-0.41265174746513367,0.2564385235309601,0.14584510028362274,-3.9227302074432373,-10,-3.8338851928710938,5.537334442138672,-1.7724539041519165,-1.7724539041519165,-1.7724539041519165
1.8862682580947876,1.4182169437408447,-0.14343492686748505,0.8529415130615234,-0.2785572111606598,-0.38085615634918213,0.22326049208641052,-2.371677875518799,-1.9274097681045532,-10,5.537334442138672,-0.6742275953292847,-0.8688499927520752,-0.5769163966178894
2.427241563796997,1.5225436687469482,-0.23041541874408722,0.779890239238739,0.6196644306182861,-0.03971290588378906,-0.0788043737411499,-1.979122281074524,-3.589574098587036,-3.8483753204345703,16.11809539794922,-1.1625334024429321,-1.2875587940216064,-1.2225512266159058
2.2713167667388916,1.6045725345611572,-0.060717277228832245,0.9770232439041138,-0.009981834329664707,-0.029317568987607956,0.2108706831932068,-2.4522032737731934,-2.9847137928009033,-3.181640148162842,16.11809539794922,1.6566376686096191,1.5956816673278809,1.5560603141784668
1.246340274810791,1.7230088710784912,-0.399944543838501,0.7649579048156738,0.05045825615525246,-0.36426714062690735,-0.5287748575210571,-2.534320116043091,-10,-2.2253336906433105,-1.2909841537475586,-0.29888439178466797,-0.3405891954898834,-0.1459668129682541
1.5182267427444458,1.702857255935669,-0.400916188955307,0.7002540230751038,-0.6780760288238525,-0.0034560449421405792,0.22326049208641052,-2.133664608001709,-3.125994920730591,-10,3.9120230674743652,-0.5213099718093872,-0.5352115631103516,-0.45180198550224304
1.8043327331542969,1.6938934326171875,-0.18128181993961334,0.6383258700370789,0.72374027967453,-0.2621004283428192,0.006589055992662907,-1.948075532913208,-3.2767913341522217,-3.607661008834839,0.7192819118499756,-0.7589491605758667,-0.9034016132354736,-0.810563862323761
1.3090498447418213,1.9283028841018677,-0.21001380681991577,0.7893303036689758,0.33454611897468567,-0.506434440612793,0.09252402186393738,-2.1952521800994873,-2.8373680114746094,-3.301204204559326,0.975874662399292,0.24131667613983154,0.3419575095176697,0.2474936693906784
1.4337549209594727,2.0472278594970703,-0.3486426770687103,0.7305909991264343,0.4029017686843872,-0.529071569442749,-0.15488795936107635,-1.6752756834030151,-2.6839308738708496,-3.258638381958008,-0.7693588733673096,0.7948936820030212,0.7898273468017578,0.8527064323425293
1.6000137329101562,1.6965599060058594,-0.03461266681551933,-0.40850451588630676,0.8147448301315308,-0.3932979106903076,0.12096156924962997,-10,-2.87992787361145,-3.368666887283325,2.463853359222412,-0.04865562170743942,-0.020852426066994667,0.13206516206264496
1.3928803205490112,1.694741129875183,0.1352299004793167,0.8678743243217468,0.1474340558052063,-0.4560708701610565,-0.1306014508008957,-1.8798885345458984,-2.785264253616333,-3.2360966205596924,-0.6409527659416199,-1.0197253227233887,-1.056740164756775,-1.0708731412887573
1.1789212226867676,1.8136906623840332,-0.049672890454530716,0.723346471786499,-0.6614869832992554,-0.1914648860692978,-0.05045825615525246,-3.0341477394104004,-2.594172477722168,-10,0.6406570076942444,0.0069507728330791,0.15986835956573486,-0.173770010471344
1.4231128692626953,1.9823671579360962,0.016868557780981064,0.7858874201774597,0.36359044909477234,-0.49930548667907715,-0.029613282531499863,-1.3995343446731567,-2.434779405593872,-3.187431573867798,-0.7721877098083496,0.6091565489768982,0.7112980484962463,0.5591113567352295
2.00540828704834,1.8402743339538574,-0.3329482674598694,0.6107015013694763,0.11529558151960373,-0.6445920467376709,-0.4452546536922455,-1.822769045829773,-2.5290229320526123,-2.7409920692443848,-1.9714604616165161,-0.6522566080093384,-0.7927696108818054,-0.6575077176094055
2.291365146636963,1.7470762729644775,0.027889838442206383,0.83432537317276,0.524635910987854,0.15582160651683807,-0.0661657452583313,-1.4159082174301147,-2.3145060539245605,-3.7535808086395264,1.0251315832138062,1.6449851989746094,1.719994068145752,1.7724539041519165
2.2586004734039307,1.7825742959976196,0.024744201451539993,-0.4058927297592163,0.7564234733581543,0.3326685428619385,0.3903924524784088,-1.7553740739822388,-2.6683478355407715,-3.0021965503692627,-2.211505174636841,0.3162500858306885,-0.26864713430404663,-0.36668211221694946
1.6815212965011597,1.8434311151504517,-0.17693063616752625,0.8342845439910889,0.46030691266059875,-0.2478019744157791,-0.17516008019447327,-1.8521945476531982,-2.3819375038146973,-3.8567333221435547,-1.0006054639816284,0.2656196355819702,0.3497728705406189,0.28853654861450195
0.03390314057469368,2.1738991737365723,-0.7735352516174316,-0.4237110912799835,0.7412129640579224,0.3227945864200592,0.40850451588630676,-10,-2.292541742324829,-2.7102646827697754,-0.05491575598716736,-0.27108120918273926,-0.27108120918273926,-0.1459668129682541
0.16683731973171234,2.3354125022888184,-0.6983782649040222,-0.43583038449287415,0.20220966637134552,0.8166560530662537,-0.3197436034679413,-1.8485984802246094,-2.3883607387542725,-3.089259147644043,-0.2847345173358917,-0.7166519165039062,-0.6586758494377136,-0.648973286151886
0.0747966393828392,2.2129428386688232,-0.8376626968383789,-0.32555943727493286,0.9275764226913452,-0.17625829577445984,-0.05045825615525246,-10,-3.594316244125366,-2.351494550704956,5.537334442138672,-1.7724539041519165,-1.7724539041519165,-1.7724539041519165
0.4964492619037628,2.262683153152466,-0.49075761437416077,0.30643314123153687,0.2413896918296814,0.7434949278831482,0.5431804656982422,-1.7988147735595703,-2.6991941928863525,-3.359006881713867,0.049420081079006195,-0.7937881350517273,-0.7388032078742981,-0.7632351517677307
0.9935300946235657,2.117351770401001,-0.5352359414100647,0.7499825954437256,0.6442287564277649,-0.06284847855567932,0.13618196547031403,-1.6265286207199097,-2.637418508529663,-3.8157453536987305,0.07087170332670212,0.17014145851135254,0.204762265086174,0.3368600308895111
0.6095187664031982,2.29998779296875,-0.6821792125701904,0.6894658207893372,0.6538827419281006,-0.23069815337657928,0.2094101458787918,-1.8317079544067383,-2.185124397277832,-2.359718084335327,-1.3835759162902832,-0.09830289334058762,-0.020276768133044243,-0.17705179750919342
0.5855932235717773,2.2649662494659424,-0.43290844559669495,-0.1279851347208023,0.3920521140098572,0.6626335978507996,0.6251652836799622,-1.4721064567565918,-2.3930389881134033,-2.8550078868865967,-0.9255164265632629,0.6387652158737183,0.7442749738693237,0.8132087588310242
0.5047524571418762,2.45253586769104,-0.3433091342449188,0.5706986784934998,0.29973456263542175,-0.7492718696594238,-0.15183508396148682,-1.396237850189209,-2.042963743209839,-2.9472157955169678,-0.9536410570144653,0.20546182990074158,0.43810132145881653,0.1981980949640274
0.732408344745636,2.3993444442749023,-0.7473013401031494,0.8310548663139343,-0.5273924469947815,-0.17625829577445984,0.01175055280327797,-10,-2.5544841289520264,-2.670839309692383,-0.7286538481712341,-0.1459668129682541,-0.04865562170743942,-0.006950825918465853
0.06183822453022003,2.0110487937927246,-0.15671178698539734,0.5642853379249573,0.4867499768733978,0.4866900146007538,0.4558391571044922,-2.140964984893799,-3.4738242626190186,-4.073121547698975,16.11809539794922,-1.7724539041519165,-1.7724539041519165,-1.7724539041519165
-0.10318471491336823,2.2772035598754883,0.16277660429477692,0.6232638359069824,0.0058487639762461185,-0.7204399704933167,0.3040957450866699,-1.5110737085342407,-2.003082036972046,-3.0145981311798096,-1.1808170080184937,-0.7131170630455017,-0.7183826565742493,-0.6190901398658752
-0.012266243807971478,2.482822895050049,0.007257192395627499,0.15185962617397308,0.5586137771606445,0.6526151299476624,0.4888586103916168,-1.4968839883804321,-3.3641374111175537,-3.501215696334839,16.11809539794922,-1.7724539041519165,-1.7724539041519165,-1.7724539041519165
0.7456711530685425,2.1210014820098877,-0.3882850408554077,-0.5121858716011047,0.81023108959198,-0.23017258942127228,-0.16796378791332245,-10,-2.3322298526763916,-2.1110002994537354,-2.219203472137451,-0.006950825918465853,-0.04865562170743942,0.18767155706882477
0.5975703597068787,2.241910696029663,-0.046272195875644684,-0.5343045592308044,0.7600002288818359,0.35459020733833313,-0.10575497150421143,-2.5938234329223633,-2.5306711196899414,-10,5.537334442138672,-0.3405891954898834,-0.1459668129682541,-0.41009721159935
0.5577820539474487,2.398085117340088,-0.43783801794052124,-0.49421441555023193,0.8295426368713379,0.23017258942127228,0.12096156924962997,-10,-1.9988486766815186,-2.1543681621551514,-1.5953861474990845,1.7724539041519165,1.7724539041519165,1.7724539041519165
0.35552501678466797,2.296067953109741,-0.2789769470691681,-0.32417699694633484,0.8386455774307251,-0.4181814193725586,-0.12925608456134796,-2.0463931560516357,-2.7608630657196045,-10,3.00815486907959,-0.8688499927520752,-0.8549483418464661,-0.7715387940406799
0.03390314057469368,2.5681135654449463,-0.09728263318538666,0.7219130992889404,-0.5896012783050537,0.35597261786460876,-0.06704726815223694,-3.621246814727783,-1.8797838687896729,-10,5.537334442138672,-0.9939643740653992,-0.9800627827644348,-0.813243567943573
1.8204247951507568,2.2071335315704346,-0.5310150980949402,0.9529836177825928,0.1108565628528595,-0.05147934332489967,0.27727776765823364,-1.8360352516174316,-2.686685085296631,-3.6525797843933105,-1.1924223899841309,0.8207905888557434,0.9069406986236572,0.9267834424972534
2.0328457355499268,2.2059173583984375,-0.8366847038269043,0.610733151435852,-0.39739134907722473,-0.6719618439674377,0.13248547911643982,-1.938090205192566,-3.376798391342163,-3.739060163497925,-0.5245223641395569,1.016105055809021,1.170649528503418,1.0222643613815308
1.997143268585205,2.1194913387298584,-0.5393149852752686,-0.31077221035957336,0.39283573627471924,0.49285754561424255,0.7114718556404114,-1.8750617504119873,-2.0341947078704834,-3.0697813034057617,0.8180263638496399,0.5564391613006592,0.6453239917755127,0.5528396964073181
2.288444995880127,2.2611846923828125,-0.7704135775566101,-0.3868189752101898,0.6827602386474609,0.4795286953449249,0.3927617073059082,-2.658895492553711,-2.9330711364746094,-4.46392822265625,16.11809539794922,0.6284506916999817,0.7534928917884827,0.6819579005241394
1.9161405563354492,2.050737142562866,-0.5738105773925781,0.45645850896835327,0.8542759418487549,0.23367168009281158,0.08518072962760925,-2.020106554031372,-2.875593423843384,-3.4699912071228027,-1.1041003465652466,-0.45673075318336487,-0.4963568449020386,-0.5383470058441162
2.269817352294922,2.307689666748047,-0.6370930075645447,0.7495991587638855,-0.5771594643592834,-0.05875276401638985,0.3186473250389099,-7.725812911987305,-4.223062992095947,-2.535698652267456,0.5719616413116455,1.7724539041519165,1.7724539041519165,1.7724539041519165
1.1795481443405151,2.0704355239868164,-0.19058755040168762,-0.38500338792800903,0.9136556386947632,0.11266706138849258,-0.0656648501753807,-3.185488700866699,-2.5507919788360596,-10,0.2125614434480667,0.31796500086784363,0.42345359921455383,0.5046280026435852
1.9518978595733643,2.1572506427764893,-0.2069922387599945,0.9577783346176147,-0.11149109154939651,0.2027825564146042,0.17061550915241241,-1.9687210321426392,-2.4398231506347656,-3.8488075733184814,-1.1866809129714966,0.8859918713569641,0.9709575772285461,1.0683841705322266
2.7972567081451416,1.3641387224197388,-1.2768583297729492,0.9844242334365845,0.13403750956058502,-0.10857106000185013,-0.03398865461349487,-2.633253335952759,-3.288163185119629,-3.5749635696411133,16.11809539794922,0.5640681385993958,0.6227502226829529,0.6774201989173889
2.9967267513275146,1.4547010660171509,-0.857592761516571,0.6804673671722412,-0.5432586073875427,-0.35654518008232117,-0.3386882543563843,-1.9466707706451416,-3.046973466873169,-3.5512826442718506,0.45477792620658875,1.7724539041519165,1.6531834602355957,1.6219866275787354
2.780813217163086,1.4505436420440674,-1.1328823566436768,0.6886974573135376,-0.3333708941936493,-0.5542004108428955,-0.32775235176086426,-2.4878809452056885,-2.6137683391571045,-5.0749688148498535,-1.1970852613449097,-1.090580701828003,-1.1743707656860352,-0.9390750527381897
2.839507818222046,1.48954176902771,-1.1051934957504272,0.47318288683891296,0.7760668992996216,0.2819768786430359,0.3070947527885437,-2.638406753540039,-3.2295315265655518,-4.57280969619751,16.11809539794922,-0.06669386476278305,-0.358992338180542,-0.45484161376953125
2.8622467517852783,1.3165631294250488,-1.3136754035949707,0.6600372791290283,-0.5273924469947815,-0.5343045592308044,-0.026957150548696518,-2.883605480194092,-3.303313970565796,-10,5.537334442138672,1.0135900974273682,0.9844239950180054,0.8775179982185364
3.234654426574707,1.4236780405044556,-1.2787262201309204,0.7842866778373718,0.47350770235061646,0.011307083070278168,0.4006956219673157,-1.7843934297561646,-2.8388772010803223,-3.579552412033081,2.0948896408081055,1.069571852684021,1.1571815013885498,1.2459672689437866
2.9607043266296387,1.4677221775054932,-1.3014789819717407,-0.26129740476608276,0.7376014590263367,0.5988553166389465,0.170411616563797,-2.4011666774749756,-2.671429395675659,-4.625615119934082,0.4200317859649658,-0.06256280839443207,-0.14874044060707092,-0.0028347743209451437
2.9277725219726562,1.4036325216293335,-1.1416960954666138,0.6534829139709473,0.10276666283607483,-0.6397272944450378,-0.3913414180278778,-2.1768991947174072,-2.4028613567352295,-3.6596882343292236,1.7993643283843994,0.42434728145599365,0.4103653132915497,0.5188340544700623
3.1368508338928223,1.495774745941162,-1.2617430686950684,0.5240734219551086,-0.5151914358139038,-0.6781654953956604,0.004050913266837597,-2.224191904067993,-3.459953784942627,-3.9534971714019775,-0.350079745054245,-0.10550089925527573,-0.40607720613479614,-0.4130937159061432
3.2832911014556885,1.4271965026855469,-1.2536430358886719,-0.003541364101693034,0.4223138391971588,0.9017230272293091,-0.09237979352474213,-2.349317789077759,-3.4633283615112305,-3.7472403049468994,0.738875687122345,1.6142926216125488,1.663458228111267,1.6913487911224365
2.9967799186706543,1.5679526329040527,-1.1982762813568115,0.8882725834846497,0.39413654804229736,0.1977090835571289,-0.12860547006130219,-2.5843780040740967,-3.249648094177246,-4.194246292114258,16.11809539794922,1.0623621940612793,1.1072458028793335,1.1240447759628296
3.165929079055786,1.4613806009292603,-1.2902777194976807,0.6475293040275574,-0.5453639030456543,0.4831550717353821,0.22326049208641052,-3.724853515625,-10,-3.445326805114746,5.537334442138672,-0.30177372694015503,-0.27108117938041687,-0.14171454310417175
3.370537042617798,1.541731357574463,-1.1168571710586548,0.13181158900260925,0.7731167078018188,0.3928385078907013,0.48020216822624207,-2.058457136154175,-2.974323034286499,-3.3379595279693604,0.5246939659118652,0.40486064553260803,0.2739330530166626,0.2920527458190918
3.2575085163116455,1.4351705312728882,-1.1155953407287598,-0.037700675427913666,0.8692792654037476,0.44930657744407654,0.20262229442596436,-1.7698149681091309,-2.3236641883850098,-3.6828408241271973,16.11809539794922,1.122393250465393,1.0292770862579346,0.8068110942840576
2.8755223751068115,1.531221628189087,-1.2109856605529785,0.7400001287460327,-0.49006715416908264,-0.40297484397888184,0.22326049208641052,-2.9842331409454346,-4.192658424377441,-10,3.0992729663848877,1.0641809701919556,1.1847705841064453,1.2006893157958984
2.9501209259033203,1.5863804817199707,-1.1572918891906738,0.7349420189857483,0.6427701115608215,0.1641313135623932,0.14059779047966003,-2.7469749450683594,-3.5054430961608887,-3.8537628650665283,1.7910345792770386,1.436104655265808,1.5570567846298218,1.6872687339782715
3.427558660507202,1.588196873664856,-1.1511400938034058,0.9276763200759888,0.2773928642272949,-0.15168675780296326,0.19864797592163086,-2.2766900062561035,-2.4561495780944824,-3.8796145915985107,-0.9094808101654053,-0.5044310688972473,-0.7707480788230896,-0.7771595120429993
3.2074155807495117,1.5630608797073364,-1.034203290939331,-0.5730122327804565,0.727435290813446,-0.20667147636413574,0.31588250398635864,-3.253915548324585,-10,-2.6312477588653564,5.537334442138672,0.8491696119308472,0.5436615347862244,0.5046280026435852
3.3000247478485107,1.5080742835998535,-0.7783490419387817,0.8718045949935913,-0.2910475730895996,-0.3890954256057739,-0.0620705708861351,-1.9874595403671265,-2.80920672416687,-4.097060203552246,-0.11045869439840317,-0.9453662633895874,-1.1901301145553589,-1.0540952682495117
3.2564401626586914,1.6270194053649902,-1.0064103603363037,0.6429634094238281,0.5550427436828613,0.4387810230255127,0.2932521402835846,-2.5746655464172363,-3.610837697982788,-3.880047082901001,1.7454724311828613,-0.04510929062962532,-0.3254287838935852,-0.30732494592666626
3.369617462158203,1.6186858415603638,-0.894720733165741,0.5219600796699524,0.5485785603523254,0.626773476600647,0.18377764523029327,-2.21101713180542,-2.687105655670166,-3.8689706325531006,16.11809539794922,-0.19334807991981506,-0.5896079540252686,-0.6077377796173096
3.7832953929901123,1.3825488090515137,-1.173563003540039,0.8757830858230591,0.4108174741268158,0.06827305257320404,0.24407334625720978,-2.200590133666992,-2.3572728633880615,-2.946183919906616,16.11809539794922,1.359337329864502,1.4029207229614258,1.4300131797790527
3.774090051651001,1.5161075592041016,-1.1978486776351929,-0.1903766542673111,0.5895969867706299,0.7577351331710815,0.2048647701740265,-1.7893650531768799,-2.5863234996795654,-4.479480743408203,0.20776142179965973,0.184343159198761,0.07217960059642792,0.11870554834604263
3.6061995029449463,1.4257793426513672,-1.122340202331543,0.9581380486488342,-0.0669521763920784,-0.014411085285246372,0.2779949903488159,-2.221729040145874,-2.899719715118408,-3.625544786453247,2.1011810302734375,0.9562310576438904,1.004205346107483,1.0880405902862549
3.499481678009033,1.471651315689087,-1.0855481624603271,-0.4098869264125824,0.8094995617866516,-0.3006758987903595,-0.29376381635665894,-2.72662615776062,-2.3911659717559814,-10,0.5719616413116455,0.760635495185852,0.8241467475891113,0.9769552946090698
3.679492712020874,1.6660268306732178,-1.0292868614196777,0.8199293613433838,0.488415390253067,0.028849635273218155,0.29721030592918396,-2.1689257621765137,-2.670976161956787,-3.2049243450164795,16.11809539794922,0.5184009075164795,0.5650119185447693,0.6048893928527832
3.9642200469970703,1.4846961498260498,-1.1489588022232056,0.18768854439258575,0.6129782795906067,0.4733421206474304,0.6041339635848999,-2.117323160171509,-3.228471517562866,-4.712061882019043,3.774709939956665,1.7724539041519165,1.7724539041519165,1.7724539041519165
3.557492256164551,1.7634495496749878,-0.9844520092010498,0.905320942401886,-0.02722882106900215,-0.3091423511505127,0.2899716794490814,-2.5039520263671875,-3.1130192279815674,-3.7517435550689697,0.7248574495315552,1.2974389791488647,1.295100212097168,1.3575849533081055
3.9113738536834717,1.6679422855377197,-1.0446969270706177,0.1512182652950287,0.7045812010765076,0.49584144353866577,0.48460254073143005,-2.7681353092193604,-2.8125298023223877,-4.115644454956055,16.11809539794922,1.582843542098999,1.651277780532837,1.7206354141235352
3.595221757888794,1.7624207735061646,-0.9657297134399414,0.9439486861228943,0.32749542593955994,0.015744157135486603,-0.03820638358592987,-2.2344188690185547,-2.8001821041107178,-3.5640509128570557,16.11809539794922,0.8466581702232361,0.8533169627189636,0.8380590081214905
3.906280755996704,1.8626124858856201,-0.8841220736503601,0.7695609927177429,-0.009409848600625992,-0.5042990446090698,0.3916245996952057,-2.132805585861206,-2.8139867782592773,-3.2426419258117676,16.11809539794922,1.1149036884307861,1.1596877574920654,1.224495530128479
2.415839672088623,1.3739428520202637,-0.7933830618858337,-0.17414207756519318,0.5041428208351135,0.6378957033157349,0.5555210113525391,-2.5819084644317627,-2.959479808807373,-5.020836353302002,16.11809539794922,1.7341032028198242,1.6176581382751465,1.5454314947128296
2.69997239112854,1.3840773105621338,-0.6711538434028625,0.6087663173675537,-0.4280416667461395,-0.6595766544342041,-0.105558380484581,-2.5648083686828613,-2.755309820175171,-3.7531063556671143,16.11809539794922,-1.435209035873413,-1.7363805770874023,-1.730684757232666
2.7653446197509766,1.4458644390106201,-0.5720193386077881,0.6002617478370667,0.7267515063285828,0.10202145576477051,0.3179774582386017,-2.045414447784424,-2.4422528743743896,-3.504199504852295,-0.3814113438129425,-0.34325528144836426,-0.9712219834327698,-1.1110118627548218
2.824223756790161,1.4096685647964478,-0.7094742655754089,0.7852662801742554,0.6046552062034607,-0.11532747000455856,-0.06669716536998749,-2.40503191947937,-3.11881685256958,-3.805372953414917,16.11809539794922,1.3423972129821777,0.9712328910827637,0.9515217542648315
2.9256503582000732,1.489097237586975,-0.6528326272964478,0.9359815120697021,-0.341994971036911,-0.07125164568424225,-0.04360399395227432,-2.1586761474609375,-3.2983436584472656,-3.800480842590332,-0.8128512501716614,-0.7403610348701477,-1.0804150104522705,-1.1668163537979126
3.2013728618621826,1.319285273551941,-0.8041018843650818,0.08628024160861969,0.6506024599075317,0.5724868774414062,0.49145790934562683,-1.9070590734481812,-2.265460729598999,-3.9903130531311035,2.021252393722534,0.09768801927566528,-0.054903801530599594,-0.23119646310806274
2.870396137237549,1.5420427322387695,-0.6318423748016357,0.011598905548453331,0.6084210276603699,0.535731852054596,0.5853893160820007,-2.896756410598755,-3.2889256477355957,-4.064753532409668,16.11809539794922,1.3248276710510254,0.5690284371376038,0.36877894401550293
3.20613431930542,1.4633654356002808,-0.16344383358955383,0.5025044083595276,-0.3319743871688843,-0.6468484401702881,-0.46783486008644104,-1.3498800992965698,-1.8535914421081543,-2.5545945167541504,16.11809539794922,1.592725157737732,1.1528780460357666,1.067531943321228
3.484466552734375,1.6078358888626099,-0.409421443939209,0.578245997428894,-0.655402421951294,-0.44715994596481323,-0.19007165729999542,-1.5030238628387451,-2.647660732269287,-3.946898937225342,0.18174313008785248,1.6023637056350708,1.7131755352020264,1.6954587697982788
2.531320333480835,1.381373643875122,-0.3225747346878052,0.8450998663902283,0.42957964539527893,-0.3156980872154236,0.04002749174833298,-2.2473037242889404,-2.306976556777954,-3.0095136165618896,0.20270253717899323,0.15726354718208313,-0.009660431183874607,0.08640716224908829
2.57855224609375,1.4273486137390137,-0.3629554808139801,0.8877087235450745,0.45190897583961487,0.053175754845142365,-0.0701700896024704,-2.1616902351379395,-2.767535448074341,-4.046872615814209,0.4056301414966583,1.7724539041519165,1.6404908895492554,1.6206351518630981
2.661808490753174,1.545233964920044,-0.26376479864120483,0.932591438293457,-0.3513377904891968,0.08217676728963852,0.00905246939510107,-2.2521321773529053,-3.37382173538208,-5.005435466766357,16.11809539794922,-0.3952556550502777,-0.814919114112854,-1.135894536972046
2.867439031600952,1.4972909688949585,-0.05040018633008003,0.8689666986465454,-0.12130127847194672,-0.47975343465805054,-0.004419038537889719,-2.1002373695373535,-2.2901673316955566,-2.7973885536193848,0.9980710744857788,1.7535964250564575,1.6277378797531128,1.6067538261413574
2.7376351356506348,1.6287859678268433,-0.22949588298797607,0.8140221834182739,0.5298405289649963,0.036075808107852936,-0.23523473739624023,-2.8383097648620605,-3.0418896675109863,-3.5828447341918945,16.11809539794922,1.261301875114441,1.101726770401001,0.9965599775314331
2.9775261878967285,1.4558922052383423,-0.21454094350337982,0.9564723968505859,0.23896129429340363,0.12206763029098511,0.11470610648393631,-1.9990171194076538,-2.475555419921875,-3.3306992053985596,0.9788438677787781,0.07032233476638794,0.052716705948114395,-0.007888243533670902
3.022054672241211,1.5384210348129272,-0.21040059626102448,0.6351882219314575,-0.3846074342727661,-0.6664000749588013,-0.06726063042879105,-2.1325132846832275,-2.8126466274261475,-3.5622825622558594,0.712573766708374,-0.5815460085868835,-0.881536602973938,-0.9692561626434326
3.070603847503662,1.6130590438842773,-0.08661150932312012,-0.4421175718307495,0.3483791649341583,0.7759228348731995,0.28479424118995667,-1.7304059267044067,-2.5890042781829834,-3.073996067047119,0.30787762999534607,-1.15244460105896,-1.477436900138855,-1.4779890775680542
2.3747763633728027,1.7450510263442993,-0.011615096591413021,0.7996256947517395,0.521318793296814,0.10846290737390518,-0.27759918570518494,-2.10050368309021,-2.450495481491089,-4.345874309539795,0.5731627345085144,1.2626389265060425,1.2658177614212036,1.221218466758728
2.523742437362671,1.629311442375183,-0.0038504437543451786,0.5773781538009644,-0.33544766902923584,-0.5797462463378906,-0.4669085144996643,-1.9549909830093384,-2.453266143798828,-2.756593942642212,16.11809539794922,1.7307841777801514,1.735158085823059,1.7462326288223267
2.7149713039398193,1.6991842985153198,-0.17002961039543152,0.8671176433563232,0.44692903757095337,-0.09995552897453308,0.19588349759578705,-2.5396738052368164,-2.8898584842681885,-4.414947509765625,16.11809539794922,1.7200965881347656,1.7070072889328003,1.6895549297332764
3.5374295711517334,1.634395956993103,0.12181469798088074,0.7400194406509399,0.6686875224113464,-0.07230562716722488,0.00036218995228409767,-1.4731497764587402,-1.801571011543274,-3.1060609817504883,16.11809539794922,1.4377820491790771,1.2024375200271606,1.1283444166183472
3.6242024898529053,1.5992155075073242,-0.9141392111778259,0.803321361541748,-0.49006715416908264,0.2315549999475479,0.24676160514354706,-2.6136577129364014,-10,-2.7842400074005127,5.537334442138672,0.3266875445842743,0.3266875445842743,0.4379003345966339
3.7373504638671875,1.497967004776001,-0.9698020219802856,-0.5909836888313293,0.6929289698600769,0.40297484397888184,-0.09054837375879288,-2.153499126434326,-10,-2.3491780757904053,5.537334442138672,0.7576371431350708,0.7715387344360352,0.8688499331474304
3.558760166168213,1.6392217874526978,-0.5898522734642029,0.6067869067192078,-0.44475990533828735,-0.47718968987464905,-0.4541897475719452,-1.591551423072815,-2.3026514053344727,-2.810950994491577,0.13885276019573212,-0.325404554605484,-0.4845151901245117,-0.5002710223197937
4.469491004943848,1.4452425241470337,-0.822770893573761,-0.3915730118751526,-0.2022903859615326,0.8558012247085571,-0.27083832025527954,-2.333627939224243,-3.357705593109131,-4.640044689178467,16.11809539794922,-0.3885648846626282,-0.6030300259590149,-0.6657763719558716
4.234813690185547,1.5866920948028564,-0.7632979154586792,0.6345336437225342,0.7668994665145874,0.0481174997985363,-0.08316823095083237,-2.134840965270996,-3.191697120666504,-3.4281439781188965,1.6614527702331543,0.28756147623062134,0.39443206787109375,0.5848017930984497
4.339581489562988,1.6327717304229736,-0.5377817153930664,-0.407646507024765,0.2956996560096741,0.7343332767486572,0.45512712001800537,-1.586666464805603,-2.746100425720215,-3.301154851913452,-0.43058890104293823,0.09385418146848679,-0.039341364055871964,-0.06547371298074722
4.301642417907715,1.4959713220596313,-0.6974920034408569,0.9558407068252563,-0.275823712348938,-0.0850793719291687,-0.05523906648159027,-1.8511536121368408,-2.7818524837493896,-3.1757075786590576,2.2966904640197754,-1.1226481199264526,-1.316009283065796,-1.401016116142273
4.264066696166992,1.599820613861084,-0.3788623511791229,-0.4443933069705963,0.2894492447376251,0.6578176021575928,0.5347987413406372,-1.9127956628799438,-1.9925332069396973,-3.05987548828125,0.0418950654566288,1.7289615869522095,1.5892860889434814,1.4867626428604126
4.2686543464660645,1.5467162132263184,-0.6461811065673828,-0.44721221923828125,0.8609720468521118,0.09746046364307404,0.2218780815601349,-2.5144855976104736,-8.054699897766113,-3.23106050491333,5.537334442138672,-0.03475402295589447,-0.13206522166728973,0.0625571683049202
3.456940174102783,1.760462999343872,-0.9465013146400452,-0.5108034610748291,0.8446581959724426,-0.01175055280327797,0.15966928005218506,-3.228525161743164,-10,-3.0664424896240234,5.537334442138672,1.2163898944854736,1.1468819379806519,1.188586711883545
3.657473564147949,1.682121992111206,-0.6781445145606995,0.8544983863830566,-0.03760469704866409,-0.4632614254951477,-0.23196378350257874,-1.8656699657440186,-2.2485289573669434,-4.609316825866699,2.5327422618865967,-0.36795732378959656,-0.6235142946243286,-0.6525751352310181
3.9464471340179443,1.7138923406600952,-0.7195257544517517,0.6933208107948303,0.0016974331811070442,-0.7159711122512817,-0.08178497105836868,-1.736570119857788,-2.3818917274475098,-3.5927813053131104,2.6658618450164795,0.9107205271720886,0.8367675542831421,0.7785245180130005
3.625988245010376,1.8605902194976807,-0.9599414467811584,0.8678534626960754,0.32447928190231323,0.04256729036569595,0.3738069236278534,-2.44941782951355,-3.419983148574829,-3.6530604362487793,0.1505783349275589,0.15528707206249237,0.10849427431821823,0.051720764487981796
3.6308891773223877,1.871490240097046,-0.8787726163864136,0.12513528764247894,0.8838362693786621,0.44128766655921936,0.09186846762895584,-2.3393235206604004,-3.1415798664093018,-4.458907604217529,3.0807313919067383,0.9726686477661133,0.9383442997932434,0.9112913608551025
3.816889762878418,1.9280539751052856,-0.8632996678352356,-0.19307611882686615,0.4940311014652252,0.8389284610748291,0.12187652289867401,-2.7619149684906006,-3.077998399734497,-4.120511531829834,16.11809539794922,0.6480106711387634,0.5271684527397156,0.5019615292549133
3.820981740951538,1.809212327003479,-0.8364701867103577,0.7886446118354797,-0.46794846653938293,0.2398495078086853,-0.3186473250389099,-2.7088630199432373,-10,-2.372694730758667,0.9718605875968933,0.8410466909408569,0.8410466909408569,0.8688499331474304
3.793266534805298,1.9042032957077026,-0.7168654203414917,0.8010531663894653,0.03163246437907219,-0.5421432852745056,-0.2517814338207245,-2.13517427444458,-2.9505598545074463,-4.10701847076416,0.970974862575531,-0.35903891921043396,-0.5156926512718201,-0.6046118140220642
3.956902265548706,1.859142541885376,-0.8050389289855957,0.6188075542449951,0.4223848283290863,-0.6505216956138611,-0.12445806711912155,-2.2303261756896973,-2.757925033569336,-3.597598075866699,16.11809539794922,1.7724539041519165,1.7724539041519165,1.7724539041519165
3.7078335285186768,1.6217151880264282,-0.5257940888404846,-0.6144847869873047,0.7228072881698608,-0.3089704215526581,0.06704726815223694,-10,-2.8618052005767822,-2.20023775100708,5.537334442138672,-0.27108120918273926,-0.563014805316925,-0.6464243531227112
3.456940174102783,1.5917155742645264,-0.48178163170814514,0.7616755962371826,-0.6435155272483826,0.03525165840983391,0.06704726815223694,-3.0341477394104004,-10,-4.493132591247559,5.537334442138672,-1.0078659057617188,-1.3832091093063354,-1.4666187763214111
3.908367872238159,1.6216222047805786,-0.16430196166038513,0.8064872026443481,0.5811370015144348,-0.06341458112001419,0.08852508664131165,-1.285608172416687,-1.9598989486694336,-3.4341213703155518,0.7291957139968872,0.9413146376609802,0.7090434432029724,0.6214693188667297
4.2538957595825195,1.4248430728912354,-0.3885788023471832,0.9558995366096497,-0.25505611300468445,0.12925608456134796,-0.06704726815223694,-2.2883732318878174,-1.9013640880584717,-5.943339824676514,5.537334442138672,-0.7993419766426086,-1.021767497062683,-1.2163898944854736
2.283644199371338,2.2573304176330566,-0.6850156188011169,-0.339383602142334,0.8367520570755005,0.3628847002983093,0.23017258942127228,-5.739563941955566,-4.3919997215271,-2.9998114109039307,5.537334442138672,0.15986835956573486,0.1181635633111,0.07645876705646515
3.840054750442505,1.9710557460784912,-0.7561906576156616,0.8640723824501038,-0.003929664380848408,-0.45504769682884216,-0.21516291797161102,-2.3098013401031494,-3.0899739265441895,-3.844341993331909,1.539063572883606,1.1171483993530273,1.32249116897583,1.3611398935317993
-0.22153857350349426,3.297025442123413,-2.2618019580841064,0.6120223999023438,-0.6223942637443542,-0.4321633279323578,-0.22647032141685486,-1.3016397953033447,-3.129854917526245,-3.602799415588379,-0.9539398550987244,-1.5991383790969849,-1.6324682235717773,-1.4808727502822876
-0.3183545172214508,3.221057176589966,-2.3759517669677734,0.6061006188392639,0.09815208613872528,-0.7087069749832153,0.34748050570487976,-1.601058840751648,-2.6865036487579346,-3.1926164627075195,-0.9327234625816345,-0.8502665758132935,-0.8761115670204163,-0.6399635672569275
-0.36630862951278687,2.8567612171173096,-2.169842481613159,0.3420085310935974,0.693966805934906,0.5855193138122559,0.24208958446979523,-2.571976661682129,-3.117058753967285,-3.7593791484832764,1.0673352479934692,-0.40789496898651123,-0.1765638291835785,-0.4355165660381317
-0.09515821188688278,2.8065297603607178,-1.948861837387085,-0.3361569941043854,0.38933879137039185,0.847176194190979,0.1330648809671402,-1.8576618432998657,-2.839665651321411,-3.5264902114868164,-0.5240883231163025,-0.5158092379570007,-0.4938679337501526,-0.3198954463005066
-0.5201996564865112,2.916369915008545,-2.1139883995056152,0.12459898740053177,0.722560703754425,0.6055471301078796,-0.3093441426753998,-2.460949659347534,-3.349161386489868,-3.4515113830566406,2.208463430404663,-1.2219094038009644,-1.1343498229980469,-1.2072373628616333
-0.05376356467604637,2.889946222305298,-2.122772216796875,0.8039654493331909,-0.3248942792415619,-0.3240552544593811,-0.37824782729148865,-2.1820385456085205,-2.762996196746826,-3.008655548095703,0.6791717410087585,-0.4814806878566742,-0.45554646849632263,-0.24311606585979462
-0.4862584173679352,2.919344425201416,-2.1079044342041016,0.8953179121017456,-0.41126933693885803,-0.12096156924962997,-0.12096156924962997,-10,-2.8612895011901855,-3.089014768600464,1.7423112392425537,-1.07737398147583,-1.035669207572937,-1.035669207572937
-0.07663200795650482,3.419832229614258,-2.125330686569214,-0.04378701001405716,0.8406515121459961,0.4324873685836792,-0.3230207562446594,-1.5773601531982422,-2.1573216915130615,-2.68314266204834,-0.8917808532714844,-0.6661163568496704,-0.6712563037872314,-0.2999446988105774
0.2596135437488556,3.7203474044799805,-2.7664496898651123,-0.45471474528312683,0.09710802882909775,0.5586962103843689,0.6867772936820984,-1.8526039123535156,-2.228731632232666,-2.5563416481018066,-0.6012127995491028,-0.35619956254959106,-0.20713144540786743,-0.2015666365623474
-0.11130300909280777,3.9052371978759766,-2.8778188228607178,0.7297734618186951,0.02841329202055931,-0.6022723913192749,-0.3223218321800232,-2.0743353366851807,-2.71268367767334,-3.1832618713378906,-0.24314242601394653,0.2880327105522156,0.37877970933914185,0.5917016267776489
-0.04593033716082573,3.743788957595825,-2.734947919845581,-0.4582715630531311,0.856478750705719,0.23017258942127228,0.05875276401638985,-3.4754233360290527,-3.019742250442505,-10,2.7725887298583984,-0.1459668129682541,0.10426196455955505,-0.173770010471344
-0.05111892521381378,3.779595375061035,-2.581562042236328,-0.32608404755592346,0.2861666679382324,0.4603053629398346,0.7745300531387329,-1.8790353536605835,-2.5164988040924072,-3.048466920852661,0.01845249906182289,-0.6426543593406677,-0.6801590919494629,-0.7062068581581116
-0.0995100811123848,3.846061944961548,-2.75541090965271,-0.26888027787208557,0.8283253312110901,0.462418794631958,-0.16658136248588562,-10,-2.819591522216797,-2.1778547763824463,-0.14929629862308502,-0.39619559049606323,-0.27108120918273926,-0.006950825918465853
0.06520038098096848,3.8104796409606934,-2.6297032833099365,0.7969267964363098,0.5285352468490601,-0.292458176612854,0.005139696877449751,-1.6845208406448364,-2.6100573539733887,-3.3730061054229736,0.32702454924583435,0.16656528413295746,0.2941579520702362,0.49590474367141724
0.0005611984524875879,4.008850574493408,-2.49202823638916,0.8718968629837036,0.0008282574126496911,-0.3973701298236847,0.28616800904273987,-1.449215054512024,-2.836273431777954,-3.20862078666687,2.8042852878570557,-0.2643727660179138,-0.08447309583425522,-0.1259188950061798
-0.00598907470703125,3.760486602783203,-2.571244239807129,0.8473057746887207,-0.48730233311653137,-0.1914648860692978,0.08916595578193665,-10,-1.9772902727127075,-3.068676471710205,0.7108467817306519,-0.39619559049606323,-0.27108120918273926,-0.39619559049606323
-0.032778944820165634,3.8544106483459473,-2.5449347496032715,0.5756932497024536,-0.49006715416908264,-0.48177266120910645,0.44306495785713196,-6.697286605834961,-2.1357429027557373,-2.633434772491455,-0.8754687309265137,-0.41009721159935,0.24327795207500458,1.7724539041519165
0.018890244886279106,3.30600905418396,-1.8678339719772339,0.7062270641326904,-0.197880819439888,-0.4634815752506256,-0.4972638785839081,-1.9710757732391357,-2.8793699741363525,-3.6031012535095215,16.11809539794922,-1.3779934644699097,-1.5224270820617676,-1.5036568641662598
-0.199734166264534,3.750084400177002,-2.2412352561950684,0.9237065315246582,-0.055781491100788116,0.3783038258552551,-0.023256920278072357,-1.5187689065933228,-1.7193310260772705,-2.384575843811035,-1.7760272026062012,-0.4981379508972168,-0.17754681408405304,0.40119197964668274
-0.2749577760696411,3.6334750652313232,-2.0574910640716553,0.46175578236579895,0.8363629579544067,-0.23572391271591187,-0.17808084189891815,-1.5534112453460693,-2.258216619491577,-3.4666359424591064,-0.5639507174491882,-1.3523051738739014,-1.445929765701294,-1.3968652486801147
0.11523271352052689,3.5892181396484375,-2.0666632652282715,0.795772910118103,-0.2088889479637146,-0.43097206950187683,-0.37063997983932495,-1.7462931871414185,-2.1537861824035645,-3.565849781036377,0.418526291847229,-1.7724539041519165,-1.7724539041519165,-1.7690298557281494
-0.07630521804094315,3.9192583560943604,-2.0578081607818604,0.5275992751121521,0.5118897557258606,0.30283665657043457,0.6065458059310913,-1.6358397006988525,-2.181880474090576,-2.8816471099853516,1.3157665729522705,-1.0142420530319214,-0.8856295347213745,-0.7040508985519409
-0.2992480397224426,3.8857264518737793,-2.1970624923706055,0.6883761882781982,-0.4042154848575592,-0.6021230220794678,-0.013996580615639687,-1.5524966716766357,-1.9064087867736816,-2.7180423736572266,-0.04535925015807152,-0.3753308653831482,-0.31219303607940674,-0.1624441146850586
0.09383577108383179,3.706515312194824,-2.364109992980957,0.5889531970024109,-0.6670114994049072,-0.4425010681152344,-0.11145675182342529,-1.5968787670135498,-2.6903493404388428,-3.214736223220825,-0.9099986553192139,-0.9461719989776611,-1.0231359004974365,-0.869050920009613
-0.019140467047691345,3.8043179512023926,-2.5215485095977783,0.7327568531036377,-0.5287748575210571,0.4278583526611328,-0.02004506066441536,-10,-2.085705280303955,-3.4754440784454346,3.9120230674743652,-0.6742275953292847,-0.6047195792198181,-0.6603260040283203
-0.005226707085967064,3.6652421951293945,-2.4222373962402344,0.16362237930297852,0.6115081906318665,0.726061224937439,0.26855266094207764,-2.2295138835906982,-2.5689406394958496,-3.4859423637390137,-0.6731021404266357,-0.4443044662475586,-0.3418223261833191,-0.2535121738910675
-0.12629994750022888,3.881544351577759,-2.4893925189971924,-0.6048078536987305,0.7373353242874146,-0.3006758987903595,-0.01175055280327797,-10,-1.6937434673309326,-3.3940906524658203,-0.10204925388097763,-0.13206522166728973,-0.020852426066994667,0.10426196455955505
-0.1757626086473465,3.9661002159118652,-2.9371540546417236,0.30063241720199585,0.8537420630455017,0.31536224484443665,-0.28511637449264526,-2.0533711910247803,-2.5585665702819824,-3.51226806640625,0.057237543165683746,-0.4461175203323364,-0.32454898953437805,-0.4372473359107971
-0.11039748042821884,4.251710414886475,-2.6144347190856934,0.022620346397161484,0.5606158971786499,0.8247710466384888,-0.07036253809928894,-1.811105489730835,-2.4529550075531006,-3.255159616470337,-0.9439098238945007,-0.8450247049331665,-0.8349509835243225,-0.8574011921882629
-0.032778944820165634,4.269763946533203,-2.587322235107422,0.72948157787323,-0.6836056709289551,0.02004506066441536,-0.01175055280327797,-2.266719341278076,-2.652799129486084,-10,-0.7286538481712341,0.1181635633111,0.15986835956573486,0.3266875445842743
-0.01632503978908062,4.383829593658447,-2.5045244693756104,0.23905153572559357,0.6004644632339478,0.7191280722618103,0.2552480399608612,-1.7294700145721436,-2.2009081840515137,-3.032989740371704,-1.7382683753967285,0.5806354284286499,0.7158084511756897,0.8714098930358887
-0.07272020727396011,4.2050604820251465,-2.4528515338897705,0.7795559763908386,-0.5439814925193787,0.2702627182006836,0.1527571827173233,-2.4082064628601074,-2.0273280143737793,-10,-1.3143208026885986,-1.7724539041519165,-1.230291485786438,-0.10426201671361923
0.07735511660575867,4.119060039520264,-2.191568374633789,0.6416662335395813,0.43733659386634827,0.446773886680603,0.44429072737693787,-1.875252366065979,-2.2863802909851074,-2.6298372745513916,-0.10771961510181427,-1.7724539041519165,-1.7724539041519165,-1.7724539041519165
-0.03769926354289055,4.2234368324279785,-2.4637935161590576,0.607177197933197,0.7585620284080505,0.09747763723134995,-0.2154475599527359,-1.8219069242477417,-2.399470567703247,-3.145664691925049,1.069230079650879,-0.4056185185909271,-0.3245620131492615,-0.18865756690502167
-0.39273738861083984,4.726861000061035,-2.6501729488372803,0.8037589192390442,-0.4347704350948334,0.3103528320789337,-0.261968195438385,-10,-3.0531005859375,-2.112771987915039,-1.6236225366592407,1.7724539041519165,1.0495706796646118,0.632522702217102
-0.4339401423931122,2.796717643737793,-1.7805280685424805,0.8273677229881287,-0.002141629345715046,-0.44592323899269104,0.34148284792900085,-1.9582479000091553,-2.4764068126678467,-2.9237186908721924,0.9975658655166626,-1.1259900331497192,-1.111571192741394,-1.0634516477584839
0.0882062166929245,2.714656114578247,-1.7622244358062744,0.8882863521575928,0.44771808385849,-0.07132402062416077,0.07354389131069183,-1.9752357006072998,-2.4558916091918945,-4.121456146240234,-0.7857664227485657,-1.2397210597991943,-1.3283154964447021,-1.2510533332824707
-0.20589196681976318,2.93207049369812,-1.8754777908325195,0.45151978731155396,0.8503096103668213,0.09824531525373459,-0.2518954277038574,-1.8463151454925537,-2.5346219539642334,-3.4683706760406494,-0.6361865401268005,-1.4449032545089722,-1.457452654838562,-1.61189866065979
-0.19303108751773834,2.75445556640625,-1.822884440422058,-0.5246276259422302,0.8123534917831421,0.15966928005218506,0.19837696850299835,-2.246506929397583,-2.5694029331207275,-10,-1.6817585229873657,-0.5491132140159607,-0.563014805316925,-0.2849828004837036
-0.24612374603748322,2.8588156700134277,-1.8828116655349731,-0.5730122327804565,0.7683331370353699,-0.11266706138849258,0.261968195438385,-2.5133111476898193,-2.0273280143737793,-10,-0.40546509623527527,-0.7576372027397156,-0.7854403853416443,-0.5769163966178894
0.018711848184466362,2.988023519515991,-1.5982190370559692,0.22848089039325714,0.8791659474372864,0.28419843316078186,0.30674898624420166,-1.9566396474838257,-2.6884801387786865,-3.1097218990325928,0.9862146973609924,-0.8845798373222351,-0.9467145204544067,-0.8060472011566162
-0.5868473052978516,3.0651261806488037,-1.6195687055587769,0.6547483801841736,0.5158554911613464,0.5185707211494446,0.19047841429710388,-1.8241618871688843,-2.9576256275177,-3.5512936115264893,0.07340648025274277,-1.1730083227157593,-1.1187673807144165,-1.1088502407073975
-0.16624121367931366,2.9464781284332275,-1.9646636247634888,0.3407660126686096,-0.3172649145126343,0.8196114897727966,0.33385393023490906,-3.4754233360290527,-10,-2.6700439453125,1.4615178108215332,-1.3832091093063354,-1.2580947875976562,-1.2580947875976562
-0.07272020727396011,2.9256060123443604,-1.8301926851272583,0.6917696595191956,-0.6200144290924072,-0.24537917971611023,0.27717480063438416,-3.4188284873962402,-2.327554225921631,-10,-0.2443457543849945,-0.020852426066994667,-0.006950825918465853,0.36839234828948975
-0.02407468482851982,3.0216023921966553,-1.8196344375610352,0.4054860770702362,0.3069377839565277,0.7969924807548523,0.32584235072135925,-2.003472089767456,-2.518986463546753,-4.749288558959961,-0.4285544157028198,-0.9250322580337524,-0.9366452097892761,-0.8332682251930237
-0.15308982133865356,3.1656341552734375,-1.9149677753448486,-0.6545748710632324,0.7088741660118103,-0.02004506066441536,0.261968195438385,-10,-2.2274787425994873,-3.5323917865753174,-0.7286538481712341,-0.7437355518341064,-0.6603260040283203,-0.4657036066055298
0.005838989745825529,3.133237361907959,-1.629747748374939,0.7857775688171387,-0.05623450130224228,-0.43310150504112244,-0.4379662275314331,-2.018620491027832,-2.6383044719696045,-3.421844720840454,16.11809539794922,-1.7724539041519165,-1.7724539041519165,-1.7724539041519165
-0.4773420989513397,3.0922553539276123,-1.535527229309082,-0.4621887803077698,0.696474015712738,0.5438658595085144,0.07426555454730988,-1.8333591222763062,-2.136707067489624,-2.5439674854278564,-1.502906084060669,0.527948260307312,0.6057694554328918,0.4856278598308563
-0.7706620693206787,2.779585123062134,-1.2967013120651245,0.612225353717804,-0.4294108748435974,-0.18186263740062714,-0.6385235786437988,-2.479663848876953,-3.029120683670044,-3.5642457008361816,2.722923755645752,-1.2535688877105713,-1.2270878553390503,-1.2966519594192505
-0.8450429439544678,3.0020241737365723,-1.1595712900161743,0.7131559252738953,-0.17086009681224823,-0.641952633857727,0.22385752201080322,-1.6955784559249878,-2.1155145168304443,-3.4888880252838135,-1.203964352607727,-0.5320751070976257,-0.3703371286392212,-0.45663419365882874
-0.8311170935630798,2.810810089111328,-1.3800075054168701,0.8492500185966492,-0.5052737593650818,-0.12925608456134796,-0.08225386589765549,-10,-2.7111763954162598,-3.1663005352020264,0.26028311252593994,-0.9105547666549683,-0.7715387940406799,-0.9661611318588257
-0.42686307430267334,3.1097230911254883,-1.2453172206878662,0.5971986651420593,0.5119693875312805,0.5753446221351624,0.2240976095199585,-1.5206830501556396,-1.7907954454421997,-3.380232572555542,-0.5834254622459412,-0.5502835512161255,-0.4662338197231293,-0.3852381706237793
-0.7249318361282349,2.787850856781006,-1.2002257108688354,0.6887879371643066,-0.5882188081741333,0.11266706138849258,-0.40850451588630676,-3.067131996154785,-2.3942711353302,-10,0.08632808178663254,-0.563014805316925,-0.6603260040283203,-0.5769163966178894
-0.06722196936607361,2.6451773643493652,-1.2434805631637573,0.7691203355789185,0.1259944885969162,-0.6264834403991699,-0.009891537018120289,-2.0133936405181885,-2.3508822917938232,-3.3276822566986084,-1.0615977048873901,-0.5530502200126648,-0.5032787322998047,-0.47112366557121277
-0.07905784249305725,2.8903369903564453,-1.4178540706634521,0.9128084182739258,-0.29782676696777344,0.15935729444026947,0.22953267395496368,-1.792565107345581,-1.9902509450912476,-2.9745185375213623,1.359951376914978,-1.2980070114135742,-1.3488315343856812,-1.3314372301101685
-0.4195272624492645,2.7857635021209717,-1.514478325843811,0.7399148941040039,-0.4347704350948334,0.1527571827173233,-0.49006715416908264,-2.6345858573913574,-2.327554225921631,-10,-1.2227606773376465,-0.6047195792198181,-0.7437355518341064,-0.5908179879188538
0.0009613863658159971,2.7484593391418457,-1.275343894958496,-0.4933011531829834,0.57106614112854,0.07281779497861862,0.6521004438400269,-1.9058023691177368,-3.122443199157715,-3.4655776023864746,16.11809539794922,-1.6459071636199951,-1.6963359117507935,-1.686529517173767
0.06550057232379913,2.8355116844177246,-1.1235328912734985,-0.03412555903196335,0.8672729134559631,0.4934290945529938,0.056576333940029144,-1.6174414157867432,-2.4755091667175293,-2.725691318511963,-0.6105517148971558,-1.749922513961792,-1.7724539041519165,-1.7724539041519165
-0.7893428802490234,3.28056001663208,-1.275545597076416,-0.25710994005203247,0.5079860091209412,0.8201918005943298,-0.05594783276319504,-1.3258740901947021,-2.202099323272705,-2.6622674465179443,-0.36268582940101624,-0.7535260915756226,-0.6860920786857605,-0.7440703511238098
-0.8545457124710083,3.0124380588531494,-0.9870871305465698,0.5766691565513611,-0.5575007796287537,-0.09356918185949326,-0.5898222923278809,-2.1429293155670166,-2.8045876026153564,-3.1945042610168457,16.11809539794922,-1.1010522842407227,-1.0869331359863281,-1.0861793756484985
-0.03853432089090347,3.2687828540802,-1.4126192331314087,0.8083441853523254,0.2659461498260498,0.320700079202652,0.41593727469444275,-1.5440673828125,-1.770966649055481,-2.686316967010498,0.12385530769824982,-1.6542543172836304,-1.6542543172836304,-1.6790837049484253
-0.21209177374839783,3.060072898864746,-1.1709226369857788,0.9481363892555237,0.29499638080596924,0.10004069656133652,0.0632963627576828,-1.8160209655761719,-2.229491949081421,-2.61075758934021,0.9271724820137024,-0.80640709400177,-0.6530299782752991,-0.4245505630970001
-0.264972060918808,3.328704595565796,-1.1816788911819458,0.6693575978279114,0.7279350757598877,0.10565024614334106,-0.10444595664739609,-1.424373745918274,-1.8386778831481934,-2.789346694946289,-0.3292796313762665,-0.1032911017537117,0.4636372923851013,1.453437328338623
-0.579292356967926,3.553853750228882,-1.6854902505874634,0.7181122303009033,-0.6393682956695557,-0.24676160514354706,0.12096156924962997,-10,-3.528458833694458,-2.7636005878448486,1.0317493677139282,-0.5074083805084229,-0.5074083805084229,-0.41009721159935
-0.2623409330844879,3.5865869522094727,-1.705235481262207,0.4002525210380554,0.8928067684173584,-0.0007914583547972143,-0.2066235989332199,-1.4104037284851074,-2.2884409427642822,-2.794304132461548,-0.05692881718277931,-0.0046540373004972935,0.19249123334884644,0.1309099793434143
0.03798817843198776,3.464515447616577,-1.645093560218811,0.7476921677589417,0.615325927734375,0.047222550958395004,-0.24515382945537567,-1.7000280618667603,-2.0433201789855957,-2.476464033126831,-0.8294067978858948,-1.067698359489441,-1.005820631980896,-0.8405247926712036
-0.36643463373184204,3.7270915508270264,-1.9851264953613281,-0.32555943727493286,0.567482590675354,0.6933508515357971,0.30205830931663513,-2.266719341278076,-10,-2.112771987915039,-0.7286538481712341,-0.39619559049606323,-0.13206522166728973,0.2710811495780945
-0.8354637622833252,3.508667230606079,-1.1924623250961304,0.45436859130859375,0.4936720132827759,0.46534207463264465,0.5773161053657532,-1.9387534856796265,-2.498997211456299,-3.1082847118377686,3.4378435611724854,-0.0683441013097763,0.229945108294487,0.04204408824443817
-0.67183917760849,3.26790714263916,-1.169531226158142,0.6413670778274536,-0.5619528889656067,0.2481440156698227,0.45965397357940674,-10,-2.4276294708251953,-2.430050849914551,-0.5890069007873535,-0.7020307779312134,-0.7993419766426086,-0.6464243531227112
-0.05298811197280884,3.686134099960327,-1.3999323844909668,0.7813026905059814,0.16315938532352448,0.4102572500705719,0.44117361307144165,-1.3198559284210205,-1.7524267435073853,-2.2219200134277344,0.6338560581207275,-0.5602478981018066,-0.47375887632369995,-0.5188334584236145
-0.09146252274513245,3.9107298851013184,-1.2980268001556396,0.3696768581867218,0.4363895654678345,0.7263562083244324,0.3811952769756317,-1.794722080230713,-2.2468345165252686,-2.4395010471343994,1.0238794088363647,-0.10129772871732712,0.028519684448838234,0.17865267395973206
-0.4538167119026184,2.8233091831207275,-0.7763195633888245,0.8861242532730103,0.3110251724720001,-0.3417625427246094,-0.03529183194041252,-1.5887582302093506,-2.4873740673065186,-2.9018330574035645,-1.5949490070343018,-0.07581936568021774,0.08898396044969559,0.026409747079014778
0.037854377180337906,2.683424472808838,-0.6768777966499329,-0.4094001054763794,-0.021016400307416916,0.7759567499160767,0.4794173836708069,-2.1731390953063965,-3.005711555480957,-3.598267078399658,2.2686870098114014,-0.5405045747756958,-0.43543657660484314,-0.5936934947967529
-0.2597622275352478,2.6751418113708496,-0.6024147868156433,-0.29929348826408386,0.9381126761436462,0.09746046364307404,-0.1444626748561859,-10,-2.069025993347168,-2.930375337600708,-0.65805584192276,0.3266875445842743,0.3266875445842743,0.7576371431350708
0.09194609522819519,2.762356758117676,-0.31269562244415283,0.8084636330604553,-0.3695616126060486,-0.43937522172927856,-0.12946096062660217,-1.969516396522522,-2.563646078109741,-3.628812551498413,0.5943530797958374,-0.49398261308670044,-0.31245046854019165,-0.5564242005348206
-0.6811438202857971,3.219468116760254,-0.9514493942260742,0.4150850772857666,0.7665389180183411,0.4515817165374756,0.19025346636772156,-1.803406000137329,-2.4959170818328857,-3.4550294876098633,3.4743149280548096,-0.9480190873146057,-0.8019744157791138,-0.7622036933898926
-0.20618247985839844,2.933954954147339,-0.9429770112037659,-0.521862804889679,0.7563124299049377,0.29376381635665894,-0.26335060596466064,-10,-2.2441580295562744,-2.999525785446167,-0.7286538481712341,-0.9800627827644348,-0.9800627827644348,-0.7715387940406799
0.09780814498662949,2.9852654933929443,-0.891804039478302,-0.3302956521511078,0.43310409784317017,0.6534112691879272,0.5257179141044617,-1.6063028573989868,-2.057110548019409,-3.073056697845459,0.5723479986190796,-0.4521491229534149,-0.3366243243217468,-0.23572991788387299
-0.13022172451019287,3.168968677520752,-0.8231831789016724,0.8636006712913513,0.19492071866989136,-0.3798132836818695,0.26821938157081604,-2.0355794429779053,-2.2624173164367676,-2.707005023956299,16.11809539794922,-0.005129747558385134,0.07287219911813736,0.15867726504802704
0.16265572607517242,3.169416666030884,-0.8834115266799927,0.5514096021652222,0.7460081577301025,0.1912774294614792,-0.3206746280193329,-1.3500638008117676,-1.4854058027267456,-2.6642630100250244,-0.47542130947113037,0.3876935839653015,1.1626821756362915,1.7724539041519165
-0.16286584734916687,2.86861515045166,-0.271528959274292,0.47044146060943604,0.8106662034988403,-0.09921529144048691,-0.334157794713974,-1.6746673583984375,-1.7913638353347778,-1.9506642818450928,0.8470693230628967,0.26607051491737366,0.4098584055900574,0.45544329285621643
-0.34070250391960144,3.0895798206329346,-0.15137708187103271,0.26837635040283203,0.6702094078063965,0.38998618721961975,0.5715804696083069,-1.211875081062317,-2.440692663192749,-2.779299736022949,1.0611648559570312,-0.5893872976303101,-0.45098215341567993,-0.4949866235256195
-0.00598907470703125,2.823333263397217,-0.2676991820335388,-0.11266706138849258,0.9794211387634277,0.15966928005218506,0.05045825615525246,-2.024170160293579,-10,-2.7269914150238037,-0.7286538481712341,1.3554059267044067,1.6056346893310547,1.5083234310150146
-0.027326777577400208,2.941573143005371,-0.07432100921869278,0.6425053477287292,-0.3581344485282898,-0.6595228910446167,0.15477757155895233,-1.5269521474838257,-2.295468807220459,-2.803335189819336,2.787813663482666,-0.9031816720962524,-0.788978099822998,-0.8139704465866089
0.0052000111900269985,2.5975990295410156,-0.022661197930574417,0.7920277714729309,-0.0900450199842453,-0.4237343966960907,-0.4301546812057495,-1.6427969932556152,-2.87605881690979,-3.1777493953704834,-0.15820692479610443,-0.4856673777103424,-0.38562825322151184,-0.45147162675857544
-0.6092228889465332,3.1410775184631348,-0.10935182869434357,0.5932571291923523,0.12067821621894836,-0.6957064867019653,0.38662025332450867,-2.0976204872131348,-2.5284643173217773,-2.9322421550750732,2.4465878009796143,-0.29192107915878296,-0.11028315871953964,-0.2549334764480591
-0.5125612020492554,2.9673500061035156,-0.291085422039032,-0.38500338792800903,0.90804523229599,-0.15137477219104767,-0.0656648501753807,-2.3313992023468018,-2.0273280143737793,-10,0.4712783396244049,-0.45180198550224304,-0.3405891954898834,-0.29888439178466797
0.04333321377635002,3.152554988861084,-0.438184529542923,-0.3966832756996155,0.6888349056243896,0.1992591917514801,0.5731008648872375,-1.5574686527252197,-2.0739047527313232,-2.8917362689971924,-0.3544885218143463,0.0803973451256752,0.20314757525920868,0.2187080979347229
-0.09929881989955902,3.3336029052734375,-0.022460078820586205,-0.5329221487045288,0.8125816583633423,0.12787365913391113,0.19837696850299835,-1.6964768171310425,-2.0872085094451904,-10,1.8718022108078003,-0.006950825918465853,0.21547475457191467,0.02085237205028534
-0.21951279044151306,3.452392578125,-0.01816055178642273,-0.26888027787208557,0.8545711040496826,-0.42509353160858154,-0.12925608456134796,-2.1138041019439697,-2.129796266555786,-3.3005340099334717,-2.053239107131958,1.7724539041519165,1.7724539041519165,1.7724539041519165
0.10453401505947113,4.235576152801514,-1.8943896293640137,-0.48463255167007446,0.7158542275428772,0.420158714056015,0.27595409750938416,-1.543878197669983,-2.3559458255767822,-3.1602299213409424,1.2572474479675293,0.16523022949695587,0.445791631937027,0.2129317820072174
-0.03212172910571098,4.109588623046875,-1.6652156114578247,-0.39060282707214355,0.6950349807739258,0.44558829069137573,0.4071938991546631,-1.9832719564437866,-2.371173620223999,-3.684098720550537,16.11809539794922,-0.25608572363853455,0.05559752136468887,0.015789365395903587
0.217234805226326,3.2353453636169434,-2.407029151916504,-0.4156543016433716,0.0019096730975434184,0.9042317867279053,-0.0979427620768547,-1.9580395221710205,-2.626037836074829,-2.968007802963257,-1.0636464357376099,-0.3265314996242523,-0.2872212529182434,-0.05136566609144211
0.17025190591812134,2.891310453414917,-2.0409088134765625,-0.24968920648097992,0.3949783742427826,0.6336919069290161,0.616507887840271,-1.7933495044708252,-2.522444248199463,-3.0770297050476074,-0.4658980965614319,-0.14213010668754578,0.030442675575613976,0.19398224353790283
0.3465781509876251,2.751781940460205,-2.0284907817840576,0.5308961272239685,0.6997677087783813,-0.47781601548194885,0.012896109372377396,-1.7303040027618408,-2.3024110794067383,-3.4459123611450195,-2.1287736892700195,1.0022865533828735,1.0081895589828491,1.2370178699493408
0.22774113714694977,3.7167916297912598,-2.713480234146118,0.8684346675872803,0.46482619643211365,-0.16285714507102966,-0.05688090994954109,-1.7509901523590088,-2.3007113933563232,-3.2534635066986084,-1.080515742301941,0.4058407247066498,0.7277637720108032,1.3599803447723389
0.20854641497135162,3.6704983711242676,-2.6638028621673584,-0.15137477219104767,0.9542527198791504,-0.2135835736989975,-0.1444626748561859,-2.1525251865386963,-10,-2.7432620525360107,0.007843177765607834,-0.5769163966178894,-0.6464243531227112,-0.1459668129682541
0.246897354722023,3.3499107360839844,-2.2172396183013916,-0.08163083344697952,0.4250543713569641,0.38611239194869995,0.8146056532859802,-1.530349612236023,-2.641357183456421,-4.089735984802246,-0.9380429983139038,-1.493819236755371,-1.5776546001434326,-1.4970123767852783
0.4109688103199005,3.4439733028411865,-2.3825645446777344,0.9062424302101135,0.29084816575050354,0.008180767297744751,-0.30670037865638733,-1.6711491346359253,-2.411102533340454,-3.375892400741577,-0.7741174101829529,-0.5727401375770569,-0.4957888722419739,-0.41115614771842957
0.4323871433734894,3.5932044982910156,-2.1215994358062744,0.8942688703536987,-0.2719785273075104,0.3049669563770294,0.18249936401844025,-1.6547927856445312,-1.934504747390747,-2.023336172103882,-0.8223327994346619,0.06523987650871277,0.22467300295829773,0.5212000608444214
0.5965428352355957,3.6605262756347656,-1.8853517770767212,0.9723374247550964,0.07864980399608612,0.19598080217838287,0.09982802718877792,-1.758818507194519,-1.8610801696777344,-2.7494025230407715,0.9060702919960022,-0.7066602110862732,-0.5858009457588196,-0.6841927170753479
0.38236933946609497,3.5594980716705322,-2.0762007236480713,0.8728278279304504,-0.41126933693885803,0.261968195438385,-0.02004506066441536,-2.2471768856048584,-2.666400909423828,-10,-1.5676685571670532,0.5213099122047424,0.9939643144607544,1.7724539041519165
0.6142261624336243,3.9770166873931885,-2.3198230266571045,0.3818362355232239,0.5281099081039429,0.7446953654289246,0.14397867023944855,-1.1683933734893799,-2.5868337154388428,-2.9737584590911865,-0.6986487507820129,-0.26422253251075745,-0.08586522936820984,-0.2885492742061615
0.14112912118434906,3.693866729736328,-2.437361001968384,0.7519791126251221,-0.6283089518547058,-0.02004506066441536,0.19837696850299835,-10,-2.129796266555786,-2.552081346511841,-0.40546509623527527,-0.563014805316925,-0.39619559049606323,0.1181635633111
0.07452408969402313,3.6198666095733643,-2.1693572998046875,0.8521345257759094,-0.3573550283908844,-0.3103528320789337,0.22326049208641052,-3.589508056640625,-2.334217071533203,-10,5.537334442138672,-0.9939643740653992,-1.1607835292816162,-1.035669207572937
0.6848415732383728,3.6855311393737793,-2.436410665512085,0.387549489736557,0.8578116297721863,0.17551741003990173,0.2883716821670532,-2.6093406677246094,-2.8492965698242188,-3.5889596939086914,0.2709786593914032,-0.19598719477653503,0.01671711541712284,-0.4241000711917877
0.833347499370575,3.6512036323547363,-1.845064401626587,0.8164359331130981,0.2325705885887146,0.4430737793445587,0.2881474494934082,-1.6943575143814087,-2.6696856021881104,-3.2393441200256348,-0.06980395317077637,-0.16368110477924347,0.06923127174377441,-0.1207369863986969
0.4703240990638733,4.348649978637695,-2.27742862701416,0.7654563784599304,0.6238505244255066,-0.11747239530086517,0.10529609024524689,-1.426379919052124,-2.1827661991119385,-2.319601535797119,-1.3880770206451416,0.13560645282268524,0.2370118796825409,0.27795588970184326
0.22071249783039093,4.212335109710693,-2.1881608963012695,0.4507547914981842,0.18730580806732178,0.6715753078460693,0.5574255585670471,-1.4842842817306519,-2.007871389389038,-2.510350227355957,-0.39873138070106506,-0.5076650977134705,-0.39446842670440674,-0.3023911118507385
0.12813301384449005,4.225499629974365,-2.1578917503356934,-0.5882188081741333,0.7817298769950867,0.19008246064186096,0.08225386589765549,-2.5956666469573975,-2.027585744857788,-10,0.2125614434480667,-1.021767497062683,-0.5769163966178894,0.5491131544113159
0.19473806023597717,4.3364996910095215,-2.162191390991211,0.7706601619720459,-0.5052737593650818,0.11404947936534882,-0.3711792230606079,-10,-2.8026816844940186,-3.125623941421509,5.537334442138672,-0.563014805316925,-0.39619559049606323,-0.5213099718093872
0.26215535402297974,4.570184230804443,-2.3886330127716064,0.7559838891029358,-0.6075726747512817,-0.09746046364307404,0.22326049208641052,-2.1138041019439697,-3.296698808670044,-10,-0.9916401505470276,0.2710811495780945,-0.173770010471344,-0.1459668129682541
0.12231716513633728,2.8103132247924805,-1.658929467201233,0.5976270437240601,0.10540461540222168,-0.7471739649772644,0.27104029059410095,-1.69991135597229,-2.9050590991973877,-3.004701614379883,-0.18502649664878845,-1.467368483543396,-1.7059870958328247,-1.618492603302002
0.27515146136283875,2.8058648109436035,-1.8225287199020386,0.7434861063957214,-0.6421331167221069,0.174875870347023,-0.0656648501753807,-2.328921318054199,-2.002033233642578,-10,-1.3143208026885986,-0.10426201671361923,0.10426196455955505,0.5769163370132446
0.6571319699287415,2.8703858852386475,-1.5511587858200073,0.8913313746452332,0.4237726330757141,0.12170374393463135,-0.10551442950963974,-1.9817465543746948,-2.1981582641601562,-2.683762788772583,0.17048336565494537,-0.7828652262687683,-0.5686842799186707,-0.7592189908027649
0.047719620168209076,3.0823917388916016,-1.9027866125106812,-0.5121858716011047,0.6830512285232544,-0.261968195438385,0.4499770402908325,-5.1082353591918945,-2.334217071533203,-10,5.537334442138672,-0.8966531753540039,-0.7715387940406799,-0.6603260040283203
0.7136860489845276,2.784414052963257,-1.3008575439453125,0.6577131152153015,-0.3860301673412323,-0.49783721566200256,-0.41297972202301025,-1.502332091331482,-1.92501962184906,-2.2457077503204346,-1.4064234495162964,1.0006608963012695,1.090741753578186,1.3874399662017822
0.02091515250504017,3.0862865447998047,-1.6448149681091309,0.8380414843559265,-0.49144959449768066,0.2315549999475479,0.05045825615525246,-4.166021823883057,-2.0872085094451904,-10,1.8718022108078003,-1.7724539041519165,-1.7724539041519165,-1.7724539041519165
0.1679335981607437,2.665653944015503,-1.2836546897888184,-0.4831550717353821,0.6706533432006836,-0.560570478439331,0.05045825615525246,-2.668806552886963,-8.058001518249512,-3.4469704627990723,1.7117167711257935,-1.1468819379806519,-0.9661611318588257,-1.0495707988739014
0.02091515250504017,2.609180212020874,-1.1947977542877197,-0.43338802456855774,0.8791871070861816,0.1914648860692978,-0.05045825615525246,-4.01113748550415,-10,-2.133110284805298,5.537334442138672,-1.7724539041519165,-1.7724539041519165,-1.7724539041519165
0.7185593247413635,2.8546688556671143,-1.3588577508926392,0.6171449422836304,0.6980610489845276,-0.3465963900089264,0.10823018848896027,-1.6834555864334106,-2.560288667678833,-4.103344440460205,-0.5122450590133667,-0.30718207359313965,-0.01262537483125925,0.08214278519153595
0.9089125990867615,2.8912391662597656,-0.9207288026809692,0.7104787826538086,0.1654874086380005,-0.652651846408844,-0.20464454591274261,-1.8443681001663208,-2.7345333099365234,-3.040498733520508,0.8586382269859314,0.2098061740398407,0.5117862224578857,0.1519903838634491
0.7971556782722473,3.26149845123291,-1.0929127931594849,0.7329864501953125,0.37449225783348083,0.12455400824546814,0.5540511608123779,-1.5072095394134521,-2.2447986602783203,-3.301008701324463,-0.5991706252098083,-0.257123202085495,-0.0363355316221714,-0.19237424433231354
0.5422164797782898,3.6527838706970215,-1.7500183582305908,-0.4667973816394806,-0.2544859051704407,0.8324927687644958,-0.15586183965206146,-1.6346795558929443,-2.365105152130127,-3.067373752593994,-0.34111982583999634,0.577469527721405,1.0996013879776,1.650580883026123
0.7671129703521729,3.504032850265503,-1.758021354675293,0.6891842484474182,-0.11675872653722763,-0.6890779733657837,-0.1912170946598053,-1.8408007621765137,-2.259335517883301,-3.514596462249756,-0.875481367111206,-0.6867737174034119,-0.5104248523712158,-0.6667901873588562
0.6748899817466736,3.3895673751831055,-1.4170665740966797,0.8767792582511902,0.4391178786754608,0.12194909155368805,-0.1534993201494217,-1.4139282703399658,-1.9560543298721313,-2.7177319526672363,-0.6303739547729492,-0.6904415488243103,-0.5054633021354675,-0.3750927746295929
0.8345365524291992,3.397138833999634,-1.2868006229400635,-0.2425648719072342,0.6144446730613708,0.5489546656608582,0.512121856212616,-1.5353569984436035,-2.365602731704712,-3.076970338821411,0.1324245035648346,0.4194474220275879,0.6164826154708862,0.8920297622680664
0.5814208388328552,3.7073028087615967,-1.5999784469604492,0.6018863916397095,0.7724246382713318,-0.18857607245445251,-0.07437749207019806,-1.510225534439087,-1.910037636756897,-2.6291065216064453,-0.19748777151107788,0.2568320333957672,0.5234087705612183,0.5185746550559998
0.3425687551498413,3.725024700164795,-1.7738007307052612,0.9457817673683167,-0.10575497150421143,0.2702627182006836,0.14584510028362274,-2.1525251865386963,-10,-2.804277181625366,5.537334442138672,-1.3832091093063354,-1.285897970199585,-0.7576372027397156
0.09758186340332031,3.7580432891845703,-1.608916163444519,0.5825592279434204,-0.3319248855113983,-0.5331831574440002,-0.5159130692481995,-1.7656363248825073,-2.0067899227142334,-2.9020352363586426,1.2919576168060303,-0.022028576582670212,0.8470069766044617,1.7724539041519165
0.060715723782777786,3.3686554431915283,-1.5072300434112549,0.7502413392066956,-0.6255441308021545,0.05045825615525246,0.20805390179157257,-10,-3.535189628601074,-2.267343759536743,0.6406570076942444,-0.8827515840530396,-0.7854403853416443,-0.7020307779312134
0.4635949730873108,3.448497772216797,-1.297986388206482,0.781282365322113,-0.617249608039856,0.02004506066441536,0.09054837375879288,-2.044966697692871,-2.947479724884033,-10,-0.2443457543849945,0.0625571683049202,0.2710811495780945,1.7724539041519165
0.6382301449775696,3.4504451751708984,-1.385410189628601,-0.4181814193725586,0.9019635915756226,-0.02004506066441536,0.10575497150421143,-5.3319573402404785,-2.743058919906616,-3.34527850151062,2.3599960803985596,-1.7724539041519165,-1.7724539041519165,-1.7724539041519165
0.28182750940322876,3.6276230812072754,-1.281933307647705,0.5648266077041626,0.8222704529762268,-0.06947469711303711,-0.00392563221976161,-1.3643932342529297,-2.2478408813476562,-3.463771343231201,1.7361007928848267,-0.2883395254611969,0.2812401354312897,1.0147250890731812
0.8136775493621826,3.6023402214050293,-1.4599353075027466,-0.38638582825660706,0.8701612949371338,-0.1914648860692978,-0.23846709728240967,-2.328921318054199,-8.058001518249512,-2.840886354446411,5.537334442138672,-0.29888439178466797,-0.1459668129682541,-0.2849828004837036
0.02202160470187664,2.6953437328338623,-0.563715398311615,-0.43338802456855774,0.9009778499603271,-0.02004506066441536,0.0034560449421405792,-2.0651497840881348,-2.428762674331665,-10,1.2679531574249268,-0.173770010471344,-0.006950825918465853,-0.1459668129682541
0.24762162566184998,2.9849939346313477,-0.9365237951278687,0.8488268256187439,-0.5052737593650818,-0.11404947936534882,-0.10575497150421143,-10,-2.0485830307006836,-3.3484134674072266,5.537334442138672,-0.6603260040283203,-0.4657036066055298,-0.35449081659317017
0.22076448798179626,2.6144120693206787,-0.5037662982940674,0.7870144844055176,-0.36426714062690735,0.2702627182006836,-0.4181814193725586,-2.784977912902832,-10,-2.879932403564453,2.0149030685424805,-0.2849828004837036,-0.2015732079744339,-0.173770010471344
0.24762162566184998,2.7975733280181885,-0.054148104041814804,0.8035615682601929,-0.37256163358688354,-0.11404947936534882,0.4499770402908325,-2.7431275844573975,-2.9140985012054443,-10,2.463853359222412,-0.29888439178466797,-0.09036041796207428,-0.2849828004837036
0.4086117446422577,2.6814262866973877,0.3535597622394562,0.5367735028266907,0.31394967436790466,-0.7807744741439819,0.0608358234167099,-1.4986921548843384,-1.6679235696792603,-2.114990711212158,16.11809539794922,0.04370250180363655,0.20171041786670685,0.08433464169502258
0.5702144503593445,2.6318490505218506,0.2364860624074936,0.632124662399292,-0.03097366914153099,-0.7297789454460144,-0.25861504673957825,-1.461969256401062,-2.376988649368286,-3.0639586448669434,-0.001073031802661717,-0.6745240688323975,-0.457964688539505,-0.6596341133117676
0.35174670815467834,3.1318509578704834,-0.04560604691505432,0.9197492003440857,0.15704220533370972,-0.12310154736042023,-0.3380017876625061,-1.675559163093567,-2.318359613418579,-2.837139129638672,0.10878550261259079,-0.0353124663233757,0.13710345327854156,-0.14842592179775238
0.04619303718209267,4.0797014236450195,-1.790798306465149,-0.5716298222541809,0.6493918299674988,0.37670889496803284,0.3310891091823578,-2.3120675086975098,-2.0243163108825684,-10,2.092745542526245,-0.7715387940406799,-0.3405891954898834,1.0634722709655762
0.08647875487804413,4.0711822509765625,-1.730849266052246,-0.38638582825660706,0.7778674960136414,-0.49559682607650757,0.0034560449421405792,-2.964935064315796,-2.4125847816467285,-10,0.95225590467453,0.6464243531227112,0.5491131544113159,0.4935067296028137
-2.298187255859375,0.01816706731915474,0.4462420344352722,0.6753786206245422,-0.5235185027122498,-0.5055156350135803,-0.11935696750879288,-1.507888674736023,-2.912583351135254,-3.0377185344696045,-0.5485250353813171,-1.508293628692627,-1.5379250049591064,-1.3901654481887817
-2.52714467048645,0.022567829117178917,0.5524789690971375,0.9041174054145813,0.4239377975463867,-0.03195568174123764,-0.042746398597955704,-1.4202930927276611,-2.676452875137329,-3.6462326049804688,-0.16324707865715027,1.6942864656448364,1.7064458131790161,1.7325016260147095
-2.286776304244995,0.0749472975730896,0.28188368678092957,0.7924502491950989,0.4951210021972656,0.35266202688217163,0.05007291957736015,-1.6976888179779053,-2.62276554107666,-3.6346914768218994,0.16234201192855835,-0.083223856985569,-0.028934620320796967,0.32301947474479675
-2.223982334136963,0.15386538207530975,0.5686653256416321,0.9874987602233887,-0.11436054855585098,-0.10821279883384705,-0.007606881204992533,-1.5613969564437866,-2.5003650188446045,-2.6505684852600098,-0.28966403007507324,-0.4619584083557129,-0.4305589199066162,-0.4222177565097809
-3.1227540969848633,0.09730254858732224,0.8453766107559204,0.9144689440727234,0.10039693862199783,-0.10298362374305725,0.3782345652580261,-1.710170865058899,-2.560474157333374,-3.2339088916778564,-2.069814682006836,0.5762044191360474,0.5823520421981812,0.6683036088943481
-2.864994525909424,0.0490768626332283,0.9508146643638611,-0.2713051438331604,0.34839075803756714,0.7641424536705017,0.47021666169166565,-1.6025145053863525,-2.0311145782470703,-2.8222997188568115,-0.7724055647850037,-1.7216564416885376,-1.7326127290725708,-1.6400575637817383
-2.8726704120635986,0.059788141399621964,0.7635214328765869,-0.41083285212516785,0.05291477590799332,0.8750757575035095,0.2503173351287842,-2.1099653244018555,-2.4570093154907227,-3.3600027561187744,1.1673059463500977,-0.2480115294456482,-0.31131482124328613,-0.21102838218212128
-3.090721607208252,0.07145361602306366,0.8057466745376587,0.9252598285675049,-0.35597261786460876,0.05045825615525246,-0.12096156924962997,-2.981675148010254,-2.1780059337615967,-10,0.38915154337882996,0.1181635633111,0.02085237205028534,0.07645876705646515
-3.0665502548217773,0.15238529443740845,0.8956702947616577,-0.4969792664051056,0.6682983040809631,-0.40297484397888184,0.3794737160205841,-2.471099376678467,-10,-3.031872272491455,0.7827593684196472,0.18767155706882477,0.18767155706882477,0.36839234828948975
-2.951064348220825,0.13108748197555542,0.9649864435195923,0.49421441555023193,-0.5412166118621826,-0.02004506066441536,0.6800256371498108,-10,-2.0890276432037354,-3.445486068725586,1.6524039506912231,-0.563014805316925,-0.6047195792198181,-0.5074083805084229
-2.7684359550476074,0.07145361602306366,0.8057466745376587,0.695928692817688,-0.6089550852775574,0.30205830931663513,0.2315549999475479,-2.6887218952178955,-10,-3.1247243881225586,5.537334442138672,0.0069507728330791,-0.04865562170743942,0.10426196455955505
-2.831936836242676,0.22671198844909668,1.0324254035949707,0.9751969575881958,0.14484182000160217,0.06157087907195091,-0.15563026070594788,-1.827773094177246,-3.1907706260681152,-3.420952558517456,1.3855074644088745,-0.41190505027770996,-0.41458016633987427,-0.20615561306476593
-2.2615041732788086,0.13078142702579498,0.9424603581428528,0.45969584584236145,0.8643276691436768,-0.13160935044288635,0.15587295591831207,-2.223921060562134,-2.34799861907959,-3.127113103866577,1.3858989477157593,-0.3916351795196533,-0.3936839997768402,-0.31421390175819397
-3.2742955684661865,0.35829079151153564,1.0806400775909424,0.9110238552093506,-0.2929152250289917,0.18911771476268768,0.22016066312789917,-1.8288599252700806,-2.243454694747925,-3.668058156967163,-0.9653210043907166,-0.23982082307338715,-0.3061135411262512,-0.09782910346984863
-2.050232410430908,0.6147400736808777,0.7433617115020752,0.8807945251464844,0.38540470600128174,-0.11238577216863632,0.2510649859905243,-2.071697473526001,-2.84578537940979,-3.08205246925354,-0.6777912378311157,-1.282562494277954,-1.0818215608596802,-1.3245576620101929
-2.3218061923980713,0.05960993841290474,1.5331120491027832,0.9382951259613037,-0.13359755277633667,0.27112501859664917,0.1680629551410675,-1.0625858306884766,-1.5364782810211182,-1.6998862028121948,16.11809539794922,-1.7642433643341064,-1.765472173690796,-1.7582725286483765
-2.7442643642425537,0.5016693472862244,0.9518725872039795,-0.5591880679130554,0.7693448066711426,0.17625829577445984,0.2536737024784088,-10,-4.362016677856445,-2.2004239559173584,0.8944319486618042,-0.563014805316925,-0.563014805316925,-0.6603260040283203
-2.2329185009002686,0.9547332525253296,0.4940107464790344,0.9653306603431702,-0.003553392831236124,-0.23546862602233887,0.11259953677654266,-2.081207036972046,-2.6647632122039795,-3.1011228561401367,-0.33831748366355896,-0.788530707359314,-0.4738948345184326,-0.7719195485115051
-2.399627447128296,1.082170844078064,0.5467461943626404,-0.18525034189224243,0.5368268489837646,0.7371912002563477,0.36612609028816223,-2.0229389667510986,-2.586686134338379,-3.276703119277954,1.682469129562378,0.23370219767093658,0.5749918222427368,0.23334172368049622
-2.6041393280029297,1.3086540699005127,0.5650390982627869,0.7739426493644714,0.5474046468734741,-0.08206918090581894,-0.30761268734931946,-1.6358695030212402,-2.6669888496398926,-4.055454254150391,-1.4163272380828857,1.1047245264053345,1.120927095413208,1.2842705249786377
-2.8185248374938965,0.992244303226471,0.8235315680503845,0.14833848178386688,0.4496769905090332,0.8770851492881775,0.0806720033288002,-1.661449909210205,-2.4782848358154297,-3.451441764831543,-1.3951594829559326,-0.35923266410827637,-0.27093687653541565,-0.4896889328956604
-2.743528366088867,1.2668908834457397,0.9889604449272156,0.7684581279754639,0.11564045399427414,0.4930228292942047,0.39118778705596924,-1.518584966659546,-1.8963494300842285,-2.2211215496063232,0.6727291345596313,-1.025723934173584,-0.951143741607666,-0.9218568205833435
-2.3548357486724854,1.0000381469726562,0.5996716618537903,0.6904146671295166,-0.6739287376403809,0.2605857849121094,0.03525165840983391,-2.111185312271118,-10,-3.0867393016815186,-0.3243834376335144,-1.7724539041519165,-1.1607835292816162,-1.7724539041519165
-2.2428481578826904,0.9609906077384949,0.6940878033638,0.4242021143436432,0.2820711135864258,0.4651462137699127,0.7239664793014526,-2.224632740020752,-2.4994235038757324,-3.3577802181243896,1.3683726787567139,-1.2366561889648438,-1.1646827459335327,-1.234720230102539
-2.6211719512939453,1.2874964475631714,0.5294424295425415,0.2427281141281128,0.4557405710220337,0.8265882730484009,-0.2239094078540802,-1.8420604467391968,-2.89768385887146,-3.6421713829040527,0.18112540245056152,0.13296619057655334,0.18550938367843628,0.3144347369670868
-2.58495831489563,1.1301075220108032,0.9239974021911621,-0.3304796814918518,0.5192981958389282,0.37314921617507935,0.6941701769828796,-1.8020931482315063,-2.525395393371582,-3.1856765747070312,2.0827255249023438,-0.3349696695804596,-0.194025918841362,-0.24639958143234253
-2.1157569885253906,0.9676293134689331,0.8203907608985901,0.9160414934158325,-0.22550250589847565,0.2326931208372116,-0.23636944591999054,-1.5599427223205566,-2.0056569576263428,-2.9873785972595215,-0.8074155449867249,-0.9264678955078125,-0.815640926361084,-0.8431472182273865
-4.459744453430176,-0.014061166904866695,1.5928633213043213,0.744225025177002,-0.5296230912208557,-0.29011064767837524,-0.2854195535182953,-2.2716317176818848,-2.662980079650879,-3.7618818283081055,2.6872808933258057,0.644587516784668,0.6702296733856201,0.7518599033355713
-3.4843015670776367,0.22925975918769836,1.4087188243865967,0.7646967768669128,0.5677415132522583,0.24947971105575562,0.17512348294258118,-1.4879189729690552,-2.0605344772338867,-3.230421543121338,-1.4626635313034058,-1.121552586555481,-1.3465811014175415,-1.4733474254608154
-3.7564375400543213,0.32117345929145813,1.382653832435608,0.27440837025642395,0.8581520318984985,0.40666764974594116,0.15131621062755585,-1.4432463645935059,-2.5941810607910156,-3.5954525470733643,-0.2899181842803955,-0.030523793771862984,-0.19794917106628418,-0.16385678946971893
-3.6214492321014404,0.020106371492147446,1.4599297046661377,-0.26922258734703064,0.3489620089530945,0.6040669083595276,0.6639637351036072,-1.7616275548934937,-2.255735158920288,-2.7647480964660645,0.3653620183467865,-1.0683865547180176,-1.2065140008926392,-1.0219353437423706
-3.396127462387085,0.1133553683757782,1.5915601253509521,0.9800290465354919,0.1565503180027008,-0.06388316303491592,0.10466151684522629,-1.7596242427825928,-2.235539674758911,-3.241976261138916,16.11809539794922,-1.7636901140213013,-1.7724539041519165,-1.7585406303405762
-3.8826897144317627,0.15559923648834229,1.877927541732788,0.8753119111061096,0.44811466336250305,0.1770048588514328,0.04112933203577995,-1.4660909175872803,-2.0642831325531006,-2.633190155029297,16.11809539794922,-0.7610356211662292,-0.9271941781044006,-0.799875020980835
-3.005936861038208,0.455314964056015,1.3965622186660767,0.9153461456298828,0.35840389132499695,-0.0042028166353702545,0.18349505960941315,-1.10175359249115,-1.9524041414260864,-2.438506841659546,1.7974309921264648,0.06595592945814133,-0.06805635988712311,-0.018627749755978584
-3.5147335529327393,0.4892702102661133,1.3489755392074585,0.8469666242599487,0.38153573870658875,0.014419876970350742,0.3699595630168915,-1.9465930461883545,-2.7253196239471436,-3.4988508224487305,0.8794137835502625,0.47477564215660095,0.39102602005004883,0.49248644709587097
-3.3181705474853516,0.37729188799858093,1.4224836826324463,-0.15124230086803436,0.5144965052604675,0.8430063128471375,0.0419464074075222,-1.6190745830535889,-2.368252992630005,-2.401979684829712,-0.10983052849769592,-0.3032980263233185,-0.4574412703514099,-0.5670771598815918
-3.523465871810913,0.5055482983589172,1.3391884565353394,0.9521840214729309,0.1253911554813385,-0.0032787939999252558,0.2785890996456146,-2.6792969703674316,-2.976259231567383,-3.408498525619507,16.11809539794922,1.0591671466827393,1.1029108762741089,1.264727234840393
-3.23667573928833,0.5070818662643433,1.6894865036010742,-0.4391499161720276,0.7943761348724365,0.18352973461151123,0.3773999512195587,-1.686375379562378,-1.9601954221725464,-3.3091201782226562,16.11809539794922,-1.0785529613494873,-1.1635102033615112,-1.1311414241790771
-4.4494781494140625,0.01673545502126217,1.5920013189315796,0.5889874696731567,0.807373046875,-0.007675716653466225,0.034403108060359955,-2.013702630996704,-3.527177333831787,-3.9849443435668945,0.32649168372154236,1.6377207040786743,1.7724539041519165,1.7724539041519165
-4.4135966300964355,-0.012713642790913582,2.252469062805176,0.6323325634002686,-0.4314384162425995,-0.5193829536437988,-0.3798128366470337,-1.670318603515625,-2.1806209087371826,-3.812537670135498,-1.5634161233901978,0.49569663405418396,0.36031875014305115,0.43361568450927734
-4.101027488708496,0.08855798095464706,2.276049852371216,0.6988802552223206,-0.5330119729042053,-0.45235875248908997,-0.15111656486988068,-1.3046486377716064,-2.070845365524292,-2.8913400173187256,1.0926874876022339,-0.8873439431190491,-0.9825875163078308,-0.7771552801132202
-3.949066400527954,0.14743711054325104,1.8641716241836548,0.9504941701889038,0.2220657616853714,0.2081451714038849,-0.06263525038957596,-1.6227829456329346,-2.8526875972747803,-3.3502514362335205,1.6887918710708618,0.031871140003204346,-0.17602558434009552,-0.1807108074426651
-3.6656954288482666,0.393546462059021,1.7785803079605103,-0.24902543425559998,0.5926827192306519,0.7420704960823059,0.18985481560230255,-2.2563982009887695,-2.609771251678467,-4.193809509277344,1.6785115003585815,-0.5090959072113037,-0.5259614586830139,-0.2058369666337967
-3.7451064586639404,0.39127928018569946,1.9510189294815063,0.6809936761856079,-0.03408927470445633,-0.693871259689331,0.23157763481140137,-2.029315948486328,-2.635373830795288,-3.3698649406433105,1.6812111139297485,0.43095502257347107,0.19817578792572021,0.1757572591304779
-3.32006573677063,0.3844536542892456,1.896064043045044,0.8703760504722595,0.44786107540130615,-0.0723881870508194,-0.19137898087501526,-1.3715683221817017,-1.6950745582580566,-2.3739757537841797,1.8677053451538086,-1.2594380378723145,-1.2887341976165771,-1.1191037893295288
-3.4154467582702637,0.6745944023132324,1.738279938697815,0.6554518938064575,0.743403971195221,0.13150379061698914,-0.02097882516682148,-1.9635391235351562,-2.4058802127838135,-3.4373438358306885,-0.23037013411521912,-0.8909807205200195,-0.8985186219215393,-0.6076610684394836
-3.3979616165161133,0.5218477845191956,2.178863763809204,0.6313213109970093,-0.1739882230758667,-0.7402505278587341,-0.1522846668958664,-1.821190357208252,-2.715533971786499,-3.086972713470459,0.4653060734272003,-0.6137297749519348,-0.6031381487846375,-0.44123274087905884
-2.917386770248413,0.18061822652816772,1.3980381488800049,0.606267511844635,0.7131813764572144,0.3440306782722473,-0.07385754585266113,-1.3465864658355713,-2.1480863094329834,-2.784285068511963,0.8113271594047546,-1.7724539041519165,-1.7724539041519165,-1.7724539041519165
-2.780304193496704,0.30239182710647583,1.3753206729888916,-0.4133204221725464,0.19934387505054474,0.7718876004219055,0.44002023339271545,-1.7794222831726074,-2.036221504211426,-2.2713351249694824,1.7247741222381592,-0.8525757193565369,-1.137284278869629,-1.1585556268692017
-3.1175787448883057,0.4249972701072693,1.2310105562210083,-0.3615022897720337,0.9306145310401917,-0.05045825615525246,0.026957150548696518,-1.8224170207977295,-10,-3.2724435329437256,2.1756255626678467,-0.173770010471344,-0.45180198550224304,-0.5213099718093872
-3.20918869972229,0.6055940389633179,1.3129476308822632,0.8566683530807495,0.4562613070011139,-0.041550036519765854,0.23710447549819946,-2.3049428462982178,-2.73366379737854,-3.2855405807495117,16.11809539794922,-0.8649303913116455,-0.8995093107223511,-0.6248086094856262
-2.7286715507507324,0.46979281306266785,1.168946623802185,0.9763481616973877,0.011293110437691212,0.1520562320947647,-0.1532827913761139,-1.9352881908416748,-2.9277901649475098,-3.7869231700897217,2.0136094093322754,-0.44407781958580017,-0.56126469373703,-0.6090001463890076
-2.2343034744262695,0.47178545594215393,1.1522704362869263,0.22454681992530823,0.5376842617988586,0.796901285648346,0.1594448685646057,-2.2546699047088623,-2.390394449234009,-2.699598789215088,1.3013372421264648,0.05959208682179451,0.012476076371967793,0.17481476068496704
-2.2977633476257324,0.5328705906867981,1.2365504503250122,0.8767257332801819,0.47744446992874146,0.013141969218850136,0.05679859593510628,-1.4529591798782349,-2.3969953060150146,-3.1612534523010254,2.913137197494507,0.8521949052810669,0.8428601622581482,0.9088428020477295
-2.74383282661438,0.5993335247039795,1.291901707649231,0.7091417908668518,0.6740118861198425,0.12670034170150757,-0.16362446546554565,-1.51992666721344,-2.7919061183929443,-3.030780792236328,0.8488057255744934,0.8749194741249084,0.8627164363861084,0.9491084218025208
-2.935234308242798,0.6551041603088379,1.658679485321045,0.35745665431022644,0.4892055094242096,0.7954943776130676,-0.00956336036324501,-1.6889755725860596,-1.9476721286773682,-2.2878456115722656,2.332928419113159,-1.7016170024871826,-1.6826971769332886,-1.6342812776565552
-2.7308359146118164,0.5783414840698242,1.5794646739959717,-0.2522912621498108,0.9066066741943359,0.12096156924962997,-0.31588250398635864,-1.9312282800674438,-2.1780059337615967,-10,5.537334442138672,-1.4527171850204468,-1.4944219589233398,-1.1607835292816162
-3.2063405513763428,1.0146334171295166,1.316253900527954,0.39831671118736267,0.8484562039375305,0.2067849338054657,-0.2805456221103668,-2.1163418292999268,-2.4474472999572754,-2.9794816970825195,0.2702433168888092,-0.4592348635196686,-0.2809838652610779,-0.5555239319801331
-3.2338311672210693,1.274567723274231,1.3300532102584839,0.6128363609313965,-0.11598348617553711,-0.7813138961791992,0.02297995612025261,-1.6109927892684937,-2.9067184925079346,-3.142941951751709,-0.15651118755340576,-0.6418883800506592,-0.4796554744243622,-0.6952580213546753
-2.8463215827941895,0.9659616351127625,1.4127311706542969,0.678818941116333,-0.6227793097496033,-0.29376381635665894,-0.25505611300468445,-1.9061180353164673,-2.7118752002716064,-10,1.4360558986663818,-1.1607835292816162,-1.188586711883545,-1.1607835292816162
-3.0282657146453857,1.5754461288452148,1.564235806465149,0.6534323692321777,0.4145311117172241,0.45988184213638306,0.4355442523956299,-1.6285393238067627,-2.1430716514587402,-2.4404754638671875,16.11809539794922,-1.2045866250991821,-1.082318902015686,-1.1837217807769775
-3.197923183441162,1.293784737586975,1.2142159938812256,0.7731019854545593,0.499257892370224,-0.38682064414024353,0.05852021649479866,-1.7134335041046143,-3.2460012435913086,-3.6560351848602295,-0.08570961654186249,-0.7708563208580017,-0.7351394295692444,-0.6596435308456421
-2.1654508113861084,1.1511589288711548,1.6982141733169556,0.6249799132347107,-0.27447524666786194,-0.632068932056427,-0.3668137192726135,-1.2889702320098877,-1.7048218250274658,-2.701094150543213,16.11809539794922,-1.0524742603302002,-1.0116931200027466,-0.8874010443687439
-2.910778760910034,0.7444643974304199,1.798653483390808,-0.4278583526611328,0.873602569103241,-0.2315549999475479,-0.01175055280327797,-10,-2.0485830307006836,-2.0864689350128174,5.537334442138672,-1.7724539041519165,-1.6473394632339478,-1.4944219589233398
-2.642805576324463,0.7532506585121155,2.2364230155944824,0.9472801685333252,-0.025135261937975883,-0.1962408870458603,-0.25202786922454834,-1.0764813423156738,-1.1352572441101074,-1.7371244430541992,16.11809539794922,-1.7672374248504639,-1.7670066356658936,-1.7498451471328735
-3.010331869125366,1.4410459995269775,1.7037461996078491,0.2787117063999176,0.6196198463439941,0.6555842757225037,0.3295455574989319,-1.3586901426315308,-2.2076783180236816,-3.1616427898406982,0.2969636023044586,-1.1991666555404663,-0.9884921312332153,-1.2083507776260376
-3.0643868446350098,1.232559323310852,1.96918523311615,0.6248303055763245,0.5595446825027466,0.4118952453136444,0.3561447858810425,-1.9505870342254639,-2.1037590503692627,-3.031850576400757,-0.4159822463989258,-0.8463664650917053,-0.7207032442092896,-0.6234105229377747
-2.9954538345336914,1.067845106124878,2.027493476867676,0.8756661415100098,0.40291038155555725,0.17050839960575104,0.20444795489311218,-1.7855404615402222,-2.275836229324341,-2.603687286376953,5.087518692016602,-1.5785377025604248,-1.4095417261123657,-1.2970637083053589
-2.4796195030212402,1.3270639181137085,1.6293379068374634,0.7669068574905396,-0.5082093477249146,-0.32699108123779297,-0.215995192527771,-1.3790802955627441,-1.4240463972091675,-1.6866227388381958,0.7633997201919556,-1.7350480556488037,-1.6819288730621338,-1.696111798286438
-1.8136775493621826,0.28403934836387634,0.16107642650604248,-0.3994255065917969,0.2950311303138733,0.7309912443161011,0.468046635389328,-1.9010047912597656,-2.3742122650146484,-3.5775458812713623,-0.8621568083763123,-0.9087432026863098,-0.9278810024261475,-0.635285496711731
-2.102750778198242,0.19942012429237366,0.7104126214981079,-0.3611591160297394,0.4826401174068451,0.7470865249633789,0.28015050292015076,-1.3996944427490234,-2.617722272872925,-3.647261381149292,-0.44280877709388733,-1.0279011726379395,-1.0975168943405151,-1.0153357982635498
-1.6875540018081665,0.019543105736374855,0.4323022961616516,-0.3822779059410095,0.42945772409439087,0.6397361159324646,0.510066032409668,-1.8472981452941895,-2.707163095474243,-3.956552505493164,-0.1954043209552765,1.6057208776474,1.588352918624878,1.616141676902771
-1.790765643119812,0.07054060697555542,0.6587259769439697,-0.31042876839637756,0.541754961013794,0.5224453210830688,0.5806775689125061,-1.3518279790878296,-2.8163278102874756,-4.353342056274414,0.5440506935119629,-1.0547808408737183,-1.1218068599700928,-0.8208587765693665
-1.111612319946289,0.3507082164287567,0.18456827104091644,0.5170302391052246,-0.751250147819519,-0.3435908854007721,-0.22416119277477264,-1.6670496463775635,-2.9562714099884033,-3.8308825492858887,0.09697972983121872,-0.6158503293991089,-0.7372865676879883,-0.645510196685791
-1.2098901271820068,0.14339403808116913,0.7693072557449341,0.7677924633026123,0.6405337452888489,0.010767615400254726,-0.009764274582266808,-1.4608672857284546,-1.6203044652938843,-2.214608907699585,16.11809539794922,-1.180274486541748,-1.2190290689468384,-1.072724461555481
-1.2795946598052979,0.023799525573849678,0.2889024317264557,-0.5232452154159546,0.6562566161155701,-0.11404947936534882,-0.5315396785736084,-2.982283115386963,-1.6946544647216797,-10,1.1786550283432007,-1.7724539041519165,-1.7724539041519165,-1.661241054534912
-1.1992595195770264,0.13954931497573853,0.4458875358104706,-0.38873350620269775,0.42914795875549316,0.6243838667869568,0.5242738127708435,-1.6255955696105957,-2.4661953449249268,-3.816179037094116,0.5788914561271667,-1.7724539041519165,-1.7724539041519165,-1.7199466228485107
-1.778998613357544,0.30622532963752747,0.31300124526023865,0.8027525544166565,-0.567482590675354,-0.13755059242248535,-0.12096156924962997,-2.407125949859619,-10,-3.9187493324279785,3.9120230674743652,-0.9939643740653992,-0.9661611318588257,-0.563014805316925
-1.1946121454238892,0.3560127019882202,0.1714095175266266,0.8700704574584961,0.3148491084575653,-0.1784379482269287,0.3346749246120453,-2.4509434700012207,-3.133274793624878,-4.476343154907227,2.856041669845581,1.4432382583618164,1.4511253833770752,1.5188788175582886
-1.3020374774932861,0.3841705620288849,0.429128497838974,0.8924826979637146,0.425870805978775,-0.0009661209187470376,0.14868666231632233,-1.5046533346176147,-3.4097490310668945,-4.032829284667969,0.725829005241394,-1.159042477607727,-1.083785057067871,-0.6693897247314453
-1.332295536994934,0.37809261679649353,0.40240007638931274,0.935562789440155,-0.09054837375879288,0.02004506066441536,0.3407660126686096,-3.505516529083252,-3.226310968399048,-10,4.840242385864258,-1.285897970199585,-1.3971107006072998,-1.2163898944854736
-1.5345791578292847,0.2115701138973236,0.6040351390838623,0.7678566575050354,0.4875890612602234,0.39562588930130005,0.12701667845249176,-1.7789809703826904,-2.7571218013763428,-3.3895010948181152,-0.4034751355648041,0.17670026421546936,0.16811004281044006,0.32600516080856323
-2.1190450191497803,0.05658109486103058,0.7428929805755615,-0.4485946297645569,0.7998548150062561,-0.3932979106903076,-0.0656648501753807,-3.6213467121124268,-2.12876033782959,-10,5.537334442138672,-0.173770010471344,-0.2849828004837036,-0.13206522166728973
-2.067598819732666,0.11205758899450302,0.9419025182723999,-0.24537917971611023,0.6794584393501282,0.6883410811424255,-0.0656648501753807,-3.0861310958862305,-2.5301034450531006,-10,5.537334442138672,-1.188586711883545,-1.2024883031845093,-0.9939643740653992
-1.4731128215789795,0.2703823149204254,2.0368313789367676,-0.4197744131088257,0.4436463713645935,0.6710138320922852,0.4203662872314453,-0.5940157771110535,-0.8398963809013367,-1.665158987045288,2.5323312282562256,-1.7666622400283813,-1.7670599222183228,-1.7200491428375244
-1.259859323501587,0.35036996006965637,0.9923184514045715,0.5701341032981873,-0.3982433080673218,-0.705299973487854,-0.13748206198215485,-1.63960599899292,-2.004943609237671,-2.9917197227478027,0.36989060044288635,-0.0893726497888565,-0.10653169453144073,-0.058811914175748825
-2.033416986465454,0.48943817615509033,0.9823483228683472,0.12186209112405777,0.7732059955596924,0.5848514437675476,-0.21272258460521698,-1.854929804801941,-2.5778989791870117,-3.0304999351501465,-0.6374159455299377,-0.9086391925811768,-0.9872027635574341,-0.8763163089752197
-1.84697687625885,0.2905513048171997,0.9914751052856445,0.639184296131134,-0.07093723863363266,-0.5986548066139221,-0.47751832008361816,-2.1785457134246826,-2.6535770893096924,-2.8380112648010254,1.2618499994277954,-1.6647939682006836,-1.667627215385437,-1.6132463216781616
-1.2009152173995972,0.38380709290504456,0.9935380816459656,0.4246481657028198,0.8087623715400696,0.27956703305244446,0.2956681549549103,-2.23809814453125,-3.4560904502868652,-3.648869514465332,16.11809539794922,1.1284667253494263,1.1483045816421509,1.1343271732330322
-1.2792866230010986,0.49592816829681396,1.0581918954849243,0.6462587118148804,0.6626582741737366,-0.2715548276901245,0.26361265778541565,-2.016479015350342,-2.50075364112854,-3.975700855255127,0.6324402689933777,-1.1746052503585815,-1.1810792684555054,-1.0716286897659302
-1.3731077909469604,0.7472220659255981,1.0433789491653442,0.31935882568359375,0.5832895040512085,0.23123067617416382,0.7101518511772156,-1.4631571769714355,-2.570737838745117,-2.797534704208374,-0.20369406044483185,-1.2992522716522217,-1.2624236345291138,-1.2011228799819946
-0.6696853041648865,0.18888331949710846,0.3395780920982361,0.813919186592102,0.5715457201004028,0.10167772322893143,0.02307954803109169,-1.7480846643447876,-2.9027700424194336,-3.833150625228882,0.10457447916269302,-0.5299818515777588,-0.6678856611251831,-0.5522787570953369
-0.5107924342155457,0.3024313449859619,0.46189695596694946,0.911614716053009,0.3211590349674225,0.014389090240001678,0.2561415135860443,-1.5566610097885132,-2.9970993995666504,-3.4759979248046875,-0.36849474906921387,1.7329702377319336,1.6895382404327393,1.5242645740509033
-0.21181108057498932,0.15984801948070526,0.15301042795181274,0.8297463059425354,0.4107982814311981,0.20017759501934052,-0.3204602599143982,-2.0562455654144287,-2.476318836212158,-3.0591609477996826,0.7078431248664856,1.7724539041519165,1.4775516986846924,1.5014238357543945
-0.2594554126262665,0.11962256580591202,0.24303695559501648,-0.5730122327804565,0.7214337587356567,-0.38638582825660706,0.0435461662709713,-2.1115591526031494,-2.374480724334717,-10,5.537334442138672,0.8549483418464661,0.8549483418464661,0.715932309627533
-0.4257700741291046,0.2560562491416931,0.46564358472824097,-0.4606941044330597,0.6796594262123108,0.5702048540115356,0.026275038719177246,-1.431852102279663,-1.9525413513183594,-2.5099644660949707,1.1672927141189575,0.9838735461235046,0.982711672782898,0.8994869589805603
-0.03521028906106949,0.2938899099826813,0.06446784734725952,0.7504521012306213,0.6291004419326782,0.07040539383888245,0.18999309837818146,-1.9214750528335571,-2.8267648220062256,-3.721759557723999,0.9785252809524536,-1.032397985458374,-1.1787985563278198,-0.9697914719581604
-0.441817045211792,0.29489174485206604,0.42995572090148926,0.9888138175010681,0.10040871798992157,0.0568496398627758,0.09451670199632645,-2.258775472640991,-2.6675972938537598,-3.5918073654174805,0.10151482373476028,0.4000837206840515,0.27036958932876587,0.2937364876270294
-1.002862811088562,0.49842578172683716,0.4918983578681946,0.7305992245674133,-0.29889485239982605,-0.6115172505378723,-0.05415990576148033,-1.7834553718566895,-2.527226448059082,-3.887754201889038,-0.22208929061889648,-1.0904796123504639,-1.1155405044555664,-0.901416003704071
-0.8675312399864197,0.3672357499599457,0.5406394004821777,0.25793692469596863,0.757326066493988,0.4753172695636749,0.3660590648651123,-1.940566897392273,-2.313061475753784,-2.777839422225952,1.9048047065734863,-1.7650024890899658,-1.7724539041519165,-1.7691421508789062
-0.7045964002609253,0.5964888334274292,0.6850184202194214,0.8715283274650574,-0.23018252849578857,-0.419008731842041,0.1090230941772461,-1.6183912754058838,-2.5793306827545166,-3.1059978008270264,0.6861667037010193,0.4856261610984802,0.42497551441192627,0.47042760252952576
-0.06736461073160172,0.36289918422698975,0.33136212825775146,0.8320493102073669,0.5308669805526733,0.15288576483726501,-0.05000125989317894,-2.233607292175293,-2.795478582382202,-3.4946646690368652,16.11809539794922,-0.9759491086006165,-1.2913520336151123,-1.2615689039230347
0.046533264219760895,0.2368028163909912,0.40176403522491455,-0.1971186399459839,0.5804744958877563,0.7263071537017822,0.310920387506485,-1.6970239877700806,-1.9631469249725342,-2.414457321166992,5.592313766479492,-0.28238368034362793,-0.44601958990097046,-0.29998117685317993
0.0004321509040892124,0.438931941986084,0.3656303286552429,0.8297439217567444,0.45753318071365356,0.24785496294498444,-0.20188193023204803,-2.2639665603637695,-2.7237977981567383,-3.9113426208496094,16.11809539794922,-0.494056761264801,-0.8416262865066528,-1.0433515310287476
0.04976854473352432,0.501502513885498,0.20576505362987518,0.9494261741638184,-0.06740391999483109,0.3048200011253357,0.033636320382356644,-2.0206587314605713,-3.032041072845459,-3.861466884613037,0.9252942800521851,0.5843872427940369,0.42651501297950745,0.3484501838684082
-0.1308279186487198,0.47133827209472656,0.6126615405082703,0.5569641590118408,0.4870835542678833,-0.6723173260688782,-0.02302023023366928,-1.9316070079803467,-2.2853965759277344,-2.4415416717529297,0.7333256006240845,0.29287317395210266,0.2178569734096527,0.2543513774871826
-0.00598907470703125,0.5394787788391113,0.31766554713249207,0.958845853805542,-0.2536737024784088,-0.09746046364307404,-0.08225386589765549,-2.6907103061676025,-10,-3.960775852203369,4.139158725738525,1.6056346893310547,1.5500283241271973,1.188586711883545
-0.4940621852874756,0.5708391666412354,1.1654572486877441,0.72049880027771,-0.29769712686538696,-0.6158912777900696,-0.11373564600944519,-1.207280158996582,-1.4110350608825684,-1.9884063005447388,4.277082920074463,-1.7479119300842285,-1.7527791261672974,-1.7431254386901855
-0.769827127456665,0.6774867177009583,0.9217751026153564,0.6544033885002136,0.6789555549621582,0.2372598499059677,-0.2334166318178177,-1.438159465789795,-2.6657867431640625,-3.019625425338745,-0.7528792023658752,-0.7941189408302307,-0.9440876245498657,-0.9273207187652588
-0.025195548310875893,0.5780046582221985,0.45627138018608093,-0.4058866798877716,0.17816971242427826,0.8678603172302246,0.22434352338314056,-1.84078049659729,-2.8815181255340576,-4.142294406890869,-0.11900277435779572,1.116390585899353,1.0411697626113892,1.1390151977539062
-0.021963106468319893,0.8158268928527832,0.6428512334823608,-0.036335933953523636,0.8770068883895874,0.4716852903366089,-0.08397368341684341,-1.3808526992797852,-1.9758903980255127,-2.525949716567993,0.7079847455024719,-1.6894879341125488,-1.7626737356185913,-1.7431132793426514
-1.9384467601776123,1.0753260850906372,0.6360390186309814,0.5136006474494934,0.7168423533439636,0.4121301472187042,0.2291291505098343,-1.6495983600616455,-2.163111925125122,-3.1064529418945312,-1.2985706329345703,0.05064406245946884,0.44130778312683105,0.03263089060783386
-2.106497287750244,0.757602334022522,0.7498894333839417,0.7720178961753845,-0.4347704350948334,0.4347704350948334,0.1610516905784607,-10,-2.12876033782959,-4.116274356842041,1.2679531574249268,-0.8827515840530396,-0.8549483418464661,-0.8549483418464661
-2.0687942504882812,1.1647964715957642,0.6748659610748291,-0.38846781849861145,-0.059546712785959244,0.8940361738204956,0.21504943072795868,-1.663312315940857,-1.9008787870407104,-3.043097496032715,-0.8337363600730896,-1.5481303930282593,-1.419611930847168,-1.528757095336914
-1.008979320526123,1.228299856185913,0.8517609238624573,0.6942844986915588,0.1403970569372177,-0.6601778864860535,0.24984565377235413,-1.4671834707260132,-2.115837574005127,-2.225660800933838,16.11809539794922,-1.226847767829895,-1.2039391994476318,-1.1583977937698364
-0.3779633939266205,1.160683035850525,0.15996640920639038,0.9272719621658325,-0.33995261788368225,-0.10201334953308105,0.11913107335567474,-1.6170192956924438,-1.8943061828613281,-2.3102645874023438,0.5762287378311157,-0.9782022833824158,-1.0362679958343506,-1.0550094842910767
-0.28368693590164185,1.01752507686615,0.44515901803970337,0.39941665530204773,0.4233783483505249,0.8130142688751221,0.014996836893260479,-1.5483529567718506,-2.239494800567627,-2.76995849609375,0.2887509763240814,-1.5198652744293213,-1.5743557214736938,-1.6273499727249146
-1.0007848739624023,1.556609869003296,0.7395529747009277,0.48436716198921204,0.5554784536361694,0.6186245083808899,0.2722790241241455,-1.4164499044418335,-1.8213900327682495,-2.541881799697876,-0.38880112767219543,-1.670562744140625,-1.6578168869018555,-1.6587058305740356
-0.05885539576411247,1.0060648918151855,0.48105594515800476,0.5219224095344543,0.3178991377353668,0.768481433391571,0.18966658413410187,-1.7332513332366943,-2.521115303039551,-2.7983200550079346,0.1427978128194809,-0.08403468132019043,-0.13513308763504028,-0.08957874029874802
-0.2590550482273102,0.9547109603881836,0.8146152496337891,0.8005608916282654,0.5278765559196472,0.11944162845611572,0.25725916028022766,-1.474639654159546,-2.474597454071045,-3.3531839847564697,0.2523052990436554,1.7023659944534302,1.7023659944534302,1.705169439315796
-0.045338161289691925,1.2536731958389282,1.622912883758545,0.674243152141571,-0.19789394736289978,-0.7011681199073792,0.12081969529390335,-0.6924163103103638,-1.4367649555206299,-1.684682011604309,16.11809539794922,-1.6808686256408691,-1.696317195892334,-1.6809097528457642
0.028709474951028824,0.5078418850898743,0.951974093914032,0.5143353939056396,0.17634247243404388,-0.8322634696960449,-0.10816619545221329,-1.1840929985046387,-1.343619704246521,-2.013118267059326,2.775660276412964,-0.5525188446044922,-0.6781187057495117,-1.0560424327850342
0.231114000082016,1.1223840713500977,0.7962988018989563,0.6368284225463867,0.7072859406471252,0.09436497092247009,0.29204705357551575,-1.6011053323745728,-2.7019097805023193,-3.6018784046173096,0.8300631046295166,0.36652588844299316,0.21384286880493164,0.20017586648464203
-0.6352589130401611,0.9744945764541626,1.092586636543274,0.485821932554245,0.8073570728302002,-0.2139243483543396,0.2576586604118347,-1.9719268083572388,-2.1416289806365967,-2.8474786281585693,0.8897038102149963,1.0238736867904663,1.0353760719299316,1.0437182188034058
0.3102954924106598,0.7252774834632874,0.7354288101196289,0.05368974059820175,0.5339369773864746,0.8437142968177795,0.01322550792247057,-1.4796265363693237,-1.8569117784500122,-2.279902935028076,16.11809539794922,-1.178791880607605,-1.3416774272918701,-1.242078185081482
-2.0208873748779297,0.7690979838371277,1.4598805904388428,0.7515958547592163,-0.023724019527435303,-0.5521813631057739,0.3600507974624634,-1.4195951223373413,-2.0699284076690674,-2.573777437210083,0.0700889602303505,-1.6220289468765259,-1.6184474229812622,-1.614865779876709
-2.0537962913513184,0.4310474693775177,1.3741264343261719,-0.47347813844680786,0.8408167362213135,0.2536737024784088,-0.06704726815223694,-1.999722957611084,-10,-2.7840309143066406,5.537334442138672,-1.5917330980300903,-1.7724539041519165,-1.6334378719329834
-1.459818720817566,0.5375962257385254,1.3736063241958618,0.8118230700492859,0.5250421762466431,0.25267794728279114,-0.037787213921546936,-1.595301866531372,-2.6490683555603027,-3.3364953994750977,1.0137118101119995,-0.9718424081802368,-1.057304859161377,-0.9572334885597229
-0.952545702457428,1.0291887521743774,1.4116730690002441,0.7323873043060303,0.34689369797706604,0.21209222078323364,0.5461598038673401,-0.9454429149627686,-1.4457106590270996,-1.723109483718872,16.11809539794922,-1.7383719682693481,-1.73813796043396,-1.718846321105957
-1.0090774297714233,0.6195428967475891,1.1463396549224854,-0.21673619747161865,0.6318874359130859,0.7407324910163879,0.07112708687782288,-1.402339220046997,-1.8092753887176514,-2.2596590518951416,-0.3051643371582031,-0.35433122515678406,-0.3898448050022125,-0.3578729033470154
-0.9234254956245422,0.6803601980209351,1.1245580911636353,0.8272601962089539,0.3839808404445648,0.01764637418091297,0.40974119305610657,-1.542102575302124,-2.129082202911377,-3.116075277328491,0.48364076018333435,0.41088423132896423,0.2510265111923218,0.08716356009244919
-1.0945184230804443,0.6121971607208252,1.3006259202957153,-0.3932979106903076,0.8379890322685242,0.37809130549430847,-0.01175055280327797,-2.288689613342285,-2.727855682373047,-10,5.537334442138672,-1.2580947875976562,-1.285897970199585,-1.1468819379806519
-1.9566192626953125,0.7305055260658264,1.5983283519744873,0.326171338558197,0.8726843595504761,-0.25305280089378357,0.26076534390449524,-1.7605054378509521,-2.4836575984954834,-2.9373672008514404,16.11809539794922,0.35591045022010803,0.3091904819011688,0.3437580466270447
-1.5152215957641602,0.9477279782295227,1.6614147424697876,-0.35571375489234924,0.7691469788551331,0.524240255355835,0.08398105949163437,-1.3870899677276611,-2.1891989707946777,-2.9245150089263916,2.239513397216797,-1.0682921409606934,-1.1107097864151,-1.112588882446289
-1.4448829889297485,0.9276134967803955,1.4912548065185547,0.874559223651886,0.3931351900100708,0.07068155705928802,0.2749454081058502,-1.4708479642868042,-2.5465774536132812,-2.7724151611328125,0.3141093850135803,-0.14239884912967682,-0.25159522891044617,-0.30745893716812134
-1.3337315320968628,0.6549034714698792,1.2856948375701904,0.8408644795417786,-0.47347813844680786,0.13755059242248535,0.22326049208641052,-3.3927507400512695,-10,-2.0651497840881348,1.5676685571670532,-0.8688499927520752,-0.9661611318588257,-0.9939643740653992
-1.948630928993225,1.1988855600357056,1.2993662357330322,0.889176607131958,0.2207268625497818,-0.34531402587890625,0.20347699522972107,-1.8429611921310425,-2.2634997367858887,-3.183403968811035,16.11809539794922,0.3297787308692932,0.4804638624191284,0.5579823851585388
-1.1397837400436401,1.7121425867080688,1.9469939470291138,0.7198998928070068,-0.3156689703464508,-0.6176919341087341,0.02353537268936634,-0.7526959180831909,-1.5137646198272705,-1.830070972442627,1.8886274099349976,-1.0269802808761597,-1.0106310844421387,-0.8651247620582581
-1.7753046751022339,1.0721755027770996,1.7970384359359741,0.5677698254585266,-0.5353752374649048,-0.5053697228431702,-0.3682556450366974,-1.8268373012542725,-2.2861876487731934,-3.0151617527008057,0.6776990294456482,1.7724539041519165,1.7724539041519165,1.7724539041519165
-0.8048291802406311,1.0568451881408691,1.013201117515564,-0.261968195438385,0.9582756757736206,-0.0435461662709713,-0.10575497150421143,-2.044769048690796,-10,-2.8812341690063477,-0.03922071307897568,-0.7715387940406799,-0.6742275953292847,-0.6742275953292847
0.18993787467479706,1.216212511062622,0.9487048387527466,-0.4222961366176605,0.1375310719013214,0.8477371335029602,0.28998783230781555,-1.0148390531539917,-1.860416054725647,-2.0238993167877197,1.0300594568252563,-0.9275763034820557,-1.0462020635604858,-1.0403456687927246
-0.1003575474023819,1.1749155521392822,1.377148151397705,0.9216070771217346,-0.22326049208641052,0.24676160514354706,-0.19975939393043518,-1.6724694967269897,-10,-2.3706583976745605,5.537334442138672,-0.39619559049606323,-0.563014805316925,-0.6603260040283203
-0.989176869392395,1.2452553510665894,1.7130993604660034,-0.1527571827173233,0.6200144290924072,-0.24537917971611023,0.7294082641601562,-10,-3.3032891750335693,-1.9772638082504272,5.537334442138672,0.5491131544113159,0.5074083209037781,0.6186211109161377
-4.4824419021606445,1.7191823720932007,0.1427404284477234,-0.44440504908561707,0.5966089367866516,0.4558580219745636,0.48862600326538086,-2.7938671112060547,-3.5099270343780518,-3.7094976902008057,16.11809539794922,-0.10331084579229355,0.02223305031657219,-0.2689321041107178
-4.434723377227783,1.7300975322723389,0.11453170329332352,-0.5909836888313293,0.7553389668464661,-0.1527571827173233,0.23846709728240967,-3.9405019283294678,-2.8446102142333984,-10,5.537334442138672,0.42399874329566956,0.5352115631103516,0.13206516206264496
-3.001826763153076,1.4699373245239258,0.8011544942855835,-0.3563738763332367,0.19102805852890015,0.8197656273841858,0.4055740237236023,-1.4169223308563232,-2.4056713581085205,-3.0362982749938965,0.17896422743797302,0.36253368854522705,0.46544045209884644,0.4456939697265625
-2.8391685485839844,1.438277244567871,0.80283522605896,0.8728530406951904,0.4516686797142029,0.17678070068359375,-0.0535871759057045,-2.0360445976257324,-2.2742059230804443,-3.1143856048583984,0.5034207701683044,-0.42084696888923645,-0.3092862665653229,-0.3668476343154907
-2.872157096862793,1.549223780632019,0.7938995957374573,0.6615613698959351,-0.5840715765953064,-0.4582715630531311,-0.10575497150421143,-2.4299068450927734,-2.3942711353302,-10,-0.7286538481712341,1.7724539041519165,1.7724539041519165,1.2441930770874023
-2.8019046783447266,1.5303136110305786,1.0132697820663452,0.6377715468406677,0.7533397674560547,0.15870046615600586,0.02325456216931343,-1.4101521968841553,-2.3059496879577637,-2.955429792404175,1.1697272062301636,0.8003613352775574,0.9986732602119446,0.8307243585586548
-2.5605216026306152,1.4964689016342163,0.7080454230308533,0.6805874705314636,-0.6421331167221069,0.11404947936534882,0.33385393023490906,-1.9035520553588867,-3.3032891750335693,-10,5.537334442138672,-0.006950825918465853,0.07645876705646515,0.07645876705646515
-2.0839133262634277,1.6122949123382568,0.9736485481262207,0.7178300023078918,0.6236550807952881,-0.20497442781925201,0.23186171054840088,-1.288122296333313,-2.0934183597564697,-2.9650449752807617,-1.0844731330871582,0.3037509620189667,0.6056903004646301,0.351955384016037
-2.747436285018921,1.4408308267593384,1.2766308784484863,0.581273078918457,0.6782602667808533,0.12988752126693726,0.43036481738090515,-2.0199644565582275,-2.471663236618042,-3.154414653778076,0.7302274107933044,-0.14536961913108826,0.0956270694732666,-0.05948702245950699
-2.435271739959717,1.4725852012634277,1.2479772567749023,0.9428080320358276,0.2086593210697174,0.18850566446781158,0.17899705469608307,-1.4471304416656494,-1.8736270666122437,-3.10861873626709,-0.1992306411266327,-0.8775671720504761,-0.6730350255966187,-0.689534604549408
-2.6921985149383545,1.4763718843460083,1.0766584873199463,0.7725598812103271,-0.49006715416908264,-0.28546929359436035,0.28546929359436035,-2.087562322616577,-10,-2.998415470123291,3.0992729663848877,-0.45180198550224304,-0.2293764054775238,-0.27108120918273926
-2.8589894771575928,1.8456557989120483,1.2558324337005615,0.9131011962890625,-0.35597261786460876,-0.0739593580365181,0.18455280363559723,-10,-2.4943463802337646,-3.069561243057251,1.1143606901168823,0.3822939395904541,0.6742275357246399,0.3822939395904541
-2.657423496246338,2.036241054534912,1.2288442850112915,0.9741067290306091,0.13806359469890594,-0.01950843632221222,0.17797164618968964,-1.35080885887146,-2.3207194805145264,-3.0728557109832764,-0.25011494755744934,-0.095374695956707,0.23364654183387756,-0.0926121175289154
-3.041780710220337,1.9628729820251465,1.4666166305541992,0.9626412391662598,-0.016053572297096252,-0.2698078155517578,0.016368255019187927,-1.2906250953674316,-2.525644302368164,-2.6901204586029053,-0.36770856380462646,-0.052786193788051605,0.03605906665325165,0.023596402257680893
-2.6921985149383545,1.8431437015533447,1.2502332925796509,-0.4347704350948334,0.8889836668968201,-0.09746046364307404,-0.10575497150421143,-3.4441022872924805,-3.0531005859375,-10,4.139158725738525,-0.9800627827644348,-0.7715387940406799,-0.8827515840530396
-2.1068451404571533,1.7593804597854614,1.3561618328094482,0.8391473293304443,0.5397219657897949,-0.06578989326953888,-0.014271686784923077,-1.4460909366607666,-1.5238256454467773,-2.4099786281585693,16.11809539794922,-0.04986786097288132,0.2203339785337448,0.13691926002502441
-2.6790308952331543,1.9034349918365479,1.5031298398971558,0.755523681640625,-0.6213968396186829,0.09746046364307404,0.1831703782081604,-10,-3.3700060844421387,-2.1990714073181152,5.537334442138672,-0.5074083805084229,-0.2849828004837036,-0.39619559049606323
-3.2211010456085205,1.5919301509857178,1.7746903896331787,-0.6352210640907288,0.7145666480064392,0.02004506066441536,-0.2923814058303833,-10,-3.1031384468078613,-3.086301326751709,0.5549968481063843,-0.563014805316925,-0.2849828004837036,-0.813243567943573
-2.399758815765381,1.5578726530075073,1.6844209432601929,0.5458153486251831,-0.4374605417251587,-0.7137434482574463,-0.03583543747663498,-1.693303108215332,-1.8839428424835205,-2.6581900119781494,1.1029620170593262,-1.2503100633621216,-1.0716747045516968,-1.1497443914413452
-3.078450918197632,1.6321243047714233,1.614180326461792,0.7550201416015625,-0.5826891660690308,-0.23846709728240967,0.1831703782081604,-2.763692617416382,-2.177441120147705,-10,1.5676685571670532,-1.2163898944854736,-1.0634723901748657,-1.2580947875976562
-3.1539180278778076,1.8346128463745117,1.8218971490859985,-0.47152677178382874,0.06824831664562225,0.8223517537117004,0.3110342025756836,-1.4049896001815796,-2.3766605854034424,-2.769174337387085,-0.8693713545799255,-0.34932461380958557,-0.24234259128570557,-0.25496503710746765
-2.937995672225952,1.8431437015533447,1.6067148447036743,0.9210740327835083,-0.35597261786460876,-0.12925608456134796,0.09054837375879288,-10,-2.2441580295562744,-3.2746286392211914,3.0992729663848877,-0.9939643740653992,-0.9800627827644348,-0.8827515840530396
-2.885324716567993,1.8155101537704468,1.784022331237793,0.709418535232544,-0.49006715416908264,0.4748605787754059,-0.17625829577445984,-10,-2.1524221897125244,-2.7096471786499023,5.537334442138672,-0.9105547666549683,-0.6603260040283203,-0.8549483418464661
-2.8984925746917725,1.908459186553955,1.7858887910842896,-0.34629568457603455,0.9367896318435669,-0.042163748294115067,-0.026957150548696518,-10,-2.269176959991455,-2.784977912902832,5.537334442138672,-0.35449081659317017,-0.173770010471344,-0.45180198550224304
-2.949615716934204,2.1251609325408936,1.349194884300232,0.9524485468864441,0.28056326508522034,0.11836204677820206,-0.010793399065732956,-1.747877836227417,-1.8929563760757446,-2.3496086597442627,0.3078959286212921,-0.5217418074607849,-0.4542923867702484,-0.4473540782928467
-2.4395816326141357,2.436696767807007,1.3540986776351929,0.6041404604911804,0.2862565219402313,0.49372750520706177,0.5561516284942627,-1.3190151453018188,-2.1532840728759766,-2.5203428268432617,1.1119128465652466,-0.48313644528388977,-0.266446977853775,-0.28584206104278564
-2.950291395187378,2.06203031539917,1.6855489015579224,0.6370534300804138,0.7254015207290649,0.19792118668556213,-0.1696547418832779,-1.6770023107528687,-2.012158155441284,-2.8382272720336914,-0.6816465854644775,-1.589787483215332,-1.1241421699523926,-1.6448519229888916
-2.9916961193084717,2.5541610717773438,1.3410764932632446,-0.1823742687702179,0.3873915374279022,0.8926887512207031,0.14062094688415527,-1.4627606868743896,-2.1450107097625732,-3.168337345123291,-1.4413671493530273,0.23508305847644806,0.25667738914489746,0.4588157832622528
-2.4745073318481445,2.6624979972839355,1.1029247045516968,0.21225780248641968,0.509584367275238,0.7347539067268372,0.3942170739173889,-1.910248041152954,-2.484023332595825,-2.6639404296875,0.25279220938682556,0.08385805785655975,0.39547038078308105,0.3409421741962433
-3.074195146560669,2.138792037963867,2.0409750938415527,0.6610218286514282,0.6475396752357483,0.10842365026473999,0.3632998764514923,-1.0683406591415405,-1.7778502702713013,-3.1253128051757812,-1.3711106777191162,-0.6947507858276367,-0.5872619152069092,-0.5753428936004639
-2.879666328430176,2.2744357585906982,1.7445082664489746,0.9457311630249023,-0.040345143526792526,-0.08818551898002625,0.3101421594619751,-1.2789487838745117,-1.8296715021133423,-2.5067055225372314,-1.337098479270935,0.10450392216444016,0.2960798740386963,0.16137899458408356
-3.0148072242736816,2.101893663406372,1.8764089345932007,-0.22879016399383545,0.9449630379676819,0.0739593580365181,0.2218780815601349,-10,-2.327554225921631,-3.56339693069458,5.537334442138672,-0.020852426066994667,-0.006950825918465853,-0.3405891954898834
-2.7295072078704834,2.312913179397583,1.5301926136016846,-0.5730122327804565,0.6821216940879822,0.34767812490463257,0.2923814058303833,-10,-3.344987154006958,-2.132110595703125,0.26028311252593994,0.15986835956573486,0.24327795207500458,0.4379003345966339
-2.3669991493225098,2.4168214797973633,1.9029659032821655,0.9604291915893555,-0.0674055740237236,-0.2702137529850006,-0.0041022952646017075,-1.1387273073196411,-1.9738953113555908,-3.2575435638427734,-1.0060120820999146,-0.9706864356994629,-0.8632044196128845,-0.7344949841499329
-2.0073351860046387,1.794175148010254,0.9018492698669434,-0.39451688528060913,0.3772256672382355,0.6812059879302979,0.48786842823028564,-0.9414014220237732,-2.082082748413086,-3.309518575668335,-1.9843412637710571,0.7249718308448792,0.9980679750442505,0.6605082154273987
-1.8908571004867554,1.7465234994888306,0.6676838994026184,0.48398250341415405,0.6231600642204285,0.18731354176998138,0.585103452205658,-1.510891318321228,-2.1638972759246826,-3.348440170288086,-0.6141586303710938,-0.4383137822151184,-0.2547014057636261,-0.4109407961368561
-1.9745593070983887,1.4010077714920044,0.8825533986091614,0.7083644270896912,-0.6061902642250061,-0.3407660126686096,-0.12096156924962997,-2.245896577835083,-2.2274787425994873,-10,3.9120230674743652,-0.29888439178466797,-0.09036041796207428,-0.2015732079744339
-0.9803917407989502,1.7008111476898193,0.9052079319953918,0.9460468888282776,0.0759679302573204,0.20228718221187592,0.24146240949630737,-1.6435149908065796,-2.667842388153076,-3.005462408065796,0.6699674129486084,-1.021957516670227,-0.7944453358650208,-0.8938918709754944
-1.0151182413101196,1.5843299627304077,0.2898694574832916,0.7755017280578613,0.303311288356781,0.4423498511314392,0.33305543661117554,-2.0147101879119873,-2.0891709327697754,-2.545618772506714,0.8434218764305115,-1.2152423858642578,-1.0744260549545288,-1.1878780126571655
-0.831164538860321,1.5994665622711182,0.1098657175898552,0.7223365306854248,-0.644897997379303,0.0739593580365181,-0.23846709728240967,-2.1303553581237793,-2.0023090839385986,-10,-0.3243834376335144,-0.7715387940406799,-0.7715387940406799,-0.6603260040283203
-0.49977758526802063,1.529126763343811,0.016545947641134262,-0.5246276259422302,0.8125534057617188,0.24537917971611023,0.0656648501753807,-3.208740472793579,-2.7862329483032227,-10,5.537334442138672,-0.8688499927520752,-0.7715387940406799,-0.9939643740653992
-0.6459395289421082,1.891092300415039,0.17922693490982056,0.6428295373916626,0.71001797914505,-0.28656554222106934,-0.022909725084900856,-2.104279041290283,-2.7211639881134033,-2.813434362411499,16.11809539794922,-1.7484755516052246,-1.7386020421981812,-1.7442439794540405
-0.00598907470703125,1.8208906650543213,0.25510019063949585,-0.37809130549430847,0.8769475221633911,0.27717480063438416,0.10575497150421143,-3.6411361694335938,-10,-2.8998446464538574,2.463853359222412,-0.173770010471344,0.10426196455955505,-0.020852426066994667
-0.026395676657557487,1.5350167751312256,1.0239388942718506,0.5002538561820984,0.07243505120277405,-0.8475424647331238,-0.16177448630332947,-1.1102851629257202,-1.9764955043792725,-2.1411046981811523,-1.2493466138839722,-0.2454211562871933,-0.2278572916984558,-0.1698528379201889
-0.630662739276886,1.5324714183807373,0.9967302083969116,0.656267523765564,0.6323322653770447,0.3979265093803406,0.10546737909317017,-1.529150128364563,-2.05393648147583,-2.9517126083374023,1.8694876432418823,-0.46404018998146057,-0.3504444658756256,-0.27771538496017456
-0.19510243833065033,1.7425824403762817,1.6350325345993042,0.5443847179412842,-0.7188847661018372,-0.33376213908195496,-0.274686723947525,-0.8237303495407104,-1.3555175065994263,-1.618289589881897,1.9754472970962524,-1.4428738355636597,-1.372775673866272,-1.276773452758789
-1.7009657621383667,1.9590604305267334,0.546739935874939,0.753007709980011,-0.23846709728240967,-0.4181814193725586,-0.4485946297645569,-7.083011150360107,-3.6407454013824463,-2.2443149089813232,0.26028311252593994,0.5074083209037781,0.5491131544113159,0.9383578896522522
-0.646649956703186,2.560431957244873,0.0990888923406601,0.8522835969924927,0.37180832028388977,-0.36792176961898804,-0.0022074724547564983,-2.2092878818511963,-2.4646291732788086,-2.966310739517212,2.5195703506469727,-1.024034023284912,-0.9123443961143494,-1.0045325756072998
-0.4328647255897522,2.5108110904693604,0.1490660458803177,-0.29953184723854065,0.8022885322570801,0.4673818349838257,0.2194720208644867,-1.6664541959762573,-2.872931480407715,-3.3135783672332764,0.015325882472097874,-0.3363274335861206,-0.2870390713214874,-0.3117247521877289
0.0018309991573914886,2.7460360527038574,0.2574525475502014,0.8998352289199829,-0.15089838206768036,0.16744785010814667,0.3734802305698395,-1.5812197923660278,-2.4834046363830566,-2.9567933082580566,0.5948870778083801,-0.6653760075569153,-0.5187450647354126,-0.6880285143852234
-2.027601957321167,1.5112879276275635,1.1343940496444702,0.6993966102600098,-0.6518100500106812,0.28546929359436035,-0.06704726815223694,-2.5956666469573975,-1.5041033029556274,-10,1.1569843292236328,0.02085237205028534,0.3822939395904541,0.15986835956573486
-2.022655725479126,1.4922724962234497,1.655031442642212,0.5566787719726562,0.6464479565620422,0.46623679995536804,0.2341730147600174,-1.594711184501648,-1.8443437814712524,-2.3806588649749756,16.11809539794922,-0.7045447826385498,-0.48529231548309326,-0.5533570051193237
-1.2551853656768799,1.7008399963378906,1.3862693309783936,0.6333173513412476,0.7169007658958435,-0.1239909678697586,0.26379668712615967,-1.5535446405410767,-1.7355413436889648,-2.98992919921875,1.314253568649292,0.3817918598651886,0.5210608243942261,0.5998365879058838
-1.8996578454971313,1.7476553916931152,1.7976243495941162,0.31196311116218567,0.48104599118232727,0.5582071542739868,0.5997320413589478,-1.1087422370910645,-1.3855652809143066,-2.4026710987091064,-0.7102899551391602,0.35484352707862854,0.5016945600509644,0.44743701815605164
-1.4913005828857422,1.5061705112457275,1.7730852365493774,0.8360551595687866,-0.5453639030456543,0.01175055280327797,-0.05875276401638985,-1.6749651432037354,-10,-1.6228383779525757,-1.2909841537475586,1.7724539041519165,1.7724539041519165,1.7724539041519165
-1.9878758192062378,1.6699273586273193,1.968483805656433,0.7011268138885498,-0.6531924605369568,0.24676160514354706,0.1444626748561859,-10,-1.9770358800888062,-1.9293198585510254,5.537334442138672,-0.2293764054775238,-0.03475402295589447,-0.173770010471344
-0.8254197239875793,2.1189703941345215,1.5717357397079468,-0.44935572147369385,0.48313096165657043,0.6821425557136536,0.3151910603046417,-1.1163498163223267,-2.084880828857422,-2.868083953857422,0.8121278285980225,-0.8183749914169312,-0.5969679951667786,-0.6599646210670471
-0.579809308052063,1.7773927450180054,1.0789825916290283,-0.3628847002983093,0.7371020317077637,-0.5425990223884583,0.174875870347023,-2.41066575050354,-10,-2.150667667388916,5.537334442138672,-0.8688499927520752,-0.6603260040283203,-0.6603260040283203
-0.07219909876585007,1.6264294385910034,1.093564510345459,-0.47347813844680786,0.7797618508338928,-0.28546929359436035,-0.29376381635665894,-2.328921318054199,-1.5970007181167603,-10,5.537334442138672,-0.4657036066055298,-0.29888439178466797,-0.2293764054775238
-0.2597941756248474,1.6494576930999756,1.3108361959457397,0.6477034091949463,-0.6393682956695557,0.05045825615525246,-0.41126933693885803,-2.1310133934020996,-2.1797213554382324,-10,2.1756255626678467,-0.7993419766426086,-0.6047195792198181,-0.5213099718093872
0.03701155632734299,1.9726688861846924,1.7023818492889404,0.6374322772026062,0.6210111975669861,0.10468611866235733,-0.44392117857933044,-1.148939609527588,-1.3530255556106567,-2.2463412284851074,16.11809539794922,-0.5351410508155823,-0.32827693223953247,-0.4226304888725281
-1.1115293502807617,1.4580223560333252,2.140310764312744,0.46432429552078247,0.8339841365814209,0.27474966645240784,-0.11569808423519135,-0.7580514550209045,-1.3048789501190186,-1.8668967485427856,3.1538164615631104,-1.6814618110656738,-1.563815951347351,-1.4711120128631592
-0.47166624665260315,1.9206799268722534,2.0020225048065186,0.690270721912384,-0.5882188081741333,-0.3310891091823578,0.2605857849121094,-2.0879900455474854,-1.6223363876342773,-10,5.537334442138672,-1.536126732826233,-1.4527171850204468,-1.4388154745101929
-1.9872729778289795,2.7232918739318848,1.8818824291229248,0.6372108459472656,-0.3007206618785858,-0.7048752307891846,0.08173356205224991,-1.0967979431152344,-1.8835889101028442,-3.3575234413146973,-1.1275986433029175,-0.29031234979629517,0.033501412719488144,-0.14668585360050201
-1.204817295074463,2.2231884002685547,1.9794764518737793,0.7488649487495422,0.6149270534515381,0.2375473976135254,0.06809760630130768,-1.3792763948440552,-1.6129114627838135,-3.104264259338379,1.603965163230896,0.21351151168346405,0.4510827660560608,0.3897891044616699
-0.5249056816101074,2.061349630355835,1.1906229257583618,0.9345440864562988,0.212178036570549,-0.2516080439090729,0.1352822333574295,-1.668636441230774,-2.24596905708313,-2.7497196197509766,0.4503050446510315,0.28395599126815796,0.5767532587051392,0.39948031306266785
-0.5907213091850281,2.2008652687072754,1.6268236637115479,0.769152045249939,0.6366186141967773,0.054746113717556,-0.01116506103426218,-1.2047805786132812,-2.274186134338379,-2.840334177017212,1.3182377815246582,0.11340902745723724,0.44740843772888184,0.23512881994247437
-0.4451822340488434,1.9590604305267334,1.6112251281738281,-0.6144847869873047,0.7778011560440063,0.12925608456134796,0.026957150548696518,-10,-1.360534429550171,-2.2911384105682373,5.537334442138672,-0.8827515840530396,-0.6464243531227112,-0.563014805316925
-4.124096870422363,0.08189840614795685,2.1654677391052246,0.725213348865509,0.662797749042511,0.13428480923175812,0.12935329973697662,-1.548460841178894,-2.4169349670410156,-3.392674207687378,0.8296945691108704,-0.5505332350730896,-0.6369675397872925,-0.49119675159454346
-3.952564239501953,0.07999768108129501,2.753610849380493,-0.296101450920105,0.36513015627861023,0.3168603479862213,0.8237738609313965,-1.2603936195373535,-1.7655630111694336,-1.865128755569458,16.11809539794922,0.16614596545696259,0.03445316478610039,0.0636569932103157
-3.632033586502075,0.21535837650299072,2.179117441177368,0.7104026675224304,0.6057852506637573,0.10229572653770447,0.34334805607795715,-1.6341863870620728,-2.5379867553710938,-2.7008230686187744,16.11809539794922,-1.6572299003601074,-1.6605421304702759,-1.5732382535934448
-3.509939193725586,0.33915087580680847,2.4240264892578125,0.5763769149780273,-0.4892147183418274,-0.65333092212677,-0.040216244757175446,-1.4017151594161987,-1.7712336778640747,-2.252181053161621,16.11809539794922,-1.3191858530044556,-1.3291289806365967,-1.1581977605819702
-3.598123788833618,0.3896300494670868,2.6218655109405518,-0.18848459422588348,0.805296778678894,0.4642917513847351,-0.3168656527996063,-1.7824121713638306,-2.057904005050659,-2.595459222793579,3.2537529468536377,-0.775131344795227,-0.877221405506134,-0.6584113240242004
-4.354503154754639,0.1297997236251831,2.803037643432617,0.9400364756584167,0.09719289094209671,0.23446424305438995,0.2278408706188202,-1.8282150030136108,-2.0435259342193604,-2.524111270904541,16.11809539794922,0.5348395109176636,0.38566720485687256,0.3005514442920685
-4.432255268096924,0.25809040665626526,2.804332971572876,0.8583598732948303,0.4135068356990814,0.20146875083446503,0.2272460013628006,-1.96102774143219,-2.452090263366699,-3.860044240951538,0.15747523307800293,-1.4101927280426025,-1.636001467704773,-1.6365010738372803
-4.344163417816162,0.3451227843761444,2.9396891593933105,-0.3926471769809723,0.4629719853401184,0.7181041836738586,0.34031087160110474,-1.5601441860198975,-2.3756160736083984,-3.3434815406799316,0.23888902366161346,1.6012035608291626,1.5168381929397583,1.2924963235855103
-3.9210708141326904,0.3728303015232086,2.8373963832855225,0.8235938549041748,0.5274466276168823,0.11907865107059479,-0.17121188342571259,-1.8597311973571777,-1.962662696838379,-2.8863158226013184,0.8815976977348328,-1.1394304037094116,-1.3723539113998413,-1.087056279182434
-4.24611234664917,0.19277678430080414,3.2401440143585205,-0.1666351705789566,0.6911857724189758,0.5511914491653442,0.43667253851890564,-1.2354158163070679,-1.5262017250061035,-1.8466359376907349,16.11809539794922,-0.3889777362346649,-0.4500699043273926,-0.3799923360347748
-4.4994425773620605,0.07329828292131424,3.0008885860443115,0.6706219911575317,-0.5052737593650818,0.30205830931663513,-0.45135945081710815,-1.726593255996704,-10,-2.04425048828125,5.537334442138672,0.5630147457122803,0.1181635633111,-0.173770010471344
-3.758852958679199,0.693111777305603,3.3841497898101807,0.7523505091667175,0.6112358570098877,0.061437491327524185,0.23787564039230347,-0.8131681084632874,-1.5126588344573975,-2.3584094047546387,0.6904451251029968,-1.2340272665023804,-1.3467024564743042,-1.07466459274292
-3.926892042160034,0.36301642656326294,2.8496272563934326,0.6451237797737122,-0.14719834923744202,-0.749597430229187,0.015864524990320206,-1.64089834690094,-2.2997219562530518,-2.876474142074585,1.472208857536316,-0.5375572443008423,-0.5940114259719849,-0.5023982524871826
-3.958057165145874,0.5155753493309021,3.013737201690674,0.6182690858840942,-0.07443895190954208,-0.7710025310516357,-0.1332564502954483,-1.4005581140518188,-2.9340171813964844,-3.5758309364318848,-0.4910895824432373,0.6711335778236389,0.6644560694694519,0.9056763648986816
-3.4692201614379883,0.8166961073875427,3.19928240776062,0.7657063603401184,0.5382101535797119,0.18840841948986053,0.2975328862667084,-1.3077665567398071,-1.5809439420700073,-2.6265523433685303,2.2252111434936523,0.2530609965324402,0.18999047577381134,0.3471229374408722
-2.9909136295318604,0.6972813606262207,2.6531295776367188,-0.44208183884620667,0.5820406079292297,0.5621759295463562,0.3869761526584625,-1.1065748929977417,-1.5741397142410278,-1.9268608093261719,16.11809539794922,-1.3823875188827515,-1.423527479171753,-1.2159252166748047
-3.3253188133239746,0.709273636341095,3.161945104598999,0.5645003318786621,-0.39682215452194214,-0.7194758653640747,-0.07890517264604568,-1.358059287071228,-1.9493285417556763,-2.2037951946258545,16.11809539794922,-1.1857924461364746,-1.3226901292800903,-1.178424596786499
-3.422004461288452,0.7368321418762207,2.731579542160034,0.40207910537719727,0.5617607831954956,0.19603998959064484,0.6959350109100342,-2.0411908626556396,-2.5340638160705566,-3.0906920433044434,1.5464924573898315,-0.05468181520700455,-0.1886802613735199,-0.14298628270626068
-3.525405168533325,0.7831441760063171,2.8515682220458984,0.930804967880249,-0.04005671292543411,0.3420313000679016,0.12252398580312729,-1.5460047721862793,-3.0663368701934814,-3.5078184604644775,-0.36521288752555847,-0.6782485246658325,-0.9452793598175049,-1.0786269903182983
-3.088487386703491,0.9862651228904724,2.5975341796875,-0.26327070593833923,0.7086917161941528,0.6544427871704102,0.012213296256959438,-1.1745736598968506,-2.097684383392334,-2.616887331008911,0.48881542682647705,-0.43812012672424316,-0.48537787795066833,-0.43107879161834717
-2.625699043273926,0.9406977295875549,2.3563647270202637,-0.4969792664051056,0.7791783213615417,0.32555943727493286,-0.19975939393043518,-2.0019431114196777,-1.9770358800888062,-10,5.537334442138672,-1.0495707988739014,-1.0634723901748657,-1.0078659057617188
-3.1311023235321045,1.252859115600586,2.1201364994049072,-0.5992781519889832,0.7477331757545471,0.24676160514354706,0.1444626748561859,-2.634387731552124,-2.5344207286834717,-10,5.537334442138672,-0.7715387940406799,-0.563014805316925,-0.563014805316925
-2.89673113822937,1.0770360231399536,2.499711751937866,0.5870793461799622,0.45647504925727844,0.4428423345088959,0.5008583068847656,-1.8342682123184204,-2.5539162158966064,-3.1046645641326904,2.457803964614868,-0.7710332870483398,-0.8468959927558899,-0.9331128597259521
-3.1311280727386475,1.246759295463562,2.3853955268859863,0.4822295010089874,0.6906617879867554,0.5229092240333557,0.13041067123413086,-2.182072162628174,-2.4943058490753174,-3.2728796005249023,16.11809539794922,-1.2455812692642212,-1.1741902828216553,-1.1605263948440552
-2.886125087738037,0.8664953708648682,2.6625864505767822,-0.5204803347587585,0.8030405640602112,-0.2702627182006836,-0.10575497150421143,-10,-2.5513112545013428,-2.0655338764190674,5.537334442138672,-0.688129186630249,-0.7993419766426086,-0.688129186630249
-2.748847007751465,1.1015015840530396,3.066807270050049,-0.4398253858089447,-0.079029381275177,0.8865007758140564,-0.1201014518737793,-1.263522744178772,-2.0713400840759277,-2.286480188369751,2.3285603523254395,-1.364156723022461,-1.423936128616333,-1.3083677291870117
-2.5294559001922607,1.3162833452224731,2.7463252544403076,0.537603497505188,0.7910646200180054,0.28190281987190247,0.0756974145770073,-1.2782204151153564,-1.980496883392334,-3.4254233837127686,1.6133809089660645,0.28072479367256165,0.29370400309562683,0.20729917287826538
-2.352795124053955,1.19994056224823,3.1595427989959717,0.7155836224555969,-0.4858555793762207,-0.2352450042963028,-0.44333308935165405,-0.9772897362709045,-1.1759699583053589,-2.37861704826355,6.2587761878967285,-1.7627785205841064,-1.7451952695846558,-1.7382463216781616
-4.103325843811035,0.6831583976745605,3.5882914066314697,0.7099514603614807,0.6231132745742798,0.07130184024572372,0.3203354477882385,-1.5114259719848633,-1.8238933086395264,-2.5927765369415283,2.582369327545166,0.5916567444801331,0.5771058201789856,0.5455904006958008
-3.4772591590881348,0.36869722604751587,3.1511447429656982,0.6553328037261963,-0.5688650012016296,0.08225386589765549,-0.49006715416908264,-7.725419521331787,-1.6198152303695679,-1.7602922916412354,5.537334442138672,-1.1329803466796875,-0.9800627827644348,-0.7854403853416443
-3.9651856422424316,0.5015742182731628,3.9282729625701904,0.916219174861908,0.17617587745189667,-0.3216661512851715,-0.1613549143075943,-1.1914290189743042,-1.545216679573059,-2.248622179031372,1.8048869371414185,1.1735031604766846,1.157615303993225,1.1798568964004517
-4.255991458892822,0.6981056332588196,3.4490292072296143,0.7035344839096069,0.6964943408966064,0.12669329345226288,0.062319181859493256,-1.2128300666809082,-1.9015718698501587,-2.3277699947357178,0.026998551562428474,0.15229341387748718,0.09268976002931595,0.17111244797706604
-4.371940612792969,0.8012204766273499,3.7222883701324463,0.6391641497612,0.7194764018058777,0.26907745003700256,-0.03768560662865639,-1.6803216934204102,-2.097932815551758,-3.0034573078155518,1.5562113523483276,-0.5127963423728943,-0.6295698285102844,-0.6123241186141968
-3.488300323486328,0.9057521820068359,3.8158974647521973,0.5345816612243652,-0.6288074254989624,-0.46757787466049194,-0.3165353238582611,-1.0180823802947998,-2.1541225910186768,-3.119513511657715,-0.8178853988647461,-0.55611652135849,-0.5907662510871887,-0.4661422371864319
-3.1581177711486816,1.181872010231018,3.2335565090179443,0.8017706871032715,-0.01973980851471424,-0.5756523609161377,0.15936905145645142,-1.8444870710372925,-1.9448546171188354,-2.2135040760040283,0.260553777217865,-0.8235993385314941,-0.8634321093559265,-0.6787326335906982
-3.043004035949707,1.084132432937622,3.6816582679748535,0.504730761051178,0.755555272102356,0.377877414226532,-0.17774058878421783,-1.2784062623977661,-2.63287353515625,-3.768209218978882,0.5902904272079468,1.6155792474746704,1.5904793739318848,1.4336047172546387
-2.3718998432159424,0.9532884359359741,3.849971055984497,0.7598015666007996,0.6370427012443542,0.11077402532100677,-0.06787718832492828,-0.8649839162826538,-1.5135711431503296,-2.3965189456939697,0.21503803133964539,0.34225380420684814,0.22458472847938538,0.291338711977005
-0.5515521168708801,0.8941431045532227,2.7548418045043945,0.5945743322372437,-0.5260100364685059,-0.3932979106903076,0.46380123496055603,-1.5950937271118164,-10,-1.594989538192749,5.537334442138672,-1.7724539041519165,-1.7724539041519165,-1.7724539041519165
-3.1809799671173096,1.5912302732467651,3.00334095954895,0.969664990901947,0.0629340261220932,-0.053412552922964096,-0.23007872700691223,-1.6464922428131104,-2.501621723175049,-3.323463201522827,-0.499896377325058,-1.1026217937469482,-1.0161434412002563,-1.0620042085647583
-3.5285539627075195,2.037195920944214,2.8315203189849854,0.8643876910209656,-0.3068523108959198,-0.39600053429603577,0.043117865920066833,-1.4964088201522827,-2.102804183959961,-3.9332780838012695,-1.0033804178237915,-0.5752007961273193,-0.6119884848594666,-0.4178560674190521
-2.818981647491455,1.3821566104888916,2.163008451461792,0.8960747718811035,0.11976616829633713,0.3163596987724304,0.28744152188301086,-1.7656607627868652,-2.5415780544281006,-2.9268155097961426,-0.036801211535930634,0.008430142886936665,0.3061440885066986,0.25369128584861755
-3.1826906204223633,1.7392159700393677,2.302605628967285,0.2813660204410553,0.5917285084724426,0.34425005316734314,0.6724451184272766,-1.597639799118042,-2.077446937561035,-3.106663703918457,-0.5418938398361206,-0.3484819233417511,-0.19596756994724274,-0.12612882256507874
-3.0910000801086426,1.3336987495422363,2.303332567214966,-0.644897997379303,0.7228337526321411,0.24676160514354706,-0.026957150548696518,-3.1453418731689453,-1.9756617546081543,-10,5.537334442138672,-1.285897970199585,-1.2024883031845093,-1.1468819379806519
-2.9759440422058105,1.3918009996414185,2.3131906986236572,0.8419478535652161,-0.41126933693885803,-0.3490605354309082,-0.01175055280327797,-10,-2.740731716156006,-2.7436318397521973,5.537334442138672,-0.8827515840530396,-0.6742275953292847,-0.7437355518341064
-2.645278215408325,1.5873818397521973,2.5712890625,0.9122112393379211,-0.0011586444452404976,-0.4096941649913788,0.004466966260224581,-1.7126288414001465,-2.0251660346984863,-2.6971888542175293,0.7898315191268921,-0.15066084265708923,0.006172921974211931,-0.1922261118888855
-2.989833116531372,1.933597207069397,2.2004635334014893,0.30598917603492737,0.3811107575893402,0.4667045474052429,0.7370970845222473,-1.2488867044448853,-3.860318660736084,-4.263330459594727,1.112836241722107,-1.6551181077957153,-1.6551181077957153,-1.5167450904846191
-3.0800423622131348,1.904615879058838,2.0253288745880127,-0.5730122327804565,0.7436557412147522,-0.339383602142334,0.05875276401638985,-10,-2.0646233558654785,-2.5740907192230225,-0.08632808178663254,-0.8688499927520752,-0.41009721159935,-0.3405891954898834
-2.8823764324188232,1.9335031509399414,2.4892966747283936,-0.2566893696784973,0.6593034863471985,0.7060888409614563,0.02946271188557148,-1.2789924144744873,-2.397642135620117,-2.7323360443115234,-0.4347632825374603,-1.0006705522537231,-0.8520631790161133,-0.9381389617919922
-2.5863473415374756,2.2649595737457275,2.356642007827759,-0.13786455988883972,0.6051185727119446,0.7651804685592651,-0.17124176025390625,-0.8804217576980591,-2.455993890762329,-3.1505825519561768,0.2582363486289978,-0.4983319342136383,-0.3630308508872986,-0.4802924692630768
-3.071180820465088,1.611167073249817,3.1198463439941406,0.13370861113071442,0.4614725410938263,0.5678667426109314,0.6683505177497864,-1.2405130863189697,-2.719602108001709,-3.713843822479248,-0.24670249223709106,-0.34192779660224915,-0.2941715717315674,-0.3385317623615265
-2.43220853805542,1.7730265855789185,2.8720874786376953,0.2834010720252991,0.7969088554382324,0.5146603584289551,0.14051610231399536,-1.247857928276062,-2.120664358139038,-2.80983304977417,0.46849262714385986,-0.9345661401748657,-0.902519941329956,-0.8057743906974792
-2.3934788703918457,1.8973217010498047,2.9433770179748535,0.35932570695877075,0.8492088913917542,0.2814868688583374,-0.26550784707069397,-0.9956532716751099,-1.6425665616989136,-1.8239768743515015,-0.42715340852737427,0.59122234582901,0.6671975255012512,0.7761701941490173
-3.156846046447754,2.0986452102661133,2.69578218460083,0.49181288480758667,0.5552518963813782,0.25093188881874084,0.6219715476036072,-1.494806170463562,-2.3932368755340576,-2.570775032043457,-0.49080249667167664,-0.565263569355011,-0.5281965136528015,-0.4076070487499237
-3.0480763912200928,1.8208000659942627,3.1684412956237793,-0.19407492876052856,0.3330076038837433,0.6060811281204224,0.6957776546478271,-1.497096300125122,-2.0488686561584473,-2.7494285106658936,0.19960461556911469,-0.41682761907577515,-0.3229946792125702,-0.3151721656322479
-3.5539937019348145,2.536571741104126,2.4202375411987305,0.8577815890312195,0.33659857511520386,0.022578677162528038,-0.3878174424171448,-1.0322529077529907,-2.162492036819458,-3.7386081218719482,-0.5744993686676025,0.29409801959991455,0.37915363907814026,0.6162917017936707
-3.810847043991089,2.612741708755493,2.5917985439300537,0.8856688141822815,0.3453785181045532,0.21988455951213837,-0.21898669004440308,-1.1741859912872314,-2.519432544708252,-3.0375843048095703,-0.6123811602592468,-0.021560240536928177,-0.08231248706579208,0.16022400557994843
-3.567660093307495,1.9551395177841187,2.985525608062744,0.7086908221244812,-0.6075726747512817,0.0435461662709713,0.35597261786460876,-10,-4.012882709503174,-2.2010996341705322,1.9776588678359985,-0.4657036066055298,-0.5352115631103516,-0.35449081659317017
-3.014296054840088,1.985453724861145,2.9046876430511475,-0.6642518043518066,0.7353134751319885,0.05875276401638985,0.12096156924962997,-2.862675428390503,-10,-1.853540062904358,2.0149030685424805,-0.2849828004837036,-0.2293764054775238,-0.006950825918465853
-2.736802339553833,2.310694456100464,3.2594027519226074,0.734745442867279,0.5305614471435547,-0.40271085500717163,-0.12836521863937378,-1.0210171937942505,-2.138763189315796,-2.3263182640075684,-0.5583421587944031,-0.03076164796948433,0.08785621076822281,0.03468796983361244
-3.233450174331665,1.3867485523223877,3.137343168258667,-0.5495111346244812,0.8057205080986023,-0.09746046364307404,-0.19837696850299835,-2.0897598266601562,-3.1232666969299316,-10,0.8944319486618042,-0.8966531753540039,-0.9244563579559326,-0.6047195792198181
-3.2197530269622803,1.4979006052017212,3.251699209213257,0.6843872666358948,-0.5992781519889832,-0.12925608456134796,0.39468032121658325,-10,-3.345670700073242,-2.2477235794067383,0.5719616413116455,-0.5491132140159607,-0.563014805316925,-0.39619559049606323
-3.40055513381958,2.4805853366851807,3.0762219429016113,0.6260045170783997,-0.5315396785736084,0.02004506066441536,0.5702474117279053,-10,-3.230020523071289,-1.9764574766159058,0.9718605875968933,-0.2293764054775238,-0.2849828004837036,-0.1459668129682541
-2.041799783706665,1.4069581031799316,2.411773681640625,0.7795118093490601,-0.21496598422527313,-0.12096156924962997,0.5757770538330078,-2.0014264583587646,-10,-2.0230813026428223,5.537334442138672,-0.563014805316925,-0.2015732079744339,-0.41009721159935
-2.170552968978882,2.046082019805908,2.2895309925079346,0.8352433443069458,-0.5052737593650818,0.11404947936534882,0.18455280363559723,-10,-3.141058921813965,-2.222292423248291,2.1756255626678467,0.2710811495780945,0.42399874329566956,0.42399874329566956
-2.120986223220825,2.8425116539001465,2.0363426208496094,-0.20230722427368164,0.6612820625305176,0.7083317637443542,-0.14157648384571075,-0.7866911292076111,-2.555011034011841,-2.9447972774505615,-1.0221772193908691,0.3190537095069885,0.6232717633247375,0.5589009523391724
0.21174585819244385,0.8173201680183411,0.40866607427597046,0.7334303259849548,0.4529713988304138,-0.004423744045197964,0.506830632686615,-1.6644527912139893,-2.822981119155884,-3.3270819187164307,-0.4938054382801056,1.484886646270752,1.4587441682815552,1.4914222955703735
0.46691998839378357,0.5386396050453186,0.28883033990859985,-0.11744396388530731,0.6758496761322021,0.721150815486908,0.09682785719633102,-2.0716850757598877,-2.2704038619995117,-2.7307686805725098,16.11809539794922,-1.3999220132827759,-1.5487743616104126,-1.4526548385620117
0.8479048013687134,0.6739447116851807,0.24491636455059052,0.5874559283256531,0.04940342530608177,-0.7491803169250488,-0.3019663393497467,-1.6706137657165527,-1.912495732307434,-2.5279276371002197,0.7006740570068359,-1.6777945756912231,-1.754587173461914,-1.6694450378417969
0.48825445771217346,0.7865447998046875,0.28186625242233276,0.5955455899238586,-0.1388547569513321,-0.7418578863143921,0.27512115240097046,-2.2473111152648926,-2.4153053760528564,-2.7406883239746094,16.11809539794922,-1.512346863746643,-1.6100233793258667,-1.5794545412063599
0.509670078754425,0.8554821014404297,0.1402154564857483,0.34141719341278076,0.7141810655593872,0.4293747842311859,0.43476077914237976,-2.328298568725586,-2.781742811203003,-3.1546480655670166,1.7889456748962402,-0.3543268144130707,-0.6967507004737854,-0.8755567073822021
0.6616957783699036,1.0492658615112305,0.15684935450553894,-0.24531327188014984,0.822952389717102,0.498566597700119,0.11833037436008453,-1.8620672225952148,-2.3737213611602783,-3.735464334487915,0.2889614403247833,1.7551262378692627,1.7519757747650146,1.7377985715866089
0.7748317718505859,0.9488424062728882,0.21913160383701324,-0.26858359575271606,0.7066181302070618,0.5254343152046204,0.3904772400856018,-2.120561361312866,-2.232417106628418,-2.6554880142211914,16.11809539794922,0.25088104605674744,0.05771183222532272,-0.0001245444145752117
0.5579153895378113,0.9674023985862732,0.22520650923252106,-0.5743946433067322,0.7854637503623962,0.23017258942127228,-0.01175055280327797,-3.392674684524536,-10,-2.3494484424591064,3.0992729663848877,-0.2849828004837036,-0.6464243531227112,-0.006950825918465853
0.574065625667572,1.1705445051193237,0.3933100998401642,-0.43371984362602234,0.21764574944972992,0.8130789995193481,0.32158970832824707,-1.7299379110336304,-2.557494878768921,-3.448211908340454,-1.200995683670044,-0.07889746129512787,-0.2995123565196991,-0.39704036712646484
0.8418930172920227,1.3844115734100342,0.34220221638679504,0.7744094133377075,0.36442670226097107,0.3497353792190552,0.3810097575187683,-1.7857911586761475,-2.147753953933716,-2.576004981994629,-0.6647288799285889,0.4209420382976532,0.4614534080028534,0.3684653043746948
0.6427712440490723,1.4007169008255005,0.4087700843811035,0.44788867235183716,0.3605716824531555,0.43286219239234924,0.6942723989486694,-1.7017111778259277,-2.721614360809326,-3.077913284301758,-0.8160086870193481,1.5335936546325684,1.4967143535614014,1.531104564666748
0.8358550071716309,1.2386255264282227,0.33454129099845886,0.9637762308120728,-0.02912542223930359,0.2257966548204422,0.1389349102973938,-1.625890851020813,-2.7498319149017334,-3.112805128097534,0.6292959451675415,-1.7724539041519165,-1.7724539041519165,-1.7724539041519165
0.5971494317054749,0.8895922303199768,0.7237131595611572,0.6780668497085571,-0.5066561698913574,0.521862804889679,0.10575497150421143,-1.9312282800674438,-8.051908493041992,-1.9061896800994873,5.537334442138672,-1.5917330980300903,-1.7724539041519165,-1.7724539041519165
0.6545138359069824,1.4763692617416382,0.6923377513885498,-0.1592903584241867,0.5379873514175415,0.8272512555122375,-0.029182279482483864,-1.280236840248108,-2.0978214740753174,-2.699336290359497,-0.5956882834434509,-1.4867231845855713,-1.647127628326416,-1.6287869215011597
1.2065802812576294,0.9356409907341003,0.2590356171131134,-0.2605857849121094,0.8231828808784485,0.46380123496055603,-0.19837696850299835,-1.8517123460769653,-2.198897123336792,-10,5.537334442138672,-1.2163898944854736,-1.3832091093063354,-1.577831506729126
1.5036505460739136,1.225364327430725,0.16264456510543823,0.9049546718597412,-0.2785572111606598,-0.2315549999475479,0.22326049208641052,-2.132110595703125,-10,-2.152088165283203,5.537334442138672,-1.0912755727767944,-1.4388154745101929,-1.577831506729126
1.644335389137268,1.3465913534164429,0.7912153601646423,0.10364005714654922,0.5306437015533447,0.737524151802063,-0.4046407639980316,-1.1752114295959473,-1.56012761592865,-1.7254756689071655,3.1355717182159424,-0.22886067628860474,-0.42817962169647217,-0.28184500336647034
0.0881982073187828,1.3846162557601929,0.229936420917511,0.6776185631752014,-0.2785572111606598,-0.669781506061554,0.12096156924962997,-2.0651497840881348,-10,-2.1979336738586426,-0.8754687309265137,-1.0495707988739014,-1.2024883031845093,-1.021767497062683
0.3022635281085968,1.5668926239013672,0.20993073284626007,0.9250677227973938,-0.0435461662709713,-0.2923814058303833,-0.23846709728240967,-1.9772638082504272,-10,-3.2315406799316406,-0.08632808178663254,-0.006950825918465853,-0.006950825918465853,0.13206516206264496
0.9259151816368103,1.4535109996795654,0.2831040024757385,0.5677772760391235,0.46948203444480896,0.2357780933380127,0.6337382793426514,-1.9711124897003174,-2.424652099609375,-2.9111928939819336,0.8452476263046265,0.1610170304775238,0.24347899854183197,0.056454479694366455
1.20882248878479,1.514154076576233,0.22675159573554993,0.8788800239562988,0.3538573980331421,0.2745113968849182,-0.16431163251399994,-1.985611915588379,-2.524944543838501,-4.002288818359375,0.39745032787323,1.7724539041519165,1.7724539041519165,1.7523561716079712
1.0380394458770752,1.600360631942749,0.7979368567466736,0.23883914947509766,0.7081204652786255,0.3935030698776245,0.5354218482971191,-1.1348062753677368,-1.8102835416793823,-2.2879128456115723,-0.3783057630062103,-0.9593946933746338,-0.984487771987915,-0.90767502784729
0.5840433835983276,1.62061607837677,0.14263887703418732,-0.5992781519889832,0.7001639604568481,-0.2702627182006836,-0.2785572111606598,-3.052820920944214,-2.0241804122924805,-10,0.9718605875968933,1.2580946683883667,1.230291485786438,1.7724539041519165
1.0034366846084595,1.6743396520614624,0.2663103938102722,-0.592366099357605,0.7648179531097412,-0.20805390179157257,-0.1444626748561859,-2.7263872623443604,-2.6356890201568604,-10,-0.05491575598716736,-0.1459668129682541,0.5769163370132446,-0.13206522166728973
1.0938539505004883,1.683254599571228,1.019669771194458,0.6554774641990662,-0.5626214742660522,-0.23660121858119965,-0.44477665424346924,-1.171810269355774,-1.7491551637649536,-3.045888900756836,-0.2792722284793854,-1.7613009214401245,-1.7618321180343628,-1.7591766119003296
0.6617101430892944,1.7037521600723267,0.545928955078125,-0.19145521521568298,0.671069860458374,0.6765925884246826,-0.23501622676849365,-1.2584304809570312,-1.6423076391220093,-3.0167481899261475,-1.6505647897720337,-0.34793779253959656,-0.34897884726524353,-0.23254314064979553
0.38271039724349976,1.6851907968521118,1.0396937131881714,0.8335073590278625,-0.2757905423641205,-0.45197129249572754,-0.15788298845291138,-1.5056085586547852,-1.745981216430664,-2.565103530883789,-0.0037915983702987432,0.5579517483711243,0.5464882254600525,0.5636234283447266
1.680582046508789,1.4306650161743164,0.48182621598243713,-0.5273924469947815,0.7154486775398254,0.4568891227245331,-0.03525165840983391,-2.0651497840881348,-1.9018787145614624,-7.007540702819824,5.537334442138672,-0.8688499927520752,-1.1746851205825806,-1.1468819379806519
1.776287317276001,1.5249762535095215,0.027112917974591255,0.8419581651687622,-0.3544110357761383,-0.06614619493484497,0.40140244364738464,-2.0113556385040283,-2.373608112335205,-3.2458994388580322,-0.2349962592124939,-1.0972301959991455,-1.4448257684707642,-1.4412307739257812
1.733019471168518,1.7334392070770264,0.12564954161643982,0.8903497457504272,0.31485065817832947,-0.09019547700881958,0.3162453770637512,-1.739290714263916,-2.752291202545166,-3.6108438968658447,0.2879377007484436,1.7724539041519165,1.7724539041519165,1.7724539041519165
1.5289024114608765,1.8226195573806763,0.1611039638519287,0.4294811189174652,0.103968046605587,0.697558581829071,0.5640466809272766,-1.955379843711853,-2.682124137878418,-2.857045888900757,-0.287299782037735,1.06881582736969,1.0696383714675903,1.0585172176361084
1.450507640838623,1.7411441802978516,0.6890686750411987,-0.3023623526096344,0.24692362546920776,0.7496432662010193,0.5344536900520325,-1.399355173110962,-1.826526403427124,-2.34867000579834,-0.33350369334220886,1.6758559942245483,1.7377777099609375,1.5202890634536743
2.2058768272399902,1.8277671337127686,0.16877181828022003,0.7578381896018982,0.617675244808197,0.15411143004894257,-0.14285744726657867,-1.7142233848571777,-2.9457528591156006,-4.329986095428467,1.9003043174743652,1.7724539041519165,1.7724539041519165,1.7724539041519165
2.0855355262756348,1.6668134927749634,0.8664692044258118,0.6601826548576355,0.6724094748497009,-0.15421976149082184,0.2970532178878784,-1.3099915981292725,-1.5726395845413208,-2.0744543075561523,1.2831377983093262,0.6226364374160767,0.524316668510437,0.4653122127056122
1.198236107826233,1.8589047193527222,1.3094093799591064,0.6542447805404663,-0.5004097819328308,-0.15873925387859344,-0.5443856120109558,-1.0882782936096191,-1.3648704290390015,-2.0486042499542236,-1.5111616849899292,0.3468385636806488,0.3650137484073639,0.4543858468532562
0.5163288712501526,2.397688865661621,0.040791746228933334,-0.514950692653656,0.6871267557144165,0.19284729659557343,-0.4748605787754059,-2.224181652069092,-1.797048568725586,-10,0.2125614434480667,0.0903603658080101,0.2710811495780945,0.1181635633111
0.07509216666221619,2.4399001598358154,0.22811771929264069,-0.4181814193725586,0.8966168761253357,-0.12925608456134796,0.06704726815223694,-10,-2.862820863723755,-2.489677667617798,5.537334442138672,-1.4805203676223755,-1.4388154745101929,-1.3971107006072998
0.08662857860326767,2.7178432941436768,0.5442598462104797,0.06719062477350235,0.6851654052734375,0.5880401730537415,0.42454978823661804,-1.4757962226867676,-1.9083322286605835,-3.0674965381622314,-0.3662148714065552,-0.6636370420455933,-0.48856425285339355,-0.5787819027900696
1.0558608770370483,2.173201084136963,0.625503420829773,-0.6158671975135803,0.7097740173339844,-0.0739593580365181,-0.33385393023490906,-10,-2.067859649658203,-2.9314613342285156,-0.5045560002326965,-0.11816361546516418,-0.1459668129682541,0.18767155706882477
0.8544272780418396,2.630826950073242,0.8216049075126648,0.2330387532711029,0.6639916300773621,0.39636465907096863,0.589663565158844,-1.4276049137115479,-2.1945643424987793,-2.2765204906463623,0.4928983747959137,0.28184521198272705,0.33013471961021423,0.31847745180130005
1.3966178894042969,2.0043556690216064,0.32450875639915466,-0.5868363976478577,0.7419679760932922,0.26749786734580994,0.1831703782081604,-3.5048062801361084,-10,-2.948132276535034,3.725693464279175,0.13206516206264496,0.18767155706882477,0.5491131544113159
1.680582046508789,1.7012014389038086,1.2111244201660156,0.7934762835502625,-0.5896012783050537,0.0435461662709713,0.1444626748561859,-2.3915834426879883,-10,-2.431328773498535,5.537334442138672,0.9939643144607544,1.021767497062683,1.1746851205825806
1.6674760580062866,1.8873151540756226,1.3247931003570557,0.7871771454811096,-0.5826891660690308,0.08225386589765549,0.18455280363559723,-1.5336487293243408,-3.055009126663208,-10,5.537334442138672,0.4379003345966339,0.6186211109161377,0.7437354922294617
2.241957426071167,1.6666648387908936,1.2211272716522217,0.6933067440986633,-0.6075726747512817,-0.3407660126686096,-0.18455280363559723,-2.044224500656128,-10,-2.152088165283203,5.537334442138672,0.02085237205028534,-0.04865562170743942,-0.1459668129682541
2.011986017227173,1.8787426948547363,1.144180178642273,0.7933954000473022,0.579986572265625,0.1811445653438568,0.03641399368643761,-1.2629972696304321,-2.7393057346343994,-3.160642385482788,1.7716323137283325,1.7388570308685303,1.7724539041519165,1.7724539041519165
2.3701539039611816,1.7613641023635864,1.0040544271469116,-0.17525197565555573,0.691884458065033,0.682006299495697,-0.1595306694507599,-2.073256254196167,-2.28180193901062,-2.496091365814209,-0.18978308141231537,0.041688621044158936,-0.04216012358665466,-0.018797023221850395
1.638431191444397,2.8138647079467773,1.8011363744735718,-0.4574979841709137,0.4754991829395294,0.6954568028450012,0.284492552280426,-1.3450157642364502,-1.9847880601882935,-2.805389165878296,0.6230873465538025,-1.3932665586471558,-1.4777419567108154,-1.5021915435791016
1.7635869979858398,2.3708269596099854,1.4602861404418945,-0.5661001205444336,0.6433157920837402,0.16796378791332245,-0.48730233311653137,-2.860308885574341,-3.0899524688720703,-7.007540702819824,5.537334442138672,-0.5213099718093872,-0.2849828004837036,-0.563014805316925
2.3249623775482178,1.563055157661438,0.03715435042977333,0.8049278855323792,-0.5688650012016296,-0.1610516905784607,0.05045825615525246,-2.4292490482330322,-10,-2.243779182434082,5.537334442138672,1.7724539041519165,1.7724539041519165,1.7724539041519165
2.3380684852600098,1.726287603378296,0.18612165749073029,0.524454653263092,-0.6672460436820984,-0.2969719469547272,-0.4376501739025116,-1.7276513576507568,-2.187566041946411,-3.840338706970215,16.11809539794922,1.7724539041519165,1.6655291318893433,1.6013742685317993
2.8750016689300537,1.6927086114883423,0.9469176530838013,-0.40288594365119934,0.7510321736335754,0.22343721985816956,0.47297924757003784,-1.2269335985183716,-1.8388855457305908,-2.578075408935547,0.45825710892677307,1.6404234170913696,0.9379878640174866,0.837762713432312
3.158620595932007,1.7202885150909424,0.3353392481803894,0.5955716371536255,-0.5510106086730957,-0.43875256180763245,-0.3862355053424835,-1.6757090091705322,-2.0628321170806885,-3.30188250541687,2.220954656600952,0.5843660235404968,0.5244662165641785,0.4752731919288635
3.191866397857666,1.7749587297439575,0.4643893837928772,-0.3417026698589325,0.6811711192131042,0.3679009974002838,0.5328170657157898,-1.4986107349395752,-2.27895450592041,-3.747363328933716,16.11809539794922,1.7287769317626953,1.5901261568069458,1.5166984796524048
3.0130295753479004,1.8086484670639038,0.45545506477355957,-0.6310737729072571,0.7713839411735535,0.0739593580365181,-0.03525165840983391,-3.91912579536438,-1.648539423942566,-10,4.840242385864258,1.7724539041519165,1.7724539041519165,1.7724539041519165
2.900052547454834,1.7354992628097534,0.9490553140640259,0.8425119519233704,0.43748897314071655,-0.19029472768306732,-0.250129759311676,-1.6002851724624634,-2.1273648738861084,-2.9862165451049805,1.1576511859893799,0.33222514390945435,0.05373435467481613,0.08167601376771927
2.655935764312744,1.8719370365142822,0.8758600950241089,-0.17155803740024567,0.6332157254219055,0.7031539678573608,0.27418994903564453,-1.7037253379821777,-2.1924588680267334,-3.35183048248291,1.2357957363128662,1.5031931400299072,1.5518321990966797,1.6321191787719727
3.20625901222229,1.8103140592575073,1.0676567554473877,0.7293469309806824,0.6672165989875793,-0.11288639158010483,-0.1006561815738678,-1.2654471397399902,-1.8154017925262451,-3.0870554447174072,2.1765308380126953,1.0455517768859863,0.9352008104324341,0.8648923635482788
3.255948781967163,1.829209327697754,1.017504096031189,0.7117041945457458,0.6201146245002747,0.1674652248620987,-0.2844124436378479,-1.238186240196228,-1.7292362451553345,-2.510972023010254,0.9855578541755676,1.72487473487854,1.748664379119873,1.7724539041519165
4.046144008636475,1.5907649993896484,0.5194852948188782,0.8295002579689026,0.5278031229972839,0.06624002754688263,-0.17019252479076385,-1.3883036375045776,-1.7217016220092773,-2.6990840435028076,16.11809539794922,1.681161642074585,0.9408336877822876,0.8561374545097351
4.06954288482666,1.6771454811096191,0.2858729958534241,0.7997596859931946,0.4933699071407318,0.26820364594459534,-0.2122201770544052,-1.6766135692596436,-2.202007293701172,-3.286391019821167,16.11809539794922,1.7314081192016602,1.7460821866989136,1.7424193620681763
4.446016788482666,1.8147157430648804,0.440078467130661,-0.35202503204345703,0.7144805788993835,0.6045437455177307,0.01107641588896513,-1.8546535968780518,-2.6443278789520264,-3.175976514816284,0.48514652252197266,0.4118081033229828,0.16629594564437866,0.17079660296440125
3.830521583557129,1.6577376127243042,0.708045244216919,0.4853270351886749,0.8613054752349854,0.13106884062290192,-0.07369876652956009,-1.3583641052246094,-1.8584264516830444,-2.837864398956299,16.11809539794922,1.0825965404510498,0.9311584234237671,0.8749846816062927
3.888852834701538,1.8639309406280518,0.8859926462173462,0.7290767431259155,0.6416266560554504,-0.07316187024116516,0.2267371267080307,-1.7520091533660889,-1.8061177730560303,-3.501669406890869,1.3117722272872925,1.1927796602249146,1.057167410850525,0.9879608750343323
3.83487606048584,1.7383122444152832,1.1504321098327637,0.9289748072624207,-0.3199689984321594,0.03939226642251015,0.18186236917972565,-1.5140271186828613,-1.9958057403564453,-3.1397037506103516,1.6550390720367432,0.30152031779289246,0.07662937045097351,0.047007933259010315
4.195234298706055,1.8598982095718384,0.7581078410148621,0.09242016077041626,0.6663753390312195,0.7288686633110046,-0.12709400057792664,-1.9609969854354858,-2.193403959274292,-2.3941190242767334,1.2642186880111694,0.3217606544494629,0.04667270928621292,0.03880635276436806
4.371937274932861,2.02048659324646,0.6603401899337769,0.9116025567054749,0.2601673901081085,0.312244713306427,0.06161952018737793,-1.723860740661621,-2.19929575920105,-3.852348566055298,-1.3322795629501343,1.3008830547332764,1.2429471015930176,1.2689367532730103
4.233463764190674,1.8693870306015015,0.9562082886695862,-0.4039384424686432,0.2321413904428482,0.7685738205909729,0.43845000863075256,-1.698384165763855,-2.260613441467285,-2.9454634189605713,0.4290521740913391,-0.4087192416191101,-0.6499407887458801,-0.6279745697975159
4.311651229858398,2.0154032707214355,0.7842972874641418,0.8041959404945374,0.533204972743988,0.2123601883649826,-0.15448127686977386,-1.6042882204055786,-2.7977747917175293,-3.0148892402648926,0.2702079117298126,-1.4549068212509155,-1.5529431104660034,-1.5142019987106323
4.3711137771606445,2.2355542182922363,0.9400354027748108,-0.49695733189582825,0.2996094226837158,0.7679234147071838,0.27122169733047485,-1.9022494554519653,-2.473799228668213,-2.9142985343933105,2.3744821548461914,0.22859051823616028,0.1579420417547226,0.22822001576423645
4.067721366882324,2.2151029109954834,1.0257586240768433,-0.34208574891090393,0.6276960372924805,0.6967923641204834,0.058782897889614105,-1.6157678365707397,-2.6624503135681152,-2.99702787399292,-0.036724500358104706,-0.002705282298848033,0.03206894174218178,0.2441614419221878
4.218230724334717,2.143160104751587,1.237609624862671,-0.38860034942626953,0.334680438041687,0.8337047100067139,0.20473216474056244,-1.471377968788147,-1.9525834321975708,-3.663564682006836,0.6788634657859802,-1.3192813396453857,-1.4267653226852417,-1.3354909420013428
4.549064636230469,2.3955130577087402,0.8254227042198181,-0.5495111346244812,0.7532030940055847,0.28546929359436035,-0.2218780815601349,-3.0866129398345947,-2.488006114959717,-10,0.5719616413116455,-1.230291485786438,-1.369307518005371,-1.2163898944854736
4.418064117431641,2.665278434753418,1.2241052389144897,0.550134003162384,-0.2861626446247101,-0.7707001566886902,0.14657707512378693,-1.0442389249801636,-2.1187493801116943,-2.7970619201660156,-1.7583509683609009,-0.12322144955396652,-0.08787094801664352,-0.3581932485103607
2.9442780017852783,1.7698527574539185,1.126936912536621,-0.4015924036502838,0.7536799311637878,0.4403001070022583,0.27717480063438416,-10,-1.763319730758667,-2.3720154762268066,5.537334442138672,0.6603259444236755,0.4379003345966339,0.02085237205028534
3.3980541229248047,1.8703842163085938,1.6453375816345215,0.6920344233512878,0.6519381999969482,-0.1633392870426178,0.2634105980396271,-1.788129210472107,-2.2033731937408447,-2.9923532009124756,3.785510301589966,-1.2323472499847412,-1.3268781900405884,-1.220928430557251
2.7838385105133057,1.9217854738235474,2.186466932296753,-0.13596877455711365,0.5621235966682434,0.6164794564247131,0.5343057513237,-1.0955791473388672,-1.9714218378067017,-2.167646646499634,1.6634421348571777,0.803520143032074,0.665517270565033,0.5660749077796936
3.433844566345215,1.730881929397583,2.3295156955718994,0.5026659369468689,-0.5285589694976807,-0.45640239119529724,-0.5095579028129578,-1.2118839025497437,-1.3128244876861572,-1.5948240756988525,1.4647905826568604,-0.048031240701675415,-0.09354083240032196,0.13537658751010895
4.151722431182861,2.1556813716888428,1.3041200637817383,0.6557492017745972,0.5896937847137451,0.39660531282424927,0.25486940145492554,-1.2873934507369995,-1.6051459312438965,-1.8869037628173828,2.448284387588501,-0.8919119834899902,-0.9665756225585938,-0.8265043497085571
3.963236093521118,2.0774800777435303,1.4603620767593384,0.5922465920448303,0.7253977656364441,0.23144307732582092,0.2635832130908966,-1.1216398477554321,-1.9425957202911377,-2.1490702629089355,0.5208428502082825,0.46982499957084656,0.47776713967323303,0.7410053014755249
3.650846004486084,2.060333013534546,1.674506425857544,0.9106767177581787,0.20543178915977478,0.34407302737236023,-0.10039651393890381,-1.6215496063232422,-1.9191974401474,-2.5348970890045166,2.8251895904541016,-0.3046976327896118,-0.43455520272254944,-0.4802462160587311
3.6599605083465576,2.1506757736206055,1.5559940338134766,-0.41405215859413147,0.24072767794132233,0.8526492714881897,0.20880675315856934,-1.9112862348556519,-2.5370540618896484,-2.961134433746338,16.11809539794922,0.17102700471878052,0.030244171619415283,-0.01132105104625225
4.139370918273926,2.2839770317077637,1.1609654426574707,0.5719340443611145,0.19073334336280823,-0.7824009656906128,-0.15607991814613342,-2.139028310775757,-2.4241585731506348,-2.9792182445526123,16.11809539794922,-0.3490196466445923,-0.4021812379360199,-0.2931559383869171
3.9344379901885986,2.10783052444458,1.7101781368255615,0.6177979707717896,0.19258926808834076,0.3310695290565491,0.6867517828941345,-1.4010818004608154,-1.870322346687317,-2.442195415496826,1.4788200855255127,-1.497094988822937,-1.7302839756011963,-1.691046953201294
4.20029878616333,2.58929705619812,1.7827109098434448,0.7514364123344421,0.5170099139213562,-0.16014744341373444,0.37735515832901,-1.446177363395691,-2.2685699462890625,-3.317410707473755,1.2816802263259888,-1.5030027627944946,-1.5226130485534668,-1.478456974029541
4.465263843536377,2.38334059715271,1.0724698305130005,-0.5799243450164795,0.6806520223617554,0.02004506066441536,0.44721221923828125,-10,-2.4084672927856445,-3.725642204284668,5.537334442138672,-0.03475402295589447,-0.1459668129682541,-0.006950825918465853
4.213860988616943,2.492892026901245,1.2903380393981934,0.8036424517631531,-0.5840715765953064,-0.0034560449421405792,0.11404947936534882,-10,-1.7279691696166992,-2.572079658508301,-1.2227606773376465,-1.7585523128509521,-1.7724539041519165,-1.4805203676223755
3.5266940593719482,2.1958858966827393,1.908928394317627,-0.6310737729072571,0.7398658394813538,0.2315549999475479,-0.026957150548696518,-1.9751359224319458,-1.4981905221939087,-10,5.537334442138672,-0.11816361546516418,-0.10426201671361923,0.0625571683049202
3.9624831676483154,2.1071348190307617,2.2496190071105957,0.38360390067100525,0.3840310275554657,0.3181668221950531,0.7772632241249084,-0.8634803891181946,-1.11814284324646,-1.4148695468902588,2.1050446033477783,-1.0269966125488281,-1.0773732662200928,-1.0872160196304321
3.9989147186279297,2.4473276138305664,1.9001182317733765,0.891179621219635,-0.3225058317184448,-0.30124834179878235,-0.10506356507539749,-1.2953760623931885,-1.8766227960586548,-2.4633753299713135,1.0178803205490112,-0.049755245447158813,-0.0808200016617775,-0.043965402990579605
3.699061393737793,2.9303970336914062,1.8886724710464478,0.19399765133857727,0.558651864528656,0.6272715926170349,0.5067576766014099,-1.2882945537567139,-2.015031099319458,-3.071669101715088,-0.6659408211708069,1.0119847059249878,1.2067681550979614,0.7923115491867065
1.4645683765411377,1.281529188156128,3.100801706314087,0.6837632656097412,0.7185988426208496,0.1154588833451271,-0.052467044442892075,-0.2819066345691681,-0.7598324418067932,-1.4519151449203491,2.316385269165039,-0.6114702820777893,-0.6969216465950012,-0.7179425358772278
1.7888991832733154,1.5584429502487183,2.5054197311401367,0.45797720551490784,0.7674494385719299,0.052953362464904785,0.44550445675849915,-0.9845653772354126,-1.4099516868591309,-2.2596030235290527,-0.23628048598766327,-0.11164212971925735,0.010453256778419018,0.2901808023452759
2.3424901962280273,2.3108630180358887,2.258647918701172,0.7691358327865601,0.40155258774757385,0.4455913007259369,0.22053106129169464,-1.2281497716903687,-2.9648025035858154,-3.169700860977173,0.6965600252151489,-1.393303632736206,-1.4999357461929321,-1.486173152923584
2.2622592449188232,2.490307569503784,2.2574868202209473,0.40095624327659607,0.8896269798278809,-0.0751432552933693,-0.205308198928833,-1.4377375841140747,-2.179130792617798,-3.14841365814209,1.542565107345581,-1.1307692527770996,-1.25406813621521,-1.1828724145889282
2.5403854846954346,1.9484217166900635,2.923135757446289,0.536079466342926,-0.45449426770210266,-0.4320068657398224,-0.5651759505271912,-0.9422918558120728,-1.5826388597488403,-2.459188222885132,16.11809539794922,-1.7724539041519165,-1.7724539041519165,-1.7517935037612915
1.7265106439590454,1.6214566230773926,3.312603712081909,0.707579493522644,0.5519358515739441,-0.04841854050755501,0.43858152627944946,-0.9645415544509888,-1.1078267097473145,-1.8010332584381104,0.9084407687187195,1.0415244102478027,1.2172876596450806,1.1579872369766235
2.0113420486450195,1.8017425537109375,3.4625792503356934,0.6960013508796692,-0.0732262134552002,-0.703951895236969,0.12112702429294586,-1.099748134613037,-1.7153732776641846,-2.716705799102783,-0.2636399269104004,-1.566123604774475,-1.634900450706482,-1.5411137342453003
1.544803500175476,2.531843662261963,3.4067728519439697,0.7147351503372192,-0.5826891660690308,-0.31588250398635864,0.22326049208641052,-2.2463362216949463,-1.904721975326538,-10,2.1756255626678467,-0.563014805316925,-0.45180198550224304,-0.563014805316925
1.6478506326675415,2.95432710647583,3.4042980670928955,0.04430874064564705,0.756488025188446,0.4257782995700836,0.4944445788860321,-0.8698796033859253,-1.3939793109893799,-2.3340961933135986,0.24015378952026367,-0.05077400431036949,0.08906330913305283,0.008860420435667038
2.784309148788452,1.9886837005615234,3.416463851928711,0.8301586508750916,0.4855954647064209,0.1538981795310974,-0.22660307586193085,-0.7623106241226196,-1.0673099756240845,-2.588482141494751,0.10624266415834427,-0.19692902266979218,-0.3767351508140564,-0.5008745789527893
1.450806975364685,3.0055415630340576,3.5837833881378174,0.4005553722381592,0.5077320337295532,0.6982396841049194,0.30696073174476624,-0.8381931781768799,-1.6004506349563599,-1.8327181339263916,0.7023210525512695,-0.7016354203224182,-0.6198015809059143,-0.6580425500869751
1.7844663858413696,3.019519805908203,3.548630714416504,0.30949822068214417,0.3771834969520569,0.8111997246742249,0.32233282923698425,-0.778408944606781,-1.650394320487976,-2.3081002235412598,-0.6114192605018616,0.5292116403579712,0.709227442741394,0.6457339525222778
2.5184507369995117,2.4319138526916504,2.1433699131011963,0.5998794436454773,0.4832117259502411,0.5729247331619263,0.28001487255096436,-1.3140881061553955,-2.59895396232605,-3.278904438018799,1.5320347547531128,-0.7609508037567139,-0.9207400679588318,-0.9512855410575867
2.5396642684936523,2.9430294036865234,2.064445972442627,0.8940196633338928,0.16728068888187408,0.3007591664791107,0.2868622839450836,-1.2388848066329956,-2.1525933742523193,-2.7219722270965576,0.3060917854309082,-1.7470933198928833,-1.7456562519073486,-1.7490441799163818
3.1084954738616943,2.376636266708374,3.3050098419189453,0.6415495872497559,-0.636071503162384,-0.37202188372612,-0.21313579380512238,-0.26389363408088684,-1.7800636291503906,-2.5103752613067627,-0.935611367225647,1.4544470310211182,1.4775748252868652,1.440281867980957
4.107935905456543,2.586235761642456,2.183173656463623,-0.33201101422309875,0.6885632872581482,0.643058180809021,0.04610268399119377,-1.2998552322387695,-2.0091938972473145,-2.3709769248962402,0.12705011665821075,-1.6965221166610718,-1.7724539041519165,-1.5699694156646729
3.6286990642547607,2.1330573558807373,3.2604241371154785,0.6342617273330688,-0.20377777516841888,-0.651798665523529,-0.36241570115089417,-0.7853114008903503,-1.0599454641342163,-1.90182363986969,16.11809539794922,-1.3507074117660522,-1.4177625179290771,-1.321412205696106
3.4010202884674072,1.6943854093551636,3.1105237007141113,0.6195834279060364,0.521578848361969,0.5272570252418518,0.25704440474510193,-0.909774661064148,-1.0691256523132324,-1.7069207429885864,2.895659923553467,-1.2130813598632812,-1.209115982055664,-1.0257835388183594
3.0670387744903564,2.447157144546509,3.864457845687866,-0.3259519636631012,0.7420108914375305,0.5534049868583679,0.19214075803756714,-1.3727763891220093,-1.9205620288848877,-3.588326930999756,1.1199721097946167,1.690394401550293,1.6754745244979858,1.5119457244873047
-2.9636831283569336,2.7801601886749268,1.5296040773391724,-0.6338386535644531,0.6876466274261475,0.0739593580365181,0.34629568457603455,-2.024040937423706,-10,-3.0871388912200928,-0.5890069007873535,0.2710811495780945,0.21547475457191467,0.4935067296028137
-0.4675306975841522,2.936143636703491,0.37493234872817993,-0.44910600781440735,0.7588832974433899,0.42162248492240906,0.2112686187028885,-1.5534790754318237,-1.6832833290100098,-2.694786310195923,-0.14904119074344635,-0.421354740858078,-0.3107134997844696,-0.19554974138736725
-0.24434494972229004,3.0333456993103027,0.17181788384914398,-0.6642518043518066,0.7262652516365051,0.174875870347023,0.026957150548696518,-10,-2.488006114959717,-2.6316733360290527,5.537334442138672,-0.5491132140159607,-0.3405891954898834,-0.39619559049606323
-0.047412920743227005,3.038214683532715,0.16792736947536469,0.7415841221809387,-0.5301572680473328,-0.2398495078086853,0.33385393023490906,-2.650913953781128,-1.789832592010498,-10,0.4712783396244049,0.13206516206264496,0.1181635633111,0.3266875445842743
-0.09775401651859283,3.3047373294830322,0.257797509431839,0.6993193626403809,0.5941341519355774,-0.3964577317237854,0.027898024767637253,-1.7981332540512085,-1.9483399391174316,-2.5060312747955322,16.11809539794922,-0.34493592381477356,-0.09527096152305603,-0.19244523346424103
0.17019200325012207,3.411083936691284,0.3382236063480377,-0.19063377380371094,0.3314279317855835,0.5131821632385254,0.7684128880500793,-1.545549988746643,-2.3405697345733643,-2.901531457901001,1.5868232250213623,0.1976592093706131,0.519821286201477,0.235214501619339
-2.0532052516937256,2.8423397541046143,1.4833177328109741,0.5551225543022156,0.28749707341194153,0.5683701038360596,0.534920334815979,-2.2802319526672363,-3.0457370281219482,-4.127888202667236,16.11809539794922,0.10408639907836914,0.35830384492874146,0.17569103837013245
-2.2765159606933594,2.741208553314209,2.513901948928833,0.7686489224433899,-0.6117199659347534,-0.16796378791332245,-0.08225386589765549,-3.144409656524658,-10,-1.878239631652832,-0.03922071307897568,0.3266875445842743,0.5630147457122803,0.5213099122047424
-2.860656499862671,3.0120978355407715,2.8934402465820312,0.5729028582572937,0.12043382972478867,-0.8107095956802368,-0.00529039790853858,-0.5027755498886108,-1.6038925647735596,-2.725201368331909,-1.680380940437317,0.26894262433052063,0.37938955426216125,0.38274937868118286
-2.9375452995300293,2.914269208908081,2.65940523147583,-0.3987504243850708,0.4382183253765106,0.06273810565471649,0.8031355738639832,-1.1340974569320679,-2.0089733600616455,-2.8616654872894287,-2.514486312866211,1.0219841003417969,1.1563903093338013,1.7724539041519165
-2.3298885822296143,2.986294746398926,2.3993563652038574,0.09589821845293045,0.5315156579017639,0.8217821717262268,0.1815728098154068,-0.7461651563644409,-1.932908058166504,-3.5228233337402344,-1.2452064752578735,0.43677404522895813,0.6101590394973755,0.6385714411735535
-2.1591947078704834,2.741208553314209,2.023698329925537,0.7005678415298462,-0.7001947164535522,-0.13755059242248535,-0.0034560449421405792,-10,-3.2745561599731445,-2.0016837120056152,0.08632808178663254,-0.5491132140159607,-0.27108120918273926,-0.6742275953292847
0.18714982271194458,3.2089312076568604,0.14011259377002716,0.7570875883102417,-0.12317699939012527,-0.5719196796417236,0.2907811999320984,-1.7589908838272095,-2.2664988040924072,-3.617678642272949,0.5582621693611145,-0.6260374784469604,-0.4668034315109253,-0.495296835899353
0.585283637046814,2.9797871112823486,0.03370495140552521,-0.4582715630531311,0.7804967761039734,-0.26335060596466064,-0.33385393023490906,-2.615346670150757,-10,-2.410325527191162,-0.14929629862308502,0.632522702217102,0.8688499331474304,0.5630147457122803
0.8083934783935547,2.901313066482544,1.1099694967269897,-0.4120243489742279,0.5948132872581482,0.56412672996521,0.39773625135421753,-1.1894042491912842,-2.2592194080352783,-2.6862988471984863,1.8084661960601807,0.4352969229221344,0.6519103646278381,0.3475198745727539
2.163792133331299,3.551832675933838,0.2592936158180237,0.6476182341575623,0.3920893967151642,0.5506017804145813,0.35170188546180725,-1.5200815200805664,-2.1088755130767822,-2.720231533050537,1.3570103645324707,-0.03147147223353386,0.12705381214618683,-0.23014841973781586
1.9175552129745483,3.500835418701172,0.8559571504592896,-0.1965332180261612,0.5583587288856506,0.5425065159797668,0.5960679054260254,-1.0917407274246216,-1.5145500898361206,-3.1649394035339355,-1.3569979667663574,0.9638304710388184,0.9125053882598877,1.6183922290802002
2.3680098056793213,3.2119977474212646,0.30869507789611816,0.4229864478111267,0.2110685110092163,0.6142411231994629,0.631854772567749,-1.3617274761199951,-1.7976378202438354,-2.5347354412078857,-0.8274217844009399,-0.4009871184825897,-0.29999420046806335,-0.6882925629615784
2.2918453216552734,3.4161877632141113,0.7389649152755737,-0.3673606514930725,0.7654227614402771,0.3617022633552551,0.38515663146972656,-1.4948326349258423,-2.1185638904571533,-2.691696882247925,1.1941553354263306,0.2899090051651001,0.4271678924560547,0.297233909368515
1.8447662591934204,3.5011146068573,0.5885676145553589,0.32555943727493286,-0.5370693802833557,0.770962655544281,0.10575497150421143,-2.175668478012085,-2.0649869441986084,-10,0.22843924164772034,0.3266875445842743,0.31278595328330994,0.5491131544113159
2.18925142288208,3.505082607269287,1.4200319051742554,0.8229816555976868,0.3099876344203949,-0.44268473982810974,0.1750403493642807,-1.1897755861282349,-2.006509780883789,-2.816871404647827,-0.016733858734369278,-1.1679905652999878,-1.1919370889663696,-1.2224735021591187
0.8334152102470398,2.9411826133728027,1.4166799783706665,0.7215611934661865,0.6254181861877441,0.23865076899528503,-0.17676927149295807,-1.5320475101470947,-1.8640437126159668,-2.609311819076538,1.445554256439209,-0.05103493481874466,0.13624610006809235,-0.16588625311851501
0.8077877163887024,3.0230343341827393,1.877545714378357,0.9550644755363464,-0.2505563199520111,-0.09539511054754257,0.12638472020626068,-1.2203632593154907,-1.357362985610962,-2.091928005218506,0.5591172575950623,-0.7863575220108032,-0.7502750754356384,-0.7417876124382019
1.477126955986023,2.8215816020965576,1.22068452835083,0.7066339254379272,-0.20693887770175934,-0.675608217716217,0.037394244223833084,-1.5273329019546509,-2.081686019897461,-2.5658884048461914,0.18599797785282135,0.12741151452064514,0.26874274015426636,0.06915029138326645
1.5987831354141235,2.878147840499878,1.5460278987884521,0.8731768727302551,0.0880473405122757,-0.4793715178966522,0.003574034897610545,-1.5863264799118042,-2.1614327430725098,-2.5108108520507812,0.7813897728919983,-1.2089418172836304,-1.1172294616699219,-1.2814339399337769
1.4754130840301514,2.8609137535095215,2.0124456882476807,0.8205015659332275,0.5559036731719971,-0.11001795530319214,0.07512892037630081,-1.0498160123825073,-2.36136794090271,-3.6774139404296875,1.8167686462402344,-0.9867768883705139,-1.0181374549865723,-1.1764228343963623
1.646424651145935,3.0707318782806396,1.956425666809082,0.4498084485530853,0.04714445397257805,0.6332992911338806,0.6279981732368469,-1.311492681503296,-2.211409091949463,-2.4622466564178467,0.37091997265815735,-1.7244151830673218,-1.7188398838043213,-1.753085732460022
2.046546220779419,2.9951157569885254,2.3335628509521484,0.7080196738243103,-0.3240903317928314,-0.36646339297294617,-0.5092918276786804,-1.1823018789291382,-1.6520651578903198,-2.7984957695007324,-0.12846536934375763,-0.6939092874526978,-0.598979115486145,-0.7524687647819519
0.9575667977333069,3.9890458583831787,1.5801805257797241,0.8210083246231079,0.03603995218873024,-0.460506796836853,0.3355293273925781,-1.2662874460220337,-2.259547710418701,-2.771186351776123,1.4526728391647339,0.2444704920053482,0.42822059988975525,0.22784534096717834
0.8948759436607361,3.8009679317474365,1.8122307062149048,0.7752576470375061,0.32419002056121826,-0.5415605902671814,-0.024259842932224274,-0.8938470482826233,-1.7396912574768066,-2.5068233013153076,-0.6140663027763367,-0.9785643219947815,-0.9147516489028931,-1.0395395755767822
0.9880443215370178,3.7337305545806885,2.2174861431121826,0.5733511447906494,0.5363025069236755,0.5247475504875183,0.32907161116600037,-1.4076848030090332,-1.9052820205688477,-2.790376901626587,0.11238114535808563,-0.30809739232063293,-0.2001851350069046,-0.22556497156620026
2.5823676586151123,3.197549343109131,1.790908694267273,0.2495199739933014,0.46376147866249084,0.8342854976654053,-0.1631956249475479,-0.8458040356636047,-1.8985847234725952,-3.528637647628784,-0.9356161952018738,-0.44489261507987976,-0.562667965888977,-0.6259713768959045
1.4334688186645508,3.5682132244110107,2.0718626976013184,0.8729875683784485,0.3894805610179901,-0.13684524595737457,-0.2597517669200897,-0.8296543955802917,-1.7794194221496582,-2.5390138626098633,-1.0762073993682861,0.23219633102416992,0.4120318591594696,0.25374743342399597
2.425623893737793,3.281212568283081,0.30579349398612976,0.542191207408905,-0.5892839431762695,-0.3851996958255768,-0.45868760347366333,-1.0482797622680664,-2.0466156005859375,-2.7506351470947266,-0.8975335359573364,0.45986294746398926,0.5940278172492981,0.12693709135055542
2.538346767425537,3.2638332843780518,0.8703616857528687,0.6517906785011292,-0.36915504932403564,-0.6551738977432251,-0.09818650782108307,-0.7077383995056152,-2.117253541946411,-2.779296398162842,-0.9934617877006531,-1.366327166557312,-1.3657703399658203,-1.6530468463897705
3.743185043334961,3.5624308586120605,1.0207682847976685,0.9998400211334229,-0.010786911472678185,0.013279653154313564,-0.005214631091803312,-0.9450395107269287,-1.9089791774749756,-2.535268783569336,-1.7232402563095093,-0.06394059211015701,0.1017012894153595,-0.22698573768138885
2.9722373485565186,3.661034107208252,1.658259630203247,0.7891156077384949,0.2521963119506836,0.44216352701187134,0.343780517578125,-1.1132031679153442,-2.0490763187408447,-2.8642208576202393,1.408862829208374,-1.1023696660995483,-1.2129812240600586,-1.2438884973526
4.4825239181518555,2.993159532546997,1.7691466808319092,0.712775707244873,-0.03199427202343941,-0.6860427260398865,-0.14238190650939941,-0.904521644115448,-2.0918238162994385,-3.0175726413726807,0.3745002746582031,-1.22579824924469,-1.2006072998046875,-1.1780402660369873
4.478404998779297,3.18520188331604,1.8605209589004517,0.6783942580223083,-0.2582032084465027,-0.6856323480606079,0.05496004596352577,-1.4083267450332642,-2.2007477283477783,-2.57027530670166,0.7639570236206055,-0.7328251004219055,-0.6955122947692871,-0.6055686473846436
3.692091464996338,3.004878520965576,1.8769726753234863,0.9558717608451843,-0.025745118036866188,-0.2908240258693695,-0.03267712891101837,-1.9111169576644897,-2.6118133068084717,-2.9119346141815186,0.40600380301475525,0.3666706681251526,0.7293679118156433,0.277809202671051
3.880363941192627,3.011995792388916,2.2355659008026123,0.8772872090339661,0.3074113428592682,0.35700106620788574,-0.09173662215471268,-1.3898556232452393,-1.6553912162780762,-3.299839973449707,-0.4867697060108185,0.1517479419708252,-0.12413275241851807,0.2710811495780945
3.942776918411255,2.7841286659240723,2.348957061767578,-0.1055474802851677,0.4386894106864929,0.4886764883995056,0.746730625629425,-0.9471333622932434,-1.644136905670166,-2.6566081047058105,-0.7872571349143982,-0.7713706493377686,-0.7277634143829346,-0.6413136720657349
4.21598482131958,3.6026103496551514,2.6161341667175293,0.6099071502685547,-0.3780737519264221,-0.672034502029419,-0.18287450075149536,-0.9591185450553894,-1.7615002393722534,-2.1995623111724854,0.2912651300430298,-0.23662416636943817,-0.20183917880058289,0.0030042806174606085
4.0298237800598145,3.2046217918395996,1.7494548559188843,-0.2536737024784088,0.9316858649253845,0.23017258942127228,-0.12096156924962997,-3.2310631275177,-2.861084222793579,-10,5.537334442138672,-0.5213099718093872,-0.1459668129682541,-0.6603260040283203
3.4054627418518066,3.737529993057251,1.2066553831100464,-0.19772109389305115,0.6263860464096069,0.7475326657295227,0.09870050102472305,-2.1270029544830322,-2.70540452003479,-3.1185736656188965,0.6746777892112732,-1.6456599235534668,-1.6318780183792114,-1.7724539041519165
3.0720980167388916,4.022457599639893,1.5189250707626343,0.8512499332427979,0.06985292583703995,0.3920515775680542,0.341744989156723,-0.9592335820198059,-2.120115280151367,-2.7871110439300537,0.27951061725616455,-1.369940996170044,-1.4275643825531006,-1.4448399543762207
3.340766429901123,3.7703590393066406,1.7361639738082886,-0.3854377865791321,0.2131132334470749,0.8012974262237549,0.40489861369132996,-1.0557951927185059,-2.202472686767578,-3.0079402923583984,-0.3242197632789612,-0.38631367683410645,-0.3124488294124603,-0.3509815037250519
3.8562185764312744,3.9838390350341797,0.7037782073020935,0.6595909595489502,0.10006982833147049,-0.6586089730262756,0.34808042645454407,-1.2643587589263916,-1.6304327249526978,-1.8672497272491455,-1.2551966905593872,0.47558796405792236,0.4292285740375519,0.514111340045929
4.535552978515625,3.4039876461029053,1.1145049333572388,-0.5412166118621826,0.7757788300514221,0.0739593580365181,0.31588250398635864,-10,-2.220745086669922,-2.0023741722106934,-0.29225873947143555,-1.035669207572937,-0.9244563579559326,-1.0912755727767944
4.008349895477295,3.5563454627990723,1.1511448621749878,0.8974246382713318,0.42482244968414307,-0.021349504590034485,-0.11704305559396744,-0.9428737759590149,-2.402958631515503,-3.173762559890747,-1.2726610898971558,-0.839580237865448,-0.6651716828346252,-1.0139708518981934
4.318584442138672,4.159645080566406,3.4871432781219482,-0.1843816190958023,0.7649111151695251,0.4637586176395416,0.4072374701499939,-0.05683121457695961,-2.2540602684020996,-2.6970245838165283,-1.56062650680542,0.168277770280838,0.4178401827812195,0.19761638343334198
3.5354020595550537,3.945620059967041,1.6180707216262817,0.6768488883972168,0.6821224689483643,-0.24551105499267578,0.12770624458789825,-1.2621983289718628,-2.336073160171509,-2.5685956478118896,0.02932424284517765,-0.13766852021217346,-0.009763635694980621,-0.13635782897472382
2.1877217292785645,4.277734756469727,1.0677605867385864,0.7733967900276184,-0.05703238025307655,-0.6304268836975098,0.03415604308247566,-1.4991211891174316,-2.432544469833374,-2.4743828773498535,-0.3013763129711151,-0.4859774112701416,-0.5065732598304749,-0.634160578250885
0.9851067066192627,4.240405559539795,2.0999672412872314,0.6339436173439026,0.022455774247646332,-0.6942999958992004,0.33993932604789734,-1.180690050125122,-2.348707914352417,-3.1471810340881348,16.11809539794922,-0.2720135748386383,-0.1503637284040451,-0.22503076493740082
0.7686762809753418,4.741096496582031,1.689064621925354,-0.1207565888762474,0.6525146961212158,0.7402822971343994,0.10781741142272949,-1.0193488597869873,-2.4762518405914307,-2.977867364883423,-0.7468313574790955,-1.2606408596038818,-1.2397233247756958,-1.4966093301773071
0.8522742390632629,4.7337799072265625,1.8818901777267456,0.3323117196559906,0.6017688512802124,0.6781756281852722,0.2598479688167572,-1.0726265907287598,-1.7451608180999756,-2.822145938873291,-0.10417453199625015,0.12901370227336884,0.19274403154850006,0.03320598974823952
0.8829271793365479,4.619771957397461,1.6693822145462036,0.5604520440101624,-0.058180104941129684,-0.7795985341072083,0.2733764052391052,-1.4885661602020264,-2.0289909839630127,-2.850917339324951,1.4133665561676025,-0.23783932626247406,-0.05403178185224533,-0.20373821258544922
3.2137153148651123,4.132104396820068,0.539393961429596,0.719297468662262,0.010218397714197636,-0.6843186616897583,0.1192256435751915,-1.51808500289917,-2.474472761154175,-2.995528221130371,0.2888292074203491,0.21266117691993713,0.21034711599349976,0.03491033613681793
3.3676676750183105,4.463433265686035,1.0261061191558838,0.03290921077132225,0.4878466725349426,0.7194482684135437,0.49327152967453003,-1.2152372598648071,-1.5196958780288696,-1.9415068626403809,-0.08814839273691177,-0.6781694889068604,-0.7225200533866882,-0.9697328209877014
2.311889886856079,3.9841930866241455,0.9423800110816956,0.8895660638809204,-0.37256163358688354,-0.03525165840983391,-0.261968195438385,-2.9301273822784424,-10,-2.0651497840881348,0.26028311252593994,0.8966531157493591,0.9383578896522522,1.2024883031845093
2.8485031127929688,4.211674690246582,0.9251675605773926,-0.02004506066441536,0.930078387260437,-0.34629568457603455,-0.12096156924962997,-2.6122374534606934,-3.2072134017944336,-10,5.537334442138672,-0.29888439178466797,-0.29888439178466797,-0.7715387940406799
2.9728403091430664,4.256275177001953,1.2426520586013794,-0.10033424198627472,0.3763357698917389,0.4144613742828369,0.822512149810791,-1.2220146656036377,-2.0177981853485107,-2.521660327911377,1.3783750534057617,-1.1530499458312988,-1.21366548538208,-1.304734706878662
2.7357616424560547,4.385245323181152,0.9522914290428162,0.7822705507278442,0.5341620445251465,0.2635222375392914,-0.1824272722005844,-1.2144412994384766,-1.8333848714828491,-2.528528928756714,-1.2671799659729004,0.20984883606433868,0.21667426824569702,0.023107321932911873
3.9039340019226074,4.314738750457764,1.0717869997024536,0.6752865314483643,0.6814454197883606,-0.13667801022529602,0.2468588948249817,-0.9699830412864685,-2.3240315914154053,-2.969777822494507,-0.2664993107318878,0.09370940178632736,0.21486292779445648,-0.07127009332180023
3.2290549278259277,4.854605674743652,1.221034049987793,0.3586866855621338,0.34258002042770386,0.5405349731445312,0.6795621514320374,-0.8662575483322144,-1.5365121364593506,-2.7088236808776855,-1.3060181140899658,-0.22029270231723785,-0.2307758778333664,-0.5318187475204468
3.388976573944092,4.625741958618164,1.0054925680160522,-0.5190979242324829,0.8000746369361877,0.23846709728240967,-0.1831703782081604,-6.202274799346924,-1.3640751838684082,-2.0902600288391113,-1.4873905181884766,1.7724539041519165,1.7724539041519165,1.7724539041519165
3.083261013031006,4.863887786865234,1.373975396156311,0.7407473921775818,0.42796754837036133,-0.5176947116851807,-0.011370071209967136,-1.2770357131958008,-1.8998160362243652,-2.568004608154297,0.3413865864276886,0.27992603182792664,0.33077630400657654,0.3007965683937073
2.2829360961914062,4.227010726928711,1.0839049816131592,-0.4015924036502838,0.8858546018600464,0.19837696850299835,0.12096156924962997,-2.2010996341705322,-2.090946674346924,-10,-0.10204925388097763,0.02085237205028534,0.15986835956573486,0.13206516206264496
3.4024884700775146,3.938185691833496,1.7035548686981201,-0.339383602142334,0.9013234972953796,-0.26888027787208557,0.01175055280327797,-1.9298336505889893,-2.930310010910034,-10,5.537334442138672,0.4379003345966339,0.5491131544113159,0.5074083209037781
3.0576109886169434,5.042191028594971,1.2464377880096436,0.9213002920150757,-0.1875433772802353,0.33937743306159973,0.029261473566293716,-1.687566876411438,-2.2113845348358154,-2.5173861980438232,0.5771324038505554,-1.3544021844863892,-1.4582463502883911,-1.7724539041519165
1.0707309246063232,3.5445661544799805,2.543142080307007,0.9244208931922913,-0.18455280363559723,0.3269418478012085,-0.06704726815223694,-10,-2.592833995819092,-2.4083237648010254,5.537334442138672,0.15986835956573486,0.15986835956573486,0.1181635633111
1.4509927034378052,3.1790621280670166,3.1838295459747314,-0.5978957414627075,0.6848674416542053,-0.0739593580365181,0.4098869264125824,-10,-2.047680377960205,-2.4920246601104736,3.0992729663848877,-0.173770010471344,-0.006950825918465853,-0.10426201671361923
1.6826242208480835,2.8544538021087646,3.9201416969299316,0.7459496259689331,-0.4098869264125824,-0.5108034610748291,-0.12096156924962997,-2.9301273822784424,-10,-1.8810076713562012,4.840242385864258,-0.39619559049606323,-0.2849828004837036,-0.3405891954898834
1.2869203090667725,3.6877005100250244,3.2392919063568115,0.8312824964523315,-0.46380123496055603,-0.05875276401638985,-0.3006758987903595,-10,-2.6361002922058105,-1.726161003112793,0.8944319486618042,-0.45180198550224304,-0.2849828004837036,-0.39619559049606323
1.356811285018921,3.901610851287842,3.38163685798645,0.543281614780426,0.8177820444107056,-0.09246829152107239,-0.16591326892375946,-1.2791682481765747,-2.2355282306671143,-2.3181941509246826,-0.6721771955490112,0.10690249502658844,0.2545517683029175,0.42442792654037476
1.6826242208480835,3.7924952507019043,3.336829423904419,0.8194482922554016,-0.5688650012016296,-0.02004506066441536,0.06704726815223694,-10,-2.549567937850952,-2.1781461238861084,5.537334442138672,-0.41009721159935,-0.2293764054775238,-0.45180198550224304
2.6411473751068115,2.6905887126922607,2.1830599308013916,0.6712173223495483,-0.585453987121582,0.3960627317428589,0.22326049208641052,-2.784977912902832,-10,-1.8220455646514893,5.537334442138672,-1.2163898944854736,-1.3554059267044067,-1.2719963788986206
2.338052272796631,3.144625663757324,2.149261474609375,0.8089965581893921,-0.5826891660690308,0.05045825615525246,-0.05875276401638985,-1.433207631111145,-3.2996127605438232,-10,5.537334442138672,-1.2024883031845093,-1.285897970199585,-1.3832091093063354
3.179370641708374,3.0945889949798584,2.893794059753418,-0.6518100500106812,0.6996561288833618,0.2923814058303833,-0.01175055280327797,-2.0902600288391113,-2.1290104389190674,-10,1.5676685571670532,0.2710811495780945,0.5491131544113159,0.07645876705646515
4.099677562713623,2.874056577682495,2.4109582901000977,0.7435940504074097,-0.6186320185661316,0.0034560449421405792,-0.2536737024784088,-2.044224500656128,-10,-3.2288315296173096,2.1756255626678467,1.6334378719329834,1.6473394632339478,1.6473394632339478
3.763314962387085,3.4046058654785156,2.6792736053466797,0.6919970512390137,0.6142356991767883,0.28779980540275574,0.2470341920852661,-0.7607342004776001,-1.7063544988632202,-2.333449363708496,-1.1850638389587402,0.8642499446868896,1.07568359375,0.9624170064926147
2.5635323524475098,3.962230920791626,2.393911838531494,-0.39717262983322144,0.8126125335693359,0.3522089719772339,0.24054864048957825,-1.5065052509307861,-1.6828800439834595,-2.7456390857696533,0.6183497309684753,0.2880825698375702,0.37625816464424133,0.30471163988113403
3.6533010005950928,3.253965139389038,2.7421836853027344,-0.28546929359436035,0.8814210295677185,-0.17625829577445984,-0.3324715197086334,-2.3706583976745605,-2.0241804122924805,-10,1.5676685571670532,-0.7715387940406799,-0.688129186630249,-0.6742275953292847
4.478086948394775,3.3058550357818604,2.8628926277160645,0.6726251840591431,-0.5951309204101562,0.08225386589765549,-0.4320056140422821,-10,-2.1115386486053467,-2.1777846813201904,0.6406570076942444,-0.5908179879188538,-0.6603260040283203,-0.5213099718093872
0.7325668334960938,4.24914026260376,2.111600160598755,-0.592366099357605,0.6797895431518555,-0.12925608456134796,-0.41265174746513367,-10,-2.950179100036621,-2.4284188747406006,2.7725887298583984,-0.006950825918465853,-0.04865562170743942,0.10426196455955505
