x,y,z,rot_0,rot_1,rot_2,rot_3,scale_0,scale_1,scale_2,opacity,f_dc_0,f_dc_1,f_dc_2
-1.342668890953064,0.5208313465118408,-0.9858067035675049,0.7122467160224915,-0.38038894534111023,-0.5786293745040894,0.11487773805856705,-1.2889773845672607,-3.2339398860931396,-4.918622970581055,-3.649991273880005,-0.37123164534568787,-0.37407082319259644,-0.835515558719635
-1.400746464729309,0.18750490248203278,-0.7038288116455078,0.5460847616195679,0.7669079899787903,-0.18149353563785553,0.28408393263816833,-2.3949573040008545,-4.506532669067383,-5.622026443481445,16.11809539794922,-0.8929802179336548,-1.2102713584899902,-1.7369698286056519
-1.4116237163543701,0.20344260334968567,-0.7168042659759521,0.8300408720970154,0.44658535718917847,-0.2846546173095703,0.17482954263687134,-2.26107120513916,-4.939696311950684,-5.425724029541016,16.11809539794922,1.712160587310791,1.299680471420288,0.9841732978820801
-1.1232572793960571,0.27303776144981384,-0.7939833402633667,-0.314968079328537,0.7780731916427612,0.5300804376602173,0.1200498566031456,-4.153004169464111,-4.7942914962768555,-5.514613628387451,0.5033915638923645,0.614955723285675,1.137184500694275,0.7495078444480896
-1.1307073831558228,0.29322513937950134,-0.7716093063354492,-0.36687740683555603,0.200038343667984,0.7209822535514832,0.5527840256690979,-3.674187183380127,-3.9077036380767822,-6.078460693359375,-0.21986734867095947,0.634859561920166,1.4351383447647095,-0.06052914634346962
-1.287118911743164,0.616062581539154,-0.8428040146827698,0.5909995436668396,0.5518350601196289,0.5205197930335999,0.27432966232299805,-1.9505722522735596,-4.358688831329346,-4.655891418457031,16.11809539794922,-1.5006171464920044,-1.5321658849716187,-1.6003406047821045
-1.3145824670791626,0.5100113153457642,-0.7980418801307678,-0.24537917971611023,0.7506004571914673,0.46380123496055603,-0.4015924036502838,-2.5119102001190186,-5.0464301109313965,-14.823223114013672,0.8944319486618042,-0.813243567943573,-0.7298339605331421,-0.9244563579559326
-1.0657286643981934,0.3025387227535248,-0.7933821678161621,0.6281102895736694,-0.3347688317298889,-0.6639777421951294,-0.22921787202358246,-3.5283615589141846,-4.634190082550049,-5.239759922027588,0.541988730430603,0.6982852816581726,1.3145567178726196,0.4012787938117981
-1.0236214399337769,0.302131325006485,-0.8031088709831238,-0.4661099910736084,0.6387839317321777,0.4598216414451599,0.4040552079677582,-3.647892951965332,-3.7687573432922363,-5.11224365234375,3.1703693866729736,0.882733941078186,1.4468600749969482,0.8218463063240051
-1.0781525373458862,0.28496742248535156,-0.7780277729034424,0.9086493849754333,0.27072805166244507,0.3155757784843445,0.038400229066610336,-2.417841672897339,-3.8290953636169434,-5.346968650817871,-1.5125031471252441,-1.4750314950942993,-1.2480789422988892,-1.7724539041519165
-1.1073092222213745,0.28818511962890625,-0.7742351293563843,0.20667147636413574,0.9639743566513062,0.05045825615525246,-0.15966928005218506,-3.58807373046875,-7.741873741149902,-4.800551414489746,1.5676685571670532,-0.29888439178466797,0.47960513830184937,-0.4379003942012787
-1.108912706375122,0.29402676224708557,-0.7509472370147705,-0.2649801969528198,0.33684343099594116,0.652454674243927,0.6249999403953552,-4.208731174468994,-4.408591270446777,-6.778682708740234,1.2798517942428589,0.9562875032424927,1.5899155139923096,1.2997994422912598
-1.0319411754608154,0.287386953830719,-0.7326052784919739,0.6526374220848083,-0.5272299647331238,-0.26048681139945984,-0.4777442514896393,-3.480410575866699,-3.853201389312744,-5.510246276855469,16.11809539794922,0.5489659905433655,1.2824769020080566,-0.16275320947170258
-0.9869251251220703,0.279102087020874,-0.8267005681991577,-0.36771440505981445,0.8046297430992126,0.34507811069488525,0.31349360942840576,-4.046061992645264,-4.572731018066406,-5.898889541625977,16.11809539794922,0.40868160128593445,1.027260422706604,-0.04024692624807358
-1.0085539817810059,0.2997889220714569,-0.7871532440185547,0.7552598118782043,0.640013575553894,0.04289163649082184,-0.13463105261325836,-3.743353843688965,-3.971388816833496,-5.673152446746826,2.611130952835083,0.2659967541694641,0.9939643144607544,0.12718665599822998
-0.9744526147842407,0.28810450434684753,-0.7932230830192566,0.7749308347702026,0.3429444134235382,-0.5106068253517151,0.14543737471103668,-3.9958224296569824,-4.349300861358643,-6.425790309906006,0.6417412757873535,0.6964056491851807,1.2492878437042236,0.7298339009284973
-0.9975026845932007,0.2724805772304535,-0.7526674270629883,0.3848412036895752,0.8856374025344849,-0.19520193338394165,-0.17158031463623047,-3.9380197525024414,-4.913111686706543,-5.966987609863281,16.11809539794922,-0.5310637950897217,0.6936652660369873,-1.7724539041519165
-0.9825094938278198,0.2865394949913025,-0.7872728705406189,0.9323082566261292,-0.13401761651039124,0.21350815892219543,-0.2593354284763336,-4.170898914337158,-4.6760101318359375,-6.275414943695068,0.8256738781929016,-0.8337069749832153,0.059556569904088974,-1.378490686416626
-0.9660296440124512,0.25779035687446594,-0.7611110806465149,0.6868797540664673,0.6051090955734253,-0.14439651370048523,-0.3757510185241699,-4.786803245544434,-5.483088493347168,-7.989889621734619,-0.10254120826721191,1.3262510299682617,1.7455435991287231,0.7441697716712952
-0.9775605201721191,0.28924837708473206,-0.7688127756118774,0.7746814489364624,0.5630945563316345,-0.03923069313168526,-0.28505122661590576,-3.9212214946746826,-4.949928283691406,-5.262558937072754,5.019856929779053,0.7158405780792236,1.473615288734436,0.5585959553718567
-0.968005359172821,0.31776192784309387,-0.7946408987045288,0.1914648860692978,0.9554156064987183,-0.21496598422527313,0.0656648501753807,-3.014119863510132,-12.498538970947266,-4.312690734863281,-1.6817585229873657,-1.5500283241271973,-1.035669207572937,-1.577831506729126
-0.39531177282333374,-0.0001889287814265117,-1.0046499967575073,-0.1914648860692978,0.8163991570472717,0.4969792664051056,-0.22326049208641052,-3.9754927158355713,-4.983007907867432,-7.203983783721924,-2.0149030685424805,1.7724539041519165,1.522225022315979,1.7029458284378052
-0.3806484341621399,0.07222330570220947,-0.9932281374931335,0.3064407706260681,0.6295697689056396,0.6361145377159119,0.3241824805736542,-2.78263258934021,-4.5883893966674805,-5.347905158996582,16.11809539794922,-0.03408372774720192,0.030309317633509636,0.31135061383247375
-0.4074203372001648,0.043075136840343475,-0.995844841003418,-0.20941980183124542,0.6567766666412354,0.6939429044723511,-0.20792067050933838,-3.0122814178466797,-4.8300957679748535,-5.5284647941589355,0.6837109923362732,0.5103782415390015,0.44724950194358826,0.5527899861335754
-0.3975116014480591,0.08147413283586502,-0.9845302104949951,0.29864785075187683,0.6752453446388245,0.6092299222946167,0.2892957925796509,-2.8134517669677734,-4.734441757202148,-6.586834907531738,0.374594122171402,0.5557901263237,0.7333053350448608,1.0554503202438354
-0.3862106204032898,0.02725502848625183,-0.9824529886245728,0.16135753691196442,0.5611938834190369,0.7921255826950073,0.17765775322914124,-3.26462459564209,-4.345132827758789,-5.365635871887207,-0.3619312047958374,0.8492811322212219,0.8527898192405701,1.0057073831558228
-0.40110617876052856,0.08070242404937744,-0.9702437520027161,0.40336376428604126,0.5401919484138489,0.598676323890686,0.43252402544021606,-3.4235777854919434,-5.030183792114258,-5.603562355041504,16.11809539794922,0.05834362655878067,0.17119812965393066,0.3936237096786499
-0.3860345482826233,0.09418633580207825,-0.9677721858024597,-0.04427912086248398,0.7141371965408325,0.69454026222229,-0.0752415880560875,-3.3041348457336426,-5.0692596435546875,-6.13313627243042,16.11809539794922,0.6230413913726807,0.7031105160713196,0.9566797614097595
-0.390056312084198,0.19078440964221954,-1.0264735221862793,-0.1250801831483841,0.8805037140846252,0.3871612846851349,0.24325768649578094,-4.070225238800049,-5.305654525756836,-6.407497882843018,-0.914893388748169,1.6637336015701294,0.9754051566123962,0.5722587704658508
-0.4216724932193756,0.21779176592826843,-1.0183886289596558,0.7013555765151978,0.6611668467521667,-0.09198693186044693,0.24999432265758514,-3.294377088546753,-4.767765045166016,-5.1472930908203125,-0.3379460573196411,1.2368825674057007,0.5751047134399414,0.5108771920204163
-0.4071473479270935,0.1476392298936844,-1.0236245393753052,0.9208247065544128,0.3838125765323639,-0.05886470526456833,0.03612114116549492,-3.7680599689483643,-4.686789035797119,-5.449079990386963,-0.61080402135849,1.5822504758834839,0.8278815746307373,0.5966792702674866
-0.3963000476360321,0.12267974764108658,-0.9881178140640259,0.43660637736320496,0.6286147236824036,0.3666398227214813,0.5289552211761475,-4.006856441497803,-4.23234748840332,-6.10454797744751,0.15555988252162933,0.8176669478416443,0.7972521185874939,0.9983877539634705
-0.388691246509552,0.1359495222568512,-0.9853649735450745,0.7589772939682007,0.3686327040195465,0.49434372782707214,0.20901602506637573,-3.9979910850524902,-4.555006504058838,-4.642232894897461,2.923621892929077,1.2873265743255615,1.41129469871521,1.6540087461471558
-0.3744909465312958,0.16449949145317078,-1.016463041305542,0.07910075038671494,0.7841815948486328,0.6149374842643738,0.02557666227221489,-4.584896087646484,-5.305365085601807,-5.67726469039917,1.044270634651184,1.4181855916976929,0.6076695919036865,0.18767155706882477
-0.40703460574150085,0.191160187125206,-1.002281904220581,0.15063095092773438,0.6746891140937805,0.477700799703598,0.542131781578064,-3.6997804641723633,-3.9501874446868896,-4.6997761726379395,16.11809539794922,0.47812238335609436,-0.23605287075042725,-0.5706436038017273
-0.4077901840209961,0.1539665162563324,-0.9915609359741211,0.4500708281993866,0.12110618501901627,0.6921041011810303,0.551145613193512,-3.4895057678222656,-4.354766368865967,-4.830486297607422,1.8992749452590942,-0.185043603181839,-0.9662755727767944,-1.088876485824585
-0.3909459710121155,0.1795141100883484,-1.007688045501709,-0.13833390176296234,0.43224629759788513,0.8889835476875305,0.061115216463804245,-3.6540327072143555,-3.983227252960205,-4.513392448425293,16.11809539794922,-1.518697738647461,-1.6856958866119385,-1.7020153999328613
-0.4174337089061737,0.15161681175231934,-0.9671945571899414,0.9428179860115051,-0.11574569344520569,-0.2569417357444763,-0.17798364162445068,-4.102694988250732,-5.261019229888916,-5.617313861846924,0.7517600059509277,1.7592363357543945,0.8928952813148499,0.4483514428138733
-0.42193543910980225,0.17965950071811676,-0.9549925327301025,0.18398915231227875,0.7973538041114807,0.5506807565689087,0.16469846665859222,-4.657357692718506,-4.966813087463379,-6.085331439971924,1.2771917581558228,1.7724539041519165,0.7157477736473083,0.36668288707733154
-0.3898778557777405,0.17897909879684448,-0.9449872970581055,-0.11034756898880005,0.7359798550605774,0.6407028436660767,0.1888304352760315,-4.247800350189209,-4.481607913970947,-5.5367817878723145,16.11809539794922,0.6400192379951477,-0.1848631501197815,-0.6378906965255737
-0.4373636543750763,0.21291601657867432,-1.024199366569519,0.6838128566741943,0.6689347624778748,-0.0503058135509491,0.28704631328582764,-4.169565200805664,-4.555822372436523,-5.019663333892822,6.398584842681885,1.3378915786743164,1.1396565437316895,1.7724539041519165
-0.3751044273376465,0.1894366443157196,-1.0084043741226196,0.20093600451946259,0.6910622119903564,0.5319699048995972,0.44616779685020447,-4.485339641571045,-5.181621074676514,-6.677768230438232,-0.2691921293735504,0.972888171672821,0.22340886294841766,-0.10864268243312836
-0.38472163677215576,0.21549871563911438,-1.0014814138412476,0.9221878051757812,0.12809157371520996,0.3108818531036377,-0.19108811020851135,-3.283694267272949,-4.284853458404541,-5.167735576629639,-0.82236647605896,-1.6675114631652832,-1.695058822631836,-1.7029294967651367
-0.39571818709373474,0.22666382789611816,-0.9719102382659912,0.6222695708274841,0.7539798021316528,-0.1503017395734787,0.1473243087530136,-3.6776282787323,-4.28550910949707,-4.968076229095459,1.3312418460845947,1.7550795078277588,1.2296372652053833,0.9315933585166931
-0.42024511098861694,0.2136736363172531,-0.97609943151474,0.8680529594421387,-0.2645074129104614,-0.38089126348495483,0.17731823027133942,-3.5916006565093994,-4.285008907318115,-4.987856864929199,1.042954683303833,1.5052084922790527,-0.055241525173187256,-0.22946542501449585
-0.3770946264266968,0.21428397297859192,-0.9672165513038635,0.9180309176445007,0.2874140739440918,0.2555375099182129,-0.09650365263223648,-4.092904090881348,-4.8438897132873535,-6.116866111755371,0.696826159954071,0.0721491128206253,-0.7661517262458801,-1.1468819379806519
-0.39261990785598755,0.18994779884815216,-0.9468337297439575,0.41679900884628296,0.8366333246231079,0.2135835736989975,0.2840868830680847,-3.8750507831573486,-5.680652141571045,-9.449579238891602,1.2909841537475586,1.1051770448684692,0.3266875445842743,-0.2571796178817749
-0.3971109092235565,0.20266030728816986,-0.9451811909675598,0.9042543768882751,-0.16008275747299194,-0.1918572634458542,-0.34624895453453064,-3.957319974899292,-4.889667510986328,-5.527978420257568,1.7427456378936768,1.3685922622680664,0.8710129857063293,0.42208096385002136
-0.3900107145309448,0.21096526086330414,-0.9497191309928894,0.9527840614318848,-0.17788361012935638,-0.23544375598430634,-0.07159775495529175,-4.273646831512451,-4.618845462799072,-5.401578426361084,0.14732788503170013,1.6721861362457275,1.5333538055419922,1.2138005495071411
-0.3724309504032135,0.07797839492559433,-0.9867949485778809,-0.01175055280327797,0.9973815083503723,0.05045825615525246,0.05045825615525246,-13.079837799072266,-2.7949419021606445,-5.259714603424072,0.22843924164772034,-0.6325227618217468,-0.5213099718093872,-0.32668760418891907
-0.36364489793777466,0.1487041562795639,-0.9656227231025696,0.6737604141235352,0.36642199754714966,0.29559585452079773,0.5695655345916748,-3.8014771938323975,-4.883638858795166,-5.526571273803711,-1.0028467178344727,-1.0178953409194946,-1.3242971897125244,-1.6381410360336304
-0.3619193136692047,0.17263276875019073,-0.9827475547790527,0.39809685945510864,0.6591379642486572,0.6361578702926636,0.04857128486037254,-4.19135046005249,-5.03008508682251,-5.713877201080322,2.276434898376465,-1.6475847959518433,-1.746357798576355,-1.7724539041519165
-0.35897165536880493,0.16353991627693176,-0.9693650603294373,-0.339383602142334,0.9305241703987122,-0.0656648501753807,-0.12096156924962997,-5.087528705596924,-4.602474689483643,-5.969982624053955,3.725693464279175,0.28498274087905884,-0.4379003942012787,-0.6603260040283203
-0.35904309153556824,0.16821818053722382,-0.9637328386306763,0.8138827681541443,0.4298194348812103,0.32678335905075073,0.21462245285511017,-4.162580966949463,-4.842938423156738,-5.814919948577881,-1.4061733484268188,1.696482539176941,1.0105819702148438,0.7524134516716003
-0.3570522367954254,0.19104072451591492,-0.9748902320861816,-0.16363318264484406,0.606651782989502,0.7670080065727234,0.12998656928539276,-3.8801047801971436,-4.697947978973389,-4.820127010345459,16.11809539794922,-0.5805325508117676,-1.0947577953338623,-1.351456642150879
-0.37444984912872314,0.16670887172222137,-0.9532104730606079,-0.2605857849121094,0.960512638092041,0.0034560449421405792,-0.09746046364307404,-4.40595817565918,-10.009218215942383,-5.388854503631592,0.95225590467453,1.661241054534912,0.9105547070503235,0.21547475457191467
-0.29156410694122314,0.05033392831683159,-0.9095820188522339,0.2862049341201782,0.5545139312744141,0.7803571224212646,-0.040544066578149796,-2.3734524250030518,-3.7560670375823975,-4.258258819580078,-2.953700065612793,-1.6433241367340088,-1.5078861713409424,-1.686367392539978
-0.3625904619693756,0.20647481083869934,-0.987147331237793,-0.20315930247306824,0.8041597008705139,0.3488371670246124,0.43630969524383545,-4.057908058166504,-5.134349822998047,-6.273256301879883,0.26971790194511414,-0.4760552942752838,-0.8041399121284485,-0.9832984805107117
-0.3430803716182709,0.20481866598129272,-0.966618001461029,-0.2073676437139511,0.43634477257728577,0.8396854996681213,-0.2480526864528656,-3.828237771987915,-5.20268440246582,-5.810184955596924,-0.8727937936782837,-1.7211196422576904,-1.6462773084640503,-1.620609998703003
-0.37444984912872314,0.19100411236286163,-0.9464085698127747,0.05045825615525246,0.8579212427139282,0.4928320050239563,-0.13616816699504852,-5.137749671936035,-6.330729961395264,-3.014119863510132,-1.3862943649291992,-1.7724539041519165,-1.7724539041519165,-1.7724539041519165
-0.3472237288951874,0.2034262865781784,-0.9234837889671326,0.8785271048545837,-0.3116185665130615,-0.3609517216682434,-0.02824529819190502,-3.523071050643921,-5.190942764282227,-5.601368427276611,2.2257070541381836,1.7150979042053223,0.6861845254898071,0.13381464779376984
-0.3161981403827667,0.19784221053123474,-0.9257937073707581,0.8709080815315247,0.29565563797950745,-0.37292855978012085,0.12260136753320694,-3.297914981842041,-4.893264293670654,-5.042834758758545,16.11809539794922,-1.6618750095367432,-1.584344744682312,-1.7504409551620483
-0.34118184447288513,0.21248146891593933,-0.9220054149627686,0.5058654546737671,0.7857984304428101,-0.16248148679733276,0.31657665967941284,-3.1487252712249756,-5.049152374267578,-5.738565921783447,16.11809539794922,1.0709749460220337,0.8548970818519592,0.9885950088500977
-0.3257719874382019,0.20652945339679718,-0.9290484189987183,0.7896167635917664,0.513822615146637,-0.24190814793109894,0.2323189377784729,-3.1105470657348633,-4.711887836456299,-5.246825218200684,16.11809539794922,-0.1131598949432373,-0.2759566605091095,-0.10154023766517639
-0.3309374153614044,0.20223389565944672,-0.9199793934822083,-0.28573423624038696,0.8037248253822327,0.2770407199859619,0.4423017203807831,-3.50504207611084,-4.294669151306152,-4.712947368621826,0.31873032450675964,0.23092441260814667,-0.5893343091011047,-1.3310620784759521
-0.3208126425743103,0.21049292385578156,-0.9200511574745178,0.5811923146247864,-0.7053768634796143,-0.2945006489753723,-0.27915650606155396,-3.2362308502197266,-5.377082824707031,-5.742369174957275,1.909489631652832,0.8362995982170105,0.4630224406719208,0.9251816868782043
-0.29113078117370605,0.20936957001686096,-0.8886702656745911,0.7107359170913696,-0.5791313648223877,-0.3314904272556305,-0.22265537083148956,-3.147331953048706,-4.944617748260498,-5.197380065917969,16.11809539794922,0.8436320424079895,0.641147792339325,0.8994737267494202
-0.28627362847328186,0.21722564101219177,-0.8835415840148926,0.5610484480857849,0.7385886311531067,-0.21986030042171478,0.30227944254875183,-3.190643548965454,-5.401045799255371,-6.09361457824707,2.3482627868652344,1.7575453519821167,1.6580908298492432,1.7296515703201294
-0.27934902906417847,0.20007726550102234,-0.8658998608589172,0.576865553855896,-0.6806876063346863,-0.30040469765663147,-0.3371164798736572,-3.286619186401367,-5.161032676696777,-5.822839260101318,1.0021803379058838,0.764799952507019,-0.20069727301597595,-0.9809386730194092
-0.2756165564060211,0.2040804624557495,-0.8934298157691956,0.8608104586601257,0.3636445999145508,-0.2679685354232788,0.23443731665611267,-3.2514007091522217,-5.407826900482178,-5.6803812980651855,16.11809539794922,-0.6011367440223694,-0.6461998224258423,-0.8930703401565552
-0.2269486039876938,0.1990915983915329,-0.8512800335884094,0.9146239757537842,0.16424427926540375,-0.3459981381893158,0.12950725853443146,-3.1958091259002686,-4.87567138671875,-5.639694690704346,16.11809539794922,-1.092191457748413,-1.2022597789764404,-1.4528980255126953
-0.23902420699596405,0.20367497205734253,-0.8309856653213501,-0.40755730867385864,0.8080956339836121,0.2361210733652115,0.35373052954673767,-2.9921605587005615,-5.525461673736572,-5.670790672302246,2.5287387371063232,1.0634722709655762,0.25750306248664856,-0.14991053938865662
-0.2194187343120575,0.2096816748380661,-0.8353198766708374,-0.421566903591156,0.8147138357162476,0.23725514113903046,0.319738507270813,-3.044741630554199,-4.9173197746276855,-5.532729148864746,3.736497163772583,-0.23617197573184967,-0.212361142039299,0.06486908346414566
-0.17845262587070465,0.21272392570972443,-0.7781394124031067,0.881658673286438,-0.3197420835494995,-0.3387375473976135,-0.07549718022346497,-2.7900872230529785,-4.770623207092285,-5.919811725616455,16.11809539794922,0.9705315232276917,0.7298339009284973,0.8930732011795044
-0.20113743841648102,0.21919094026088715,-0.8096269369125366,0.6437779664993286,0.6733578443527222,-0.2392202913761139,0.273701936006546,-2.8606886863708496,-5.251585483551025,-5.927117347717285,1.3756380081176758,1.1241973638534546,1.009348750114441,1.383237600326538
-0.15085740387439728,0.20350390672683716,-0.7802579402923584,-0.3612082004547119,0.8422601222991943,0.16194358468055725,0.3659246265888214,-3.0828440189361572,-4.407534599304199,-5.72832727432251,0.33354613184928894,-1.465458631515503,-1.407535195350647,-1.5836228132247925
-0.14481045305728912,0.1990971863269806,-0.7701005339622498,0.9410774111747742,-0.009087703190743923,-0.3373790979385376,0.021587440744042397,-2.848170042037964,-4.92208194732666,-5.597023963928223,1.3439743518829346,-0.6787005662918091,-0.9985392093658447,-1.30790376663208
-0.10716672986745834,0.20899848639965057,-0.729491114616394,0.6117079854011536,0.7026816606521606,-0.21419265866279602,0.2935529947280884,-2.674830913543701,-4.626804828643799,-4.861504077911377,16.11809539794922,0.10616917908191681,-0.04653841629624367,-0.1516628861427307
-0.1282227635383606,0.21170146763324738,-0.7386388778686523,0.5206677317619324,0.7778396606445312,-0.13315680623054504,0.3257911205291748,-3.21150803565979,-4.734848976135254,-5.234521865844727,16.11809539794922,1.4901371002197266,1.2103732824325562,1.0050804615020752
-1.3206392526626587,0.5279686450958252,-0.8163219690322876,-0.0739593580365181,0.7890055775642395,0.5481287240982056,-0.26749786734580994,-2.2177586555480957,-4.983007907867432,-14.62951374053955,5.537334442138672,-1.327602744102478,-1.327602744102478,-1.4388154745101929
-1.2648491859436035,0.6880898475646973,-0.8615307211875916,0.20985201001167297,0.7859888672828674,0.5807200074195862,-0.030787944793701172,-2.8265702724456787,-4.559781074523926,-5.331428050994873,-0.7364977598190308,0.3547545373439789,0.2439195215702057,-0.13050127029418945
-1.250851035118103,0.7465624809265137,-0.8892194628715515,0.7223542928695679,0.3432553708553314,0.37166401743888855,0.4714295566082001,-2.824780225753784,-5.276852607727051,-7.327134132385254,16.11809539794922,-0.8218095898628235,-0.9116073250770569,-1.0634723901748657
-1.2191965579986572,0.7740530371665955,-0.8971904516220093,0.3334210515022278,0.7226661443710327,0.587712824344635,0.14552544057369232,-3.2500576972961426,-4.962066173553467,-6.050772666931152,-2.213299512863159,1.5613553524017334,1.5100070238113403,0.7278993129730225
-1.2225160598754883,0.8253797888755798,-0.890808641910553,0.5379270911216736,0.5754632353782654,0.502155065536499,0.35681477189064026,-2.3606200218200684,-4.96726131439209,-5.213349342346191,16.11809539794922,-1.104567050933838,-1.1544878482818604,-1.364304780960083
-1.1985872983932495,0.8468238115310669,-0.8978059887886047,-0.2442920207977295,0.7647391557693481,0.5387875437736511,-0.25534969568252563,-3.7883734703063965,-4.932068824768066,-6.054301738739014,-1.2081677913665771,1.2029883861541748,0.7978203296661377,0.1305435746908188
-1.220201849937439,0.8424497842788696,-0.8965829014778137,0.06048305705189705,0.8454539179801941,0.5304408073425293,-0.013492261990904808,-3.09674334526062,-4.62164831161499,-5.320603370666504,-2.5479304790496826,1.0596600770950317,0.9321272969245911,0.7166408896446228
-1.2049554586410522,0.8717714548110962,-0.895781934261322,0.3539045453071594,0.6709859371185303,0.5846320986747742,0.28763648867607117,-3.243558645248413,-5.227316379547119,-5.450869560241699,-0.3281758725643158,0.9154504537582397,0.19332537055015564,-0.5420893430709839
-1.2053731679916382,0.8892102837562561,-0.9067798852920532,0.3851829767227173,0.6605787873268127,0.5635053515434265,0.31262028217315674,-3.272810935974121,-4.864503860473633,-5.664064884185791,16.11809539794922,-0.5297943353652954,-0.7978283166885376,-1.1325421333312988
-1.201236605644226,0.894665539264679,-0.9090165495872498,-0.21324221789836884,0.7306299209594727,0.5887315273284912,-0.27221834659576416,-2.7518692016601562,-4.859989166259766,-5.353598594665527,16.11809539794922,-1.5429950952529907,-1.532604694366455,-1.6921485662460327
-1.1833970546722412,0.9673937559127808,-0.9199962019920349,0.4441334009170532,0.6259600520133972,0.520163357257843,0.37463265657424927,-2.6526923179626465,-4.875558853149414,-5.141109466552734,1.1652857065200806,-1.5681395530700684,-1.572497010231018,-1.609103798866272
-1.1796447038650513,0.9603334069252014,-0.9235363006591797,0.4284631609916687,0.663783848285675,0.5265109539031982,0.3140009641647339,-3.3917582035064697,-5.014841079711914,-6.429615497589111,16.11809539794922,-0.8832898139953613,-0.9090785384178162,-1.0627342462539673
-1.1981594562530518,0.9864094257354736,-0.9175004363059998,0.05875276401638985,0.9311975240707397,-0.09746046364307404,0.34629568457603455,-6.192389965057373,-3.587719440460205,-9.449579238891602,-1.773577094078064,1.7724539041519165,1.7724539041519165,1.7724539041519165
-1.1623162031173706,1.117261528968811,-0.9243168830871582,-0.0397673174738884,0.7544418573379517,0.6468599438667297,-0.10396277159452438,-2.258995294570923,-4.677228927612305,-5.632927894592285,16.11809539794922,-0.5957392454147339,-0.7712945938110352,-1.10149085521698
-1.182778000831604,1.0427216291427612,-0.9246401190757751,0.37611591815948486,0.6345669627189636,0.6220903992652893,0.26242169737815857,-2.5743908882141113,-4.6796159744262695,-5.748955249786377,-1.586921215057373,0.753756582736969,0.03118720091879368,0.03095685876905918
-1.1665295362472534,1.067521333694458,-0.9287735819816589,0.7046600580215454,0.2864300310611725,0.30889278650283813,0.5709617733955383,-2.6332929134368896,-5.091542720794678,-6.018177032470703,16.11809539794922,-1.2972298860549927,-1.2740414142608643,-1.3306547403335571
-1.155532717704773,1.2014068365097046,-0.940701961517334,0.027722986415028572,0.7292473912239075,0.682823121547699,-0.03438321501016617,-2.522829055786133,-5.178880214691162,-5.200164794921875,-0.029271280393004417,-1.539050817489624,-1.7285436391830444,-1.7322028875350952
-1.4527664184570312,0.0539422482252121,-0.6063328385353088,-0.01574515923857689,0.7528750896453857,0.6283419728279114,-0.19523704051971436,-2.296243906021118,-4.086235523223877,-4.695931434631348,3.8603620529174805,-1.7724539041519165,-1.6941148042678833,-1.7283881902694702
-1.4969561100006104,0.10332995653152466,-0.6496751308441162,-0.6144847869873047,0.770159125328064,0.12096156924962997,0.12096156924962997,-4.944040298461914,-7.567462921142578,-3.731562376022339,-0.65805584192276,1.7724539041519165,1.7724539041519165,0.7715387344360352
-1.4685213565826416,0.14374466240406036,-0.5986518263816833,0.5458653569221497,0.5745285153388977,0.20728830993175507,0.5735673904418945,-2.5903375148773193,-3.8089354038238525,-4.40547513961792,-0.2558209300041199,0.37523314356803894,1.1471993923187256,0.4522170424461365
-1.4967151880264282,0.11742424219846725,-0.6069788932800293,-0.025105195119976997,0.7727547883987427,0.5544047951698303,-0.3079855442047119,-3.3406195640563965,-4.002516269683838,-5.657074928283691,16.11809539794922,-1.7568933963775635,-1.1746851205825806,-1.7724539041519165
-1.4184547662734985,0.2420598566532135,-0.6844833493232727,0.7057157158851624,0.3507520258426666,0.4922078549861908,0.3696886897087097,-1.840955138206482,-4.662277698516846,-5.396363735198975,16.11809539794922,-1.620865821838379,-1.620865821838379,-1.6524467468261719
-1.4787861108779907,0.14241361618041992,-0.5922839641571045,0.44721221923828125,0.85798579454422,0.12096156924962997,-0.2218780815601349,-4.994261264801025,-4.3646416664123535,-2.5836544036865234,0.6061357855796814,-1.0634723901748657,0.03475397080183029,-1.4666187763214111
-1.125388264656067,0.271178275346756,-0.7373343706130981,-0.3127295970916748,0.34331995248794556,0.49653276801109314,0.7333394885063171,-2.844762086868286,-4.078451633453369,-4.931832790374756,0.8423404693603516,-0.8769129514694214,0.22982649505138397,-1.7293987274169922
-1.2392277717590332,0.20600277185440063,-0.5786406993865967,0.8367717266082764,0.44288870692253113,-0.2726985812187195,0.17116707563400269,-2.6383795738220215,-4.740448951721191,-5.213484287261963,16.11809539794922,1.7724539041519165,1.723180890083313,1.5108667612075806
-1.1218980550765991,-0.011605614796280861,-0.4738105237483978,0.2413177192211151,0.6556553840637207,0.6715837121009827,0.2466922253370285,-2.683457612991333,-4.656087398529053,-5.46081018447876,3.5996556282043457,0.13346725702285767,0.1637820601463318,0.3582289218902588
-1.1206893920898438,0.022822408005595207,-0.4986365735530853,-0.1782470941543579,0.6626535058021545,0.71025550365448,-0.15702056884765625,-2.2506520748138428,-4.672453880310059,-4.799361705780029,0.1594061255455017,-0.5903956294059753,-0.5592739582061768,-0.3971698582172394
-1.152241826057434,0.006080194376409054,-0.4256431460380554,0.7598870396614075,0.5123440027236938,0.0889393612742424,0.3900834619998932,-2.519484281539917,-3.7520627975463867,-4.925608158111572,-1.062927007675171,-1.2487149238586426,-0.9583961963653564,-1.7679321765899658
-1.1416304111480713,0.10332995653152466,-0.4609220325946808,-0.03525165840983391,0.9969253540039062,0.02004506066441536,0.06704726815223694,-4.800551414489746,-2.7315196990966797,-16.832061767578125,1.1355558633804321,0.8410466909408569,1.1051770448684692,0.47960513830184937
-1.4041519165039062,0.18159936368465424,-0.5045899748802185,0.4150276184082031,0.5521295666694641,0.6444879770278931,0.32793331146240234,-1.7321356534957886,-3.5779080390930176,-4.84111213684082,0.3582325279712677,-1.500388741493225,-1.500388741493225,-1.7552409172058105
-1.4449779987335205,0.2911389172077179,-0.5097861886024475,0.02188415825366974,0.5030238032341003,0.8609929084777832,-0.07196807116270065,-2.7466728687286377,-3.197418689727783,-4.221815586090088,-2.1825788021087646,1.2337571382522583,1.5731216669082642,1.6323826313018799
-1.339965581893921,0.2340422421693802,-0.4775615930557251,0.623769223690033,0.7561296224594116,-0.05318467319011688,-0.19066008925437927,-2.8958077430725098,-4.8675971031188965,-5.987497329711914,-0.441324383020401,0.34977108240127563,1.0877597332000732,-0.0386711061000824
-1.4314249753952026,0.14430807530879974,-0.39121580123901367,-0.4842236340045929,0.003514060750603676,0.8619927167892456,0.14994558691978455,-2.8471055030822754,-3.261043071746826,-5.002023220062256,-1.4482182264328003,0.4379003345966339,1.72980535030365,-0.4880220890045166
-1.3300607204437256,0.23431304097175598,-0.47495096921920776,-0.46380123496055603,0.8455491662025452,-0.174875870347023,0.19837696850299835,-4.456179141998291,-4.983007907867432,-12.979395866394043,0.29225873947143555,0.7993419170379639,1.661241054534912,1.230291485786438
-1.4769091606140137,0.14972665905952454,-0.4459187984466553,-0.2555321455001831,0.6806419491767883,0.6409868001937866,-0.24610112607479095,-1.7932360172271729,-3.1461215019226074,-3.9189727306365967,-0.3400362432003021,-1.3976569175720215,-1.1513293981552124,-1.7724539041519165
-1.2815124988555908,0.19269029796123505,-0.48489242792129517,0.2563684582710266,0.3071996867656708,0.5749746561050415,0.7136579751968384,-3.2712326049804688,-4.224429607391357,-4.917585372924805,16.11809539794922,-0.06430522352457047,0.9021340012550354,0.31422775983810425
-1.1578090190887451,0.1518264263868332,-0.5291571021080017,0.901011049747467,0.01633109152317047,-0.34886226058006287,0.25730815529823303,-2.6868183612823486,-2.967855453491211,-5.661820888519287,-1.2875473499298096,-1.6512625217437744,-1.577831506729126,-1.6877366304397583
-1.1264867782592773,0.17728328704833984,-0.5305056571960449,0.26486900448799133,0.6436595916748047,0.6061506271362305,0.3848741948604584,-3.562241792678833,-4.980879783630371,-6.350125789642334,0.28989022970199585,1.6770817041397095,0.5358583927154541,0.09424006938934326
-1.1128040552139282,0.13242514431476593,-0.47916507720947266,0.016766579821705818,0.8738798499107361,0.47864294052124023,-0.08338959515094757,-3.7477409839630127,-3.974536418914795,-4.7835373878479,-0.697347104549408,1.5013799667358398,1.4645479917526245,1.7724539041519165
-1.295295238494873,0.19576586782932281,-0.4730968475341797,-0.25673583149909973,0.655521810054779,0.4969589412212372,0.5073555707931519,-1.4920402765274048,-2.266589879989624,-4.937599182128906,-0.937869668006897,-1.3131526708602905,-1.0355799198150635,-1.7277348041534424
-1.1389058828353882,0.18571160733699799,-0.47195592522621155,-0.4015924036502838,0.9091137647628784,0.0739593580365181,0.08225386589765549,-4.214628219604492,-3.63232159614563,-9.813258171081543,5.537334442138672,-1.577831506729126,-1.7724539041519165,-1.7724539041519165
-1.1429636478424072,0.22246623039245605,-0.47901007533073425,0.5254715085029602,-0.5129790902137756,-0.3374160826206207,-0.5889673233032227,-3.618886947631836,-4.561227321624756,-4.779623985290527,-0.9577906727790833,1.7298502922058105,0.7993419170379639,0.4648047983646393
-1.1418989896774292,0.23181070387363434,-0.4893428385257721,0.821799635887146,0.5480320453643799,0.15174666047096252,-0.03576532378792763,-3.801342725753784,-4.599180221557617,-5.592188358306885,0.26034340262413025,0.6347672343254089,0.04182536527514458,-0.2705020308494568
-1.1454148292541504,0.13942347466945648,-0.4031102657318115,-0.32417699694633484,0.6518100500106812,0.6748490333557129,-0.12096156924962997,-3.681279182434082,-16.446422576904297,-3.976897954940796,0.8944319486618042,-0.006950825918465853,1.1746851205825806,0.6881291270256042
-1.1105972528457642,0.1224333718419075,-0.42323368787765503,-0.494019478559494,0.2081400752067566,0.8255317211151123,-0.17640802264213562,-3.1209981441497803,-3.5076324939727783,-5.181861400604248,0.30257466435432434,-0.7245336771011353,0.3286868631839752,-0.4036738872528076
-1.1079771518707275,0.16620796918869019,-0.6704331636428833,0.6280089616775513,0.49620985984802246,0.47473376989364624,0.36607155203819275,-2.8313376903533936,-5.8558430671691895,-5.920223712921143,4.751247406005859,-0.3467999994754791,0.19612683355808258,-1.1220412254333496
-1.000343680381775,0.238206148147583,-0.6700549125671387,0.24024423956871033,0.4002588093280792,0.586450457572937,0.6619300842285156,-3.8671376705169678,-4.82894229888916,-5.9009552001953125,16.11809539794922,0.3704758286476135,1.3052600622177124,0.19888313114643097
-1.0545718669891357,0.21516768634319305,-0.6199612021446228,-0.1527571827173233,0.8026739954948425,-0.5135682821273804,0.261968195438385,-4.89484167098999,-10.680076599121094,-5.315221786499023,2.7725887298583984,0.6603259444236755,0.9522594809532166,-0.11816361546516418
-1.0287518501281738,0.24264714121818542,-0.6340648531913757,0.6679868698120117,-0.471118301153183,-0.14160548150539398,-0.558380663394928,-3.82137393951416,-4.295541286468506,-5.5647759437561035,16.11809539794922,0.3264121115207672,1.22872793674469,-0.3982551395893097
-1.0242908000946045,0.21674568951129913,-0.6207347512245178,-0.28546929359436035,0.8472539186477661,-0.2923814058303833,0.339383602142334,-5.134462356567383,-16.93457794189453,-4.364932537078857,3.4299468994140625,0.6881291270256042,1.1051770448684692,-0.03475402295589447
-1.0221678018569946,0.20711566507816315,-0.6029500365257263,-0.04533955454826355,0.8905365467071533,0.41873934864997864,-0.171890527009964,-4.427447319030762,-4.8789262771606445,-6.182621002197266,1.9571619033813477,0.1260416954755783,1.1438701152801514,-1.481205701828003
-1.1072994470596313,0.015439871698617935,-0.49859851598739624,0.1440643072128296,0.6719575524330139,0.7144299149513245,0.1315615177154541,-3.018097400665283,-4.898436069488525,-6.402365207672119,3.3880770206451416,0.9524407982826233,1.1146336793899536,1.0495253801345825
-1.1129564046859741,0.010645943693816662,-0.47048747539520264,-0.09086409211158752,0.7206141948699951,0.6813580989837646,-0.09060896933078766,-3.0961897373199463,-4.541269302368164,-4.614097595214844,16.11809539794922,1.501682162284851,1.5516316890716553,1.3386229276657104
-1.1079202890396118,0.08031830936670303,-0.4951685070991516,0.13613155484199524,0.6486638188362122,0.7425974607467651,0.09618940204381943,-3.076770782470703,-4.70275354385376,-5.861433506011963,16.11809539794922,0.20003129541873932,0.333662211894989,0.8076924085617065
-1.1059319972991943,0.0942552238702774,-0.48029574751853943,0.3312252461910248,0.6415877938270569,0.6219239234924316,0.30309340357780457,-3.201198101043701,-4.511274337768555,-4.841097354888916,16.11809539794922,0.7452495694160461,0.8105680346488953,1.448238730430603
-1.095893144607544,0.0026568451430648565,-0.4494391679763794,0.6916709542274475,0.40206319093704224,0.4942367970943451,0.3400977551937103,-3.7493367195129395,-5.1950764656066895,-6.169585704803467,0.276957631111145,0.011983349919319153,0.5938429236412048,-0.7358566522598267
-1.1213598251342773,0.10733738541603088,-0.43869343400001526,0.09746046364307404,0.8968172073364258,0.14308026432991028,0.40712207555770874,-14.819772720336914,-3.235694646835327,-4.024412631988525,5.537334442138672,-1.3554059267044067,-1.244193196296692,-1.3971107006072998
-1.1085506677627563,0.18380844593048096,-0.5175668001174927,0.9380308985710144,-0.13294966518878937,-0.22067825496196747,-0.2317834496498108,-3.903312921524048,-5.615293979644775,-5.715116500854492,2.1341798305511475,0.4234134256839752,-0.2293764054775238,-0.5639593005180359
-1.1035339832305908,0.14711162447929382,-0.4946238100528717,0.26429659128189087,0.8640338182449341,0.24013693630695343,0.3548620641231537,-4.067495346069336,-4.9246649742126465,-5.573349952697754,0.11744614690542221,0.7038260102272034,0.810268223285675,1.3186768293380737
-1.0868338346481323,0.16046354174613953,-0.5152745246887207,0.11266706138849258,0.7751750946044922,-0.5965133309364319,0.174875870347023,-4.941219806671143,-3.967928886413574,-11.428749084472656,-0.8194409012794495,0.5491131544113159,0.39619556069374084,0.39619556069374084
-1.084336280822754,0.1784314066171646,-0.49017760157585144,0.685238778591156,-0.062348753213882446,-0.580858588218689,-0.4349295496940613,-3.965296745300293,-4.28963041305542,-6.0870890617370605,-1.5081052780151367,0.7489325404167175,0.03678464889526367,-0.49778077006340027
-1.097725749015808,0.18021948635578156,-0.47759923338890076,0.6941882371902466,-0.49367594718933105,-0.504801869392395,-0.13986368477344513,-3.7954649925231934,-4.165685653686523,-4.827207565307617,3.3110148906707764,-1.2412878274917603,-1.6096343994140625,-1.7630606889724731
-1.0953868627548218,0.21718743443489075,-0.5141612887382507,-0.16878636181354523,0.43969404697418213,0.711127519607544,0.5219942331314087,-4.602808952331543,-5.372529029846191,-6.105027198791504,16.11809539794922,1.582144856452942,0.7167842388153076,0.38521456718444824
-1.0864899158477783,0.20096799731254578,-0.5112357139587402,0.22997373342514038,0.49819880723953247,0.7856976389884949,0.2856382429599762,-4.473726272583008,-4.755813121795654,-6.3047990798950195,0.6932457685470581,0.084002785384655,-0.3207639753818512,-0.5617043375968933
-1.0962251424789429,0.21384021639823914,-0.4934581220149994,0.3509529232978821,0.36436519026756287,0.3706558346748352,0.7788994312286377,-4.006152629852295,-4.617219924926758,-4.937280654907227,2.007556438446045,-1.0298789739608765,-1.522567629814148,-1.6164517402648926
-1.0909459590911865,0.2222905158996582,-0.4913482069969177,0.6952335238456726,0.6336163878440857,-0.20096594095230103,-0.2734836935997009,-4.357122898101807,-4.763086318969727,-5.71481466293335,2.4189605712890625,1.0817561149597168,0.3284221589565277,-0.07813727855682373
-1.124755859375,0.19517964124679565,-0.47272947430610657,0.43753528594970703,0.7555009126663208,-0.22879016399383545,0.43062320351600647,-3.6349010467529297,-12.495408058166504,-4.071927070617676,0.4382549226284027,0.6603259444236755,-1.0634723901748657,-1.5500283241271973
-1.0964717864990234,0.2063933163881302,-0.4756247103214264,0.7754326462745667,-0.18623527884483337,-0.5298526287078857,0.2885771691799164,-4.151153564453125,-4.501287937164307,-4.683833599090576,16.11809539794922,-0.49528607726097107,-0.9380092024803162,-1.2647403478622437
-1.074099063873291,0.19325068593025208,-0.5005803108215332,0.6340630650520325,-0.41635602712631226,-0.5111876130104065,-0.404102623462677,-4.470445156097412,-5.4990763664245605,-6.0679850578308105,0.20581379532814026,0.9523836374282837,0.697426974773407,0.19234304130077362
-1.0622103214263916,0.20808161795139313,-0.48165276646614075,0.3087562322616577,0.7741575241088867,0.5124810934066772,-0.20667104423046112,-4.091843128204346,-4.785937786102295,-5.056840419769287,-1.0592081546783447,-0.07381186634302139,-0.3657454550266266,-0.7070271372795105
-1.0706288814544678,0.20447446405887604,-0.47148680686950684,0.5354117155075073,0.32772448658943176,0.5997450947761536,0.49622246623039246,-4.558351993560791,-5.554211139678955,-5.890368461608887,-0.5588775873184204,0.586240291595459,0.28498274087905884,-0.24707506597042084
-1.1087698936462402,0.23449359834194183,-0.4753485918045044,0.6687330603599548,0.6666903495788574,-0.3116435408592224,0.10582253336906433,-3.995973587036133,-4.818512916564941,-5.448385238647461,3.970066547393799,1.6657334566116333,0.7298339009284973,0.14462579786777496
-1.1031583547592163,0.18317897617816925,-0.4478045105934143,-0.38505396246910095,0.5655792355537415,0.7289307117462158,0.0226614847779274,-4.050308704376221,-4.496086597442627,-6.462613105773926,16.11809539794922,-0.9081310629844666,-1.6405178308486938,-1.7724539041519165
-1.0964558124542236,0.19149762392044067,-0.45339080691337585,0.1444626748561859,0.8863829970359802,0.17625829577445984,-0.40297484397888184,-12.01389217376709,-3.8306350708007812,-4.071927070617676,-0.5045560002326965,0.8827515244483948,1.2024883031845093,0.2571795582771301
-1.1138328313827515,0.21545745432376862,-0.4619099795818329,-0.03427760303020477,0.8610379099845886,0.43826764822006226,-0.25565654039382935,-4.0920515060424805,-4.32169246673584,-5.393808364868164,16.11809539794922,-1.320518136024475,-1.7724539041519165,-1.7724539041519165
-0.9781266450881958,0.19025751948356628,-0.3719051480293274,0.6491649746894836,0.6659806966781616,-0.2562059760093689,0.26346349716186523,-2.1899588108062744,-4.957211017608643,-5.748624801635742,0.08563723415136337,-1.6875572204589844,-1.629180908203125,-1.7724539041519165
-1.010828971862793,0.19631099700927734,-0.39449843764305115,0.6622534990310669,-0.6426275372505188,-0.2631627917289734,-0.28141695261001587,-2.834247350692749,-5.243468761444092,-5.579622745513916,0.3045182526111603,0.5740301609039307,-1.0144071578979492,-1.7724539041519165
-1.0354549884796143,0.20971174538135529,-0.4106040298938751,0.7054404616355896,0.6213059425354004,-0.25590136647224426,0.22549313306808472,-3.152874231338501,-4.991943359375,-5.675755500793457,16.11809539794922,1.7724539041519165,1.6664128303527832,1.6282134056091309
-1.0140193700790405,0.20656974613666534,-0.3952440619468689,0.8215003609657288,0.4557574391365051,-0.30526822805404663,0.15567147731781006,-3.1762444972991943,-4.762266159057617,-5.202826976776123,16.11809539794922,1.7724539041519165,1.3886712789535522,0.7442019581794739
-1.1078343391418457,0.21910306811332703,-0.44657135009765625,0.3784530758857727,0.8872694969177246,-0.22677083313465118,0.1345404088497162,-4.090406894683838,-4.556736946105957,-5.347768783569336,-0.3329174220561981,1.7724539041519165,1.6528706550598145,0.9105547070503235
-1.391876220703125,0.3713449537754059,-0.6916363835334778,0.5973843336105347,-0.14643970131874084,-0.7884253859519958,0.008527478203177452,-2.484083652496338,-2.597609519958496,-4.484546184539795,-3.6128931045532227,0.7380554676055908,0.6578489542007446,0.5622240900993347
-1.124244213104248,0.2797302305698395,-0.6977542042732239,0.5376352667808533,0.7882474660873413,0.23209363222122192,-0.18906807899475098,-3.4771230220794678,-4.37965202331543,-5.194571495056152,16.11809539794922,0.5343931913375854,1.335699439048767,-0.15738368034362793
-1.4116078615188599,0.5235629081726074,-0.5715305805206299,0.09993904829025269,0.7239685654640198,0.6810629963874817,0.04510951787233353,-3.441361904144287,-4.689886093139648,-5.494593620300293,-1.774409532546997,1.5394680500030518,1.7625726461410522,0.8880316019058228
-1.4000766277313232,0.5127370953559875,-0.5676189064979553,0.16450951993465424,0.7184414267539978,0.6709029078483582,0.08165653795003891,-1.7837984561920166,-4.770049095153809,-5.306881427764893,16.11809539794922,-1.472813367843628,-1.4541054964065552,-1.4883278608322144
-1.4886939525604248,0.2930159270763397,-0.5240414142608643,-0.4803902506828308,0.6828022003173828,0.339383602142334,-0.43338802456855774,-16.443008422851562,-4.074713230133057,-3.343371868133545,5.537334442138672,-0.3683924078941345,0.28498274087905884,-0.2571796178817749
-1.3772830963134766,0.3241651654243469,-0.43292203545570374,0.6192676424980164,-0.0724310353398323,-0.7817777395248413,0.009216749109327793,-2.870427370071411,-3.2835910320281982,-3.854857921600342,-0.039373867213726044,-1.7471601963043213,-0.9366504549980164,-1.713719367980957
-1.4271345138549805,0.36766842007637024,-0.5544734001159668,-0.1903896927833557,0.6285684704780579,0.7237542271614075,-0.21173866093158722,-3.135946035385132,-4.98138427734375,-6.687019348144531,0.4981493055820465,-0.549690306186676,-0.016026193276047707,-0.780928909778595
-1.4202079772949219,0.35140207409858704,-0.4884582757949829,0.17625829577445984,-0.6075726747512817,0.6870850324630737,-0.3573550283908844,-3.9286293983459473,-7.430787086486816,-4.650019645690918,4.840242385864258,-0.8827515840530396,-0.41009721159935,-1.6473394632339478
-1.3851207494735718,0.35435551404953003,-0.514448344707489,0.2500063478946686,0.6727886199951172,0.6841127872467041,0.12977685034275055,-2.4701311588287354,-4.175288677215576,-5.592166900634766,-0.5347989797592163,-1.5130831003189087,-1.381880283355713,-1.5130831003189087
-1.3890494108200073,0.3447049856185913,-0.5042679905891418,0.6243023872375488,0.3721872866153717,0.4645954370498657,0.5058401226997375,-1.9257358312606812,-5.372681617736816,-5.3899102210998535,3.0845305919647217,-1.4678990840911865,-1.5501446723937988,-1.578646183013916
-1.3453364372253418,0.32889148592948914,-0.48949679732322693,-0.02574068494141102,0.8945125937461853,0.4190840721130371,0.15347051620483398,-3.6787500381469727,-4.9748992919921875,-6.993131160736084,1.2367231845855713,-0.32530131936073303,0.9488838315010071,-0.2933539152145386
-1.4652012586593628,0.3351627290248871,-0.42785391211509705,0.918930172920227,0.2520776689052582,0.19075821340084076,0.2358718365430832,-2.8557755947113037,-3.2635557651519775,-4.472014427185059,-1.2149267196655273,0.3835563063621521,1.0786362886428833,0.8706203699111938
-1.3327609300613403,0.3671821355819702,-0.4789178669452667,-0.5743946433067322,0.70664381980896,0.34767812490463257,-0.22326049208641052,-3.5885229110717773,-16.64473533630371,-4.554990768432617,-1.9414358139038086,1.7724539041519165,1.7724539041519165,1.7446506023406982
-1.4590210914611816,0.33087316155433655,-0.43033796548843384,-0.1492641419172287,0.7062614560127258,0.48856979608535767,0.4901168644428253,-2.815962791442871,-3.6797032356262207,-4.486527919769287,-1.290911078453064,-0.29346147179603577,1.274659514427185,1.274659514427185
-1.3840616941452026,0.26508110761642456,-0.4390997588634491,0.9066693186759949,-0.1758013367652893,-0.3744061589241028,-0.08285301178693771,-3.6087846755981445,-4.436442852020264,-4.800768852233887,-0.5602400898933411,-0.017132917419075966,1.2788692712783813,0.3450862169265747
-1.2866252660751343,0.2643161714076996,-0.35228490829467773,0.41651561856269836,0.6348609328269958,0.5765796303749084,0.3016989529132843,-2.4426169395446777,-3.036459445953369,-4.8554606437683105,-2.6047794818878174,0.3486120104789734,1.706568956375122,0.6127423644065857
-1.3520498275756836,0.38957399129867554,-0.4527747333049774,-0.20538754761219025,0.8436654806137085,0.4437836706638336,0.2215864658355713,-3.2646875381469727,-4.474552154541016,-5.552263259887695,2.0093746185302734,-0.251961350440979,0.6600221395492554,-0.03505779430270195
-1.194770336151123,0.3517424464225769,-0.4872179627418518,0.17568998038768768,0.7228325605392456,0.5706736445426941,0.3478184640407562,-3.9081172943115234,-5.249145984649658,-6.065412521362305,16.11809539794922,1.6888586282730103,1.2128962278366089,0.8172209858894348
-1.1840556859970093,0.36919912695884705,-0.46857312321662903,0.2265268713235855,0.7518602013587952,0.3483371436595917,0.511911153793335,-3.8807737827301025,-5.213770866394043,-5.9921183586120605,3.5214409828186035,1.7724539041519165,1.5527347326278687,1.4921225309371948
-1.2986072301864624,0.32825392484664917,-0.3786962926387787,0.09959181398153305,0.5120794177055359,0.853053867816925,-0.012459412217140198,-3.4687931537628174,-3.6412289142608643,-3.9897682666778564,-0.25391846895217896,-1.7515407800674438,-1.185141682624817,-1.757244348526001
-1.1941602230072021,0.3862708806991577,-0.4328966736793518,0.8743391036987305,0.2521131634712219,0.11366380006074905,-0.3988114893436432,-3.5647149085998535,-4.676997184753418,-4.966852188110352,-0.023460088297724724,-1.4770176410675049,-0.7708967328071594,-1.6446852684020996
-1.1660737991333008,0.37139013409614563,-0.42115968465805054,-0.02004506066441536,0.8517957925796509,0.24537917971611023,0.462418794631958,-6.3325653076171875,-4.21200704574585,-11.531697273254395,3.00815486907959,1.7724539041519165,1.2580946683883667,1.1329803466796875
-1.1192662715911865,0.35537758469581604,-0.4212073087692261,0.8064576983451843,0.5007501840591431,0.02253173477947712,-0.31363600492477417,-3.9627017974853516,-5.256041526794434,-5.65292501449585,16.11809539794922,1.7724539041519165,1.5229203701019287,1.218560814857483
-1.1655882596969604,0.38261327147483826,-0.4166868031024933,0.8805598616600037,0.2950793504714966,-0.24237211048603058,-0.28071027994155884,-4.513279438018799,-5.12532901763916,-6.640402793884277,16.11809539794922,1.7724539041519165,1.7724539041519165,1.7613250017166138
-1.1382019519805908,0.3678359389305115,-0.3968229293823242,0.3042760193347931,0.24779032170772552,0.5862822532653809,0.7087236642837524,-3.5299301147460938,-4.558854103088379,-5.566049575805664,16.11809539794922,-0.4718707501888275,0.4370686709880829,-0.25019580125808716
-1.3708794116973877,0.40707287192344666,-0.5207736492156982,0.2486250102519989,0.4707677960395813,0.8306857347488403,0.16286347806453705,-4.4335222244262695,-5.121075630187988,-6.685229778289795,-0.8644344806671143,1.0514289140701294,1.488615870475769,0.3508080542087555
-1.3956968784332275,0.4198532998561859,-0.5227173566818237,0.1052870973944664,0.7584916949272156,0.6431212425231934,0.00022788721253164113,-3.1414051055908203,-4.597548484802246,-5.064785480499268,-0.8691979646682739,0.4022892117500305,0.18174049258232117,-0.34256622195243835
-1.4305164813995361,0.484454870223999,-0.5548070073127747,0.9438090920448303,0.05659683421254158,-0.15092481672763824,-0.28851836919784546,-3.445693016052246,-4.086192607879639,-5.779477119445801,-1.8818793296813965,0.546913206577301,1.136102318763733,0.3760496973991394
-1.4090936183929443,0.5152601003646851,-0.5327387452125549,0.15749774873256683,0.8212188482284546,0.44958996772766113,0.31410646438598633,-2.8199806213378906,-3.7400124073028564,-5.586806297302246,-1.0572634935379028,-1.5147597789764404,-1.1083362102508545,-1.7265609502792358
-1.4303144216537476,0.5175339579582214,-0.5039082765579224,-0.36868008971214294,0.7219509482383728,0.4611719846725464,0.3608076870441437,-3.366912603378296,-4.486365795135498,-5.642137050628662,1.3577200174331665,0.22905702888965607,0.8772660493850708,0.5746809840202332
-1.4184718132019043,0.5254178643226624,-0.48837754130363464,0.8296419382095337,-0.04803324490785599,-0.5529028177261353,0.06070854142308235,-3.089376926422119,-3.844827890396118,-4.950811862945557,-0.6078831553459167,-0.5281975269317627,0.12215352058410645,-0.44592246413230896
-1.3944549560546875,0.5002604722976685,-0.4967094361782074,0.09746046364307404,0.9946722984313965,-0.02004506066441536,-0.026957150548696518,-2.436798095703125,-14.051405906677246,-1.5615794658660889,-0.8010361194610596,-1.6473394632339478,-1.6890443563461304,-1.7724539041519165
-1.3953039646148682,0.5149885416030884,-0.46989312767982483,0.15137477219104767,0.9692137837409973,-0.09746046364307404,-0.16796378791332245,-3.735387086868286,-12.297094345092773,-3.1612329483032227,3.0992729663848877,-0.9522595405578613,-0.006950825918465853,-0.7715387940406799
-1.3572015762329102,0.5194838047027588,-0.43876802921295166,0.5942408442497253,-0.5934425592422485,-0.38190773129463196,-0.3858112096786499,-3.076805591583252,-4.03108024597168,-4.87515115737915,0.41654422879219055,0.6460843682289124,1.3046600818634033,1.1051770448684692
-1.316469669342041,0.41956546902656555,-0.4107517898082733,0.8095837831497192,-0.39750996232032776,-0.4175799489021301,0.11039441078901291,-3.086507558822632,-4.643548965454102,-4.775700569152832,-0.6229779124259949,0.5254260897636414,1.5674203634262085,1.3137614727020264
-1.2935070991516113,0.4027159512042999,-0.43967390060424805,-0.29291123151779175,0.7496325969696045,0.5258457064628601,0.27520960569381714,-3.3021764755249023,-4.63319206237793,-6.07173490524292,-0.07479988038539886,0.4656451642513275,1.43478524684906,0.9464185237884521
-1.2119297981262207,0.4072156846523285,-0.42695584893226624,-0.17272883653640747,0.4447989761829376,0.6305860877037048,0.61211097240448,-3.764225482940674,-4.500503063201904,-5.953049659729004,1.2171462774276733,0.6090487837791443,1.299985647201538,1.0212141275405884
-1.282863974571228,0.43761569261550903,-0.3814542591571808,0.8563361763954163,0.4446733891963959,-0.060241274535655975,-0.2555874288082123,-3.250955820083618,-4.405925273895264,-4.776273250579834,-0.31022533774375916,-0.07659263163805008,1.084614634513855,0.5492469072341919
-1.1946430206298828,0.3958190083503723,-0.4471518397331238,-0.22674518823623657,0.7277871370315552,0.4504973292350769,0.4647200107574463,-3.921600341796875,-4.5455641746521,-7.554035663604736,16.11809539794922,0.08511898666620255,0.9176186323165894,0.34560427069664
-1.1978464126586914,0.40252456068992615,-0.3865506947040558,0.7183070182800293,0.6299213171005249,-0.10813005268573761,-0.27484917640686035,-3.479959487915039,-4.214691638946533,-5.687494277954102,16.11809539794922,0.04028746113181114,0.7834002375602722,0.26945093274116516
-1.093059778213501,0.2725018560886383,-0.7047935128211975,0.7135550379753113,0.6421331167221069,0.01175055280327797,-0.2799396216869354,-4.2610063552856445,-5.203574180603027,-9.615281105041504,2.6390573978424072,0.8827515244483948,1.2997994422912598,1.0634722709655762
-1.060605764389038,0.2753923833370209,-0.7243607044219971,0.5171325206756592,0.8422119617462158,-0.0020874780602753162,0.15247488021850586,-3.55609393119812,-3.9075069427490234,-5.458252906799316,16.11809539794922,-0.33458268642425537,0.5693286657333374,-1.6200194358825684
-1.05972421169281,0.28011924028396606,-0.7049509882926941,0.7099226713180542,-0.5064026713371277,-0.24680906534194946,-0.42267170548439026,-3.216397523880005,-4.126300811767578,-5.862308025360107,-0.15122047066688538,1.3587533235549927,1.7313463687896729,0.730949878692627
-1.0770145654678345,0.26458632946014404,-0.684792160987854,0.8790470957756042,0.02934913896024227,-0.47566699981689453,0.012478780932724476,-3.854444980621338,-5.21570348739624,-5.332927703857422,0.6101776957511902,-1.7724539041519165,-1.6339845657348633,-1.7724539041519165
-1.0212713479995728,0.2646118402481079,-0.6984338164329529,-0.3198774456977844,0.3123752772808075,0.41748133301734924,0.7910811901092529,-3.2511587142944336,-4.274385929107666,-6.89923095703125,-0.109519362449646,-1.6325792074203491,-0.9875341653823853,-1.6742637157440186
-0.9975255131721497,0.26923638582229614,-0.7316844463348389,0.5083112120628357,0.7967389822006226,0.006883176509290934,-0.3267710506916046,-3.853397846221924,-4.424813270568848,-5.584071636199951,1.818228840827942,-0.12101618945598602,0.8243061304092407,-1.0848830938339233
-0.9957014918327332,0.27469363808631897,-0.7224559783935547,0.860899806022644,0.4040101170539856,0.15532127022743225,-0.26739978790283203,-4.075854301452637,-5.0971550941467285,-5.848278522491455,1.6579809188842773,0.5439799427986145,1.2527971267700195,0.23434510827064514
-0.9562830924987793,0.2616632580757141,-0.7331302762031555,0.4625205993652344,0.8124828338623047,-0.02719191648066044,-0.35384589433670044,-4.4683027267456055,-5.2227301597595215,-7.796121120452881,16.11809539794922,0.5423891544342041,1.2165195941925049,0.16417492926120758
-0.9988484978675842,0.28105103969573975,-0.7383056879043579,0.8579552173614502,0.40806594491004944,0.09132824838161469,-0.2984195053577423,-3.9031777381896973,-5.261287689208984,-5.4558563232421875,-0.5695670247077942,1.1546305418014526,1.4472742080688477,1.6699668169021606
-0.9715127944946289,0.26626208424568176,-0.7141937613487244,0.8829318881034851,-0.36716097593307495,0.2924407422542572,0.010124994441866875,-4.016952991485596,-5.3550801277160645,-7.307290077209473,2.037856340408325,-0.2471766471862793,0.8273725509643555,-1.004967212677002
-1.0850294828414917,0.337815523147583,-0.4098992347717285,0.6151831150054932,0.7377436757087708,-0.00633988669142127,-0.27792781591415405,-3.5569965839385986,-4.38421630859375,-5.693353176116943,16.11809539794922,0.5879107713699341,1.367956519126892,0.6701506972312927
-1.0854830741882324,0.3384327292442322,-0.4094078242778778,0.5872056484222412,0.7450741529464722,0.05589155852794647,-0.3113361597061157,-3.8744635581970215,-5.081943511962891,-5.569311618804932,0.7270925045013428,-1.7724539041519165,-1.0537497997283936,-1.7724539041519165
-1.1762927770614624,0.17981235682964325,-0.3537352681159973,-0.28606918454170227,0.6020523905754089,0.6144925951957703,0.42201441526412964,-3.080282688140869,-4.029582977294922,-4.742715358734131,16.11809539794922,-0.4040887951850891,0.4694616496562958,-0.11891752481460571
-1.2426494359970093,0.223164901137352,-0.3204399049282074,0.43081721663475037,0.5268950462341309,0.5722290277481079,0.45752814412117004,-2.0630943775177,-3.8521511554718018,-5.071664333343506,0.46752217411994934,-1.6071040630340576,-1.7046763896942139,-1.6587759256362915
-1.2628649473190308,0.26875972747802734,-0.3037087023258209,0.9334700107574463,-0.03600963205099106,-0.07688291370868683,-0.34846246242523193,-2.8347115516662598,-3.607403516769409,-4.3055877685546875,-0.895866870880127,-0.5982332825660706,0.9233025908470154,-0.1409582644701004
-1.1831159591674805,0.2422465682029724,-0.28628110885620117,0.9958438873291016,0.04497379809617996,-0.07836973667144775,-0.011423255316913128,-3.12984037399292,-3.794560194015503,-4.577075481414795,0.5373206734657288,0.3790683150291443,1.349836826324463,0.9585110545158386
-1.1416847705841064,0.21537505090236664,-0.24840474128723145,0.7145216464996338,-0.5528311133384705,-0.4210275113582611,-0.08107046782970428,-3.368117094039917,-4.021483421325684,-4.74088191986084,2.259121894836426,-1.7724539041519165,-1.174749732017517,-1.7724539041519165
-1.2132229804992676,0.2331533282995224,-0.24547943472862244,0.7263948917388916,0.5885266661643982,-0.14365129172801971,0.32457831501960754,-1.7110174894332886,-2.5128839015960693,-5.180973052978516,0.23627157509326935,-1.5780576467514038,-0.7717754244804382,-1.6475938558578491
-1.1081078052520752,0.17565976083278656,-0.27256566286087036,0.864586353302002,0.23129978775978088,-0.44604283571243286,0.00605744170024991,-2.9773244857788086,-3.287644863128662,-4.757762908935547,0.23688022792339325,-0.07488034665584564,0.861953854560852,0.2567300498485565
-0.8945479989051819,0.20184993743896484,-0.28421908617019653,0.8198727965354919,0.44449320435523987,-0.31330955028533936,0.17908520996570587,-2.3992748260498047,-4.754729270935059,-5.370678901672363,3.324087619781494,1.1603947877883911,0.06844577193260193,-0.7669267654418945
-0.8256585597991943,0.2100457400083542,-0.22318026423454285,0.5985018014907837,0.7139905095100403,-0.22639428079128265,0.2841808795928955,-1.9671558141708374,-4.612144947052002,-5.31417989730835,16.11809539794922,1.7694085836410522,1.6014398336410522,1.5295321941375732
-0.9417891502380371,0.2070186585187912,-0.3290683329105377,0.841032087802887,0.40690234303474426,-0.32852572202682495,0.138442724943161,-3.210585832595825,-4.476701259613037,-5.732357501983643,0.0985766127705574,1.7724539041519165,1.1427325010299683,0.12297853827476501
-0.8564973473548889,0.19080768525600433,-0.2566595673561096,0.9115686416625977,0.18805071711540222,-0.35632848739624023,0.08191186189651489,-1.9923088550567627,-5.538236618041992,-5.953061103820801,0.7214832901954651,-0.8295446634292603,-1.3743714094161987,-1.7724539041519165
-1.3063970804214478,0.43517428636550903,-0.3010789453983307,0.6002089977264404,0.5851138234138489,0.4185490906238556,0.34958207607269287,-2.9169299602508545,-3.3369293212890625,-4.806913375854492,0.41336166858673096,-0.6325031518936157,0.23073452711105347,-0.728471577167511
-1.3822479248046875,0.3619385063648224,-0.18938209116458893,0.5089014172554016,0.7577869296073914,-0.40837597846984863,0.0027143042534589767,-3.7796759605407715,-4.29341459274292,-5.581750869750977,16.11809539794922,0.9656794667243958,1.6437891721725464,0.9136608242988586
-1.315769910812378,0.36996984481811523,-0.2288171648979187,-0.01761496625840664,0.613006591796875,0.639905571937561,-0.4630696475505829,-3.258354425430298,-3.635556936264038,-4.938939571380615,16.11809539794922,1.761337161064148,1.7697945833206177,1.544838547706604
-1.213855504989624,0.3304537534713745,-0.10161883383989334,0.9462348818778992,-0.24343711137771606,-0.17913714051246643,0.11527250707149506,-3.152193546295166,-3.2410244941711426,-3.822537422180176,-0.25654202699661255,0.4379003345966339,1.5382529497146606,0.5065324902534485
-1.2398505210876465,0.2995080053806305,-0.18758442997932434,0.9137639403343201,-0.20795084536075592,-0.3347749412059784,0.0985778421163559,-2.4349913597106934,-3.8697307109832764,-4.684092998504639,0.12410330772399902,-1.5168479681015015,-0.31337854266166687,-1.4495831727981567
-1.2019741535186768,0.2777136266231537,-0.26921558380126953,0.8960050940513611,0.39668476581573486,-0.17592215538024902,-0.09416749328374863,-2.8991501331329346,-3.9881057739257812,-4.522051811218262,0.1003134548664093,-0.944379448890686,-0.12757508456707,-0.8147461414337158
-1.2783573865890503,0.32786452770233154,-0.2040080726146698,0.6388969421386719,0.6952482461929321,0.12795422971248627,-0.30342763662338257,-2.603311538696289,-3.7621734142303467,-4.155293941497803,2.255136013031006,-1.7525478601455688,-1.1988189220428467,-1.6909208297729492
-1.1367112398147583,0.26479387283325195,-0.22855353355407715,0.8959320187568665,-0.34956708550453186,-0.2713194191455841,0.038658127188682556,-3.5496418476104736,-4.525564670562744,-5.379790306091309,-0.8487136363983154,0.5803453326225281,1.2905404567718506,1.5390605926513672
-1.2859110832214355,0.42841899394989014,-0.31186625361442566,0.3999747037887573,0.3455697298049927,0.5301764607429504,0.6629590392112732,-3.1270906925201416,-3.326404094696045,-5.908214569091797,-0.9388566017150879,-1.4388154745101929,-0.8230355381965637,-1.577831506729126
-1.289086103439331,0.32874274253845215,-0.20269469916820526,0.7551817893981934,-0.1567634791135788,-0.5070180892944336,-0.3847835063934326,-3.350820541381836,-3.8921868801116943,-5.870508670806885,16.11809539794922,-1.6007567644119263,-0.8347228765487671,-1.6866053342819214
-1.3710047006607056,0.526843786239624,-0.31920015811920166,0.7451702356338501,0.5362386703491211,-0.3713514804840088,0.13880719244480133,-2.934974193572998,-3.0906200408935547,-4.3514509201049805,2.436410427093506,0.2537919282913208,0.9829774498939514,0.42466816306114197
-1.31450617313385,0.4880613088607788,-0.3349141478538513,0.7512921690940857,0.4427076578140259,0.4500139355659485,0.1925031840801239,-3.416250705718994,-3.4507668018341064,-4.238431453704834,0.3121028542518616,-0.28685975074768066,0.7349039316177368,0.3734179437160492
-1.3991971015930176,0.4671799838542938,-0.22243300080299377,-0.382337361574173,0.39284664392471313,0.7958921194076538,0.2569929361343384,-2.469576358795166,-2.783642292022705,-3.901005268096924,0.15924790501594543,-1.378349781036377,-0.993438720703125,-1.6855744123458862
-1.3586102724075317,0.5278502702713013,-0.18916238844394684,0.3978373408317566,0.9007084965705872,0.146127849817276,-0.09537450969219208,-3.31695818901062,-4.169697284698486,-4.482819557189941,1.6117417812347412,0.7150855660438538,1.4769681692123413,0.37109777331352234
-1.2489789724349976,0.4489230513572693,-0.33985188603401184,-0.1754077970981598,0.6396267414093018,0.7100002765655518,-0.23666292428970337,-2.6441562175750732,-4.224687576293945,-5.613610744476318,0.0020136809907853603,-1.0045757293701172,-1.0700939893722534,-1.2500795125961304
-1.3061847686767578,0.4444536566734314,-0.29783546924591064,-0.32590603828430176,0.5867759585380554,0.720246434211731,0.1752833127975464,-2.7399818897247314,-3.483278274536133,-7.495334625244141,2.5133488178253174,-1.4683399200439453,-0.9499111771583557,-1.5743892192840576
-1.2559770345687866,0.4585922360420227,-0.34691178798675537,0.2081291675567627,0.6513949036598206,0.7133082747459412,0.15348707139492035,-2.2434282302856445,-5.302826404571533,-5.487122058868408,16.11809539794922,-1.4252257347106934,-1.6006805896759033,-1.5669878721237183
-1.2889095544815063,0.47272005677223206,-0.3005041778087616,0.09624981880187988,0.8257881999015808,0.37308061122894287,0.4118502736091614,-3.442352294921875,-4.064381122589111,-5.419536590576172,0.7959945201873779,0.6968788504600525,1.4557838439941406,1.3010333776474
-1.4179877042770386,0.5629006624221802,-0.3121543228626251,0.08762779831886292,0.727177083492279,0.6805250644683838,-0.020506665110588074,-1.718614101409912,-4.082235336303711,-5.2272820472717285,-0.22101590037345886,-1.283848524093628,-1.24302077293396,-1.7634873390197754
-1.1739376783370972,0.45201969146728516,-0.27535879611968994,0.588424026966095,0.7864511609077454,-0.18750342726707458,-0.00970509834587574,-3.203705310821533,-4.810105323791504,-5.681556224822998,-0.48913145065307617,0.9512885212898254,1.581369161605835,0.8816612362861633
-1.1495189666748047,0.4328504800796509,-0.242686927318573,0.6262980103492737,0.7591367363929749,-0.09411723166704178,-0.15034690499305725,-2.9095284938812256,-3.33323335647583,-4.3939361572265625,0.5177928805351257,-1.2259600162506104,-0.19094493985176086,-1.327633261680603
-1.1471401453018188,0.4413853883743286,-0.24591055512428284,0.7497239112854004,0.6230710744857788,-0.10009907186031342,-0.19919003546237946,-2.9763221740722656,-3.7054123878479004,-4.800217151641846,1.2112809419631958,0.21164879202842712,0.8973134160041809,0.7114183306694031
-1.2323412895202637,0.4657999873161316,-0.25644832849502563,0.8829978108406067,0.13040520250797272,-0.4476666748523712,0.05388779938220978,-3.1797640323638916,-4.783158779144287,-5.661843776702881,1.3978962898254395,-0.2107876092195511,0.6487791538238525,0.1755676567554474
-1.4801613092422485,0.3796762526035309,-0.1750069260597229,0.4928320050239563,0.8116427063941956,-0.2052890658378601,-0.23708467185497284,-12.887577056884766,-3.2993087768554688,-4.311718940734863,2.6390573978424072,-0.4379003942012787,-0.03660755604505539,-1.2163898944854736
-1.4582163095474243,0.34931322932243347,-0.03958727419376373,0.34214845299720764,0.585453987121582,0.6947303414344788,0.2398495078086853,-13.174821853637695,-3.2993087768554688,-2.72682523727417,1.6524039506912231,-1.7724539041519165,-1.5131208896636963,-1.7724539041519165
-1.3550934791564941,0.3347229063510895,0.012120364233851433,0.5955770015716553,0.7588220238685608,0.22328560054302216,-0.14007405936717987,-2.20036244392395,-3.661973237991333,-4.118542194366455,16.11809539794922,0.07668322324752808,0.8654913306236267,-0.018612969666719437
-1.2397695779800415,0.2852228581905365,-0.10256931930780411,0.8309296369552612,0.5490300059318542,0.06799671798944473,-0.05914774537086487,-2.653467893600464,-2.931575298309326,-3.4254941940307617,16.11809539794922,-1.7643965482711792,-0.8230408430099487,-1.7724539041519165
-1.1685428619384766,0.31034737825393677,-0.15866942703723907,-0.18455280363559723,0.6255441308021545,0.7526193261146545,0.09054837375879288,-3.491628646850586,-3.879845142364502,-12.1112699508667,-1.3862943649291992,0.5074083209037781,0.8413193225860596,1.7724539041519165
-1.1605100631713867,0.35722294449806213,0.010024542920291424,0.6953601241111755,-0.5572936534881592,-0.3794931173324585,-0.2487630844116211,-2.375397205352783,-3.330975294113159,-4.594595909118652,-0.5628777742385864,-0.1731509119272232,0.7459354996681213,-0.027493681758642197
-1.4999117851257324,0.429775208234787,-0.02397589199244976,-0.21496598422527313,0.8236911296844482,0.24537917971611023,0.46380123496055603,-4.897619247436523,-3.4368042945861816,-5.756080150604248,0.023530498147010803,1.5917330980300903,1.7724539041519165,-1.7724539041519165
-1.1060328483581543,0.3878132700920105,-0.13005229830741882,0.6482163071632385,-0.5607817769050598,-0.09491164237260818,-0.5062916278839111,-2.7111546993255615,-3.858729839324951,-4.187294006347656,0.43504056334495544,-0.6409913897514343,0.3022860884666443,-0.6198198199272156
-1.1213761568069458,0.41940444707870483,-0.14562444388866425,0.6175944209098816,0.652320384979248,-0.43935108184814453,0.0050910827703773975,-2.776510715484619,-4.128745079040527,-5.246555805206299,-0.3021906614303589,0.3221520483493805,0.9039506316184998,0.3692634403705597
-1.0090502500534058,0.3096785843372345,-0.23307962715625763,0.08547282963991165,0.5967280268669128,0.6884264349937439,0.40333491563796997,-3.673868179321289,-3.8025739192962646,-4.746034145355225,3.030512571334839,0.1403452605009079,1.1361531019210815,0.5245774388313293
-1.0117480754852295,0.36223435401916504,-0.15739479660987854,-0.37482261657714844,0.3990393280982971,0.7971104383468628,0.25473636388778687,-3.1514570713043213,-3.732456684112549,-4.831935405731201,0.5773952007293701,-1.5587255954742432,-0.6890859007835388,-1.4977580308914185
-1.1006287336349487,0.412763774394989,-0.2364165335893631,0.7722641825675964,0.5213315486907959,-0.3316666781902313,-0.14771144092082977,-2.977569580078125,-3.816990613937378,-4.123837471008301,-1.2397581338882446,1.6854585409164429,1.7423213720321655,1.7423943281173706
-0.9362365007400513,0.32873088121414185,-0.18076972663402557,0.13954901695251465,0.4887767732143402,0.48657771944999695,0.7105388641357422,-3.083127498626709,-4.123839378356934,-5.203516960144043,-1.681985855102539,1.4674171209335327,1.4964572191238403,1.4817769527435303
-0.9208950996398926,0.3025689423084259,-0.19312262535095215,0.19065925478935242,0.4306914508342743,0.6581621170043945,0.5873470306396484,-3.7098021507263184,-4.078737258911133,-4.643581390380859,0.2978500723838806,0.2898603677749634,1.2407640218734741,0.6894151568412781
-1.1077728271484375,0.42273473739624023,-0.2450656294822693,0.8356403112411499,0.518861711025238,-0.12290787696838379,-0.1318388134241104,-3.052138566970825,-4.023312568664551,-7.100773811340332,1.7017896175384521,-0.5573588013648987,0.36245009303092957,-0.3903806209564209
-0.7564064860343933,0.4409503638744354,-0.2527000904083252,0.8517924547195435,0.1710689812898636,-0.3975595533847809,0.2951803505420685,-3.699180841445923,-4.636936187744141,-5.703840732574463,-1.6517995595932007,1.7724539041519165,1.7321796417236328,1.4138271808624268
-0.7506389617919922,0.4378136992454529,-0.2563977539539337,0.8599295020103455,0.3413976728916168,-0.10183407366275787,-0.36551156640052795,-4.053127288818359,-4.763559818267822,-5.632981777191162,-0.24484071135520935,0.269896924495697,1.0022430419921875,0.10053427517414093
-0.7430885434150696,0.45503953099250793,-0.2409450113773346,0.009249395690858364,0.8818233609199524,0.4175969958305359,0.21889443695545197,-3.8872275352478027,-4.225797176361084,-5.166094779968262,-0.46623390913009644,0.7275481820106506,1.4274464845657349,1.5122016668319702
-0.8462561368942261,0.5635760426521301,-0.2070707380771637,0.8394054770469666,0.20718319714069366,-0.398745596408844,0.3057376742362976,-3.0370590686798096,-3.495640993118286,-6.096395492553711,-0.23298859596252441,0.29201364517211914,0.8770583271980286,0.4671609699726105
-0.7478197813034058,0.4721996784210205,-0.21611425280570984,-0.2353798896074295,0.7508009076118469,0.46901825070381165,0.4011436402797699,-3.6768641471862793,-3.9146034717559814,-6.469003200531006,16.11809539794922,-0.23722025752067566,0.3921980857849121,0.1343652606010437
-0.9754271507263184,0.2916235327720642,-0.15503887832164764,0.2785572111606598,-0.5356869697570801,0.5681145191192627,0.5591880679130554,-2.584537982940674,-2.9479317665100098,-12.1112699508667,-0.8010361194610596,-1.577831506729126,-0.9278363585472107,-1.7724539041519165
-1.0197358131408691,0.33762240409851074,-0.10629748553037643,0.792280375957489,0.13663554191589355,-0.5676661133766174,0.17713753879070282,-2.770557165145874,-3.505709648132324,-4.760838508605957,1.345589280128479,-1.2911601066589355,-0.425331711769104,-1.7548413276672363
-1.0615626573562622,0.3624347150325775,-0.15257151424884796,0.6345213055610657,0.06525825709104538,-0.6748571395874023,-0.37106868624687195,-3.8248143196105957,-4.2840800285339355,-4.33394193649292,-0.2422972470521927,1.2874985933303833,1.4955865144729614,1.7724539041519165
-0.9506474733352661,0.36490920186042786,-0.09113004803657532,0.8363254070281982,0.49251997470855713,-0.2399246245622635,0.020495885983109474,-3.0353245735168457,-3.839613914489746,-3.966179847717285,0.12011124193668365,0.8575212359428406,1.2793989181518555,1.4335564374923706
-0.905080258846283,0.33071500062942505,-0.11510578542947769,0.6654280424118042,0.6329064965248108,-0.09685056656599045,-0.38373804092407227,-2.9072370529174805,-3.5108067989349365,-4.35853385925293,2.9635391235351562,-0.6646185517311096,0.18061563372612,-0.371864914894104
-1.0496313571929932,0.3735695481300354,-0.012687209993600845,0.5303370952606201,-0.20702750980854034,-0.5777250528335571,-0.5849067568778992,-3.2628841400146484,-3.840717315673828,-4.789001941680908,-0.7330198287963867,0.927510678768158,1.7245720624923706,1.5023794174194336
-1.00102961063385,0.3457708954811096,-0.06681642681360245,0.08225386589765549,0.9705379009246826,-0.1914648860692978,-0.12096156924962997,-11.52694034576416,-3.390972375869751,-2.5082192420959473,1.3862943649291992,0.21547475457191467,1.0674519538879395,0.6881291270256042
-0.8473424911499023,0.32398533821105957,-0.03439725935459137,0.7873454093933105,0.5219787955284119,-0.32512766122817993,0.04378785938024521,-3.1132750511169434,-3.2068145275115967,-4.39545202255249,0.4790631830692291,-1.4242573976516724,-0.7283074855804443,-1.7645131349563599
-0.7879611849784851,0.3573969304561615,-0.06868494302034378,0.1208152323961258,0.8267554640769958,0.5357754230499268,0.12175275385379791,-2.4905195236206055,-3.386720895767212,-3.972440481185913,-1.2960829734802246,-1.3534265756607056,-0.33833879232406616,-1.7724539041519165
-0.7523200511932373,0.49961012601852417,-0.09513474255800247,-0.0739593580365181,0.7897101044654846,0.6034254431724548,-0.08225386589765549,-12.010722160339355,-4.414549350738525,-3.296762466430664,0.5719616413116455,-1.3971107006072998,-0.369155615568161,-1.4388154745101929
-0.7537223100662231,0.521364152431488,-0.07366623729467392,0.18854771554470062,0.6335605978965759,0.44957780838012695,0.6007749438285828,-3.7679104804992676,-4.283976078033447,-6.016086578369141,0.7706419229507446,-0.9439399242401123,0.014003938063979149,-1.2081090211868286
-0.763056755065918,0.5459009408950806,-0.04733045771718025,0.4809359312057495,0.32804539799690247,0.5063568353652954,0.6361522078514099,-3.2639315128326416,-4.133420944213867,-5.67278528213501,16.11809539794922,-0.3168333172798157,0.3668510913848877,-0.07735433429479599
-0.013810723088681698,0.1984667181968689,-0.6466250419616699,0.8219976425170898,0.43469005823135376,-0.31959399580955505,0.18227466940879822,-2.8552632331848145,-4.344470977783203,-5.263347625732422,16.11809539794922,-1.4097260236740112,-1.3683263063430786,-1.589162826538086
-0.06690569967031479,0.20761922001838684,-0.6738449931144714,-0.3628847002983093,0.8396067023277283,0.1914648860692978,0.35597261786460876,-2.871783494949341,-14.81836986541748,-5.0378031730651855,1.4873905181884766,1.480520248413086,0.9078289270401001,0.5074083209037781
-0.027490384876728058,0.2095249593257904,-0.6618892550468445,0.9010981917381287,-0.15143589675426483,-0.4027717411518097,-0.053517717868089676,-4.190045356750488,-4.94204044342041,-5.199985504150391,-1.2379786968231201,1.7724539041519165,1.47903311252594,1.2671147584915161
-0.003261422971263528,0.20586875081062317,-0.6345123052597046,-0.42092058062553406,0.8214824199676514,0.19541817903518677,0.33136722445487976,-3.718262195587158,-4.8965535163879395,-6.343542098999023,2.3734347820281982,1.0428935289382935,0.6056735515594482,0.15660355985164642
-0.010119909420609474,0.21666908264160156,-0.6304613947868347,0.5682428479194641,0.7299992442131042,-0.237706258893013,0.29613661766052246,-3.0598931312561035,-5.285076141357422,-6.5549540519714355,2.203960418701172,1.6341805458068848,1.334263801574707,1.284287691116333
-0.021675104275345802,0.2071254551410675,-0.6342686414718628,0.43980854749679565,0.8214738368988037,-0.11370831727981567,0.3447020947933197,-3.2503347396850586,-5.095942974090576,-7.198270320892334,16.11809539794922,0.8439213037490845,0.44533538818359375,0.2909832298755646
-0.020280908793210983,0.2129715234041214,-0.635607123374939,0.679718017578125,0.6647268533706665,-0.22273710370063782,0.21566136181354523,-3.3024532794952393,-4.853556156158447,-5.468905925750732,0.9364748597145081,0.5625175833702087,0.372050017118454,0.30899983644485474
-0.6310069561004639,0.23643812537193298,-0.21286655962467194,0.014627395197749138,0.6073933839797974,0.7938591241836548,-0.025435660034418106,-4.518888473510742,-5.087831020355225,-5.959752082824707,1.0462709665298462,1.5677223205566406,1.7043147087097168,0.9179219603538513
-0.6318018436431885,0.24653685092926025,-0.21391309797763824,0.9257206320762634,0.07328318059444427,-0.15587380528450012,-0.33671092987060547,-4.190200328826904,-4.825016975402832,-6.960241794586182,2.190356969833374,1.1787505149841309,0.9781410694122314,-0.5818344354629517
-0.7164953947067261,0.20324116945266724,-0.1351822167634964,0.5913646221160889,0.7356512546539307,-0.18800529837608337,0.2715863287448883,-2.366342306137085,-3.9378840923309326,-5.038455963134766,-0.01842442713677883,1.7691153287887573,0.793239951133728,-0.2906663119792938
-0.731200635433197,0.008307785727083683,-0.09690853208303452,0.5357928276062012,0.3493230938911438,-0.7621745467185974,-0.09994685649871826,-2.8540027141571045,-4.3077545166015625,-4.737398147583008,-1.2853869199752808,1.6237066984176636,1.7724539041519165,0.6670778393745422
-0.5092988610267639,0.19831261038780212,-0.10804237425327301,0.5429127216339111,0.7431830763816833,-0.38636514544487,-0.06038759648799896,-4.021157741546631,-4.783010959625244,-5.4699811935424805,1.6855210065841675,0.43943727016448975,1.2078574895858765,-0.8734607696533203
-0.48336008191108704,0.19577881693840027,-0.10688567906618118,0.510531485080719,0.44917771220207214,0.5551539063453674,0.4789583683013916,-4.130296230316162,-5.102675437927246,-6.353160858154297,16.11809539794922,0.28680792450904846,0.8351049423217773,-0.5488983392715454
-0.4860544800758362,0.19901636242866516,-0.10203279554843903,-0.13616816699504852,0.8833788633346558,0.2536737024784088,0.3697968125343323,-17.627124786376953,-4.750649452209473,-5.389134407043457,3.00815486907959,1.6334378719329834,1.6660385131835938,-0.47960519790649414
-0.5138514637947083,0.21571601927280426,-0.11546584218740463,-0.5412166118621826,0.8230180144309998,-0.13616816699504852,0.10575497150421143,-4.217301368713379,-10.296298027038574,-4.506902694702148,3.9120230674743652,-0.47960519790649414,0.44226163625717163,-0.8410467505455017
-0.5343326330184937,0.23376649618148804,-0.1021527498960495,0.11238271743059158,0.5498178601264954,0.7764831781387329,0.28660833835601807,-3.7502410411834717,-4.357145309448242,-5.585958480834961,1.3690059185028076,-0.1506102830171585,0.9388999938964844,-0.896660327911377
-0.48487719893455505,0.24200761318206787,-0.10255476087331772,0.1989465206861496,0.42574241757392883,0.5397554636001587,0.6984466314315796,-4.2490081787109375,-4.95746374130249,-5.545300006866455,-1.53280770778656,1.1692086458206177,1.6348215341567993,0.6355183720588684
-0.49890077114105225,0.2343827337026596,-0.09540809690952301,0.38178446888923645,0.3260335624217987,0.43661221861839294,0.7465336322784424,-3.916761875152588,-5.602354049682617,-7.349443435668945,-2.611473798751831,1.4027364253997803,1.5796538591384888,1.7724539041519165
-0.4919064939022064,0.2359580248594284,-0.09949140250682831,-0.0656648501753807,0.0656648501753807,-0.27717480063438416,0.9563212990760803,-4.557460308074951,-3.9256768226623535,-11.338340759277344,2.6390573978424072,-0.9244563579559326,0.1097135841846466,-1.285897970199585
-0.4753648340702057,0.2120993286371231,-0.02420828491449356,0.48876452445983887,0.4742881953716278,0.4238775372505188,0.5970659852027893,-3.5018985271453857,-4.202528953552246,-4.915770530700684,-0.99234938621521,-0.9240864515304565,0.05721377581357956,-1.262914776802063
-0.47350725531578064,0.20384427905082703,-0.06056387349963188,0.5198251605033875,0.2805372476577759,0.5742905735969543,0.566807746887207,-3.683718204498291,-4.425690174102783,-5.657956123352051,-0.15512016415596008,-0.049431703984737396,0.9534490704536438,-0.15311241149902344
-0.46985292434692383,0.2006715089082718,-0.03496108204126358,0.31506848335266113,0.6182294487953186,0.5358176231384277,0.48106518387794495,-3.655031204223633,-4.6271867752075195,-7.17404842376709,16.11809539794922,-0.9206928014755249,-0.20018069446086884,-1.0688148736953735
-0.4907519221305847,0.26418453454971313,-0.018706783652305603,0.2610820233821869,0.5961745381355286,0.5161019563674927,0.5568221211433411,-3.3942980766296387,-4.818293571472168,-5.508609294891357,-2.0703511238098145,0.5958531498908997,0.9209880232810974,1.152215600013733
-0.6048822402954102,0.28515487909317017,-0.18569062650203705,-0.03463605418801308,0.727394163608551,0.636181116104126,0.2548954486846924,-3.618502140045166,-4.535498142242432,-6.419525623321533,0.4345644414424896,1.033120036125183,1.5015372037887573,0.3758819103240967
-0.6210537552833557,0.2617317736148834,-0.20612530410289764,0.9604992866516113,0.07070165872573853,-0.22693558037281036,-0.14471574127674103,-3.903268337249756,-4.586331367492676,-6.490382671356201,2.465735673904419,1.022397518157959,1.658992886543274,-0.24503739178180695
-0.6105697154998779,0.2818976044654846,-0.19521518051624298,0.9165816903114319,0.2544757127761841,-0.24165210127830505,0.19163601100444794,-3.3981001377105713,-4.067148208618164,-5.28561544418335,2.858701467514038,-0.7134829759597778,0.23000435531139374,-1.2426427602767944
-0.6046976447105408,0.27571165561676025,-0.1968047320842743,0.9619550108909607,0.0169218797236681,-0.27136337757110596,0.02679884433746338,-3.583933115005493,-4.251585960388184,-5.887337684631348,16.11809539794922,-0.02441210299730301,0.7487418055534363,-0.2656324803829193
-0.6383477449417114,0.32270485162734985,-0.1999713033437729,0.2471005767583847,0.7626665830612183,0.3808976709842682,0.4606494605541229,-3.5211894512176514,-4.710998058319092,-5.801398277282715,16.11809539794922,-0.5266903638839722,0.4078814387321472,-0.5988322496414185
-0.6381411552429199,0.3414720594882965,-0.19394707679748535,0.14914509654045105,0.6922948956489563,0.5139122009277344,0.4841258227825165,-3.4843130111694336,-4.356657981872559,-6.647093296051025,0.00836246833205223,0.43211424350738525,1.4925823211669922,-0.14252717792987823
-0.7331159710884094,0.44011247158050537,-0.24367959797382355,-0.2561950385570526,0.8015206456184387,0.481898695230484,0.24434080719947815,-3.715289354324341,-3.903980016708374,-5.908508777618408,3.349034309387207,-0.5757474303245544,0.1599276065826416,-0.9952241778373718
-0.7455279231071472,0.42010053992271423,-0.259339302778244,-0.11360292136669159,0.8254328370094299,0.4790337383747101,0.2761913239955902,-4.545321464538574,-5.080437183380127,-6.996963024139404,16.11809539794922,0.6795140504837036,1.1558114290237427,0.5299249887466431
-0.7099168300628662,0.4356871247291565,-0.2354430854320526,0.8738724589347839,-0.031962692737579346,-0.3618248701095581,0.32312238216400146,-3.464895248413086,-5.283908367156982,-6.540221214294434,1.3706165552139282,0.057588037103414536,0.7281811237335205,-0.2561738193035126
-0.7428105473518372,0.4328114986419678,-0.24616576731204987,-0.2218780815601349,0.9320427179336548,-0.20667147636413574,-0.19837696850299835,-5.532582759857178,-3.971508741378784,-14.437862396240234,-1.0520923137664795,-1.3554059267044067,-1.2470824718475342,-1.7724539041519165
-0.7432803511619568,0.4828895628452301,-0.19762293994426727,-0.1387142837047577,0.7328227758407593,0.4139205515384674,0.5219184756278992,-3.4011945724487305,-4.6505303382873535,-5.7846832275390625,0.7692485451698303,0.7725335359573364,1.3107186555862427,1.0475555658340454
-0.7196769118309021,0.4675835967063904,-0.20638012886047363,-0.43372485041618347,0.7537219524383545,0.4622860252857208,0.1734289973974228,-3.3074822425842285,-3.9238929748535156,-6.723376274108887,0.4697871208190918,-1.4207069873809814,-0.7834299206733704,-1.6597257852554321
-0.6851609349250793,0.4817740023136139,-0.17386110126972198,-0.3640829026699066,0.679287314414978,0.5611208081245422,0.30192023515701294,-3.3141913414001465,-4.9916534423828125,-5.441817283630371,-1.114059567451477,-1.392403244972229,-0.6105015277862549,-1.5081026554107666
-0.7011151313781738,0.47228339314460754,-0.20259912312030792,0.16796378791332245,0.8701019883155823,0.32417699694633484,-0.3310891091823578,-17.317203521728516,-4.506213188171387,-3.015697479248047,-0.29225873947143555,1.522225022315979,1.7724539041519165,1.7724539041519165
-0.6168992519378662,0.3115588128566742,-0.18288549780845642,-0.004679716192185879,0.7406580448150635,0.5580206513404846,0.37418803572654724,-3.634531021118164,-4.089125156402588,-7.395899772644043,1.1743313074111938,-0.351397305727005,0.8164161443710327,-0.4462202191352844
-0.5844793915748596,0.30261868238449097,-0.17232586443424225,0.9234939813613892,-0.10984675586223602,-0.28761929273605347,0.2288399487733841,-3.441624402999878,-3.8852667808532715,-4.921485424041748,-0.9503664374351501,1.0155457258224487,1.7724539041519165,1.5494439601898193
-0.6045094132423401,0.307986855506897,-0.18095314502716064,0.5375800728797913,-0.5428718328475952,-0.5712051391601562,-0.30003756284713745,-2.0045933723449707,-2.9514336585998535,-6.531466007232666,-1.182677149772644,-1.3312418460845947,-0.9319713711738586,-1.4001811742782593
-0.6141817569732666,0.37343358993530273,-0.12790939211845398,0.7177217602729797,-0.16909290850162506,-0.6221247315406799,0.26314231753349304,-3.1373002529144287,-4.779932498931885,-4.999248504638672,-1.640777826309204,1.2987664937973022,1.6967519521713257,1.6735605001449585
-0.6180670857429504,0.3651214838027954,-0.15136125683784485,-0.1387394815683365,0.6922841668128967,0.42865535616874695,0.5636919140815735,-3.3639841079711914,-4.2623982429504395,-5.3922810554504395,-0.995235025882721,0.4552915692329407,1.3416720628738403,1.0735350847244263
-0.5624532699584961,0.32544541358947754,-0.1548113077878952,0.16284869611263275,0.5457521080970764,0.6516534686088562,0.5009816884994507,-3.579949140548706,-4.77183723449707,-5.429447174072266,1.0013835430145264,-0.5610535144805908,0.24058403074741364,-0.6554706692695618
-0.6128246188163757,0.3580020070075989,-0.15661782026290894,0.6851930022239685,0.5209412574768066,-0.02655772864818573,-0.5083556175231934,-3.5799732208251953,-3.7809789180755615,-6.636326313018799,-0.36046186089515686,-0.11698336154222488,0.631374716758728,0.03619646281003952
-0.638502836227417,0.37725088000297546,-0.1516258269548416,-0.15992951393127441,0.7226072549819946,0.436982661485672,0.5111823678016663,-3.4834563732147217,-4.795637607574463,-7.458845615386963,1.596763253211975,0.41038185358047485,1.2938570976257324,0.7161537408828735
-0.5840753316879272,0.34830114245414734,-0.12998805940151215,0.15966928005218506,0.9087879061698914,0.2840868830680847,-0.2605857849121094,-9.153386116027832,-4.261776924133301,-5.896612644195557,0.023530498147010803,-1.7724539041519165,-1.2869882583618164,-1.7724539041519165
-0.5560849905014038,0.3629075288772583,-0.1235278770327568,-0.21088220179080963,0.7556136846542358,0.5074169635772705,0.3565175235271454,-3.5370306968688965,-4.0469183921813965,-5.354363918304443,-0.2689917981624603,0.07645876705646515,0.7872231602668762,0.3804633319377899
-0.5782157182693481,0.3809177875518799,-0.10126525908708572,-0.3083435595035553,0.5939093232154846,0.6156696677207947,0.416109174489975,-3.1641042232513428,-3.798194169998169,-7.246642589569092,16.11809539794922,-0.5156912803649902,0.13972973823547363,-0.5156912803649902
-0.5814297199249268,0.3855728507041931,-0.09460876137018204,-0.3113156259059906,0.5050593614578247,0.6966983079910278,0.4032481908798218,-4.0017523765563965,-4.664417266845703,-5.551650524139404,1.9207020998001099,-1.5744926929473877,-0.9940767884254456,-1.6277259588241577
-0.562168300151825,0.33853811025619507,-0.046890825033187866,-0.09067900478839874,0.5243066549301147,0.7926127910614014,0.29773280024528503,-3.313446044921875,-4.019289493560791,-4.668488502502441,-0.02825387753546238,-0.10374345630407333,0.7046923637390137,0.02378632314503193
-0.563457190990448,0.32103678584098816,-0.04227067530155182,0.1402290016412735,0.4720710813999176,0.6184314489364624,0.6123947501182556,-2.783059597015381,-3.7020559310913086,-4.23763370513916,1.4594894647598267,-1.2706012725830078,-0.04056091606616974,-1.5793825387954712
-0.6045572757720947,0.36753103137016296,-0.014173397794365883,-0.3711792230606079,0.8961798548698425,0.0739593580365181,-0.2315549999475479,-11.23969554901123,-4.1701130867004395,-2.5784854888916016,-1.54044508934021,0.28498274087905884,1.5862269401550293,0.18767155706882477
-0.578954815864563,0.36500078439712524,-0.021071448922157288,-0.05875276401638985,0.9664018750190735,0.2052890658378601,0.14308026432991028,-16.83342170715332,-2.2910091876983643,-4.171186447143555,-1.2227606773376465,-0.7298339605331421,0.44226163625717163,-1.035669207572937
-0.53945392370224,0.26429682970046997,-0.1742808073759079,-0.11266706138849258,0.9087668657302856,-0.08225386589765549,0.3932979106903076,-6.477468967437744,-3.4368042945861816,-5.459400653839111,-1.3379757404327393,-1.285897970199585,-0.9943459630012512,-1.5083235502243042
-0.49756112694740295,0.25379452109336853,-0.09814049303531647,-0.3532676696777344,0.5041654109954834,0.7799827456474304,0.11245512962341309,-3.9756391048431396,-4.530314922332764,-6.313074588775635,1.2686092853546143,-1.1992552280426025,0.02934572473168373,-1.7724539041519165
-0.4878375232219696,0.260591059923172,-0.0930219516158104,0.16450954973697662,0.3984672427177429,0.5125903487205505,0.7425709366798401,-3.804529905319214,-4.971980094909668,-6.4040350914001465,-2.0874807834625244,1.587630271911621,1.7724539041519165,1.5645579099655151
-0.5404155254364014,0.3441970646381378,-0.13494639098644257,0.008076016791164875,0.6887908577919006,0.5850067734718323,0.42809927463531494,-3.6271018981933594,-4.700117111206055,-6.856593608856201,16.11809539794922,-0.3809412717819214,0.4865574538707733,-0.2571796178817749
-0.6056486368179321,0.39362990856170654,-0.09213872253894806,-0.12497642636299133,0.4503174126148224,0.7001612782478333,0.5397863984107971,-2.8722267150878906,-3.7816002368927,-7.755235195159912,1.5886138677597046,-0.485421359539032,0.20966820418834686,-0.24372296035289764
-0.5496948957443237,0.3725915551185608,-0.11328750848770142,0.1444626748561859,0.8455785512924194,-0.41679900884628296,0.3006758987903595,-5.32092809677124,-17.62938690185547,-3.7339744567871094,-1.3862943649291992,0.9939643144607544,1.639434576034546,1.7724539041519165
-0.5189161896705627,0.28898173570632935,-0.04794798418879509,0.16476260125637054,0.6099828481674194,0.66264808177948,0.40208423137664795,-2.9769999980926514,-4.5378031730651855,-5.459837436676025,16.11809539794922,-1.4958149194717407,-0.457806795835495,-1.7349278926849365
-0.5325161814689636,0.258840948343277,-0.046332068741321564,-0.2945215404033661,0.3697962462902069,0.8716219067573547,-0.1295492947101593,-3.300417184829712,-4.080704689025879,-4.991988182067871,-0.321761816740036,-1.7476928234100342,-1.352252721786499,-1.7724539041519165
-0.5086545944213867,0.3017892837524414,-0.05729358270764351,-0.3705463111400604,0.39729687571525574,0.8390666246414185,0.028597382828593254,-3.1905574798583984,-4.595973491668701,-4.921858310699463,-0.40307796001434326,0.8952015042304993,1.0926505327224731,1.2366275787353516
-0.4865567982196808,0.2639341354370117,-0.004079055972397327,0.7253668308258057,0.25761204957962036,0.2946581542491913,0.5662645697593689,-3.463775396347046,-4.0734477043151855,-4.198925971984863,0.8482431173324585,-1.660635232925415,-0.9874597191810608,-1.708021879196167
-0.4750307500362396,0.29786598682403564,-0.003272414905950427,-0.02945404127240181,0.5905406475067139,0.7155262231826782,0.3720434904098511,-4.152125358581543,-4.93488073348999,-6.287876605987549,-1.5184454917907715,1.4082950353622437,1.5926086902618408,1.7724539041519165
-0.5328435301780701,0.30684682726860046,0.014438806101679802,0.18640604615211487,0.5715956687927246,0.5948653817176819,0.5335413217544556,-3.0086793899536133,-3.5293092727661133,-4.455509662628174,16.11809539794922,-0.45830950140953064,0.16284990310668945,-0.4726306200027466
-0.5338555574417114,0.33053696155548096,-0.0340399406850338,-0.2734052836894989,0.526136577129364,0.7941008806228638,-0.13354243338108063,-3.816587448120117,-4.488661766052246,-5.738910675048828,1.0491489171981812,-1.7485105991363525,-0.6550052762031555,-1.7298882007598877
-0.5320696234703064,0.3388550579547882,-0.013401292264461517,0.5319226384162903,0.019585439935326576,-0.8448338508605957,0.05413426086306572,-3.7803633213043213,-4.205897331237793,-4.4177021980285645,-0.8770887851715088,0.5626807808876038,1.239522099494934,0.8267554640769958
-0.5309094786643982,0.35700181126594543,-0.02074265480041504,-0.11541658639907837,0.4251779615879059,0.7443155646324158,0.5018934607505798,-4.124813556671143,-5.010747909545898,-6.68940544128418,-0.8287289142608643,1.5442454814910889,1.7724539041519165,1.7724539041519165
-0.5408324599266052,0.30389678478240967,0.022126875817775726,0.6965932250022888,-0.014988359995186329,-0.6321538686752319,0.3389906883239746,-2.8418469429016113,-3.343681812286377,-4.533944606781006,0.611595630645752,-0.8671930432319641,0.761441171169281,-1.4458402395248413
-0.5699604153633118,0.37952712178230286,-0.002614918863400817,0.1021309420466423,0.47760671377182007,0.6582464575767517,0.5728636384010315,-3.506744146347046,-4.952922344207764,-5.443110942840576,0.40312591195106506,0.82868891954422,1.303001880645752,1.0095245838165283
-0.6459684371948242,0.4141992926597595,-0.09192226082086563,-0.17917518317699432,0.4722965359687805,0.79581618309021,0.3339293599128723,-3.782149076461792,-4.765451431274414,-5.543214797973633,-0.005027425475418568,-1.7118409872055054,-1.4617879390716553,-1.7415286302566528
-0.5798460841178894,0.39294061064720154,-0.09025371819734573,-0.2836742401123047,0.6014423370361328,0.5700072050094604,0.48258453607559204,-3.1509816646575928,-3.8760526180267334,-6.755639553070068,16.11809539794922,0.4193699359893799,1.1511427164077759,0.5715364813804626
-0.7376068234443665,0.5032669305801392,-0.1324513703584671,-0.4347704350948334,0.7803792357444763,-0.13755059242248535,-0.4278583526611328,-15.79371452331543,-3.781240701675415,-4.4566264152526855,-1.0317493677139282,1.7724539041519165,1.7724539041519165,1.7724539041519165
-0.7075202465057373,0.5064115524291992,-0.068177729845047,0.6029270887374878,-0.48242253065109253,-0.46866899728775024,-0.429065078496933,-3.5319950580596924,-4.28391695022583,-5.918430805206299,-0.8528894782066345,1.5504918098449707,1.5193454027175903,1.2710034847259521
-0.6883735656738281,0.5012733936309814,-0.09739727526903152,-0.45039108395576477,0.2471335232257843,0.6033640503883362,0.6099382638931274,-3.600879430770874,-4.3639349937438965,-5.30178689956665,0.6173923015594482,-0.35781916975975037,0.42027828097343445,-0.5344274044036865
-0.6895841956138611,0.4977147579193115,-0.09157523512840271,-0.49634096026420593,0.243814155459404,0.47147828340530396,0.686955988407135,-3.8249337673187256,-4.129373073577881,-5.838644027709961,1.2197654247283936,-1.1723673343658447,-0.12388203293085098,-1.368306279182434
-0.6543039679527283,0.43881845474243164,-0.03962569311261177,0.8504446744918823,0.08251186460256577,-0.5052847862243652,0.1209254041314125,-3.2183125019073486,-3.5456790924072266,-3.9929394721984863,-0.08746293187141418,1.3743726015090942,1.6666990518569946,1.7288076877593994
-0.665354311466217,0.4217256009578705,-0.04886728897690773,0.7279624938964844,0.5844902992248535,-0.2252398282289505,-0.2787628471851349,-3.6113548278808594,-3.77178692817688,-5.274115085601807,0.7849534749984741,-1.7724539041519165,-0.7707862257957458,-1.7724539041519165
-0.6638791561126709,0.4279031455516815,-0.03085780143737793,0.16672652959823608,0.4962048828601837,0.42111802101135254,0.7407041192054749,-3.3641273975372314,-3.6173579692840576,-5.90861177444458,3.2686755657196045,-0.44372671842575073,0.21121220290660858,-0.4580780863761902
-0.6807651519775391,0.42967700958251953,-0.01712508127093315,0.5694437623023987,0.48942336440086365,0.41443920135498047,0.5142360329627991,-2.905137538909912,-3.723649501800537,-4.564476490020752,-0.5889409780502319,-0.8014561533927917,-0.28057384490966797,-1.1359949111938477
-0.6280049085617065,0.410354346036911,-0.07661988586187363,0.2757923901081085,0.9274424910545349,-0.2522912621498108,-0.01175055280327797,-4.315114498138428,-13.659852981567383,-3.4921271800994873,0.8944319486618042,1.2024883031845093,1.7446506023406982,1.369307518005371
-0.5747571587562561,0.4074788987636566,-0.04786834865808487,-0.13738316297531128,0.4625087380409241,0.5497523546218872,0.6818972826004028,-3.4846034049987793,-5.110481262207031,-5.882376194000244,16.11809539794922,0.6186211109161377,1.2346206903457642,0.5870712399482727
-0.620698094367981,0.4051443040370941,-0.03887465223670006,0.09746046364307404,0.9239121675491333,-0.3697968125343323,0.01175055280327797,-4.70159912109375,-11.8252534866333,-3.013674736022949,2.2643637657165527,0.590817928314209,1.1329803466796875,0.6881291270256042
-0.5903586149215698,0.3731703758239746,0.005630681291222572,0.9096314907073975,-0.2299719899892807,-0.21019423007965088,-0.2747759521007538,-3.543391466140747,-3.6566288471221924,-4.396704196929932,1.2689476013183594,0.29419589042663574,0.8571290969848633,0.6826521754264832
-0.6552099585533142,0.4364789128303528,0.005453169811517,0.4840976893901825,0.05839327350258827,0.711068868637085,0.5065774917602539,-3.6419308185577393,-3.916334629058838,-5.452338218688965,-0.11061926931142807,0.40262043476104736,0.9520694017410278,0.41575536131858826
-0.6939358115196228,0.476773202419281,-0.05803108215332031,0.6835014820098877,0.4084978401660919,0.32084134221076965,0.5128509402275085,-4.541862964630127,-4.8187785148620605,-5.275627136230469,16.11809539794922,-1.6098110675811768,-0.8139259219169617,-1.6498689651489258
-0.6857830882072449,0.47643133997917175,-0.0490950345993042,0.5633202791213989,-0.0582440160214901,-0.5259091854095459,-0.6345844864845276,-4.316617012023926,-4.827844142913818,-5.663516521453857,-0.5419650673866272,0.7586740255355835,1.2960245609283447,1.4371949434280396
-0.7489772439002991,0.5313723683357239,-0.05820577219128609,0.5395610928535461,-0.4139011800289154,-0.686306893825531,-0.2579582929611206,-3.8258111476898193,-4.587031364440918,-5.291988849639893,0.18442682921886444,0.2025708705186844,0.7254186868667603,0.39346155524253845
-0.7200705409049988,0.49458351731300354,-0.053422294557094574,-0.02004506066441536,0.9444593787193298,0.2909989655017853,0.15137477219104767,-14.72701644897461,-4.847503662109375,-3.3933987617492676,3.9120230674743652,1.3415043354034424,1.522225022315979,1.230291485786438
-0.7166785001754761,0.49996134638786316,-0.03241030499339104,0.5862837433815002,-0.6328673958778381,-0.13882885873317719,-0.48628878593444824,-3.4968247413635254,-4.581048011779785,-4.730700969696045,0.39608073234558105,1.635615587234497,1.6935087442398071,1.6075221300125122
-0.6897474527359009,0.5034843683242798,-0.08718718588352203,0.8023369908332825,0.023762861266732216,-0.5941533446311951,-0.051695555448532104,-3.6461000442504883,-4.508553981781006,-6.308475971221924,0.05412864312529564,1.7290089130401611,1.7724539041519165,1.5465400218963623
-0.7370752692222595,0.50180584192276,-0.013639268465340137,0.05435226857662201,0.5422938466072083,0.7642679214477539,-0.3447575271129608,-3.64841365814209,-4.73148775100708,-5.289509296417236,3.7010581493377686,0.6647450923919678,0.8050147891044617,0.8827515244483948
-0.6863705515861511,0.4611768424510956,-0.009011557325720787,0.6698095798492432,-0.011423293501138687,-0.7309030294418335,-0.13040480017662048,-3.7340450286865234,-3.8796498775482178,-4.895923614501953,0.303322970867157,0.5049634575843811,0.7425130605697632,0.5693997740745544
-1.3922150135040283,0.6524596810340881,-0.5736331939697266,0.42656728625297546,0.6362332105636597,0.5663855671882629,0.30406421422958374,-2.1563949584960938,-4.919862747192383,-5.578290939331055,0.6057179570198059,-0.9903450012207031,-0.9667057394981384,-1.2062040567398071
-1.370375394821167,0.5901011228561401,-0.5323148965835571,-0.026957150548696518,0.9317556023597717,-0.10575497150421143,-0.34629568457603455,-12.299891471862793,-2.871781349182129,-4.988240718841553,1.3862943649291992,0.10426196455955505,0.18767155706882477,-0.29888439178466797
-1.3364213705062866,0.7108095288276672,-0.5429412126541138,0.13847966492176056,0.7463763356208801,0.6473482847213745,0.06845436990261078,-1.8785464763641357,-4.859313488006592,-5.101790904998779,16.11809539794922,-1.3520153760910034,-1.3735296726226807,-1.4906481504440308
-1.4392296075820923,0.563896894454956,-0.41121596097946167,0.5523989796638489,0.7495147585868835,-0.36243385076522827,0.041529349982738495,-3.182396650314331,-3.4148478507995605,-4.865327835083008,2.183258295059204,-0.2927496135234833,0.6701415777206421,-0.14103569090366364
-1.2611721754074097,0.6537365317344666,-0.37715744972229004,0.5534889698028564,0.42677146196365356,0.5647595524787903,0.43881967663764954,-2.1678972244262695,-5.189131259918213,-5.428084850311279,16.11809539794922,-1.3896205425262451,-1.3926615715026855,-1.457507848739624
-1.2617324590682983,0.7725062966346741,-0.398749440908432,0.4669913053512573,0.5246739387512207,0.6481092572212219,0.2942631244659424,-2.6443347930908203,-5.188343048095703,-5.3441081047058105,16.11809539794922,-1.3244808912277222,-1.3464865684509277,-1.3982502222061157
-1.3497257232666016,1.0148330926895142,-0.5940972566604614,-0.03041970171034336,0.7856185436248779,0.6126694083213806,-0.08071187883615494,-2.1076247692108154,-3.4051876068115234,-5.205456256866455,-0.296154648065567,-1.3911181688308716,-1.3580878973007202,-1.5112059116363525
-1.2945934534072876,1.025117039680481,-0.5641904473304749,0.4385751187801361,0.5873326063156128,0.5874100923538208,0.34298938512802124,-2.0216588973999023,-3.8949031829833984,-5.020122528076172,0.22673195600509644,-1.7069871425628662,-1.6657978296279907,-1.7065132856369019
-1.3696039915084839,0.909148633480072,-0.42232879996299744,0.6171137094497681,0.4384034276008606,0.5571373701095581,0.34142500162124634,-2.3297183513641357,-2.9877641201019287,-4.604114532470703,-1.5729024410247803,-1.6191091537475586,-1.5572326183319092,-1.766710877418518
-1.4101616144180298,0.9867566227912903,-0.3968857228755951,0.5582544803619385,-0.02572617679834366,-0.7192246317863464,0.41280266642570496,-3.4062106609344482,-4.2295660972595215,-5.242452144622803,1.223578929901123,0.7605912089347839,1.1653728485107422,0.3194827139377594
-1.3829525709152222,0.9289515614509583,-0.4451073408126831,0.1820189207792282,0.649449348449707,0.5135261416435242,0.5304484963417053,-3.6865251064300537,-4.737222194671631,-5.3039774894714355,16.11809539794922,-1.0924338102340698,-0.43950921297073364,-1.263822317123413
-1.3895231485366821,0.9332435131072998,-0.45978209376335144,0.43824198842048645,0.46491295099258423,0.3295280933380127,0.6951339244842529,-4.0819220542907715,-4.847640037536621,-5.891876697540283,0.792137086391449,-0.2676675319671631,0.3847144544124603,-0.3855828642845154
-1.3977094888687134,0.8711543083190918,-0.38752636313438416,0.549715518951416,0.2986868619918823,0.630472719669342,0.4594596326351166,-3.532684087753296,-4.56755256652832,-5.62990665435791,0.3262598514556885,-0.8110308647155762,-0.18314045667648315,-1.4094345569610596
-1.3943207263946533,0.9168909788131714,-0.3666023313999176,0.4341135323047638,0.5341929793357849,0.6105420589447021,0.3916908800601959,-3.581752061843872,-3.9679067134857178,-6.1277546882629395,16.11809539794922,-0.6097890138626099,0.25424376130104065,-0.8953006863594055
-1.262245774269104,0.9340555667877197,-0.4602538049221039,0.32104548811912537,0.6160874366760254,0.7172327041625977,0.05425253137946129,-2.875086784362793,-5.287606716156006,-5.872852802276611,16.11809539794922,-1.4645849466323853,-1.4550687074661255,-1.6387755870819092
-1.265597939491272,0.9146825075149536,-0.44744738936424255,0.6506045460700989,0.24983549118041992,0.4933534860610962,0.5204789042472839,-3.3751060962677,-5.074735641479492,-5.455373764038086,16.11809539794922,-0.5373066067695618,-0.8300036191940308,-1.0996556282043457
-1.4858227968215942,0.9626199007034302,-0.43795183300971985,0.3435308635234833,-0.18593521416187286,0.8477748036384583,0.3587374687194824,-5.752838134765625,-5.678561687469482,-2.5124387741088867,1.8718022108078003,-1.619536280632019,-1.577831506729126,-1.7724539041519165
-1.4220980405807495,0.9713227152824402,-0.3614080250263214,0.6450256705284119,-0.005298137199133635,-0.7622897028923035,-0.05318069830536842,-3.2661375999450684,-3.8395190238952637,-6.104769229888916,-0.410473495721817,0.2971644401550293,0.9953738451004028,0.09363210201263428
-1.391140103340149,0.9584333300590515,-0.39056476950645447,0.7771091461181641,0.17135800421237946,0.42019036412239075,0.43609383702278137,-3.3871400356292725,-4.324771881103516,-5.658131122589111,-1.2073051929473877,-1.166386365890503,-1.133191466331482,-1.7724539041519165
-1.4039866924285889,0.973039984703064,-0.4214383065700531,-0.23708467185497284,0.8751543760299683,0.33800119161605835,-0.2522912621498108,-14.046802520751953,-3.6871588230133057,-4.411059856414795,4.139158725738525,-0.6603260040283203,-0.2293764054775238,-0.8410467505455017
-1.4805632829666138,1.022054672241211,-0.36389315128326416,-0.42749184370040894,0.5705077648162842,0.4523557126522064,0.5358599424362183,-3.093224048614502,-4.324439525604248,-5.23838472366333,-0.4312542974948883,1.3028494119644165,1.5761704444885254,0.5868013501167297
-1.2721946239471436,1.058390498161316,-0.5175735950469971,0.2785698175430298,0.6126431226730347,0.736707866191864,-0.06579370051622391,-2.450716018676758,-5.038538932800293,-5.377969741821289,16.11809539794922,-1.5183180570602417,-1.5128816366195679,-1.6199337244033813
-1.2663261890411377,1.022540807723999,-0.497876912355423,0.6790781617164612,0.14684142172336578,0.5106001496315002,0.5065352320671082,-3.109790086746216,-5.140209197998047,-5.706218242645264,1.3550126552581787,-1.1524882316589355,-1.2136343717575073,-1.3915899991989136
-1.268080234527588,1.0390340089797974,-0.49692875146865845,0.2840868830680847,0.9587860703468323,-0.0034560449421405792,-0.0034560449421405792,-13.853560447692871,-3.640117883682251,-5.314803123474121,-1.4873905181884766,1.5917330980300903,0.9105547070503235,0.28498274087905884
-1.2617368698120117,0.9853046536445618,-0.47139590978622437,0.353351354598999,0.543796718120575,0.7505095601081848,0.12713511288166046,-3.105879306793213,-5.547500133514404,-5.655709743499756,-0.9022077918052673,0.6848533153533936,0.325647234916687,-0.30081021785736084
-1.4666248559951782,0.5268505811691284,-0.352296382188797,0.3166920840740204,0.6773542165756226,0.6493597030639648,0.13866999745368958,-1.5333417654037476,-3.2466881275177,-4.782247543334961,-1.524484395980835,-0.9621278643608093,-0.830971360206604,-1.321353554725647
-1.4164808988571167,0.5484008193016052,-0.22410087287425995,0.6430350542068481,0.7606779932975769,-0.044853586703538895,-0.07657070457935333,-2.714948892593384,-3.337723970413208,-5.095099925994873,0.11810796707868576,1.014535665512085,1.7543742656707764,1.1249430179595947
-1.268031358718872,0.600460946559906,-0.359090656042099,0.36353442072868347,0.5980218648910522,0.6819711923599243,0.21243321895599365,-3.1741437911987305,-5.108364105224609,-5.378622055053711,4.783936023712158,0.18312856554985046,-0.15474116802215576,-0.44276195764541626
-1.2516050338745117,0.6366415619850159,-0.3633686602115631,0.6402466893196106,0.23663203418254852,0.36536580324172974,0.6329275369644165,-3.120549201965332,-4.616618633270264,-6.505125045776367,-1.8885170221328735,0.9062798619270325,0.8384970426559448,0.36404600739479065
-1.3060755729675293,0.6395966410636902,-0.35066598653793335,0.08916595578193665,0.9535315036773682,-0.08225386589765549,0.2757923901081085,-3.1633894443511963,-16.450952529907227,-4.600921630859375,-0.9916401505470276,-1.3971107006072998,-1.285897970199585,-1.3971107006072998
-0.9408336281776428,0.6164596080780029,-0.23521162569522858,0.506966769695282,-0.7219190001487732,-0.45941248536109924,-0.10372008383274078,-4.314716339111328,-5.4490532875061035,-6.145171165466309,-0.7118206024169922,1.7724539041519165,1.6090173721313477,0.43634897470474243
-0.9238752126693726,0.6359062790870667,-0.20145916938781738,0.8109643459320068,0.48691320419311523,-0.15539050102233887,0.28479140996932983,-3.6258461475372314,-4.681983470916748,-6.694264888763428,0.048942241817712784,0.8837918639183044,1.085715889930725,0.12789420783519745
-0.8413633704185486,0.5571041703224182,-0.20440322160720825,0.18178796768188477,0.6919001936912537,0.6984833478927612,0.018662642687559128,-14.72701644897461,-3.8753228187561035,-3.6819891929626465,1.5676685571670532,-0.5491132140159607,0.03475397080183029,-0.6325227618217468
-0.963590145111084,0.654358446598053,-0.11971987783908844,0.7042131423950195,0.7080451250076294,-0.03286510333418846,0.04093726724386215,-3.4122531414031982,-3.591548204421997,-5.833668231964111,16.11809539794922,-0.027912111952900887,0.2665599584579468,-0.2412351816892624
-0.9616459012031555,0.6535352468490601,-0.09767009317874908,0.6571469306945801,0.7049749493598938,0.11509592831134796,-0.2406681329011917,-3.333376407623291,-3.993293285369873,-4.722641468048096,-0.04976391792297363,0.7065833210945129,1.1833624839782715,0.6844865083694458
-0.9570406079292297,0.6420135498046875,-0.07710636407136917,-0.4891514182090759,-0.0250417347997427,0.8716140389442444,0.0198181364685297,-3.36907958984375,-4.388213634490967,-6.0569987297058105,2.231362819671631,1.1321556568145752,1.646844744682312,0.9737103581428528
-0.9023195505142212,0.6342825293540955,-0.02870330773293972,0.6205458045005798,0.7646114230155945,-0.1609143167734146,-0.06632393598556519,-3.2584173679351807,-4.2176642417907715,-4.636302471160889,1.012945294380188,0.07735659182071686,0.6189178824424744,-0.062197647988796234
-0.7928293943405151,0.5791506171226501,-0.07625126093626022,-0.40907129645347595,0.6389567852020264,0.3106526732444763,0.572616696357727,-3.1419668197631836,-3.647263765335083,-4.172690391540527,1.1611201763153076,-1.0805684328079224,-0.3817842900753021,-1.290107011795044
-0.7571644186973572,0.5675062537193298,-0.08747123926877975,0.6538737416267395,0.3795287311077118,-0.6526325941085815,0.04977711662650108,-3.482316493988037,-4.608803749084473,-5.8902268409729,2.231520175933838,1.0593385696411133,1.5612766742706299,0.9528557062149048
-0.9378130435943604,0.6534901261329651,-0.15328988432884216,0.026957150548696518,0.8706399202346802,-0.2923814058303833,-0.39468032121658325,-14.240045547485352,-4.89454460144043,-3.347831964492798,5.537334442138672,-0.8410467505455017,-0.2293764054775238,-1.5083235502243042
-0.8738031387329102,0.6262164115905762,-0.13469259440898895,0.6235893964767456,-0.47376424074172974,-0.43458113074302673,-0.44477295875549316,-3.183696985244751,-4.251450061798096,-5.6802167892456055,16.11809539794922,-0.6832900047302246,0.08979670703411102,-1.024750828742981
-0.8962040543556213,0.613914966583252,-0.1121533215045929,0.5861460566520691,-0.633341372013092,-0.21763452887535095,-0.45601174235343933,-2.375505208969116,-3.0033271312713623,-4.473970890045166,-0.2033972442150116,-1.53436279296875,-1.0401419401168823,-1.7431597709655762
-0.8985527753829956,0.6311854124069214,-0.10144872963428497,-0.44646987318992615,-0.21649356186389923,0.8106873035430908,-0.3107753396034241,-3.563772678375244,-3.998525619506836,-5.561184406280518,-0.23395736515522003,1.2253133058547974,1.5670429468154907,1.232367992401123
-0.860596239566803,0.6100003123283386,-0.08126205950975418,0.7007020711898804,-0.48957717418670654,-0.20569215714931488,-0.4764677584171295,-3.5230932235717773,-3.6057214736938477,-4.31942892074585,1.3993535041809082,0.5622159838676453,1.147308111190796,0.7783045172691345
-0.8407198786735535,0.5585798025131226,-0.041963160037994385,0.629693329334259,0.6957567930221558,0.3334014415740967,0.0908421128988266,-3.299943685531616,-4.104073524475098,-4.327503204345703,-1.9618295431137085,1.293678641319275,1.1414084434509277,1.3649169206619263
-0.8475275039672852,0.5800063610076904,-0.04950258880853653,0.6097760796546936,0.7535610795021057,-0.2448568195104599,0.019076699391007423,-3.7005629539489746,-4.407198429107666,-5.25908088684082,-0.12255975604057312,1.6616816520690918,1.561753273010254,1.7203196287155151
-0.7488430738449097,0.535511314868927,-0.040875405073165894,0.4809859097003937,0.35312578082084656,0.7838741540908813,0.1717439889907837,-2.7637174129486084,-4.3408284187316895,-5.209409236907959,-1.023498773574829,1.2079464197158813,1.7054184675216675,1.6543439626693726
-0.8032573461532593,0.5498152375221252,-0.05706198886036873,0.5930457711219788,0.26820844411849976,-0.7582367062568665,-0.037921834737062454,-3.1513125896453857,-4.272886276245117,-5.501227378845215,-0.09248744696378708,1.2993066310882568,1.6119526624679565,1.6137784719467163
-0.7767256498336792,0.5770314931869507,-0.0007863816572353244,0.3994896113872528,0.6058636903762817,0.21192395687103271,0.6545422077178955,-3.168562173843384,-4.862507343292236,-5.925354957580566,-1.3197274208068848,1.060685396194458,1.5928705930709839,1.401827096939087
-0.7639188766479492,0.5466750860214233,-0.03230667859315872,0.41328445076942444,0.10367211699485779,0.4382769465446472,0.7914299368858337,-2.8841826915740967,-4.147623062133789,-4.552091598510742,-0.5216991305351257,-0.6534111499786377,0.003421480767428875,-0.7438793182373047
-0.7420580983161926,0.5185626149177551,0.010121109895408154,-0.0851985514163971,0.45294836163520813,0.8792348504066467,-0.12051985412836075,-3.8200998306274414,-4.028722286224365,-4.85857629776001,0.2857931852340698,1.211326003074646,1.5269603729248047,1.4718680381774902
-0.7667744755744934,0.5798940658569336,-0.018694238737225533,0.5365464687347412,0.4342009127140045,0.5879045128822327,0.42184796929359436,-3.6760714054107666,-3.8103857040405273,-5.8593220710754395,0.530490517616272,0.4211553931236267,1.0490038394927979,0.7933763265609741
-0.9202767610549927,0.6239664554595947,-0.07504716515541077,0.1831703782081604,0.6908574104309082,-0.3628847002983093,-0.5978957414627075,-3.9750077724456787,-4.126208305358887,-9.810737609863281,0.5890069007873535,1.0634722709655762,1.4110122919082642,1.021767497062683
-0.8273952007293701,0.6087068915367126,-0.02962859906256199,-0.40883079171180725,0.5409042835235596,0.09377840161323547,0.7290305495262146,-3.544489860534668,-4.251754283905029,-4.658219814300537,-0.2177133560180664,0.10426196455955505,0.6460104584693909,0.4845035672187805
-1.3852412700653076,0.882222592830658,-0.353188693523407,0.5073782801628113,0.5248252749443054,0.4341220259666443,0.5278860926628113,-3.4323220252990723,-4.404569625854492,-5.888802528381348,16.11809539794922,-0.9743001461029053,-0.0884319618344307,-1.658841848373413
-1.3996026515960693,0.9253498911857605,-0.24679353833198547,0.7419261932373047,0.15677008032798767,-0.5842922329902649,-0.2890869379043579,-4.0298357009887695,-4.673300266265869,-5.946596622467041,0.33740290999412537,0.10749369114637375,0.9785564541816711,-0.8991667032241821
-1.3790565729141235,0.9057685732841492,-0.22956480085849762,0.8122536540031433,-0.13459698855876923,-0.48761799931526184,-0.2904416620731354,-4.308699131011963,-4.651890754699707,-7.760761737823486,0.9725300073623657,-0.43620139360427856,0.2490219920873642,-1.7724539041519165
-1.3850915431976318,0.9326456785202026,-0.25034597516059875,0.6058017611503601,0.55356365442276,-0.5712617635726929,0.015214666724205017,-3.4459943771362305,-4.7285284996032715,-4.782437324523926,0.9783738851547241,-1.0177369117736816,-0.28223717212677,-1.2288814783096313
-1.3889154195785522,0.9395671486854553,-0.219349667429924,0.27747058868408203,0.3585814833641052,0.7773395776748657,0.43608784675598145,-3.8379859924316406,-4.667991638183594,-5.970797538757324,2.447277784347534,-0.1922234743833542,0.3712124228477478,-0.4513572156429291
-1.4127548933029175,0.9500905871391296,-0.31510838866233826,0.4602538049221039,0.4716816544532776,0.5532565116882324,0.5094998478889465,-3.4561967849731445,-4.098365306854248,-6.604640960693359,-1.1471359729766846,0.30658820271492004,1.4121172428131104,0.0401119738817215
-1.4299240112304688,0.9926189184188843,-0.3291374444961548,0.5027751326560974,0.803892195224762,-0.27852892875671387,-0.1529579907655716,-3.356659173965454,-4.216191291809082,-6.175105571746826,-0.31022417545318604,-1.479651689529419,-0.873403012752533,-1.7724539041519165
-1.4581061601638794,1.0139542818069458,-0.2801479697227478,-0.4258619248867035,0.7746391892433167,0.01103760302066803,0.4673905372619629,-3.3728036880493164,-4.158617973327637,-6.268105506896973,-0.4486526548862457,0.3403552770614624,0.8189687132835388,-0.07458797097206116
-1.4371927976608276,1.0125538110733032,-0.32605883479118347,-0.2940855622291565,0.6270074248313904,0.257687509059906,0.6737748384475708,-3.3563730716705322,-4.134173393249512,-5.794629096984863,0.17734932899475098,0.89954674243927,1.161750078201294,0.38766250014305115
-1.4095978736877441,0.9678847789764404,-0.2572353780269623,0.6936937570571899,0.3210316598415375,-0.6048656702041626,-0.2233051210641861,-3.5215561389923096,-4.166764736175537,-5.178082466125488,0.9364496469497681,0.12182517349720001,0.8159055113792419,-0.1247982308268547
-1.4375979900360107,0.9921435117721558,-0.27832096815109253,-0.23708467185497284,0.9537779688835144,-0.15137477219104767,0.10575497150421143,-10.096927642822266,-4.126208305358887,-3.879445791244507,0.11778303235769272,-0.29888439178466797,0.3266875445842743,-0.4379003942012787
-1.4155120849609375,0.9789217114448547,-0.22522568702697754,0.4218377470970154,0.1659892350435257,0.720192015171051,0.5251893997192383,-3.617046594619751,-5.3883376121521,-7.895997524261475,0.31571492552757263,-0.0043695890344679356,0.5403739809989929,-0.2177666574716568
-1.4789212942123413,0.9846758842468262,-0.15222294628620148,0.4377916753292084,0.2478601485490799,0.5876771211624146,0.6336714029312134,-3.5833890438079834,-4.099982738494873,-5.286945819854736,1.0275967121124268,-0.6680364012718201,0.019081860780715942,-1.1229968070983887
-1.4938644170761108,0.9838980436325073,-0.15841355919837952,0.7765042781829834,-0.014026782475411892,-0.5611281394958496,-0.2863208055496216,-3.3001554012298584,-4.443464756011963,-5.79301643371582,-1.421629786491394,1.7724539041519165,1.6300772428512573,1.272141695022583
-1.4647729396820068,0.9753102660179138,-0.167392298579216,0.6165104508399963,-0.036452215164899826,-0.6612097024917603,-0.42589646577835083,-3.4831719398498535,-4.564983367919922,-6.445404529571533,1.3240536451339722,-0.4325784146785736,0.1846003383398056,-0.8049249649047852
-1.4811969995498657,0.9865213632583618,-0.12381283938884735,0.5778933167457581,0.2546796202659607,0.5446119904518127,0.5518834590911865,-3.8091611862182617,-4.670694351196289,-6.676026821136475,0.8199087381362915,-0.06871125847101212,0.59656822681427,-0.39169633388519287
-1.1510263681411743,1.0421841144561768,-0.0033297354821115732,-0.16957440972328186,0.6729329824447632,0.6987299919128418,-0.17372989654541016,-3.9155051708221436,-5.0732011795043945,-6.065271377563477,-0.71266108751297,1.2340842485427856,1.1339223384857178,1.7474133968353271
-1.1285157203674316,1.0215508937835693,0.017026200890541077,0.6030078530311584,0.6668537259101868,0.2319830060005188,0.37131062150001526,-3.5963757038116455,-4.213903427124023,-4.380305767059326,1.5103504657745361,-0.27400946617126465,-0.3496844470500946,-0.4623613655567169
-1.1263631582260132,1.044975757598877,-0.009850534610450268,-0.07272328436374664,0.6394481062889099,0.7650420665740967,-0.022979170083999634,-3.9641640186309814,-4.3334455490112305,-7.007146835327148,16.11809539794922,0.31245577335357666,0.3709084987640381,0.5239911675453186
-1.1267527341842651,1.0389933586120605,0.014828222803771496,-0.4125824570655823,0.6103998422622681,0.6641330718994141,-0.1269448846578598,-3.7851383686065674,-4.282887935638428,-4.450643062591553,2.7270607948303223,0.5544898509979248,0.6158956289291382,0.8919166326522827
-1.1233606338500977,1.0008399486541748,0.005278538912534714,0.6001006960868835,0.7335535883903503,-0.1441308557987213,0.28461307287216187,-3.8460540771484375,-4.338176250457764,-4.99064826965332,16.11809539794922,-1.671960473060608,-1.602854609489441,-1.7119554281234741
-1.108312964439392,1.0521299839019775,-0.007555633317679167,0.42377227544784546,0.5383685231208801,0.5125913023948669,0.5175195932388306,-3.789872884750366,-5.469067573547363,-7.321658134460449,-0.5068499445915222,1.559598684310913,1.5362401008605957,1.7724539041519165
-0.7025341987609863,0.5293172001838684,-0.06521768122911453,0.09746046364307404,0.941175639629364,0.22879016399383545,0.22879016399383545,-3.9750077724456787,-2.9501829147338867,-17.982402801513672,-2.053239107131958,1.7724539041519165,1.7724539041519165,1.7724539041519165
-0.7054569125175476,0.5475524067878723,-0.04202008992433548,0.18178796768188477,0.9096790552139282,0.19008246064186096,0.32141217589378357,-17.532896041870117,-3.169707775115967,-4.122469425201416,-1.5953861474990845,-1.2163898944854736,-0.47960519790649414,-1.1051771640777588
1.4389910697937012,0.3408738076686859,-0.7344939112663269,0.6742672324180603,0.6892906427383423,0.2029585987329483,-0.17044052481651306,-2.7782742977142334,-3.4295856952667236,-3.9122495651245117,1.6984015703201294,-1.2218223810195923,-0.39380207657814026,-1.7724539041519165
1.4524166584014893,0.35826924443244934,-0.7743513584136963,-0.4840540289878845,0.05620630457997322,0.5125181078910828,0.7070062160491943,-3.6160202026367188,-4.160755634307861,-5.434999465942383,2.504800796508789,-0.3507765531539917,0.4153679609298706,-1.238922357559204
1.4464149475097656,0.3439723551273346,-0.7139606475830078,-0.27370941638946533,0.49166348576545715,0.3396981358528137,0.753628134727478,-3.238600254058838,-4.202482223510742,-5.18131160736084,2.0811333656311035,-0.8146513104438782,-0.018554434180259705,-1.3781737089157104
1.4826775789260864,0.3730023205280304,-0.7900388240814209,0.8457820415496826,-0.3723126947879791,0.12319842725992203,0.3617432415485382,-3.456855297088623,-4.29527473449707,-6.0551652908325195,16.11809539794922,-0.8252121806144714,0.06856965273618698,-1.7724539041519165
1.4789087772369385,0.38754138350486755,-0.7881750464439392,0.5759513974189758,0.7319595813751221,0.3519429862499237,-0.09301234036684036,-3.5852954387664795,-4.344206809997559,-5.865508079528809,-0.22848647832870483,1.0886714458465576,1.2647719383239746,0.4906088709831238
0.06989114731550217,0.20003056526184082,-0.5467687845230103,0.8540942072868347,0.2677289843559265,-0.38328781723976135,0.22789204120635986,-3.9746267795562744,-5.097268104553223,-5.838813781738281,0.1303071826696396,1.7724539041519165,1.3692885637283325,1.0051391124725342
0.01688377559185028,0.20693810284137726,-0.59725022315979,0.8198946714401245,-0.42180949449539185,-0.37237071990966797,-0.10578038543462753,-3.506056785583496,-4.876790523529053,-6.78124475479126,2.706225633621216,1.5207817554473877,1.168209195137024,0.9412444233894348
0.022555436939001083,0.20425458252429962,-0.5921788811683655,0.8871722221374512,-0.32289084792137146,-0.3209937512874603,-0.07503309845924377,-3.7076210975646973,-5.30487585067749,-6.4104437828063965,1.3174859285354614,1.7724539041519165,1.7144562005996704,1.3432717323303223
0.0323672778904438,0.2049504667520523,-0.597209632396698,0.7033144235610962,-0.5961422920227051,-0.3074073791503906,-0.23550765216350555,-3.262333869934082,-4.833826065063477,-5.212218761444092,16.11809539794922,0.4346206486225128,0.17896346747875214,-0.023326421156525612
0.06142112612724304,0.21123439073562622,-0.5553507804870605,0.47945910692214966,0.8021233081817627,-0.14818143844604492,0.3236656188964844,-3.529975175857544,-5.313896656036377,-6.721820831298828,16.11809539794922,0.30432215332984924,-0.03455428034067154,-0.2569798529148102
0.07823776453733444,0.21034638583660126,-0.555282711982727,0.7658966183662415,-0.46192535758018494,-0.4221333861351013,-0.14775216579437256,-3.419308662414551,-4.912179470062256,-5.570889472961426,-1.1934199333190918,1.7724539041519165,1.7724539041519165,1.7486628293991089
0.06805512309074402,0.19736216962337494,-0.5679218769073486,-0.35506677627563477,0.8177024722099304,0.21179628372192383,0.4005403518676758,-3.514798402786255,-4.566188335418701,-7.799470901489258,16.11809539794922,-1.1468819379806519,-1.2501741647720337,-1.4492261409759521
0.15504132211208344,0.014775805175304413,-0.4724045991897583,0.5023767948150635,0.5041613578796387,0.48658832907676697,0.5066267251968384,-2.3345718383789062,-4.596007347106934,-5.648349285125732,0.7437718510627747,-1.528111457824707,-1.4418597221374512,-1.520500659942627
0.1714354008436203,0.03015507571399212,-0.48204222321510315,0.33649253845214844,0.5415835976600647,0.6734058260917664,0.37414515018463135,-2.96460223197937,-4.5601654052734375,-5.370650291442871,1.1144587993621826,-0.17234477400779724,-0.05928575620055199,0.21914677321910858
0.17094536125659943,0.04928296431899071,-0.49368447065353394,-0.010620416142046452,0.7373409867286682,0.6754347681999207,0.0018143902998417616,-3.1198136806488037,-4.833835601806641,-6.795902252197266,16.11809539794922,0.06301663815975189,0.19457603991031647,0.47536271810531616
0.1811559498310089,0.03857249766588211,-0.4891681373119354,0.12411639839410782,0.6951219439506531,0.6930413842201233,0.14523835480213165,-2.752650260925293,-4.831295490264893,-6.360334873199463,16.11809539794922,-0.12205202132463455,0.06635740399360657,0.30183300375938416
0.18894769251346588,0.015531538054347038,-0.48574408888816833,0.42897921800613403,0.542458713054657,0.5669094324111938,0.44758141040802,-2.7752466201782227,-5.409538745880127,-7.393001079559326,3.613840103149414,-0.4211759865283966,-0.2865586280822754,-0.04135197028517723
0.1727188527584076,0.043571837246418,-0.4598000645637512,-0.1458919197320938,0.6912567615509033,0.6932418346405029,-0.14246174693107605,-2.7008659839630127,-4.865901947021484,-5.352400302886963,2.670182228088379,0.744208037853241,0.9227682948112488,1.2883574962615967
0.16529451310634613,0.10396303981542587,-0.49106699228286743,-0.021598368883132935,0.6976730823516846,0.715501606464386,-0.029038479551672935,-3.4724926948547363,-4.813310623168945,-6.177093982696533,16.11809539794922,0.1828547716140747,0.3631482720375061,0.6920042634010315
0.15988212823867798,0.11249131709337234,-0.4685050845146179,-0.0739593580365181,0.9764214158058167,-0.042163748294115067,-0.19837696850299835,-10.103322982788086,-3.302853584289551,-4.846286296844482,-0.40546509623527527,-1.3554059267044067,-1.4666187763214111,-0.9939643740653992
0.16501010954380035,0.043331000953912735,-0.4621969163417816,0.1065627858042717,0.6957955956459045,0.7018371224403381,0.10925909876823425,-2.6087119579315186,-4.673371315002441,-5.185796737670898,1.3449589014053345,0.31005409359931946,0.47645890712738037,0.7671493291854858
0.1646391898393631,0.13346458971500397,-0.47451719641685486,-0.010021507740020752,0.5145653486251831,0.8418124318122864,0.16270816326141357,-3.635040044784546,-4.4650750160217285,-4.71592903137207,16.11809539794922,-0.3585304617881775,-0.39944443106651306,-0.36382240056991577
0.16004908084869385,0.14292827248573303,-0.4904344379901886,0.42051294445991516,0.8730349540710449,0.16322094202041626,-0.18530437350273132,-4.561337947845459,-5.4050798416137695,-6.178290367126465,-0.5902307629585266,1.22254478931427,1.3143185377120972,1.7191048860549927
0.1864335536956787,0.14181247353553772,-0.48961251974105835,0.8402162790298462,-0.20449014008045197,-0.42060959339141846,0.27442288398742676,-4.980696678161621,-5.137507915496826,-6.713825702667236,1.1153666973114014,0.2928064167499542,0.6426336169242859,1.1241947412490845
0.17006586492061615,0.13448810577392578,-0.463864803314209,-0.05136023089289665,0.5054543614387512,0.8580889105796814,0.07457540184259415,-4.327300548553467,-4.575270652770996,-4.675318241119385,0.7192100882530212,1.766660451889038,1.7724539041519165,1.7724539041519165
0.17664673924446106,0.16032014787197113,-0.4930337965488434,0.9787381291389465,-0.12988129258155823,-0.04905598238110542,0.15098372101783752,-4.237092018127441,-4.91349983215332,-5.597597122192383,16.11809539794922,-0.8060749769210815,-1.0435463190078735,-1.2469875812530518
0.16404767334461212,0.1835414618253708,-0.5030677914619446,0.9972700476646423,-0.007484172936528921,-0.06752917170524597,-0.02891736477613449,-4.093923091888428,-4.402101993560791,-5.145426273345947,-0.25118008255958557,0.8188151717185974,0.12356351315975189,-0.4791451096534729
0.1504208743572235,0.17154023051261902,-0.4666033685207367,0.7690414190292358,0.11416718363761902,-0.6256200075149536,0.06434888392686844,-3.9321446418762207,-4.059762001037598,-6.020881175994873,16.11809539794922,-1.2368913888931274,-1.5265369415283203,-1.51786470413208
0.172074556350708,0.18792054057121277,-0.5003207921981812,0.2669069468975067,0.6640197038650513,0.6977417469024658,0.03154240921139717,-4.125516414642334,-4.324810981750488,-5.170138359069824,16.11809539794922,-1.2376282215118408,-1.4354430437088013,-1.7374498844146729
0.08708007633686066,0.20625747740268707,-0.5510470271110535,0.8108303546905518,0.44441547989845276,-0.30945533514022827,0.2220054566860199,-3.601792812347412,-4.870062828063965,-5.494155406951904,3.20969557762146,-0.020707018673419952,-0.2941536009311676,-0.4928680658340454
0.10357271134853363,0.20227335393428802,-0.5162469148635864,0.847856879234314,-0.3024541139602661,-0.40847495198249817,-0.15102453529834747,-3.839083433151245,-4.997720241546631,-5.313387393951416,2.0489392280578613,1.261264681816101,0.8447962403297424,0.5795067548751831
0.06040237098932266,0.20078593492507935,-0.5376777052879333,0.35459020733833313,0.8453412055969238,-0.15137477219104767,0.3697968125343323,-2.437749147415161,-11.728693962097168,-4.359593391418457,-1.2227606773376465,-1.7724539041519165,-1.7724539041519165,-1.7724539041519165
0.12780041992664337,0.1853189766407013,-0.5257278084754944,0.9128035306930542,0.27933451533317566,-0.295926570892334,0.034487996250391006,-3.3754799365997314,-5.495553016662598,-6.233485221862793,1.6446595191955566,-1.464010238647461,-1.5743800401687622,-1.6430449485778809
0.11655065417289734,0.19778119027614594,-0.5384493470191956,0.8596007823944092,0.3489246368408203,-0.3370867669582367,0.16034530103206635,-3.805983066558838,-4.782403945922852,-6.304337978363037,5.566758632659912,-1.0708189010620117,-1.2675288915634155,-1.4361435174942017
0.12320131808519363,0.21392199397087097,-0.5124548673629761,0.5421040654182434,-0.6584838628768921,-0.3926437795162201,-0.34402474761009216,-4.169375896453857,-4.959837913513184,-5.857729434967041,0.480599045753479,1.607786774635315,1.237440586090088,1.2609394788742065
0.12848611176013947,0.21319884061813354,-0.5191386938095093,0.8259377479553223,0.4973776638507843,-0.16259463131427765,0.20977440476417542,-3.7996749877929688,-4.88786506652832,-5.000955104827881,0.4837970435619354,0.24804291129112244,-0.07739171385765076,-0.3628409206867218
0.15018483996391296,0.1985543966293335,-0.5134994387626648,0.9124100804328918,0.1472744643688202,-0.21445629000663757,0.31595343351364136,-4.1814422607421875,-4.635666370391846,-5.996933937072754,16.11809539794922,-1.0660239458084106,-1.2547016143798828,-1.5003665685653687
0.12918642163276672,0.21805091202259064,-0.4801647663116455,0.5290440917015076,0.8062116503715515,0.24459531903266907,-0.10152968019247055,-4.429775714874268,-4.9189581871032715,-5.614119052886963,-0.28826799988746643,-0.28619521856307983,-0.5489547252655029,-0.7713803052902222
0.15144142508506775,0.2059958577156067,-0.47336432337760925,-0.4803902506828308,0.7470376491546631,0.43338802456855774,0.1527571827173233,-4.35780668258667,-4.163557529449463,-13.173296928405762,1.7423112392425537,-0.7298339605331421,-1.1468819379806519,-1.327602744102478
0.16548848152160645,0.22499367594718933,-0.4832195043563843,-0.3688811957836151,0.815180242061615,0.2584152817726135,0.3641832172870636,-3.881681203842163,-4.474730491638184,-5.126080513000488,16.11809539794922,-1.073190689086914,-1.3083198070526123,-1.4817695617675781
0.20153091847896576,0.21910886466503143,-0.47040167450904846,-0.35681599378585815,0.767193078994751,0.23878805339336395,0.4765263795852661,-4.055449962615967,-4.532303810119629,-6.045769691467285,-0.6743828058242798,1.4305044412612915,0.6994401216506958,0.2684905529022217
0.15327824652194977,0.23327764868736267,-0.4713037610054016,0.5087851285934448,-0.3081432580947876,-0.6142436265945435,-0.5185462236404419,-3.9486000537872314,-4.390206813812256,-5.475275039672852,0.7023996710777283,1.4098385572433472,0.7809457778930664,0.5470009446144104
0.1445615142583847,0.221133753657341,-0.45784133672714233,0.6052664518356323,-0.38705208897590637,-0.4087427854537964,-0.5628255009651184,-3.813689947128296,-5.015106678009033,-6.681230068206787,-0.244828999042511,1.2826493978500366,0.6937180757522583,0.2905716896057129
0.17975057661533356,0.21301354467868805,-0.46775996685028076,0.12492657452821732,0.5097587704658508,0.8511956930160522,-0.0022846092469990253,-3.988267183303833,-4.494640350341797,-5.338024139404297,1.6334137916564941,-0.3485054671764374,-0.7305572628974915,-1.0588719844818115
0.1898391842842102,0.16735891997814178,-0.46567362546920776,0.5058951377868652,0.5544869303703308,0.10532520711421967,0.6523196697235107,-4.062546253204346,-4.686924934387207,-5.4083991050720215,1.9233109951019287,-0.8618890643119812,-1.1477503776550293,-1.4644477367401123
0.16762162744998932,0.17479275166988373,-0.4444844126701355,0.9531881809234619,0.2958211302757263,-0.04094555601477623,-0.04738747328519821,-4.066506862640381,-4.464078426361084,-4.853133678436279,0.9496363401412964,1.1413161754608154,0.34952110052108765,-0.2105051428079605
0.16751012206077576,0.21760541200637817,-0.45329999923706055,-0.4576660990715027,0.09533675014972687,0.4567863643169403,0.7568347454071045,-3.811012029647827,-4.124922752380371,-5.096164226531982,0.2794860601425171,1.7724539041519165,1.328387975692749,0.6398525834083557
0.16430018842220306,0.2032996565103531,-0.44621530175209045,-0.10143931955099106,0.846652626991272,0.47639375925064087,-0.2143324464559555,-4.1096625328063965,-4.508124828338623,-5.806193828582764,0.4407532513141632,-0.9013457894325256,-1.3128063678741455,-1.5936989784240723
0.17331141233444214,0.21368348598480225,-0.43553006649017334,0.9683297276496887,-0.23839163780212402,0.06039360538125038,0.04312226548790932,-4.51554536819458,-4.940549850463867,-5.839874267578125,0.3976745903491974,1.501185655593872,0.8131188750267029,0.20563405752182007
0.16018438339233398,0.22617429494857788,-0.4545341432094574,0.39582449197769165,0.9074747562408447,-0.01844559982419014,0.13954317569732666,-4.24605655670166,-4.619286060333252,-5.766295909881592,0.12634621560573578,-1.282662034034729,-1.5555111169815063,-1.6007076501846313
0.19841693341732025,0.18188811838626862,-0.47457972168922424,0.7514051795005798,-0.032384827733039856,-0.6455351710319519,-0.13276244699954987,-4.4157257080078125,-4.776304721832275,-6.424395561218262,1.212368130683899,-1.6091822385787964,-1.7385363578796387,-1.7724539041519165
0.19424787163734436,0.19201131165027618,-0.46993428468704224,-0.32417699694633484,0.8771632313728333,0.23846709728240967,0.261968195438385,-3.6835880279541016,-4.465559005737305,-13.272156715393066,2.8457396030426025,-1.1468819379806519,-1.327602744102478,-1.5083235502243042
0.1978747844696045,0.2114800065755844,-0.4779692590236664,0.8390302062034607,0.26831093430519104,-0.46742087602615356,0.07453399896621704,-4.318086624145508,-4.958414554595947,-7.291421890258789,1.9666547775268555,-1.4891680479049683,-1.6305924654006958,-1.7724539041519165
0.23234885931015015,0.1977480798959732,-0.43287670612335205,0.9338825345039368,0.15447194874286652,-0.31584712862968445,0.06513425707817078,-3.1674959659576416,-4.710201263427734,-5.517390727996826,16.11809539794922,-1.5076498985290527,-1.6435149908065796,-1.7724539041519165
0.2193962186574936,0.20752009749412537,-0.414856493473053,0.8759465217590332,-0.2644113600254059,-0.38942238688468933,-0.10561515390872955,-3.358386516571045,-4.8403215408325195,-5.667045593261719,16.11809539794922,0.697687566280365,0.38607069849967957,0.27936702966690063
0.2766372561454773,0.20289857685565948,-0.38702940940856934,0.8634212613105774,0.320487916469574,-0.36203640699386597,0.14394734799861908,-2.8536388874053955,-4.544657230377197,-5.752605438232422,16.11809539794922,-0.6636530756950378,-0.8469114899635315,-0.9930527210235596
0.2614041864871979,0.20644964277744293,-0.3837904930114746,0.7058606147766113,-0.5868458151817322,-0.3417339026927948,-0.20147140324115753,-2.9407622814178467,-4.898941993713379,-6.2119550704956055,1.0744551420211792,1.5051933526992798,0.8269538879394531,0.5719271302223206
0.2653220593929291,0.21726033091545105,-0.38579821586608887,0.5444250106811523,0.7606926560401917,-0.18965068459510803,0.29829636216163635,-2.447092294692993,-5.1435394287109375,-6.348341941833496,1.125190019607544,1.0668152570724487,0.7673737406730652,0.7264909148216248
0.292327344417572,0.21345044672489166,-0.3740793466567993,0.7752907276153564,0.5134544968605042,-0.29868802428245544,0.21464917063713074,-3.0043041706085205,-5.034688949584961,-6.539259910583496,16.11809539794922,0.25015726685523987,-0.020069949328899384,-0.07045729458332062
0.7376468777656555,0.013559636659920216,-0.4312630593776703,0.5744835138320923,-0.25788652896881104,-0.6775953769683838,-0.3799048960208893,-3.05342173576355,-4.874346733093262,-5.189873695373535,-2.2582836151123047,1.1682978868484497,1.7724539041519165,0.8604106903076172
0.6819037199020386,0.05018436163663864,-0.4053272008895874,0.8805272579193115,0.4720306098461151,-0.016674211248755455,-0.039760176092386246,-3.831796646118164,-4.044438362121582,-6.116153717041016,16.11809539794922,-1.1848777532577515,-0.41584470868110657,-1.482926845550537
0.7534107565879822,0.02935781702399254,-0.42095792293548584,0.987719714641571,0.030244404450058937,0.0568971261382103,-0.14232994616031647,-3.2998220920562744,-4.263018608093262,-5.493877410888672,0.2828880250453949,0.9981021881103516,1.4073400497436523,1.5789114236831665
0.6813372373580933,0.0687924399971962,-0.36142486333847046,0.6466525197029114,-0.6066218614578247,-0.4131755828857422,-0.207692950963974,-3.30549955368042,-4.090046405792236,-5.0524983406066895,-0.8902353644371033,-0.025106942281126976,0.53009033203125,0.23674733936786652
0.7386881113052368,0.06010336056351662,-0.39743348956108093,0.6682361364364624,-0.46838951110839844,-0.5049688816070557,-0.2812083959579468,-3.4125633239746094,-4.314899921417236,-5.266981601715088,-0.17787423729896545,-1.680770754814148,-0.8801060914993286,-1.7724539041519165
0.3556641936302185,0.1957027167081833,-0.31809356808662415,0.907302737236023,-0.2857995331287384,-0.29646626114845276,-0.0850183293223381,-2.759003162384033,-4.794366359710693,-5.02225399017334,3.0816009044647217,-1.1708637475967407,-1.3793480396270752,-1.4795093536376953
0.41540852189064026,0.2052910476922989,-0.254122793674469,0.552144467830658,0.7550404071807861,-0.2073366791009903,0.2864646017551422,-2.394792079925537,-4.569177150726318,-5.3367719650268555,16.11809539794922,0.10368074476718903,-0.19033938646316528,-0.3987726867198944
0.6279897689819336,0.0623854398727417,-0.3288390338420868,0.7757600545883179,0.5674765110015869,0.2756236493587494,-0.014081889763474464,-3.4841673374176025,-3.897001266479492,-5.626263618469238,0.5941280722618103,1.1721246242523193,1.5937275886535645,1.5416462421417236
0.6174890398979187,0.054085247218608856,-0.33559077978134155,-0.10575497150421143,0.838000476360321,-0.5177155137062073,0.13616816699504852,-17.219261169433594,-4.314558506011963,-3.880505084991455,2.2643637657165527,-0.5213099718093872,0.18767155706882477,-0.6325227618217468
0.7079388499259949,0.06756727397441864,-0.3718430697917938,0.9520692229270935,0.3016674220561981,0.049723751842975616,-0.009406352415680885,-2.958134651184082,-4.799933433532715,-5.330669403076172,-1.1134861707687378,1.6612313985824585,1.7296760082244873,1.7724539041519165
0.7127484083175659,0.04832690209150314,-0.3713204562664032,-0.02004506066441536,0.6158671975135803,0.7871334552764893,0.026957150548696518,-4.071996688842773,-13.948405265808105,-2.9451422691345215,0.3728889524936676,-1.6890443563461304,-1.0634723901748657,-1.6890443563461304
0.7636987566947937,0.04108107462525368,-0.339748352766037,0.9475077390670776,-0.17390654981136322,0.255564421415329,-0.08168480545282364,-2.464444875717163,-4.001279354095459,-5.46150016784668,5.008330345153809,-0.019442856311798096,0.5480448603630066,0.06178905814886093
0.43365585803985596,0.20101720094680786,-0.2211836576461792,0.8939555883407593,-0.2636681795120239,-0.3484996259212494,-0.09935048967599869,-3.1419830322265625,-5.632321357727051,-6.495113372802734,16.11809539794922,1.0464544296264648,0.7021300792694092,0.4369112551212311
0.44009727239608765,0.20963220298290253,-0.22957170009613037,0.8675952553749084,-0.2998228669166565,-0.36271724104881287,-0.16068892180919647,-2.6793131828308105,-4.874138832092285,-5.439837455749512,0.47722092270851135,1.371140718460083,0.9522594809532166,0.8691807985305786
0.49439528584480286,0.19344621896743774,-0.1910628229379654,0.6851285696029663,0.6280311346054077,-0.27441444993019104,0.24672330915927887,-2.45249342918396,-4.685940742492676,-5.050332546234131,4.246784687042236,-0.7887057065963745,-1.0013142824172974,-1.1709604263305664
0.5193791389465332,0.20283222198486328,-0.15604984760284424,0.8794355988502502,-0.31513047218322754,-0.33697035908699036,-0.11720413714647293,-2.6073524951934814,-4.68246603012085,-4.960076332092285,3.594980239868164,0.6112088561058044,0.3217426538467407,0.13976238667964935
0.7175649404525757,0.06032080948352814,-0.12352016568183899,0.5831828117370605,-0.12569984793663025,-0.7361857295036316,-0.3195745348930359,-2.830798864364624,-4.173060894012451,-4.411196231842041,-2.4027113914489746,1.218824863433838,1.458450436592102,1.6060664653778076
0.7095088958740234,0.038466598838567734,-0.007346846163272858,0.3220058083534241,0.6041132211685181,0.6495246291160583,0.33087337017059326,-2.412804365158081,-4.338200092315674,-5.021392345428467,2.6801857948303223,-0.9692664742469788,-0.8169241547584534,-0.5539321899414062
0.6910492181777954,0.11523475497961044,-0.014446954242885113,-0.18329301476478577,0.6981346607208252,0.6744218468666077,-0.1554570496082306,-3.107564926147461,-4.761620044708252,-6.605112075805664,1.8546496629714966,-0.5880125761032104,-0.48428094387054443,-0.33416876196861267
0.6067768335342407,0.20703907310962677,-0.09310286492109299,0.7727817296981812,0.5325177907943726,-0.284701406955719,0.19539262354373932,-2.9375338554382324,-4.815604209899902,-5.910377025604248,2.743206262588501,0.11265618354082108,-0.10137518495321274,-0.19020339846611023
0.6914116740226746,0.09543178230524063,0.0055467309430241585,0.35507726669311523,0.6912861466407776,0.37321019172668457,0.5067126750946045,-2.6777870655059814,-3.139970302581787,-4.65103006362915,0.22801131010055542,-1.502652645111084,-1.579519510269165,-1.5133113861083984
0.690055251121521,0.1104135811328888,-0.013191024772822857,0.7471361756324768,0.1710994392633438,0.389255553483963,0.510874330997467,-3.948295831680298,-4.725917816162109,-5.566315650939941,-1.4264870882034302,0.9039434194564819,1.5699067115783691,1.7724539041519165
0.7042768001556396,0.10724090784788132,0.012030767276883125,0.08351951837539673,0.7207916975021362,0.6645342111587524,0.17854435741901398,-3.1048004627227783,-4.323065757751465,-4.558950424194336,-0.08177214115858078,1.7346796989440918,1.7724539041519165,1.7724539041519165
0.7097339034080505,0.1294921338558197,-0.018025659024715424,0.0739593580365181,0.7274379134178162,0.6739287376403809,0.10575497150421143,-3.8741281032562256,-4.8430609703063965,-10.199907302856445,4.840242385864258,-0.03475402295589447,0.1459667682647705,0.3266875445842743
0.6680173873901367,0.18354177474975586,-0.0475785955786705,0.9756289720535278,0.03458545729517937,-0.2109897881746292,-0.049347929656505585,-3.3812761306762695,-4.897864818572998,-6.097378253936768,1.3305717706680298,-0.5586874485015869,-0.895916223526001,-1.0921038389205933
0.7494431138038635,0.18807922303676605,0.01049607340246439,0.8774769902229309,-0.19894279539585114,-0.4358648657798767,0.021855678409337997,-3.428224802017212,-4.352485656738281,-5.10591983795166,16.11809539794922,-1.0961436033248901,-1.3750778436660767,-1.45332932472229
0.6118481159210205,0.20718173682689667,-0.07167007774114609,0.874019205570221,-0.35765573382377625,-0.31641948223114014,-0.08973011374473572,-3.033644437789917,-4.702022552490234,-5.768162727355957,16.11809539794922,1.1562464237213135,0.7979958653450012,0.5528526306152344
0.6338357925415039,0.19978788495063782,-0.04077623784542084,0.8885716199874878,-0.3054944574832916,-0.33571019768714905,-0.06642497330904007,-3.2989754676818848,-5.118166446685791,-7.10451602935791,2.1845905780792236,1.7596912384033203,1.495326280593872,1.1812840700149536
0.6444015502929688,0.19993266463279724,-0.04145698621869087,0.39816007018089294,0.8478912115097046,-0.13776186108589172,0.3218241333961487,-3.285737991333008,-4.853633880615234,-5.332304954528809,1.5496693849563599,1.7724539041519165,1.7724539041519165,1.7724539041519165
0.68267822265625,0.19747401773929596,-0.041787903755903244,0.9204630255699158,0.27733978629112244,-0.24961236119270325,0.11629310250282288,-3.0156147480010986,-4.200001239776611,-5.1593804359436035,2.430044174194336,-1.0429214239120483,-1.2401154041290283,-1.5262846946716309
0.7000221610069275,0.21710224449634552,-0.020001720637083054,0.9356459975242615,0.134109765291214,0.3164726495742798,-0.08016344159841537,-3.96791672706604,-4.930535316467285,-5.623148441314697,1.0801044702529907,-0.46520233154296875,-0.8970525860786438,-1.2163898944854736
0.6934859752655029,0.2069740742444992,-0.007429888006299734,0.5491010546684265,-0.26708483695983887,-0.6801975965499878,-0.4055675268173218,-3.755551815032959,-4.101612091064453,-5.008758544921875,1.5780335664749146,0.1528548002243042,-0.4586728513240814,-0.8565783500671387
0.6627070903778076,0.19228552281856537,-0.0023046135902404785,0.41679900884628296,0.7354668378829956,0.3932979106903076,0.3615022897720337,-4.50437593460083,-5.462163925170898,-9.1580810546875,2.577688455581665,1.522225022315979,0.8827515244483948,0.21547475457191467
0.7307633757591248,0.20051172375679016,-0.019003072753548622,-0.15038155019283295,0.8749773502349854,0.4426701068878174,0.12586963176727295,-4.0172624588012695,-4.519229888916016,-5.27481746673584,0.3929954767227173,0.6556400060653687,0.11254048347473145,-0.2693629264831543
0.7403052449226379,0.2069925218820572,-0.010753960348665714,0.10486497730016708,0.5183927416801453,0.8069475889205933,-0.2628837525844574,-3.6890950202941895,-4.124927043914795,-4.750667572021484,-0.9834413528442383,1.5189831256866455,0.5916165709495544,0.1777300238609314
0.6943461298942566,0.22507229447364807,-0.008675075136125088,0.6398865580558777,0.7631586790084839,0.032356783747673035,0.08418439328670502,-3.8734166622161865,-4.859282493591309,-6.427640914916992,0.06774668395519257,1.7724539041519165,1.7724539041519165,1.4286227226257324
0.7329758405685425,0.24307550489902496,-0.02361646480858326,0.4104519486427307,0.5422059297561646,0.7123686075210571,0.17341528832912445,-3.162729024887085,-3.79744553565979,-5.309579372406006,-1.5028414726257324,1.7724539041519165,1.7724539041519165,1.755340576171875
0.8350889682769775,-0.009801220148801804,-0.4456659257411957,-0.25631576776504517,0.3900875151157379,0.6199928522109985,0.630668580532074,-2.859455108642578,-3.6594152450561523,-4.585370063781738,4.9450364112854,-1.4230389595031738,-0.725737452507019,-1.4756405353546143
0.7675358057022095,0.0249842070043087,-0.48227930068969727,-0.4463132321834564,0.4633890390396118,0.6131450533866882,0.45839744806289673,-3.541628837585449,-4.329041481018066,-5.416022300720215,-1.5727933645248413,1.2666563987731934,1.7724539041519165,1.564184308052063
0.9401645660400391,-0.01226039882749319,-0.46746179461479187,-0.3483567237854004,0.7032963633537292,0.22887486219406128,0.5758802890777588,-2.787844181060791,-3.6663222312927246,-4.039292335510254,-0.5877534747123718,0.13131144642829895,0.5394669771194458,0.3280615508556366
0.9370300769805908,-0.021321645006537437,-0.49737465381622314,0.1831703782081604,0.9543268084526062,0.09746046364307404,-0.21496598422527313,-4.9440836906433105,-13.555803298950195,-3.6371586322784424,2.463853359222412,-1.3554059267044067,-0.6325227618217468,-1.5083235502243042
0.78452068567276,0.036613333970308304,-0.4261188805103302,0.8952165246009827,0.4295349419116974,-0.11592917889356613,0.02544608898460865,-3.1052513122558594,-4.427768230438232,-5.478611946105957,1.151810646057129,-1.244193196296692,-0.6379792094230652,-1.3007866144180298
0.8513228893280029,0.030970679596066475,-0.4384937584400177,0.8361940979957581,0.5217429399490356,-0.15477906167507172,0.067876435816288,-2.9839024543762207,-3.940842390060425,-5.94967794418335,-1.6089611053466797,-1.7724539041519165,-0.8141235709190369,-1.3521697521209717
0.8622475266456604,0.007419228553771973,-0.4337945580482483,0.7114004492759705,0.6327061653137207,-0.0466579906642437,0.3023497462272644,-3.508601427078247,-3.6654856204986572,-6.102975845336914,6.553229808807373,-1.2266154289245605,-0.5900151133537292,-1.5083235502243042
0.9319894909858704,-0.0027464726008474827,-0.45900246500968933,-0.21261908113956451,0.40129151940345764,0.6650225520133972,0.5928770899772644,-3.141977548599243,-3.630841016769409,-6.202754020690918,1.5413020849227905,-1.4216986894607544,-0.7794821262359619,-1.5329115390777588
0.9442660808563232,-0.008742609061300755,-0.4345186650753021,0.7131205797195435,0.6019212007522583,0.20093296468257904,-0.2979527413845062,-2.4686150550842285,-3.2141387462615967,-3.894209623336792,-1.1884539127349854,1.3373359441757202,1.6250752210617065,1.3583900928497314
0.8454418778419495,0.026037566363811493,-0.4192923903465271,0.9930770397186279,0.10460937768220901,-0.049710649996995926,0.019588269293308258,-2.2602343559265137,-2.8390755653381348,-5.240631580352783,-1.8776291608810425,1.7724539041519165,1.7724539041519165,1.7257680892944336
0.9188569784164429,0.013943236321210861,-0.42607787251472473,0.7453665137290955,0.6148881316184998,0.036081161350011826,-0.2550283968448639,-3.1778039932250977,-4.432648181915283,-7.697822093963623,-0.24476958811283112,-1.134101390838623,-0.2924287021160126,-1.3708865642547607
0.766982913017273,0.05028196796774864,-0.35003724694252014,0.6214181184768677,0.739196240901947,0.1781906634569168,-0.18888238072395325,-3.068491220474243,-3.7942140102386475,-5.415428161621094,2.096015453338623,-1.1468819379806519,-0.11656486988067627,-1.3405243158340454
0.9857743382453918,0.008190053515136242,-0.38449493050575256,-0.3863740563392639,0.344643235206604,0.7592257261276245,0.3943506181240082,-3.1653895378112793,-4.246557712554932,-4.740433692932129,-0.5425441265106201,0.20729604363441467,0.6024598479270935,-0.16668401658535004
1.053675651550293,0.011660352349281311,-0.3433314263820648,0.793347179889679,0.5416924953460693,0.20154881477355957,-0.1911742091178894,-2.954404592514038,-3.7976675033569336,-4.907861232757568,16.11809539794922,-1.3545863628387451,-0.5605078935623169,-1.748894214630127
1.1064471006393433,0.23752965033054352,-0.3810389041900635,-0.05875276401638985,0.6407507061958313,-0.03525165840983391,0.7646855115890503,-16.178619384765625,-3.589755058288574,-3.880505084991455,1.2909841537475586,-0.32668760418891907,0.6186211109161377,-1.7724539041519165
1.2132034301757812,0.002440503565594554,-0.4477814733982086,-0.052793633192777634,0.7837976813316345,0.5969346761703491,-0.16292032599449158,-3.450265407562256,-4.477279186248779,-6.302772521972656,16.11809539794922,-0.2254525125026703,0.4696274697780609,-1.395148754119873
1.2174206972122192,0.0239950492978096,-0.38665658235549927,0.15555980801582336,0.8431863784790039,0.5005985498428345,-0.1193271204829216,-2.5465879440307617,-4.470500946044922,-4.780858039855957,16.11809539794922,-1.5656390190124512,-0.8017001748085022,-1.7724539041519165
1.264076828956604,0.06482282280921936,-0.4422580599784851,0.6133700013160706,0.5879466533660889,0.3667195737361908,0.37896275520324707,-2.7591631412506104,-3.584773302078247,-4.206250190734863,-0.7644674777984619,-1.72291100025177,-1.023542046546936,-1.7724539041519165
1.2365440130233765,0.01042019110172987,-0.44805341958999634,0.12613369524478912,0.7245727181434631,0.6775065064430237,0.008343281224370003,-3.081141471862793,-4.5963616371154785,-5.66897439956665,16.11809539794922,-0.7872797846794128,-0.014228222891688347,-1.7059714794158936
1.2605384588241577,0.007492013741284609,-0.4275738000869751,0.3434118330478668,0.5821303725242615,0.7364688515663147,0.02839411050081253,-3.0938377380371094,-4.649921417236328,-5.683480262756348,16.11809539794922,-1.1073132753372192,-0.25657111406326294,-1.7724539041519165
1.3365471363067627,0.1653464138507843,-0.46466490626335144,0.8097297549247742,0.40817663073539734,0.38917145133018494,0.1620960384607315,-2.382455825805664,-4.875930309295654,-4.940948963165283,2.554147243499756,-0.234397754073143,0.5674161314964294,-1.7724539041519165
1.1304254531860352,0.2781156599521637,-0.40491679310798645,0.19971361756324768,0.5719512104988098,0.787327229976654,-0.11446438729763031,-2.7429451942443848,-4.189329147338867,-6.21012544631958,16.11809539794922,-0.89690762758255,0.03908596187829971,-1.7724539041519165
1.1795907020568848,0.2584930956363678,-0.4013926386833191,0.9500223398208618,0.01274892594665289,-0.0299365371465683,-0.31048163771629333,-3.468506097793579,-4.052886009216309,-5.512971878051758,16.11809539794922,-0.623953640460968,0.43687185645103455,-1.7724539041519165
1.2076295614242554,0.18180593848228455,-0.38065895438194275,-0.062405623495578766,0.6398983001708984,0.7484251856803894,-0.16277427971363068,-3.040837049484253,-3.45574688911438,-4.507551670074463,-1.5993037223815918,-0.9709514379501343,0.11127404868602753,-1.7724539041519165
1.2362000942230225,0.2277858406305313,-0.3917834162712097,-0.058467499911785126,0.4795052111148834,0.8323723673820496,-0.27168458700180054,-3.7623114585876465,-3.871070384979248,-5.972034454345703,2.2560691833496094,0.1934254765510559,1.159602403640747,-1.7724539041519165
1.271676778793335,0.2324163317680359,-0.4069015681743622,0.03792687878012657,0.6454678177833557,0.6600033044815063,-0.382529079914093,-3.2968194484710693,-5.4465813636779785,-7.22361946105957,1.3349299430847168,0.43719586730003357,1.266983151435852,-1.0700292587280273
1.2379796504974365,0.24136173725128174,-0.4009278118610382,0.4183790683746338,0.8804793357849121,0.20750249922275543,-0.0815950334072113,-4.030237197875977,-4.905836582183838,-6.270364761352539,16.11809539794922,-0.7828441262245178,0.20800679922103882,-1.3164621591567993
1.2560127973556519,0.21221765875816345,-0.37735414505004883,-0.32865574955940247,-0.3542529046535492,0.853786051273346,-0.19375155866146088,-3.592122793197632,-4.3086371421813965,-6.004107475280762,0.18115602433681488,0.6588618159294128,1.3006312847137451,-0.07914265245199203
1.401505947113037,0.21638692915439606,-0.5192761421203613,0.5878649950027466,0.6773343086242676,0.44227346777915955,0.005205971654504538,-2.518965005874634,-4.929050445556641,-5.536855697631836,16.11809539794922,-1.2247604131698608,-0.2959626019001007,-1.4919679164886475
1.459954857826233,0.2572603225708008,-0.43493568897247314,0.4998568892478943,0.8294839859008789,0.18072009086608887,-0.17157979309558868,-3.2317898273468018,-3.477856159210205,-5.800215244293213,16.11809539794922,-0.6374520659446716,0.4006785750389099,-1.7724539041519165
0.9589154124259949,0.3329450786113739,-0.39306819438934326,0.9673264026641846,-0.24309074878692627,0.07185208052396774,0.004876104183495045,-3.504889965057373,-4.2167887687683105,-4.684516429901123,1.018937587738037,-0.4019771218299866,0.5450044274330139,-1.7724539041519165
0.9431568384170532,0.3409130573272705,-0.38520675897598267,0.9302214980125427,-0.33975914120674133,-0.0029722678009420633,0.13871851563453674,-4.000146389007568,-4.465364456176758,-5.892958641052246,2.0391061305999756,0.6438015103340149,1.1732195615768433,-0.6272770762443542
0.9473848938941956,0.3764130473136902,-0.4051586389541626,0.2717771828174591,0.5518233180046082,0.7779604196548462,-0.12808482348918915,-3.896979808807373,-4.267505168914795,-7.682401180267334,1.9466544389724731,0.6451106667518616,1.2157460451126099,-0.4875960350036621
0.9342190623283386,0.38044115900993347,-0.41167640686035156,0.30925440788269043,0.603071928024292,0.7289581298828125,-0.09636375308036804,-3.5733704566955566,-4.884953022003174,-7.630093097686768,16.11809539794922,0.5955928564071655,1.1730632781982422,-0.5443382859230042
0.9632176160812378,0.32233262062072754,-0.38057082891464233,0.9716545343399048,-0.17203180491924286,-0.0275260079652071,-0.15979628264904022,-3.6461174488067627,-4.265096664428711,-5.7698211669921875,1.3914008140563965,0.9246401190757751,1.2941536903381348,0.08109986782073975
0.9845010042190552,0.3173348903656006,-0.40734410285949707,-0.15137477219104767,0.9594137668609619,0.23708467185497284,-0.02004506066441536,-10.681483268737793,-3.1576576232910156,-2.6549136638641357,-1.4360558986663818,-0.9939643740653992,-0.19012483954429626,-1.7724539041519165
1.0707815885543823,0.26977771520614624,-0.3882465958595276,0.22879016399383545,0.9665580987930298,0.0739593580365181,0.08916595578193665,-4.121888637542725,-2.3637473583221436,-12.88163948059082,-0.5549968481063843,-1.1746851205825806,-0.2514554262161255,-1.7724539041519165
1.0948184728622437,0.24848131835460663,-0.3676992654800415,0.4344726502895355,0.8463552594184875,-0.17626947164535522,-0.252676397562027,-3.195772886276245,-3.5016181468963623,-5.628830432891846,1.375968098640442,0.5892319083213806,1.1957768201828003,-0.7696218490600586
1.088193416595459,0.25620099902153015,-0.36923709511756897,0.06553120911121368,0.6072988510131836,0.767684280872345,-0.19379006326198578,-3.4942309856414795,-4.9434661865234375,-5.767868518829346,2.160682201385498,-1.7724539041519165,-1.420630693435669,-1.7724539041519165
1.0920759439468384,0.3169421851634979,-0.4001653492450714,-0.10282009094953537,0.655242383480072,0.6171534061431885,-0.4233286678791046,-2.741053819656372,-4.268884181976318,-5.339494228363037,16.11809539794922,-1.2782340049743652,-0.41597986221313477,-1.6850883960723877
1.045052170753479,0.2918493449687958,-0.37200042605400085,0.04745626822113991,0.5695121884346008,0.7452312707901001,-0.3435609042644501,-3.170478343963623,-3.8426315784454346,-4.583360195159912,16.11809539794922,0.003720915410667658,0.7209441065788269,-1.0885200500488281
1.0767221450805664,0.29377853870391846,-0.3826082646846771,0.2840868830680847,0.9150016903877258,0.20667147636413574,0.19837696850299835,-4.361508369445801,-2.806504964828491,-15.112641334533691,0.3243834376335144,-0.3683924078941345,0.4845115840435028,-1.7724539041519165
1.1008540391921997,0.299950510263443,-0.40041282773017883,0.7836246490478516,-0.12388893961906433,-0.38975414633750916,-0.4676276743412018,-3.3708648681640625,-4.415727138519287,-4.568455219268799,-0.02217390574514866,1.55391263961792,1.7724539041519165,-1.6087347269058228
1.103178858757019,0.30844569206237793,-0.4095022678375244,-0.01782040484249592,0.6229858994483948,0.629399836063385,-0.46414104104042053,-3.1550512313842773,-3.8799569606781006,-4.771730899810791,0.5104758143424988,0.021361825987696648,0.859639585018158,-1.7724539041519165
1.0973231792449951,0.3096487820148468,-0.38683754205703735,0.5707025527954102,0.27082738280296326,0.5828786492347717,0.511080801486969,-3.1232457160949707,-4.836362361907959,-5.768347263336182,16.11809539794922,1.5588154792785645,1.7568374872207642,-0.33547481894493103
0.9683865308761597,0.396267831325531,-0.4312325119972229,-0.019733306020498276,0.7040847539901733,0.6429034471511841,-0.30091598629951477,-3.4010255336761475,-3.944056510925293,-5.204868316650391,16.11809539794922,-0.3678782284259796,0.39663392305374146,-1.6940497159957886
0.9751836657524109,0.373068630695343,-0.40403544902801514,-0.3669974207878113,0.2563196122646332,0.43075329065322876,0.7836228609085083,-3.648287534713745,-4.21491003036499,-4.685802936553955,-0.588470995426178,-1.165414810180664,-0.1505999118089676,-1.7724539041519165
0.9994940161705017,0.3871150314807892,-0.42971545457839966,-0.47347813844680786,0.8012155890464783,-0.1527571827173233,0.3324715197086334,-3.972126007080078,-17.21902847290039,-5.088734149932861,1.6524039506912231,0.7715387344360352,1.0610190629959106,0.1459667682647705
0.9762972593307495,0.3408912420272827,-0.3973406255245209,-0.13616816699504852,0.6836056709289551,-0.0435461662709713,0.7157130837440491,-13.369719505310059,-3.875230073928833,-3.489589214324951,0.40546509623527527,0.8410466909408569,1.3431397676467896,-0.5908179879188538
0.9709224104881287,0.34933599829673767,-0.38679152727127075,-0.48591992259025574,0.7811184525489807,-0.01175055280327797,0.391915500164032,-3.635160446166992,-17.21902847290039,-4.456876754760742,-0.8010361194610596,1.7724539041519165,1.7724539041519165,1.3415043354034424
1.0297629833221436,0.3217794895172119,-0.4157106280326843,0.6464570760726929,0.5135682821273804,-0.3172649145126343,0.4665660560131073,-15.211797714233398,-3.340867519378662,-3.6846067905426025,1.1569843292236328,0.28498274087905884,1.1100835800170898,-1.327602744102478
1.0035830736160278,0.3277336657047272,-0.3746785521507263,0.5321542620658875,0.8235711455345154,-0.1909060925245285,-0.045796044170856476,-3.72043514251709,-4.832883834838867,-5.434571743011475,16.11809539794922,-0.31872692704200745,0.5323866009712219,-1.5340596437454224
1.0125068426132202,0.34578031301498413,-0.3980681598186493,0.47762539982795715,0.8507002592086792,0.1831703782081604,0.12096156924962997,-4.361508369445801,-3.5851476192474365,-17.023813247680664,-1.5676685571670532,0.36839234828948975,0.7298339009284973,0.8827515244483948
1.0183870792388916,0.35902491211891174,-0.3971150517463684,0.7564724683761597,0.5946801900863647,-0.2623850405216217,-0.0725184828042984,-3.320006847381592,-4.7891669273376465,-6.17402458190918,16.11809539794922,-1.2946640253067017,-0.4743161201477051,-1.7724539041519165
0.9822800755500793,0.37090760469436646,-0.40283671021461487,0.95902419090271,-0.0495741106569767,-0.19494470953941345,-0.19952832162380219,-3.5306248664855957,-4.381221294403076,-6.498392105102539,0.6604669690132141,0.6909406781196594,1.2326160669326782,0.11668489873409271
1.0930492877960205,0.3906879127025604,-0.4605543911457062,0.0320502370595932,0.6446142196655273,0.715969443321228,-0.2661448121070862,-2.573702812194824,-4.066234588623047,-5.227567672729492,2.143615484237671,-0.682763934135437,0.19366800785064697,-1.7724539041519165
1.0333014726638794,0.3747832775115967,-0.4312148988246918,0.06933390349149704,0.49915558099746704,0.8031379580497742,-0.31781426072120667,-3.2577433586120605,-3.5063610076904297,-4.349340915679932,16.11809539794922,-0.2629014253616333,0.5464716553688049,-1.3735394477844238
1.0766428709030151,0.38643011450767517,-0.43573546409606934,0.15875381231307983,0.6235103607177734,0.7207913994789124,-0.25786012411117554,-2.789137125015259,-4.327974796295166,-4.679786682128906,16.11809539794922,-1.7187221050262451,-0.8090449571609497,-1.657702922821045
1.0693671703338623,0.3422246277332306,-0.40370646119117737,0.3324715197086334,-0.02004506066441536,0.929044246673584,-0.1610516905784607,-4.219233989715576,-2.7301673889160156,-14.917623519897461,1.8055528402328491,-0.47960519790649414,0.50904381275177,-1.6890443563461304
1.0573656558990479,0.3695922791957855,-0.39558109641075134,0.14971323311328888,0.5843421220779419,0.7578341960906982,-0.24863137304782867,-3.1831154823303223,-3.854245662689209,-5.559325695037842,-1.1153007745742798,1.4863086938858032,1.6782810688018799,0.40867388248443604
1.0835959911346436,0.3705299496650696,-0.41172701120376587,-0.11025318503379822,0.6355913281440735,0.6586610078811646,-0.3873416483402252,-3.2382278442382812,-4.155435085296631,-5.269801616668701,1.7324013710021973,1.3532148599624634,1.6194604635238647,-0.3855419456958771
0.9779946208000183,0.4546729028224945,-0.474094420671463,-0.46518364548683167,-0.6213968396186829,0.6303427815437317,-0.01175055280327797,-3.3431236743927,-4.455395221710205,-13.856727600097656,0.9718605875968933,-0.7715387940406799,0.14106030762195587,-1.7724539041519165
1.1360527276992798,0.4014863967895508,-0.48020681738853455,0.11513077467679977,0.5804217457771301,0.762837827205658,-0.260641485452652,-2.6478657722473145,-3.586937189102173,-6.041306972503662,16.11809539794922,-0.8735339641571045,0.0427887998521328,-1.7724539041519165
1.12626314163208,0.42045918107032776,-0.46991145610809326,0.5724487900733948,-0.025559598580002785,-0.6158685088157654,-0.5406987071037292,-3.5793051719665527,-5.283558368682861,-5.762571811676025,16.11809539794922,-1.366339921951294,-0.6819494366645813,-1.6482182741165161
1.0512539148330688,0.42417892813682556,-0.4610956311225891,0.5515222549438477,0.08749397099018097,0.4419668912887573,0.7020208239555359,-2.918409824371338,-3.5634424686431885,-5.076706409454346,16.11809539794922,-0.42389652132987976,0.3036215305328369,-1.3472309112548828
1.110052466392517,0.43162137269973755,-0.4771265387535095,-0.12549225986003876,0.5318564176559448,0.7617174386978149,-0.34809044003486633,-3.3262667655944824,-3.682539701461792,-5.065462112426758,1.2478108406066895,0.21656621992588043,0.9765881299972534,-1.7724539041519165
1.1137803792953491,0.4471170902252197,-0.48173341155052185,-0.38638582825660706,0.910770833492279,0.12925608456134796,-0.06704726815223694,-4.024542808532715,-12.211286544799805,-2.6549136638641357,0.2762533724308014,-0.9244563579559326,-0.14106036722660065,-1.7724539041519165
1.0064306259155273,0.4990570843219757,-0.5014939904212952,-0.016970911994576454,0.8815751075744629,0.4269278347492218,-0.20067371428012848,-2.9679417610168457,-3.962584972381592,-6.740886688232422,16.11809539794922,0.08196108788251877,0.7893754243850708,-1.194669485092163
0.9570696353912354,0.4779238998889923,-0.4887290298938751,0.060341257601976395,0.7799975275993347,0.5495321154594421,-0.29321879148483276,-3.636117696762085,-4.6352691650390625,-7.63947057723999,16.11809539794922,-0.4840730130672455,0.3366719186306,-1.675875186920166
0.9655475616455078,0.48489615321159363,-0.4726393520832062,0.44721221923828125,0.6638337969779968,0.2605857849121094,0.539834201335907,-4.698473930358887,-4.31798791885376,-16.82879638671875,-0.08632808178663254,0.9522594809532166,1.2327446937561035,0.9939643144607544
1.024388074874878,0.4795626401901245,-0.49883022904396057,0.17625829577445984,0.9112029671669006,-0.32417699694633484,-0.1831703782081604,-3.732506036758423,-3.1576576232910156,-16.540170669555664,0.8944319486618042,-0.07645881921052933,0.6930355429649353,-1.1746851205825806
1.011650562286377,0.4743522107601166,-0.47716236114501953,0.7694653272628784,-0.31230732798576355,-0.2857828736305237,-0.47824203968048096,-3.184553861618042,-4.395223617553711,-6.827939033508301,-0.6681180000305176,1.4110122919082642,1.3225445747375488,0.5491131544113159
0.9836158752441406,0.5263006091117859,-0.49667873978614807,0.14418469369411469,0.7976866960525513,0.5830702185630798,-0.054184023290872574,-3.955155372619629,-4.373485565185547,-5.809202194213867,16.11809539794922,0.18621347844600677,0.8024662137031555,-0.5652074217796326
0.9732470512390137,0.5105692148208618,-0.48745816946029663,0.30468687415122986,0.8099184036254883,0.4911019206047058,0.10008486360311508,-3.938084363937378,-4.280145168304443,-7.145960330963135,1.5891324281692505,0.5727365612983704,1.0622210502624512,0.025909308344125748
0.9896270036697388,0.48677462339401245,-0.4682753086090088,0.893025815486908,-0.21869972348213196,-0.3616631329059601,-0.15451568365097046,-4.238100528717041,-4.387206077575684,-5.827057361602783,1.657583475112915,-0.5491132140159607,0.2718826234340668,-1.1530665159225464
1.0481390953063965,0.5220530033111572,-0.48909464478492737,0.21319961547851562,0.6284422874450684,0.7294580936431885,-0.1658225804567337,-2.787572145462036,-4.28764009475708,-5.106861114501953,16.11809539794922,-1.5067603588104248,-0.8558018803596497,-1.692899465560913
1.1097885370254517,0.540254533290863,-0.5278828144073486,-0.15784165263175964,0.5214279294013977,0.8041950464248657,-0.23763258755207062,-3.583927631378174,-5.011303901672363,-6.454932689666748,0.3935806155204773,-1.3483562469482422,-0.411848247051239,-1.6479264497756958
1.1236003637313843,0.5084913372993469,-0.5152106881141663,0.5373748540878296,0.16791029274463654,0.48955973982810974,0.6658570766448975,-3.8544673919677734,-4.80831241607666,-6.252648830413818,16.11809539794922,-1.007811188697815,-0.412258505821228,-1.6959197521209717
1.0747721195220947,0.48242732882499695,-0.4865795373916626,0.248987078666687,0.6783517599105835,0.6844289898872375,-0.09696043282747269,-3.0375587940216064,-3.9585018157958984,-5.13952112197876,16.11809539794922,-1.3827829360961914,-0.5328035950660706,-1.7724539041519165
1.082945704460144,0.4862295091152191,-0.5144720077514648,0.15137477219104767,0.9726778864860535,0.174875870347023,-0.02004506066441536,-3.8298516273498535,-3.1576576232910156,-16.446561813354492,0.4218320846557617,-0.6325227618217468,0.2146570086479187,-1.7724539041519165
1.08126699924469,0.505429208278656,-0.49808937311172485,-0.0658942237496376,0.5885884761810303,0.7153285145759583,-0.37084585428237915,-3.197235107421875,-3.711468458175659,-5.1009440422058105,16.11809539794922,0.3002372682094574,0.9892968535423279,-1.1060614585876465
1.123237133026123,0.48538216948509216,-0.5048481225967407,-0.4713290333747864,-0.42450371384620667,0.7724659442901611,-0.03069053404033184,-4.0129828453063965,-4.681877613067627,-6.007974624633789,-0.1721343845129013,-1.6815265417099,-0.7934688925743103,-1.7724539041519165
1.0567245483398438,0.49971234798431396,-0.4774465560913086,-0.04654102772474289,0.5873823761940002,0.6596675515174866,-0.46653470396995544,-3.0707147121429443,-4.057802200317383,-6.11453104019165,0.630057692527771,0.1922914832830429,0.7520001530647278,-0.7045474052429199
1.056354284286499,0.4977854788303375,-0.4768226146697998,-0.5343045592308044,0.8300953507423401,0.15137477219104767,-0.05045825615525246,-6.3308844566345215,-5.905807971954346,-3.232165813446045,-0.9916401505470276,1.7724539041519165,1.7724539041519165,-1.7724539041519165
1.0771790742874146,0.5132371783256531,-0.493353933095932,0.007999397814273834,0.6332786679267883,0.7117131948471069,-0.30390533804893494,-2.9019110202789307,-4.361982345581055,-5.709660053253174,16.11809539794922,-0.5876305103302002,0.20792925357818604,-1.5721991062164307
1.086623191833496,0.5151193737983704,-0.48227906227111816,0.2868517339229584,-0.5619528889656067,0.6569958329200745,0.41265174746513367,-14.140995979309082,-4.027904987335205,-3.583197593688965,0.26028311252593994,0.1459667682647705,0.5949066281318665,0.2571795582771301
0.9447140693664551,0.41377535462379456,-0.4294877350330353,0.968784511089325,0.03739308938384056,-0.08068215847015381,-0.23140597343444824,-4.271186351776123,-4.7249979972839355,-5.810357093811035,0.2951574921607971,1.0286614894866943,1.3767462968826294,0.5770298838615417
0.9711304903030396,0.4088551104068756,-0.43700817227363586,0.9978721141815186,-0.01726444996893406,-0.02125047892332077,-0.0591743141412735,-3.9271769523620605,-4.424769401550293,-5.952653408050537,16.11809539794922,0.528060257434845,1.1346157789230347,-0.6592568159103394
0.9993588924407959,0.3966168761253357,-0.4350419342517853,0.9444549083709717,0.05158151686191559,-0.16602978110313416,-0.2788877785205841,-3.9736249446868896,-4.882534980773926,-7.040868282318115,2.81746506690979,0.7632507085800171,1.1677576303482056,0.3823821544647217
1.025519609451294,0.4035600423812866,-0.43317118287086487,0.29929348826408386,0.7901238203048706,-0.462418794631958,0.26888027787208557,-3.021134614944458,-4.31798791885376,-16.181337356567383,1.5953861474990845,0.18767155706882477,0.8402289748191833,-0.8410467505455017
0.9822667241096497,0.4440016448497772,-0.4472643733024597,0.894302248954773,-0.20438195765018463,-0.15362881124019623,-0.36721882224082947,-3.626850128173828,-4.697874069213867,-5.747522354125977,0.5043341517448425,-0.958979606628418,-0.1423390954732895,-1.622567057609558
0.9452531933784485,0.45726850628852844,-0.45434579253196716,0.39152100682258606,0.7163236141204834,0.5775496363639832,0.005307768005877733,-4.335738182067871,-4.918649196624756,-8.141068458557129,1.8589465618133545,0.5311940312385559,1.0517873764038086,-0.13348129391670227
0.9918028712272644,0.4404657483100891,-0.44301337003707886,0.9262192845344543,0.040557555854320526,-0.15957634150981903,-0.3391287624835968,-3.7073705196380615,-5.180205821990967,-6.386699676513672,0.8888102769851685,0.305846631526947,0.7652239799499512,-0.21172766387462616
0.9482370018959045,0.4314813017845154,-0.4378690719604492,0.2927629053592682,0.7337141036987305,0.6119652390480042,-0.03810541331768036,-3.978687286376953,-4.37988805770874,-7.560880661010742,16.11809539794922,0.34644633531570435,0.9478172063827515,-0.6316511034965515
0.9668619632720947,0.4403216242790222,-0.43801945447921753,0.2558675706386566,0.40351203083992004,0.8744117617607117,-0.08434367924928665,-3.6924314498901367,-4.781768321990967,-7.013220310211182,2.8552260398864746,0.14776290953159332,0.7131867408752441,-0.43610426783561707
1.0248502492904663,0.440906822681427,-0.46484288573265076,-0.012540997937321663,0.6789655685424805,0.6292714476585388,-0.37797608971595764,-2.8407559394836426,-4.347184181213379,-6.496834754943848,1.1380137205123901,0.09806682169437408,0.6686715483665466,-0.664451539516449
1.0096780061721802,0.4253385663032532,-0.43589940667152405,-0.02004506066441536,0.8201825618743896,0.5716298222541809,-0.01175055280327797,-3.395540714263916,-4.562267780303955,-16.82879638671875,-0.7286538481712341,0.07645876705646515,0.6930355429649353,-0.41009721159935
1.0100460052490234,0.43307027220726013,-0.4278607964515686,0.557746171951294,0.8142795562744141,-0.13339479267597198,-0.08985458314418793,-3.5724544525146484,-4.0565314292907715,-5.508652210235596,-2.160944700241089,1.5540541410446167,1.7279833555221558,1.2516543865203857
1.0236552953720093,0.42651131749153137,-0.4286680817604065,0.7623594403266907,0.5605155825614929,-0.31848418712615967,-0.05655242130160332,-3.3427436351776123,-5.149158000946045,-6.510222911834717,1.7038508653640747,-1.2783586978912354,-0.5434768795967102,-1.4790114164352417
1.1261570453643799,0.40685755014419556,-0.4753383696079254,0.19429902732372284,0.6741681694984436,0.675819993019104,-0.22585949301719666,-2.9468929767608643,-3.890117883682251,-5.1542253494262695,16.11809539794922,-1.1172144412994385,-0.23302920162677765,-1.7068361043930054
1.0810521841049194,0.4007490277290344,-0.43269824981689453,0.5432183742523193,0.25460684299468994,0.615598738193512,0.511006236076355,-3.088914632797241,-4.693355560302734,-6.452273368835449,16.11809539794922,1.5025537014007568,1.7427557706832886,-0.5174351930618286
1.0996360778808594,0.4182272255420685,-0.4282604157924652,-0.4803902506828308,0.4098869264125824,0.71471107006073,0.3006758987903595,-4.121888637542725,-10.974618911743164,-3.489589214324951,-1.9414358139038086,0.8410466909408569,0.9996885061264038,1.7724539041519165
1.0557527542114258,0.4473183751106262,-0.45190492272377014,0.38844606280326843,0.5068095922470093,0.7592442035675049,0.12570585310459137,-3.042132616043091,-4.290672302246094,-6.929617881774902,2.3217875957489014,-1.5686132907867432,-0.5668363571166992,-1.704669713973999
1.1150423288345337,0.4511784613132477,-0.45114821195602417,0.8366716504096985,0.08011584728956223,-0.472953736782074,-0.26434218883514404,-3.0397584438323975,-3.6207668781280518,-4.494913578033447,-1.5200204849243164,-0.736126184463501,-0.5550023317337036,0.360754132270813
0.9843461513519287,0.4855387210845947,-0.4623531997203827,0.904003918170929,-0.2150561660528183,0.07678912580013275,0.3614293932914734,-3.5650041103363037,-4.539370059967041,-5.108294486999512,-1.4915801286697388,1.4314100742340088,1.6122862100601196,1.5469249486923218
1.0200088024139404,0.4875044524669647,-0.46092844009399414,0.577309250831604,0.7503283023834229,-0.30885258316993713,0.09127720445394516,-4.24769926071167,-4.84026575088501,-5.779906272888184,0.19327588379383087,-0.9493056535720825,-0.17057712376117706,-1.5736593008041382
1.0462523698806763,0.48089599609375,-0.4578996002674103,0.0849885642528534,0.5053229331970215,0.8175028562545776,-0.2628968358039856,-3.584977626800537,-3.821539878845215,-5.541991710662842,-0.8866452574729919,1.236770510673523,1.492853045463562,0.43998879194259644
1.3044588565826416,0.3353700041770935,-0.6507402658462524,0.8451245427131653,-0.40833672881126404,0.052861474454402924,0.34092703461647034,-3.1086361408233643,-4.739187717437744,-5.4583210945129395,16.11809539794922,-0.002965244697406888,0.7512468099594116,-1.2001354694366455
1.3281269073486328,0.29420074820518494,-0.6081269979476929,0.5642781853675842,0.8253172636032104,0.01818910241127014,-0.010520905256271362,-2.738175868988037,-4.181510925292969,-7.033205509185791,3.3855743408203125,-1.490715742111206,-0.538788378238678,-1.7724539041519165
1.3286845684051514,0.308180034160614,-0.6212975978851318,0.4713851511478424,0.8815879821777344,0.02198667638003826,0.010734028182923794,-3.223903179168701,-3.8436763286590576,-5.61342716217041,16.11809539794922,-0.8308016061782837,0.12769943475723267,-1.55732262134552
1.2750259637832642,0.30044543743133545,-0.5961365699768066,0.6490452289581299,0.7433164119720459,-0.026957150548696518,0.15966928005218506,-3.3431236743927,-3.7836251258850098,-11.235690116882324,5.537334442138672,-0.7715387940406799,0.030665263533592224,-1.285897970199585
1.319360613822937,0.3233642280101776,-0.6006342768669128,0.7149544358253479,0.6048790812492371,-0.33398592472076416,0.10684020072221756,-3.0760669708251953,-4.0428385734558105,-4.542342185974121,-1.336583137512207,1.7724539041519165,1.7724539041519165,1.3746771812438965
1.4664850234985352,0.3073800206184387,-0.6370874047279358,0.8268972635269165,-0.3923989534378052,-0.2834547460079193,-0.28621214628219604,-3.173820734024048,-5.475717067718506,-6.068853855133057,16.11809539794922,0.30524665117263794,1.0412641763687134,-1.073467493057251
1.4669173955917358,0.3188163936138153,-0.6689795255661011,0.6145503520965576,-0.5426377654075623,-0.28883156180381775,-0.4944172203540802,-3.389312744140625,-3.892761468887329,-7.143129348754883,-0.03891628608107567,0.255786657333374,1.1795960664749146,-1.7724539041519165
1.4688596725463867,0.2968294322490692,-0.5883883237838745,0.6377454996109009,-0.4578678607940674,-0.39094316959381104,-0.4804176986217499,-3.460078716278076,-3.7840793132781982,-6.575192451477051,0.17487719655036926,0.8730740547180176,1.579729676246643,-1.1171915531158447
1.3512052297592163,0.3504868447780609,-0.6657255291938782,0.5365174412727356,0.1509803682565689,-0.8302051424980164,-0.010651523247361183,-3.4216606616973877,-4.590524673461914,-5.658394813537598,16.11809539794922,-0.5394303202629089,0.3667435050010681,-1.7724539041519165
1.4759297370910645,0.3337968587875366,-0.7012373805046082,-0.3659725785255432,0.28015145659446716,0.4809652268886566,0.7458228468894958,-2.9548404216766357,-3.343130350112915,-6.67685079574585,16.11809539794922,-1.2010024785995483,-0.19415104389190674,-1.7724539041519165
1.4920003414154053,0.3431135416030884,-0.7125403881072998,-0.05045825615525246,0.7586612701416016,-0.174875870347023,0.6255441308021545,-4.121888637542725,-4.852350234985352,-15.88491153717041,-0.11778303235769272,0.39619556069374084,0.6562372446060181,0.07645876705646515
1.4964282512664795,0.3477802276611328,-0.7235146164894104,0.7024974822998047,-0.1915481984615326,-0.5509127378463745,-0.4078011214733124,-3.1910829544067383,-4.206750392913818,-6.580933094024658,2.472756862640381,0.20039625465869904,0.8302505612373352,-0.5822168588638306
1.373297929763794,0.3274480402469635,-0.643886148929596,-0.40958496928215027,0.4089951515197754,0.35420650243759155,0.7345072627067566,-3.5840628147125244,-3.7192399501800537,-8.386157035827637,1.2049579620361328,-0.04267452284693718,0.6112135648727417,-0.8489672541618347
1.4561666250228882,0.3245241343975067,-0.6679164171218872,0.6062813401222229,-0.4822748303413391,-0.2878458499908447,-0.5630086064338684,-2.783989191055298,-3.020615339279175,-5.578633785247803,-0.44716915488243103,-1.7244479656219482,-0.9600923657417297,-1.7724539041519165
1.3399858474731445,0.2900031507015228,-0.5751507878303528,0.6991050243377686,0.7146990895271301,0.01658247411251068,0.013506611809134483,-2.684884548187256,-4.242246150970459,-6.042924404144287,16.11809539794922,-0.6442195773124695,0.23367951810359955,-1.594072699546814
1.405105710029602,0.2987075448036194,-0.5988320708274841,0.6210726499557495,0.7377968430519104,-0.24288921058177948,0.10454416275024414,-2.830779552459717,-4.06252908706665,-6.478660583496094,16.11809539794922,-0.9775640368461609,-0.05745616927742958,-1.7724539041519165
1.395830750465393,0.3221145570278168,-0.6322357058525085,0.35584455728530884,0.8666589856147766,-0.29782915115356445,0.1832338124513626,-3.212459087371826,-4.395145893096924,-5.357546329498291,16.11809539794922,0.07282278686761856,0.8791304230690002,-1.0371308326721191
1.4320282936096191,0.31289029121398926,-0.6245099902153015,-0.1610516905784607,0.83500075340271,-0.06704726815223694,-0.521862804889679,-4.750890731811523,-9.15778636932373,-3.583197593688965,5.537334442138672,1.661241054534912,1.7724539041519165,-0.4379003942012787
1.4657697677612305,0.26943811774253845,-0.5723961591720581,0.23701174557209015,0.8682616949081421,0.3869839608669281,-0.20047572255134583,-3.099949836730957,-4.223310470581055,-5.3515143394470215,0.976957380771637,-1.6901577711105347,-1.0229076147079468,-1.7724539041519165
1.3511316776275635,0.35139769315719604,-0.6411902904510498,0.4556930661201477,0.8365323543548584,-0.2549968659877777,0.1659337878227234,-3.8605120182037354,-4.712784767150879,-4.93731164932251,0.11065685003995895,0.9182680249214172,1.163263201713562,0.5263325572013855
1.3641353845596313,0.3208905756473541,-0.6385148167610168,-0.2868517339229584,0.8112753033638,0.10575497150421143,-0.4983616769313812,-5.462262153625488,-12.684578895568848,-3.4427850246429443,4.840242385864258,-1.4388154745101929,-0.5213099718093872,-1.7724539041519165
1.4054745435714722,0.32269296050071716,-0.6415556073188782,0.7215908169746399,-0.4822598099708557,-0.1597917675971985,-0.47031769156455994,-3.237971544265747,-3.6961379051208496,-5.83656644821167,0.4229486882686615,-1.2815982103347778,-0.2543025016784668,-1.7724539041519165
1.2227662801742554,0.321601003408432,-0.4450936019420624,0.5204787850379944,-0.647282600402832,-0.5567540526390076,-0.012329395860433578,-3.675204277038574,-4.06542444229126,-4.875751972198486,-0.8180863857269287,-1.4388154745101929,-0.8574331402778625,-1.5597025156021118
1.1611686944961548,0.34817057847976685,-0.439850389957428,-0.346471905708313,0.3549440801143646,0.10463779419660568,0.8619877696037292,-3.2773125171661377,-5.133793354034424,-5.74683952331543,16.11809539794922,-1.555261254310608,-0.7564939856529236,-1.7724539041519165
1.1966708898544312,0.38570353388786316,-0.49167490005493164,0.4474048316478729,-0.022515656426548958,0.4443724751472473,0.775793194770813,-3.467665433883667,-4.787247180938721,-6.565298557281494,16.11809539794922,-0.20595288276672363,0.7183951139450073,-1.7724539041519165
1.223179817199707,0.3352009654045105,-0.49132803082466125,0.7055145502090454,0.017276788130402565,-0.7076663374900818,-0.034045178443193436,-3.168985605239868,-4.291450023651123,-4.99158239364624,-2.0855143070220947,1.601234793663025,1.3494420051574707,1.7724539041519165
1.1994951963424683,0.28266704082489014,-0.4282604157924652,0.2757923901081085,0.9533991813659668,0.0739593580365181,-0.09746046364307404,-4.024542808532715,-3.233994960784912,-16.82879638671875,2.6390573978424072,-0.6603260040283203,0.39864876866340637,-1.7724539041519165
1.1555521488189697,0.3015919625759125,-0.4311160445213318,0.16995716094970703,0.5792230367660522,0.7554038166999817,-0.25491225719451904,-2.453071117401123,-3.826833486557007,-6.802306652069092,2.3093996047973633,-0.9551817774772644,0.030665263533592224,-1.7724539041519165
1.1494486331939697,0.31633004546165466,-0.43147894740104675,0.9261444807052612,-0.32859498262405396,0.1748618632555008,0.060869090259075165,-3.3825185298919678,-3.9313924312591553,-5.775306224822998,0.8975719213485718,0.4421253502368927,1.1623443365097046,-1.7724539041519165
1.1650561094284058,0.3229922652244568,-0.4355269968509674,0.20800736546516418,0.7926307916641235,0.5277554988861084,-0.2234804481267929,-3.256272554397583,-3.8774197101593018,-5.55018949508667,16.11809539794922,-0.7588000893592834,0.1746193915605545,-1.605461835861206
1.1928821802139282,0.2982778251171112,-0.4274153411388397,-0.33983325958251953,-0.2556847333908081,0.8666825890541077,-0.26076802611351013,-3.2885611057281494,-4.776021957397461,-6.795993328094482,6.06255578994751,-0.4524449408054352,0.5373489856719971,-1.7724539041519165
1.196743369102478,0.289449542760849,-0.42459920048713684,-0.32763707637786865,-0.2674921154975891,0.8927177786827087,-0.15542474389076233,-3.3027260303497314,-5.158555507659912,-6.648883819580078,16.11809539794922,-1.1781275272369385,-0.24959366023540497,-1.7724539041519165
1.2465705871582031,0.2756630480289459,-0.4206062853336334,0.48345211148262024,0.8382246494293213,0.05476357042789459,-0.24628113210201263,-4.101155757904053,-4.250885009765625,-7.117737770080566,0.9082443118095398,0.706326961517334,1.1776899099349976,-0.11404775828123093
1.2033578157424927,0.2918732464313507,-0.4218159019947052,0.7305597066879272,0.5532432794570923,0.40004763007164,-0.012895419262349606,-3.761683225631714,-5.309296131134033,-5.908747673034668,1.8323894739151,-0.32469442486763,0.5784464478492737,-0.7433268427848816
1.2194939851760864,0.2871316075325012,-0.42816391587257385,0.02376803755760193,0.659660279750824,0.6518924832344055,-0.3732554316520691,-3.250042200088501,-4.278063774108887,-6.385667324066162,0.5085963606834412,-0.12199966609477997,0.8989881873130798,-1.7724539041519165
1.218748688697815,0.27567213773727417,-0.4182441532611847,0.543708086013794,-0.27575981616973877,-0.29790163040161133,-0.7345697283744812,-4.022355556488037,-4.580076694488525,-7.551024436950684,0.15303273499011993,-1.4898916482925415,-0.07150023430585861,-1.7724539041519165
1.1692267656326294,0.24874678254127502,-0.36933374404907227,0.9421355128288269,-0.08890767395496368,0.29252633452415466,0.13749325275421143,-3.364015579223633,-4.0928053855896,-5.894122123718262,1.8055155277252197,0.11828583478927612,0.9878895282745361,-0.7438578605651855
1.2631447315216064,0.2804447412490845,-0.43935513496398926,0.630276083946228,-0.5992781519889832,0.05875276401638985,-0.49006715416908264,-4.219233989715576,-7.356220722198486,-5.900007247924805,-0.03922071307897568,1.7724539041519165,1.7724539041519165,1.7446506023406982
1.2368359565734863,0.29181426763534546,-0.4416407644748688,0.06948164850473404,0.5518178343772888,0.7145987749099731,-0.42428523302078247,-3.5347301959991455,-4.844740390777588,-7.207651615142822,16.11809539794922,-0.07605796307325363,0.9945310354232788,-1.7724539041519165
1.244974136352539,0.2974223792552948,-0.4517497420310974,0.7211453914642334,-0.4285854697227478,-0.13136859238147736,-0.5282103419303894,-3.9980690479278564,-5.343507766723633,-6.0561041831970215,2.297952890396118,0.3858891725540161,1.3121569156646729,-1.607072353363037
1.2424499988555908,0.2561487853527069,-0.4144459664821625,0.09513038396835327,0.6034873127937317,0.7244605422019958,-0.31923386454582214,-3.6800408363342285,-4.26996374130249,-7.502286911010742,16.11809539794922,-0.1989656537771225,0.8051562309265137,-1.7724539041519165
1.2580528259277344,0.25511056184768677,-0.41352805495262146,0.4403001070022583,0.8219770789146423,-0.1444626748561859,-0.3310891091823578,-4.556199550628662,-5.264573097229004,-15.596284866333008,4.139158725738525,-1.244193196296692,-0.03066532127559185,-1.7724539041519165
1.171956181526184,0.34697872400283813,-0.4465400278568268,0.9302624464035034,-0.2653219997882843,0.2233961522579193,-0.11962490528821945,-3.423959732055664,-3.6080429553985596,-5.618699550628662,16.11809539794922,-0.07064912468194962,0.7890075445175171,-1.5774012804031372
1.1562443971633911,0.37015092372894287,-0.4437154531478882,0.0209029670804739,0.5579497814178467,0.7775317430496216,-0.28930866718292236,-3.6015801429748535,-4.048040390014648,-4.988913536071777,0.2809467017650604,-0.5805844068527222,0.3363511264324188,-1.3383499383926392
1.183653473854065,0.3413357138633728,-0.4282604157924652,0.3615022897720337,0.7830122709274292,0.44721221923828125,-0.23708467185497284,-3.440469264984131,-4.791280269622803,-8.887678146362305,-0.65805584192276,-1.3971107006072998,-0.03066532127559185,-1.7724539041519165
1.164182186126709,0.3880239725112915,-0.476807564496994,-0.38601043820381165,-0.23189277946949005,0.8913864493370056,-0.0514962263405323,-3.6204569339752197,-4.521273136138916,-6.398086071014404,0.5107108950614929,-0.17656216025352478,0.7022960782051086,-1.7724539041519165
1.223123550415039,0.34168916940689087,-0.46386799216270447,-0.01590897887945175,0.5362164974212646,0.8374322652816772,-0.10452762991189957,-4.11520528793335,-4.703953266143799,-6.895581245422363,16.11809539794922,-0.029798245057463646,0.9127529263496399,-1.7724539041519165
1.475242257118225,0.2789125442504883,-0.5200263261795044,0.6656342148780823,0.697201669216156,-0.23708467185497284,0.12096156924962997,-2.3669278621673584,-4.405344486236572,-16.73684310913086,0.08632808178663254,-0.5213099718093872,0.5520570278167725,-1.7724539041519165
1.4980978965759277,0.2564094364643097,-0.5042294263839722,0.3310891091823578,0.6880883574485779,0.6117199659347534,-0.20667147636413574,-4.359057903289795,-3.234635353088379,-16.442419052124023,-0.2443457543849945,-1.1051771640777588,-0.1453125923871994,-1.7724539041519165
1.4693995714187622,0.27818939089775085,-0.4861968159675598,0.6528847813606262,-0.5002158284187317,-0.2771373391151428,-0.4967096447944641,-2.8353519439697266,-3.5912466049194336,-5.752988338470459,0.14650145173072815,0.2779063284397125,1.0823620557785034,-1.7724539041519165
1.1669845581054688,0.41944095492362976,-0.49627771973609924,-0.4890778362751007,-0.16447392106056213,0.8458660840988159,0.1351359337568283,-4.646477699279785,-5.19486141204834,-6.367381572723389,16.11809539794922,-1.6404474973678589,-1.3687670230865479,-1.7724539041519165
1.1547460556030273,0.4336373507976532,-0.4973633587360382,0.5124266743659973,0.1313266009092331,0.43318894505500793,0.7297393679618835,-3.17112398147583,-4.4511284828186035,-7.254118919372559,16.11809539794922,-0.5544671416282654,0.3292357921600342,-1.7724539041519165
1.1526144742965698,0.4593101739883423,-0.5133702754974365,-0.06743825972080231,0.5144113302230835,0.7824029326438904,-0.34449779987335205,-3.5702943801879883,-4.839096546173096,-6.478586196899414,16.11809539794922,-0.25076743960380554,0.7039259076118469,-1.7724539041519165
1.1150436401367188,0.5251198410987854,-0.5257307887077332,-0.10977943986654282,0.507068932056427,0.804031252861023,-0.2904536724090576,-3.3519976139068604,-4.735758304595947,-6.0823774337768555,16.11809539794922,-0.4049435555934906,0.3436451554298401,-1.5407260656356812
0.8260164260864258,0.027607226744294167,-0.33415311574935913,0.6286092400550842,0.7367989420890808,0.13982446491718292,-0.20597776770591736,-2.569183111190796,-3.8020999431610107,-4.155727386474609,1.21766996383667,-0.003511244198307395,1.0004252195358276,-1.0153182744979858
0.9190220832824707,0.005340914241969585,-0.3473163843154907,0.714556097984314,0.597345769405365,0.276233971118927,-0.2372390180826187,-2.6549792289733887,-3.3930270671844482,-6.113839626312256,16.11809539794922,-1.2620261907577515,-0.4655240476131439,-1.4388154745101929
0.9325115084648132,0.00468869972974062,-0.31766265630722046,-0.05875276401638985,0.9936572909355164,0.03525165840983391,-0.08916595578193665,-3.088486671447754,-11.148629188537598,-3.2973029613494873,3.1986730098724365,-1.1468819379806519,-0.5208193063735962,-1.2163898944854736
0.7808661460876465,0.06120812147855759,-0.34489870071411133,0.32417699694633484,0.9399504065513611,-0.05875276401638985,-0.08916595578193665,-2.947312116622925,-4.842409133911133,-6.916972637176514,4.139158725738525,0.7298339009284973,1.2360156774520874,0.5074083209037781
0.9697930812835693,0.029949940741062164,-0.2953868508338928,0.8709416389465332,0.42046570777893066,0.2186240553855896,-0.12989521026611328,-3.189110517501831,-4.499874591827393,-5.145761489868164,16.11809539794922,-0.6822509169578552,0.09765367209911346,-1.2322509288787842
1.119983196258545,0.048066671937704086,-0.3268817365169525,0.5170802474021912,0.4369064271450043,0.5372971296310425,0.5030433535575867,-2.2654731273651123,-4.78523588180542,-5.044806480407715,16.11809539794922,-0.9778587818145752,-0.13043178617954254,-1.7724539041519165
1.0944558382034302,0.06594738364219666,-0.2743002474308014,0.7072458863258362,0.35069459676742554,0.39615190029144287,0.46891388297080994,-3.423809766769409,-3.672612428665161,-5.813958168029785,-2.305588960647583,1.7724539041519165,1.7617442607879639,1.7724539041519165
1.1070125102996826,-0.002114563714712858,-0.23595459759235382,-0.37809130549430847,0.9177857637405396,0.08916595578193665,0.08225386589765549,-4.751209259033203,-2.7195234298706055,-10.484685897827148,-0.6755514144897461,1.6334378719329834,1.7053990364074707,0.9939643144607544
1.0727399587631226,0.04196879267692566,-0.15890732407569885,-0.259639710187912,0.6849470734596252,0.5057265162467957,0.4557141363620758,-2.1403088569641113,-3.389403820037842,-5.043591022491455,-1.1036202907562256,-1.761823058128357,-0.7858612537384033,-1.7724539041519165
1.0180575847625732,0.11049140989780426,-0.24904626607894897,-0.026941895484924316,0.6263788938522339,0.673332154750824,-0.3918513357639313,-3.0459201335906982,-4.155651569366455,-5.405124187469482,16.11809539794922,0.0708630234003067,0.8390006422996521,-1.3998209238052368
1.0495260953903198,0.07938854396343231,-0.2385735809803009,0.03487537428736687,0.7115325331687927,0.666493833065033,-0.21975240111351013,-3.3740079402923584,-3.9133753776550293,-6.624423027038574,2.439568519592285,-0.4171634614467621,0.5239490866661072,-1.7724539041519165
1.0485010147094727,0.11128371953964233,-0.2612549364566803,0.9139289855957031,0.0553564578294754,0.27292734384536743,0.29526281356811523,-3.5889852046966553,-4.587954998016357,-6.86622428894043,16.11809539794922,0.3942859172821045,1.0662788152694702,-1.14115309715271
1.0876988172531128,0.11243239790201187,-0.2683654725551605,0.9401301145553589,-0.3397442400455475,-0.01459802407771349,0.022718770429491997,-3.767164707183838,-3.9628210067749023,-6.119054794311523,-1.0287443399429321,0.7793745994567871,1.5342272520065308,-0.9739970564842224
1.0800535678863525,0.1071043610572815,-0.2593610882759094,0.4334746301174164,0.8796315789222717,0.10638054460287094,-0.164411723613739,-3.8503663539886475,-4.317131042480469,-4.909675598144531,0.8437036871910095,1.7724539041519165,1.7724539041519165,1.7724539041519165
1.0380828380584717,0.11301758885383606,-0.23595459759235382,0.05045825615525246,0.8579301238059998,0.3836209774017334,0.33800119161605835,-14.241276741027832,-3.531215190887451,-4.02470064163208,-1.0726368427276611,1.7724539041519165,1.7724539041519165,1.3415043354034424
1.1256487369537354,0.14862596988677979,-0.22920723259449005,-0.40195608139038086,0.6281881928443909,0.6661746501922607,0.004715127870440483,-3.1729938983917236,-3.2638113498687744,-5.02946662902832,-1.437722086906433,1.7139791250228882,1.7724539041519165,1.2372667789459229
1.0558593273162842,0.05021823197603226,-0.22506019473075867,0.0739593580365181,0.9660062789916992,-0.23846709728240967,-0.06704726815223694,-4.46101713180542,-3.8746230602264404,-15.403280258178711,5.537334442138672,0.28498274087905884,1.0616732835769653,-1.035669207572937
0.9629130959510803,0.2672380805015564,-0.3417935371398926,0.21931955218315125,0.7596598267555237,0.5983738899230957,-0.12947805225849152,-3.383753538131714,-3.775784969329834,-4.8045783042907715,1.5425933599472046,-0.015230141580104828,0.7758028507232666,-1.3393888473510742
1.023232102394104,0.16606204211711884,-0.29316338896751404,0.9220923781394958,-0.06308576464653015,0.21974824368953705,0.31221237778663635,-3.5065786838531494,-4.158571720123291,-5.292110443115234,1.380170464515686,0.647789716720581,1.3397830724716187,-1.0719003677368164
0.9915732741355896,0.16845545172691345,-0.2839353382587433,0.18102319538593292,0.6918143033981323,0.6372159719467163,-0.28736627101898193,-3.6277425289154053,-4.188410758972168,-5.673086643218994,0.454496294260025,1.0421782732009888,1.4957249164581299,-0.2348550260066986
1.0218288898468018,0.15925952792167664,-0.2852478325366974,0.9578174352645874,-0.2103736400604248,0.1305190622806549,0.14592275023460388,-3.9743356704711914,-4.11445426940918,-7.310340881347656,-0.9551097750663757,1.2997994422912598,1.5307140350341797,0.8354659676551819
1.1060116291046143,0.19325195252895355,-0.33756524324417114,0.6017394065856934,0.2545097768306732,0.42644447088241577,0.6255234479904175,-3.250105142593384,-4.6710662841796875,-5.572444438934326,0.9136431217193604,-1.7724539041519165,-0.6807042956352234,-1.7724539041519165
1.0778390169143677,0.12639616429805756,-0.2844546437263489,0.1983567774295807,0.7426480054855347,0.5869582295417786,-0.25418221950531006,-2.7041714191436768,-4.635159969329834,-6.5077409744262695,16.11809539794922,-0.8185237646102905,0.26963210105895996,-1.7724539041519165
1.0703709125518799,0.13709066808223724,-0.2945120334625244,0.3697968125343323,0.9285051822662354,0.02004506066441536,-0.026957150548696518,-3.7316153049468994,-1.5644237995147705,-17.53351593017578,-0.38915154337882996,-0.8827515840530396,-0.2928330898284912,-1.7724539041519165
1.0528076887130737,0.14058905839920044,-0.28254422545433044,0.11859115213155746,0.8671215176582336,0.3974405527114868,-0.275821328163147,-3.3001749515533447,-4.236322402954102,-5.047779560089111,-0.858932614326477,1.1733410358428955,1.5131094455718994,-0.9519380927085876
1.088914394378662,0.14935064315795898,-0.2903752624988556,0.002148511353880167,0.8079940676689148,0.5052987933158875,-0.30300840735435486,-3.283499002456665,-4.479822635650635,-6.168363094329834,16.11809539794922,1.508770227432251,1.6746164560317993,-0.006950825918465853
1.0538780689239502,0.17686870694160461,-0.2978488802909851,0.39604029059410095,0.9005843997001648,-0.05917217954993248,0.16911089420318604,-3.7264509201049805,-3.942655324935913,-4.302597999572754,1.3367745876312256,-0.3937581777572632,0.5262008309364319,-1.748221516609192
1.0695019960403442,0.18123392760753632,-0.3133651614189148,0.9332223534584045,-0.08699061721563339,0.10914485901594162,0.33108314871788025,-3.542651653289795,-4.341220855712891,-6.019089221954346,16.11809539794922,0.8943917751312256,1.4872690439224243,-0.9939643740653992
1.0732731819152832,0.1538371741771698,-0.2988698184490204,0.2052890658378601,0.6717039942741394,0.6711639165878296,-0.23708467185497284,-2.4375152587890625,-4.21803092956543,-16.442419052124023,-0.4878840446472168,0.3266875445842743,1.5578786134719849,-1.7724539041519165
1.0922629833221436,0.16332502663135529,-0.30721741914749146,0.13175030052661896,0.8177391886711121,0.5047853589057922,-0.2431793510913849,-3.2119345664978027,-4.311486721038818,-6.268640041351318,-0.40607041120529175,-0.09024963527917862,0.7549626231193542,-1.317833662033081
1.079677939414978,0.1740696281194687,-0.2891933023929596,0.8713341951370239,0.4580964148044586,0.05896046757698059,-0.16567455232143402,-2.820176839828491,-3.8268935680389404,-5.104417324066162,-0.36998870968818665,0.6373488306999207,1.3518359661102295,-1.3257575035095215
1.0385595560073853,0.22504810988903046,-0.32933709025382996,0.9582289457321167,0.24539995193481445,0.14240574836730957,0.03601052239537239,-3.5846004486083984,-4.450522422790527,-5.357476711273193,16.11809539794922,0.6034825444221497,1.1427712440490723,-0.5218916535377502
1.0034160614013672,0.2515307366847992,-0.33313626050949097,0.9740464091300964,-0.22452083230018616,-0.008364248089492321,-0.02745896764099598,-3.4629414081573486,-4.9652204513549805,-5.994686603546143,-0.6556200385093689,1.0375527143478394,1.4774128198623657,0.3651394844055176
1.0150701999664307,0.20993360877037048,-0.3160895109176636,0.7609918713569641,0.6407591104507446,-0.10152330994606018,-0.0034906333312392235,-3.5654263496398926,-4.735239505767822,-5.820908069610596,16.11809539794922,-0.555389404296875,0.29814213514328003,-1.6947426795959473
0.9726992845535278,0.21317563951015472,-0.3057841360569,0.5731199979782104,0.7957295179367065,-0.19511893391609192,0.016629520803689957,-4.115248203277588,-5.165008544921875,-5.793482780456543,2.924337387084961,0.8412678241729736,1.2554837465286255,0.7802846431732178
0.9765896201133728,0.19603194296360016,-0.2945365011692047,0.13541753590106964,0.44041189551353455,0.8555818796157837,-0.23596417903900146,-3.724781036376953,-4.636437892913818,-5.022197246551514,16.11809539794922,-0.04343821108341217,0.8293401002883911,-1.6793591976165771
0.9851644039154053,0.19673000276088715,-0.30229079723358154,0.5544835925102234,0.8055464029312134,-0.19639164209365845,-0.07122671604156494,-3.6131632328033447,-5.090396404266357,-6.3579912185668945,16.11809539794922,-0.8970528244972229,0.09783521294593811,-1.7724539041519165
1.0007156133651733,0.19361010193824768,-0.30377230048179626,0.0435461662709713,-0.6158671975135803,0.6796658039093018,0.3960627317428589,-4.50807523727417,-4.171202659606934,-10.779108047485352,5.537334442138672,0.10426196455955505,0.9543856382369995,-1.244193196296692
1.0101481676101685,0.197273388504982,-0.2945120334625244,-0.32417699694633484,0.8876498341560364,-0.0435461662709713,-0.32417699694633484,-4.359057903289795,-5.045332431793213,-10.198922157287598,3.0992729663848877,0.7298339009284973,1.2360156774520874,-0.29888439178466797
0.9875863790512085,0.2320713996887207,-0.31820738315582275,0.9288681149482727,0.3544341027736664,-0.07575681060552597,-0.0764293298125267,-3.6752164363861084,-4.61188268661499,-6.104517459869385,16.11809539794922,0.6749314069747925,1.2368645668029785,-0.5902900695800781
0.9482721090316772,0.2429070919752121,-0.32168206572532654,0.21092061698436737,0.4528769552707672,0.8580756187438965,-0.11883272975683212,-3.8671762943267822,-4.644448757171631,-6.653138160705566,16.11809539794922,0.7453867197036743,1.2655068635940552,-0.19213442504405975
0.9971209764480591,0.23488929867744446,-0.31290706992149353,0.9442384243011475,0.3193596303462982,-0.06558343768119812,0.04606589302420616,-3.645639419555664,-4.256633281707764,-5.252836227416992,1.0933504104614258,1.08426833152771,1.4536584615707397,0.4803585708141327
1.0331299304962158,0.22762641310691833,-0.33401480317115784,0.7054857611656189,0.6994842290878296,-0.039205074310302734,-0.10711958259344101,-3.9153411388397217,-4.284524440765381,-4.946089267730713,0.035591814666986465,0.0384819433093071,0.7981173396110535,-1.270132303237915
1.1048357486724854,0.19465674459934235,-0.35552072525024414,0.11266706138849258,0.9914546608924866,0.0656648501753807,-0.0034560449421405792,-5.2610063552856445,-2.5166006088256836,-9.35029125213623,5.537334442138672,-0.7715387940406799,0.08267362415790558,-1.7724539041519165
1.102689504623413,0.2290821522474289,-0.3584045171737671,0.15267309546470642,0.4940137565135956,0.8549610376358032,-0.04102347791194916,-3.041749954223633,-4.507354259490967,-5.464513778686523,16.11809539794922,-1.4050272703170776,-0.48185107111930847,-1.7724539041519165
1.1004823446273804,0.21087992191314697,-0.3413580060005188,0.7499916553497314,0.6324561834335327,-0.05875276401638985,0.18455280363559723,-13.0805082321167,-3.687309741973877,-4.509632587432861,-0.05491575598716736,0.36839234828948975,0.9946185350418091,-0.7298339605331421
1.1407837867736816,0.19447597861289978,-0.342411071062088,0.500768780708313,0.8400073647499084,-0.1621565818786621,-0.13161861896514893,-3.589233636856079,-4.245168209075928,-5.3076910972595215,2.3016252517700195,1.4705334901809692,1.720183253288269,-0.2018941342830658
1.0529570579528809,0.24908286333084106,-0.35769960284233093,-0.4983616769313812,0.7738475799560547,-0.32555943727493286,-0.21634840965270996,-9.715847969055176,-4.1243743896484375,-2.8037116527557373,-1.0726368427276611,-0.6603260040283203,0.39112555980682373,-1.7724539041519165
1.060608983039856,0.2164667248725891,-0.331920325756073,0.6578627228736877,0.6729046702384949,0.27686163783073425,-0.1943284571170807,-3.7998788356781006,-4.710541248321533,-5.283351898193359,16.11809539794922,-0.4149777591228485,0.43970414996147156,-1.7724539041519165
1.0196075439453125,0.25104838609695435,-0.3325403928756714,0.44128406047821045,0.8808469176292419,-0.1712806522846222,0.0063252197578549385,-3.4816343784332275,-3.735576629638672,-5.008549213409424,-0.026251524686813354,0.05777906998991966,0.7901248931884766,-0.792892575263977
1.064740777015686,0.2520848512649536,-0.33947864174842834,-0.17197200655937195,0.35030433535575867,0.8872110843658447,-0.24610766768455505,-3.7367076873779297,-4.10546875,-5.758080005645752,4.098846912384033,-0.759200930595398,0.009179044514894485,-1.1527836322784424
1.063477635383606,0.23137354850769043,-0.3235650956630707,0.08091273903846741,0.8319370746612549,0.5279093384742737,-0.15048454701900482,-3.9617373943328857,-4.061654090881348,-4.838420867919922,0.9186844825744629,0.6823218464851379,1.2056671380996704,-0.08738190680742264
1.1077224016189575,0.23527535796165466,-0.35079407691955566,0.5858466029167175,0.20383696258068085,0.4608159363269806,0.6347305774688721,-3.4608306884765625,-4.339820384979248,-5.354562282562256,0.6143102049827576,1.6090978384017944,1.7724539041519165,-0.8653542399406433
1.1078472137451172,0.2248217761516571,-0.3466227650642395,-0.22781309485435486,0.4093399941921234,0.8501169085502625,-0.24050618708133698,-4.3122053146362305,-5.041350364685059,-5.31857967376709,-1.0665584802627563,1.7724539041519165,1.7724539041519165,1.7724539041519165
1.0990310907363892,0.23181304335594177,-0.3348213732242584,0.15137477219104767,0.760286808013916,0.12096156924962997,-0.6200144290924072,-3.347306728363037,-16.17487335205078,-3.1587510108947754,-1.773577094078064,-1.2163898944854736,-0.7085726857185364,-1.7724539041519165
1.050596833229065,0.1993887573480606,-0.31177404522895813,0.5511259436607361,0.8288275599479675,0.09540864825248718,-0.014222323894500732,-3.733177661895752,-4.738381385803223,-6.109079360961914,-0.5831188559532166,1.4350979328155518,1.6419305801391602,1.1284972429275513
1.0164254903793335,0.1557897925376892,-0.2731201648712158,0.9338555932044983,-0.29724830389022827,0.12102652341127396,0.15782833099365234,-4.028045654296875,-4.8353729248046875,-6.275755405426025,1.2083711624145508,1.4168919324874878,1.5578786134719849,1.3014628887176514
0.9927343130111694,0.18105022609233856,-0.2806216776371002,0.3407660126686096,0.7157664895057678,-0.5204803347587585,0.3172649145126343,-5.041401386260986,-4.842409133911133,-15.308025360107422,2.463853359222412,1.1746851205825806,1.5176457166671753,0.8410466909408569
0.9769087433815002,0.14236027002334595,-0.19716407358646393,0.5531226396560669,-0.622422456741333,-0.4271269738674164,-0.3524317741394043,-3.6098525524139404,-4.892941474914551,-5.512292861938477,2.8885552883148193,-0.927782416343689,-0.03642064705491066,-1.0790369510650635
1.0485953092575073,0.12880931794643402,-0.26455241441726685,0.9490354061126709,-0.14372006058692932,0.042368724942207336,0.27727454900741577,-3.7578351497650146,-4.6020331382751465,-5.264885902404785,1.3163753747940063,1.4825516939163208,1.7724539041519165,0.7903217077255249
1.0856080055236816,0.18733015656471252,-0.2784428000450134,0.05045825615525246,0.9775246977806091,0.05045825615525246,-0.19837696850299835,-3.7786734104156494,-4.171202659606934,-13.082534790039062,-1.5953861474990845,1.1051770448684692,1.4103580713272095,1.7724539041519165
0.7511941194534302,0.22469308972358704,0.00105875579174608,0.9815950393676758,0.033700425177812576,0.14945927262306213,0.11400603502988815,-3.8276453018188477,-5.07301664352417,-6.152127265930176,-0.591160237789154,1.7271263599395752,1.2756959199905396,0.9619142413139343
0.9809009432792664,0.17831455171108246,-0.05040399357676506,0.7196694016456604,0.6905789375305176,-0.051991935819387436,-0.04973447695374489,-2.6158106327056885,-3.135828971862793,-5.121632099151611,-1.3183884620666504,1.2461076974868774,1.7435442209243774,0.7394073009490967
0.9927343130111694,0.13709066808223724,-0.1610555499792099,-0.02004506066441536,0.9911712408065796,-0.12096156924962997,0.05045825615525246,-3.7786734104156494,-15.893903732299805,-3.635023355484009,0.08632808178663254,-0.6325227618217468,-0.1453125923871994,-1.7724539041519165
1.0032551288604736,0.1449405997991562,-0.15424653887748718,0.08225386589765549,0.9850789904594421,-0.0656648501753807,0.13616816699504852,-15.982429504394531,-4.748752593994141,-3.3406004905700684,2.463853359222412,0.9939643144607544,1.4103580713272095,1.1051770448684692
1.042119026184082,0.1614784300327301,-0.029960105195641518,0.9365933537483215,-0.28186914324760437,0.1920076459646225,-0.08047224581241608,-2.8991594314575195,-3.9648478031158447,-5.276962757110596,16.11809539794922,0.7094957828521729,1.3898756504058838,0.32047441601753235
1.013327717781067,0.167507603764534,0.005254883319139481,0.6674969792366028,0.6571657657623291,-0.2808307111263275,0.20908138155937195,-2.768129825592041,-4.411135673522949,-5.444278240203857,-0.2863630950450897,1.7724539041519165,1.7724539041519165,-0.9406369924545288
1.0611441135406494,0.15583473443984985,0.052877914160490036,0.6102259159088135,-0.5382891297340393,-0.41727206110954285,-0.4046642482280731,-2.6754093170166016,-3.5630435943603516,-5.1346025466918945,-1.0778999328613281,-1.4083274602890015,-0.8026379942893982,-1.4388154745101929
1.18428635597229,0.013585275039076805,-0.3598785102367401,0.12925608456134796,0.9568127393722534,-0.2536737024784088,-0.05875276401638985,-14.915777206420898,-3.234635353088379,-5.089818954467773,-0.3405072093009949,1.3415043354034424,1.3030704259872437,-0.3683924078941345
1.2203506231307983,0.06459701061248779,-0.297950804233551,0.9436435103416443,-0.14415419101715088,0.18716667592525482,-0.23178672790527344,-3.20265793800354,-3.8099730014801025,-6.709458827972412,2.282719850540161,0.7861170768737793,1.5750571489334106,-1.2935538291931152
1.139378547668457,0.02303016185760498,-0.277469277381897,-0.25315701961517334,0.6636743545532227,0.6971285343170166,-0.0972609743475914,-2.441434621810913,-3.7902162075042725,-5.955714225769043,-1.870459794998169,1.7643141746520996,1.769722580909729,0.2826603353023529
1.1653074026107788,0.12550337612628937,-0.32104066014289856,0.2372920662164688,0.34733837842941284,0.8763505816459656,0.23464475572109222,-2.9878597259521484,-4.799488544464111,-5.495134353637695,16.11809539794922,-0.10973619669675827,0.7979642748832703,-1.7724539041519165
1.2419695854187012,0.07900127023458481,-0.3010486960411072,-0.0034560449421405792,0.8935038447380066,-0.02004506066441536,0.4485946297645569,-6.7668681144714355,-3.0941503047943115,-4.267166614532471,-0.03922071307897568,-0.47960519790649414,0.8873308897018433,-1.7724539041519165
1.1935356855392456,0.018651477992534637,-0.2301062047481537,0.6032109260559082,-0.3041515052318573,-0.4884932339191437,-0.5522705912590027,-0.573904275894165,-1.9297089576721191,-3.9705090522766113,-1.4814391136169434,-0.9867594838142395,-0.9340444803237915,-1.7724539041519165
1.1724604368209839,0.16097639501094818,-0.3397650420665741,0.9707083702087402,0.045196887105703354,0.0067145549692213535,-0.2358759641647339,-3.4186854362487793,-4.063409328460693,-4.8789286613464355,16.11809539794922,-0.04103880003094673,0.851257860660553,-1.4226795434951782
1.233354926109314,0.1493988335132599,-0.33825913071632385,-0.01851603016257286,0.6987171173095703,0.6548588275909424,-0.28742215037345886,-3.187572717666626,-3.5486886501312256,-5.821005344390869,16.11809539794922,0.7155420184135437,1.481013298034668,-1.304418921470642
1.1384886503219604,0.13461202383041382,-0.30813005566596985,0.3813548684120178,0.11914229393005371,0.47022101283073425,0.7869344353675842,-2.9417946338653564,-4.432971954345703,-6.39288330078125,16.11809539794922,0.90469890832901,1.4889694452285767,-0.44987985491752625
1.1799328327178955,0.13028740882873535,-0.3233822286128998,0.16658136248588562,0.9289825558662415,0.30758798122406006,0.12096156924962997,-12.013855934143066,-3.0161030292510986,-4.552929878234863,4.840242385864258,1.1051770448684692,1.5981113910675049,-0.18767161667346954
1.1825095415115356,0.11738447844982147,-0.3095572590827942,-0.18588753044605255,0.34928882122039795,0.875610888004303,-0.27703556418418884,-3.104149103164673,-3.874047040939331,-6.640260696411133,2.4553847312927246,0.798865020275116,1.5463204383850098,-0.9829371571540833
1.2279986143112183,0.1214480772614479,-0.33325421810150146,0.13694235682487488,0.6841747760772705,0.6866894364356995,-0.20398357510566711,-2.9809186458587646,-3.974430799484253,-5.264547348022461,16.11809539794922,0.08773209899663925,1.0214403867721558,-1.6815396547317505
1.4129743576049805,0.11994466185569763,-0.17942564189434052,0.8716856837272644,-0.37141838669776917,-0.31947287917137146,-0.012228457257151604,-2.5073399543762207,-3.6399459838867188,-4.737571716308594,-0.6089972257614136,1.1381826400756836,1.6067348718643188,0.4523402750492096
1.1995512247085571,0.1832880824804306,-0.35513055324554443,0.8262104988098145,0.5474958419799805,-0.06629025191068649,-0.11502216011285782,-3.2822906970977783,-3.771289348602295,-5.809070587158203,2.129624128341675,0.1637602299451828,0.9543856382369995,-1.2447010278701782
1.2090380191802979,0.17796343564987183,-0.3538428246974945,0.8133590221405029,0.5637840628623962,-0.05857231095433235,-0.13101136684417725,-3.406663656234741,-4.9342827796936035,-7.137232303619385,16.11809539794922,-0.7930065393447876,0.2720099687576294,-1.7724539041519165
1.2677541971206665,0.1831115037202835,-0.37008365988731384,0.01835307478904724,0.6299871206283569,0.7060129642486572,-0.3229938745498657,-3.7715938091278076,-4.60915470123291,-6.926388740539551,16.11809539794922,1.2220516204833984,1.6111891269683838,0.004718033131211996
1.1431770324707031,0.2006148397922516,-0.3397020697593689,0.8044196367263794,0.5695539712905884,0.03355148807168007,-0.1655040979385376,-3.3478384017944336,-5.456087589263916,-6.020269870758057,-1.0064294338226318,1.7724539041519165,1.7724539041519165,0.5418803691864014
1.1932477951049805,0.20206135511398315,-0.3640592098236084,0.9825037717819214,0.17106319963932037,0.04332603141665459,-0.05955320596694946,-3.523603916168213,-4.561520099639893,-5.011755466461182,16.11809539794922,0.028009384870529175,0.9425203204154968,-1.7724539041519165
1.1818037033081055,0.2430848479270935,-0.3445838391780853,0.5123276710510254,0.7548301219940186,0.0652536004781723,0.4043436348438263,-2.8924026489257812,-3.1424524784088135,-3.968050241470337,-0.8436670899391174,-1.2895857095718384,-0.5450325012207031,-1.7724539041519165
1.1541460752487183,0.22114026546478271,-0.3611758351325989,0.7398858666419983,0.6535040736198425,0.15835942327976227,-0.02058093622326851,-3.4696640968322754,-5.281079292297363,-6.67833948135376,16.11809539794922,-0.8152685165405273,-0.2161865234375,-1.7724539041519165
1.1449291706085205,0.22931048274040222,-0.35610470175743103,0.981228768825531,-0.1332315057516098,0.11328939348459244,0.08127108961343765,-2.772660255432129,-4.254591464996338,-5.1687703132629395,-0.9179454445838928,0.8563001751899719,1.54310941696167,-0.70890212059021
1.1342215538024902,0.23495300114154816,-0.33427664637565613,-0.1444626748561859,0.8458338975906372,-0.45550671219825745,0.23708467185497284,-5.464925289154053,-16.736814498901367,-3.539768934249878,-1.3862943649291992,1.7724539041519165,1.7724539041519165,1.6334378719329834
1.2095249891281128,0.2183576375246048,-0.37157899141311646,0.5236902832984924,0.8361886143684387,0.09205612540245056,-0.1343977004289627,-3.543482780456543,-4.308624744415283,-6.3465423583984375,16.11809539794922,-0.06320557743310928,0.6592603921890259,-0.6370984315872192
1.1465563774108887,0.2025066763162613,-0.3168455958366394,0.16658136248588562,0.9525529146194458,0.03525165840983391,-0.2522912621498108,-2.868881940841675,-5.138988971710205,-17.022605895996094,-0.7646061182022095,0.8827515244483948,1.450590968132019,0.36839234828948975
1.1472818851470947,0.14651057124137878,-0.27789807319641113,0.08225386589765549,0.9520010352134705,0.26888027787208557,-0.12096156924962997,-3.9747493267059326,-16.440235137939453,-3.089475154876709,-0.29225873947143555,0.03475397080183029,1.0214403867721558,-1.7724539041519165
1.4367305040359497,0.2341192066669464,-0.35927441716194153,-0.37827831506729126,0.271183043718338,0.540235698223114,0.7010782361030579,-3.5444130897521973,-4.025384426116943,-7.523633003234863,16.11809539794922,-0.47623151540756226,0.4985033869743347,-1.7724539041519165
1.1438220739364624,0.1405036896467209,-0.017824361100792885,-0.4979882836341858,0.5796704292297363,0.5272905826568604,0.3714222311973572,-3.0250189304351807,-3.505011796951294,-6.048599720001221,2.3048126697540283,-1.1973646879196167,-0.31351450085639954,-1.733189582824707
1.44890296459198,0.19934260845184326,-0.006901940330862999,0.5630084872245789,0.8116782903671265,0.1555086076259613,0.004100119695067406,-2.8385164737701416,-4.483635902404785,-7.1632208824157715,16.11809539794922,0.2571795582771301,0.9120205044746399,-0.7651984691619873
1.494897723197937,0.1958775669336319,-0.019398551434278488,0.5657176375389099,0.8145840764045715,0.11546849459409714,0.055527571588754654,-2.750486135482788,-3.708113193511963,-4.849280834197998,0.0699089914560318,-0.6991798877716064,0.44142743945121765,-1.7724539041519165
1.440158486366272,0.1914229542016983,0.005872697103768587,0.8532304167747498,0.5031617879867554,0.12460906058549881,0.057433586567640305,-2.4841349124908447,-3.5109851360321045,-5.035922050476074,-1.1230748891830444,0.8978339433670044,1.345495581626892,0.28462639451026917
1.4397847652435303,0.190518319606781,0.040902502834796906,0.7655797600746155,0.5149372220039368,0.38480982184410095,0.0254684966057539,-3.2681169509887695,-3.5093307495117188,-5.194726467132568,0.3961188793182373,0.3043248653411865,0.8605861663818359,-0.004380711354315281
1.4625873565673828,0.21647578477859497,-0.006582438014447689,0.7428407073020935,0.6184879541397095,0.2556813955307007,-0.016951311379671097,-2.7887985706329346,-4.029156684875488,-5.7223615646362305,-0.6905722618103027,1.7006577253341675,1.7416707277297974,1.3609775304794312
0.9296794533729553,0.3003959059715271,-0.35704097151756287,0.296484112739563,0.5878429412841797,0.747291088104248,-0.08996596932411194,-3.731308698654175,-4.7027106285095215,-7.246556282043457,16.11809539794922,0.8848254680633545,1.3486559391021729,-0.029787786304950714
0.9848552942276001,0.2666059732437134,-0.35254788398742676,0.9752179980278015,-0.043172843754291534,0.12381589412689209,0.1782008558511734,-3.6383285522460938,-3.7905445098876953,-6.480973720550537,16.11809539794922,0.3847223222255707,1.1248165369033813,-1.1051771640777588
0.9590554237365723,0.28316187858581543,-0.35023605823516846,0.20634163916110992,0.5517869591712952,0.7959409356117249,-0.13939960300922394,-3.5660457611083984,-4.003272533416748,-5.404643535614014,16.11809539794922,0.5542518496513367,1.1252632141113281,-0.4614885747432709
0.9941138625144958,0.25619176030158997,-0.33753418922424316,0.7042789459228516,0.7039445042610168,-0.08523257076740265,-0.03447828069329262,-3.4296481609344482,-5.207376480102539,-5.896769046783447,16.11809539794922,-1.2927809953689575,-0.32217878103256226,-1.7724539041519165
1.019217848777771,0.26792266964912415,-0.351980060338974,-0.026957150548696518,0.9969579577445984,0.05875276401638985,-0.0435461662709713,-3.6374988555908203,-3.8277947902679443,-12.39843463897705,2.1756255626678467,0.3266875445842743,1.0616732835769653,-0.6325227618217468
0.9974505305290222,0.26268938183784485,-0.3457157611846924,0.26749786734580994,0.9572880268096924,0.09746046364307404,-0.05045825615525246,-15.794197082519531,-2.579038381576538,-3.929446220397949,-0.8010361194610596,-0.29888439178466797,0.6191117763519287,-1.7724539041519165
1.0201072692871094,0.270879864692688,-0.3415828049182892,0.9115264415740967,0.35409167408943176,-0.19187423586845398,-0.08320417255163193,-3.709630012512207,-4.678802013397217,-5.125848293304443,1.2555522918701172,-0.295116126537323,0.7324581742286682,-1.7284908294677734
0.9966719746589661,0.30612802505493164,-0.3620672821998596,0.8325377702713013,0.5168668627738953,-0.1909339427947998,-0.0572168193757534,-3.2253119945526123,-5.433061599731445,-6.034196853637695,1.6414073705673218,-0.9167665243148804,-0.09886416047811508,-1.6442335844039917
0.9950404167175293,0.2952131927013397,-0.3492780923843384,0.911019504070282,-0.3173891603946686,-0.19374172389507294,-0.17824625968933105,-3.4090044498443604,-4.446794509887695,-5.0109405517578125,-0.5131813287734985,0.9900535345077515,1.2560855150222778,1.1263914108276367
1.039407730102539,0.2967151999473572,-0.34611693024635315,0.5838183760643005,0.7390585541725159,-0.17859865725040436,-0.28469470143318176,-3.5481832027435303,-4.437267303466797,-4.769667148590088,-0.22904281318187714,-1.4532710313796997,-0.4366087317466736,-1.7724539041519165
1.0507012605667114,0.28714898228645325,-0.3488204777240753,0.39447638392448425,0.8805428743362427,-0.25770890712738037,-0.051173560321331024,-3.6158459186553955,-4.7571330070495605,-5.58184814453125,-0.5611993074417114,1.2031588554382324,1.705512523651123,0.5160194039344788
1.096814751625061,0.27065062522888184,-0.3640930652618408,0.43619832396507263,0.2421768754720688,0.4206361770629883,0.7577245831489563,-3.957958936691284,-5.007683277130127,-5.722774982452393,1.8892779350280762,1.5624631643295288,1.6505237817764282,0.787717878818512
1.1017769575119019,0.25690168142318726,-0.34071704745292664,0.0656648501753807,0.9370792508125305,0.3310891091823578,-0.08916595578193665,-3.017749309539795,-4.354015350341797,-15.401782989501953,-1.773577094078064,0.8827515244483948,1.4527170658111572,1.7724539041519165
1.0740662813186646,0.3276391923427582,-0.35808753967285156,0.15828685462474823,0.872218906879425,0.4541243016719818,0.08916595578193665,-3.2958950996398926,-3.024679660797119,-17.121170043945312,-1.1786550283432007,0.5491131544113159,1.2024883031845093,1.1051770448684692
1.4814121723175049,0.26547592878341675,-0.37180110812187195,0.8474974632263184,-0.4098869264125824,-0.1527571827173233,-0.3006758987903595,-4.070193290710449,-3.8768181800842285,-9.71711254119873,-0.22843924164772034,-0.9522595405578613,-0.03475402295589447,-1.7724539041519165
1.0595206022262573,0.6091185808181763,-0.5533097386360168,0.7937502264976501,-0.40708887577056885,-0.13372792303562164,-0.4316897988319397,-3.457977533340454,-4.652787208557129,-6.450927734375,16.11809539794922,-0.3509006202220917,0.3815998435020447,-1.553184986114502
1.0417696237564087,0.6121657490730286,-0.5549564957618713,0.24519577622413635,0.5462115406990051,0.7530880570411682,-0.2727460563182831,-3.6638729572296143,-4.559622287750244,-5.576443672180176,0.023666290566325188,-0.30398619174957275,0.3805267810821533,-1.2641322612762451
1.0491267442703247,0.6255940794944763,-0.5692764520645142,-0.3932979106903076,0.8372201323509216,0.3628847002983093,-0.11266706138849258,-5.4609222412109375,-14.920531272888184,-3.8761348724365234,5.537334442138672,0.03475397080183029,0.5074083209037781,-0.32668760418891907
0.9731115102767944,0.544235110282898,-0.5070247650146484,0.21094615757465363,0.7537826895713806,0.6215981245040894,-0.030482027679681778,-3.595454692840576,-5.060069561004639,-8.04358959197998,16.11809539794922,0.14027060568332672,0.6881291270256042,-0.848648726940155
1.0133932828903198,0.574087381362915,-0.5201775431632996,0.31515073776245117,0.6820148229598999,0.6316169500350952,-0.19130031764507294,-3.269146680831909,-4.161256790161133,-7.411428928375244,16.11809539794922,-0.6885265111923218,0.04044729471206665,-1.6869267225265503
1.0232512950897217,0.5452447533607483,-0.503232479095459,0.06447076797485352,0.7356398701667786,0.5688740015029907,-0.36202192306518555,-3.476996421813965,-4.512492656707764,-6.171352386474609,16.11809539794922,-0.3127123713493347,0.287644624710083,-0.991302490234375
0.9910732507705688,0.5936553478240967,-0.5395901203155518,0.839597761631012,0.007506635505706072,0.38678646087646484,0.3813338279724121,-3.9410247802734375,-5.508020877838135,-6.178767204284668,1.2536535263061523,-0.4621346592903137,0.37811794877052307,-1.7724539041519165
1.0020188093185425,0.5990698933601379,-0.5385757088661194,0.3959299921989441,0.7108633518218994,0.5681359171867371,-0.12302184104919434,-3.6193325519561768,-4.7058258056640625,-8.336311340332031,16.11809539794922,-0.07815136760473251,0.4825196862220764,-0.6504004001617432
0.9969164729118347,0.5441387891769409,-0.49790140986442566,0.9567933082580566,-0.27802273631095886,-0.07110559940338135,0.04683871194720268,-3.829983711242676,-4.386776447296143,-6.226429462432861,0.034503281116485596,0.6409732699394226,1.1329803466796875,-0.0948886051774025
0.9911614656448364,0.539888858795166,-0.5087870359420776,-0.06119677796959877,0.6645582318305969,0.7191587090492249,-0.1934632956981659,-3.6594624519348145,-4.456459999084473,-5.622636795043945,16.11809539794922,-0.06367311626672745,0.6496207118034363,-1.0313118696212769
0.9853923916816711,0.5570001602172852,-0.49888014793395996,0.24537917971611023,0.9678680896759033,0.03525165840983391,0.042163748294115067,-4.551310062408447,-5.393624305725098,-17.53250503540039,-0.2762533724308014,1.7029458284378052,1.7724539041519165,1.4110122919082642
1.0285298824310303,0.5560499429702759,-0.5104541778564453,0.3741314709186554,0.4364970624446869,0.8178309202194214,-0.025466177612543106,-3.0617544651031494,-3.9870221614837646,-4.685166358947754,-0.6525236964225769,-1.2909181118011475,-0.642128586769104,-1.6486265659332275
1.0332732200622559,0.5779497027397156,-0.5175049304962158,0.9371614456176758,-0.23344072699546814,0.1581270396709442,0.20549872517585754,-3.6734559535980225,-4.187448024749756,-5.993713855743408,1.7016558647155762,-0.07103675603866577,0.631797730922699,-0.6871518492698669
1.1031228303909302,0.5500999093055725,-0.5323934555053711,-0.03484325483441353,0.536785900592804,0.8421968221664429,-0.03676149249076843,-3.7750136852264404,-4.843740463256836,-5.5288591384887695,16.11809539794922,-0.49694928526878357,0.3592570722103119,-1.7724539041519165
1.064367651939392,0.5634308457374573,-0.5372781157493591,0.174875870347023,0.9531425833702087,0.24537917971611023,-0.026957150548696518,-4.213024616241455,-3.2973639965057373,-17.121170043945312,0.05491575598716736,-0.813243567943573,-0.006950825918465853,-1.7724539041519165
1.0804258584976196,0.5714191198348999,-0.525610089302063,-0.013158787973225117,0.8357964754104614,0.47212204337120056,-0.279949814081192,-4.028078556060791,-4.163049221038818,-6.244633674621582,16.11809539794922,0.6431238651275635,1.0481703281402588,-0.38359397649765015
1.0726808309555054,0.5934407114982605,-0.5098509788513184,0.11266706138849258,0.7566408514976501,0.22879016399383545,0.6020430326461792,-13.076105117797852,-4.354015350341797,-4.846889019012451,1.1143606901168823,-0.03475402295589447,0.18767155706882477,0.03475397080183029
1.009204626083374,0.612532913684845,-0.5581351518630981,0.2522917687892914,0.7747761607170105,0.5293905138969421,-0.23625512421131134,-3.8509507179260254,-4.946611404418945,-7.282702922821045,2.3547284603118896,-0.13532400131225586,0.5992217659950256,-1.7724539041519165
1.0325332880020142,0.6075539588928223,-0.5502310991287231,0.7066807150840759,-0.3696112036705017,-0.24863165616989136,-0.5497019290924072,-3.615705966949463,-4.3249592781066895,-7.513490676879883,1.6461905241012573,-0.9510312080383301,-0.03118874877691269,-1.7724539041519165
1.0172595977783203,0.5998713970184326,-0.5336211919784546,0.3836209774017334,0.8967745900154114,-0.0034560449421405792,0.22049565613269806,-4.4611005783081055,-3.723433256149292,-17.022449493408203,-0.38915154337882996,0.590817928314209,0.6881291270256042,0.8410466909408569
1.043682336807251,0.6018612384796143,-0.5413916707038879,0.20346574485301971,0.5781840682029724,0.7391781210899353,-0.27914267778396606,-3.586204767227173,-4.452963829040527,-7.325263977050781,16.11809539794922,-1.4150322675704956,-0.37339213490486145,-1.5758720636367798
0.9058136940002441,1.006231427192688,-0.6138214468955994,0.6826492547988892,-0.18513308465480804,-0.6785814762115479,-0.19809821248054504,-3.206986665725708,-4.139934062957764,-4.48924446105957,2.000730037689209,-1.7724539041519165,-1.180930733680725,-1.7724539041519165
0.8814776539802551,0.9792816042900085,-0.5729333758354187,-0.3227945864200592,0.9084892272949219,0.05045825615525246,0.2605857849121094,-4.89711332321167,-7.131986618041992,-4.3121514320373535,5.537334442138672,-1.244193196296692,-0.5213099718093872,-1.4388154745101929
0.960917592048645,1.1049860715866089,-0.6723014712333679,0.6985493898391724,-0.16507284343242645,-0.38923341035842896,-0.5773015022277832,-2.500274658203125,-2.884431838989258,-4.058780670166016,0.7113938927650452,-1.4150879383087158,-0.8710939884185791,-1.7038722038269043
0.9564585089683533,1.1038590669631958,-0.5806581377983093,0.4512750506401062,0.75238037109375,0.42154359817504883,0.22929365932941437,-2.3496150970458984,-3.923623561859131,-4.715046405792236,-2.2116427421569824,0.23546156287193298,0.6910615563392639,-0.4989621043205261
-1.1551697254180908,1.4521324634552002,-0.9609169363975525,0.5853273272514343,0.3207691013813019,0.3936469852924347,0.6320927143096924,-1.8942387104034424,-4.622583866119385,-5.008531093597412,2.0850400924682617,-1.1802315711975098,-1.246452808380127,-1.402657151222229
-1.263321876525879,2.1170740127563477,-1.2715905904769897,0.02061372622847557,0.6936816573143005,0.6091698408126831,-0.3837876319885254,-0.6926066875457764,-3.672586441040039,-5.278459072113037,-0.18344928324222565,-1.761649489402771,-1.7724539041519165,-1.7639646530151367
-0.1166360080242157,1.7056844234466553,-1.376948595046997,-0.3536834716796875,0.4315798878669739,0.47611501812934875,0.6796773672103882,-2.463275671005249,-2.907550096511841,-3.817779064178467,16.11809539794922,-1.208804726600647,-0.7801874876022339,-1.6301805973052979
-0.13021057844161987,2.0509893894195557,-1.483154058456421,0.9374416470527649,-0.12138520181179047,-0.02913977950811386,0.3249918222427368,-2.1100385189056396,-2.6719107627868652,-3.2660982608795166,-0.47174766659736633,-1.3326152563095093,-0.9408642053604126,-1.5944664478302002
-0.24976003170013428,1.8384588956832886,-1.2074966430664062,0.7100734710693359,0.14613895118236542,-0.6723855137825012,0.14945495128631592,-1.4463919401168823,-4.219785213470459,-4.659228324890137,1.0034691095352173,-1.3005876541137695,-1.035669207572937,-1.7724539041519165
-0.3488730788230896,2.042487621307373,-1.4944849014282227,-0.05045825615525246,0.8827859163284302,-0.15966928005218506,0.43891769647598267,-2.145724296569824,-10.88139533996582,-1.9263999462127686,-0.08632808178663254,-1.5500283241271973,-1.4388154745101929,-1.7724539041519165
-0.07730918377637863,2.1753883361816406,-0.8837741613388062,0.15137477219104767,0.6200144290924072,-0.19837696850299835,0.7438510060310364,-2.4389052391052246,-9.24528980255127,-3.234449863433838,4.840242385864258,-1.327602744102478,-0.6603260040283203,-1.7724539041519165
0.30187422037124634,2.123704195022583,-0.8512629866600037,0.7124884724617004,0.6967126727104187,0.03279455006122589,-0.07665608823299408,-0.6527500748634338,-3.7375779151916504,-4.51629114151001,-3.3574869632720947,0.046559616923332214,0.5817943215370178,0.2558623254299164
-1.296731948852539,1.077885389328003,-0.5933911800384521,0.28079041838645935,0.6918200254440308,0.641301155090332,0.17684616148471832,-2.8441526889801025,-3.8669514656066895,-5.757964134216309,-1.1046721935272217,-0.513717532157898,-0.6608605980873108,-1.0450319051742554
-1.3297476768493652,1.162724256515503,-0.5860729813575745,0.015452992171049118,0.8869118094444275,0.39119622111320496,-0.2451818436384201,-2.917492389678955,-4.682055473327637,-6.379818916320801,0.9967005252838135,-1.6071306467056274,-1.7724539041519165,-1.595410943031311
-1.3330410718917847,1.170623779296875,-0.5810890793800354,0.8346067667007446,0.19093075394630432,0.37158986926078796,0.3590236008167267,-2.979887008666992,-3.932800769805908,-6.164950370788574,-1.8977766036987305,1.4049615859985352,1.13716459274292,0.5552541613578796
-1.282495379447937,1.1547420024871826,-0.5717847347259521,0.5105201005935669,0.4619518518447876,0.5686721205711365,0.45009076595306396,-3.2505578994750977,-4.622167110443115,-5.092256546020508,-1.912797451019287,0.6479682922363281,0.4155624508857727,-0.06267713755369186
-1.2728333473205566,1.2975636720657349,-0.6710772514343262,0.6842745542526245,0.32769036293029785,0.5845820903778076,0.2874911427497864,-1.431748867034912,-4.337759494781494,-4.7970075607299805,1.9963278770446777,-1.4319462776184082,-1.4358794689178467,-1.5066601037979126
-1.2829667329788208,1.1565933227539062,-0.57399582862854,0.6430712938308716,0.26167747378349304,-0.6971445083618164,-0.1788119226694107,-3.011193037033081,-4.076175212860107,-5.2033185958862305,-0.716288685798645,-0.7054322957992554,-0.7715387940406799,-1.1488397121429443
-1.2748640775680542,1.0928432941436768,-0.5291807055473328,0.21260488033294678,0.618054986000061,0.7509074807167053,-0.09457863867282867,-3.0533392429351807,-4.485599994659424,-5.212643146514893,-1.3827991485595703,1.0611799955368042,0.6646055579185486,-0.3888658881187439
0.7873164415359497,1.7259085178375244,-1.4877046346664429,0.17499694228172302,0.8452321290969849,0.4754253923892975,0.17008641362190247,-2.383047580718994,-2.871901750564575,-3.5314340591430664,1.2732888460159302,-1.3662006855010986,-0.9630542397499084,-1.626957654953003
0.7479453682899475,1.6009141206741333,-1.4069786071777344,0.4021269977092743,0.8765428066253662,-0.020839976146817207,0.26368972659111023,-2.8714990615844727,-3.822274684906006,-4.25718355178833,16.11809539794922,-1.7724539041519165,-1.4559060335159302,-1.7724539041519165
0.5780465602874756,1.588052749633789,-0.780465304851532,-0.174875870347023,0.9087920784950256,-0.08225386589765549,0.3697968125343323,-2.874917507171631,-7.421713829040527,-2.148521661758423,-0.19671028852462769,-1.244193196296692,-0.7020307779312134,-1.6473394632339478
0.8886317610740662,1.6140954494476318,-0.6701109409332275,0.7830329537391663,0.5140851736068726,-0.17538534104824066,0.3030112683773041,-1.5893263816833496,-2.0844991207122803,-3.228093147277832,0.13337799906730652,-1.5059411525726318,-1.0359563827514648,-1.749623417854309
1.0463571548461914,1.4725409746170044,-0.7617271542549133,0.47344979643821716,0.5609465837478638,0.5991193652153015,0.31975024938583374,-1.5064550638198853,-2.5426137447357178,-3.6694321632385254,-0.4412159323692322,-1.7457284927368164,-1.1610889434814453,-1.749117136001587
1.4952675104141235,1.5666171312332153,-1.0510796308517456,-0.1831703782081604,0.9402593970298767,0.23846709728240967,0.15966928005218506,-2.4389052391052246,-15.499985694885254,-2.510497808456421,-0.6755514144897461,-1.2163898944854736,-0.9522595405578613,-1.7724539041519165
0.7930018901824951,2.0991528034210205,-1.1636720895767212,0.25331392884254456,0.7353441119194031,0.3537289500236511,0.5195930600166321,-1.598743200302124,-2.4385452270507812,-3.6014270782470703,-1.495064616203308,-1.0565423965454102,-0.6843688488006592,-1.6003103256225586
1.3060857057571411,1.848624587059021,-1.4823254346847534,0.6535500288009644,0.6598104238510132,-0.2740088403224945,-0.24988332390785217,-1.7931522130966187,-3.6138088703155518,-4.408699035644531,16.11809539794922,-1.7724539041519165,-1.7724539041519165,-1.7724539041519165
1.4823557138442993,1.7623581886291504,-1.4577099084854126,0.017591333016753197,0.44590872526168823,0.8931961059570312,0.05528750643134117,-1.923404335975647,-3.04901385307312,-4.082518100738525,0.7771187424659729,-1.4497032165527344,-1.553550124168396,-1.7724539041519165
1.406471848487854,1.8206145763397217,-1.4619569778442383,0.7045477628707886,0.6174455285072327,-0.23067577183246613,-0.2629869878292084,-1.860724687576294,-3.2903783321380615,-3.841790199279785,-0.27669280767440796,-0.46187594532966614,-1.123853325843811,-1.3942300081253052
1.3497049808502197,1.846930742263794,-1.4424142837524414,0.6352741122245789,0.6862366795539856,-0.27678197622299194,-0.221128448843956,-1.7903019189834595,-4.009667873382568,-4.460450172424316,-2.2339491844177246,1.7724539041519165,1.7724539041519165,0.8754400014877319
0.9425857067108154,2.124640703201294,-1.1103136539459229,-0.3238981366157532,0.48510855436325073,0.6181730031967163,0.5268983244895935,-1.9127200841903687,-2.5898983478546143,-4.512012481689453,0.8206655979156494,-1.7724539041519165,-1.7724539041519165,-1.7724539041519165
1.3484013080596924,1.9846115112304688,-1.1562169790267944,0.29929348826408386,-0.15966928005218506,0.6573397517204285,0.6729291081428528,-2.9425747394561768,-1.7123866081237793,-14.04437255859375,0.03922071307897568,-1.6473394632339478,-1.244193196296692,-1.7724539041519165
1.247336745262146,1.8465741872787476,-0.9165146350860596,0.7335435152053833,0.6263513565063477,0.16522569954395294,-0.20566560328006744,-1.1835061311721802,-2.466642141342163,-3.567690372467041,3.127018690109253,-1.2497005462646484,-0.9265543222427368,-1.6279293298721313
0.7535519003868103,1.4227384328842163,-0.32532334327697754,0.9211196899414062,0.18295451998710632,-0.33901774883270264,0.05597470700740814,-3.1501333713531494,-4.339126110076904,-4.656517505645752,0.7461596727371216,-1.5472956895828247,-0.9634285569190979,-1.7724539041519165
0.7415506839752197,1.4657307863235474,-0.3316187262535095,0.6245189905166626,-0.48787036538124084,-0.45772045850753784,-0.4030515253543854,-3.409592628479004,-3.761251449584961,-4.147008895874023,1.7462331056594849,-1.0721690654754639,-0.4186779856681824,-1.7724539041519165
1.039402961730957,1.2629510164260864,-0.6074554324150085,0.1657615303993225,0.6592708230018616,0.6692123413085938,0.3000665009021759,-2.5758185386657715,-3.6859281063079834,-5.62463903427124,1.2633033990859985,-1.4195889234542847,-1.0423294305801392,-1.7724539041519165
1.0334985256195068,1.3274562358856201,-0.5939447283744812,0.8551948666572571,-0.025104446336627007,-0.49241891503334045,-0.15979714691638947,-3.4229750633239746,-4.412041664123535,-5.016136646270752,0.8763560056686401,-0.6145942807197571,-0.2253144234418869,-0.709839403629303
0.9884111881256104,1.137392520904541,-0.5484400391578674,0.5486452579498291,0.7467187643051147,0.37391290068626404,0.03985751420259476,-3.6389713287353516,-4.149950981140137,-4.545894622802734,1.7299408912658691,-1.2491782903671265,-0.6323202252388,-1.4877886772155762
0.7814368009567261,1.3161935806274414,-0.5460996627807617,0.4616335928440094,0.7755352258682251,0.3487785756587982,0.25257277488708496,-2.701338768005371,-3.0725386142730713,-3.735197067260742,2.4602556228637695,-1.3819996118545532,-0.821890115737915,-1.7724539041519165
1.0408436059951782,1.4374537467956543,-0.6087862849235535,0.9863237142562866,0.031212404370307922,-0.008565092459321022,0.16161039471626282,-2.987863302230835,-4.410172939300537,-4.700556755065918,0.7598180770874023,-0.8278064727783203,-0.2923145592212677,-1.1892480850219727
1.0365833044052124,1.3952714204788208,-0.5846680998802185,0.5468773245811462,0.8196098804473877,-0.13195057213306427,0.10841534286737442,-2.909559965133667,-4.148324966430664,-5.038343906402588,0.39627742767333984,-0.885555624961853,-0.19727393984794617,-1.4035625457763672
1.0602110624313354,1.4851619005203247,-0.577504575252533,0.9229084253311157,-0.32555943727493286,-0.17625829577445984,-0.10575497150421143,-3.972466230392456,-4.5074005126953125,-5.9739508628845215,4.840242385864258,0.8827515244483948,1.0634722709655762,-1.7724539041519165
0.9662269353866577,1.3486160039901733,-0.2550942301750183,0.8965832591056824,0.3519325256347656,0.029587147757411003,-0.2672199606895447,-4.036888599395752,-4.684676647186279,-5.536242485046387,1.1849318742752075,-0.35343047976493835,0.2018575668334961,-0.8984894156455994
0.9668334126472473,1.3554012775421143,-0.25899043679237366,0.9247893691062927,0.29478204250335693,-0.049168068915605545,-0.2354797124862671,-3.412956953048706,-4.662883758544922,-5.708657741546631,2.138462781906128,-1.3564274311065674,-0.8683978915214539,-1.5714149475097656
0.9341278076171875,1.3758403062820435,-0.2950051724910736,0.5716298222541809,0.8061781525611877,-0.02004506066441536,0.15137477219104767,-3.3936221599578857,-10.591668128967285,-4.6000871658325195,1.7423112392425537,-1.619536280632019,-0.9939643740653992,-1.7724539041519165
0.9350616931915283,1.4248476028442383,-0.29039013385772705,0.5375560522079468,0.8350976705551147,0.11525419354438782,-0.019022038206458092,-3.1703405380249023,-4.451613426208496,-6.411471843719482,1.0746150016784668,-0.9725127220153809,-0.21169978380203247,-1.4249588251113892
0.9389927387237549,1.434587001800537,-0.2751876711845398,0.18914055824279785,0.6040971279144287,0.730758786201477,-0.25550755858421326,-2.9306628704071045,-3.7054569721221924,-5.876710414886475,-1.3251256942749023,-0.7172912359237671,0.05409104749560356,-1.158275842666626
0.9188869595527649,1.367266058921814,-0.2465505599975586,0.2840868830680847,0.8596725463867188,0.4237110912799835,-0.026957150548696518,-4.799386501312256,-4.268801689147949,-12.884403228759766,3.9120230674743652,-0.5491132140159607,0.2571795582771301,-1.1746851205825806
0.9341278076171875,1.4079936742782593,-0.27672040462493896,-0.08916595578193665,0.8923502564430237,-0.0435461662709713,0.4403001070022583,-4.213024616241455,-10.779138565063477,-3.8267743587493896,5.537334442138672,-0.9939643740653992,-0.5213099718093872,-1.0634723901748657
0.9341278076171875,1.4144243001937866,-0.2803773581981659,-0.49559682607650757,0.6896170377731323,0.41679900884628296,0.32417699694633484,-4.701659202575684,-4.797127723693848,-6.697903156280518,-0.40546509623527527,0.6603259444236755,0.7993419170379639,1.3415043354034424
0.8097668290138245,1.560968041419983,-0.32664284110069275,0.3363969027996063,0.7255424857139587,0.6003383994102478,-0.004365439061075449,-2.4479942321777344,-3.8135998249053955,-4.751229763031006,3.315549850463867,-1.5789282321929932,-1.1157588958740234,-1.6439900398254395
0.9438109397888184,1.484231948852539,-0.31823962926864624,0.2531045973300934,0.56156325340271,0.787771999835968,-0.00022569714928977191,-3.141092300415039,-4.65947961807251,-5.051657676696777,0.7319073677062988,-1.0608290433883667,-0.4711465835571289,-1.227491855621338
0.9733507633209229,1.3777400255203247,-0.2738070487976074,-0.4187491238117218,0.4404445290565491,0.4559255540370941,0.6502227783203125,-3.6146512031555176,-4.152710914611816,-5.167447090148926,16.11809539794922,-1.1223607063293457,-0.49034491181373596,-1.2618236541748047
0.9575072526931763,1.3674081563949585,-0.24394701421260834,0.9609249234199524,-0.08809807896614075,0.17019851505756378,-0.1997361183166504,-3.55132794380188,-5.310347080230713,-5.732485771179199,-1.2271692752838135,0.28010255098342896,0.8372701406478882,-0.15149489045143127
0.762965977191925,1.5655043125152588,-0.3317939341068268,0.8750614523887634,-0.12752532958984375,-0.436187744140625,-0.1665683090686798,-3.1852755546569824,-4.270930767059326,-5.6386799812316895,0.8902482390403748,-0.5447667241096497,0.07814203202724457,-1.3364177942276
0.8265358209609985,1.6522934436798096,-0.2988031208515167,0.1381746530532837,0.41567230224609375,0.8967722058296204,-0.06264138966798782,-2.7709803581237793,-3.270430326461792,-3.7066221237182617,16.11809539794922,-1.4103362560272217,-0.8506795763969421,-1.6866626739501953
0.5839380025863647,1.7151882648468018,-0.7023723721504211,0.44266390800476074,0.760146975517273,0.27623096108436584,0.38719725608825684,-1.9864084720611572,-2.547846555709839,-5.7438836097717285,-0.36677607893943787,-0.9522595405578613,-0.08221303671598434,-1.5110567808151245
0.7456720471382141,1.6578190326690674,-0.29761090874671936,0.3151128888130188,0.5875788927078247,0.7205666899681091,-0.19036419689655304,-3.445657253265381,-4.559637069702148,-5.425390720367432,0.7284792065620422,-0.5251706838607788,0.23870602250099182,-0.7540135979652405
0.896718442440033,1.8409929275512695,-0.6506435871124268,0.02004506066441536,0.9286801218986511,-0.02004506066441536,-0.3697968125343323,-12.113870620727539,-1.780557632446289,-2.2883760929107666,1.4873905181884766,-1.7724539041519165,-1.327602744102478,-1.7724539041519165
0.8135150671005249,1.9433015584945679,-0.36875250935554504,0.7659273743629456,-0.24135564267635345,-0.5938373804092407,-0.04959790036082268,-2.6674411296844482,-3.125143051147461,-4.612337112426758,-0.23326043784618378,-0.08493829518556595,0.7136458158493042,-1.004834771156311
0.8152623772621155,1.8322018384933472,-0.39943259954452515,0.7061655521392822,-0.019907990470528603,-0.5589718818664551,-0.43414780497550964,-2.603456974029541,-3.0428175926208496,-4.965357780456543,1.0336897373199463,-1.2505170106887817,-0.725167453289032,-1.761965036392212
0.8292142748832703,1.9062187671661377,-0.3879311680793762,0.6625671982765198,-0.05110831558704376,-0.6353855729103088,-0.39329099655151367,-2.3615150451660156,-2.9205825328826904,-5.903803825378418,0.5005537271499634,-0.2597799301147461,0.3417693078517914,-0.9228962063789368
0.8699408769607544,1.6818444728851318,-0.2822394073009491,0.9171249270439148,-0.30471158027648926,0.0060347323305904865,-0.25689753890037537,-3.1085660457611084,-3.489349365234375,-5.480968475341797,-0.28015074133872986,-0.8449616432189941,-0.14358338713645935,-1.4034090042114258
0.7858760356903076,1.7123792171478271,-0.32426077127456665,0.026957150548696518,0.9812107682228088,-0.05875276401638985,0.18178796768188477,-11.918416976928711,-3.2973639965057373,-5.9739508628845215,-1.2227606773376465,1.1746851205825806,0.6881291270256042,1.7724539041519165
0.7687773108482361,1.702927827835083,-0.2772604823112488,-0.07406911253929138,0.7190331220626831,0.5417767763137817,-0.4289324879646301,-4.085469722747803,-4.980373382568359,-5.395803451538086,1.6848050355911255,-0.2454943209886551,0.5449970960617065,-0.916877269744873
0.7763614654541016,1.7681331634521484,-0.3168981969356537,0.31760475039482117,0.7584030628204346,0.5691460371017456,0.004982196260243654,-3.438901901245117,-3.978837728500366,-4.917293548583984,-1.2681350708007812,0.06131209805607796,0.6303998827934265,-0.02011234499514103
0.813843309879303,1.8090579509735107,-0.3339787423610687,0.21686670184135437,0.7024537920951843,0.601406991481781,0.31278929114341736,-2.1187374591827393,-3.6386094093322754,-6.388795852661133,0.760854959487915,-1.4585610628128052,-0.9267995357513428,-1.5990960597991943
1.2752553224563599,1.7473055124282837,-0.02580387331545353,-0.4438892900943756,0.24927935004234314,0.35521256923675537,0.7839937210083008,-2.6733734607696533,-3.3452937602996826,-4.250140190124512,0.6085380911827087,-0.9306344985961914,-0.337885320186615,-1.3667007684707642
1.2252267599105835,1.8048533201217651,-0.10191942751407623,0.6249716877937317,0.7324919104576111,0.15539994835853577,0.22071899473667145,-3.801405429840088,-4.4064531326293945,-5.31701135635376,16.11809539794922,-0.7144562005996704,0.06679452955722809,-0.851520299911499
1.3304835557937622,1.856046438217163,-0.11746720969676971,0.5094950199127197,0.7824337482452393,0.30905407667160034,-0.18082530796527863,-3.090001106262207,-3.145421266555786,-5.182426452636719,-0.17983795702457428,-1.3659491539001465,-0.7751582264900208,-1.5312466621398926
1.2902090549468994,1.8624285459518433,-0.10575797408819199,-0.35597261786460876,0.9332659840583801,0.02004506066441536,-0.0435461662709713,-3.3936221599578857,-9.909957885742188,-5.03610372543335,1.9776588678359985,-0.5213099718093872,0.2571795582771301,-0.813243567943573
1.333238124847412,1.7894549369812012,-0.04926832765340805,0.9955562353134155,-0.013242723420262337,-0.025472847744822502,-0.08968554437160492,-3.2692131996154785,-4.282411575317383,-5.8384785652160645,-0.3848213851451874,0.2242828607559204,1.0305756330490112,-0.5636805295944214
1.2641479969024658,1.7031205892562866,0.03210139274597168,0.2979886531829834,0.794447124004364,0.5114964246749878,-0.13574960827827454,-2.063133955001831,-3.6386539936065674,-5.672091484069824,-4.294041633605957,1.684097170829773,1.7724539041519165,1.7724539041519165
-1.2772308588027954,0.13753642141819,0.22836896777153015,-0.08135250210762024,0.7136679291725159,0.6937603950500488,-0.05250100791454315,-1.8156750202178955,-3.8162288665771484,-3.9748592376708984,16.11809539794922,-1.570177674293518,-1.538376808166504,-1.6667124032974243
-1.111358880996704,0.040644943714141846,0.38691478967666626,0.5938073992729187,-0.3151087760925293,-0.2512119710445404,-0.696413516998291,-2.611701726913452,-3.633742570877075,-4.713951587677002,3.3680615425109863,-0.6914587020874023,0.7724161744117737,-1.701115369796753
-1.1978201866149902,0.124335378408432,0.3235969543457031,0.5845816731452942,0.46919673681259155,0.552487850189209,0.36452147364616394,-3.4909751415252686,-4.075063228607178,-5.281707763671875,-0.2677455544471741,1.3002352714538574,1.740874171257019,1.3209307193756104
-1.1378662586212158,0.08166857808828354,0.3889690935611725,0.5210062861442566,0.7555428743362427,-0.36874887347221375,-0.1474166363477707,-3.225222587585449,-3.4867477416992188,-5.974215984344482,1.4483360052108765,1.600267767906189,1.7724539041519165,0.8946530222892761
-1.1489427089691162,0.10608773678541183,0.3732191324234009,0.42382824420928955,0.8507811427116394,0.05443726107478142,-0.30590465664863586,-3.394073724746704,-3.98543643951416,-6.622077465057373,3.286778450012207,1.7724539041519165,1.7724539041519165,1.7724539041519165
-1.1967805624008179,0.16358552873134613,0.26601946353912354,0.5026489496231079,0.8611869215965271,0.00816569197922945,0.0750633254647255,-3.515188694000244,-4.1336212158203125,-4.218355655670166,16.11809539794922,-1.3991445302963257,-0.3698715567588806,-1.697011947631836
-1.1868603229522705,0.16308166086673737,0.2956281900405884,-0.480257123708725,-0.29834213852882385,0.7979835271835327,-0.20872798562049866,-3.274033784866333,-4.656407833099365,-5.818242073059082,0.14941976964473724,0.29629117250442505,1.3196691274642944,0.1846875548362732
-1.2771486043930054,0.225172221660614,0.2657240927219391,0.1083270013332367,0.6883510947227478,0.6987221837043762,0.1619424670934677,-2.5948774814605713,-3.920163154602051,-4.796604633331299,-0.6296977996826172,0.7094464302062988,0.7641781568527222,0.10918150097131729
-1.193367600440979,0.23481936752796173,0.25525611639022827,0.3211938440799713,0.3131093382835388,0.8704025745391846,0.20296889543533325,-2.8712446689605713,-3.48614501953125,-3.8939218521118164,-1.9345296621322632,1.197858452796936,1.7463058233261108,1.3229608535766602
-1.2129641771316528,0.12047998607158661,0.3961315453052521,-0.4712499976158142,0.510807991027832,0.1973007470369339,0.6914268136024475,-3.2731990814208984,-3.996973752975464,-5.220749378204346,3.4860033988952637,0.5245001316070557,1.7072842121124268,-0.32181140780448914
-1.2435023784637451,0.15183216333389282,0.36777061223983765,0.5257933139801025,-0.4238717257976532,-0.3926062285900116,-0.6242871880531311,-3.0291147232055664,-4.1353068351745605,-5.985383033752441,0.6774153113365173,1.1928551197052002,1.7724539041519165,0.39743027091026306
-1.2345541715621948,0.16966377198696136,0.36059507727622986,0.8856067657470703,-0.3424416482448578,0.08224692195653915,0.3027702569961548,-2.015183687210083,-4.325425148010254,-5.094602108001709,-0.4083734154701233,-1.5518378019332886,-1.3297111988067627,-1.7724539041519165
-1.1439287662506104,0.14640235900878906,0.312007874250412,0.49654868245124817,0.783892810344696,0.355604350566864,-0.11179018765687943,-3.1789278984069824,-3.630934000015259,-3.8354756832122803,0.1342456042766571,-0.42789849638938904,0.6412157416343689,-0.80839604139328
-1.1879526376724243,0.11912152171134949,0.3615840673446655,0.6534955501556396,0.5882869362831116,-0.4699551463127136,0.07748649269342422,-3.5861828327178955,-3.8346457481384277,-5.20733642578125,1.0473970174789429,1.5349096059799194,1.7724539041519165,1.7387843132019043
-1.1493061780929565,0.1918790489435196,0.3259301483631134,0.41604679822921753,0.8348126411437988,0.31653741002082825,-0.1726180762052536,-3.113898515701294,-4.596894264221191,-5.355250835418701,0.17889100313186646,0.49632346630096436,1.584011435508728,0.2912537157535553
-1.1423540115356445,0.20812757313251495,0.29503804445266724,0.6039096117019653,0.7482935786247253,0.2744829058647156,-0.003004456637427211,-2.313905954360962,-4.302705764770508,-6.497897148132324,-1.3506672382354736,1.6282246112823486,1.7724539041519165,1.1511584520339966
-0.8992657661437988,0.09091833233833313,0.09384750574827194,0.6703171133995056,0.012202706187963486,-0.6356486678123474,0.3827228844165802,-3.8358752727508545,-4.60075044631958,-6.00421142578125,0.38659775257110596,0.9851769804954529,1.7724539041519165,1.1096915006637573
-0.9192255139350891,0.10953962802886963,0.12200065702199936,-0.16685636341571808,0.6091960668563843,0.450600266456604,0.6308712363243103,-3.525181293487549,-4.2987213134765625,-5.78651237487793,3.090514898300171,1.2117559909820557,1.7496681213378906,1.3699026107788086
-0.7730804085731506,0.01806088723242283,0.2006555050611496,0.5668320655822754,-0.047945715487003326,-0.7991061210632324,0.19450457394123077,-3.4149229526519775,-3.871258020401001,-5.11657190322876,16.11809539794922,0.5063471794128418,1.5421911478042603,0.4047558009624481
-0.8972935676574707,0.09586522728204727,0.15607449412345886,-0.1761123239994049,0.6139384508132935,0.379886269569397,0.6691415905952454,-3.1475534439086914,-4.962997913360596,-7.299734592437744,4.209372043609619,1.021767497062683,1.7724539041519165,1.2024883031845093
-0.9328927993774414,0.11456924676895142,0.16277077794075012,-0.452487051486969,-0.06054781377315521,0.8006380796432495,-0.38803109526634216,-3.3509466648101807,-4.5577850341796875,-6.277157783508301,0.5748199820518494,-0.08718261122703552,0.8769703507423401,-0.24755822122097015
-0.9489914178848267,0.12065315246582031,0.19196002185344696,0.7363236546516418,0.6452459692955017,-0.09221097826957703,-0.1816101223230362,-3.4328911304473877,-3.6166188716888428,-5.219926834106445,-0.4096399247646332,1.7377116680145264,1.7724539041519165,1.591794490814209
-0.9644677042961121,0.12464902549982071,0.19687604904174805,0.6227708458900452,-0.592926025390625,-0.30199095606803894,-0.41157832741737366,-2.9720401763916016,-4.226409912109375,-4.992284774780273,16.11809539794922,0.9093456268310547,1.6306589841842651,0.7544190287590027
-1.107256531715393,0.24244099855422974,0.11020565778017044,0.026957150548696518,-0.6642518043518066,-0.2315549999475479,0.7102289199829102,-16.27709197998047,-3.5433571338653564,-3.87858247756958,-2.053239107131958,1.021767497062683,1.7724539041519165,1.661241054534912
-1.107926845550537,0.10658901929855347,0.32643577456474304,0.8309723138809204,0.3915237784385681,0.14644643664360046,0.36707985401153564,-3.018233060836792,-3.516796350479126,-4.220470428466797,-0.41220149397850037,-1.5008994340896606,-0.6946066617965698,-1.7140916585922241
-1.0943000316619873,0.08569296449422836,0.3562859892845154,0.023564543575048447,0.5429503917694092,0.6695766448974609,-0.506277322769165,-3.6547329425811768,-4.311136245727539,-7.333160400390625,16.11809539794922,0.7445433139801025,1.6755024194717407,0.23287208378314972
-0.8018338680267334,0.047584693878889084,0.23447462916374207,-0.4312591552734375,0.030175821855664253,0.8423942923545837,-0.32167813181877136,-3.273254156112671,-4.140190601348877,-6.449602127075195,3.5516345500946045,0.7033393383026123,1.6510193347930908,0.4088297188282013
-0.8295708298683167,0.0373307466506958,0.27193233370780945,-0.08916595578193665,0.9673170447349548,0.23708467185497284,-0.01175055280327797,-12.013384819030762,-3.731372594833374,-4.311704158782959,0.7827593684196472,0.21547475457191467,1.021767497062683,0.7298339009284973
-0.8060680627822876,0.02050097845494747,0.2746255695819855,0.33181947469711304,0.26291415095329285,0.43680986762046814,0.793705940246582,-3.207876205444336,-4.298684120178223,-6.119973659515381,16.11809539794922,0.09706602245569229,1.2920469045639038,-0.015193725936114788
-0.9349596500396729,0.10570083558559418,0.19321580231189728,0.02004506066441536,0.5301572680473328,0.702167272567749,-0.4748605787754059,-4.0189337730407715,-2.8069632053375244,-16.541025161743164,-0.9135472178459167,0.03475397080183029,1.7724539041519165,-0.6603260040283203
-0.9250470995903015,0.10682055354118347,0.2534222900867462,-0.43805253505706787,0.496478408575058,0.38806667923927307,0.6411110758781433,-3.4900169372558594,-4.227654457092285,-6.220683574676514,1.5907597541809082,0.5366224050521851,1.408036470413208,0.6369816660881042
-0.8035702705383301,0.05602569133043289,0.19715163111686707,0.39468032121658325,0.7922711372375488,-0.01175055280327797,-0.46518364548683167,-3.016644239425659,-14.432584762573242,-4.897692680358887,2.463853359222412,-1.2163898944854736,-0.5908179879188538,-1.7724539041519165
-0.8245159387588501,0.04536205902695656,0.26703378558158875,-0.44705238938331604,-0.009729779325425625,0.841967761516571,-0.3018936514854431,-2.9362616539001465,-3.420825719833374,-5.881889820098877,-0.49583980441093445,-0.3532845973968506,0.8743447661399841,-0.8928762078285217
-0.8310832381248474,0.056304384022951126,0.32594725489616394,0.6125804781913757,0.7175704836845398,-0.3292805254459381,0.03757805749773979,-3.037433624267578,-3.8810160160064697,-5.370713233947754,-0.31628289818763733,0.3518579304218292,1.5247657299041748,0.3769361078739166
-0.805715024471283,0.02498708665370941,0.3636258840560913,0.5121068358421326,0.7711678743362427,-0.3774268627166748,-0.024404939264059067,-2.916534900665283,-4.079769134521484,-6.042776584625244,16.11809539794922,-0.5681763887405396,0.7199856638908386,-0.9202446937561035
-0.936980128288269,0.12372715026140213,0.299098938703537,0.3746781051158905,0.3478960394859314,0.5494521856307983,0.6608229279518127,-3.53247332572937,-4.897531032562256,-6.325195789337158,0.4498051702976227,1.4676423072814941,1.7724539041519165,1.6305387020111084
-0.955004096031189,0.13969185948371887,0.3257090151309967,0.26501303911209106,0.3112262785434723,0.6072404980659485,0.6812967658042908,-3.130892038345337,-4.163121700286865,-5.381025791168213,16.11809539794922,0.48545852303504944,1.4333876371383667,0.5394610166549683
-0.9172675013542175,0.10744291543960571,0.3489983081817627,0.777779757976532,-0.37563714385032654,-0.41318339109420776,-0.28850460052490234,-3.6287810802459717,-4.328085899353027,-4.698476791381836,0.14186358451843262,0.6172049045562744,1.5934793949127197,0.9331419467926025
-0.9345532655715942,0.09143238514661789,0.3881237506866455,-0.2734908163547516,0.6639065742492676,0.39617422223091125,0.5722559094429016,-3.1060879230499268,-4.094989776611328,-5.142775535583496,16.11809539794922,-1.5368777513504028,-0.27347612380981445,-1.664481520652771
-1.0874961614608765,0.22374606132507324,0.27586814761161804,0.23708467185497284,0.927827775478363,0.22879016399383545,-0.174875870347023,-2.650729179382324,-5.971889972686768,-17.025102615356445,5.537334442138672,-0.5213099718093872,-0.2293764054775238,-0.7298339605331421
-1.079077959060669,0.28326791524887085,0.17219555377960205,0.5700207948684692,-0.4154565632343292,-0.21465381979942322,-0.6755707859992981,-3.0904135704040527,-4.311753749847412,-4.642143249511719,-0.644091010093689,0.8848730325698853,1.650893211364746,-0.8927234411239624
-1.0143892765045166,0.19022749364376068,0.33716708421707153,0.7008529901504517,0.6576927900314331,-0.03216575086116791,-0.27424561977386475,-3.248530387878418,-4.1823015213012695,-5.099573612213135,16.11809539794922,1.193057656288147,1.7315086126327515,0.8870109915733337
-1.1150095462799072,0.21845558285713196,0.3049570620059967,0.6174820065498352,0.7418859601020813,0.2575448453426361,-0.04462976008653641,-2.764057159423828,-4.042940616607666,-5.603334426879883,-0.3595101237297058,-1.7578717470169067,-1.740638256072998,-1.7724539041519165
-1.0552555322647095,0.18635617196559906,0.35279566049575806,-0.2605857849121094,-0.6490452289581299,0.7044172286987305,0.12096156924962997,-4.170072555541992,-15.309990882873535,-4.557989120483398,0.6406570076942444,-0.11816361546516418,0.6881291270256042,0.1459667682647705
-1.244638204574585,0.31244000792503357,0.09447720646858215,0.5270904302597046,-0.4058595895767212,-0.15010380744934082,-0.7313839793205261,-3.195258855819702,-3.8308615684509277,-5.665040016174316,16.11809539794922,-0.8037292957305908,0.44471949338912964,-1.2763837575912476
-1.229207158088684,0.28413352370262146,0.11843511462211609,-0.4379403293132782,0.1683027148246765,0.46283477544784546,0.7521079778671265,-3.1472363471984863,-4.364414215087891,-5.105657577514648,2.07218599319458,-0.32233762741088867,0.8878687024116516,-1.1626592874526978
-1.142716884613037,0.34341052174568176,0.07577772438526154,0.8836244940757751,0.4596691429615021,0.0774519294500351,-0.04374122992157936,-2.195319890975952,-3.360093355178833,-4.963541030883789,-0.1655990481376648,-1.6899746656417847,-1.2941621541976929,-1.7724539041519165
-1.227311372756958,0.4148940443992615,0.23536519706249237,0.10380198061466217,0.7690513730049133,0.612174391746521,0.1517486572265625,-1.9138978719711304,-3.802095413208008,-5.0906195640563965,6.583799839019775,-1.7724539041519165,-1.7675093412399292,-1.7724539041519165
-1.2424077987670898,0.4078284204006195,0.2539237439632416,-0.1444280445575714,0.7878473997116089,0.5845889449119568,-0.12920057773590088,-2.530663251876831,-3.9392664432525635,-4.498353481292725,16.11809539794922,-1.3096352815628052,-1.4464112520217896,-1.4464112520217896
-1.160025954246521,0.3407328426837921,0.25023162364959717,0.9316436648368835,0.35456231236457825,-0.03909188508987427,-0.06926392763853073,-3.03334379196167,-3.4940083026885986,-4.616559028625488,16.11809539794922,-1.4155299663543701,-1.1038964986801147,-1.6174873113632202
-1.2147516012191772,0.3878399431705475,0.28436729311943054,0.3623950481414795,0.28337588906288147,0.6049692034721375,0.6499078273773193,-2.501112699508667,-3.2864084243774414,-3.6042957305908203,-1.752738118171692,0.5003727674484253,0.5177040696144104,-0.19882811605930328
-1.2367467880249023,0.43873298168182373,0.2727375626564026,0.11909230798482895,0.7690166234970093,0.6158132553100586,0.12330648303031921,-2.150998115539551,-4.229274272918701,-5.698216438293457,2.0286765098571777,-1.7724539041519165,-1.7724539041519165,-1.7724539041519165
-1.0393085479736328,0.36102035641670227,0.03077354095876217,0.32417699694633484,0.8938930034637451,-0.3089704215526581,0.02004506066441536,-12.689532279968262,-3.3866775035858154,-4.362659931182861,0.8944319486618042,1.1329803466796875,1.522225022315979,1.1051770448684692
-1.0531034469604492,0.37120503187179565,0.07442744076251984,0.511470377445221,-0.3945804536342621,-0.43679681420326233,-0.6260294318199158,-3.0568125247955322,-3.9950978755950928,-4.816525459289551,3.6464738845825195,0.20026743412017822,0.8676364421844482,0.28237131237983704
-1.107968807220459,0.3415042459964752,0.06951719522476196,0.6209626793861389,0.7214161157608032,-0.25037485361099243,0.17685195803642273,-3.003560781478882,-3.7413623332977295,-5.151066303253174,3.771132707595825,-1.2168186902999878,-0.3256157338619232,-1.1746851205825806
-0.9705063104629517,0.334712952375412,0.009031204506754875,0.5129485726356506,0.29974478483200073,-0.785874605178833,0.17157471179962158,-3.2028965950012207,-4.150834083557129,-5.570988178253174,0.34824639558792114,-1.2234413623809814,-0.2642310857772827,-1.7724539041519165
-0.9998900890350342,0.34988340735435486,0.06271899491548538,0.7836329936981201,-0.21716071665287018,-0.4192120134830475,-0.4037596583366394,-3.3603124618530273,-4.332058906555176,-4.802979469299316,1.5482177734375,-0.24034161865711212,0.5699333548545837,-0.34795522689819336
-1.0086395740509033,0.34288108348846436,0.08568097651004791,0.7753142714500427,0.18508121371269226,-0.5840311646461487,-0.15342850983142853,-3.7257704734802246,-4.673829555511475,-5.015313625335693,2.235183000564575,0.9382333755493164,1.6680362224578857,0.7466349601745605
-1.0892295837402344,0.3140159249305725,0.1359674334526062,0.45550671219825745,0.7589987516403198,0.20667147636413574,0.41679900884628296,-4.122344493865967,-3.3396737575531006,-11.819148063659668,5.537334442138672,-0.7715387940406799,0.47960513830184937,-1.4388154745101929
-1.0956686735153198,0.29075849056243896,0.17569267749786377,0.20730194449424744,0.7133729457855225,0.6487919688224792,-0.16490568220615387,-3.5035722255706787,-3.810915946960449,-5.194488048553467,0.48067131638526917,1.3089452981948853,1.7724539041519165,0.3508145213127136
-1.020697832107544,0.3182569146156311,0.10098773241043091,0.7915865778923035,0.5659753680229187,-0.06288693100214005,0.2216029167175293,-3.708430290222168,-4.531338214874268,-4.880343437194824,-0.1941378116607666,-1.2617601156234741,-0.49717217683792114,-1.7421109676361084
-1.019201397895813,0.30974280834198,0.12881138920783997,0.30758798122406006,0.9287047982215881,-0.08225386589765549,-0.19008246064186096,-16.078224182128906,-3.4336814880371094,-4.456078052520752,0.38915154337882996,1.7724539041519165,1.7724539041519165,1.7724539041519165
-0.9907065629959106,0.32231491804122925,0.13704083859920502,0.6598727703094482,-0.516629159450531,-0.10391715168952942,-0.5355963706970215,-3.541616439819336,-4.265265941619873,-5.407706260681152,16.11809539794922,-0.20178872346878052,0.8868927359580994,-0.60721355676651
-1.0040955543518066,0.30997511744499207,0.15875470638275146,0.4019458591938019,0.21152648329734802,0.7543971538543701,0.47389981150627136,-3.650428056716919,-4.923727512359619,-5.229520320892334,1.5242269039154053,1.3676161766052246,1.7458598613739014,0.9950549006462097
-0.9938942193984985,0.2958551347255707,0.17926152050495148,-0.05875276401638985,0.41265174746513367,0.7432907223701477,-0.5232452154159546,-3.971205711364746,-5.392175674438477,-15.88709545135498,3.9120230674743652,-1.4666187763214111,-1.285897970199585,-1.2163898944854736
-0.9403006434440613,0.2775147259235382,0.17819851636886597,0.4114754796028137,0.8446797132492065,0.2508624792098999,-0.23296380043029785,-2.109025716781616,-3.5802550315856934,-5.696634292602539,-1.1588237285614014,0.3390791714191437,1.0254887342453003,-0.2862182557582855
-1.0421769618988037,0.3386562764644623,0.1169133111834526,0.7366291880607605,0.36459124088287354,-0.5506464838981628,-0.14573659002780914,-3.495774030685425,-4.03978967666626,-6.528321743011475,2.1302244663238525,1.075848937034607,1.6539090871810913,0.9754879474639893
-0.9278881549835205,0.280193030834198,0.17440985143184662,0.7103504538536072,0.6602283120155334,0.24329008162021637,-0.01762615703046322,-2.727370262145996,-3.65751314163208,-4.896177768707275,-0.08571845293045044,-1.6505190134048462,-1.6505190134048462,-1.7155508995056152
-0.7510197162628174,0.518698513507843,0.03961055725812912,0.7533122301101685,0.2151113748550415,-0.6189613342285156,0.055988311767578125,-3.3935604095458984,-4.058833599090576,-6.396886348724365,0.6959080696105957,-0.29954981803894043,0.47960513830184937,-0.3107897937297821
-1.113484501838684,0.5275858640670776,0.38768038153648376,0.4906761944293976,0.3805959224700928,0.7064279913902283,0.33962202072143555,-3.2661361694335938,-4.31041145324707,-6.7513322830200195,16.11809539794922,-0.8914884924888611,0.019144725054502487,-1.7724539041519165
-0.786747395992279,0.5252229571342468,0.21562686562538147,0.7191260457038879,-0.18618978559970856,-0.646002471446991,-0.17570410668849945,-3.3804686069488525,-3.7753100395202637,-5.784878730773926,16.11809539794922,-0.6022860407829285,0.023285893723368645,-0.9280322194099426
-1.3032612800598145,0.03040829859673977,0.38504910469055176,0.5414593815803528,0.6938527226448059,0.15261073410511017,0.44955548644065857,-2.182670831680298,-2.405284881591797,-5.115603923797607,-1.6000165939331055,1.6061055660247803,1.7724539041519165,0.7179335951805115
-1.3798022270202637,0.04183754697442055,0.532508909702301,-0.4075787663459778,0.3248245120048523,0.7977951169013977,0.30313608050346375,-0.059116289019584656,-1.3572641611099243,-3.951291561126709,-1.8746776580810547,-1.44302237033844,-1.5683658123016357,-1.6253207921981812
-1.1271312236785889,0.03048998862504959,0.44813814759254456,0.26612409949302673,0.8587432503700256,0.4207523465156555,-0.12126608937978745,-2.872335195541382,-3.065260648727417,-4.1059889793396,-1.2957919836044312,-1.7724539041519165,-0.5268131494522095,-1.5205304622650146
-1.1517256498336792,0.04769020155072212,0.4213811159133911,-0.4733727276325226,0.430255264043808,0.10000095516443253,0.7621013522148132,-2.8437376022338867,-3.521450996398926,-5.355936050415039,16.11809539794922,1.680091381072998,1.7724539041519165,-0.9874967336654663
-1.2189536094665527,0.09121168404817581,0.44607362151145935,-0.47480878233909607,0.517602801322937,0.03630179166793823,0.710862934589386,-3.5924367904663086,-4.129908084869385,-5.236843109130859,16.11809539794922,1.4228954315185547,1.7724539041519165,1.0381072759628296
-1.2047278881072998,0.0499359555542469,0.464555561542511,0.638935923576355,0.07585317641496658,0.5278522968292236,0.5544178485870361,-3.3014140129089355,-4.196020126342773,-8.274879455566406,3.2863757610321045,1.5423964262008667,1.7668507099151611,0.8522242903709412
-1.2017651796340942,0.020566871389746666,0.4888560473918915,0.6205363273620605,0.0801454707980156,0.5082289576530457,0.5917893648147583,-3.292515993118286,-4.383129119873047,-7.627938747406006,2.980947971343994,1.7724539041519165,1.7724539041519165,1.3395559787750244
-1.1950973272323608,-0.014321671798825264,0.5154640078544617,0.5724632740020752,0.17465674877166748,0.49614831805229187,0.6289814710617065,-3.4742848873138428,-4.331578731536865,-6.622077465057373,1.3980467319488525,1.528980016708374,1.7724539041519165,0.5975728631019592
-1.1949256658554077,0.0016400254098698497,0.5021702647209167,-0.1251155436038971,0.5973142385482788,0.6761235594749451,-0.412818044424057,-2.646155834197998,-4.445831775665283,-5.435760021209717,-1.2634063959121704,-0.21515929698944092,1.3933308124542236,-1.7724539041519165
-1.2098720073699951,-0.023027217015624046,0.5291922092437744,0.09746046364307404,0.9307253956794739,-0.12096156924962997,-0.3310891091823578,-5.753053188323975,-4.217079162597656,-5.25438117980957,3.00815486907959,0.9939643144607544,1.3415043354034424,0.7715387344360352
-1.2317124605178833,0.12279335409402847,0.5520915389060974,0.11266706138849258,0.9865949749946594,-0.11266706138849258,-0.03525165840983391,-11.623605728149414,-4.123071193695068,-3.394505262374878,0.8194409012794495,-0.9244563579559326,-0.1459668129682541,-0.8827515840530396
-1.181207299232483,0.14611822366714478,0.5450406074523926,0.11249538511037827,0.6666073203086853,0.7362235188484192,-0.03089328296482563,-3.675563097000122,-4.531149387359619,-5.11415433883667,0.48493528366088867,-1.5843417644500732,0.3857448995113373,-1.3369325399398804
-1.2289924621582031,0.17893369495868683,0.5678720474243164,0.05635940656065941,0.8198837637901306,0.487718790769577,-0.2945244014263153,-2.709582805633545,-3.500051259994507,-6.015031814575195,16.11809539794922,-1.0400537252426147,0.0867237001657486,-0.8624227046966553
-1.1749414205551147,0.1659911870956421,0.5412638783454895,0.588157594203949,0.14879779517650604,0.4875393509864807,0.6278815269470215,-4.125060558319092,-4.901763916015625,-7.758866786956787,16.11809539794922,0.24316127598285675,0.9382412433624268,0.6202056407928467
-1.1696478128433228,0.1840364784002304,0.5542452335357666,0.46255457401275635,0.8475213646888733,0.258889764547348,0.026960186660289764,-3.415302038192749,-4.389840126037598,-4.656815528869629,-0.8713815212249756,0.832269549369812,1.2365292310714722,1.414443850517273
-1.2247790098190308,0.18315131962299347,0.5431464910507202,0.2135835736989975,0.9146549105644226,0.29929348826408386,-0.16796378791332245,-3.732565402984619,-4.890800952911377,-10.587723731994629,0.5890069007873535,0.36839234828948975,0.9939643144607544,1.1746851205825806
-1.2448058128356934,0.21057316660881042,0.5455502867698669,0.8244980573654175,-0.3986896276473999,-0.12696878612041473,-0.3809572458267212,-3.3321523666381836,-3.6307425498962402,-5.273893356323242,16.11809539794922,-0.034449681639671326,0.6598309278488159,0.5973478555679321
-1.2602556943893433,0.2566089630126953,0.5696054100990295,0.5712955594062805,0.7917057871818542,-0.06359900534152985,0.2068297266960144,-3.1346583366394043,-3.2116777896881104,-4.2528910636901855,-1.1050878763198853,0.9822116494178772,1.1805614233016968,1.7298505306243896
-1.2242119312286377,0.25022250413894653,0.5554054975509644,0.7121921181678772,0.22388726472854614,0.4901430010795593,0.449907511472702,-3.3583309650421143,-4.52786111831665,-6.105639457702637,0.03804774582386017,-0.05007532238960266,0.3895610272884369,0.2835630476474762
-1.1954251527786255,0.17979663610458374,0.5547462105751038,-0.48863038420677185,-0.2640083134174347,0.8073971271514893,-0.19912263751029968,-3.7254371643066406,-4.562551975250244,-6.108337879180908,0.3304702341556549,0.20027324557304382,1.0623818635940552,0.481345534324646
-1.1863213777542114,0.21413744986057281,0.5433390140533447,-0.3244936466217041,0.4993075728416443,0.5716434717178345,0.5644639730453491,-3.8959906101226807,-4.39373779296875,-5.021426200866699,2.2574124336242676,-1.3554059267044067,-0.48538652062416077,-1.2620004415512085
-1.2120312452316284,0.20278596878051758,0.5773735642433167,-0.43557068705558777,0.2935603857040405,0.5174556374549866,0.6755294799804688,-3.470496416091919,-4.739063262939453,-5.349705219268799,0.6022080183029175,-1.7724539041519165,-0.8994678854942322,-1.7724539041519165
-1.192274808883667,0.24332164227962494,0.5136812329292297,-0.05396532639861107,0.5504244565963745,0.696778416633606,-0.45674991607666016,-3.828287124633789,-4.683688640594482,-6.09000825881958,1.5868306159973145,0.35863786935806274,1.0393065214157104,0.7416964769363403
-1.1845308542251587,0.0853470042347908,0.6390186548233032,0.3782914876937866,0.6258445978164673,0.487052857875824,0.4774867296218872,-2.899609327316284,-4.188981056213379,-4.459107398986816,-0.6622369289398193,0.021234437823295593,0.8329349756240845,0.2467460036277771
-1.207045555114746,0.045648153871297836,0.6215683817863464,-0.3769477903842926,0.12390632182359695,0.8921470046043396,-0.2159428596496582,-3.609999418258667,-3.967463493347168,-4.561497688293457,1.4225122928619385,-1.7724539041519165,-0.6219174265861511,-1.4869409799575806
-1.208832025527954,0.07258407026529312,0.5825047492980957,-0.08225386589765549,0.9775090217590332,0.09746046364307404,0.16796378791332245,-16.539596557617188,-3.731372594833374,-3.589834690093994,2.463853359222412,-0.18767161667346954,0.7993419170379639,0.28498274087905884
-1.177649736404419,0.07543253898620605,0.575123131275177,0.09813524037599564,0.6758661270141602,0.596747636795044,-0.4212679862976074,-3.7736966609954834,-4.945445537567139,-6.205832004547119,16.11809539794922,0.5620359778404236,1.4322316646575928,1.1420108079910278
-1.199324607849121,0.10356426984071732,0.5934557318687439,-0.39649367332458496,0.22991657257080078,0.7080024480819702,0.5372743010520935,-3.4195713996887207,-4.428491592407227,-5.115462303161621,16.11809539794922,-1.7724539041519165,-1.035669207572937,-1.7724539041519165
-1.2072069644927979,0.04262487217783928,0.6922647356987,0.8832352757453918,-0.33540618419647217,0.2905530333518982,-0.15158191323280334,-2.807842493057251,-3.2055845260620117,-5.1018805503845215,4.13508939743042,-1.7724539041519165,-0.6406620740890503,-1.7724539041519165
-1.1867282390594482,0.05451638251543045,0.712124228477478,0.031723350286483765,0.6629289388656616,0.5358701348304749,0.5218831300735474,-3.5918173789978027,-3.9702060222625732,-4.147241592407227,1.279319405555725,-1.7724539041519165,-1.577831506729126,-1.7724539041519165
-1.120302677154541,0.055532123893499374,0.7796088457107544,0.315937876701355,0.790925145149231,0.22086738049983978,0.47522446513175964,-2.9970927238464355,-4.228475093841553,-5.224884986877441,0.16081304848194122,-0.2457566261291504,0.5041534304618835,0.3250206410884857
-1.1869101524353027,0.12287157773971558,0.6695584058761597,0.6151957511901855,0.310359925031662,0.47483739256858826,0.5474855303764343,-3.4499950408935547,-4.3684468269348145,-5.460115432739258,0.4131322503089905,-0.4718542695045471,0.3485686779022217,-0.1329796463251114
-1.1674779653549194,0.10177645087242126,0.7434741258621216,-0.3707796335220337,0.6840826869010925,0.34523898363113403,0.5247507691383362,-3.6385395526885986,-4.362066745758057,-4.5403151512146,1.509472131729126,0.6977015137672424,1.417379379272461,1.4738967418670654
-1.2366880178451538,0.19912292063236237,0.6444588899612427,0.7435983419418335,0.15123909711837769,0.4390925168991089,0.48102596402168274,-2.450411081314087,-3.4406440258026123,-5.296602725982666,-0.47703811526298523,-1.7724539041519165,-0.3155035376548767,-1.7724539041519165
-1.2303258180618286,0.1580466777086258,0.6304502487182617,0.3310891091823578,0.8053053021430969,0.314500093460083,-0.37809130549430847,-11.917928695678711,-3.68436861038208,-4.073912143707275,3.725693464279175,-1.7724539041519165,-1.1468819379806519,-1.7724539041519165
-1.2344858646392822,0.17994646728038788,0.6222208142280579,0.3449132740497589,0.8968576788902283,-0.14308026432991028,0.23708467185497284,-10.295174598693848,-5.971889972686768,-4.456078052520752,1.7423112392425537,-0.6603260040283203,0.3266875445842743,-0.006950825918465853
-1.1901979446411133,0.12114182859659195,0.5789216160774231,-0.4491420090198517,-0.2041434645652771,0.8589687347412109,-0.1370023787021637,-3.839308977127075,-5.077316761016846,-5.410755634307861,1.5093474388122559,-0.3290669620037079,0.45911625027656555,-0.022504789754748344
-1.1936423778533936,0.1445973515510559,0.6010439991950989,-0.3091834783554077,0.5768045783042908,0.300032377243042,0.6940336227416992,-3.604620933532715,-4.732483863830566,-5.677847385406494,-0.9280241131782532,-1.7724539041519165,-1.1051771640777588,-1.7724539041519165
-1.1969168186187744,0.1556466519832611,0.5781670212745667,-0.3994279205799103,-0.0973362997174263,0.8962690830230713,-0.16638724505901337,-4.00409460067749,-4.989162921905518,-6.605449199676514,3.139467477798462,0.05703403055667877,0.811529278755188,0.36743879318237305
-1.1841468811035156,0.12118262052536011,0.6377378702163696,0.2586631774902344,0.5854533314704895,0.7505967020988464,0.16414125263690948,-3.6373071670532227,-4.787250995635986,-6.9499711990356445,16.11809539794922,-1.7724539041519165,-1.1491338014602661,-1.7724539041519165
-1.2283614873886108,0.2305290549993515,0.6336939334869385,0.6623998880386353,-0.2490973025560379,-0.6440040469169617,0.2905782163143158,-3.503730297088623,-4.016788959503174,-5.415102005004883,-1.5495126247406006,-0.5877485871315002,0.25154805183410645,-0.5151711702346802
-1.255334734916687,0.23049762845039368,0.5911694765090942,0.8024047017097473,0.19228659570217133,0.43441808223724365,0.3611834645271301,-2.3978798389434814,-3.758867025375366,-5.250277519226074,16.11809539794922,-1.7263442277908325,-0.45798829197883606,-1.770111083984375
-1.2498595714569092,0.269204318523407,0.598732590675354,0.5160219669342041,0.5320816040039062,0.4533691704273224,0.4950423240661621,-3.265632152557373,-4.312971115112305,-7.320041656494141,-0.22046461701393127,-0.28045517206192017,0.07037638127803802,0.09191510081291199
-1.2444573640823364,0.2107108235359192,0.6394404172897339,-0.10441228747367859,0.5984856486320496,0.7413766384124756,-0.28508543968200684,-3.262542963027954,-3.8250012397766113,-5.083831310272217,0.4484565258026123,-1.7724539041519165,-1.7724539041519165,-1.665964126586914
-1.1774064302444458,0.16976501047611237,0.668555736541748,0.6445989608764648,0.4510670006275177,0.5947749614715576,0.16514679789543152,-3.704349994659424,-5.6683030128479,-6.563797473907471,1.6802502870559692,-1.7724539041519165,-1.178053855895996,-1.7724539041519165
-1.167577862739563,0.20184625685214996,0.6529918313026428,-0.01175055280327797,0.7425112724304199,-0.6656342148780823,-0.0739593580365181,-4.599625110626221,-6.692615985870361,-4.744825839996338,-0.8566524386405945,-1.035669207572937,0.8410466909408569,-1.7724539041519165
-1.1746405363082886,0.22841714322566986,0.652597963809967,0.41962623596191406,0.37374913692474365,0.5728974342346191,0.5966690182685852,-4.13292932510376,-5.054064750671387,-7.044227123260498,16.11809539794922,0.018475061282515526,0.671616792678833,0.32855504751205444
-1.1855710744857788,0.14811711013317108,0.6912235021591187,0.6181959509849548,-0.5687172412872314,-0.1777472347021103,-0.512640655040741,-3.565286159515381,-4.4123215675354,-5.582270622253418,0.8287748098373413,-1.7724539041519165,-1.035669207572937,-1.7724539041519165
-1.1720845699310303,0.17620748281478882,0.6758911609649658,-0.08916595578193665,0.9350683093070984,0.33800119161605835,0.05875276401638985,-15.69640064239502,-4.358090877532959,-3.394505262374878,0.4712783396244049,-1.6473394632339478,-0.7020307779312134,-1.619536280632019
-1.1779980659484863,0.17450350522994995,0.7371803522109985,0.5070399045944214,0.518422544002533,0.21474088728427887,0.6542438268661499,-2.7234532833099365,-3.8586480617523193,-5.261627197265625,-0.11922851204872131,-0.539290189743042,0.43353456258773804,-0.6150596737861633
-1.172431230545044,0.20077797770500183,0.6730287671089172,-0.42509353160858154,0.899196445941925,0.09746046364307404,0.03525165840983391,-14.049781799316406,-4.749789714813232,-3.827626943588257,0.6406570076942444,-0.29888439178466797,0.21547475457191467,-0.03475402295589447
-1.1788592338562012,0.20967882871627808,0.6836892366409302,0.6555666923522949,0.1484343558549881,0.5957364439964294,0.4396563172340393,-3.6798582077026367,-4.862761974334717,-7.280688285827637,16.11809539794922,0.2721529006958008,0.8414933085441589,0.6962856650352478
-1.174513816833496,0.2560742497444153,0.6959967017173767,0.5726654529571533,0.4019758999347687,0.6521989703178406,0.291729599237442,-3.640425682067871,-3.9703993797302246,-5.5287184715271,-0.20564717054367065,-1.7724539041519165,-0.49975845217704773,-1.7724539041519165
-1.1752071380615234,0.22726650536060333,0.7136430144309998,0.6843432784080505,0.151872456073761,0.5778738856315613,0.41793641448020935,-3.961141586303711,-5.122169017791748,-6.506491661071777,2.594175338745117,-0.22116267681121826,0.5201916694641113,0.05472917482256889
-1.0996297597885132,0.041603878140449524,0.3799886405467987,0.05045825615525246,0.9595133066177368,-0.2757923901081085,-0.026957150548696518,-3.3427860736846924,-3.778376340866089,-15.79367733001709,1.6524039506912231,-0.813243567943573,0.5491131544113159,-1.7724539041519165
-1.1138434410095215,0.0528208464384079,0.461209774017334,-0.5135682821273804,0.6560148596763611,-0.4983616769313812,-0.2398495078086853,-3.5416531562805176,-17.221481323242188,-2.86796498298645,-0.6755514144897461,1.7724539041519165,1.7724539041519165,1.7724539041519165
-0.7681319713592529,-0.015181914903223515,0.38936886191368103,0.4493635594844818,0.08779346197843552,0.48513153195381165,0.7449913620948792,-3.289252996444702,-3.961669683456421,-5.490901947021484,16.11809539794922,0.7335494160652161,1.6462750434875488,0.527947723865509
-0.7766212821006775,-0.0005938130780123174,0.4054858684539795,0.8606324791908264,0.38311901688575745,-0.2550915777683258,-0.21785269677639008,-3.6389729976654053,-3.957078218460083,-5.4423418045043945,-2.0640857219696045,-1.7724539041519165,-1.1761524677276611,-1.4446572065353394
-0.9259657263755798,0.13186919689178467,0.4037822484970093,0.6692885756492615,0.08330049365758896,-0.6538562178611755,0.34290793538093567,-2.8878612518310547,-3.732957601547241,-5.20306921005249,0.7549939751625061,0.3865449130535126,1.2912006378173828,0.4973122775554657
-0.900985598564148,0.10516668856143951,0.38356664776802063,0.2979110777378082,0.9341154098510742,0.19008246064186096,0.05045825615525246,-2.730275869369507,-3.9193880558013916,-15.309599876403809,-0.9135472178459167,1.7724539041519165,1.7724539041519165,1.7724539041519165
-0.8478092551231384,0.09086418896913528,0.40195924043655396,0.598471999168396,-0.6932803392410278,-0.14739009737968445,-0.37345653772354126,-3.362147331237793,-4.784359931945801,-6.180475234985352,1.4183756113052368,0.6662744283676147,1.4913822412490845,0.6037499308586121
-0.8411936163902283,0.09081483632326126,0.42888790369033813,0.6117430925369263,0.6706002950668335,-0.4131845235824585,0.0731036514043808,-3.376054525375366,-4.260532855987549,-6.173948287963867,1.619985580444336,-0.36757904291152954,0.6889424920082092,-0.49188005924224854
-0.9039360880851746,0.09958396852016449,0.45377036929130554,0.5920022130012512,0.24367953836917877,-0.7650588154792786,-0.06956052780151367,-3.2189085483551025,-4.13800573348999,-4.55010986328125,-0.40513819456100464,1.3860703706741333,1.7285085916519165,1.5321729183197021
-0.8519647121429443,0.08400020003318787,0.43723905086517334,0.6553850769996643,-0.6017599105834961,-0.12926085293293,-0.4377751052379608,-3.3937270641326904,-5.1382737159729,-6.438620567321777,16.11809539794922,0.41929396986961365,1.4669642448425293,0.22100350260734558
-0.7976039052009583,0.0658973827958107,0.4208533465862274,0.8906749486923218,0.03096035122871399,-0.43018847703933716,-0.1437966376543045,-3.4797725677490234,-4.587296962738037,-4.8660688400268555,-0.7430570125579834,-1.602203130722046,-0.9580942392349243,-1.7724539041519165
-0.8143255710601807,0.057825811207294464,0.4474155902862549,0.7074435353279114,-0.4271426200866699,-0.14078114926815033,-0.5452095866203308,-3.309539318084717,-4.409770965576172,-5.803114414215088,3.2730331420898438,0.12054909765720367,1.2674497365951538,-0.19710148870944977
-0.8114076852798462,0.049093037843704224,0.4666288495063782,0.5608605146408081,-0.5041650533676147,-0.05356018245220184,-0.6545107960700989,-3.7926650047302246,-4.370141506195068,-5.739375591278076,16.11809539794922,0.5689396858215332,1.5148969888687134,0.5558815002441406
-0.8032236099243164,0.009021259844303131,0.48589813709259033,0.4002099931240082,0.8724818229675293,-0.05045825615525246,0.2757923901081085,-13.954325675964355,-4.029063701629639,-5.611069679260254,5.537334442138672,0.4379003345966339,1.3415043354034424,-1.2163898944854736
-0.9224793910980225,0.10303012281656265,0.4876871407032013,-0.13616816699504852,0.9330018162727356,0.31588250398635864,0.10575497150421143,-16.1816349029541,-5.313836097717285,-3.683253049850464,1.3862943649291992,-0.7020307779312134,0.7715387344360352,-0.8410467505455017
-0.9206920862197876,0.08540917932987213,0.5331411361694336,0.5509800314903259,0.15034504234790802,-0.8179017305374146,0.0696716383099556,-3.2307393550872803,-4.3310227394104,-5.375580310821533,16.11809539794922,0.46205270290374756,1.5045459270477295,0.4598529040813446
-0.9306033253669739,0.11353711038827896,0.5200098752975464,-0.4213571846485138,0.41634872555732727,0.42282477021217346,0.6858068704605103,-3.4116761684417725,-4.764671802520752,-5.118555545806885,16.11809539794922,0.3601127862930298,1.5167022943496704,0.24852560460567474
-0.9081254005432129,0.0868086889386177,0.5218485593795776,0.60284823179245,0.16606047749519348,-0.759265661239624,-0.18031518161296844,-3.579512596130371,-5.00418758392334,-5.3363261222839355,0.46787363290786743,-1.3432847261428833,0.058516766875982285,-1.6827439069747925
-0.870752215385437,0.07032810896635056,0.4911119043827057,0.6518049836158752,-0.5555409789085388,-0.06314197927713394,-0.5123841762542725,-2.9175639152526855,-4.574357509613037,-5.789135456085205,16.11809539794922,0.2234002649784088,1.2753746509552002,0.097159743309021
-0.9767538905143738,0.16446858644485474,0.3990306258201599,0.2909989655017853,0.8588073253631592,0.1043725535273552,0.40850451588630676,-3.0188231468200684,-2.5791218280792236,-14.046401977539062,-1.7423112392425537,0.8410466909408569,1.522225022315979,1.7446506023406982
-0.9742822647094727,0.19309768080711365,0.4857036769390106,0.09746046364307404,0.982166588306427,-0.09746046364307404,0.12787365913391113,-5.32076358795166,-8.448474884033203,-3.680776357650757,1.1569843292236328,1.7446506023406982,1.7724539041519165,0.7715387344360352
-0.9372167587280273,0.1662481278181076,0.4585358798503876,-0.0819644182920456,0.5345048308372498,0.6169058084487915,0.5718510150909424,-3.229276180267334,-5.142223358154297,-6.344369411468506,16.11809539794922,-0.33119967579841614,0.6418169140815735,-0.4147045910358429
-0.8587588667869568,0.1330605000257492,0.40607401728630066,0.5255156755447388,0.7657508254051208,0.14628535509109497,-0.3406750559806824,-3.194117307662964,-3.844334840774536,-5.377857685089111,0.05200837180018425,-0.7752367854118347,0.24438858032226562,-0.8432959318161011
-0.8092999458312988,0.1522746980190277,0.513131856918335,0.34629568457603455,0.9143540263175964,-0.13616816699504852,-0.15966928005218506,-13.178853034973145,-3.295989513397217,-3.0876283645629883,-1.773577094078064,0.6881291270256042,1.2024883031845093,0.9522594809532166
-0.9478821754455566,0.08281423896551132,0.5783403515815735,0.16339325904846191,0.7881250381469727,0.47946372628211975,-0.34967994689941406,-4.335773944854736,-4.639029026031494,-6.765017032623291,16.11809539794922,0.13534358143806458,1.3728057146072388,-0.46000733971595764
-0.8102512359619141,-0.02093348279595375,0.783026397228241,0.6424973607063293,0.7395238876342773,-0.13363568484783173,0.1498100906610489,-2.5969319343566895,-3.342118263244629,-4.308631896972656,0.6359705924987793,-1.2455573081970215,-0.4809792935848236,-1.3913042545318604
-1.2218050956726074,0.28847941756248474,0.5225386023521423,0.6261385083198547,0.2536667585372925,-0.724939227104187,-0.1344132125377655,-3.9827768802642822,-5.130638599395752,-6.618261337280273,0.8254386186599731,0.6822888255119324,1.072232723236084,1.328425407409668
-1.2731541395187378,0.297978013753891,0.5245264768600464,0.8487318158149719,0.37267768383026123,-0.2813313603401184,-0.24823035299777985,-3.3136355876922607,-3.878328323364258,-4.268787384033203,-0.1167449802160263,-0.7374430894851685,-0.05504508689045906,-0.9001181721687317
-1.2296793460845947,0.3207111656665802,0.5151934027671814,0.26931360363960266,0.44395145773887634,0.469912052154541,0.7138346433639526,-3.6491329669952393,-4.309891223907471,-6.4227705001831055,0.8638941645622253,-0.41932639479637146,0.16645123064517975,-0.15290141105651855
-1.2172138690948486,0.2790655195713043,0.5259965062141418,0.5384751558303833,0.23705576360225677,0.5310352444648743,0.6097955703735352,-3.637517213821411,-3.903815746307373,-6.3630266189575195,0.40278467535972595,0.05359936133027077,0.608315110206604,0.46895772218704224
-1.2307153940200806,0.336243212223053,0.5036234259605408,0.37809130549430847,0.8141136169433594,0.02004506066441536,-0.4403001070022583,-6.190552234649658,-5.088158130645752,-7.500072002410889,2.3599960803985596,1.7724539041519165,1.480520248413086,0.9522594809532166
-1.239984154701233,0.35002759099006653,0.506183385848999,0.2840868830680847,0.37809130549430847,0.33800119161605835,0.8136932849884033,-4.8483781814575195,-6.268002510070801,-15.789678573608398,0.9718605875968933,0.9105547070503235,-0.1459668129682541,-0.41009721159935
-1.2455452680587769,0.329351007938385,0.5504342317581177,-0.2605857849121094,0.961115300655365,-0.02004506066441536,0.08916595578193665,-16.732988357543945,-4.9388108253479,-3.782045602798462,1.4360558986663818,-0.2571796178817749,0.10426196455955505,0.07645876705646515
-1.3496513366699219,0.5202048420906067,0.5310025811195374,0.8503912687301636,0.3304618299007416,0.3819597661495209,0.14743272960186005,-2.429713249206543,-3.322815179824829,-4.755019187927246,16.11809539794922,-1.1476553678512573,-0.1660192608833313,-1.6722114086151123
-1.2293086051940918,0.5763647556304932,0.42666929960250854,0.8942671418190002,0.2912157475948334,-0.2180602103471756,0.2606326639652252,-2.7850029468536377,-3.3078184127807617,-3.9062225818634033,1.5424423217773438,-1.6030768156051636,-1.158339500427246,-1.7724539041519165
-1.1240081787109375,0.5114931464195251,0.4328860342502594,0.005823676008731127,0.6118571758270264,0.7459812164306641,-0.26288577914237976,-2.9187915325164795,-4.024650573730469,-4.630909442901611,-0.8194525837898254,-1.1304819583892822,-0.7207064628601074,-1.7724539041519165
-1.1591148376464844,0.5316261649131775,0.5407677888870239,0.47548288106918335,0.15244576334953308,0.41402435302734375,0.761091411113739,-3.976715087890625,-4.247555732727051,-5.704944133758545,-0.4725893437862396,0.6077494025230408,1.0784122943878174,-0.4218663275241852
-1.2343096733093262,0.26765716075897217,0.5791884660720825,0.5124172568321228,0.38731178641319275,-0.7626636028289795,-0.07591008394956589,-4.306989669799805,-4.5721049308776855,-6.881882667541504,16.11809539794922,-0.8479447364807129,-0.028599372133612633,-0.6385716795921326
-1.232688546180725,0.2862355411052704,0.5751258730888367,0.5779064893722534,0.2910657227039337,0.5724186301231384,0.5036286115646362,-3.8663134574890137,-4.691400051116943,-5.437325477600098,-0.8397544622421265,0.4988763928413391,0.707787811756134,1.356748342514038
-1.2439320087432861,0.2928474247455597,0.6030704379081726,0.6057796478271484,0.32987651228904724,-0.7038717865943909,-0.16963788866996765,-3.26485538482666,-4.817171096801758,-6.5002360343933105,1.0736937522888184,0.24228397011756897,0.7299976944923401,0.7483160495758057
-1.228861689567566,0.2641402781009674,0.6221132278442383,0.0739593580365181,0.9857810735702515,-0.1444626748561859,-0.0435461662709713,-13.268831253051758,-3.8336400985717773,-4.266691207885742,-0.4218320846557617,0.28498274087905884,0.7993419170379639,0.7715387344360352
-1.1875406503677368,0.26968470215797424,0.6587035059928894,0.3537554144859314,0.6043298840522766,0.565065324306488,0.4362838864326477,-4.574854850769043,-5.694242000579834,-6.529556751251221,1.548772931098938,1.43292236328125,0.6906412243843079,0.2512863874435425
-1.1973531246185303,0.26646390557289124,0.7010192275047302,0.7006421089172363,0.2907114624977112,0.5763806700706482,0.30392903089523315,-3.2852001190185547,-3.980323314666748,-6.226263523101807,0.36248525977134705,-0.8598357439041138,0.25690793991088867,-1.2111766338348389
-1.1845057010650635,0.2665216326713562,0.6862840056419373,0.17541062831878662,0.601345419883728,0.7369845509529114,-0.25390663743019104,-3.867643356323242,-4.967751502990723,-5.0313496589660645,2.05706787109375,0.1459667682647705,0.7382879257202148,0.5600083470344543
-1.198926329612732,0.30967527627944946,0.701274037361145,0.2566007673740387,0.5246858596801758,0.3938027322292328,0.7097747325897217,-3.8310790061950684,-4.140699863433838,-5.184921741485596,16.11809539794922,0.1629321277141571,0.7505247592926025,0.63141268491745
-1.179434895515442,0.275039404630661,0.726312518119812,0.6299639940261841,0.12568075954914093,0.5506200790405273,0.533073365688324,-3.9004404544830322,-5.002553462982178,-6.812636852264404,3.1725664138793945,0.36876004934310913,0.806407630443573,0.7722741365432739
-1.1979660987854004,0.25141623616218567,0.7365801930427551,-0.6490452289581299,0.7498871684074402,-0.042163748294115067,0.12096156924962997,-4.023579120635986,-7.880954742431641,-3.159963369369507,1.8718022108078003,-1.7585523128509521,-1.285897970199585,-1.7585523128509521
-1.1651073694229126,0.2627192437648773,0.7463374137878418,0.9115062355995178,-0.36972135305404663,0.11378803104162216,0.13969555497169495,-2.9665791988372803,-3.5636916160583496,-5.796433448791504,-1.4706342220306396,0.9222042560577393,0.8270253539085388,1.661241054534912
-1.1988295316696167,0.31226441264152527,0.7512365579605103,0.32862982153892517,0.5176216959953308,0.7239802479743958,0.3161056637763977,-3.465776205062866,-4.348138332366943,-5.397494316101074,16.11809539794922,-1.57743239402771,-0.1201559528708458,-1.7724539041519165
-1.1933104991912842,0.32920005917549133,0.7307099103927612,0.684673547744751,0.36555373668670654,0.39709872007369995,0.48980119824409485,-3.3676679134368896,-4.184260368347168,-4.3570942878723145,-1.3267744779586792,-1.7724539041519165,-1.071264624595642,-1.7724539041519165
-1.2016736268997192,0.33147168159484863,0.740237295627594,-0.261968195438385,0.8091949820518494,-0.4416825473308563,0.28546929359436035,-3.49120831489563,-4.550507545471191,-11.724444389343262,4.840242385864258,-1.2163898944854736,-0.5491132140159607,-1.1468819379806519
-1.2210733890533447,0.349957674741745,0.8042995929718018,0.40942254662513733,0.5814507007598877,0.3067426085472107,0.6326114535331726,-2.9526994228363037,-3.146800994873047,-6.307555198669434,8.916247367858887,-0.9404720664024353,-0.17373183369636536,-0.8988025784492493
-1.411887764930725,0.5229017734527588,0.5867063999176025,0.3805270195007324,0.8053855895996094,0.45128437876701355,0.05381124094128609,-2.836458921432495,-3.6215896606445312,-4.939672946929932,0.641005277633667,-0.051744136959314346,1.1795470714569092,-0.7557376027107239
-1.2506769895553589,0.4991154074668884,0.5863052010536194,-0.3949374854564667,-0.3264714777469635,0.8520019054412842,-0.10739415884017944,-2.8317902088165283,-3.822050094604492,-4.513041019439697,16.11809539794922,-1.3893048763275146,-0.5960953831672668,-1.7724539041519165
-1.2482179403305054,0.5186998844146729,0.6063801646232605,-0.03334934636950493,0.7679385542869568,0.5842693448066711,-0.2603604197502136,-3.5166304111480713,-3.775503396987915,-6.212133884429932,3.3688323497772217,0.949323832988739,1.7724539041519165,-0.2446267008781433
-1.2195930480957031,0.5096083283424377,0.6078505516052246,-0.15137477219104767,0.8960070610046387,0.2909989655017853,0.29929348826408386,-13.658736228942871,-4.655050754547119,-3.680776357650757,0.7465723752975464,1.7724539041519165,1.7724539041519165,0.8410466909408569
-1.2470158338546753,0.5338618159294128,0.6172621250152588,0.9048925042152405,-0.07641609013080597,0.1970936805009842,0.36943763494491577,-3.2871928215026855,-3.9974377155303955,-6.488281726837158,1.173209309577942,1.703354001045227,1.7724539041519165,1.5519922971725464
-1.2393661737442017,0.5159703493118286,0.61662757396698,0.6277239322662354,0.5896012783050537,-0.48730233311653137,0.1444626748561859,-4.218531608581543,-12.600332260131836,-3.2322986125946045,-0.7286538481712341,-1.7724539041519165,-1.7585523128509521,-1.7724539041519165
-1.2230340242385864,0.525823712348938,0.6037200689315796,0.958588182926178,-0.20042872428894043,0.04484855756163597,-0.19729571044445038,-2.9065208435058594,-3.632241725921631,-4.339391708374023,2.004943370819092,-1.1243547201156616,-0.3112238645553589,-1.5009040832519531
-1.1289417743682861,0.5172799229621887,0.5753024220466614,0.6919636130332947,0.38854408264160156,-0.5896205902099609,-0.15022458136081696,-3.206272840499878,-4.7272114753723145,-5.899681568145752,1.6394931077957153,-0.2509134113788605,0.6196171641349792,-0.4227329194545746
-1.127768874168396,0.5123170614242554,0.5964483022689819,0.7784696221351624,-0.02615387551486492,-0.4874158203601837,-0.3946223556995392,-3.3841850757598877,-4.968526840209961,-6.469542026519775,0.05207573249936104,0.2033674120903015,0.964787483215332,0.20625849068164825
-1.1495392322540283,0.50560462474823,0.5977336168289185,0.8242630958557129,0.19589048624038696,0.41669535636901855,0.32951822876930237,-3.310073137283325,-3.86251163482666,-3.90447735786438,16.11809539794922,-1.5229907035827637,-0.4123483896255493,-1.730391263961792
-1.1276276111602783,0.5150588154792786,0.6311631202697754,0.5019243955612183,0.5196303725242615,0.5199859738349915,0.4557090401649475,-3.7910232543945312,-4.059492111206055,-4.8660736083984375,-0.8026995658874512,1.1572163105010986,1.6894034147262573,0.7983009219169617
-1.1228007078170776,0.47214409708976746,0.6408047676086426,0.5622932314872742,0.15267696976661682,-0.7822735905647278,0.2203725278377533,-3.735079526901245,-4.891955852508545,-5.712182521820068,1.1363489627838135,0.044196926057338715,1.1240226030349731,-0.3405487835407257
-1.1365325450897217,0.49103373289108276,0.6554760336875916,-0.2412792444229126,0.313894659280777,0.8802805542945862,-0.2614586651325226,-4.101558685302734,-4.469808101654053,-7.3578996658325195,16.11809539794922,1.0400642156600952,1.6310027837753296,0.5371640920639038
-1.14237380027771,0.5262678861618042,0.5977407693862915,0.6662813425064087,-0.4190514087677002,-0.1860206127166748,-0.5880998969078064,-3.08059024810791,-4.457979679107666,-5.233757495880127,0.24280507862567902,-1.2985727787017822,-0.2590411305427551,-1.7548935413360596
-1.1542131900787354,0.5268530249595642,0.6351062059402466,0.8113766312599182,-0.4232791066169739,-0.13809055089950562,-0.37872642278671265,-3.887314558029175,-4.17973518371582,-5.99533224105835,16.11809539794922,1.5425649881362915,1.7624586820602417,1.2743533849716187
-1.1283738613128662,0.5214532613754272,0.6373692750930786,0.9005333185195923,-0.35088998079299927,0.0891316756606102,0.2407728135585785,-3.678877353668213,-4.2473931312561035,-5.616957187652588,-0.16409917175769806,-0.6334332227706909,0.3453959822654724,-1.1562315225601196
-1.1325119733810425,0.47999516129493713,0.6687503457069397,0.11366482824087143,0.9015730619430542,0.4149782657623291,-0.04515949264168739,-3.932070732116699,-4.277031421661377,-5.898412227630615,-0.8137059211730957,1.6940447092056274,1.7724539041519165,1.0373685359954834
-1.0939220190048218,0.46162480115890503,0.42407944798469543,0.5187898278236389,0.37412700057029724,0.7372559905052185,0.21757687628269196,-3.8720831871032715,-4.52458381652832,-6.0251994132995605,16.11809539794922,-1.285300850868225,-0.35487452149391174,-1.7724539041519165
-1.0909639596939087,0.4398588240146637,0.43598729372024536,0.8084842562675476,-0.046964533627033234,-0.4845803380012512,-0.33065006136894226,-3.9715163707733154,-4.455356121063232,-6.127150535583496,16.11809539794922,-0.1268956959247589,0.3433009386062622,-1.5812227725982666
-1.1138179302215576,0.4994739890098572,0.38800227642059326,0.5310677289962769,0.37021660804748535,0.6426860690116882,0.40970879793167114,-3.45951247215271,-5.007750034332275,-6.9837212562561035,2.5989644527435303,-0.6875950694084167,0.29941847920417786,-1.460469126701355
-1.0995912551879883,0.5057927966117859,0.3891943097114563,0.6910654306411743,-0.31877899169921875,-0.5835801959037781,-0.28327131271362305,-4.058750629425049,-4.337637901306152,-4.553181171417236,0.08022145926952362,-1.737112283706665,-0.8429921865463257,-1.7724539041519165
-1.0951035022735596,0.5005017518997192,0.4313475787639618,0.47979652881622314,0.6467251777648926,0.42085421085357666,0.41764044761657715,-3.636045217514038,-3.8375589847564697,-5.921932697296143,3.3925490379333496,-0.5512309670448303,0.45637574791908264,-0.9603703618049622
-1.0760427713394165,0.4782029986381531,0.4529431462287903,0.4431042969226837,0.4620767831802368,0.6356839537620544,0.43133455514907837,-3.936337471008301,-4.370615005493164,-6.470591068267822,2.3350961208343506,-0.30169156193733215,0.5741091966629028,-0.7075108885765076
-1.0832546949386597,0.5154320001602173,0.44709962606430054,0.5104585289955139,0.2847862243652344,0.7444276809692383,0.3227325677871704,-3.8684608936309814,-5.105424404144287,-6.140676975250244,3.1172986030578613,0.4695410132408142,0.9817813038825989,0.4855428636074066
-1.0294811725616455,0.5162343978881836,0.5051845908164978,0.7220185399055481,0.6277464628219604,-0.11260729283094406,0.2682223618030548,-2.4163074493408203,-3.590501070022583,-4.003361225128174,-1.853041410446167,-1.7099806070327759,-1.549189805984497,-1.7724539041519165
-1.098482370376587,0.48999208211898804,0.5968793034553528,0.09746046364307404,0.909523606300354,-0.15966928005218506,-0.3711792230606079,-16.927942276000977,-5.461526870727539,-3.825446605682373,3.725693464279175,-0.813243567943573,-0.006950825918465853,-0.9939643740653992
-1.1162009239196777,0.4788975715637207,0.6524028182029724,0.6570971012115479,0.40061280131340027,0.4891503155231476,0.41044458746910095,-3.835481882095337,-4.449883460998535,-5.5133771896362305,0.6193898916244507,-0.2815033793449402,0.5932583212852478,-1.6421284675598145
-1.1149426698684692,0.5240957736968994,0.6130594611167908,0.25355374813079834,0.5101538300514221,0.8128119111061096,-0.12161567062139511,-3.909864664077759,-4.45744514465332,-5.860962867736816,16.11809539794922,-1.7724539041519165,-0.6894871592521667,-1.7724539041519165
-1.1108094453811646,0.5124408006668091,0.6345282793045044,0.5367675423622131,0.42903733253479004,0.719983696937561,0.09711363911628723,-3.4425222873687744,-4.901345252990723,-5.678633213043213,16.11809539794922,-0.7082213759422302,0.35346394777297974,-1.680344581604004
-1.1164017915725708,0.46560433506965637,0.6685582995414734,0.23846709728240967,0.7314229011535645,-0.3089704215526581,-0.5591880679130554,-6.04058837890625,-4.311551570892334,-15.305033683776855,0.3405072093009949,1.7724539041519165,1.230291485786438,-1.1746851205825806
-0.49939942359924316,0.01725436933338642,0.07607048004865646,0.6415044069290161,0.29516997933387756,0.28625109791755676,0.647616446018219,-2.4406650066375732,-4.484927654266357,-4.603438854217529,16.11809539794922,0.6148717403411865,0.8267435431480408,1.1796241998672485
-0.5669441819190979,0.00447045685723424,0.13978156447410583,0.5989227294921875,-0.007349918130785227,-0.7539365291595459,-0.269846647977829,-2.6244800090789795,-4.258068084716797,-4.479053974151611,-2.3236589431762695,0.025639137253165245,1.6048953533172607,-0.6915074586868286
-0.4953279197216034,0.03915232792496681,0.06089328974485397,0.5738173723220825,0.461090624332428,0.3816990256309509,0.5589588284492493,-2.804936170578003,-4.488903045654297,-4.698764324188232,3.504262685775757,-0.15876707434654236,-0.1435001790523529,0.2678227126598358
-0.4825052320957184,0.02950948476791382,0.07850484549999237,0.60639888048172,0.3756888508796692,0.37373876571655273,0.5928386449813843,-2.7278833389282227,-4.694978713989258,-6.623193264007568,0.8813446760177612,1.1303715705871582,1.2802658081054688,1.7724539041519165
-0.5116578340530396,0.03858087211847305,0.08750459551811218,-0.08194887638092041,0.707838773727417,0.6953623294830322,-0.09338009357452393,-2.3240714073181152,-4.9261884689331055,-6.210041522979736,-2.1442365646362305,-1.7724539041519165,-1.1694811582565308,-1.7615439891815186
-0.5120846033096313,0.06373655050992966,0.06074962392449379,-0.01175055280327797,0.9749974608421326,0.0034560449421405792,-0.2218780815601349,-5.03583288192749,-2.146014451980591,-11.529139518737793,1.1569843292236328,-0.813243567943573,-0.7298339605331421,-0.7020307779312134
-0.5512112379074097,0.007918592542409897,0.10149327665567398,-0.4357781410217285,0.3931770324707031,0.3437609374523163,0.7330331802368164,-4.482174873352051,-4.890756130218506,-7.001054286956787,16.11809539794922,0.9390763640403748,1.7724539041519165,-0.3889350891113281
-0.5391843914985657,0.1948772817850113,0.047581665217876434,0.692852795124054,0.6677342057228088,-0.179415762424469,0.20468509197235107,-2.537830352783203,-4.459044933319092,-4.549383163452148,0.901066780090332,-1.4737898111343384,-1.6838196516036987,-1.7724539041519165
-0.5088559985160828,0.19532431662082672,0.07054586708545685,0.8867610096931458,-0.08152537792921066,-0.3309503197669983,0.31221845746040344,-3.310537099838257,-3.512247323989868,-3.670673131942749,16.11809539794922,-1.230920672416687,-1.5327322483062744,-1.6678850650787354
-0.5121220350265503,0.18881294131278992,0.09639256447553635,-0.1386658251285553,0.6057971715927124,0.5607301592826843,0.5471409559249878,-3.340153217315674,-3.8227574825286865,-4.351524353027344,-0.024009136483073235,0.9638672471046448,0.46539056301116943,-0.5945627689361572
-0.5565742254257202,0.21430443227291107,0.035515692085027695,0.4154165983200073,0.8113129734992981,-0.05875276401638985,0.40712207555770874,-3.0938048362731934,-4.699854850769043,-16.541963577270508,4.840242385864258,-0.03475402295589447,-0.5491132140159607,-0.9939643740653992
-0.4929293394088745,0.25035589933395386,0.06550384312868118,0.23708467185497284,0.7214417457580566,0.4790078103542328,0.4403001070022583,-14.438547134399414,-3.7739012241363525,-3.586740732192993,-0.5045560002326965,0.5074083209037781,1.6334378719329834,-0.2293764054775238
-0.406731516122818,0.21293553709983826,0.044200435280799866,0.5511031150817871,-0.584466278553009,-0.15403509140014648,-0.575289249420166,-3.8720998764038086,-4.668181419372559,-7.891825199127197,-0.2448216676712036,0.5537079572677612,1.3009217977523804,0.6753733158111572
-0.43360987305641174,0.23286032676696777,0.009550340473651886,0.5508935451507568,0.6515424847602844,-0.5190979242324829,-0.05045825615525246,-4.1210551261901855,-5.461526870727539,-14.632316589355469,-1.5953861474990845,1.7724539041519165,1.7724539041519165,1.7724539041519165
-0.4516218602657318,0.25066497921943665,0.021679429337382317,0.5696225166320801,0.30658096075057983,-0.7263967394828796,0.23213371634483337,-4.151954174041748,-4.50552225112915,-6.330620765686035,-0.9266466498374939,0.590817928314209,1.0946708917617798,0.9941889643669128
-0.4316422641277313,0.2346600443124771,0.029866347089409828,0.6983833312988281,0.3165266811847687,-0.6246359348297119,0.14799153804779053,-4.312467575073242,-4.328368663787842,-6.050240516662598,0.5071398019790649,0.19938017427921295,0.686486005783081,0.4051613509654999
-0.4560527205467224,0.1975477635860443,0.09535647183656693,0.9028162360191345,-0.1633361279964447,-0.3120402991771698,-0.24672868847846985,-3.616713285446167,-4.1389312744140625,-4.384226322174072,16.11809539794922,-1.619964838027954,-1.5681710243225098,-1.7724539041519165
-0.43294036388397217,0.2424781620502472,0.05161290988326073,0.45881959795951843,0.24484291672706604,0.7143713235855103,0.4681988060474396,-3.2042410373687744,-4.427362442016602,-5.90878963470459,1.2168844938278198,-0.6411229372024536,-0.06397630274295807,-0.5210733413696289
-0.3602842092514038,0.20581288635730743,0.1837032288312912,0.7314932346343994,0.5767812132835388,-0.29217544198036194,0.21650542318820953,-3.0185372829437256,-4.777292251586914,-5.289283275604248,2.476268768310547,1.7701040506362915,1.5193085670471191,1.2883681058883667
-0.40765759348869324,0.21525806188583374,0.09697207808494568,0.7225773930549622,0.21654145419597626,-0.6227409839630127,-0.20781101286411285,-3.7457618713378906,-4.35732889175415,-5.678390979766846,-0.7322615385055542,0.32970383763313293,0.8437570929527283,0.5544902086257935
-0.42566123604774475,0.23096007108688354,0.07251143455505371,0.7008350491523743,0.3847504258155823,-0.5992072224617004,0.04180894047021866,-3.493492364883423,-3.821575164794922,-5.912683486938477,-0.3813372254371643,-0.10814683884382248,1.5917330980300903,-0.3199462294578552
-0.423238068819046,0.22765982151031494,0.06657044589519501,0.5103790760040283,0.18781433999538422,0.6640375256538391,0.5131209492683411,-3.477593421936035,-4.728479862213135,-7.243358612060547,3.4459500312805176,-0.9215698838233948,-0.2940736413002014,-0.9785699844360352
-0.49816036224365234,0.13986210525035858,0.10064677894115448,0.5910101532936096,-0.570775032043457,-0.43127357959747314,-0.3727276921272278,-3.6913363933563232,-3.8639039993286133,-4.104952335357666,-0.9467604756355286,1.7724539041519165,1.7724539041519165,0.4022994935512543
-0.3855080008506775,0.19920210540294647,0.16855400800704956,0.6400431990623474,0.6847365498542786,-0.25200560688972473,0.2407774180173874,-2.753723621368408,-4.643183708190918,-5.42907190322876,16.11809539794922,1.4396723508834839,0.34148168563842773,-0.8823588490486145
-0.4002196192741394,0.19034340977668762,0.13899454474449158,0.6913388967514038,-0.5509136319160461,-0.33930814266204834,-0.32158154249191284,-3.0188984870910645,-4.658202171325684,-5.271754741668701,-0.5201940536499023,-0.772398829460144,-0.9316880702972412,-1.7468886375427246
-0.3898788094520569,0.24837689101696014,0.12124742567539215,0.6857434511184692,0.313118577003479,-0.6535312533378601,0.06789365410804749,-4.316834926605225,-4.534100532531738,-6.490355014801025,-0.35288867354393005,1.7724539041519165,1.7724539041519165,1.2042745351791382
-0.411240816116333,0.27911049127578735,0.15501756966114044,0.25621509552001953,0.42142927646636963,0.666554868221283,0.558977484703064,-3.194030284881592,-4.728487491607666,-5.9987101554870605,0.6693405508995056,-0.25976747274398804,0.45040521025657654,-0.6324141621589661
-0.33557310700416565,0.20849673449993134,0.2221515029668808,0.4686969220638275,0.8043149709701538,-0.18223536014556885,0.3165294826030731,-2.987182140350342,-4.776269912719727,-6.177502632141113,2.2113583087921143,1.6899943351745605,1.1604098081588745,0.5516464114189148
-0.22473998367786407,0.19112473726272583,0.31134033203125,0.7070698142051697,0.6010735034942627,-0.2904641926288605,0.23322409391403198,-2.3824732303619385,-4.803152084350586,-5.1063551902771,16.11809539794922,0.1289924681186676,-0.6070968508720398,-1.1928051710128784
-0.2169840931892395,0.18558987975120544,0.3070353865623474,0.7411866188049316,0.5629935264587402,-0.29469767212867737,0.21641148626804352,-2.408717632293701,-4.909066200256348,-5.9177727699279785,-0.016796361654996872,-1.2980024814605713,-1.4702049493789673,-1.7724539041519165
-0.17562450468540192,0.20171625912189484,0.3540719151496887,0.7413205504417419,0.5746702551841736,-0.2771311402320862,0.2083178162574768,-2.3192291259765625,-4.890781879425049,-5.379893779754639,16.11809539794922,1.690396785736084,1.2372220754623413,0.919873058795929
-0.17146170139312744,0.20700888335704803,0.3673439621925354,0.533437192440033,0.7701760530471802,-0.20575030148029327,0.2827373743057251,-2.339583396911621,-5.129570484161377,-6.620015621185303,16.11809539794922,1.7724539041519165,1.4768617153167725,1.196945309638977
-0.1288544088602066,0.1967148333787918,0.4067951440811157,0.5225948095321655,0.7672392129898071,-0.21063672006130219,0.3063834309577942,-2.343360662460327,-4.959978103637695,-5.441824913024902,16.11809539794922,1.6035170555114746,0.7871532440185547,0.05936649441719055
-0.5571921467781067,0.3198079764842987,0.00004190206527709961,0.2439967691898346,0.935642421245575,-0.11266706138849258,-0.22879016399383545,-11.154345512390137,-4.072596073150635,-3.2974002361297607,-0.3405072093009949,-0.5491132140159607,-0.006950825918465853,0.8410466909408569
-0.5423622727394104,0.30549341440200806,0.03368714451789856,0.26888027787208557,0.9235045909881592,0.24537917971611023,-0.12096156924962997,-16.35807991027832,-3.3855979442596436,-2.725952625274658,-0.4547361433506012,0.2571795582771301,1.7724539041519165,-0.29888439178466797
-0.47746431827545166,0.30632564425468445,0.023357048630714417,0.746062159538269,0.5451697707176208,-0.3546018898487091,-0.1429639607667923,-4.1416473388671875,-4.576527118682861,-6.573322296142578,-2.649475574493408,1.5007909536361694,1.5683598518371582,1.7386693954467773
-0.4765821099281311,0.30256015062332153,0.030112260952591896,0.45862603187561035,0.16659696400165558,0.559496283531189,0.6699787378311157,-3.5324461460113525,-4.3605265617370605,-5.852555751800537,-1.2864220142364502,0.9485175609588623,1.2037402391433716,1.4692102670669556
-0.45100075006484985,0.300166517496109,0.09508765488862991,0.4421022832393646,0.23049333691596985,0.5849384069442749,0.6397385597229004,-3.1650524139404297,-4.288247108459473,-4.71366548538208,1.306819200515747,-1.4199408292770386,-0.6167778968811035,-1.6390268802642822
-0.49715936183929443,0.32664281129837036,0.043110378086566925,0.7078946828842163,0.31224173307418823,-0.6330363750457764,-0.025596240535378456,-3.7157342433929443,-4.310701847076416,-4.842179298400879,-1.0468698740005493,0.7368052005767822,0.9081154465675354,1.0123209953308105
-0.47705790400505066,0.34095290303230286,0.07468423247337341,0.08416813611984253,0.5179710388183594,0.8396832942962646,0.1398344486951828,-3.4872148036956787,-4.58557653427124,-5.462547302246094,1.3101807832717896,-1.1219416856765747,-0.41589874029159546,-1.1482754945755005
-0.4618641436100006,0.25746846199035645,0.059103213250637054,0.7332704663276672,-0.24098283052444458,-0.5042093396186829,-0.3873171806335449,-3.4868204593658447,-4.344327449798584,-5.857564926147461,0.27832287549972534,-0.056614942848682404,0.418329119682312,0.10240845382213593
-0.45709049701690674,0.2805755138397217,0.02600725367665291,-0.23017258942127228,0.6838900446891785,0.5896012783050537,-0.3628847002983093,-4.458473205566406,-4.416094779968262,-10.292208671569824,-0.5890069007873535,-1.4666187763214111,-0.7020307779312134,-1.4666187763214111
-0.4587145745754242,0.28279557824134827,0.04750628396868706,0.5534979701042175,0.08227550238370895,0.6365998983383179,0.5306706428527832,-3.6920385360717773,-4.023342609405518,-7.082247734069824,0.6066996455192566,-0.08099081367254257,0.8074199557304382,-0.21902085840702057
-0.44601011276245117,0.3317181169986725,0.07028833776712418,0.39963388442993164,0.2607770562171936,0.6019145250320435,0.640302300453186,-3.81415057182312,-5.236116409301758,-7.78856086730957,-2.4451003074645996,1.7724539041519165,1.7724539041519165,1.1451798677444458
-0.41656580567359924,0.2927744686603546,0.09065770357847214,0.42629474401474,0.15621843934059143,0.6433945894241333,0.6163700222969055,-3.515415668487549,-4.6609368324279785,-8.031229972839355,-1.1946461200714111,1.7350329160690308,1.760546326637268,1.2883497476577759
-0.5324915051460266,0.33494943380355835,0.014793865382671356,0.24647173285484314,0.675025224685669,0.563717782497406,0.407203733921051,-3.2809290885925293,-3.7591185569763184,-5.369470119476318,0.11896265298128128,0.059830192476511,0.582503616809845,0.30451610684394836
-0.5401785969734192,0.367324560880661,0.008657141588628292,0.7586269974708557,0.5618045330047607,-0.24644735455513,-0.2193729430437088,-3.661938190460205,-5.117935657501221,-5.395145416259766,0.17658832669258118,1.1192436218261719,1.4933143854141235,1.4238064289093018
-0.5232070088386536,0.35108792781829834,0.08634926378726959,-0.0656648501753807,0.7990994453430176,0.5661001205444336,0.1914648860692978,-15.593266487121582,-3.639488458633423,-3.825446605682373,0.7108467817306519,-0.18767161667346954,0.28498274087905884,-0.07645881921052933
-0.461998850107193,0.321702241897583,0.0838792696595192,0.32219231128692627,0.23550279438495636,0.8015398383140564,0.44526898860931396,-3.455477237701416,-4.117130756378174,-5.025506496429443,-1.548925757408142,-0.20191386342048645,0.9175992012023926,-0.7158642411231995
-0.4581088721752167,0.3528604805469513,0.11050096154212952,0.7366093397140503,0.44457924365997314,-0.5074914693832397,-0.046992816030979156,-2.9958198070526123,-3.994689702987671,-4.990805625915527,-2.2843711376190186,1.5489521026611328,1.7313729524612427,1.6142858266830444
-0.4366026222705841,0.3158216178417206,0.11224391311407089,0.43324849009513855,0.19330202043056488,0.7281181812286377,0.4947464168071747,-3.1602821350097656,-3.891819953918457,-6.306398391723633,1.0674911737442017,0.29779475927352905,1.0507490634918213,0.13279856741428375
-0.41153648495674133,0.26930755376815796,0.11165107786655426,0.6032029390335083,0.7180938124656677,-0.25210878252983093,-0.23859724402427673,-3.680490255355835,-4.302066326141357,-6.847212791442871,-2.470064878463745,1.3632031679153442,1.3632031679153442,0.986805260181427
-0.420015811920166,0.27845484018325806,0.14669127762317657,-0.0034560449421405792,0.9705044031143188,0.23846709728240967,-0.03525165840983391,-16.635513305664062,-4.072596073150635,-4.751336574554443,-0.4878840446472168,0.3266875445842743,1.1329803466796875,0.21547475457191467
-0.5166764259338379,0.398010790348053,0.09271567314863205,0.6787607669830322,0.6331040859222412,-0.3685268461704254,-0.051487404853105545,-3.282322645187378,-4.19525671005249,-6.612500190734863,-0.35318753123283386,0.27160197496414185,0.7578107118606567,0.27702370285987854
-0.5356727242469788,0.34634360671043396,0.16398543119430542,0.8914451003074646,0.34877991676330566,-0.18375234305858612,-0.22341276705265045,-2.700151205062866,-3.145416498184204,-5.056987762451172,16.11809539794922,-1.5920019149780273,-1.0805304050445557,-1.531315803527832
-0.4902612268924713,0.34097281098365784,0.18123894929885864,0.8234291076660156,-0.11536644399166107,-0.37461769580841064,-0.41026413440704346,-3.0907418727874756,-4.026755332946777,-4.225763320922852,16.11809539794922,-0.066398024559021,0.7048203349113464,-0.09083686769008636
-0.45425906777381897,0.3317863345146179,0.1229209378361702,0.5376152396202087,0.15016284584999084,0.6361002922058105,0.5327264070510864,-3.6390979290008545,-4.129766464233398,-5.503380298614502,-0.238631933927536,0.834065854549408,1.2352697849273682,0.9332593679428101
-0.457380473613739,0.352518230676651,0.15868690609931946,0.7207877039909363,0.5139179825782776,-0.46450120210647583,0.024331822991371155,-4.26296854019165,-4.4424357414245605,-5.918468475341797,-0.9240199327468872,1.253682255744934,1.7724539041519165,0.8877267837524414
-0.4654766321182251,0.34390580654144287,0.19444841146469116,0.7408174276351929,0.2788316309452057,-0.6099351048469543,0.03770463913679123,-4.015525817871094,-4.451189041137695,-5.387300968170166,-1.7151869535446167,1.2786593437194824,1.7101701498031616,1.5933881998062134
-0.666247546672821,0.45629793405532837,0.03507151082158089,0.8820874094963074,0.23248398303985596,-0.3570632338523865,-0.20094476640224457,-3.779554605484009,-4.72280216217041,-8.20882511138916,16.11809539794922,-1.6019210815429688,-1.2964671850204468,-1.7724539041519165
-0.6583200097084045,0.45544862747192383,0.055275607854127884,-0.31588250398635864,0.9161267876625061,0.23017258942127228,-0.08916595578193665,-16.931835174560547,-3.239609479904175,-5.0416259765625,-1.513692855834961,-0.07645881921052933,1.3415043354034424,-1.3971107006072998
-0.5894337296485901,0.44129040837287903,0.08533869683742523,-0.4818938374519348,0.6478849649429321,0.30775684118270874,0.5032982230186462,-3.211869716644287,-3.617043972015381,-4.023983478546143,-1.277119755744934,1.3881803750991821,1.70451819896698,1.6493583917617798
-0.6441364288330078,0.4337990880012512,0.039703767746686935,0.46343401074409485,0.11423074454069138,0.6940125823020935,0.5390053391456604,-3.72373628616333,-4.783060073852539,-5.350076198577881,-0.050090499222278595,-1.6367241144180298,-1.1643187999725342,-1.7724539041519165
-0.6444934606552124,0.42422428727149963,0.04495113715529442,-0.2218780815601349,0.8913988471031189,0.3615022897720337,-0.15966928005218506,-15.88953971862793,-3.6906023025512695,-4.796699047088623,2.092745542526245,-1.3971107006072998,-0.7715387940406799,-1.6473394632339478
-0.5812533497810364,0.42942649126052856,0.11043158918619156,0.5002557039260864,0.810151994228363,-0.30558544397354126,0.003942057490348816,-3.499643087387085,-4.291260719299316,-5.797797679901123,-0.29949018359184265,1.0269348621368408,1.0632270574569702,1.3846849203109741
-0.7090348601341248,0.4739849865436554,0.014592602849006653,0.4432991147041321,0.011599798686802387,0.4056084454059601,0.7992703914642334,-3.4027445316314697,-4.075528621673584,-5.653591156005859,-0.7410072684288025,-1.3851292133331299,-1.0167925357818604,-1.3740545511245728
-0.6833516955375671,0.4862532615661621,0.0543961226940155,-0.16892138123512268,0.6683484315872192,0.6028866767883301,0.4016261398792267,-3.446141004562378,-3.8916513919830322,-6.282965183258057,1.748665690422058,-1.4600220918655396,-0.9326127171516418,-1.4927191734313965
-0.6999920606613159,0.4817103147506714,0.016890084370970726,0.5899176001548767,0.14462019503116608,0.5347756743431091,0.5874497294425964,-3.163830280303955,-4.071212291717529,-5.855124473571777,0.9065288305282593,-0.32426750659942627,0.3058779537677765,-0.31951290369033813
-0.6575922966003418,0.4842710793018341,0.031505316495895386,0.2923814058303833,0.9091221690177917,-0.10575497150421143,-0.27717480063438416,-15.787660598754883,-3.239609479904175,-2.510714054107666,-1.2227606773376465,0.7298339009284973,1.7724539041519165,1.480520248413086
-0.7480546236038208,0.5286466479301453,0.025527717545628548,0.87517911195755,0.30764660239219666,-0.3029061257839203,-0.21831846237182617,-3.72750186920166,-4.550055027008057,-4.817680835723877,1.7211334705352783,1.056843876838684,1.4404934644699097,1.1202595233917236
-0.7245416641235352,0.5004836916923523,0.02910427749156952,-0.11266706138849258,0.9896179437637329,0.0034560449421405792,-0.08916595578193665,-13.272046089172363,-4.126043319702148,-4.217780590057373,1.8055528402328491,0.2571795582771301,0.7993419170379639,0.39619556069374084
-0.6873811483383179,0.5110548138618469,0.05216730758547783,0.7336513996124268,0.3125619888305664,-0.6001074314117432,-0.06270337849855423,-3.702847719192505,-4.125970363616943,-5.824294567108154,-1.2657322883605957,-0.3526655435562134,0.3776662349700928,-0.45370104908943176
-0.665414035320282,0.4743369519710541,0.07533196359872818,0.2066492885351181,0.5401887893676758,0.5017070770263672,0.6432589888572693,-3.9742558002471924,-5.693081378936768,-6.712673187255859,-1.047568678855896,1.0180280208587646,1.303212285041809,1.1985055208206177
-0.709987461566925,0.5046869516372681,0.05911726877093315,0.2840868830680847,0.6957529187202454,0.314500093460083,0.5799243450164795,-3.977593421936035,-4.701447486877441,-17.12468910217285,2.092745542526245,-0.6325227618217468,-0.29888439178466797,-0.32668760418891907
-0.676031768321991,0.5097756385803223,0.07481349259614944,-0.23848651349544525,0.5607060194015503,0.6802864670753479,0.40736135840415955,-3.838031053543091,-4.511119842529297,-4.9941229820251465,-1.0271788835525513,1.7724539041519165,1.7724539041519165,1.6193015575408936
-0.6340606808662415,0.4660099446773529,0.09731221944093704,-0.18383775651454926,0.7322925925254822,0.5911933779716492,0.28362229466438293,-3.2988436222076416,-4.37346076965332,-4.883380889892578,16.11809539794922,-0.8943800330162048,-0.246684730052948,-1.381178379058838
-0.5795938968658447,0.41072309017181396,0.10487675666809082,0.5477406978607178,-0.07835882157087326,-0.6479977965354919,0.5233917236328125,-3.2413766384124756,-3.784604787826538,-4.62912130355835,0.2623424828052521,-0.43840983510017395,0.06348109990358353,-0.3525480329990387
-0.5645051002502441,0.4306069314479828,0.16837768256664276,0.5726124048233032,0.27603039145469666,-0.7418242692947388,0.2135860174894333,-3.2923903465270996,-3.835725784301758,-5.017219066619873,16.11809539794922,0.3306030333042145,0.9199064373970032,0.4405447542667389
-0.6603881120681763,0.5007692575454712,0.12820695340633392,-0.24422650039196014,0.7071605920791626,0.5137107372283936,0.41997456550598145,-2.7684645652770996,-3.4798219203948975,-4.669944763183594,1.9372144937515259,-1.5097931623458862,-1.1798181533813477,-1.684903860092163
-0.6615792512893677,0.5045685768127441,0.10539162158966064,-0.060833629220724106,0.5972990393638611,0.5620629787445068,0.5688745975494385,-3.2703752517700195,-4.274627208709717,-5.2558274269104,-0.20198217034339905,0.6199701428413391,1.1161744594573975,0.5491729378700256
-0.6172871589660645,0.5000450015068054,0.11953320354223251,0.2883441746234894,0.77634197473526,0.2370944619178772,0.5078749656677246,-2.987184762954712,-4.816568851470947,-5.515364170074463,-1.1468138694763184,0.43985602259635925,1.00376558303833,1.0007904767990112
-0.599927544593811,0.4602813422679901,0.1579042673110962,0.8563734889030457,-0.2423596829175949,-0.4010695219039917,-0.21686266362667084,-3.351067066192627,-4.756360054016113,-5.726782321929932,16.11809539794922,0.7316843867301941,1.1189167499542236,0.614781379699707
-0.619186520576477,0.5350713729858398,0.15978598594665527,-0.2277635931968689,0.6965556144714355,0.6115210652351379,0.2982884347438812,-3.246333360671997,-4.3679118156433105,-7.381138801574707,16.11809539794922,-0.768254816532135,-0.060757867991924286,-1.2495019435882568
-0.520338773727417,0.402739554643631,0.10384926199913025,0.7017869353294373,0.5695437788963318,-0.42791101336479187,-0.002677539363503456,-3.496849298477173,-3.7666752338409424,-5.990405082702637,0.464150995016098,0.7976719737052917,1.3405283689498901,0.9430857300758362
-0.5487061738967896,0.44509071111679077,0.18256573379039764,0.7191851735115051,0.6155528426170349,-0.24777893722057343,0.2060898393392563,-3.452150583267212,-3.943249225616455,-6.057246208190918,1.3815138339996338,1.0982975959777832,1.5048837661743164,1.0826364755630493
-0.46558526158332825,0.3237311840057373,0.23850081861019135,0.39497125148773193,0.4098019301891327,0.8168340921401978,0.09403292089700699,-3.2170541286468506,-4.829823017120361,-4.849031448364258,2.9672040939331055,-0.8376224637031555,0.007314428221434355,-0.9443731307983398
-0.48249831795692444,0.35694390535354614,0.22562170028686523,0.8149254322052002,-0.36171919107437134,-0.15309926867485046,-0.42616474628448486,-3.1207828521728516,-5.6309003829956055,-5.98358154296875,0.17990517616271973,0.10404223203659058,0.7141911387443542,0.192664235830307
-0.503119945526123,0.356097936630249,0.2522467076778412,0.4299801290035248,0.8490372896194458,-0.06228233128786087,-0.30062219500541687,-3.1773123741149902,-4.348023891448975,-4.811125755310059,-0.6120477914810181,-1.3794749975204468,-0.9053391814231873,-1.5307081937789917
-0.4640212059020996,0.3281494379043579,0.23343272507190704,0.8047759532928467,0.5840715765953064,0.10575497150421143,0.0034560449421405792,-16.273542404174805,-4.499278545379639,-4.262312889099121,-0.8194409012794495,-0.07645881921052933,1.6334378719329834,0.6881291270256042
-0.5859432220458984,0.4259129762649536,0.20552541315555573,0.8447404503822327,0.03077712468802929,-0.5319686532020569,-0.04975631460547447,-3.219406843185425,-3.9902219772338867,-5.401205539703369,1.7631299495697021,-1.1028625965118408,-0.3279922306537628,-1.2790944576263428
-0.544186532497406,0.41511932015419006,0.20124606788158417,0.5455390810966492,-0.5497369170188904,-0.15841804444789886,-0.612437903881073,-3.4799416065216064,-3.9304358959198,-5.896181106567383,2.2737104892730713,-0.475481778383255,0.22749142348766327,-0.421568900346756
-0.4797327220439911,0.42659229040145874,0.2544909417629242,-0.43571797013282776,0.5824461579322815,0.25451502203941345,0.6372820734977722,-3.0552845001220703,-4.360650062561035,-6.514770030975342,0.8385187387466431,0.4120481610298157,1.0907151699066162,0.08159355074167252
-0.5083714723587036,0.4110599458217621,0.28571832180023193,-0.23791559040546417,0.4348364472389221,0.3772648870944977,0.7822944521903992,-3.526784896850586,-3.687887668609619,-5.7611823081970215,0.22106598317623138,-0.5136962532997131,0.12740066647529602,-0.5628091096878052
-0.538061797618866,0.441612184047699,0.243275985121727,-0.44183674454689026,0.5561322569847107,0.3907462954521179,0.5855036377906799,-3.388934373855591,-4.281996726989746,-6.001562118530273,16.11809539794922,-0.07645881921052933,0.598210871219635,-0.3062773048877716
-0.5042675137519836,0.42363277077674866,0.2726099491119385,0.549828052520752,-0.5867413878440857,-0.190678209066391,-0.563085675239563,-3.139399290084839,-3.8013274669647217,-7.215732097625732,2.6824114322662354,0.10136289894580841,0.7426224946975708,0.04350407049059868
-0.5207826495170593,0.4290280342102051,0.30018162727355957,-0.38500338792800903,0.7743216156959534,0.49421441555023193,-0.08916595578193665,-17.629310607910156,-4.841411113739014,-3.534954071044922,-0.5890069007873535,0.5074083209037781,1.3415043354034424,0.36839234828948975
-0.07604814320802689,0.1813700795173645,0.438017338514328,0.9295860528945923,0.11629486829042435,-0.3475014567375183,0.039849214255809784,-2.964184284210205,-5.65181303024292,-6.595104694366455,16.11809539794922,-0.41936641931533813,-0.9709115624427795,-1.5424984693527222
-0.047754038125276566,0.18818283081054688,0.4535543918609619,0.931364119052887,-0.027346061542630196,-0.3626382350921631,-0.017510555684566498,-2.481600522994995,-5.452223777770996,-6.9138593673706055,2.515392303466797,0.7298339009284973,-0.22409312427043915,-0.9191203713417053
0.031278010457754135,0.18729110062122345,0.5189446210861206,0.9243495464324951,0.10367705672979355,-0.3535192012786865,0.09926293790340424,-2.997749090194702,-4.6206955909729,-6.405134201049805,0.2263735979795456,-1.1285839080810547,-1.4787273406982422,-1.577831506729126
-0.040902029722929,0.19232861697673798,0.47207146883010864,0.6266064047813416,0.6923490762710571,-0.21524885296821594,0.28580600023269653,-3.154280185699463,-4.847965240478516,-5.3883256912231445,2.3358399868011475,1.7438081502914429,0.9935430884361267,0.50730299949646
-0.007760199718177319,0.19863386452198029,0.5041720271110535,0.6566410064697266,0.6678748726844788,-0.26312047243118286,0.23137277364730835,-3.249894142150879,-4.920488357543945,-5.246994495391846,1.8550796508789062,1.7724539041519165,1.7724539041519165,1.7567118406295776
-1.1764501333236694,0.6493996977806091,0.04399072006344795,-0.28546929359436035,0.8577318787574768,-0.3960627317428589,0.1610516905784607,-2.9431347846984863,-3.5817418098449707,-14.437914848327637,-0.8566524386405945,-1.7724539041519165,-1.6473394632339478,-1.7724539041519165
-1.4165946245193481,0.6848273277282715,0.18493172526359558,-0.174875870347023,0.9038325548171997,0.16658136248588562,0.3532077968120575,-3.6797947883605957,-14.918763160705566,-2.5849344730377197,-1.1569843292236328,-0.006950825918465853,1.5639299154281616,-1.7724539041519165
-1.3001188039779663,0.6879268288612366,0.10764474421739578,0.8839365839958191,0.43975508213043213,0.15893767774105072,-0.0032171420753002167,-2.2988228797912598,-3.0548486709594727,-4.283695220947266,16.11809539794922,-1.4638735055923462,-1.0748940706253052,-1.5561132431030273
-1.2887872457504272,0.7288711071014404,0.16889458894729614,-0.49975356459617615,0.33334994316101074,0.6516509056091309,0.46311473846435547,-2.6193430423736572,-3.840738296508789,-4.484889030456543,-0.07047709822654724,0.5298624634742737,1.2337915897369385,-0.043702151626348495
-1.247739553451538,0.7238829731941223,0.07815927267074585,0.6332882642745972,-0.23988117277622223,-0.728207528591156,-0.10543639212846756,-3.3064279556274414,-3.563652515411377,-4.758400917053223,16.11809539794922,-1.033592939376831,-0.23942039906978607,-1.6199538707733154
-1.1491670608520508,0.7039334774017334,0.11536411195993423,0.8195858001708984,0.1777772605419159,-0.5223649144172668,0.1543024778366089,-2.8486430644989014,-3.9086995124816895,-4.168331623077393,-0.6713777780532837,-0.5109285712242126,0.2522459626197815,-1.078067421913147
-1.2309376001358032,0.723052442073822,0.21855466067790985,0.6039873361587524,-0.4653628468513489,-0.34566524624824524,-0.5469480752944946,-2.7876923084259033,-3.3494653701782227,-5.23585319519043,0.29552701115608215,1.564980387687683,1.743654727935791,1.6860566139221191
-1.3494328260421753,0.5594885349273682,0.3671706020832062,0.9575551748275757,0.0032785979565232992,0.28376758098602295,-0.05053044483065605,-2.8317153453826904,-3.551037549972534,-5.333861351013184,16.11809539794922,-0.7472688555717468,-0.6470972895622253,-1.5776844024658203
-1.4134323596954346,0.6350479125976562,0.40193286538124084,0.5905182957649231,0.7713459730148315,-0.11935988813638687,0.20510180294513702,-3.1097524166107178,-3.5173521041870117,-4.9155402183532715,1.6392861604690552,1.2868298292160034,1.5289541482925415,1.1565021276474
-1.3102374076843262,0.613051176071167,0.3175162076950073,0.9383407235145569,0.2808098793029785,0.20021820068359375,0.023981716483831406,-2.8186776638031006,-3.1027541160583496,-3.753335952758789,2.4014220237731934,-1.4934543371200562,-0.938944399356842,-1.692440390586853
-1.2931044101715088,0.6367292404174805,0.3438640832901001,0.42176681756973267,0.8816689848899841,0.15257830917835236,0.1466027945280075,-2.8899800777435303,-4.064023971557617,-5.074279308319092,1.0913015604019165,0.06812752783298492,1.387511968612671,-1.0568605661392212
-1.395415186882019,0.671467125415802,0.3413810133934021,0.32088401913642883,0.8648089170455933,-0.31449949741363525,0.2241184115409851,-3.1101431846618652,-4.219331741333008,-5.881877899169922,16.11809539794922,0.37047845125198364,1.1626783609390259,-0.16776666045188904
-1.3486261367797852,0.6262786984443665,0.37924331426620483,0.5950314402580261,0.7239108681678772,-0.3343130052089691,0.10062550008296967,-2.6408588886260986,-3.2565200328826904,-4.9263081550598145,-0.12445653229951859,0.2936427891254425,1.4296821355819702,-0.7395283579826355
-1.361633062362671,0.6444830894470215,0.363614946603775,0.9098643064498901,-0.36950400471687317,-0.05443292111158371,-0.1806952804327011,-2.8864760398864746,-3.7508397102355957,-5.312114238739014,-0.4801521301269531,1.0038553476333618,1.707970142364502,0.26776930689811707
-1.1865801811218262,0.576876699924469,0.2660490870475769,0.07954064756631851,0.7783076763153076,0.6056029200553894,0.1454494148492813,-2.9941248893737793,-3.6678051948547363,-4.322482109069824,16.11809539794922,-1.7724539041519165,-1.6887426376342773,-1.7586528062820435
-1.1706088781356812,0.589099109172821,0.262440025806427,0.3978014290332794,0.703456461429596,0.48091694712638855,0.3400322198867798,-2.4296603202819824,-3.960841655731201,-5.2390289306640625,16.11809539794922,-1.371269941329956,-1.371269941329956,-1.4925581216812134
-1.2896000146865845,0.681006908416748,0.2357977032661438,0.929817795753479,-0.3651001453399658,0.03305256739258766,0.032378003001213074,-2.9191861152648926,-3.2269656658172607,-4.037440776824951,0.5911092758178711,-0.7459400296211243,0.3592487573623657,-1.4597727060317993
-1.2703248262405396,0.624780535697937,0.3373977243900299,0.01175055280327797,0.9286471605300903,-0.026957150548696518,0.3697968125343323,-5.254992961883545,-2.073249340057373,-17.42156982421875,0.8379781246185303,-1.4388154745101929,-1.3554059267044067,-1.7724539041519165
-1.2408084869384766,0.614976704120636,0.357879102230072,0.799211859703064,0.5655624270439148,-0.19173377752304077,0.06810125708580017,-2.7972252368927,-3.561598777770996,-4.033768177032471,3.496361017227173,-1.0223294496536255,-0.05292181670665741,-1.7724539041519165
-1.2543151378631592,0.6253809928894043,0.36885133385658264,0.02004506066441536,0.9893050193786621,0.02004506066441536,-0.14308026432991028,-3.1625654697418213,-4.01718282699585,-15.885210037231445,1.513692855834961,1.7724539041519165,1.7724539041519165,1.6334378719329834
-1.1464011669158936,0.6112828850746155,0.31005561351776123,0.8488320112228394,0.494006484746933,-0.18568003177642822,-0.03106110356748104,-2.5175626277923584,-3.37860369682312,-7.043407917022705,1.182587742805481,-1.7696173191070557,-1.7548038959503174,-1.7724539041519165
-1.1269657611846924,0.6163740158081055,0.3078649342060089,0.01175055280327797,0.823635458946228,0.32417699694633484,-0.46518364548683167,-11.52443790435791,-3.9705286026000977,-4.455285549163818,1.2005772590637207,-0.07645881921052933,1.5639299154281616,-1.4666187763214111
-1.1419038772583008,0.6398337483406067,0.3047405779361725,0.6165180206298828,0.7271496057510376,-0.23766165971755981,0.18621467053890228,-2.9866082668304443,-3.594440460205078,-4.092467308044434,0.19592702388763428,-1.767750859260559,-1.721604824066162,-1.7497936487197876
-1.2172019481658936,0.6133716702461243,0.3698117434978485,-0.0034560449421405792,0.9700947403907776,0.21496598422527313,-0.11266706138849258,-3.7816731929779053,-12.399425506591797,-2.9486138820648193,5.537334442138672,-0.5213099718093872,0.9105547070503235,-1.285897970199585
-1.1534864902496338,0.6065018177032471,0.38199615478515625,0.5720592141151428,-0.07145670801401138,-0.6800708770751953,0.4529302418231964,-4.0924577713012695,-4.480743408203125,-6.368710041046143,2.6387147903442383,-0.06257037073373795,0.9213466048240662,-0.1746976673603058
-1.159501075744629,0.6627506017684937,0.35085490345954895,0.9344040155410767,-0.3318914473056793,-0.10804396122694016,0.07115963846445084,-3.2044496536254883,-3.410550117492676,-4.05179500579834,2.0545289516448975,-1.664265513420105,-1.1015229225158691,-1.7724539041519165
-1.1197702884674072,0.6267281770706177,0.3750678300857544,-0.05666213855147362,0.41586044430732727,0.8768080472946167,0.23464258015155792,-3.807032585144043,-4.366565704345703,-4.997237205505371,-0.1785307079553604,-1.4406431913375854,-1.1094694137573242,-1.7125967741012573
-1.3898611068725586,0.6787398457527161,0.20367714762687683,0.7670644521713257,-0.3723026216030121,-0.496584951877594,-0.16249988973140717,-3.2460784912109375,-4.679864883422852,-5.080397129058838,16.11809539794922,0.05423359200358391,1.0115265846252441,-1.490761160850525
-1.3335734605789185,0.6970866322517395,0.2622308135032654,0.7599870562553406,-0.24476779997348785,-0.30193108320236206,-0.5209088325500488,-3.182443380355835,-4.413592338562012,-4.637817859649658,6.836324214935303,-0.254474937915802,0.73405522108078,-1.060767650604248
-1.4912173748016357,0.6094261407852173,0.35558947920799255,0.5241926312446594,-0.3851430118083954,-0.1725042760372162,-0.7396818399429321,-2.592219591140747,-3.4578847885131836,-3.6163697242736816,0.5332876443862915,-1.1569831371307373,-0.2981280982494354,-1.4489166736602783
-1.4122284650802612,0.6800235509872437,0.3129071295261383,0.1831703782081604,0.9235087633132935,-0.2218780815601349,0.2536737024784088,-3.1625654697418213,-4.126043319702148,-10.296422004699707,5.537334442138672,-0.813243567943573,0.07645876705646515,-0.8827515840530396
-1.447458267211914,0.6709491014480591,0.34114107489585876,0.5532160997390747,0.8166770339012146,0.14239244163036346,-0.08194494247436523,-3.7282729148864746,-3.796802520751953,-5.81584358215332,16.11809539794922,-0.06969040632247925,0.8563886880874634,-0.9138002395629883
-1.091819167137146,0.6503888368606567,0.18811558187007904,0.8993066549301147,0.3777109682559967,-0.03937079757452011,-0.2168683409690857,-2.8706917762756348,-3.9534943103790283,-5.614968776702881,16.11809539794922,-1.3147393465042114,-0.6665955781936646,-1.5847595930099487
-1.106857419013977,0.6899893283843994,0.211514413356781,0.8355438709259033,0.4402349889278412,0.19348900020122528,-0.26574718952178955,-3.506136417388916,-4.21795654296875,-4.73349666595459,16.11809539794922,-1.518676996231079,-0.9232818484306335,-1.6919173002243042
-1.1365379095077515,0.7246512770652771,0.2668716609477997,-0.1414644420146942,0.7914738655090332,0.5946052074432373,-0.0012339354725554585,-2.2593581676483154,-4.190988540649414,-5.336623191833496,0.7136261463165283,-1.531904697418213,-1.5120469331741333,-1.531904697418213
-1.217286467552185,0.6741501688957214,0.337220162153244,0.532249391078949,0.8304996490478516,-0.05417047068476677,0.15506921708583832,-2.8398194313049316,-4.307462215423584,-5.18248987197876,2.7481017112731934,1.193177342414856,1.6909193992614746,0.7309979200363159
-1.2513587474822998,0.7750146389007568,0.3289414942264557,0.43925029039382935,0.5774497985839844,0.5949761271476746,0.34585312008857727,-2.1211564540863037,-5.731342315673828,-5.934382915496826,16.11809539794922,1.4474135637283325,1.0842318534851074,0.4947092533111572
-1.1307424306869507,0.7153918147087097,0.30439046025276184,0.03729283809661865,0.7719429135322571,0.6106422543525696,0.1727118045091629,-2.6338794231414795,-4.244603157043457,-4.538427829742432,16.11809539794922,-0.9373241662979126,-1.0120011568069458,-1.276131510734558
-1.1622544527053833,0.7069069743156433,0.3135012984275818,0.747081995010376,0.4498418867588043,0.2961456775665283,0.389626145362854,-3.085066556930542,-4.067531108856201,-4.322423934936523,0.6004748344421387,0.9991735219955444,0.9504163861274719,0.2910119891166687
-1.1269606351852417,0.7988998889923096,0.30012211203575134,0.6462458372116089,0.4980482757091522,0.32597553730010986,0.477550208568573,-2.8305366039276123,-4.02277946472168,-5.288212299346924,0.5878633856773376,-0.32668760418891907,-0.2742343842983246,-0.7167436480522156
-1.2453711032867432,0.8075955510139465,0.3167901635169983,0.0003655397449620068,0.7218920588493347,0.6851236820220947,-0.0973510667681694,-1.794406771659851,-4.167665004730225,-6.124629974365234,-0.9352485537528992,-0.7576801180839539,-1.042352318763733,-1.7724539041519165
-1.093157410621643,0.8526467084884644,0.2953330874443054,-0.17355068027973175,0.783318281173706,0.5913602709770203,-0.08115214854478836,-1.9583616256713867,-4.2046990394592285,-5.035487651824951,2.4056520462036133,-1.3588576316833496,-1.3953150510787964,-1.4796944856643677
-0.9368764162063599,0.6532613039016724,0.019662031903862953,0.7304068803787231,0.6414317488670349,0.12275228649377823,-0.20000746846199036,-3.3181042671203613,-3.6701669692993164,-4.925007343292236,4.04900598526001,-1.1156948804855347,-0.579522967338562,-1.3864330053329468
-0.7794379591941833,0.5612955093383789,0.008703908883035183,0.13979284465312958,0.37646886706352234,0.8130940198898315,0.42143478989601135,-3.0602641105651855,-3.72951078414917,-4.45412540435791,2.685941219329834,-1.6038901805877686,-1.0799485445022583,-1.6832895278930664
-0.7740260362625122,0.5587290525436401,0.013257418759167194,0.610337495803833,0.7891606092453003,-0.02004506066441536,-0.0656648501753807,-15.019654273986816,-5.199094772338867,-3.779881000518799,2.0149030685424805,-0.8827515840530396,-0.006950825918465853,-1.5500283241271973
-0.8691196441650391,0.6170592904090881,0.01715662330389023,0.8059330582618713,0.4959281086921692,0.10740674287080765,-0.30494430661201477,-2.987687349319458,-3.8013155460357666,-5.313804626464844,2.1619949340820312,-1.5083235502243042,-1.1571171283721924,-1.7381690740585327
-0.8912151455879211,0.6485798954963684,0.09592416882514954,-0.48455584049224854,0.5301007628440857,0.4845161736011505,0.49944260716438293,-3.4517836570739746,-4.645490646362305,-5.374750137329102,-0.039176054298877716,0.4927029311656952,0.9217709302902222,-0.12404576689004898
-0.8573917746543884,0.6432644128799438,0.0717475414276123,-0.34223535656929016,0.6422232985496521,0.5055038332939148,0.4635623097419739,-3.7660298347473145,-3.988281488418579,-5.485814094543457,1.8226163387298584,0.3105483055114746,0.7833572030067444,0.22807978093624115
-0.8219821453094482,0.6190025210380554,0.041879765689373016,-0.3015192747116089,0.5914621949195862,0.6122989058494568,0.42935848236083984,-3.0642640590667725,-4.10270881652832,-5.379491329193115,-0.29103484749794006,-0.20581530034542084,0.37391382455825806,-0.5978874564170837
-0.8089754581451416,0.6213321685791016,0.05565056949853897,-0.2887517511844635,0.44990888237953186,0.7592858076095581,0.3710653483867645,-3.233598232269287,-4.129537582397461,-5.401789665222168,16.11809539794922,-1.1818428039550781,-0.4466378092765808,-1.5937573909759521
-0.7716561555862427,0.5345892906188965,0.10355362296104431,-0.2956483066082001,0.2778049409389496,0.682094395160675,0.6084108352661133,-4.052103519439697,-4.348598480224609,-5.399259090423584,0.07887595146894455,1.7576178312301636,1.7724539041519165,1.4979885816574097
-0.7321999669075012,0.5429320931434631,0.18898749351501465,0.6650480031967163,-0.4898814857006073,-0.46692779660224915,-0.31576210260391235,-3.1739165782928467,-3.8808395862579346,-5.467673301696777,-0.3050870895385742,-0.04054736718535423,0.6011723875999451,-0.6944157481193542
-0.8067730069160461,0.5791449546813965,0.11914325505495071,-0.314500093460083,0.7894971370697021,0.4541243016719818,-0.26749786734580994,-3.6797947883605957,-3.0218889713287354,-16.17466926574707,-1.4615178108215332,-1.7724539041519165,-1.4666187763214111,-1.7724539041519165
-0.7509621381759644,0.5467779636383057,0.14236854016780853,-0.36713120341300964,0.3484273850917816,0.8366002440452576,0.209554523229599,-3.111816644668579,-3.9121336936950684,-5.799813270568848,16.11809539794922,-1.6630531549453735,-1.3709213733673096,-1.7724539041519165
-0.8748431205749512,0.6529713869094849,0.13084253668785095,0.7129910588264465,0.7001702189445496,-0.03673761337995529,0.007464816328138113,-3.903968095779419,-3.9703867435455322,-5.834725856781006,0.48187926411628723,0.8804214000701904,1.2763746976852417,0.7024581432342529
-0.8228285908699036,0.645815372467041,0.10445160418748856,0.8058831691741943,0.47291624546051025,0.32801637053489685,-0.13895265758037567,-4.147364616394043,-4.375918388366699,-6.580189228057861,1.470657467842102,-0.5843005180358887,0.06994128972291946,-1.3102110624313354
-1.0834850072860718,0.6671481728553772,0.1990378350019455,-0.046028245240449905,0.4747198820114136,0.8358958959579468,0.27166247367858887,-3.4437153339385986,-4.605116844177246,-5.797092437744141,1.3954163789749146,-0.3020924925804138,0.12591634690761566,-0.8907716870307922
-1.070473313331604,0.5681703090667725,0.34231036901474,0.8964544534683228,0.12711182236671448,-0.4093252122402191,-0.11253837496042252,-3.7959258556365967,-4.755025863647461,-6.093559265136719,1.1933165788650513,1.638993740081787,1.580818772315979,-1.5910849571228027
-1.0694118738174438,0.5834327936172485,0.33858051896095276,0.9032055139541626,0.22726842761039734,-0.3308325409889221,-0.1520482897758484,-3.4770870208740234,-4.114103317260742,-6.833425045013428,2.694967746734619,-0.4626152813434601,0.6373623013496399,-1.267156720161438
-1.038488507270813,0.553534984588623,0.3512677848339081,0.9670355916023254,-0.015283014625310898,0.24520835280418396,0.06694329530000687,-4.117465972900391,-5.14166259765625,-5.6607561111450195,-0.6093300580978394,-1.6172176599502563,-1.6760642528533936,-1.7724539041519165
-1.1391985416412354,0.5948604941368103,0.3912578523159027,0.7889664769172668,0.3193661570549011,-0.4933258891105652,0.17935079336166382,-2.4574286937713623,-4.080869674682617,-4.839195728302002,0.3880905210971832,-1.4471384286880493,-0.49140501022338867,-1.755342721939087
-1.0555484294891357,0.5722591876983643,0.3342320919036865,-0.43505677580833435,0.6742187142372131,0.5830565690994263,0.12727829813957214,-3.2405645847320557,-3.533898115158081,-5.445397853851318,-0.8535836338996887,-1.577831506729126,-1.6024762392044067,-1.5805773735046387
-1.0470651388168335,0.5782317519187927,0.3694145977497101,0.28809407353401184,0.5183847546577454,0.7728849649429321,0.22567200660705566,-4.0660080909729,-4.66511344909668,-5.1651225090026855,0.10769188404083252,1.7724539041519165,1.7724539041519165,-0.3342650234699249
-1.0570422410964966,0.5944730639457703,0.35643714666366577,0.8047049641609192,0.4689446687698364,-0.32980623841285706,-0.15417075157165527,-3.4027137756347656,-4.619575500488281,-6.111366271972656,16.11809539794922,-0.9400269389152527,0.15233221650123596,-1.540748119354248
-1.0888233184814453,0.601621687412262,0.3348025381565094,0.8910070657730103,0.25513240694999695,-0.3728718161582947,-0.04450194165110588,-3.5052099227905273,-4.225173473358154,-5.75841760635376,0.6203363537788391,1.4797252416610718,1.7724539041519165,0.13151663541793823
-1.105613350868225,0.6190906763076782,0.3280845582485199,0.0739121288061142,0.4318491816520691,0.8581658005714417,0.26757192611694336,-3.367178440093994,-5.001905918121338,-5.196253299713135,16.11809539794922,-0.22885887324810028,0.6713858842849731,-0.007362942676991224
-1.0891306400299072,0.634052038192749,0.36495885252952576,0.8427038788795471,0.44554150104522705,-0.1493426114320755,-0.26275402307510376,-3.910391330718994,-4.795240879058838,-4.951531887054443,16.11809539794922,-0.384549081325531,0.48219209909439087,-0.528617799282074
-1.0659008026123047,0.6155381202697754,0.37283286452293396,0.11325853317975998,0.468039870262146,0.7018225193023682,0.5249345898628235,-3.7611753940582275,-5.1571173667907715,-5.42605447769165,-0.839273989200592,1.3268243074417114,1.7724539041519165,1.3268243074417114
-1.1150574684143066,0.6479844450950623,0.3585173785686493,0.8209541440010071,-0.30679377913475037,-0.4392436742782593,0.1974254697561264,-3.958066940307617,-4.625535011291504,-4.788723468780518,1.161287784576416,0.4972694218158722,1.5411878824234009,-1.6847323179244995
-0.7731075286865234,0.5401145815849304,0.2334180474281311,0.6493577361106873,0.4025390148162842,0.5974575281143188,0.24360084533691406,-3.562870979309082,-4.06336784362793,-7.483016490936279,1.492904543876648,0.16571642458438873,0.8667300939559937,-1.401010274887085
-1.0721330642700195,0.8442114591598511,0.29957643151283264,0.24154093861579895,0.7537427544593811,0.5589318871498108,0.2472345381975174,-1.9766271114349365,-4.279040336608887,-5.113249778747559,16.11809539794922,-1.586016058921814,-1.6149582862854004,-1.5983490943908691
-1.115930199623108,0.7564336657524109,0.28499066829681396,-0.4568891227245331,0.6685755848884583,0.5425990223884583,-0.22326049208641052,-1.9996590614318848,-12.297286033630371,-4.458673000335693,1.9061697721481323,-1.5500283241271973,-1.5500283241271973,-1.577831506729126
-1.1214814186096191,0.9943930506706238,0.030079936608672142,0.6314489841461182,0.7659323811531067,0.0893554836511612,-0.08145787566900253,-3.8984198570251465,-4.918107509613037,-5.8037848472595215,16.11809539794922,-1.6776217222213745,-1.6690006256103516,-1.6114543676376343
-1.120389699935913,1.0242936611175537,0.03705302253365517,-0.03312322869896889,0.8100712895393372,0.5772459506988525,0.09733697026968002,-3.1775708198547363,-3.5830304622650146,-5.700090408325195,-0.5779470205307007,-1.4787921905517578,-1.441746473312378,-1.5558903217315674
-1.126412272453308,1.042543649673462,0.0409824401140213,-0.06035343185067177,0.6954079270362854,0.7138864994049072,-0.055958572775125504,-3.6085309982299805,-4.207931995391846,-5.880482196807861,16.11809539794922,1.6473158597946167,1.5972038507461548,1.6648324728012085
-1.1203304529190063,1.0301487445831299,0.007451456505805254,0.3198661506175995,0.5754480361938477,0.7216075658798218,0.21407407522201538,-4.041367053985596,-4.245509147644043,-4.908260822296143,2.008723020553589,1.282967209815979,1.323995590209961,1.5251418352127075
-1.1250057220458984,1.0653624534606934,0.01164262555539608,0.43891769647598267,-0.3062055706977844,0.5232452154159546,0.6631770730018616,-14.722012519836426,-3.159925699234009,-3.4874112606048584,-1.2909841537475586,-1.5500283241271973,-1.5083235502243042,-1.6473394632339478
-1.1289868354797363,1.0665168762207031,0.01990720070898533,0.1678979992866516,0.752745509147644,0.6140961050987244,-0.16754241287708282,-3.966458797454834,-4.15509557723999,-4.289168357849121,16.11809539794922,0.8838438391685486,0.961982011795044,1.2254325151443481
-1.1445368528366089,0.9916865229606628,0.10411668568849564,0.2730160057544708,0.4458818733692169,0.8326475620269775,-0.18261897563934326,-3.3423101902008057,-4.1660966873168945,-4.388936519622803,0.739147424697876,-1.590027093887329,-1.369063377380371,-1.390283465385437
-1.1513680219650269,0.9968287348747253,0.11582072824239731,0.19837696850299835,0.831291675567627,-0.5190979242324829,-0.01175055280327797,-12.39741325378418,-4.125920295715332,-4.16411018371582,-0.023530498147010803,1.7724539041519165,1.4527170658111572,0.8410466909408569
-1.1504722833633423,1.0152225494384766,0.12772713601589203,0.09269589930772781,0.5330539345741272,0.7064782977104187,0.4562338888645172,-3.485006809234619,-4.146849632263184,-4.404356002807617,2.1577110290527344,0.4366057813167572,0.49547654390335083,0.49693992733955383
-1.1585643291473389,1.0338371992111206,0.11397349834442139,0.5448518395423889,0.5516796708106995,0.3922356069087982,0.4949113726615906,-3.77005934715271,-4.2707133293151855,-5.520964622497559,16.11809539794922,1.72715425491333,1.6093754768371582,1.7543339729309082
-1.1297106742858887,1.0498265027999878,0.13115400075912476,-0.10339491069316864,0.6349163055419922,0.7485758662223816,-0.16070152819156647,-3.175759792327881,-4.161474704742432,-5.767911434173584,1.8147070407867432,-0.46138444542884827,-0.23224759101867676,-0.08939696103334427
-1.1286920309066772,1.0609347820281982,0.12319277971982956,0.7569259405136108,-0.3602955937385559,-0.3979451060295105,-0.37267935276031494,-3.9733176231384277,-4.446206092834473,-4.966073036193848,2.6091361045837402,0.6819804906845093,0.7524850368499756,0.9097773432731628
-1.1205793619155884,1.0284868478775024,0.13738448917865753,0.6935803890228271,0.365435928106308,0.4051998555660248,0.4703359603881836,-3.8717739582061768,-4.109645843505859,-5.541399955749512,16.11809539794922,0.9260327219963074,0.9522594809532166,1.0094423294067383
-1.1128864288330078,1.008563756942749,0.13069014251232147,0.5445684790611267,0.39413535594940186,0.355620801448822,0.6493352651596069,-3.5617611408233643,-4.02802848815918,-6.171185493469238,0.25442367792129517,1.143982172012329,1.143982172012329,1.1359821557998657
-1.0433940887451172,0.8904120326042175,0.31845733523368835,-0.17224861681461334,0.8269624710083008,0.5282014012336731,-0.08641034364700317,-2.763781785964966,-4.331089019775391,-4.537502765655518,16.11809539794922,-1.5956062078475952,-1.6470369100570679,-1.7724539041519165
-1.0527050495147705,0.9908563494682312,0.3356635868549347,0.184136301279068,0.7593342661857605,0.5948703289031982,0.1887710690498352,-2.3591091632843018,-4.290154457092285,-4.624077796936035,3.342841386795044,0.03791418299078941,-0.21846647560596466,-0.5215963125228882
-1.0326231718063354,0.9765198230743408,0.3243333697319031,0.005516538862138987,0.7639526128768921,0.6452487707138062,-0.0002255708386655897,-2.5998716354370117,-4.038652420043945,-4.070751667022705,16.11809539794922,-1.1034739017486572,-1.1743199825286865,-1.3015930652618408
-1.0584518909454346,0.9746870994567871,0.3279999792575836,-0.23846709728240967,0.754989743232727,0.5896012783050537,-0.15966928005218506,-2.2933809757232666,-11.236275672912598,-4.649741172790527,4.840242385864258,-1.1051771640777588,-1.1468819379806519,-1.244193196296692
-1.0096005201339722,0.9997091293334961,0.3085603415966034,0.18348290026187897,0.6305070519447327,0.6942747235298157,0.29458025097846985,-3.1982407569885254,-4.171451091766357,-5.122308731079102,16.11809539794922,-1.6541252136230469,-1.6784534454345703,-1.6835218667984009
-1.0118519067764282,0.9945712089538574,0.3124067783355713,0.6447302103042603,-0.18725590407848358,-0.6640468239784241,0.32908961176872253,-4.074402809143066,-4.618898868560791,-4.837860584259033,2.698514223098755,-0.4347164034843445,-0.5515012145042419,-0.815233588218689
-1.025174856185913,1.004209280014038,0.31127414107322693,-0.0739593580365181,0.9780934453010559,-0.0656648501753807,0.1831703782081604,-4.357826232910156,-2.368126630783081,-13.176145553588867,3.0992729663848877,-1.5083235502243042,-1.5500283241271973,-1.5500283241271973
-1.049689769744873,1.0517985820770264,0.31402724981307983,-0.0237249955534935,0.7424372434616089,0.668847382068634,0.02944839745759964,-2.87496018409729,-5.001354694366455,-6.223122596740723,16.11809539794922,-1.6568634510040283,-1.5831224918365479,-1.6333897113800049
-1.0027028322219849,1.0762487649917603,0.3392694294452667,0.5859083533287048,0.43266531825065613,0.2980831563472748,0.6169753074645996,-3.3419816493988037,-4.923862934112549,-5.666896820068359,0.6683288812637329,-1.589677095413208,-1.6426012516021729,-1.7511318922042847
-1.0331493616104126,1.0621718168258667,0.34908953309059143,-0.025195565074682236,0.663291335105896,0.7478448748588562,0.011738930828869343,-2.5053160190582275,-3.9206364154815674,-5.336145877838135,-1.4418293237686157,1.345296859741211,0.9405515789985657,0.1545826643705368
-1.0299288034439087,1.0305683612823486,0.3538055717945099,-0.026957150548696518,0.9978393316268921,0.05875276401638985,-0.01175055280327797,-4.94527006149292,-2.7956979274749756,-14.728572845458984,5.537334442138672,-0.7715387940406799,-0.8410467505455017,-1.1051771640777588
-1.4353314638137817,0.5964855551719666,0.5194228291511536,0.5824620723724365,0.7425689101219177,0.30242159962654114,-0.13368065655231476,-3.161783456802368,-3.2138731479644775,-5.189404487609863,1.8448269367218018,0.11744990944862366,0.9987137913703918,-0.08913016319274902
-1.3583766222000122,0.6278011798858643,0.4403020739555359,-0.0034560449421405792,0.9293630719184875,-0.2757923901081085,0.24537917971611023,-4.701900482177734,-9.35179328918457,-3.8297412395477295,4.139158725738525,0.7298339009284973,1.6334378719329834,0.36839234828948975
-1.4662132263183594,0.5588728785514832,0.5108532905578613,0.6256111264228821,0.7001120448112488,0.34395819902420044,-0.01210663840174675,-2.5242645740509033,-2.8028948307037354,-4.706905364990234,-1.513127088546753,1.7724539041519165,1.7724539041519165,1.7724539041519165
-1.3728082180023193,0.5480674505233765,0.5139541029930115,-0.45107775926589966,0.13617205619812012,0.8278862833976746,0.30428653955459595,-2.1570913791656494,-3.3776378631591797,-4.302433967590332,2.7553343772888184,-1.3555885553359985,-0.6779996752738953,-1.7724539041519165
-1.3543963432312012,0.570465087890625,0.53748619556427,0.9364174008369446,-0.27581408619880676,0.03143144026398659,0.21461841464042664,-3.1619904041290283,-4.0051751136779785,-4.386512279510498,0.8052591681480408,0.5420058369636536,1.6665207147598267,0.4281277358531952
-1.3073807954788208,0.5782460570335388,0.38200056552886963,0.026957150548696518,-0.22326049208641052,0.8678257465362549,0.44306495785713196,-4.550843238830566,-2.9382219314575195,-12.985077857971191,5.537334442138672,-1.577831506729126,-1.6473394632339478,-1.7724539041519165
-1.182525396347046,0.6170184016227722,0.42318665981292725,-0.4470071792602539,0.3604457378387451,0.6258371472358704,0.5278174877166748,-3.4189934730529785,-4.128429889678955,-4.523449897766113,0.3227740228176117,0.5436447262763977,1.102472186088562,0.1792362481355667
-1.1501091718673706,0.6205074787139893,0.4424869120121002,-0.4904966354370117,0.6765212416648865,0.325357586145401,0.442577064037323,-3.8872921466827393,-4.196285247802734,-4.910790920257568,-0.39114922285079956,1.377323031425476,1.7724539041519165,1.4144153594970703
-1.2589356899261475,0.5937507152557373,0.4963681399822235,0.7017001509666443,-0.36422768235206604,-0.4468206763267517,-0.4186960458755493,-3.202315330505371,-3.5359809398651123,-4.032263278961182,-0.26658812165260315,1.7136292457580566,1.7724539041519165,1.7397735118865967
-1.2041875123977661,0.588596522808075,0.47850435972213745,0.6758939027786255,0.5727978348731995,-0.46113964915275574,0.0491960272192955,-3.4953930377960205,-3.927155017852783,-5.518977642059326,-0.3510739207267761,1.0414254665374756,1.4812358617782593,0.4757325351238251
-1.2409356832504272,0.5880197882652283,0.5576184988021851,0.5552765727043152,0.8173773288726807,0.09888867288827896,-0.11740211397409439,-3.470945358276367,-3.9589569568634033,-4.998209476470947,2.096566915512085,-1.6210867166519165,-0.6378237009048462,-1.7687034606933594
-1.1809132099151611,0.5580849051475525,0.5200480222702026,0.5225381255149841,0.3443862199783325,0.6231772899627686,0.46904388070106506,-3.975356340408325,-4.2486772537231445,-4.876014232635498,0.6795008778572083,0.3419661819934845,1.2794482707977295,0.06424803286790848
-1.1659438610076904,0.5672566294670105,0.585163414478302,0.5426070094108582,-0.4193391501903534,-0.32841187715530396,-0.6495213508605957,-3.604374647140503,-3.793457508087158,-4.499427795410156,-0.434556782245636,1.7724539041519165,1.754144310951233,1.6657629013061523
-1.153597116470337,0.5760466456413269,0.5583387613296509,0.9213701486587524,0.3591218590736389,-0.0052620177157223225,-0.14859630167484283,-4.147509574890137,-4.557523727416992,-4.919834136962891,3.326719045639038,-1.1496071815490723,-0.10359521210193634,-1.2041553258895874
-1.2703522443771362,0.6070213913917542,0.5514956116676331,0.7032783031463623,0.696991503238678,0.10680896043777466,-0.0905221551656723,-3.4956753253936768,-4.091461658477783,-5.624201774597168,1.69184410572052,-0.30505967140197754,0.3605758845806122,-0.6526970267295837
-1.2187862396240234,0.605659544467926,0.4780547022819519,-0.174875870347023,0.9378559589385986,-0.2536737024784088,0.15966928005218506,-5.0375823974609375,-8.544158935546875,-5.605080604553223,3.0992729663848877,1.7446506023406982,0.2571795582771301,0.3266875445842743
-1.3525333404541016,0.5731928944587708,0.6678778529167175,-0.4800926446914673,0.4621371626853943,0.5544689893722534,0.4985021948814392,-2.866584300994873,-3.769623279571533,-5.799824237823486,-0.8550827503204346,0.7250276803970337,1.214023232460022,0.2725595235824585
-1.2321834564208984,0.5529413223266602,0.6042153239250183,0.5329221487045288,0.7983649373054504,-0.2757923901081085,-0.05045825615525246,-3.535404920578003,-4.410967826843262,-14.338475227355957,1.2005772590637207,0.4379003345966339,0.9522594809532166,0.36839234828948975
-1.2316190004348755,0.588605523109436,0.5792826414108276,0.44827115535736084,0.8783154487609863,-0.152811661362648,0.0652959868311882,-3.8942432403564453,-4.259199619293213,-4.9671807289123535,2.106647491455078,1.7724539041519165,1.7724539041519165,1.7724539041519165
-1.2504605054855347,0.569290280342102,0.6056540012359619,0.2755945026874542,0.7698224782943726,0.556377649307251,-0.1478680521249771,-3.7172601222991943,-4.216501712799072,-5.221527576446533,0.5856474041938782,1.3322794437408447,1.5287799835205078,1.2206064462661743
-1.2153860330581665,0.5851395130157471,0.5719075202941895,0.9253625273704529,-0.2781941592693329,0.23623427748680115,0.10249679535627365,-3.1444685459136963,-4.325624942779541,-6.654453277587891,16.11809539794922,0.2571795582771301,0.9659708142280579,-0.012317321263253689
-1.1414626836776733,0.5432565212249756,0.6167166829109192,0.4457753598690033,0.7854902148246765,-0.4019794464111328,0.15067173540592194,-3.462000608444214,-4.517780780792236,-6.431646823883057,0.7242687940597534,0.08292955905199051,0.9874935150146484,-0.17113928496837616
-1.1483049392700195,0.5776557326316833,0.5692840814590454,0.7944467663764954,0.339529812335968,-0.4870935380458832,-0.12772516906261444,-4.009230613708496,-5.298089504241943,-5.8816351890563965,16.11809539794922,-0.34293216466903687,0.5506618022918701,-1.3803244829177856
-1.1047332286834717,0.5573895573616028,0.4069788455963135,0.8326665759086609,-0.029273621737957,-0.5227147340774536,0.18049590289592743,-3.625356674194336,-3.7244439125061035,-5.73153829574585,4.624698162078857,-0.2894238233566284,0.599165141582489,-0.9552010893821716
-1.1061456203460693,0.5514700412750244,0.4124550521373749,-0.11533872038125992,0.5653148293495178,0.7776950001716614,-0.2496129870414734,-3.4468677043914795,-5.650933265686035,-6.2578630447387695,-0.3709242343902588,0.6720289587974548,0.9804291129112244,0.7269025444984436
-1.0811268091201782,0.5419045090675354,0.4417048692703247,0.08116748929023743,0.7060247659683228,0.4373722970485687,0.5510411858558655,-3.9989969730377197,-4.0803351402282715,-6.752604961395264,3.0466420650482178,-0.512791097164154,0.5269150137901306,-1.5168423652648926
-1.094325304031372,0.5641216039657593,0.4417315125465393,0.41864868998527527,0.3489585816860199,0.7732000946998596,0.32422637939453125,-3.4845783710479736,-3.9095280170440674,-6.079625129699707,-0.2707289159297943,0.3962668180465698,1.544551134109497,-1.6501646041870117
-1.1010932922363281,0.5804750323295593,0.4384572505950928,0.3581203818321228,0.3166772723197937,0.8226082921028137,0.30786508321762085,-3.5040767192840576,-4.6571364402771,-6.772294044494629,-1.0025821924209595,0.6153818964958191,1.1444356441497803,1.1041648387908936
-1.0498085021972656,0.6067138910293579,0.376743882894516,-0.1527571827173233,0.9089539647102356,0.3711792230606079,0.11266706138849258,-15.980820655822754,-3.635004997253418,-5.75634241104126,0.38915154337882996,-0.11816361546516418,0.9105547070503235,-0.813243567943573
-1.0951275825500488,0.5846973061561584,0.4605584442615509,0.3371128737926483,0.32455360889434814,0.7812994718551636,0.4130266010761261,-3.394577980041504,-4.591107368469238,-5.108697891235352,-0.4457125663757324,0.3815734088420868,1.2818230390548706,-0.6797714233398438
-1.0731456279754639,0.5297452807426453,0.4699307084083557,-0.19975939393043518,0.6836497187614441,0.644897997379303,-0.27717480063438416,-3.879478931427002,-12.408138275146484,-4.8965373039245605,3.00815486907959,-0.41009721159935,0.47960513830184937,-1.7724539041519165
-1.089135766029358,0.5856266021728516,0.4699307084083557,0.0656648501753807,0.9454361796379089,0.2923814058303833,-0.12787365913391113,-14.923421859741211,-3.349957227706909,-5.461779594421387,-0.6755514144897461,1.7724539041519165,1.7724539041519165,0.5074083209037781
-0.7325969934463501,0.537125825881958,0.10291793942451477,-0.36426714062690735,0.8016161918640137,0.4181814193725586,-0.22326049208641052,-5.087934970855713,-3.635004997253418,-9.999642372131348,4.139158725738525,-1.619536280632019,-1.3971107006072998,-1.6473394632339478
-0.6939709186553955,0.5362658500671387,0.1223897784948349,-0.11662733554840088,0.6443588137626648,0.5542834997177124,0.5137797594070435,-2.9299938678741455,-4.046104907989502,-6.525385856628418,1.3902531862258911,-0.7927379012107849,-0.16231092810630798,-0.9459268450737
-0.7098252773284912,0.5456314086914062,0.1239447146654129,0.5582228302955627,0.7367834448814392,-0.13168756663799286,-0.35804450511932373,-3.761286973953247,-4.558620929718018,-6.123124122619629,0.1835547685623169,-0.2563726305961609,0.3245161473751068,-0.2168392539024353
-0.6807777285575867,0.5358206033706665,0.12816831469535828,-0.16745415329933167,0.7494805455207825,0.3665495216846466,0.5252423286437988,-3.482715129852295,-4.219198703765869,-5.097564697265625,-1.4067397117614746,1.047869086265564,1.5743321180343628,1.4071282148361206
-0.6826898455619812,0.5387269854545593,0.16035211086273193,-0.1081412136554718,0.48020729422569275,0.7530111074447632,0.4366700351238251,-3.1241791248321533,-3.5379035472869873,-6.509587287902832,1.2832027673721313,-1.411528468132019,-0.8433650135993958,-1.7724539041519165
-0.7343432903289795,0.5527911186218262,0.1715582013130188,-0.30421555042266846,0.25571364164352417,0.7493252754211426,0.5296933650970459,-3.0978758335113525,-3.7005763053894043,-4.403223991394043,0.33271464705467224,-1.0070430040359497,-0.30519869923591614,-1.5333232879638672
-0.7307783365249634,0.5779477953910828,0.16045312583446503,-0.1978996843099594,0.6442121863365173,0.6875936388969421,0.2702617049217224,-3.820380926132202,-4.649397373199463,-5.547972202301025,0.6774992942810059,-0.1344193071126938,0.4177122712135315,-0.41954031586647034
-0.6368692517280579,0.5589399337768555,0.1804007589817047,-0.27922672033309937,0.6581674814224243,0.6066000461578369,0.347684383392334,-3.254818916320801,-3.9520435333251953,-6.503037452697754,16.11809539794922,-0.820682942867279,-0.12481482326984406,-1.2647459506988525
-0.662451446056366,0.5808759331703186,0.20288702845573425,-0.1933274269104004,0.3314690887928009,0.7912599444389343,0.4760887324810028,-3.38393497467041,-3.6177093982696533,-4.993987083435059,0.48502498865127563,-0.9416341781616211,-0.4135327637195587,-0.8741626739501953
-0.6923085451126099,0.5828279852867126,0.22765949368476868,0.8472251296043396,0.5133463144302368,-0.12895670533180237,0.045335084199905396,-3.1119866371154785,-3.439899206161499,-5.2545881271362305,1.0153276920318604,-1.5872482061386108,-1.0241475105285645,-1.7544639110565186
-0.7093682885169983,0.5850528478622437,0.1895628422498703,-0.027728894725441933,0.5179750919342041,0.59950852394104,0.6095263957977295,-3.634613275527954,-4.22077751159668,-5.303828239440918,16.11809539794922,0.05297250300645828,0.6090364456176758,0.10588598996400833
-0.7147656679153442,0.5978384613990784,0.23240414261817932,-0.05962057411670685,0.4898696839809418,0.5831283926963806,0.6453172564506531,-3.121422529220581,-4.450423717498779,-6.313533306121826,-1.03542160987854,1.695328712463379,1.733891248703003,1.3846371173858643
-0.6663796901702881,0.5819699764251709,0.24188752472400665,0.9548932313919067,0.284921258687973,0.06396766006946564,0.0539155937731266,-3.284842014312744,-4.27358865737915,-4.787826061248779,0.39045965671539307,-0.4607207775115967,0.17634090781211853,-1.2671725749969482
-0.6181973218917847,0.5849865078926086,0.21071435511112213,-0.20675128698349,0.585174024105072,0.6209533214569092,0.4787924289703369,-3.2199811935424805,-4.594806671142578,-5.707871913909912,-0.7674440145492554,0.8100189566612244,1.0845977067947388,1.0063328742980957
-0.7168955206871033,0.6004199385643005,0.22143034636974335,0.6277245283126831,0.6823893785476685,-0.07584826648235321,-0.3668156564235687,-4.228394985198975,-4.663069248199463,-5.6710100173950195,0.7414907813072205,0.4715918004512787,1.006165862083435,0.40420886874198914
-0.7383705973625183,0.6114354133605957,0.2424822747707367,0.7507559657096863,0.04624832049012184,-0.6582991480827332,0.029475772753357887,-3.901582956314087,-4.668946743011475,-5.70842170715332,1.0253520011901855,-0.05420416221022606,0.2571795582771301,-0.19645248353481293
-0.7252553701400757,0.6164846420288086,0.2523750364780426,-0.2930660545825958,0.5692189335823059,0.4207741916179657,0.6426905989646912,-3.750502824783325,-5.035006523132324,-6.411684036254883,0.07014510035514832,0.9561380743980408,1.4746493101119995,0.6675809025764465
-0.6807274222373962,0.6028228402137756,0.258844792842865,0.8399518728256226,0.5066708922386169,0.02237410470843315,-0.19304099678993225,-3.6972908973693848,-4.102031707763672,-6.827978610992432,16.11809539794922,-0.7084006667137146,-0.19404152035713196,-0.9807515144348145
-0.6753482222557068,0.6158363819122314,0.27369803190231323,0.738697350025177,0.6461246609687805,0.07426165044307709,-0.1770152896642685,-3.5452799797058105,-4.5028605461120605,-5.955442428588867,2.338653087615967,0.8269896507263184,1.1247166395187378,0.5970443487167358
-1.1306239366531372,-0.0027087568305432796,0.7600045800209045,0.09746046364307404,-0.6545748710632324,0.7495965957641602,0.01175055280327797,-3.6361095905303955,-8.702518463134766,-4.8487701416015625,-0.8566524386405945,-0.5908179879188538,1.7724539041519165,-1.7724539041519165
-1.127598762512207,0.008917950093746185,0.7854571342468262,-0.16876433789730072,0.662725031375885,0.7228122353553772,0.09928048402070999,-2.833813190460205,-4.479640483856201,-5.132519721984863,1.960117220878601,0.17442040145397186,1.0686758756637573,-0.4514235854148865
-1.15194571018219,0.05851173400878906,0.7559913396835327,0.19064025580883026,0.5359298586845398,0.678900420665741,0.4642517566680908,-3.9140119552612305,-3.9731292724609375,-6.378425598144531,1.6764140129089355,0.1990797519683838,0.8808387517929077,0.7684646844863892
-1.144971251487732,0.09928291290998459,0.8067524433135986,0.9263790249824524,-0.3404935300350189,-0.114157535135746,0.11337592452764511,-3.3974385261535645,-4.378798961639404,-5.364063262939453,-0.05756460502743721,0.3291463851928711,0.9225993156433105,1.2142319679260254
-1.1393563747406006,0.08739873021841049,0.8211798071861267,0.9685315489768982,0.15429814159870148,0.10368022322654724,-0.1654967963695526,-2.717698574066162,-3.478482961654663,-3.9467058181762695,0.644470751285553,-0.8319101929664612,0.13667599856853485,-0.8258841037750244
-1.1475064754486084,0.12308277189731598,0.8280761241912842,0.19976812601089478,0.405921995639801,0.8773307800292969,0.16003350913524628,-4.07516622543335,-4.938686370849609,-5.4083099365234375,2.137068271636963,0.17312616109848022,0.7575082182884216,0.6558205485343933
-1.1430693864822388,0.15907660126686096,0.8016712069511414,0.7301534414291382,-0.2405385673046112,-0.6180664896965027,0.16435006260871887,-3.1594629287719727,-3.781646490097046,-4.5120978355407715,16.11809539794922,-1.7724539041519165,-1.4101762771606445,-1.7724539041519165
-1.153332233428955,0.16516245901584625,0.7683302760124207,0.8598545789718628,-0.09677281230688095,-0.48621124029159546,0.1219990998506546,-3.8545167446136475,-4.494441986083984,-5.741344928741455,-0.26755502820014954,-0.603304922580719,0.6584534049034119,0.5702157616615295
-1.1624835729599,0.14083684980869293,0.8493660092353821,-0.378787636756897,0.6527464389801025,0.2657368779182434,0.5998548865318298,-3.634246349334717,-3.6841015815734863,-5.362392902374268,1.6451082229614258,-1.7724539041519165,-1.1290403604507446,-1.7724539041519165
-1.1316324472427368,0.21132832765579224,0.7956872582435608,0.8879354000091553,0.2540302574634552,-0.372052937746048,0.09282249957323074,-3.5214152336120605,-5.241391181945801,-5.535093784332275,16.11809539794922,0.002355655189603567,0.544517993927002,0.45650604367256165
-1.141000509262085,0.249114990234375,0.7997405529022217,0.7307267189025879,-0.5124450325965881,-0.35623136162757874,-0.2766546905040741,-4.1503424644470215,-5.2863335609436035,-5.750259876251221,16.11809539794922,0.01192094199359417,0.7133397459983826,0.28635141253471375
-1.1157187223434448,0.21136239171028137,0.825236976146698,0.8033290505409241,0.31696975231170654,-0.4569159746170044,0.213120698928833,-3.786790132522583,-4.617966175079346,-5.080575466156006,16.11809539794922,-0.39972519874572754,0.2219911813735962,-0.08145467936992645
-1.1924322843551636,0.2555316984653473,0.8539683818817139,-0.2721504867076874,0.8636411428451538,0.3781003952026367,-0.19260892271995544,-2.257128953933716,-2.8196449279785156,-3.796318531036377,3.2091879844665527,-1.7714855670928955,-0.9469385147094727,-1.7056021690368652
-1.1309553384780884,0.23028714954853058,0.8236511945724487,-0.4203358292579651,0.34902283549308777,0.7074019312858582,0.44842323660850525,-1.352870225906372,-2.229128122329712,-7.2579345703125,-1.802574872970581,-1.7724539041519165,-1.2851547002792358,-1.7724539041519165
-1.1437530517578125,0.1503618061542511,0.8575462698936462,0.11461998522281647,0.7017179131507874,0.582187294960022,0.3943503201007843,-3.3048295974731445,-4.533688068389893,-5.456723690032959,-0.25303423404693604,-0.568992555141449,0.010804475285112858,-0.17959870398044586
-1.1573315858840942,0.1199791431427002,0.8824747800827026,0.9511151909828186,0.2050553858280182,-0.2094319760799408,0.09731638431549072,-3.451005220413208,-3.611800193786621,-5.031979084014893,-1.0249205827713013,-1.4174214601516724,0.3706327974796295,-0.6125243306159973
-1.144284725189209,0.1585833728313446,0.9113367795944214,-0.4118412733078003,-0.07135020196437836,0.8420451879501343,-0.34096306562423706,-3.483455181121826,-4.252929210662842,-5.6999993324279785,16.11809539794922,-1.7724539041519165,-0.7850347757339478,-1.7724539041519165
-1.1313344240188599,0.1732950359582901,0.9330392479896545,0.4889128804206848,0.639894962310791,0.2620828449726105,0.5317999720573425,-3.5624775886535645,-4.124779224395752,-4.757284641265869,-0.12744201719760895,-0.37928029894828796,0.30887097120285034,0.23639357089996338
-1.1647652387619019,0.19972921907901764,0.8727845549583435,0.6609602570533752,0.6227793097496033,0.02004506066441536,0.4181814193725586,-7.966409206390381,-6.327121734619141,-3.9252753257751465,2.7725887298583984,0.7298339009284973,0.8410466909408569,1.1746851205825806
-1.1910125017166138,0.20462992787361145,0.9123388528823853,0.7765694856643677,-0.1610722839832306,-0.6079607605934143,0.0371382012963295,-3.0735011100769043,-3.116894245147705,-4.422733306884766,1.1808158159255981,-0.4056289494037628,0.06438831239938736,0.04727461189031601
-1.1722975969314575,0.2439340054988861,0.9432891607284546,0.45426303148269653,0.41584891080856323,0.29078832268714905,0.7322273850440979,-3.1032774448394775,-3.570436477661133,-4.375962734222412,3.0367259979248047,-1.7200368642807007,-1.0014429092407227,-1.5172168016433716
-1.161458969116211,0.20544549822807312,0.9368901252746582,-0.06991373747587204,0.5495784282684326,0.7398125529289246,0.38177618384361267,-3.8530616760253906,-4.686561107635498,-5.355686187744141,16.11809539794922,-1.7724539041519165,-1.1086828708648682,-1.7724539041519165
-1.1568241119384766,0.24329043924808502,0.9191984534263611,0.6030439734458923,0.7061296701431274,-0.2436453402042389,-0.27992117404937744,-2.485478401184082,-3.517289161682129,-5.416660308837891,-1.6632766723632812,-0.5595047473907471,0.41749754548072815,-0.247018963098526
-1.4248088598251343,0.1115555688738823,0.998792827129364,0.5036786794662476,-0.5541288256645203,-0.2448948174715042,-0.6158535480499268,-0.3360275626182556,-1.0962141752243042,-2.4330036640167236,-1.0211061239242554,-1.7421238422393799,-1.6023197174072266,-1.7659519910812378
-1.1476774215698242,0.054012879729270935,0.992605447769165,0.4042801260948181,0.5444299578666687,0.5112151503562927,0.5280271768569946,-3.576050043106079,-4.138383865356445,-4.463745594024658,-0.49189460277557373,0.016117455437779427,1.5611015558242798,0.0034092071000486612
-1.14472234249115,0.06513705104589462,0.9997372627258301,0.6834238171577454,0.09917270392179489,-0.7210066318511963,0.056974414736032486,-2.7419850826263428,-3.4681239128112793,-4.42389440536499,-1.4444798231124878,0.9520906209945679,1.54338538646698,1.4730671644210815
-1.161705493927002,0.13022735714912415,1.0966763496398926,0.09255542606115341,0.6101274490356445,0.536462664604187,0.5756611824035645,-2.9939990043640137,-3.784919261932373,-4.600269794464111,0.40798845887184143,-0.3073703944683075,0.37548840045928955,0.31828194856643677
-1.1498668193817139,0.11809485405683517,1.0788480043411255,0.7080844044685364,0.2656562626361847,-0.6485043168067932,0.0865180715918541,-3.7659828662872314,-4.591577053070068,-5.350578784942627,16.11809539794922,-1.7724539041519165,-0.9565778374671936,-1.7724539041519165
-1.1730844974517822,0.11658086627721786,0.9758525490760803,0.17625829577445984,0.8407530784606934,-0.2702627182006836,-0.4347704350948334,-3.091658115386963,-1.8618102073669434,-13.468928337097168,0.5719616413116455,-1.7724539041519165,-0.8823153972625732,-1.7724539041519165
-1.1621326208114624,0.12346140295267105,1.0028712749481201,0.7036806344985962,0.3272724449634552,-0.6255853176116943,-0.07980809360742569,-3.7065865993499756,-4.881066799163818,-5.914013862609863,0.43938329815864563,-1.074774980545044,-0.033055245876312256,-0.7533055543899536
-1.161858320236206,0.12783315777778625,1.0258880853652954,0.33800119161605835,0.7812700867652893,0.01175055280327797,-0.5246276259422302,-3.091658115386963,-1.9982534646987915,-12.015653610229492,-2.1335086822509766,-1.7724539041519165,0.6546562910079956,-1.6890443563461304
-1.1719226837158203,0.1648983657360077,1.0045757293701172,0.7154707312583923,0.16159941256046295,0.5452776551246643,0.4057826101779938,-3.507972002029419,-4.633132457733154,-5.459847450256348,-0.0019439531024545431,0.695934534072876,0.9162111282348633,1.1591832637786865
-1.1331979036331177,0.21764281392097473,0.9610389471054077,0.6495517492294312,0.09264450520277023,-0.6696542501449585,0.34794068336486816,-3.704072952270508,-5.07542610168457,-6.8769354820251465,16.11809539794922,-1.122196078300476,-0.3446638584136963,-0.9692784547805786
-1.1393917798995972,0.23086059093475342,0.9822598695755005,0.06955626606941223,0.5834411382675171,0.6778097152709961,0.4419642388820648,-3.395413875579834,-4.244002819061279,-5.829493999481201,16.11809539794922,-0.7404816746711731,0.07035299390554428,-0.43130820989608765
-1.1878035068511963,0.22441726922988892,1.0306514501571655,0.6789264678955078,0.13286706805229187,0.481385737657547,0.538212776184082,-3.708983898162842,-4.292425155639648,-5.650660991668701,16.11809539794922,-0.2999458611011505,0.14813953638076782,-0.0380755253136158
-1.2064253091812134,0.25027626752853394,1.047005295753479,0.6174384951591492,0.24680230021476746,0.5718230605125427,0.4804963171482086,-3.4595513343811035,-4.237551689147949,-6.582886695861816,0.4569805860519409,-0.8258069753646851,-0.21261082589626312,-0.6120986342430115
-1.1543506383895874,0.2769952714443207,0.9961222410202026,0.3309900462627411,0.3471532166004181,0.634857714176178,0.6057111024856567,-3.179039716720581,-4.374120235443115,-6.261143684387207,-0.30087974667549133,-0.6235977411270142,0.1787170171737671,-0.29888439178466797
-1.1836025714874268,0.15292713046073914,1.0851974487304688,0.6190716624259949,-0.09688777476549149,-0.740257978439331,0.24368244409561157,-3.3888885974884033,-3.7698721885681152,-4.3397932052612305,0.21953867375850677,-0.6894821524620056,-0.33995017409324646,-0.3837019205093384
-1.1709824800491333,0.18715952336788177,1.0570155382156372,0.3232904076576233,0.5119901299476624,0.3720167577266693,0.7035289406776428,-3.106738328933716,-4.574401378631592,-5.348643779754639,-1.3475463390350342,0.5129594802856445,0.8146698474884033,1.0814956426620483
-1.1828620433807373,0.13192491233348846,1.1070266962051392,0.1527571827173233,0.800883948802948,-0.2536737024784088,-0.5204803347587585,-2.8004038333892822,-10.882227897644043,-3.783008337020874,-1.4615178108215332,-1.6473394632339478,0.07035299390554428,-0.9522595405578613
-1.185990810394287,0.1745978593826294,1.083401083946228,-0.25793835520744324,0.46796268224716187,0.4232802391052246,0.7316505908966064,-2.9572784900665283,-3.2576889991760254,-5.890873432159424,-0.20360064506530762,-1.517838954925537,-0.18173593282699585,-1.0577049255371094
-1.1775753498077393,0.1798139065504074,1.1140552759170532,0.7379958033561707,0.11111831665039062,-0.6328253746032715,0.20626914501190186,-3.7074174880981445,-4.300424098968506,-5.118580341339111,-0.8875898718833923,-0.13374847173690796,0.27544960379600525,0.37512069940567017
-1.2046011686325073,0.22273792326450348,1.1238945722579956,0.6197904944419861,-0.056644193828105927,-0.7387000322341919,0.25879231095314026,-3.389530897140503,-3.9063801765441895,-4.731184005737305,1.1693148612976074,-0.263441264629364,0.21653707325458527,0.17122791707515717
-1.2172267436981201,0.2502087652683258,1.1222649812698364,0.6288989186286926,0.11357681453227997,-0.7039982676506042,0.30979499220848083,-3.813455581665039,-5.284646987915039,-5.592241287231445,16.11809539794922,-0.5213099718093872,0.03224626183509827,-0.1349925696849823
-1.0887609720230103,0.029840432107448578,0.8289045691490173,-0.11715876311063766,0.5238502025604248,0.7328033447265625,0.4181555509567261,-1.922227144241333,-3.51194167137146,-4.375680446624756,-0.09573909640312195,-1.7724539041519165,-1.1456419229507446,-1.7724539041519165
-1.004628300666809,0.11153002828359604,0.8478386998176575,0.7688673734664917,0.6132917404174805,0.15854354202747345,0.0870642364025116,-2.4662513732910156,-3.214351177215576,-4.566981792449951,16.11809539794922,-1.7016489505767822,-0.976956307888031,-1.7724539041519165
-1.104404091835022,0.11299788951873779,0.8913823366165161,-0.2122385948896408,0.6895657181739807,0.4871762990951538,0.4920499622821808,-3.348203659057617,-4.042732238769531,-5.787607669830322,1.4722144603729248,-0.6647140979766846,0.24228820204734802,-0.3242909014225006
-1.0871362686157227,0.12195630371570587,0.9167550206184387,0.6471452116966248,-0.005414866376668215,-0.6121453046798706,0.45436978340148926,-3.588046073913574,-4.835010528564453,-5.229248046875,0.9775959253311157,-0.07764002680778503,0.7233313918113708,0.3054807782173157
-0.8604456186294556,-0.015527745708823204,0.762800931930542,0.8903193473815918,0.44896435737609863,-0.05091684311628342,0.056302446871995926,-2.752227306365967,-3.23639178276062,-5.301053524017334,0.5811607837677002,-0.7688170671463013,0.19458794593811035,-0.531138002872467
-0.777367115020752,0.018738986924290657,0.8383191227912903,0.8566442728042603,0.5058640241622925,-0.08254295587539673,0.058726973831653595,-2.60577392578125,-3.302380084991455,-4.798465251922607,-0.006745877210050821,0.33356431126594543,1.5153032541275024,0.8326640725135803
-0.8315929770469666,-0.010774658992886543,0.7643511891365051,0.20667147636413574,0.8433630466461182,-0.042163748294115067,-0.49421441555023193,-4.460553169250488,-15.79418659210205,-3.2341651916503906,-0.9916401505470276,-0.11816361546516418,1.2643640041351318,-0.1459668129682541
-1.1163034439086914,0.139271542429924,0.8967952728271484,0.6215943694114685,-0.6096328496932983,-0.3903524577617645,-0.2993212044239044,-3.8142647743225098,-4.250345230102539,-5.062595367431641,0.6983128786087036,0.08434857428073883,0.7183127999305725,0.4279436469078064
-0.8999488353729248,0.1713505983352661,0.9160118699073792,0.5149080753326416,-0.7325791716575623,-0.39007654786109924,-0.2145639955997467,-2.731060743331909,-3.0419600009918213,-5.64261531829834,0.03365832939743996,-0.347109317779541,0.48296797275543213,-0.23047861456871033
-1.1046042442321777,0.23500394821166992,0.8632435202598572,-0.001265191356651485,0.8086394667625427,0.45664310455322266,0.3709147274494171,-4.096404075622559,-4.774255275726318,-6.28062629699707,1.0214130878448486,-0.5476347208023071,0.14791738986968994,-0.2881021201610565
-0.8572123646736145,0.1614629030227661,0.8594990968704224,0.7631585597991943,0.6185489296913147,0.1667279154062271,-0.08478192985057831,-3.224625825881958,-3.7004170417785645,-5.9505181312561035,1.2109771966934204,-0.03853019326925278,0.6291053891181946,0.061834655702114105
-0.8516553640365601,0.1862860918045044,0.9547320604324341,-0.4294847846031189,0.518965482711792,0.659794270992279,0.33300018310546875,-2.555738687515259,-2.8212573528289795,-4.2400617599487305,16.11809539794922,-1.2446905374526978,-0.6060256958007812,-1.3541903495788574
-0.774897575378418,0.15865769982337952,0.8965137600898743,0.7008217573165894,-0.5947486162185669,-0.31200122833251953,-0.2403709888458252,-3.212157726287842,-3.9597525596618652,-5.613210201263428,-0.1914428174495697,0.2256675809621811,0.5194346308708191,0.49042028188705444
-0.7860552668571472,0.16126681864261627,0.8959290981292725,0.6268759369850159,0.6950045228004456,-0.23534522950649261,0.2619312107563019,-3.1636407375335693,-3.8261489868164062,-5.0323944091796875,0.81729656457901,0.43981707096099854,0.9984827637672424,0.898681640625
-0.7951779365539551,0.1779215782880783,0.9245451092720032,0.7794257402420044,0.6039966940879822,0.04609186202287674,-0.15987204015254974,-3.521036386489868,-4.550594806671143,-5.535159587860107,2.9233953952789307,-0.39595478773117065,0.2862911522388458,-0.24775132536888123
-0.7859104871749878,0.155372753739357,0.919489324092865,-0.17778757214546204,0.4646446406841278,0.4215121269226074,0.758171796798706,-2.7689003944396973,-3.395247220993042,-4.407487869262695,-0.7150408625602722,-1.6702957153320312,-0.6730113625526428,-1.7162082195281982
-0.921572208404541,-0.013208421878516674,1.1173679828643799,0.7270012497901917,0.5833465456962585,-0.24542787671089172,0.2663477957248688,-2.555767297744751,-3.955143451690674,-4.444727420806885,-0.7958916425704956,-0.5043774247169495,0.3185594081878662,-0.3160136938095093
-1.1012014150619507,0.14685247838497162,0.9468176960945129,0.050943855196237564,0.6553986072540283,0.5228025317192078,0.5427107214927673,-4.140257358551025,-4.5950236320495605,-7.007072925567627,0.13736699521541595,0.5877401828765869,1.4393832683563232,0.7908651232719421
-1.132958173751831,0.24876415729522705,1.0095576047897339,0.21016179025173187,0.41916418075561523,0.5870621204376221,0.6599177718162537,-3.3684802055358887,-5.415523052215576,-6.197281837463379,0.22130870819091797,0.4410664439201355,1.211249589920044,0.6796878576278687
-1.1933283805847168,0.30339837074279785,1.0248128175735474,0.940040647983551,0.20286883413791656,-0.06872152537107468,-0.2654151916503906,-3.3585262298583984,-4.392759799957275,-4.80227518081665,-0.23800669610500336,-1.7593663930892944,-1.0674692392349243,-1.6992592811584473
-0.7502132654190063,0.16686247289180756,0.9485496878623962,0.5850620865821838,0.781110405921936,-0.19303300976753235,-0.10152402520179749,-3.9541523456573486,-4.692346572875977,-5.387042999267578,-1.3279602527618408,0.8617878556251526,1.633612036705017,1.5301800966262817
-0.8241605758666992,0.2412576973438263,1.014778971672058,0.8572097420692444,0.5004914999008179,-0.06380221247673035,0.10309728980064392,-3.341449499130249,-3.7303307056427,-5.571716785430908,16.11809539794922,-0.7842212915420532,-0.16130146384239197,-0.6227906346321106
-0.7378256916999817,0.1750626116991043,0.9844923615455627,0.854401707649231,0.3356151878833771,-0.3735125958919525,0.1335982382297516,-3.2448525428771973,-4.351251125335693,-5.660503387451172,1.717661738395691,-0.701052188873291,-0.08771388977766037,-0.5652341842651367
-0.7355569005012512,0.19187860190868378,0.9953219294548035,0.7811999917030334,0.5845046639442444,-0.17852835357189178,0.12731249630451202,-3.2206826210021973,-3.5850958824157715,-4.074766159057617,16.11809539794922,-0.3327910602092743,0.24848739802837372,-0.14478331804275513
-0.7523452639579773,0.22463786602020264,1.0232656002044678,0.861082136631012,0.4382123649120331,-0.22192713618278503,0.13136130571365356,-2.8198344707489014,-4.01705265045166,-4.718720436096191,-0.7464349865913391,0.04112713783979416,0.4538553059101105,0.06236785650253296
-0.7417594790458679,0.22177523374557495,1.0591133832931519,0.9672594666481018,0.2109326869249344,-0.13812953233718872,0.02892705611884594,-2.9284868240356445,-3.860056161880493,-4.536247253417969,16.11809539794922,-1.5983909368515015,-0.84803706407547,-1.6711280345916748
-1.463500738143921,0.28141191601753235,0.9115390777587891,0.2320007085800171,0.35026225447654724,0.3399851620197296,0.8413692116737366,-2.9846434593200684,-3.371694564819336,-3.70805025100708,3.400178909301758,-0.18521170318126678,0.4437216520309448,0.27444589138031006
-1.16070556640625,0.2968810796737671,0.7927766442298889,0.3060626983642578,0.6422103643417358,0.44545528292655945,0.5435633063316345,-2.655482292175293,-4.3476362228393555,-5.238530158996582,-1.6484936475753784,-0.12277740985155106,0.5405561923980713,0.02534571848809719
-1.1691136360168457,0.3247326910495758,0.7721186876296997,0.37081485986709595,0.5861356854438782,0.5385007858276367,0.4784957766532898,-3.7067911624908447,-4.215697288513184,-5.699321746826172,0.8153215646743774,-1.7426389455795288,-0.9209444522857666,-1.7724539041519165
-1.1736299991607666,0.3375144302845001,0.7617944478988647,0.5307496190071106,0.262166291475296,0.5383819937705994,0.5997653603553772,-3.6635468006134033,-5.072691440582275,-6.78535795211792,8.67604923248291,-0.23715166747570038,0.39423343539237976,0.1961246132850647
-1.132163405418396,0.280250608921051,0.8292621374130249,-0.13616816699504852,-0.45550671219825745,-0.13616816699504852,0.8691548109054565,-3.732417583465576,-5.530618667602539,-4.702899932861328,4.139158725738525,0.7993419170379639,1.2643640041351318,1.4110122919082642
-1.1759815216064453,0.28843411803245544,0.8254756331443787,0.01175055280327797,-0.6366034746170044,0.0435461662709713,0.7698712348937988,-3.827075242996216,-16.446083068847656,-2.584829807281494,0.7108467817306519,-1.5083235502243042,-0.08207394182682037,-1.7724539041519165
-1.1270136833190918,0.32079413533210754,0.842555820941925,0.5779756903648376,0.7418748736381531,-0.11016865819692612,0.3216032087802887,-3.714538812637329,-4.168572902679443,-4.94726037979126,16.11809539794922,-0.2859419286251068,0.27788108587265015,-0.01049843430519104
-1.1604098081588745,0.35339054465293884,0.7897746562957764,-0.46518364548683167,0.7699680328369141,-0.23017258942127228,0.3711792230606079,-3.535820960998535,-4.893883228302002,-3.7288968563079834,-1.2005772590637207,0.7715387344360352,1.5946223735809326,1.2024883031845093
-1.1367725133895874,0.2785224914550781,0.9162206649780273,-0.39533522725105286,-0.06058215722441673,0.8349123001098633,-0.37810221314430237,-3.1340341567993164,-3.983191728591919,-4.433136940002441,0.26968228816986084,-1.7724539041519165,-0.6586547493934631,-1.7591526508331299
-1.1047922372817993,0.2735535502433777,0.8314678072929382,0.25661012530326843,0.5140501260757446,0.4182097017765045,0.7035654187202454,-2.354673147201538,-3.4381821155548096,-4.3116912841796875,0.29446926712989807,-1.6355875730514526,-0.725317656993866,-1.4623936414718628
-1.1134107112884521,0.3399094045162201,0.8741270899772644,0.8176780939102173,0.21960227191448212,-0.4952505826950073,0.19468998908996582,-3.865586042404175,-4.250192642211914,-5.1034626960754395,1.7124013900756836,-0.5385547876358032,0.2588874399662018,-0.3263433277606964
-1.1749860048294067,0.39510801434516907,0.8718680739402771,-0.07418620586395264,0.6288912892341614,0.7086002230644226,0.31125208735466003,-3.17455792427063,-3.7655911445617676,-4.510005950927734,1.468407392501831,-1.3241349458694458,-0.6353767514228821,-1.3632917404174805
-1.149888277053833,0.37574437260627747,0.8938857913017273,0.7110708951950073,0.2581160068511963,0.44346365332603455,0.48072266578674316,-2.9687464237213135,-3.782289505004883,-4.152409553527832,2.051847457885742,-0.870196521282196,-0.27506840229034424,-0.7420163154602051
-1.1268631219863892,0.37935128808021545,0.8896044492721558,0.7150941491127014,-0.045755915343761444,-0.6456611752510071,0.26394766569137573,-3.8290367126464844,-4.198490142822266,-4.610530376434326,0.5167611837387085,0.35402196645736694,0.9357140064239502,0.8559820055961609
-1.1457427740097046,0.41164660453796387,0.9087296724319458,0.3340630531311035,0.3284989595413208,0.6668426394462585,0.5794922113418579,-3.6433231830596924,-4.356295108795166,-6.287264823913574,16.11809539794922,0.136339470744133,0.5597354769706726,0.5250555276870728
-1.1806737184524536,0.43139150738716125,0.8526735901832581,0.6076754331588745,-0.31532979011535645,-0.7285148501396179,-0.023744992911815643,-3.3490872383117676,-4.0660223960876465,-4.703314781188965,16.11809539794922,-0.12188883870840073,0.4453204870223999,0.2654004991054535
-1.149588704109192,0.41685065627098083,0.9238476753234863,0.22873827815055847,0.3649064600467682,0.7595232129096985,0.48749005794525146,-3.2683193683624268,-5.385097980499268,-5.981969356536865,-0.13870470225811005,1.6674669981002808,1.3092825412750244,0.9119890332221985
-1.4225941896438599,0.34418413043022156,1.0277812480926514,-0.30758798122406006,0.8680723309516907,-0.1914648860692978,0.339383602142334,-4.992092132568359,-2.7259509563446045,-8.166022300720215,-1.5953861474990845,1.369307518005371,1.7724539041519165,1.4110122919082642
-1.427202582359314,0.3806878328323364,1.056577444076538,0.772392988204956,0.5555726289749146,0.14558933675289154,-0.2712043821811676,-3.216944932937622,-3.8666694164276123,-4.396219253540039,-1.8160494565963745,1.1445870399475098,1.607837200164795,1.2871522903442383
-1.2284908294677734,0.31912219524383545,1.0131763219833374,0.09054837375879288,0.8728650212287903,-0.2702627182006836,-0.3960627317428589,-3.5867903232574463,-4.802921295166016,-12.208908081054688,3.4299468994140625,0.1459667682647705,0.616549551486969,0.47960513830184937
-1.229519248008728,0.30287787318229675,1.052047610282898,0.6238383650779724,0.41949841380119324,-0.6529587507247925,-0.09215044230222702,-3.5807700157165527,-3.8641960620880127,-4.494435787200928,1.4465872049331665,0.37263283133506775,0.7302512526512146,0.7381138205528259
-1.1991580724716187,0.2623492479324341,0.9799094796180725,-0.21496598422527313,0.8537656664848328,0.4098869264125824,-0.23846709728240967,-16.17625617980957,-2.8775546550750732,-3.9762628078460693,-0.4547361433506012,-0.6325227618217468,0.36250463128089905,0.03475397080183029
-1.1790528297424316,0.30325156450271606,0.975405216217041,0.5543174743652344,-0.6293039321899414,-0.33344224095344543,-0.4307261109352112,-3.696624755859375,-3.9665262699127197,-5.813040256500244,16.11809539794922,-1.0532079935073853,-0.29302850365638733,-1.172690749168396
-1.1720561981201172,0.28316938877105713,1.0080375671386719,0.6490849256515503,0.01854216307401657,-0.6555875539779663,0.3854217231273651,-4.277398109436035,-4.933597564697266,-5.627295970916748,16.11809539794922,0.40417343378067017,0.6956462264060974,0.9469015002250671
-1.1665661334991455,0.29764053225517273,1.0218311548233032,0.174875870347023,0.9112428426742554,0.3532077968120575,0.11957915127277374,-8.792961120605469,-4.454232692718506,-5.684633255004883,0.7465723752975464,1.7724539041519165,1.3024708032608032,0.6881291270256042
-1.246713638305664,0.27733466029167175,1.0650383234024048,0.6983311772346497,0.24055469036102295,0.5296679735183716,0.4170357286930084,-2.0104236602783203,-3.235971689224243,-6.119002819061279,-0.12900860607624054,-1.338379144668579,-0.5361596345901489,-1.3594934940338135
-1.246046543121338,0.309249609708786,1.0620849132537842,0.08351487666368484,0.5642032027244568,0.7957188487052917,-0.2037927508354187,-3.404513120651245,-4.23045015335083,-4.736593723297119,1.0221878290176392,0.11092115193605423,0.47667285799980164,0.34003403782844543
-1.2918641567230225,0.31503045558929443,1.0862010717391968,0.174875870347023,0.9648324251174927,0.18178796768188477,0.0739593580365181,-16.278196334838867,-3.438488245010376,-4.262279510498047,3.0992729663848877,-0.18767161667346954,0.07035299390554428,0.03475397080183029
-1.2797149419784546,0.29456961154937744,1.1045844554901123,0.5182968974113464,-0.07232944667339325,-0.8425412774085999,0.1275186836719513,-2.9950997829437256,-3.2545623779296875,-5.938276290893555,1.9508010149002075,-0.947338879108429,-0.20009085536003113,-0.6598957777023315
-1.256662368774414,0.30162107944488525,1.1545706987380981,0.2341414988040924,0.4576616585254669,0.35194510221481323,0.7822136282920837,-3.198272705078125,-3.955789804458618,-5.01439094543457,0.7964025139808655,-0.18688291311264038,0.38870811462402344,0.2999572455883026
-1.2100067138671875,0.29379239678382874,1.098347544670105,0.5620260834693909,0.40848681330680847,0.4077739417552948,0.5924404263496399,-3.154995918273926,-3.859567403793335,-5.512757778167725,-1.7768977880477905,0.6493863463401794,0.8821699619293213,1.3549829721450806
-1.2626795768737793,0.35368210077285767,1.0649300813674927,0.11269111931324005,0.40904560685157776,0.6017826199531555,0.6766388416290283,-3.2882511615753174,-4.466757774353027,-4.927319049835205,-1.6212339401245117,0.8026355504989624,1.5318245887756348,0.9633700251579285
-1.2523916959762573,0.35185614228248596,1.0661869049072266,0.26749786734580994,0.8662586212158203,0.37670889496803284,-0.19008246064186096,-4.649868488311768,-15.506139755249023,-3.783008337020874,1.0520923137664795,-0.2571796178817749,0.10845973342657089,0.03475397080183029
-1.270498275756836,0.35697081685066223,1.0572617053985596,0.314500093460083,0.7951892614364624,0.4610363841056824,0.23708467185497284,-5.392567157745361,-11.625085830688477,-3.6361348628997803,4.139158725738525,-0.18767161667346954,0.32439789175987244,0.1459667682647705
-1.285401463508606,0.3318268060684204,1.1133567094802856,0.5792062878608704,0.7633925676345825,0.23033028841018677,-0.16941039264202118,-3.643270254135132,-3.8559110164642334,-3.91715145111084,1.5974934101104736,0.11372574418783188,0.5710791945457458,0.5493969917297363
-1.2940726280212402,0.36391332745552063,1.1277626752853394,-0.33271488547325134,0.6097604036331177,0.35776710510253906,0.6240959167480469,-3.5693178176879883,-4.0755414962768555,-4.968432903289795,2.3644492626190186,-0.6785723567008972,-0.11904610693454742,-0.354493647813797
-1.4369100332260132,0.5116406083106995,0.942659318447113,-0.44588935375213623,0.33874669671058655,0.47769996523857117,0.6769313812255859,-2.0827713012695312,-5.282608509063721,-5.831103801727295,1.3140747547149658,1.2893075942993164,1.6608284711837769,0.9582346677780151
-1.114036202430725,0.2721271514892578,0.8520997166633606,0.7755884528160095,-0.2704102396965027,-0.5631042122840881,-0.09085413068532944,-3.557645559310913,-4.156500339508057,-4.675998687744141,-0.14378175139427185,-0.5711315870285034,0.12354880571365356,-0.38723817467689514
-1.1008538007736206,0.3453139066696167,0.9007008671760559,0.4312436282634735,0.26823192834854126,0.682830274105072,0.5251888632774353,-3.8851006031036377,-4.77731466293335,-5.722461700439453,0.5223487615585327,-0.20359814167022705,0.40858596563339233,0.0936189815402031
-0.7760424017906189,0.2620587944984436,1.0439739227294922,0.8312237858772278,0.55167555809021,-0.04200979322195053,0.054371871054172516,-3.3874335289001465,-4.541376113891602,-6.036419868469238,4.042388916015625,-0.0006866901530884206,0.526065468788147,0.1263156235218048
-1.4938056468963623,0.18262659013271332,1.295120358467102,0.46798139810562134,0.0538690984249115,0.6616273522377014,0.5833873748779297,-2.2987794876098633,-2.6631686687469482,-3.539902687072754,-0.612153172492981,0.533681333065033,1.7454482316970825,-0.6880456805229187
-1.1500025987625122,0.14824174344539642,1.1417131423950195,-0.1114417091012001,0.6190263032913208,0.5147646069526672,0.5825844407081604,-3.7965502738952637,-4.609777927398682,-6.800452709197998,16.11809539794922,-0.09957040846347809,0.5424094796180725,0.3546712398529053
-1.1924402713775635,0.20090071856975555,1.172805905342102,0.19240149855613708,0.34833309054374695,0.7724056839942932,0.49501028656959534,-3.3611667156219482,-4.5647664070129395,-6.146717071533203,0.14688445627689362,-0.35975876450538635,0.13678203523159027,0.09144025295972824
-1.2404412031173706,0.24649374186992645,1.1584144830703735,-0.05045825615525246,0.21496598422527313,0.9749445915222168,0.026957150548696518,-3.1644716262817383,-14.050745010375977,-3.922151565551758,3.567518711090088,-0.9522595405578613,-0.3234165906906128,-0.7298339605331421
-1.2090754508972168,0.23644879460334778,1.183691143989563,0.25946760177612305,0.2934513986110687,0.6373485922813416,0.6635884046554565,-3.4045238494873047,-4.989575386047363,-7.333906650543213,0.028091898187994957,0.11788351833820343,0.7805203795433044,0.6338642239570618
-1.1940882205963135,0.19534693658351898,1.1270408630371094,0.2052890658378601,0.9662812352180481,-0.15137477219104767,0.03525165840983391,-13.948161125183105,-5.090968132019043,-3.2341651916503906,0.4218320846557617,-0.4379003942012787,-0.03126496449112892,0.07645876705646515
-1.1908290386199951,0.20557630062103271,1.1300159692764282,0.16796378791332245,0.8684068918228149,0.46380123496055603,-0.05045825615525246,-5.683821201324463,-15.202932357788086,-3.442880153656006,-0.4878840446472168,0.1459667682647705,0.616549551486969,0.8827515244483948
-1.2875041961669922,0.23691873252391815,1.2010807991027832,0.6994418501853943,0.37449491024017334,0.2986910343170166,0.5303944945335388,-2.4497427940368652,-3.0545835494995117,-4.352928638458252,-2.75437331199646,0.7649990320205688,1.5443085432052612,0.3581656813621521
-1.054810643196106,0.03795584291219711,1.1620653867721558,-0.039053358137607574,0.6801322102546692,0.5661269426345825,0.464106947183609,-2.7651729583740234,-4.3166728019714355,-6.638415336608887,0.2803494930267334,-0.608686625957489,0.24897636473178864,-0.11132937669754028
-1.0186141729354858,0.04336182028055191,1.1868400573730469,0.029935136437416077,0.6830700635910034,0.6072311401367188,0.40470921993255615,-3.3135197162628174,-4.047730445861816,-5.9763031005859375,0.6995744109153748,-0.3834141790866852,0.1388079822063446,0.04753539711236954
-0.9840164184570312,0.0006722093094140291,1.2656036615371704,-0.48131275177001953,-0.13802729547023773,0.812606930732727,-0.2982556223869324,-1.6682180166244507,-2.2546534538269043,-3.401226758956909,-0.8113019466400146,-0.9481924176216125,-0.46381711959838867,-1.3201342821121216
-0.9572292566299438,0.06999243050813675,1.2967727184295654,0.8527357578277588,0.38082900643348694,-0.3505208194255829,-0.07032861560583115,-3.197744369506836,-3.3870630264282227,-3.6976168155670166,16.11809539794922,-0.30913397669792175,0.27372869849205017,0.027958575636148453
-1.0079952478408813,0.08518818020820618,1.2633858919143677,-0.13814768195152283,0.5166400671005249,0.6048086881637573,0.5900887250900269,-2.9518895149230957,-3.569709300994873,-7.049942493438721,0.3981901705265045,-0.7199833989143372,-0.1101045310497284,-0.07547376304864883
-0.9130870699882507,0.04556940123438835,1.3237842321395874,0.41112232208251953,0.8777332901954651,-0.23134653270244598,0.08391359448432922,-3.572335720062256,-4.299078941345215,-4.745270252227783,-0.4691407382488251,0.24552583694458008,0.8770701885223389,0.5374594330787659
-0.8544073700904846,-0.01435493491590023,1.1370480060577393,-0.0435461662709713,0.9721689224243164,0.23017258942127228,0.0034560449421405792,-3.2372853755950928,-7.137617588043213,-3.783008337020874,-1.6236225366592407,1.2024883031845093,1.5946223735809326,0.6881291270256042
-0.8501652479171753,-0.009112167172133923,1.1885250806808472,0.7565228343009949,0.6497601270675659,-0.0723857656121254,0.01566065289080143,-3.214742660522461,-3.4928643703460693,-4.2674384117126465,-0.4651946723461151,-0.31473609805107117,0.6500760316848755,0.2069806605577469
-0.8702477812767029,-0.01580790802836418,1.2495064735412598,-0.3603425621986389,0.4336051642894745,0.6570346355438232,0.5004451274871826,-2.6986002922058105,-3.3867828845977783,-5.371128082275391,-0.05871884152293205,-0.5483935475349426,0.3785344362258911,-0.3025370240211487
-0.9481004476547241,0.13464140892028809,1.187421441078186,0.003929540514945984,0.46454140543937683,0.8836085796356201,0.05849564075469971,-2.6720328330993652,-2.9281728267669678,-4.710527420043945,-1.479386806488037,-1.7092880010604858,-1.3459391593933105,-1.7265150547027588
-0.8370513916015625,0.018291587010025978,1.2111148834228516,0.8230284452438354,0.4400363266468048,-0.35667458176612854,0.04213571548461914,-4.0710129737854,-4.89598274230957,-5.713130950927734,0.6671136021614075,1.479515552520752,1.7445720434188843,1.2537089586257935
-0.8982040286064148,-0.004084152169525623,1.2580986022949219,0.47999855875968933,0.8651941418647766,-0.12330994009971619,0.07638831436634064,-3.02738356590271,-3.6652626991271973,-4.072094917297363,-0.3427988886833191,0.23505592346191406,0.7796791791915894,0.7238001823425293
-0.9005288481712341,0.030241332948207855,1.3269017934799194,0.03534020856022835,0.5046143531799316,0.6124702095985413,0.6074501276016235,-3.5766730308532715,-3.8545072078704834,-4.58340311050415,0.32690000534057617,0.0022713185753673315,0.6297277212142944,0.3588167726993561
-1.0125268697738647,0.13081566989421844,1.2902700901031494,0.7328251004219055,0.6798375248908997,0.00727557810023427,-0.027117671445012093,-3.1138689517974854,-3.626657485961914,-4.681344509124756,0.2828420102596283,0.11115538328886032,0.6739013195037842,0.4617313742637634
-1.0287871360778809,0.11857384443283081,1.3079262971878052,-0.5343045592308044,0.80113685131073,0.26888027787208557,0.02004506066441536,-8.067413330078125,-2.7945523262023926,-4.55217981338501,1.6524039506912231,-0.8827515840530396,-0.03475402295589447,-0.7298339605331421
-0.9552921056747437,0.09794654697179794,1.3832743167877197,0.74692702293396,0.18187032639980316,-0.6341205835342407,0.08315224945545197,-3.477945327758789,-3.9775149822235107,-4.928380489349365,16.11809539794922,-0.2274717539548874,0.285180926322937,0.2511235177516937
-0.93873530626297,0.030656978487968445,1.465750813484192,0.7098339796066284,-0.015019457787275314,-0.7024999856948853,0.049029987305402756,-3.956970691680908,-4.748433589935303,-7.16931676864624,2.079904317855835,-0.22661569714546204,0.46772506833076477,0.19711150228977203
-0.9368480443954468,0.01851619966328144,1.4951335191726685,0.649519145488739,0.09972567111253738,-0.7537754774093628,0.001481817220337689,-3.652966260910034,-4.615513801574707,-6.878674507141113,1.4204702377319336,0.08470024913549423,0.6258860230445862,0.3629436492919922
-0.9345667958259583,0.08393852412700653,1.419588327407837,0.32186630368232727,0.29238826036453247,0.6107313632965088,0.6617540121078491,-3.711136817932129,-4.235325336456299,-5.364810466766357,0.5044636726379395,0.42767488956451416,0.907918393611908,0.7632665038108826
-0.8757951259613037,0.0037334489170461893,1.3365774154663086,-0.2154599130153656,0.5061147809028625,0.6423317193984985,0.533699095249176,-3.54427170753479,-4.476715564727783,-6.562220573425293,1.5832126140594482,-0.06603178381919861,0.5562095642089844,0.3216196298599243
-0.919052004814148,0.039041560143232346,1.332912564277649,0.6758732199668884,0.5473557114601135,-0.4923831820487976,0.03399902209639549,-2.331423282623291,-3.087502956390381,-5.318502902984619,-0.9297248721122742,-1.0812301635742188,-0.3861502408981323,-0.97067791223526
-0.8841400146484375,0.019010884687304497,1.3625569343566895,-0.12653176486492157,0.6126381754875183,0.43765684962272644,0.64584881067276,-3.622922420501709,-4.5826311111450195,-5.274569034576416,2.099421739578247,0.20188599824905396,0.7209913730621338,0.6076763272285461
-0.9062758088111877,0.046382125467061996,1.389121174812317,-0.08520358800888062,0.5099735856056213,0.5280073881149292,0.6737027764320374,-3.6811163425445557,-4.182113170623779,-5.224786281585693,16.11809539794922,0.02385992370545864,0.514125645160675,0.4297585189342499
-0.9269417524337769,0.06648187339305878,1.3789012432098389,0.5863068699836731,0.7679247856140137,-0.2320401519536972,-0.11266408860683441,-3.841231107711792,-3.9486072063446045,-6.750676155090332,0.1820441633462906,-0.49114376306533813,0.17118790745735168,-0.06112785264849663
-0.9174312949180603,-0.010749142616987228,1.4555574655532837,0.7269139885902405,0.26659661531448364,-0.6327649354934692,-0.011438829824328423,-3.8239786624908447,-4.077651500701904,-5.243929386138916,16.11809539794922,-0.17798271775245667,0.5841569304466248,0.17620819807052612
-0.9137797951698303,-0.018400482833385468,1.4882287979125977,0.627671480178833,0.32466086745262146,-0.6982012987136841,-0.11462439596652985,-3.337188482284546,-5.17842960357666,-6.596442699432373,-0.6017492413520813,1.4171291589736938,1.61233651638031,1.3460402488708496
-0.8940058350563049,-0.0026175943203270435,1.48787260055542,0.8967514038085938,-0.19275565445423126,0.3590458631515503,0.17253467440605164,-3.266676425933838,-3.6503138542175293,-5.568416595458984,-1.1185083389282227,-0.6850674748420715,0.042532097548246384,-0.3926648497581482
-0.9178696870803833,0.06590021401643753,1.4455983638763428,0.5108034610748291,0.8308570384979248,0.21496598422527313,-0.05045825615525246,-3.5384035110473633,-7.96903133392334,-4.073352336883545,-0.6061357855796814,-1.6473394632339478,-1.285897970199585,-1.7724539041519165
-0.932550311088562,0.07759878784418106,1.4403843879699707,0.239739328622818,0.3304388225078583,0.7118951082229614,0.5714372992515564,-4.552535057067871,-5.492166519165039,-6.332431793212891,0.8885165452957153,1.6365524530410767,1.50587797164917,1.3124797344207764
-1.0090196132659912,0.12229651212692261,1.364688754081726,-0.14173224568367004,0.6818712949752808,0.46024084091186523,0.5505832433700562,-3.471831798553467,-3.9514408111572266,-6.216741561889648,16.11809539794922,-0.47876861691474915,0.14021219313144684,-0.25088950991630554
-1.0987002849578857,0.25101912021636963,1.4670093059539795,0.6041724681854248,0.6962923407554626,-0.20605814456939697,-0.32816562056541443,-3.7194247245788574,-4.492484092712402,-7.098499774932861,1.537800669670105,-0.15655949711799622,0.6912477612495422,-0.13244573771953583
-1.105721354484558,0.24077165126800537,1.4898744821548462,-0.09958167374134064,0.3807365596294403,0.44747716188430786,0.8030487895011902,-3.774055004119873,-4.55476188659668,-6.054417133331299,16.11809539794922,-0.019794782623648643,0.6262446045875549,0.14565370976924896
-1.1244137287139893,0.2772177457809448,1.4746508598327637,0.4880284070968628,0.7880452871322632,-0.34574776887893677,-0.14584699273109436,-3.397226572036743,-4.31138801574707,-5.116940021514893,-1.1689656972885132,1.7724539041519165,1.7724539041519165,1.7724539041519165
-1.0727148056030273,0.22392112016677856,1.469764232635498,0.2757923901081085,-0.12096156924962997,-0.026957150548696518,0.9531947374343872,-4.9870500564575195,-15.693469047546387,-4.649441719055176,-0.3243834376335144,0.5074083209037781,1.7724539041519165,-0.7020307779312134
-1.0672239065170288,0.23395419120788574,1.4968591928482056,0.3628847002983093,0.8700426816940308,-0.261968195438385,0.20667147636413574,-10.001594543457031,-4.464701175689697,-4.410027980804443,3.4299468994140625,-1.5083235502243042,-0.5908179879188538,-1.7724539041519165
-1.393730640411377,0.33456599712371826,1.1306182146072388,0.8973449468612671,-0.004090689122676849,0.28552767634391785,0.33649563789367676,-1.994806170463562,-2.6734917163848877,-4.034387588500977,-0.3448758125305176,-1.5270168781280518,-0.9478229880332947,-1.7724539041519165
-1.4972261190414429,0.3753708600997925,1.2188962697982788,0.5196555852890015,0.4493287205696106,0.1905609667301178,0.7012476325035095,-3.5478944778442383,-4.0760722160339355,-5.226281642913818,-0.8685404658317566,-0.35570192337036133,0.7637618780136108,-0.6627482175827026
-1.2205902338027954,0.25840073823928833,1.1464970111846924,0.6348027586936951,-0.24743647873401642,-0.7319747805595398,-0.003684978000819683,-3.832610607147217,-5.231257438659668,-6.014665126800537,-0.437053382396698,0.6306424140930176,0.9146010279655457,1.2011619806289673
-1.2435669898986816,0.2932465076446533,1.1555012464523315,0.15118160843849182,0.4391647279262543,0.40327876806259155,0.788444459438324,-3.2032597064971924,-4.0878424644470215,-4.802601337432861,-0.43918898701667786,-0.858169436454773,-0.23911473155021667,-0.647588849067688
-1.220970869064331,0.26739776134490967,1.1680573225021362,0.15966928005218506,0.9070976972579956,-0.05875276401638985,0.38500338792800903,-5.679534435272217,-6.477827072143555,-4.507289409637451,0.40546509623527527,1.1329803466796875,1.7724539041519165,-1.4388154745101929
-1.3085521459579468,0.3272327780723572,1.1596823930740356,0.9623512029647827,0.06252410262823105,-0.022804485633969307,-0.2635352313518524,-2.966792106628418,-4.077512264251709,-4.268593788146973,-0.9954885244369507,-0.303192138671875,0.1605115681886673,-0.05601181462407112
-1.3041574954986572,0.3741844594478607,1.1518142223358154,0.5000061392784119,-0.49817341566085815,-0.3003910183906555,-0.6415468454360962,-3.8527588844299316,-4.850989818572998,-5.692763328552246,0.64061039686203,0.8241773247718811,0.48993730545043945,0.06597615778446198
-1.458449363708496,0.5146927833557129,1.2453677654266357,-0.3925582468509674,0.7790621519088745,0.45866158604621887,0.16908501088619232,-1.6866974830627441,-5.008669853210449,-5.971208572387695,16.11809539794922,-1.283600091934204,-0.8659777045249939,-1.584064245223999
-1.4964497089385986,0.3285897374153137,1.344170093536377,0.20994998514652252,0.4082210063934326,0.634946882724762,0.6213847994804382,-3.388312578201294,-4.215370178222656,-6.954133033752441,16.11809539794922,-0.7189850807189941,0.2217726707458496,-0.7489705085754395
-1.4977153539657593,0.30585789680480957,1.4228971004486084,0.32970666885375977,0.7966827154159546,0.14308026432991028,-0.48591992259025574,-4.843777179718018,-3.8234832286834717,-7.881527900695801,1.8718022108078003,0.18767155706882477,0.9105547070503235,0.39619556069374084
-1.1997756958007812,0.2694461941719055,1.4815260171890259,0.7196887731552124,0.6867117285728455,-0.06795469671487808,-0.07653253525495529,-2.189697742462158,-3.556588649749756,-3.743027448654175,-0.7781725525856018,-1.678858757019043,-1.1011402606964111,-1.7724539041519165
-1.2010962963104248,0.292426198720932,1.4736385345458984,0.7159935832023621,0.643186092376709,-0.27001482248306274,-0.027510713785886765,-2.7368581295013428,-3.1753475666046143,-4.891253471374512,-1.747472882270813,0.4666028916835785,1.3684110641479492,0.5271438956260681
-1.2234550714492798,0.3084391951560974,1.4797261953353882,0.753260612487793,0.6148488521575928,-0.1437329649925232,-0.18411996960639954,-2.942864418029785,-3.231971502304077,-4.196923732757568,16.11809539794922,-1.247066617012024,-0.41836267709732056,-1.3536218404769897
-0.7245496511459351,-0.005974472966045141,0.8776016235351562,0.501430332660675,-0.3822500705718994,-0.5489786267280579,-0.5487030148506165,-2.5062403678894043,-4.072416305541992,-4.7865309715271,-0.6390870809555054,0.21611782908439636,1.3809592723846436,0.0803966373205185
-0.7093542814254761,0.005746875889599323,0.8683226108551025,0.652715265750885,0.6423346996307373,0.09877978265285492,-0.38937312364578247,-3.726524829864502,-4.646738052368164,-5.780970096588135,0.7425251603126526,1.6859294176101685,1.7724539041519165,1.5293201208114624
-0.662829577922821,0.017986098304390907,1.0077108144760132,-0.37107497453689575,0.6779091358184814,0.5386195182800293,0.33560630679130554,-3.1949877738952637,-4.053046703338623,-5.235782146453857,1.0465352535247803,0.20278482139110565,0.8597949743270874,0.5303648710250854
-0.6668642163276672,0.024750035256147385,1.0492810010910034,0.5744682550430298,-0.6641083359718323,-0.4444504976272583,-0.177229106426239,-2.6606075763702393,-3.784044027328491,-4.909363269805908,0.6139723658561707,-1.6367472410202026,-0.4887903928756714,-1.5905344486236572
-0.6233715415000916,-0.012445442378520966,0.9795587658882141,0.818282425403595,0.525061845779419,-0.1032918244600296,0.20989207923412323,-2.7532458305358887,-3.7798495292663574,-4.271232604980469,0.3496605157852173,0.8069089651107788,1.2888847589492798,0.83216392993927
-0.6099228262901306,0.009987949393689632,1.0397875308990479,-0.39216527342796326,0.7955700159072876,0.2787276804447174,0.3682195544242859,-2.996412992477417,-3.3901143074035645,-4.420628547668457,16.11809539794922,-0.3947838246822357,0.20679372549057007,-0.23561911284923553
-0.592036783695221,0.022213967517018318,1.1237457990646362,0.8965385556221008,0.40357905626296997,-0.16898421943187714,0.06918704509735107,-2.92353892326355,-3.206943988800049,-4.5626068115234375,1.9371124505996704,-1.3819599151611328,-0.5075601935386658,-1.3540087938308716
-0.575233519077301,0.030784456059336662,1.108008861541748,-0.16658136248588562,0.8428643941879272,0.37670889496803284,-0.34629568457603455,-9.531978607177734,-3.734010934829712,-3.295257329940796,1.9061697721481323,0.18767155706882477,0.7993419170379639,0.36839234828948975
-0.5860335826873779,0.058884020894765854,1.1210793256759644,0.7573013305664062,0.5644277334213257,-0.2859494090080261,0.16170625388622284,-3.741851806640625,-4.254678726196289,-4.762056827545166,16.11809539794922,0.4663298726081848,1.024923324584961,0.717498779296875
-0.5418847799301147,-0.017041094601154327,1.0324819087982178,0.7877630591392517,0.5278302431106567,-0.2972424626350403,0.11167596280574799,-3.5565669536590576,-3.836104154586792,-5.2688093185424805,16.11809539794922,0.9585031867027283,1.2940694093704224,0.6686645150184631
-0.5540065169334412,0.00461959233507514,1.0751237869262695,0.8685162663459778,-0.14230984449386597,-0.47429198026657104,0.021784285083413124,-2.806323289871216,-4.651249408721924,-5.205661773681641,0.7270022034645081,0.5734854340553284,1.1682299375534058,0.5039774775505066
-0.5275618433952332,0.002466629957780242,1.0697920322418213,0.5190132260322571,0.1480192393064499,-0.8349958658218384,0.10722610354423523,-0.9665137529373169,-2.7659947872161865,-4.068693161010742,-1.2732837200164795,-1.0391895771026611,-0.5370676517486572,-1.1431126594543457
-0.5093132257461548,0.003302435390651226,1.1212694644927979,-0.207503542304039,0.7328511476516724,0.34142059087753296,0.5507298707962036,-3.637906789779663,-4.265686511993408,-4.9643378257751465,1.926194190979004,0.19921749830245972,0.6937921047210693,0.3540237545967102
-0.48526033759117126,-0.014573480002582073,1.1373002529144287,0.7866232991218567,-0.09597641974687576,-0.6097390055656433,-0.015187671408057213,-3.679795742034912,-4.698366165161133,-5.905182838439941,-0.24177014827728271,0.19164028763771057,0.8499846458435059,0.5491131544113159
-0.7278823256492615,0.15787005424499512,0.9996287822723389,-0.05045825615525246,0.6075726747512817,0.7263968586921692,-0.3172649145126343,-9.715049743652344,-1.5717648267745972,-3.3476290702819824,-1.2679531574249268,-1.7724539041519165,-1.0634723901748657,-1.7724539041519165
-0.700748860836029,0.21082338690757751,1.046440601348877,0.030693229287862778,0.7936118245124817,0.4820634424686432,0.3699365556240082,-3.528916120529175,-3.5905418395996094,-5.346372127532959,0.5650959014892578,-0.737860381603241,-0.13647817075252533,-0.5255821347236633
-0.7136058211326599,0.26321732997894287,1.0640710592269897,0.2536737024784088,0.945468544960022,-0.1444626748561859,0.1444626748561859,-3.777191400527954,-10.578639030456543,-5.135750770568848,1.7423112392425537,-0.29888439178466797,0.39619556069374084,-0.1459668129682541
-0.5438963174819946,0.053665246814489365,1.163626790046692,0.8483740091323853,0.4193270206451416,-0.32282572984695435,0.01448809914290905,-3.5247933864593506,-4.906627178192139,-5.160367965698242,0.4528035819530487,1.0326242446899414,1.4639153480529785,1.229608416557312
-0.5233086347579956,0.007045813836157322,1.1548670530319214,0.16058054566383362,0.5285631418228149,0.6266292333602905,0.5497005581855774,-3.5674901008605957,-3.7769298553466797,-4.884409427642822,0.8338479995727539,-0.6956347823143005,-0.11441081017255783,-0.41888201236724854
-0.5550575256347656,0.039801280945539474,1.1467843055725098,0.8661715984344482,-0.10393371433019638,-0.45103102922439575,0.1884557455778122,-3.6324877738952637,-4.733608245849609,-5.0152153968811035,3.142695426940918,0.14583860337734222,0.7973449230194092,0.1429712474346161
-0.516426682472229,0.014122344553470612,1.1974607706069946,0.9524415135383606,0.139911949634552,-0.04215611144900322,-0.26739975810050964,-3.8101115226745605,-4.034810543060303,-5.120510101318359,2.34128737449646,-1.4067058563232422,-0.7295728921890259,-1.442195177078247
-0.479416161775589,-0.008929893374443054,1.1888753175735474,0.6013790369033813,0.06284011155366898,-0.6944600939750671,0.3900250792503357,-4.239760875701904,-6.565824508666992,-8.271485328674316,0.4940953254699707,1.5832912921905518,0.672240674495697,0.33710959553718567
-0.5027302503585815,0.0065550422295928,1.1823407411575317,0.8461318016052246,0.06376844644546509,-0.5068097114562988,0.1521134078502655,-4.110950946807861,-4.469235420227051,-7.176828384399414,16.11809539794922,0.5021034479141235,0.9522594809532166,0.9028149843215942
-0.49467629194259644,0.022089557722210884,1.2156633138656616,0.5106673836708069,0.2233092337846756,0.5896140336990356,0.5845571160316467,-4.399444580078125,-5.095876216888428,-6.737321853637695,-0.5838755369186401,1.664913535118103,1.3669250011444092,1.4173541069030762
-0.5060473680496216,0.02744009718298912,1.199546217918396,-0.45550671219825745,-0.5799243450164795,0.588711678981781,-0.3310891091823578,-4.310484409332275,-15.111899375915527,-4.993598937988281,1.8382794857025146,-0.11816361546516418,0.39619556069374084,0.28498274087905884
-0.5183389186859131,0.04275796189904213,1.1790168285369873,0.737928032875061,0.3954627215862274,-0.5460626482963562,-0.02978329174220562,-3.6378278732299805,-4.658512592315674,-7.503641128540039,1.223862648010254,-0.061246830970048904,0.4303456246852875,0.2299526035785675
-0.5101038813591003,0.04083451256155968,1.199950098991394,0.5154231786727905,0.07330698519945145,0.741314172744751,0.42357805371284485,-4.341709613800049,-5.065512180328369,-6.841579914093018,16.11809539794922,0.41663500666618347,0.6571981906890869,0.44157153367996216
-1.101624608039856,0.7664154171943665,1.4607818126678467,-0.2778290808200836,0.7320680022239685,0.5403969883918762,0.307991087436676,-2.7505416870117188,-3.4641401767730713,-5.317259788513184,2.3622047901153564,-1.5988763570785522,-0.9068077802658081,-1.6719039678573608
-1.1398075819015503,0.7217183113098145,1.385891318321228,-0.12203265726566315,0.6766834855079651,0.677078366279602,0.2622447907924652,-3.1692073345184326,-4.498775482177734,-5.129481792449951,16.11809539794922,-1.3116252422332764,-0.5645649433135986,-1.502874732017517
-1.1207724809646606,0.798190176486969,1.467087745666504,-0.24991172552108765,0.7784253358840942,0.44366857409477234,0.36709168553352356,-3.171339988708496,-3.827133893966675,-4.544668674468994,2.0119616985321045,-0.5297098159790039,0.113132044672966,-0.4190715253353119
-1.074183464050293,0.7621034383773804,1.465376615524292,0.9189497828483582,0.3737533688545227,0.124020054936409,0.021417366340756416,-2.7973599433898926,-2.9967055320739746,-4.149167537689209,-0.3183368742465973,-1.7654821872711182,-1.2564479112625122,-1.7465437650680542
-1.102034568786621,0.6878934502601624,1.357740879058838,-0.26005345582962036,0.784997284412384,0.5544915795326233,0.09322317689657211,-3.5648179054260254,-4.22623872756958,-5.4754109382629395,16.11809539794922,-1.5485564470291138,-0.7624844312667847,-1.6996654272079468
-1.1208689212799072,0.7610201835632324,1.4210776090621948,-0.050672389566898346,0.7118270397186279,0.574731707572937,0.4005221426486969,-2.995389938354492,-4.199211120605469,-5.8265204429626465,16.11809539794922,-0.951837956905365,-0.2845612168312073,-1.0289280414581299
-1.0269240140914917,0.7008609175682068,1.3779674768447876,0.10200419276952744,0.7002996206283569,0.43590593338012695,0.5560230612754822,-3.0896029472351074,-4.4630045890808105,-5.641098499298096,0.7404786348342896,-0.592193603515625,0.09000679850578308,-0.4809808135032654
-1.0624957084655762,0.7530075311660767,1.4195444583892822,0.5985694527626038,-0.04671429097652435,-0.6733021140098572,0.43150511384010315,-2.8643453121185303,-4.547281742095947,-5.399296283721924,0.32188642024993896,0.04356297478079796,0.7284305095672607,0.38726985454559326
-1.105784296989441,0.7166292667388916,1.4141623973846436,-0.4151282012462616,0.6858155727386475,0.590346097946167,-0.09389898180961609,-3.4923863410949707,-3.852799892425537,-5.43024206161499,0.9137226343154907,-1.7724539041519165,-1.361994743347168,-1.7724539041519165
-0.9601369500160217,0.7369679808616638,1.4905242919921875,0.416995108127594,0.2509132921695709,0.465122252702713,0.7394720315933228,-3.1632094383239746,-4.273266315460205,-6.8309478759765625,16.11809539794922,-1.0717363357543945,-0.3475562036037445,-1.060910940170288
-1.0335942506790161,0.7619525194168091,1.4375697374343872,-0.019625630229711533,0.637443482875824,0.5768083333969116,0.5104633569717407,-2.9385204315185547,-4.8062052726745605,-4.893833637237549,2.161494731903076,-0.8760897517204285,-0.01627146266400814,-0.7648769021034241
-0.9739460945129395,0.7635230422019958,1.4886114597320557,0.39859241247177124,0.2403368055820465,0.39266437292099,0.7932067513465881,-2.6300618648529053,-4.477250099182129,-5.723259449005127,-1.941686749458313,0.7125404477119446,1.3893864154815674,0.6813094019889832
0.701429009437561,0.01306192111223936,0.016112778335809708,-0.0047226413153111935,0.7074037790298462,0.7067180275917053,0.01035661343485117,-2.2784719467163086,-4.594861030578613,-6.105194568634033,-0.03713425248861313,1.7724539041519165,1.7724539041519165,1.7724539041519165
0.6792685985565186,0.18868157267570496,0.01935291662812233,0.3917095363140106,0.6733214259147644,0.5029642581939697,0.37447139620780945,-3.951956272125244,-4.4696478843688965,-5.278855323791504,-1.7344355583190918,1.7724539041519165,1.7724539041519165,1.36724853515625
0.7070633172988892,0.17479155957698822,0.031973518431186676,0.9696120023727417,0.11124566197395325,0.027829881757497787,-0.21610751748085022,-3.875044107437134,-4.249211311340332,-5.698529243469238,0.8810946941375732,1.7076512575149536,1.0400465726852417,0.4494195878505707
0.6854857802391052,0.18713317811489105,0.03541024774312973,0.5562713146209717,0.04474520683288574,-0.7124536037445068,0.4254055917263031,-2.4637603759765625,-3.3360414505004883,-4.726112365722656,-0.6362946033477783,-1.7724539041519165,-1.7724539041519165,-1.7724539041519165
0.682806670665741,0.19073911011219025,0.028959615156054497,-0.044204290956258774,0.5276311635971069,0.8482679128646851,-0.009636721573770046,-4.404048919677734,-4.527486324310303,-7.769889831542969,1.3982967138290405,1.4891544580459595,0.6161725521087646,-0.025443460792303085
0.700509786605835,0.20299066603183746,0.034891679883003235,0.04540127143263817,0.9033156037330627,0.39721009135246277,-0.15551148355007172,-4.353751182556152,-5.066315174102783,-6.749542713165283,0.8450338840484619,1.7724539041519165,1.7724539041519165,1.4510562419891357
0.6804773211479187,0.2125154286623001,0.013651914894580841,-0.4778779149055481,0.059488989412784576,0.5356648564338684,0.6936547756195068,-4.0656538009643555,-4.638007164001465,-5.944700717926025,-0.030344296246767044,1.7724539041519165,1.5285266637802124,1.1447888612747192
0.7218484878540039,0.19339966773986816,0.007390775252133608,0.2650691568851471,0.5360638499259949,0.39146992564201355,0.6993748545646667,-3.9298970699310303,-4.121582984924316,-4.7838335037231445,1.5314873456954956,-0.7025222778320312,-1.577831506729126,-1.687815546989441
0.730517566204071,0.19883842766284943,0.012490970082581043,0.33800119161605835,0.7355110049247742,-0.5868363976478577,-0.02004506066441536,-4.262726783752441,-4.9418864250183105,-9.617278099060059,2.6390573978424072,0.5491131544113159,0.03475397080183029,-0.1459668129682541
0.7302692532539368,0.1985149085521698,0.037619106471538544,0.9078208208084106,-0.2610432803630829,-0.31311196088790894,-0.09838005900382996,-4.245367527008057,-5.206276893615723,-7.118478775024414,3.8437116146087646,1.7724539041519165,1.761800765991211,1.6376991271972656
0.7223538160324097,0.21599993109703064,0.02338440716266632,0.734054684638977,-0.4832984507083893,-0.33423587679862976,-0.3404008150100708,-4.460327625274658,-4.6693806648254395,-6.009368896484375,16.11809539794922,1.5788201093673706,1.1277128458023071,0.8053209781646729
0.7630822658538818,0.2101038545370102,0.05141081660985947,0.48590514063835144,0.8022329211235046,-0.14951761066913605,0.3129904568195343,-3.0865252017974854,-5.012970447540283,-5.984524250030518,16.11809539794922,0.9725884199142456,0.615027904510498,0.3879346251487732
0.698588490486145,0.21992653608322144,0.010700790211558342,0.5418919920921326,0.7714158296585083,-0.27555906772613525,0.18798373639583588,-4.449623107910156,-4.59045934677124,-6.592034816741943,16.11809539794922,1.5917330980300903,1.1412194967269897,0.796769917011261
0.08130919188261032,0.04918310046195984,0.5633822679519653,0.3878368139266968,0.5923402905464172,0.5482668876647949,0.44510558247566223,-2.780346393585205,-4.289928436279297,-6.3310866355896,0.45778027176856995,0.4434395134449005,0.5434622764587402,0.8687381744384766
0.07041066139936447,0.02943151257932186,0.553994357585907,0.17939701676368713,0.660221517086029,0.7081688046455383,0.17441678047180176,-2.846532106399536,-4.9326910972595215,-5.7735395431518555,16.11809539794922,-0.37322404980659485,-0.3037160634994507,-0.0395856648683548
0.059043314307928085,0.041993871331214905,0.5784682631492615,0.36771634221076965,0.5894982218742371,0.6103443503379822,0.38046857714653015,-2.9507458209991455,-4.514930248260498,-4.562737941741943,16.11809539794922,1.5894923210144043,1.683760643005371,1.7724539041519165
0.05512595921754837,0.04565642401576042,0.5656940340995789,-0.18582379817962646,0.6809790134429932,0.690381646156311,-0.1584623008966446,-2.716487169265747,-4.58099365234375,-5.384732246398926,16.11809539794922,-1.1435154676437378,-0.9359433650970459,-0.9586483836174011
0.07153239101171494,0.06264237314462662,0.576639711856842,-0.16719315946102142,0.656173825263977,0.7144351601600647,-0.176252081990242,-2.7269256114959717,-4.510985851287842,-4.818859577178955,16.11809539794922,0.9562548398971558,1.0676507949829102,1.3770039081573486
0.07836983352899551,0.1683662384748459,0.5620477795600891,0.8957187533378601,-0.043387021869421005,-0.4256786108016968,0.12084364891052246,-3.396801233291626,-4.202694892883301,-4.782506465911865,16.11809539794922,-1.1263023614883423,-1.5609687566757202,-1.7645680904388428
0.04452134296298027,0.16774141788482666,0.5742643475532532,-0.4298087954521179,0.818520724773407,0.09018269926309586,0.370344877243042,-3.5738134384155273,-3.7730274200439453,-4.311847686767578,1.3281090259552002,-0.5503371357917786,-1.2321267127990723,-1.5159343481063843
0.030370507389307022,0.1683884710073471,0.5376058220863342,0.9127177596092224,0.03704017400741577,0.3093029856681824,-0.2643975019454956,-3.948589324951172,-4.810933589935303,-6.841888904571533,6.809617519378662,-1.3426940441131592,-1.4862374067306519,-1.7337673902511597
0.05317456275224686,0.19092898070812225,0.5285161733627319,0.8691421747207642,0.33627787232398987,0.23333436250686646,-0.27760425209999084,-4.078758716583252,-4.362175464630127,-5.375829696655273,1.7754656076431274,-1.2859960794448853,-1.483778953552246,-1.6139785051345825
0.06998716294765472,0.17978978157043457,0.521124541759491,-0.026957150548696518,0.9952869415283203,0.08916595578193665,0.026957150548696518,-10.584444999694824,-3.835444688796997,-5.461577415466309,-1.8382794857025146,1.7724539041519165,1.7724539041519165,1.7446506023406982
0.0718674585223198,0.18163514137268066,0.5350545048713684,-0.2886940538883209,0.7695074081420898,0.5609990954399109,-0.09896516799926758,-4.126147270202637,-4.331511497497559,-5.445176124572754,16.11809539794922,-0.19905182719230652,-0.731971263885498,-0.9913252592086792
0.18256033957004547,0.18253816664218903,0.664229154586792,0.6354942917823792,0.6898730993270874,-0.2342158555984497,0.25566595792770386,-2.1423721313476562,-4.53197717666626,-5.047070026397705,1.9280046224594116,1.7703850269317627,1.1751735210418701,0.6721153259277344
0.051775701344013214,0.20807978510856628,0.5719425678253174,-0.3688889443874359,0.182054340839386,0.7785030603408813,0.4740360379219055,-3.478907585144043,-4.395659923553467,-5.08878755569458,0.97548508644104,0.9985412955284119,0.3170314133167267,-0.25668343901634216
0.05227367579936981,0.20256784558296204,0.5642843246459961,-0.13724403083324432,0.36706408858299255,0.7884237766265869,0.47414758801460266,-3.8774771690368652,-4.530925750732422,-6.371682167053223,0.8801292777061462,-0.8001242280006409,-1.2705612182617188,-1.6700551509857178
0.09401526302099228,0.20424088835716248,0.5452370047569275,0.5796117186546326,0.09445921331644058,-0.6711686253547668,0.4523940086364746,-4.200010299682617,-4.784080982208252,-6.600369453430176,-0.5149052143096924,1.7724539041519165,1.354303240776062,1.08749258518219
0.051208700984716415,-0.0007785484194755554,0.5753411650657654,-0.02004506066441536,0.9692137837409973,-0.0034560449421405792,0.24537917971611023,-6.113917827606201,-3.0828802585601807,-11.156895637512207,3.9120230674743652,0.03475397080183029,0.1459667682647705,0.28498274087905884
0.033728379756212234,0.15042392909526825,0.5694143772125244,0.6988266706466675,0.6310800909996033,-0.03639669343829155,-0.3347453773021698,-4.109672546386719,-4.259346008300781,-5.27490234375,1.2739790678024292,-1.1490294933319092,-1.5382046699523926,-1.7724539041519165
0.06276468187570572,0.133556067943573,0.5701467394828796,-0.4264759421348572,0.9044159650802612,-0.0034560449421405792,-0.01175055280327797,-4.458436965942383,-4.01974630355835,-11.339591026306152,0.3083013594150543,-1.327602744102478,-1.1746851205825806,-1.1468819379806519
0.054819945245981216,0.12482303380966187,0.6022871732711792,-0.02004506066441536,0.8066213130950928,0.5564232468605042,-0.19837696850299835,-5.391923904418945,-4.311556816101074,-9.90980339050293,0.5549968481063843,0.07645876705646515,0.28498274087905884,0.10426196455955505
0.07916398346424103,0.14101240038871765,0.5837486386299133,-0.456728994846344,0.07903359830379486,0.7749854326248169,0.42959272861480713,-3.6360855102539062,-4.847952365875244,-5.032345771789551,-0.7735739946365356,1.7724539041519165,1.5267225503921509,1.3621114492416382
0.07051706314086914,0.15386061370372772,0.6120766401290894,0.7362386584281921,0.609088659286499,-0.09813357889652252,0.2780889868736267,-3.910604238510132,-4.21583890914917,-5.64732551574707,-0.552702784538269,1.7087714672088623,1.6253255605697632,0.7707764506340027
0.049764204770326614,0.1571866273880005,0.6078062057495117,-0.01175055280327797,0.929358959197998,0.3615022897720337,-0.0739593580365181,-5.195016860961914,-4.111896991729736,-9.353775024414062,-1.6817585229873657,1.522225022315979,-0.5908179879188538,-1.7724539041519165
0.056525010615587234,0.18555504083633423,0.601682186126709,0.5794206857681274,0.7851322889328003,-0.14751921594142914,0.16148407757282257,-3.7964887619018555,-4.049623966217041,-4.6694841384887695,16.11809539794922,1.7214921712875366,1.2919169664382935,0.7357993125915527
0.1798863559961319,0.173658549785614,0.6596652865409851,0.5832271575927734,0.7369101047515869,-0.2165990024805069,0.2643756866455078,-2.0748043060302734,-4.818037509918213,-5.388017177581787,2.032118320465088,0.8760303854942322,-0.12032397836446762,-0.8805912137031555
0.17399096488952637,0.16900190711021423,0.6513093709945679,-0.2536737024784088,0.9090486168861389,0.09746046364307404,0.31588250398635864,-2.0007410049438477,-5.970270156860352,-9.353775024414062,0.22843924164772034,-0.8410467505455017,-1.1746851205825806,-1.5500283241271973
0.03176959231495857,0.2131122648715973,0.5697667002677917,0.6642254590988159,0.6715925931930542,0.2943686842918396,0.14530988037586212,-4.2145891189575195,-4.363491058349609,-5.0533976554870605,0.813188374042511,1.7724539041519165,1.7120286226272583,1.4974621534347534
0.01619613729417324,0.18725678324699402,0.5939890742301941,0.06558637320995331,0.8318017721176147,0.492201566696167,0.24807624518871307,-4.148895740509033,-4.89941930770874,-5.828949928283691,16.11809539794922,1.442508339881897,0.7414300441741943,0.22349536418914795
0.06723863631486893,0.21590273082256317,0.5721109509468079,-0.43011724948883057,0.4633721113204956,0.5021320581436157,0.5900413990020752,-3.9848885536193848,-4.512577056884766,-6.00848913192749,0.9672998785972595,1.7724539041519165,1.4755663871765137,0.7900102138519287
0.09518391638994217,0.19617502391338348,0.5882008075714111,0.5202161073684692,0.2268865555524826,-0.7819890379905701,0.25766417384147644,-4.107049465179443,-4.439000606536865,-5.2855048179626465,16.11809539794922,-0.7863804697990417,-1.194245457649231,-1.3407247066497803
0.1005118116736412,0.19074365496635437,0.609870433807373,0.5984270572662354,0.7735331058502197,-0.20170322060585022,-0.053360771387815475,-3.8506972789764404,-4.391092300415039,-4.827788829803467,0.3533387780189514,1.619147777557373,0.7799672484397888,-0.0689295306801796
0.2932337820529938,0.18054528534412384,0.7727469801902771,0.4801426827907562,0.8080008029937744,-0.18545930087566376,0.28670987486839294,-2.358802318572998,-4.831789016723633,-5.535658359527588,3.3770647048950195,1.7724539041519165,1.6331239938735962,1.1331976652145386
0.14244051277637482,0.19341033697128296,0.6327944397926331,0.7162277698516846,0.5962994694709778,-0.27390795946121216,0.23752720654010773,-2.7362520694732666,-4.93092679977417,-6.006350040435791,1.2586873769760132,1.7724539041519165,1.6902273893356323,1.6354045867919922
0.8103626370429993,0.20052751898765564,0.10294070094823837,0.45639896392822266,0.8261609077453613,-0.15060944855213165,0.2940661907196045,-3.047623634338379,-4.988790988922119,-5.8761467933654785,16.11809539794922,1.7611993551254272,1.3311710357666016,1.0575530529022217
0.830420970916748,0.19449006021022797,0.08748091012239456,0.8593250513076782,0.3361976444721222,-0.35956063866615295,0.13873624801635742,-2.8315184116363525,-4.5928778648376465,-6.084383010864258,16.11809539794922,-0.934249997138977,-0.7974618077278137,-1.226183533668518
0.8110877275466919,0.18757203221321106,0.08555387705564499,0.5663272142410278,0.7588927149772644,-0.18421755731105804,0.26347529888153076,-3.1132924556732178,-5.387500286102295,-5.90175199508667,4.042314529418945,-0.04900907725095749,-0.6340233087539673,-1.1089284420013428
0.8173549771308899,0.2055286020040512,0.08430211246013641,0.8883570432662964,0.32464393973350525,-0.3102518320083618,0.09576977789402008,-3.0805318355560303,-5.23231840133667,-5.552057266235352,16.11809539794922,-0.08495334535837173,-0.37361979484558105,-0.47839635610580444
0.9581444263458252,0.1726526916027069,0.04505511745810509,-0.31910526752471924,0.5555458664894104,0.4812690019607544,0.5982648134231567,-1.8967491388320923,-2.7054169178009033,-6.2739105224609375,0.5299219489097595,-1.2476831674575806,-0.31749749183654785,-1.53374183177948
0.9666880369186401,0.18236574530601501,0.03488439321517944,0.9323915243148804,0.13407446444034576,0.2169286608695984,-0.2561483681201935,-2.538914442062378,-3.992511510848999,-4.514802932739258,0.1241307333111763,1.5733717679977417,1.7479051351547241,1.7724539041519165
0.9872772097587585,0.19094903767108917,0.11120663583278656,0.7593351006507874,0.6352349519729614,-0.05416180565953255,-0.1302047222852707,-2.4725496768951416,-2.8957433700561523,-4.893741130828857,-0.31290704011917114,-0.02265629917383194,1.0294086933135986,-1.1717647314071655
0.9148041009902954,0.20742549002170563,0.20187285542488098,0.526020884513855,-0.6653750538825989,-0.3040195107460022,-0.43376287817955017,-2.863987922668457,-3.3242104053497314,-4.487479209899902,16.11809539794922,-1.1463241577148438,-0.7742729783058167,-1.339678406715393
0.9265740513801575,0.21703360974788666,0.16790476441383362,-0.6435155272483826,0.7369101643562317,-0.20667147636413574,0.01175055280327797,-3.0873782634735107,-13.46519660949707,-4.262145042419434,-0.023530498147010803,0.8410466909408569,1.522225022315979,1.0634722709655762
1.11435866355896,0.13920685648918152,0.04096641764044762,-0.08916595578193665,0.9432323575019836,0.314500093460083,-0.05875276401638985,-4.261529922485352,-13.95666790008545,-3.0150530338287354,3.725693464279175,-1.285897970199585,-0.5213099718093872,-1.7724539041519165
1.0735716819763184,0.17317529022693634,0.08125477284193039,0.8504766821861267,0.45871126651763916,-0.22478438913822174,0.12548048794269562,-3.241760492324829,-4.138865947723389,-6.273642063140869,0.8022354245185852,1.3084192276000977,1.5125783681869507,1.2283475399017334
1.0262380838394165,0.1729394793510437,0.13767686486244202,0.5952801704406738,-0.4862487018108368,-0.50428307056427,-0.3935762643814087,-2.482132911682129,-3.613070011138916,-5.867695331573486,1.3769233226776123,-1.0110384225845337,-0.26736316084861755,-1.3971107006072998
1.0450228452682495,0.17079989612102509,0.11044162511825562,0.09746046364307404,0.895155668258667,-0.38638582825660706,0.19975939393043518,-4.655344486236572,-8.688716888427734,-2.8005850315093994,2.6390573978424072,-0.1459668129682541,0.39619556069374084,0.03475397080183029
1.110903024673462,0.1751442849636078,0.09964391589164734,0.7751274108886719,0.6282703280448914,-0.004132621455937624,-0.06660918146371841,-3.153902769088745,-4.688752174377441,-5.632786750793457,1.0819201469421387,1.1701651811599731,1.5494292974472046,0.6881291270256042
1.1245614290237427,0.18014396727085114,0.16865845024585724,-0.4016607403755188,0.5410829782485962,0.5495127439498901,0.49389633536338806,-2.4408884048461914,-3.4931626319885254,-7.108156681060791,-0.016049420461058617,-0.996837854385376,-0.15155410766601562,-1.2451510429382324
1.0359361171722412,0.19199949502944946,0.11278881877660751,0.9859808087348938,0.03364028036594391,0.14642003178596497,-0.07260393351316452,-2.6461546421051025,-4.132668495178223,-5.831421852111816,-0.3067636787891388,1.5851629972457886,1.6340214014053345,1.7398815155029297
0.9495887160301208,0.22391781210899353,0.29261982440948486,-0.383502721786499,0.5596188902854919,0.4825800955295563,0.5539574027061462,-2.4185822010040283,-3.768066883087158,-4.624492645263672,-0.028236832469701767,0.5437923669815063,0.8656931519508362,0.8755713701248169
1.0384492874145508,0.18582910299301147,0.15423500537872314,-0.3052067458629608,0.46690812706947327,0.6596596837043762,0.5036811828613281,-3.4060416221618652,-3.862258195877075,-5.530703067779541,0.2488597184419632,1.4943044185638428,1.7144325971603394,0.5809234976768494
1.0251535177230835,0.19207772612571716,0.23186442255973816,-0.3510357141494751,0.4095797836780548,0.595458447933197,0.5953549742698669,-2.6049275398254395,-2.8796603679656982,-4.38987922668457,0.6385058760643005,-1.0077576637268066,-0.27882224321365356,-1.3975297212600708
1.0158883333206177,0.21125315129756927,0.18224745988845825,0.9227564930915833,-0.28062447905540466,0.25829824805259705,-0.05524829775094986,-2.9330015182495117,-4.125108242034912,-6.418087005615234,-0.9961201548576355,1.4393929243087769,1.6960172653198242,1.7671242952346802
1.1199103593826294,0.18189109861850739,0.16903819143772125,0.9483659863471985,-0.19691018760204315,0.21845963597297668,-0.11875893920660019,-3.3626646995544434,-4.295358180999756,-4.68954610824585,0.3429540991783142,1.021767497062683,1.2562545537948608,1.3968665599822998
0.8820628523826599,0.23165960609912872,0.26714566349983215,0.6716189980506897,-0.48971110582351685,-0.42639440298080444,-0.3567895293235779,-3.1788244247436523,-4.086882591247559,-6.688121318817139,3.1309726238250732,0.7969587445259094,1.4145870208740234,0.14278757572174072
0.8600537180900574,0.23075346648693085,0.24107255041599274,0.5697019696235657,-0.4605500400066376,-0.44729992747306824,-0.513084888458252,-3.0914463996887207,-4.544151782989502,-6.361903190612793,2.759382963180542,0.6529053449630737,1.5109140872955322,-0.6227396726608276
0.939324140548706,0.2157754749059677,0.27331703901290894,0.5815345644950867,-0.6486850380897522,-0.2658761441707611,-0.4127167761325836,-2.800516128540039,-3.3777077198028564,-6.082228660583496,16.11809539794922,-0.48499754071235657,0.6166348457336426,-0.8279984593391418
0.936759889125824,0.22430479526519775,0.27280673384666443,0.7672768235206604,0.5938920974731445,0.0882483571767807,-0.22536785900592804,-3.2915780544281006,-4.399946212768555,-5.180872440338135,-1.3604438304901123,1.336962342262268,1.603300929069519,1.7724539041519165
0.8936229348182678,0.22561271488666534,0.3419257402420044,0.601588785648346,-0.481680303812027,-0.538558840751648,-0.34063082933425903,-3.569211483001709,-3.9570038318634033,-6.518073081970215,16.11809539794922,0.8789783716201782,1.4438797235488892,0.24391061067581177
1.0038546323776245,0.20290663838386536,0.2110832929611206,0.7540627121925354,0.488684743642807,-0.24676160514354706,0.3628847002983093,-10.489638328552246,-2.9446542263031006,-4.460726737976074,-0.40546509623527527,0.18767155706882477,0.7993419170379639,0.18767155706882477
1.0216962099075317,0.21273347735404968,0.24959763884544373,-0.20736896991729736,0.5147455334663391,0.5231814980506897,0.6467737555503845,-3.011253833770752,-3.858218193054199,-4.793729782104492,1.7019633054733276,0.7543807029724121,1.2619575262069702,0.5485740900039673
1.0154106616973877,0.22859202325344086,0.2708189785480499,0.15966928005218506,0.9301749467849731,-0.09746046364307404,-0.31588250398635864,-4.844959259033203,-10.48565673828125,-4.262145042419434,-0.3405072093009949,1.661241054534912,1.7724539041519165,0.9105547070503235
1.1215811967849731,0.18672484159469604,0.19225355982780457,0.6269265413284302,0.7212297916412354,-0.174875870347023,0.23708467185497284,-3.0873782634735107,-3.6818602085113525,-16.54242706298828,1.2005772590637207,-0.07645881921052933,1.1746851205825806,-1.285897970199585
1.0636746883392334,0.21633198857307434,0.28769445419311523,-0.2838037312030792,0.4492090940475464,0.604182243347168,0.593826949596405,-2.9217660427093506,-3.8174543380737305,-5.149679183959961,-0.8804911971092224,0.0072333975695073605,0.5509730577468872,0.12231876701116562
1.1047568321228027,0.20226944983005524,0.2373160421848297,0.9168452024459839,-0.1822388619184494,0.3535769283771515,-0.03416424244642258,-3.0633034706115723,-4.2437567710876465,-5.387628078460693,0.7112772464752197,0.9038715362548828,1.3444788455963135,1.2896065711975098
1.0847433805465698,0.19241498410701752,0.3016681969165802,-0.3822338879108429,0.3495716452598572,0.641262948513031,0.5661084055900574,-3.0184383392333984,-3.7014083862304688,-4.961666584014893,16.11809539794922,-0.21147164702415466,0.837162971496582,-1.0654441118240356
0.9897292852401733,0.2399425208568573,0.30090636014938354,0.5519554018974304,0.7440736889839172,-0.14104297757148743,-0.34900784492492676,-3.4683423042297363,-3.6700048446655273,-5.157931327819824,-2.117631435394287,1.7724539041519165,1.7724539041519165,1.7613275051116943
0.9521269798278809,0.22325359284877777,0.3396455943584442,-0.3419349193572998,0.34756767749786377,0.6418300271034241,0.5918880701065063,-3.044830083847046,-3.643920421600342,-5.0629167556762695,1.52543306350708,0.33758577704429626,1.0713671445846558,-0.003947454039007425
1.0128780603408813,0.21303175389766693,0.36907047033309937,-0.2797631621360779,0.3732278645038605,0.6688196659088135,0.5788901448249817,-3.0218026638031006,-3.6548707485198975,-4.188611030578613,16.11809539794922,-0.5673215389251709,0.4050610363483429,-1.0816806554794312
1.0679560899734497,0.20465624332427979,0.30314895510673523,-0.444488525390625,0.14835944771766663,0.8769223690032959,0.10689546912908554,-2.91980242729187,-4.066449165344238,-5.350447177886963,-0.6758489012718201,-0.7047879099845886,-0.8740862011909485,0.9419375658035278
1.1607929468154907,0.19566744565963745,0.383584588766098,0.7526456713676453,0.5715829730033875,-0.2559376657009125,0.20325683057308197,-3.0802671909332275,-4.489747524261475,-5.057358741760254,2.462534189224243,0.8500007390975952,0.5634574294090271,0.46234267950057983
1.144080400466919,0.20182277262210846,0.28144338726997375,-0.36713922023773193,0.3654288947582245,0.6283911466598511,0.5803405046463013,-2.838137626647949,-3.898934841156006,-6.083674907684326,16.11809539794922,0.5489708185195923,1.3007291555404663,-0.01313453447073698
1.091812252998352,0.2184659093618393,0.32681989669799805,0.6032238602638245,0.7054570317268372,0.18970660865306854,-0.32009798288345337,-3.190141439437866,-4.383937358856201,-6.384846210479736,1.3533307313919067,0.8499913215637207,1.4586801528930664,0.7238341569900513
1.0404627323150635,0.22050869464874268,0.37974879145622253,0.5161573886871338,0.8158645629882812,-0.08052779734134674,-0.2479148954153061,-3.667128086090088,-4.7769904136657715,-6.299302577972412,-0.5346783995628357,1.1056315898895264,1.5721075534820557,0.8991970419883728
1.0518518686294556,0.19604086875915527,0.3935156762599945,0.6509684920310974,0.691218912601471,0.21251405775547028,-0.23085540533065796,-3.7886624336242676,-4.189901351928711,-5.796645164489746,16.11809539794922,1.3177999258041382,1.7195870876312256,1.0967901945114136
1.0355846881866455,0.21903014183044434,0.37855809926986694,-0.17815303802490234,0.42929959297180176,0.47394293546676636,0.7478913068771362,-3.275110960006714,-3.7537996768951416,-5.237725257873535,16.11809539794922,0.3931608498096466,1.0729577541351318,0.44842013716697693
1.1615831851959229,0.16109983623027802,0.04022187367081642,0.8571678996086121,0.5030695199966431,-0.08042753487825394,0.07560208439826965,-3.0558412075042725,-4.455520153045654,-6.702176570892334,16.11809539794922,-0.9996771216392517,-0.3119606375694275,-1.7724539041519165
1.184433102607727,0.17236441373825073,0.08146117627620697,0.6222760081291199,0.7538830041885376,-0.06702157109975815,0.1998525857925415,-3.146352529525757,-4.196417808532715,-6.988840103149414,2.728224039077759,0.9808604717254639,1.5897784233093262,-0.9910091161727905
1.1842814683914185,0.17333154380321503,0.12210699915885925,0.7730511426925659,0.5798765420913696,-0.046891313046216965,0.2528563141822815,-3.7612879276275635,-4.928299903869629,-6.392967224121094,1.9916939735412598,-1.5000159740447998,-0.6887387633323669,-1.7724539041519165
1.1868418455123901,0.17758716642856598,0.1571948528289795,0.5622100830078125,-0.4280070662498474,-0.6561515927314758,-0.26494306325912476,-3.7124016284942627,-3.906959295272827,-6.384557247161865,0.672768771648407,-1.1867997646331787,-0.5418891310691833,-1.4369524717330933
1.1483043432235718,0.18775224685668945,0.1481010913848877,-0.0034560449421405792,0.7429615259170532,-0.6642518043518066,-0.08225386589765549,-4.3636298179626465,-3.0828802585601807,-13.079164505004883,-0.7646061182022095,1.7724539041519165,1.7724539041519165,1.7724539041519165
1.1497489213943481,0.18672484159469604,0.16628152132034302,0.7237505912780762,0.6780760288238525,-0.09054837375879288,0.09054837375879288,-4.020864963531494,-5.540233135223389,-15.01732063293457,-0.19671028852462769,-1.327602744102478,-0.9939643740653992,-1.1746851205825806
1.1869748830795288,0.1844131499528885,0.14907503128051758,0.560748815536499,-0.6494620442390442,-0.46122103929519653,-0.22590914368629456,-3.6165716648101807,-4.317327976226807,-5.967763900756836,16.11809539794922,0.3162703514099121,1.0847647190093994,-0.7273703813552856
1.4509265422821045,0.17824865877628326,0.03544735908508301,0.3310891091823578,0.9380210041999817,0.05045825615525246,0.08916595578193665,-2.8685922622680664,-4.111896991729736,-16.9316463470459,5.537334442138672,-0.4379003942012787,0.39619556069374084,-1.3971107006072998
1.4379260540008545,0.16566281020641327,0.05752359330654144,-0.23846709728240967,0.9012683629989624,0.17625829577445984,0.31588250398635864,-2.941520929336548,-15.983983993530273,-4.2144856452941895,4.840242385864258,0.21547475457191467,0.9105547070503235,-0.9244563579559326
1.1518354415893555,0.19094303250312805,0.39589524269104004,0.385837197303772,0.8426258563995361,-0.1279086172580719,0.35320067405700684,-3.179027795791626,-4.8738603591918945,-6.217474460601807,16.11809539794922,1.5262826681137085,1.2114983797073364,1.0331132411956787
1.1351839303970337,0.1895432323217392,0.36433202028274536,0.699586808681488,0.7135300636291504,-0.03693639859557152,-0.00942213460803032,-3.234456777572632,-3.736963987350464,-4.5235114097595215,-0.5156980156898499,-1.3220906257629395,-1.4372998476028442,-1.6052558422088623
1.155668020248413,0.20508278906345367,0.3923485279083252,0.5462468862533569,0.7549959421157837,-0.19695377349853516,0.304638534784317,-3.122530698776245,-5.297938346862793,-6.6991424560546875,16.11809539794922,1.411073088645935,1.0057382583618164,1.070098876953125
1.3803077936172485,0.23239286243915558,0.3962787985801697,-0.16182315349578857,0.3535783290863037,0.4342454671859741,0.8125432133674622,-2.4236605167388916,-4.890614986419678,-5.564431667327881,1.7550485134124756,1.7724539041519165,1.7724539041519165,1.686556100845337
0.9236836433410645,0.23823457956314087,0.3975619375705719,-0.4469882845878601,0.5032398104667664,0.6062576770782471,0.42355966567993164,-3.3938252925872803,-4.209372043609619,-5.380880355834961,0.8670374751091003,1.2206529378890991,1.6762018203735352,0.9656315445899963
0.9422751665115356,0.22475779056549072,0.43023350834846497,0.5438603162765503,-0.6554269790649414,-0.37252360582351685,-0.3685886859893799,-3.1861836910247803,-3.301100015640259,-4.584862232208252,16.11809539794922,-1.021257996559143,-0.05052056536078453,-1.4237927198410034
0.9348101615905762,0.23966249823570251,0.4843686819076538,-0.34203171730041504,0.3533577024936676,0.4848797619342804,0.7232179641723633,-3.2715237140655518,-3.8171441555023193,-5.402556419372559,16.11809539794922,0.23869670927524567,0.9989699721336365,-0.5020378828048706
0.9432336688041687,0.22891680896282196,0.5019835829734802,0.5447878241539001,-0.5659557580947876,-0.4042941629886627,-0.46845120191574097,-3.9680511951446533,-4.2253313064575195,-6.991442680358887,16.11809539794922,0.7684373259544373,1.2567174434661865,0.5172870755195618
0.9270331263542175,0.22404888272285461,0.5264094471931458,0.3871402442455292,0.9166121482849121,0.07778864353895187,-0.062398314476013184,-4.017056465148926,-4.397326469421387,-7.308129787445068,16.11809539794922,0.9910696148872375,1.386722445487976,0.42255139350891113
0.9760236144065857,0.21474429965019226,0.47941285371780396,-0.1622195541858673,0.6430748105049133,0.41516435146331787,0.6227183938026428,-3.896796226501465,-4.5821428298950195,-5.23150110244751,16.11809539794922,0.0859125405550003,0.6992189288139343,-0.4526785612106323
1.0054863691329956,0.2069583535194397,0.4398411512374878,-0.264558345079422,0.32007071375846863,0.6761826872825623,0.6085561513900757,-3.198615789413452,-4.0969929695129395,-6.304706573486328,0.8223819136619568,0.14689889550209045,0.9986686110496521,-0.24823713302612305
0.9975495934486389,0.212642103433609,0.46156957745552063,-0.3028866946697235,0.3904406726360321,0.45814335346221924,0.7388642430305481,-4.5709357261657715,-4.7739715576171875,-5.588978290557861,16.11809539794922,1.6376457214355469,1.7724539041519165,1.584669589996338
0.9778537154197693,0.22653719782829285,0.4412604868412018,0.15137477219104767,0.9633080363273621,-0.174875870347023,0.13616816699504852,-3.5395359992980957,-15.308211326599121,-4.262145042419434,-0.4382549226284027,1.1051770448684692,1.480520248413086,1.7724539041519165
0.9829347133636475,0.23434801399707794,0.44152310490608215,0.6122019290924072,0.6309882402420044,-0.4701339304447174,0.07769688218832016,-3.7703123092651367,-3.9663772583007812,-6.0233235359191895,1.6184542179107666,1.2017945051193237,1.5931503772735596,0.8726955056190491
1.0780911445617676,0.2000812441110611,0.38426077365875244,-0.336515873670578,0.2681346535682678,0.6235087513923645,0.6527615785598755,-4.220088481903076,-5.220923900604248,-6.986021518707275,1.500339388847351,1.1925376653671265,1.7724539041519165,0.323702335357666
0.9431858062744141,0.2298762947320938,0.47112834453582764,0.2923814058303833,0.9173921346664429,-0.11266706138849258,-0.24537917971611023,-4.604294300079346,-4.265481472015381,-11.530228614807129,3.4299468994140625,0.36839234828948975,0.8410466909408569,0.5074083209037781
1.2736040353775024,0.006129066459834576,0.4635545015335083,0.4168347418308258,0.6003721356391907,0.5461279153823853,0.4093243479728699,-2.244704008102417,-4.823202610015869,-5.81494140625,-2.015416383743286,1.1531345844268799,0.9140284061431885,1.3036240339279175
1.2563339471817017,0.003184522967785597,0.48151716589927673,0.2869216799736023,0.633256196975708,0.6659117341041565,0.2705995440483093,-2.6990816593170166,-4.420915603637695,-4.8479323387146,16.11809539794922,-0.8232353329658508,-0.7455875873565674,-0.72100830078125
1.259586215019226,-0.012665530666708946,0.4954886734485626,0.03553837910294533,0.7065560817718506,0.7054833173751831,0.04252982139587402,-2.9416725635528564,-5.037018775939941,-9.080338478088379,1.5050687789916992,1.1782200336456299,1.2333332300186157,1.3710339069366455
1.2556616067886353,0.057481829077005386,0.48743313550949097,0.19502270221710205,0.6823372840881348,0.6742650270462036,0.20432478189468384,-2.7998743057250977,-4.910926342010498,-5.392882823944092,2.954139471054077,0.9199615716934204,1.0432701110839844,1.151322841644287
1.2620517015457153,0.07855276018381119,0.48334893584251404,-0.009030122309923172,0.7054097056388855,0.7054015398025513,-0.06873339414596558,-2.690293312072754,-4.336795330047607,-4.768661022186279,2.7947537899017334,0.06530724465847015,0.08329833298921585,0.3932092487812042
1.2508518695831299,0.0843915119767189,0.4706387221813202,0.6409152150154114,0.28645360469818115,0.2937992811203003,0.648732602596283,-2.643502712249756,-4.294005393981934,-5.093797206878662,16.11809539794922,-1.5828462839126587,-1.4534015655517578,-1.6302481889724731
1.2677552700042725,0.11208721995353699,0.4945323169231415,0.6585625410079956,0.3052721321582794,0.31668853759765625,0.6105839014053345,-3.3526289463043213,-5.234720230102539,-5.897871971130371,1.0036004781723022,1.7043957710266113,1.7166197299957275,1.6831191778182983
1.2371479272842407,0.18200154602527618,0.41991525888442993,0.8785613179206848,0.32947614789009094,-0.3026717007160187,0.16722829639911652,-3.5798966884613037,-4.232581615447998,-6.260496616363525,0.4614393413066864,-0.8641318678855896,-1.2696664333343506,-1.510711669921875
1.2747691869735718,0.18552334606647491,0.45854470133781433,-0.06348636001348495,0.6445549130439758,0.7612705230712891,0.03139482066035271,-3.4856951236724854,-3.903949499130249,-4.3868913650512695,16.11809539794922,-0.9609033465385437,-1.4332337379455566,-1.641446590423584
1.2972776889801025,0.1595110148191452,0.46115681529045105,-0.2175259292125702,0.443637877702713,0.48240697383880615,0.7232920527458191,-3.9442272186279297,-4.182803630828857,-4.6773552894592285,0.6555333137512207,1.4211077690124512,0.6483914852142334,0.15023164451122284
1.2948180437088013,0.182406485080719,0.45844975113868713,0.26314717531204224,0.622652530670166,0.47124797105789185,0.5665533542633057,-3.627727508544922,-3.898902177810669,-6.111133098602295,1.0806292295455933,0.7061446905136108,-0.11725813895463943,-0.7640541195869446
1.2087057828903198,0.19689324498176575,0.44692522287368774,0.8373178243637085,-0.3678373694419861,-0.3912856876850128,-0.10242075473070145,-3.6431002616882324,-4.639726638793945,-6.920429229736328,16.11809539794922,1.7724539041519165,1.7724539041519165,1.7724539041519165
1.238970398902893,0.21148370206356049,0.4567731022834778,0.5189948678016663,-0.5387829542160034,-0.6588305234909058,-0.07937011122703552,-4.435262203216553,-4.710588455200195,-6.214500904083252,0.691662609577179,1.7398393154144287,1.2306149005889893,0.7519699931144714
1.2544221878051758,0.22883673012256622,0.4732562005519867,0.5622162818908691,0.7167824506759644,0.04409554973244667,0.4101114571094513,-3.9875056743621826,-4.1856160163879395,-5.478173732757568,0.5836192965507507,1.745080590248108,1.2425734996795654,0.6611446142196655
1.2921901941299438,0.23002740740776062,0.46975716948509216,0.7296339273452759,0.6598527431488037,-0.1671081781387329,-0.06560152024030685,-4.100494861602783,-4.179971218109131,-4.631438255310059,16.11809539794922,0.09829890727996826,-0.39374926686286926,-0.6575657725334167
1.2413114309310913,0.13343070447444916,0.48596522212028503,0.33394938707351685,0.5997182726860046,0.6334154009819031,0.35721248388290405,-3.79412841796875,-4.727971076965332,-6.283252716064453,0.5280486345291138,1.6580164432525635,1.6776043176651,1.6548304557800293
1.2581719160079956,0.15180543065071106,0.49564144015312195,0.9188625812530518,0.09204739332199097,-0.16121222078800201,0.34818026423454285,-4.258945941925049,-4.416689395904541,-5.526411533355713,0.26468178629875183,1.7672497034072876,1.7398535013198853,1.655268669128418
1.2463507652282715,0.1715700328350067,0.4955156743526459,0.8857837319374084,0.025202875956892967,-0.45802730321884155,0.0704486221075058,-4.091857433319092,-4.885178565979004,-5.5126471519470215,1.2936055660247803,1.2252802848815918,0.39577123522758484,-0.3266863226890564
1.310672640800476,0.1562959998846054,0.4701597988605499,0.9298854470252991,-0.0034386105835437775,0.29501214623451233,-0.2197021245956421,-4.568044185638428,-4.80491828918457,-5.299995422363281,0.6321704387664795,1.7724539041519165,1.7724539041519165,1.383880615234375
1.226714849472046,0.211720809340477,0.4859970510005951,0.42030641436576843,0.7974891662597656,0.3786071538925171,0.20978589355945587,-3.7872540950775146,-4.586884021759033,-5.310326099395752,-0.2306801974773407,1.7724539041519165,1.5415927171707153,1.067561388015747
1.2405858039855957,0.18473084270954132,0.4701597988605499,0.2218780815601349,0.822293221950531,0.34629568457603455,-0.3932979106903076,-4.361003875732422,-9.807512283325195,-4.651930809020996,2.6390573978424072,1.7724539041519165,0.7298339009284973,-0.18767161667346954
1.2490792274475098,0.20085714757442474,0.4858534038066864,-0.24646709859371185,0.7978445887565613,0.5310806632041931,-0.14370545744895935,-3.9088680744171143,-4.699833869934082,-5.662592887878418,16.11809539794922,0.05343155190348625,-0.8084560632705688,-1.2487386465072632
1.2486011981964111,0.19870634377002716,0.5030361413955688,0.9065901041030884,0.05417724698781967,-0.30700188875198364,-0.2844451069831848,-4.344644069671631,-4.700937747955322,-6.001067161560059,0.9989475011825562,1.4867427349090576,0.9190443158149719,0.3587596118450165
1.257464051246643,0.20813821256160736,0.5031105279922485,0.4260038137435913,0.31745925545692444,0.8120693564414978,0.24142035841941833,-4.060842990875244,-4.763485431671143,-6.68854284286499,0.649009644985199,1.5559555292129517,1.2586618661880493,0.8186035752296448
1.2751537561416626,0.21963390707969666,0.5109158754348755,0.23555074632167816,0.5721892714500427,0.7783411741256714,0.10630283504724503,-4.3168182373046875,-4.74641227722168,-5.314905643463135,0.9521903395652771,1.7724539041519165,1.7214857339859009,1.4855519533157349
1.2953003644943237,0.21120336651802063,0.4964253604412079,0.23889042437076569,0.6365793943405151,0.47435346245765686,0.5591840744018555,-3.9861440658569336,-4.287724018096924,-4.964114665985107,0.9063035845756531,1.707521677017212,1.2148929834365845,0.7270938158035278
1.347775936126709,0.22309525310993195,0.42490363121032715,-0.3797818422317505,-0.12421537190675735,0.8640475273132324,-0.3061995804309845,-2.6375999450683594,-4.5131707191467285,-4.879690647125244,16.11809539794922,1.33033287525177,0.48505449295043945,-0.2583904266357422
1.2727266550064087,0.2152382880449295,0.5105838179588318,-0.06704726815223694,0.965933084487915,0.09746046364307404,-0.23017258942127228,-5.682188510894775,-4.464469909667969,-8.891338348388672,1.2679531574249268,0.03475397080183029,-0.9939643740653992,-1.577831506729126
1.2666016817092896,0.2432573288679123,0.47941404581069946,0.8945127129554749,0.38068246841430664,0.20870475471019745,0.10663115978240967,-3.901729106903076,-5.04655122756958,-5.727057456970215,0.12017373740673065,1.5119127035140991,1.0894808769226074,0.7559942007064819
1.307602047920227,0.2306806594133377,0.4880034029483795,0.4033890962600708,0.22475652396678925,0.3451213538646698,0.8171003460884094,-4.304146766662598,-4.7724995613098145,-5.395819664001465,-0.4363907277584076,1.7724539041519165,1.6676054000854492,1.6030832529067993
1.3509737253189087,0.21679897606372833,0.3998214900493622,-0.1918826550245285,0.35358014702796936,0.38021883368492126,0.8328239917755127,-2.335881233215332,-4.104893684387207,-5.123747825622559,0.651958703994751,-0.5141609907150269,-0.9533764719963074,-1.5469108819961548
1.3554927110671997,0.7827234864234924,0.11648218333721161,0.6574379205703735,0.32711461186408997,0.23227503895759583,0.6378242373466492,-3.803731679916382,-4.692548751831055,-5.758266925811768,16.11809539794922,-1.390423059463501,-0.8305293917655945,-1.603438138961792
1.3422454595565796,0.7984482645988464,0.12179142236709595,0.8343323469161987,-0.22226211428642273,-0.49165865778923035,-0.11296416819095612,-3.3989126682281494,-4.3319854736328125,-5.356740951538086,-0.8587712049484253,-1.435726523399353,-0.8797532320022583,-1.7724539041519165
1.3766131401062012,0.8045336008071899,0.12882091104984283,0.9015621542930603,-0.31773841381073,0.2196798175573349,-0.194855734705925,-3.7282650470733643,-4.552865505218506,-4.669724941253662,16.11809539794922,-1.7724539041519165,-1.2787511348724365,-1.7724539041519165
1.35762357711792,0.7838000655174255,0.1603439897298813,0.8828539252281189,-0.25364354252815247,0.00035512956674210727,0.3952641189098358,-4.877762317657471,-5.717514514923096,-6.663959503173828,2.331301689147949,0.38739511370658875,0.9513639807701111,0.012752865441143513
1.323922038078308,0.8044074773788452,0.16317196190357208,0.9216931462287903,-0.1284748911857605,0.36523476243019104,-0.024074094370007515,-4.177736759185791,-4.516357898712158,-4.778743267059326,1.409911036491394,-1.370072364807129,-0.9576132297515869,-1.7237848043441772
1.3648765087127686,0.7940994501113892,0.1544036865234375,0.8622618913650513,-0.37366288900375366,0.08449139446020126,0.33127278089523315,-4.642213344573975,-5.023834705352783,-5.440552711486816,16.11809539794922,-0.1563890129327774,0.5042778849601746,-0.464046835899353
1.3511643409729004,0.8179911971092224,0.15059754252433777,-0.4904349744319916,-0.3839082717895508,0.7820780277252197,0.0210226159542799,-4.0454864501953125,-4.441251754760742,-5.378108501434326,-0.8055004477500916,0.9305614829063416,1.5108484029769897,0.6676983833312988
1.3983787298202515,0.8121601343154907,0.11875014007091522,0.9403964877128601,-0.11270762234926224,0.31176626682281494,-0.0758500024676323,-3.4313158988952637,-3.9877476692199707,-5.214015960693359,0.22643201053142548,-0.6703675985336304,0.1327204555273056,-1.2332161664962769
1.3010549545288086,0.8264010548591614,0.13186228275299072,0.5390759110450745,0.7757002711296082,0.3152619004249573,-0.09108326584100723,-3.4433882236480713,-4.136627674102783,-5.485220432281494,0.6729543805122375,-0.7477235198020935,-0.07690194249153137,-0.9474368691444397
1.3133634328842163,0.8283364176750183,0.15408740937709808,0.8166456818580627,-0.3536631464958191,-0.38755738735198975,-0.2404402792453766,-3.8451011180877686,-4.321237564086914,-5.786961078643799,16.11809539794922,-1.5280544757843018,-1.1362004280090332,-1.7225548028945923
1.1993160247802734,0.9391856789588928,0.15657465159893036,0.9161217212677002,-0.3182964026927948,-0.1670980602502823,0.177444726228714,-4.6149821281433105,-5.667773723602295,-5.940849781036377,0.038865163922309875,0.2986850142478943,0.7065759897232056,0.2592860758304596
1.2106616497039795,0.9316372275352478,0.1564897745847702,0.12096156924962997,0.9712051749229431,-0.1914648860692978,0.0739593580365181,-4.551841735839844,-5.141973972320557,-10.779873847961426,5.537334442138672,-0.5491132140159607,-0.006950825918465853,-0.7020307779312134
1.2141097784042358,0.925808846950531,0.16412463784217834,0.9917762875556946,0.07903426140546799,0.07594334334135056,-0.0660758689045906,-4.4833526611328125,-5.1019062995910645,-6.2535295486450195,16.11809539794922,-0.6786358952522278,-0.1256048083305359,-0.8449487090110779
1.2460031509399414,0.9313024878501892,0.12809127569198608,0.9440901279449463,-0.04210473597049713,-0.32698580622673035,0.00116768479347229,-4.096891403198242,-5.042529582977295,-5.557525157928467,16.11809539794922,-1.3267701864242554,-0.8732973337173462,-1.5759880542755127
1.2593910694122314,0.9346317648887634,0.13791164755821228,0.5116984844207764,0.816845178604126,-0.1314036101102829,-0.23165002465248108,-4.2849884033203125,-5.029931545257568,-5.60364294052124,-1.2697678804397583,0.741502046585083,1.1256788969039917,0.5864512324333191
1.3092756271362305,0.8872640132904053,0.12846200168132782,0.7544651031494141,-0.3870472013950348,-0.26945745944976807,-0.4564751386642456,-3.1372902393341064,-4.1808881759643555,-5.8520050048828125,-0.31479698419570923,-0.822301983833313,-0.18641595542430878,-0.8992540836334229
1.2475926876068115,0.889177680015564,0.16393324732780457,0.8228464722633362,0.520474910736084,0.09464750438928604,0.20753656327724457,-3.8754773139953613,-4.745084762573242,-5.389991283416748,2.115063190460205,-0.7728562951087952,-0.07775596529245377,-0.9649456143379211
1.2505342960357666,0.8929626941680908,0.16452017426490784,-0.42543286085128784,0.5991227626800537,0.5343469381332397,0.41777050495147705,-4.035144805908203,-4.466124057769775,-4.755397319793701,16.11809539794922,-1.5341665744781494,-1.0930602550506592,-1.7005165815353394
1.243080973625183,0.8941221833229065,0.18877007067203522,0.6972717642784119,-0.33792248368263245,-0.43071848154067993,-0.4627116024494171,-3.8011016845703125,-4.773988723754883,-5.749316215515137,2.1451268196105957,-0.4348013699054718,0.16749326884746552,-0.7378998398780823
1.32491934299469,0.8758286833763123,0.14142043888568878,0.7401865124702454,-0.41338256001472473,-0.21222884953022003,-0.48600172996520996,-3.2386202812194824,-4.763589382171631,-6.934681415557861,-1.3892083168029785,1.3046156167984009,1.7724539041519165,1.6348544359207153
1.2248808145523071,0.9274373054504395,0.14986270666122437,0.9483430981636047,0.16038483381271362,0.030079828575253487,-0.2720610797405243,-3.222811698913574,-4.536045074462891,-5.224606990814209,-1.089905023574829,-0.850199818611145,-0.44489341974258423,-0.9243772625923157
1.344916820526123,0.8526264429092407,0.11065146327018738,-0.4753062427043915,0.6076628565788269,0.18251030147075653,0.6095243096351624,-3.4217276573181152,-3.625955820083618,-4.3246870040893555,16.11809539794922,-1.5325299501419067,-1.0084407329559326,-1.612357258796692
1.3954452276229858,0.8435510993003845,0.10107734054327011,0.6068394780158997,0.7174170017242432,-0.14212843775749207,-0.3112204968929291,-3.271496534347534,-3.97001576423645,-5.239840984344482,0.6728866100311279,0.16417783498764038,0.9925723671913147,-0.570213794708252
1.3253960609436035,0.8171423673629761,0.18123283982276917,0.44783034920692444,0.7427563071250916,0.4917791783809662,-0.07690421491861343,-4.070281028747559,-4.950836658477783,-5.981470584869385,16.11809539794922,0.1701052337884903,0.7602023482322693,-0.06354283541440964
1.3627358675003052,0.8258834481239319,0.16537827253341675,0.6186479330062866,-0.546446681022644,-0.26136332750320435,-0.5003598928451538,-3.7971677780151367,-4.903740882873535,-5.457253932952881,2.7840311527252197,-0.2496846616268158,0.6284582614898682,-0.6739106178283691
1.3016681671142578,0.8971800208091736,0.19064606726169586,0.44352972507476807,0.8526294231414795,0.25207826495170593,-0.1129647046327591,-3.463858127593994,-4.466079235076904,-6.610933780670166,-0.15308326482772827,-0.04341035336256027,0.6513127088546753,-0.22677865624427795
1.2240238189697266,0.9849365949630737,0.18838630616664886,0.36998963356018066,0.2390003800392151,0.8368898034095764,0.3249645233154297,-3.738539934158325,-4.556894779205322,-5.508740425109863,-0.7572422027587891,-1.417173147201538,-0.9676967859268188,-1.6411601305007935
1.2333122491836548,0.9636793732643127,0.16518259048461914,0.5613368153572083,-0.5195070505142212,-0.1351364552974701,-0.6298821568489075,-3.2679646015167236,-4.2876787185668945,-5.155728816986084,1.3062273263931274,-1.098829746246338,-0.5296184420585632,-1.4286154508590698
1.2516504526138306,0.9409304261207581,0.20555976033210754,0.07716508954763412,0.746354341506958,0.625444769859314,-0.21405507624149323,-3.4737658500671387,-5.14672327041626,-5.760535717010498,-1.0566226243972778,0.29893627762794495,0.7231658101081848,0.19039109349250793
1.2206509113311768,0.9967354536056519,0.1898847371339798,0.516331136226654,0.679777204990387,0.36639294028282166,0.3702179789543152,-4.696650505065918,-5.256309986114502,-5.93267297744751,1.4667506217956543,0.8183649182319641,1.2032196521759033,0.691238284111023
1.2269269227981567,0.994280219078064,0.18989841639995575,0.5826548337936401,-0.577741801738739,-0.1478174477815628,-0.5521574020385742,-3.7568490505218506,-5.193444728851318,-6.218222141265869,0.5985193848609924,-0.9235233068466187,-0.3683924078941345,-1.1934009790420532
1.1885032653808594,1.0753488540649414,0.17454826831817627,-0.24279473721981049,0.5082248449325562,0.7763049602508545,-0.28303512930870056,-3.137725591659546,-5.226258754730225,-5.511476516723633,-0.04079901799559593,-0.47573181986808777,-0.2584938704967499,-0.46819329261779785
1.2911322116851807,0.836713433265686,0.21652154624462128,0.39177238941192627,0.7978299260139465,0.45811063051223755,0.010789960622787476,-4.805439472198486,-5.5372819900512695,-7.047224521636963,1.5121283531188965,0.16960358619689941,0.6573499441146851,0.08056814223527908
1.2911309003829956,0.8488748073577881,0.19394844770431519,0.6764084100723267,-0.3229850232601166,-0.4337367117404938,-0.5000248551368713,-4.042975902557373,-4.534755706787109,-6.303072452545166,16.11809539794922,-0.5802178978919983,0.05506835877895355,-0.7871387004852295
1.2203176021575928,0.9475007057189941,0.20330782234668732,-0.4530046880245209,0.259636253118515,0.366902619600296,0.7699079513549805,-4.342440605163574,-5.01517391204834,-6.00770378112793,2.1435694694519043,-0.362607479095459,0.21301673352718353,-0.5759287476539612
1.1768584251403809,1.0000159740447998,0.2102179229259491,-0.0034560449421405792,0.9378519058227539,-0.24537917971611023,0.24537917971611023,-5.608789443969727,-4.849415302276611,-17.22126579284668,0.023530498147010803,0.5491131544113159,1.230291485786438,0.6881291270256042
1.2132058143615723,1.0011016130447388,0.1986890584230423,0.41926342248916626,0.8720019459724426,-0.1839425414800644,-0.1731933355331421,-3.473820209503174,-4.939011096954346,-5.623270034790039,-0.37024620175361633,-0.3401566445827484,0.16290821135044098,-0.42660608887672424
1.1748716831207275,1.0498183965682983,0.19277776777744293,0.007660862989723682,0.55885910987854,0.8276292681694031,-0.05145427584648132,-3.3325917720794678,-4.26193904876709,-5.0305352210998535,-0.29910844564437866,-1.0484991073608398,-0.44097208976745605,-1.285897970199585
1.2114753723144531,1.058803677558899,0.1963406354188919,0.5448437929153442,0.7783573269844055,0.2993645966053009,-0.08766958117485046,-3.4176182746887207,-3.5221996307373047,-4.976653099060059,-0.32822537422180176,-0.7307643294334412,-0.1627337783575058,-0.7830044627189636
0.4575873911380768,0.15758514404296875,0.9014354348182678,0.6457095742225647,0.6833978891372681,-0.24958869814872742,0.2318015694618225,-2.047490119934082,-4.543563365936279,-5.508233070373535,4.440077304840088,0.9988535046577454,0.14376774430274963,-0.5619445443153381
0.4850291609764099,0.16797557473182678,0.9350075125694275,0.4625014364719391,0.8109070658683777,-0.19279755651950836,0.30224376916885376,-2.2659752368927,-4.79396915435791,-5.487243175506592,16.11809539794922,1.7724539041519165,1.481492519378662,1.0683008432388306
0.5090352892875671,0.1530042141675949,0.930119514465332,0.8394649028778076,-0.3548169434070587,-0.3771374821662903,-0.16483600437641144,-2.3488895893096924,-4.661605358123779,-4.850024700164795,-0.3113066554069519,-0.9859646558761597,-1.3758805990219116,-1.7543007135391235
0.47637107968330383,-0.023396633565425873,1.0196325778961182,0.5349413752555847,-0.5774070024490356,-0.3940108120441437,-0.4745464324951172,-3.4539401531219482,-3.8176639080047607,-5.013915538787842,-0.17816565930843353,0.492516428232193,1.415216326713562,0.19806037843227386
0.6370721459388733,-0.007007214240729809,1.1088639497756958,-0.35840079188346863,0.6609626412391663,0.6524109244346619,-0.09506412595510483,-2.6758008003234863,-4.485689640045166,-6.4455695152282715,-0.4595033824443817,-1.3474591970443726,-1.235023856163025,-1.4369815587997437
0.6406790614128113,-0.000616450619418174,1.1290323734283447,0.22623705863952637,0.6649198532104492,0.6824728846549988,0.2023095339536667,-3.5352113246917725,-4.435999870300293,-4.744691848754883,2.6342310905456543,1.513576626777649,1.597522497177124,1.7153493165969849
0.6371145844459534,-0.02356135845184326,1.1128507852554321,-0.2135835736989975,0.9221460819244385,-0.13616816699504852,-0.2923814058303833,-4.507802486419678,-3.786965847015381,-15.309222221374512,0.6406570076942444,-1.0634723901748657,-0.9939643740653992,-0.9244563579559326
0.6299429535865784,0.008102590218186378,1.1126772165298462,-0.29212486743927,0.6629059314727783,0.6635204553604126,-0.1869741976261139,-3.6037871837615967,-4.903501510620117,-5.747060298919678,2.6146910190582275,-1.0370503664016724,-0.856329619884491,-0.9252672791481018
0.6392470002174377,0.014667964540421963,1.1124743223190308,0.47533658146858215,0.444480299949646,0.5185566544532776,0.5546092391014099,-3.475217580795288,-4.799040794372559,-4.923926830291748,2.708590030670166,-0.204739511013031,-0.11634423583745956,0.10608134418725967
0.643779456615448,0.048968106508255005,1.096469521522522,-0.0263010673224926,0.7400633692741394,0.6687456369400024,-0.06628544628620148,-2.813690185546875,-5.329890727996826,-6.7396769523620605,-0.29407915472984314,-0.33316588401794434,-0.2562345564365387,0.057401951402425766
0.6393311619758606,0.01851787604391575,1.1021051406860352,-0.0656648501753807,0.9628377556800842,-0.026957150548696518,-0.2605857849121094,-4.412383556365967,-3.8331594467163086,-12.010164260864258,-0.40546509623527527,-1.0634723901748657,-1.1051771640777588,-1.285897970199585
0.6326813697814941,0.04166145250201225,1.1148974895477295,-0.4015924036502838,0.9087857604026794,0.01175055280327797,-0.11266706138849258,-5.388591766357422,-3.925546407699585,-10.97577953338623,-0.03922071307897568,-1.035669207572937,-0.8410467505455017,-1.0634723901748657
0.6613386273384094,0.008718167431652546,1.1162515878677368,0.43779680132865906,0.540989875793457,0.5740962028503418,0.4313669502735138,-3.2177164554595947,-4.662217140197754,-6.422110080718994,-0.31349748373031616,0.9597992300987244,1.0298947095870972,1.3481180667877197
0.6517822742462158,0.07427286356687546,1.0993355512619019,0.18054264783859253,0.6902167201042175,0.6724667549133301,0.19696107506752014,-3.641037702560425,-5.120059013366699,-6.93655252456665,16.11809539794922,0.27516472339630127,0.3512326180934906,0.5614075064659119
0.6256080269813538,0.06795267760753632,1.1162205934524536,0.6118111610412598,0.3502678871154785,0.3250204026699066,0.6303659677505493,-3.5784976482391357,-5.482217788696289,-6.077859401702881,16.11809539794922,-0.7123138308525085,-0.574089765548706,-0.6011009812355042
0.6378825306892395,0.07286025583744049,1.107166051864624,-0.17536182701587677,0.690473198890686,0.6960418820381165,-0.08955830335617065,-3.3883838653564453,-4.634727954864502,-5.889370441436768,16.11809539794922,-0.9242762923240662,-0.8221354484558105,-0.8968318700790405
0.6341950297355652,0.11578527837991714,1.1074186563491821,-0.2239292711019516,0.5537688732147217,0.8015012145042419,-0.028135016560554504,-4.090038776397705,-4.561581611633301,-6.4767746925354,1.0435823202133179,-1.4040576219558716,-1.4003163576126099,-1.4869394302368164
0.6320793032646179,0.08192397654056549,1.117196798324585,0.7602869868278503,-0.24657116830348969,-0.5798328518867493,0.15798798203468323,-4.1091132164001465,-4.713619709014893,-5.21306037902832,-0.43764641880989075,-1.2461718320846558,-1.1528282165527344,-1.3007888793945312
0.6403994560241699,0.09943989664316177,1.114359736442566,0.22904151678085327,0.417080283164978,0.446541965007782,0.7577494978904724,-3.8157968521118164,-4.990941524505615,-5.444027900695801,-0.9499858021736145,1.0390030145645142,1.1588436365127563,1.3122462034225464
0.6561408042907715,0.06893675029277802,1.1263447999954224,0.48389899730682373,0.5581334233283997,0.539121687412262,0.4045696556568146,-3.4549412727355957,-4.695754051208496,-5.334821701049805,0.11610084772109985,1.4122148752212524,1.4559240341186523,1.7724539041519165
0.5521170496940613,0.16073262691497803,0.9816263914108276,0.6837050914764404,0.628676176071167,-0.29192259907722473,0.22824282944202423,-2.642241954803467,-4.761319637298584,-5.183614730834961,16.11809539794922,1.610856056213379,1.0504523515701294,0.6084134578704834
0.6107273101806641,0.16156519949436188,1.0440173149108887,0.6588701009750366,0.680996298789978,-0.23428678512573242,0.21735668182373047,-3.8758175373077393,-5.024211883544922,-5.315152645111084,16.11809539794922,1.7724539041519165,1.7724539041519165,1.6063623428344727
0.6309230923652649,0.1698552370071411,1.0648397207260132,0.04118577390909195,0.535438060760498,0.5911913514137268,0.60174959897995,-4.284823417663574,-5.2208123207092285,-5.824831485748291,0.4921739399433136,0.8677228689193726,0.438050240278244,0.18782147765159607
0.6577602624893188,0.15741252899169922,1.0640947818756104,0.44878771901130676,0.16001290082931519,0.6335132122039795,0.6096281409263611,-3.80572772026062,-4.47725248336792,-5.9325666427612305,-0.5308831334114075,0.8649184107780457,0.2318512201309204,-0.060082364827394485
0.6618232131004333,0.14186641573905945,1.1034374237060547,0.6008244752883911,-0.42059436440467834,-0.5750320553779602,-0.36255815625190735,-3.7846930027008057,-3.974435329437256,-4.189455032348633,16.11809539794922,-0.19385752081871033,-0.7324392199516296,-1.143741250038147
0.6514933705329895,0.14138387143611908,1.0954265594482422,0.9641978144645691,0.15166360139846802,0.2058451920747757,-0.07034563273191452,-3.9861667156219482,-4.0683441162109375,-4.327635288238525,16.11809539794922,-1.3153003454208374,-1.5216715335845947,-1.7355819940567017
0.6222479343414307,0.17576485872268677,1.1187156438827515,0.8248880505561829,-0.08875123411417007,-0.5561246871948242,0.04907424375414848,-3.9685354232788086,-4.314492702484131,-4.581797122955322,16.11809539794922,0.14203405380249023,-0.4465840756893158,-0.892849862575531
0.6282533407211304,0.18042460083961487,1.0759823322296143,0.7416436672210693,0.5899701714515686,0.31397947669029236,-0.0575910247862339,-4.094801902770996,-5.477820873260498,-5.950577259063721,-0.11934296786785126,1.3891854286193848,1.0634722709655762,0.7080070376396179
0.6153053641319275,0.18666833639144897,1.0970691442489624,0.8819211721420288,0.3134211599826813,0.2940313220024109,0.1937210112810135,-4.745688438415527,-5.604396343231201,-6.46894645690918,1.0361443758010864,0.9117308855056763,0.5536653399467468,0.2861589193344116
0.6199358701705933,0.16158726811408997,1.107222080230713,-0.09746046364307404,0.9066720008850098,0.37809130549430847,0.15966928005218506,-4.170166492462158,-4.464469909667969,-11.430281639099121,3.567518711090088,-1.244193196296692,-1.6890443563461304,-1.7724539041519165
0.6864140033721924,0.14482925832271576,1.0997205972671509,0.6904202103614807,0.06312592327594757,-0.6281474828720093,-0.3532220423221588,-3.858288288116455,-4.2398457527160645,-5.57816219329834,-1.4422239065170288,1.5862579345703125,1.0456982851028442,0.7058212757110596
0.6577171087265015,0.17049191892147064,1.0683016777038574,0.64857417345047,0.0015749111771583557,-0.6101056933403015,0.4551045000553131,-4.043402671813965,-4.555127143859863,-6.452520847320557,2.7200727462768555,0.0357370488345623,-0.34332728385925293,-0.5808948874473572
0.6758736371994019,0.17248320579528809,1.086356520652771,0.7769092321395874,-0.016902150586247444,-0.5479931235313416,0.3095639646053314,-4.377604961395264,-4.908141136169434,-5.43479585647583,1.6981993913650513,-0.42716747522354126,-0.7080807685852051,-0.9231594800949097
0.6731036901473999,0.18252325057983398,1.0734366178512573,0.917639970779419,-0.17621952295303345,-0.3450779914855957,0.08834456652402878,-4.528954982757568,-5.316018104553223,-6.158519268035889,3.1400094032287598,-1.5298298597335815,-1.5955506563186646,-1.5715194940567017
0.69014972448349,0.1521872580051422,1.1086872816085815,0.3835654854774475,0.5131635665893555,0.4738479256629944,0.6041595935821533,-4.163931846618652,-5.191229820251465,-5.447192192077637,-0.7388076782226562,1.7724539041519165,1.708647608757019,1.3093024492263794
0.6800225973129272,0.17628996074199677,1.079459547996521,0.19190175831317902,0.8118539452552795,0.4034165143966675,0.37592822313308716,-4.665326118469238,-4.779106140136719,-6.890624046325684,0.6647153496742249,-1.3117566108703613,-1.473734974861145,-1.5718529224395752
0.6703636646270752,0.18157491087913513,1.095964789390564,0.1914648860692978,0.9701696038246155,0.03525165840983391,0.1444626748561859,-4.551841735839844,-12.11718463897705,-4.456024646759033,0.4382549226284027,-1.1746851205825806,-1.285897970199585,-1.619536280632019
0.6561750769615173,0.1687479168176651,1.1282793283462524,-0.2691722512245178,0.35907045006752014,0.8227392435073853,0.34887659549713135,-3.818772554397583,-4.755341053009033,-5.360063552856445,16.11809539794922,0.9099342823028564,0.31098636984825134,-0.13653337955474854
0.6481065154075623,0.1944039762020111,1.083340048789978,0.677974283695221,0.12320710718631744,-0.6689240336418152,0.2787679135799408,-4.3289079666137695,-4.981584072113037,-6.409083366394043,2.7000348567962646,0.9530935287475586,0.5045397281646729,0.19125667214393616
0.6047113537788391,0.18607722222805023,1.1563222408294678,-0.3181859850883484,0.3291565775871277,0.6077427268028259,0.6488932371139526,-3.081988573074341,-4.646478176116943,-5.8841166496276855,16.11809539794922,0.47488659620285034,0.03354556858539581,-0.21332690119743347
0.6070138812065125,0.1763283759355545,1.1492788791656494,-0.296638160943985,0.3129725456237793,0.6227082014083862,0.6529077291488647,-2.845484733581543,-3.354067802429199,-4.7949724197387695,-0.21443946659564972,-1.1476472616195679,-1.3348294496536255,-1.6579928398132324
0.6497588157653809,0.1942518800497055,1.0859370231628418,0.8446398377418518,0.4489838480949402,-0.08519177883863449,0.27881792187690735,-4.600992202758789,-5.1582489013671875,-5.9411516189575195,0.6834935545921326,-1.1351284980773926,-1.3875610828399658,-1.4366116523742676
0.6523075699806213,0.20168164372444153,1.0924315452575684,0.7530872225761414,0.6406124234199524,-0.05097106099128723,0.14098681509494781,-4.560925006866455,-5.252403259277344,-5.971165180206299,-0.1071363091468811,1.7724539041519165,1.6768251657485962,1.5525078773498535
0.6456217169761658,0.19367828965187073,1.103843092918396,0.8581310510635376,0.46687424182891846,-0.15254098176956177,0.14956869184970856,-4.395493984222412,-4.652529239654541,-6.877257823944092,3.156581163406372,0.18821367621421814,-0.1425245851278305,-0.3962334990501404
0.629291296005249,0.20033124089241028,1.1259289979934692,0.6336337327957153,0.7181139588356018,-0.22976762056350708,0.1732844114303589,-4.458733558654785,-4.674975395202637,-5.915517330169678,16.11809539794922,1.4962937831878662,1.0544500350952148,0.8138112425804138
0.6758511662483215,0.1905502825975418,1.0877794027328491,-0.4550539553165436,0.7048949599266052,0.2279973030090332,0.494030624628067,-4.278228759765625,-4.741865158081055,-5.579855918884277,0.38894814252853394,1.707295298576355,1.649522066116333,1.6248446702957153
0.6719439625740051,0.19165578484535217,1.105759859085083,-0.438003271818161,0.4317806363105774,0.49828946590423584,0.6110861301422119,-4.084115028381348,-5.137905120849609,-6.382792949676514,-1.1620081663131714,-1.0786328315734863,-1.1911044120788574,-1.5512871742248535
0.6759192943572998,0.18438413739204407,1.0999549627304077,0.7090781331062317,0.31908440589904785,-0.6053584814071655,0.17010128498077393,-4.574259281158447,-4.688511848449707,-5.526584148406982,16.11809539794922,0.6565365195274353,0.11933448165655136,-0.24589648842811584
0.661535382270813,0.19333013892173767,1.1231281757354736,0.5754505395889282,0.713064968585968,-0.39259597659111023,-0.07914163917303085,-4.229769706726074,-4.767674446105957,-5.724837303161621,1.9509754180908203,1.4861961603164673,1.0907156467437744,0.847478985786438
0.3722856044769287,0.17275969684123993,1.4298101663589478,-0.2583548426628113,0.3110838830471039,0.573567807674408,0.7123900651931763,-2.2953433990478516,-4.824001789093018,-5.503951072692871,16.11809539794922,0.7765642404556274,0.460533082485199,0.3872915804386139
0.33945775032043457,0.17859716713428497,1.4693597555160522,-0.2418820708990097,0.35921287536621094,0.4979916214942932,0.7513078451156616,-2.7016189098358154,-5.133906841278076,-6.783083915710449,0.13115955889225006,1.710939645767212,1.399393916130066,1.4542557001113892
0.4529307186603546,0.17328113317489624,1.3120396137237549,-0.3989294469356537,0.12638822197914124,0.8585377335548401,0.296301007270813,-1.658605933189392,-4.892728805541992,-5.155092716217041,16.11809539794922,-0.9507570862770081,-1.0803723335266113,-1.252691388130188
0.5573813319206238,0.1809864044189453,1.2247108221054077,-0.21625016629695892,0.3394967019557953,0.47034475207328796,0.7853366732597351,-2.4775941371917725,-4.922457218170166,-5.4555182456970215,7.2944440841674805,1.5200200080871582,1.2785910367965698,1.264735221862793
0.5785252451896667,-0.02277843840420246,1.312266230583191,0.9552341103553772,0.2518300712108612,-0.14071783423423767,0.06563418358564377,-2.312295913696289,-3.9930293560028076,-4.537528038024902,-2.1948158740997314,1.2433061599731445,1.6416820287704468,0.4387724697589874
0.5768222808837891,-0.01675240695476532,1.1359632015228271,0.33800119161605835,0.8960070610046387,0.174875870347023,-0.22879016399383545,-4.697398662567139,-4.35630989074707,-6.913592338562012,5.537334442138672,-0.29888439178466797,0.6603259444236755,-0.9244563579559326
0.6408573985099792,0.030804205685853958,1.133534550666809,0.04997021332383156,0.6809722781181335,0.7294741272926331,0.04058639332652092,-3.1942646503448486,-4.614178657531738,-5.987712860107422,7.245933532714844,1.117650032043457,1.2750853300094604,1.448535680770874
0.6482989192008972,0.08867702633142471,1.1342580318450928,-0.004414865747094154,0.9006797075271606,0.43401768803596497,-0.019626788794994354,-4.037456512451172,-4.88661003112793,-6.286163330078125,0.4649401605129242,1.488985300064087,1.6580872535705566,1.7361856698989868
0.6375355124473572,0.10670264810323715,1.1342843770980835,-0.006747088860720396,0.7518773674964905,0.6436362862586975,0.14271385967731476,-3.8509275913238525,-4.737643241882324,-6.013175964355469,2.183974266052246,0.49670109152793884,0.6603259444236755,0.8827515244483948
0.4484598934650421,0.18029502034187317,1.3467315435409546,-0.20461706817150116,0.37232109904289246,0.4299009442329407,0.7966768741607666,-2.3276002407073975,-4.977457046508789,-6.633640766143799,16.11809539794922,1.1407721042633057,0.9179598689079285,0.9206280708312988
0.6495180130004883,0.14184388518333435,1.1417453289031982,0.9906325936317444,0.08089705556631088,0.0015435506356880069,-0.11000131815671921,-4.0447678565979,-4.416728973388672,-5.24249267578125,1.5505343675613403,1.7724539041519165,1.334106206893921,0.917952835559845
0.6635473370552063,0.15432298183441162,1.1314278841018677,0.9039108157157898,0.13470594584941864,-0.3200911283493042,-0.24968230724334717,-4.138209819793701,-5.018004894256592,-5.097163200378418,-0.2996858060359955,1.7724539041519165,1.5009455680847168,1.2748311758041382
0.5929824709892273,0.18600857257843018,1.1878645420074463,-0.21305279433727264,0.3594527244567871,0.45263680815696716,0.7877323031425476,-2.9902663230895996,-4.940687656402588,-7.532369136810303,16.11809539794922,1.6589170694351196,1.4781962633132935,1.5126702785491943
-1.128321886062622,1.1387569904327393,0.02044331096112728,0.3978821933269501,0.5715161561965942,0.5944299697875977,0.40213438868522644,-3.1247129440307617,-6.046027660369873,-7.357640266418457,16.11809539794922,0.37118810415267944,0.41873636841773987,0.5112565755844116
-1.1236237287521362,1.2036634683609009,0.038687076419591904,0.7270851135253906,0.32591328024864197,0.5037868022918701,0.3336564898490906,-3.781564235687256,-5.061496257781982,-5.939837455749512,-0.8942089080810547,-0.6621625423431396,-0.7152040004730225,-0.9989043474197388
-1.137181282043457,1.1960605382919312,0.08588853478431702,0.6383209228515625,-0.07178527116775513,-0.7621055841445923,0.08116865903139114,-3.6524298191070557,-5.037284851074219,-6.956603050231934,0.2711401581764221,-0.2045184075832367,-0.20332060754299164,-0.12138360738754272
-1.1314666271209717,1.2204155921936035,0.05297015234827995,0.6408165097236633,-0.054965611547231674,-0.5615240931510925,-0.5205993056297302,-3.4042584896087646,-4.558191776275635,-4.812836170196533,3.8473615646362305,-1.5324028730392456,-1.4210516214370728,-1.5121909379959106
-1.1336805820465088,1.2117522954940796,0.07620251923799515,0.7414438128471375,-0.08760078996419907,-0.6644336581230164,-0.033392712473869324,-4.064877510070801,-4.7762651443481445,-8.037161827087402,-0.10338596999645233,0.6462019085884094,0.5652002692222595,0.5724242925643921
-1.1432957649230957,1.1848734617233276,0.09111962467432022,0.09746046364307404,0.9872320294380188,0.12096156924962997,0.03525165840983391,-11.91638469696045,-5.675189018249512,-4.067808628082275,2.6390573978424072,0.590817928314209,0.5491131544113159,0.7715387344360352
-1.1375491619110107,1.1880607604980469,0.129007950425148,-0.02004506066441536,0.9868970513343811,-0.01175055280327797,-0.15966928005218506,-12.306160926818848,-3.301206588745117,-6.261593341827393,2.577688455581665,0.6603259444236755,0.8410466909408569,0.9939643144607544
-1.1263983249664307,1.2631254196166992,0.04567747563123703,0.28116294741630554,0.7091683149337769,0.6463080048561096,0.017710857093334198,-3.383852243423462,-4.467876434326172,-6.081200122833252,3.627207040786743,-1.1644740104675293,-1.2429168224334717,-1.3971107006072998
-1.1276953220367432,1.2194740772247314,0.04585978016257286,0.7870837450027466,0.29433298110961914,-0.5420048832893372,0.009900529868900776,-4.470187187194824,-5.129464149475098,-5.518069267272949,0.8081726431846619,-0.43412160873413086,-0.5036296248435974,-0.5868047475814819
-1.1242451667785645,1.2362960577011108,0.04185572639107704,0.6569664478302002,0.36353185772895813,0.6219263672828674,0.22236742079257965,-3.946565628051758,-5.184576988220215,-5.754839897155762,1.781258463859558,0.6518120169639587,0.38768160343170166,0.28885436058044434
-1.1247574090957642,1.2891613245010376,0.04792125150561333,0.2920171916484833,0.6331126689910889,0.4085291028022766,0.5890656113624573,-3.59250545501709,-4.327127456665039,-6.476273059844971,2.6562771797180176,-0.1335906833410263,-0.2695557475090027,-0.5491132140159607
-1.1388766765594482,1.3078399896621704,0.10303741693496704,0.5322837829589844,-0.308113157749176,-0.6769450902938843,-0.4043335020542145,-3.025176525115967,-3.3917202949523926,-4.166281223297119,1.6314759254455566,-1.5044995546340942,-1.39308762550354,-1.4901543855667114
-1.1235816478729248,1.243627905845642,0.12069280445575714,0.7176340818405151,0.6842909455299377,0.09532571583986282,-0.0875232145190239,-3.6448354721069336,-4.354091644287109,-5.223290920257568,-0.06899750977754593,1.4863348007202148,1.5743714570999146,1.5413577556610107
-1.159577488899231,1.219934105873108,0.13265106081962585,-0.27717480063438416,-0.6601045727729797,-0.17625829577445984,0.6755509376525879,-6.548837184906006,-3.301206588745117,-4.842536926269531,5.537334442138672,-0.6325227618217468,-0.7020307779312134,-0.6603260040283203
-1.1124694347381592,1.283083200454712,0.11269545555114746,0.279814749956131,0.6521129012107849,0.6437816023826599,0.2863524258136749,-3.4612841606140137,-4.36515998840332,-4.833632469177246,4.405845642089844,1.1962392330169678,1.2497758865356445,1.338853359222412
-1.1740632057189941,1.2944929599761963,0.13641740381717682,-0.031326889991760254,0.4811391830444336,0.857083797454834,-0.18146909773349762,-3.6714444160461426,-3.8375542163848877,-4.381663799285889,1.9160466194152832,0.9497460126876831,0.8114893436431885,0.5816486477851868
-1.1827973127365112,1.2555266618728638,0.1476879119873047,0.9207387566566467,-0.21320825815200806,0.13467302918434143,-0.2977340817451477,-3.3514199256896973,-4.121171474456787,-4.472537040710449,-0.1587912142276764,-1.713051199913025,-1.676812767982483,-1.6431256532669067
-1.1888011693954468,1.2926228046417236,0.1140606701374054,0.4986248016357422,0.2432354837656021,0.5934209227561951,0.5831478834152222,-3.5316925048828125,-3.8528871536254883,-5.427664756774902,0.6807501912117004,0.728448212146759,0.6450609564781189,0.4572329521179199
-1.1594645977020264,1.31999933719635,0.10822716355323792,0.9613775014877319,0.1574247032403946,0.05287668853998184,-0.21948759257793427,-3.3498802185058594,-4.614686965942383,-5.260602951049805,-0.2600340247154236,-0.6434942483901978,-0.7690969705581665,-0.7586138844490051
-1.2207969427108765,1.2043051719665527,0.29093629121780396,0.5673589706420898,0.4421500265598297,0.47391438484191895,0.5079491138458252,-1.3642388582229614,-5.418945789337158,-5.551730155944824,3.059516191482544,0.23764751851558685,0.08131676912307739,-0.3379048705101013
-1.1199662685394287,1.2122817039489746,0.10026885569095612,0.5389986038208008,-0.02284892648458481,-0.7460195422172546,-0.3904014229774475,-2.8162505626678467,-4.031363487243652,-5.304867267608643,-0.7658169269561768,-1.447164535522461,-1.5889766216278076,-1.5689551830291748
-1.0973237752914429,1.251807451248169,0.018257446587085724,-0.0435461662709713,0.9738776087760925,-0.11404947936534882,-0.1914648860692978,-17.31641387939453,-3.8287582397460938,-6.192558288574219,1.8718022108078003,0.10426196455955505,0.03475397080183029,-0.03475402295589447
-1.1139975786209106,1.3023289442062378,0.04029460623860359,-0.12754327058792114,0.65042644739151,0.6019033789634705,0.4454104006290436,-3.584867000579834,-4.68963098526001,-5.074031352996826,1.0442867279052734,0.7943037152290344,0.8455248475074768,1.0174751281738281
-1.118239402770996,1.2885923385620117,0.027690259739756584,0.1892160028219223,0.5995944738388062,0.6308974623680115,0.4545901417732239,-4.260959625244141,-5.159477710723877,-6.932750225067139,-0.7550064921379089,-0.7054159045219421,-0.74712073802948,-0.9424923062324524
-1.1225965023040771,1.2797287702560425,0.05043566972017288,-0.31278297305107117,0.6336268782615662,0.6730145215988159,-0.21848396956920624,-3.5570359230041504,-4.595371723175049,-6.415999412536621,-0.30970168113708496,-1.103763222694397,-1.3080171346664429,-1.6155604124069214
-1.1140635013580322,1.2489678859710693,0.10787725448608398,0.33574849367141724,0.7656762599945068,0.5374647378921509,0.11020190268754959,-3.836980104446411,-4.2796735763549805,-5.646799564361572,0.5257436633110046,-1.1293405294418335,-1.0670866966247559,-1.4629789590835571
-1.0979101657867432,1.2448475360870361,0.11471804976463318,0.36632227897644043,0.6907300353050232,0.44227170944213867,0.43942657113075256,-4.515041351318359,-4.722395896911621,-6.846461772918701,1.7706753015518188,0.8237444758415222,0.7099764943122864,0.2625748813152313
-1.113378643989563,1.2782913446426392,0.12422364205121994,0.618815541267395,0.3863770365715027,0.5548866391181946,0.3998511731624603,-3.5657551288604736,-4.091139316558838,-4.59710693359375,1.0349042415618896,1.619277834892273,1.660693883895874,1.728454828262329
-1.1156883239746094,1.2628600597381592,0.1167793795466423,0.24495160579681396,0.8678727149963379,0.3844466805458069,0.19747500121593475,-3.5759267807006836,-4.4101057052612305,-5.520143032073975,1.2101367712020874,0.5190380811691284,0.5961042046546936,0.4767480194568634
-1.116478681564331,1.2661504745483398,0.1035061925649643,0.2218780815601349,0.7643255591392517,0.5633352994918823,0.2218780815601349,-4.169576644897461,-11.726517677307129,-4.988277912139893,5.537334442138672,1.1746851205825806,1.2580946683883667,1.230291485786438
-1.1116899251937866,1.2820872068405151,0.09476273506879807,0.0034560449421405792,0.9926451444625854,0.0034560449421405792,-0.12096156924962997,-5.4607110023498535,-3.642563581466675,-16.540164947509766,4.139158725738525,-0.03475402295589447,-0.07645881921052933,-0.3683924078941345
-1.1082719564437866,1.2922219038009644,0.1378561556339264,-0.1104879304766655,0.5886713862419128,0.7957981824874878,-0.0892394557595253,-3.8103132247924805,-4.30372953414917,-7.197564125061035,4.137695789337158,1.3527127504348755,1.4669229984283447,1.4798253774642944
-1.0202231407165527,1.1479096412658691,0.32038581371307373,-0.27534979581832886,0.7259485721588135,0.6207359433174133,-0.10894054919481277,-2.941467523574829,-4.419985771179199,-5.66072416305542,16.11809539794922,-1.440782070159912,-1.4278981685638428,-1.4732002019882202
-1.017223834991455,1.114565372467041,0.34478092193603516,-0.08520152419805527,0.4097628593444824,0.5599323511123657,0.7150600552558899,-3.458056688308716,-4.256927013397217,-4.755344867706299,16.11809539794922,-1.7132552862167358,-1.7132552862167358,-1.7198328971862793
-0.9730523824691772,1.184709906578064,0.37136006355285645,-0.199678435921669,0.7939780354499817,0.574199914932251,0.004669696558266878,-2.6785380840301514,-4.251744270324707,-4.796426773071289,2.215520143508911,-0.9462317228317261,-1.0150307416915894,-1.2422447204589844
-0.9729555249214172,1.1927070617675781,0.34710681438446045,0.22471705079078674,0.8091382384300232,0.46224546432495117,0.28482750058174133,-2.763153314590454,-4.359025955200195,-4.805966377258301,16.11809539794922,-1.5430076122283936,-1.5717482566833496,-1.6106489896774292
-1.0089342594146729,1.2002081871032715,0.31734874844551086,-0.05996761843562126,0.7847601175308228,0.5043714642524719,-0.35519692301750183,-2.6705000400543213,-4.794810771942139,-5.651723384857178,1.974507212638855,-1.3140126466751099,-1.3683819770812988,-1.456116795539856
-0.9958022832870483,1.1721240282058716,0.3738248646259308,-0.05875276401638985,0.9778706431388855,-0.1831703782081604,0.08225386589765549,-5.314544677734375,-3.580498695373535,-12.689536094665527,2.463853359222412,1.7446506023406982,1.021767497062683,0.18767155706882477
-1.0063318014144897,1.198572039604187,0.3604271709918976,0.7409518361091614,0.3430114686489105,0.2756139636039734,0.5073168873786926,-2.6660072803497314,-3.4193575382232666,-4.368929386138916,0.48315244913101196,-1.5909919738769531,-1.5701426267623901,-1.667619228363037
-1.0349363088607788,1.2592291831970215,0.2935832738876343,-0.40132129192352295,0.302451491355896,0.5708258152008057,0.6493244171142578,-3.338106632232666,-4.084741592407227,-4.393543720245361,0.7617682814598083,-0.7014656662940979,-0.15647469460964203,-1.4271774291992188
-0.9900712966918945,1.230515480041504,0.363958477973938,0.31352347135543823,0.796387255191803,0.44559770822525024,0.2625128924846649,-3.066875696182251,-4.298045635223389,-5.188600063323975,16.11809539794922,0.041808344423770905,-0.08694585412740707,-0.6168013215065002
-0.9209758639335632,1.282036542892456,0.37072649598121643,0.19676357507705688,0.8386833667755127,0.44651439785957336,0.24190743267536163,-2.4795799255371094,-4.13921594619751,-4.966129779815674,16.11809539794922,-1.5964124202728271,-1.6145333051681519,-1.5750150680541992
-0.8902223706245422,1.356609582901001,0.3887140452861786,0.3701135814189911,0.7414751648902893,0.5248174071311951,0.19441498816013336,-2.9606597423553467,-3.826176881790161,-4.3762030601501465,16.11809539794922,-1.5011228322982788,-1.4947879314422607,-1.5632178783416748
-1.1289985179901123,1.3776986598968506,0.12916943430900574,0.4173353612422943,0.4460467994213104,0.49954307079315186,0.6142720580101013,-2.9512617588043213,-3.7830519676208496,-5.142909526824951,0.3569517433643341,0.17835374176502228,0.35907453298568726,0.5567777752876282
-1.1337182521820068,1.4510160684585571,0.12390760332345963,0.2052890658378601,0.6993364691734314,0.6601045727729797,0.18178796768188477,-2.2937769889831543,-6.04757833480835,-6.115852355957031,1.54044508934021,-0.11816361546516418,-0.32668760418891907,-0.7020307779312134
-1.2007607221603394,1.438266634941101,0.21789981424808502,-0.0435461662709713,0.9486427307128906,0.11266706138849258,-0.2923814058303833,-13.759702682495117,-1.7030352354049683,-3.5845625400543213,-1.2005772590637207,-1.1051771640777588,-0.6603260040283203,-1.244193196296692
-0.797876238822937,1.4257513284683228,0.23538672924041748,0.5554432272911072,0.7629572749137878,0.3139248788356781,0.1040680930018425,-2.3183770179748535,-5.49275016784668,-6.04028844833374,0.596047580242157,-0.8376451730728149,-0.9278579354286194,-1.1359968185424805
-0.8857450485229492,1.4557325839996338,0.36129748821258545,0.3900698125362396,0.659618079662323,0.5998566150665283,0.23004692792892456,-2.5734665393829346,-4.468069076538086,-4.775055408477783,16.11809539794922,-1.0929001569747925,-1.1207033395767212,-1.2871164083480835
-0.8470374345779419,1.4674615859985352,0.3372020125389099,-0.032730091363191605,0.7144209146499634,0.6735766530036926,-0.18661725521087646,-2.7222862243652344,-3.007169723510742,-4.707176208496094,-0.8458755016326904,-1.6278696060180664,-1.6178241968154907,-1.7007262706756592
-0.6941181421279907,1.7110868692398071,0.06893017143011093,0.6260263323783875,0.20633113384246826,-0.7097175717353821,-0.2486352026462555,-1.9352104663848877,-2.799225091934204,-4.061312198638916,-0.42898866534233093,-0.8050896525382996,-0.41848787665367126,-1.1168864965438843
-0.9523356556892395,1.2621400356292725,0.39712628722190857,0.03718947991728783,0.8716285824775696,0.46627795696258545,0.14651094377040863,-2.6870365142822266,-4.5943803787231445,-6.832469940185547,16.11809539794922,1.7724539041519165,1.7724539041519165,0.7319515347480774
-0.93951815366745,1.3158013820648193,0.38748642802238464,0.4624077081680298,0.7738839983940125,0.3282974362373352,0.281963586807251,-2.7358920574188232,-4.414041996002197,-5.8616437911987305,16.11809539794922,-0.8447637557983398,-0.9149903655052185,-1.1810370683670044
-1.0053462982177734,1.3565726280212402,0.43775293231010437,-0.1569722443819046,0.6530627608299255,0.7399338483810425,-0.0369684211909771,-1.9355897903442383,-2.8697664737701416,-5.215775966644287,-1.9564210176467896,-0.7360701560974121,-0.8197721838951111,-0.9925350546836853
-1.0829575061798096,1.40639328956604,0.4605308473110199,-0.25505611300468445,0.7804281711578369,-0.5522759556770325,0.1444626748561859,-2.147610902786255,-5.085572719573975,-5.755335330963135,2.7725887298583984,0.3266875445842743,0.18767155706882477,-0.2293764054775238
-1.0929896831512451,1.4958555698394775,0.4406057894229889,-0.09841786324977875,0.6171430945396423,0.7576050162315369,-0.18836911022663116,-1.8306167125701904,-3.057811737060547,-5.1219892501831055,-0.9176999926567078,-0.8839959502220154,-0.995208740234375,-1.1174561977386475
-0.888668417930603,1.3640495538711548,0.4164510667324066,0.18444645404815674,0.8946200609207153,0.33814316987991333,0.22648102045059204,-3.366891860961914,-4.392726898193359,-5.509927272796631,1.3860299587249756,1.7724539041519165,1.3315645456314087,0.42180073261260986
-0.8023523092269897,1.5009970664978027,0.4252021312713623,0.11138717085123062,0.848889946937561,0.48867127299308777,0.16786661744117737,-1.7252683639526367,-4.2767744064331055,-4.742430686950684,16.11809539794922,-1.4298561811447144,-1.4603404998779297,-1.5009816884994507
-0.827587366104126,1.4837576150894165,0.4340018928050995,0.33853164315223694,0.7737769484519958,0.45375052094459534,0.28421124815940857,-2.080974817276001,-4.382664203643799,-5.567026615142822,16.11809539794922,-0.8758089542388916,-1.022091269493103,-1.2445168495178223
-0.7644662857055664,1.5802116394042969,0.4665948748588562,-0.026573512703180313,0.8616322875022888,0.5012494325637817,0.07505090534687042,-2.0650134086608887,-4.724431991577148,-6.200827121734619,0.9269262552261353,0.44502556324005127,0.03973665088415146,-0.3392438590526581
-0.7344435453414917,1.4984685182571411,0.2053782343864441,-0.46820634603500366,0.5200294852256775,0.19920052587985992,0.6860548853874207,-2.4492547512054443,-3.951066732406616,-4.8377556800842285,0.19276131689548492,-1.1996041536331177,-0.6870652437210083,-1.57310152053833
-0.5697682499885559,1.5634968280792236,0.1938164234161377,0.46394920349121094,0.8082461357116699,-0.11658571660518646,0.34336143732070923,-2.567716360092163,-3.8053252696990967,-4.49545955657959,0.9517362117767334,-1.1490201950073242,-0.737071692943573,-1.7083755731582642
-0.422110378742218,1.6040081977844238,0.15669557452201843,-0.3089704215526581,0.8499338626861572,0.28546929359436035,-0.3172649145126343,-6.7680864334106445,-4.9924750328063965,-3.6842799186706543,-0.4878840446472168,1.7724539041519165,1.7724539041519165,1.7724539041519165
-0.6920791268348694,1.491865873336792,0.24082207679748535,0.8852573037147522,0.4151555001735687,0.20462974905967712,0.04573899880051613,-3.0606935024261475,-4.145471096038818,-5.406439781188965,-1.2403122186660767,0.04737132042646408,-0.09249094128608704,-0.3455604016780853
-0.732162594795227,1.4178036451339722,0.30790266394615173,0.6510524153709412,0.3277500867843628,0.2810004949569702,0.6242991089820862,-3.9654064178466797,-4.515266418457031,-5.087079048156738,2.8696796894073486,-1.2894402742385864,-0.8178963661193848,-1.7724539041519165
-0.7320157289505005,1.4117257595062256,0.3093700110912323,-0.0355432853102684,0.8175886273384094,0.47236841917037964,-0.3273431956768036,-4.4185590744018555,-4.828115940093994,-5.572373390197754,16.11809539794922,0.0834185779094696,0.6544590592384338,-0.802584707736969
-0.7262288331985474,1.4356358051300049,0.30116525292396545,0.7071752548217773,0.37604475021362305,0.4626644551753998,0.38004612922668457,-4.13437032699585,-4.428043842315674,-6.678954124450684,16.11809539794922,0.6686547994613647,1.0663185119628906,0.4122542440891266
-0.5555814504623413,1.5377529859542847,0.215240478515625,0.4034474194049835,0.893444299697876,0.18438002467155457,0.07065027952194214,-3.1427626609802246,-3.762913703918457,-4.4073333740234375,0.36009863018989563,-1.6692200899124146,-1.6598351001739502,-1.6692200899124146
-0.6896328926086426,1.6440436840057373,0.26944392919540405,0.8734326958656311,-0.2522280514240265,-0.4164105951786041,0.009925585240125656,-2.337453842163086,-2.9947376251220703,-4.350710391998291,-1.0089768171310425,-1.2721675634384155,-0.7057309746742249,-1.7724539041519165
-0.679199755191803,1.5837432146072388,0.25388604402542114,-0.4566119313240051,0.4280005395412445,0.3822384476661682,0.6798638701438904,-2.0937142372131348,-2.6435906887054443,-6.442427635192871,-1.615034818649292,-1.71450674533844,-1.5737310647964478,-1.7724539041519165
-0.4307301342487335,1.5498234033584595,0.22882913053035736,0.02004506066441536,0.7989655137062073,-0.1527571827173233,0.5813067555427551,-3.4387454986572266,-10.578316688537598,-4.067808628082275,1.8055528402328491,-0.9939643740653992,-0.5908179879188538,-1.285897970199585
-0.4460541009902954,1.5498234033584595,0.23684397339820862,-0.026957150548696518,0.9894209504127502,-0.13616816699504852,-0.042163748294115067,-3.3900234699249268,-11.81961441040039,-4.067808628082275,0.3405072093009949,-1.4666187763214111,-1.7724539041519165,-1.7724539041519165
-0.43992775678634644,1.569550633430481,0.28595951199531555,-0.4435306191444397,0.5036207437515259,0.4331059157848358,0.6017192006111145,-2.380542039871216,-3.632181167602539,-5.334503173828125,0.6421302556991577,-0.9115167856216431,-0.6085283756256104,-1.2052513360977173
-0.4122573435306549,1.5916616916656494,0.2057727426290512,0.39481738209724426,0.23408564925193787,0.5967627167701721,0.658177375793457,-3.425391435623169,-4.28302526473999,-5.5282158851623535,16.11809539794922,0.2624604403972626,0.20108789205551147,-0.3945843577384949
-0.45143431425094604,1.6140693426132202,0.1839107871055603,0.7291349172592163,0.6068658232688904,-0.3128742277622223,0.046753302216529846,-2.51621675491333,-4.24589729309082,-4.545449256896973,16.11809539794922,-1.2161105871200562,-0.8723911046981812,-1.5812245607376099
-0.4137547016143799,1.615936040878296,0.22893697023391724,0.7024390697479248,0.11743661761283875,-0.6348022222518921,0.2996900677680969,-3.3406221866607666,-4.08145809173584,-5.275933265686035,0.246628537774086,1.0988967418670654,1.697172999382019,-0.08569549024105072
-0.5349552035331726,1.571811556816101,0.42098304629325867,0.6399335861206055,-0.3964184820652008,-0.5232208371162415,-0.3994712829589844,-2.334218978881836,-3.521970510482788,-4.149417400360107,0.40788206458091736,-1.210098385810852,-0.7186012268066406,-1.6441776752471924
-0.38858914375305176,1.6040081977844238,0.2849330008029938,-0.15966928005218506,0.8368890881538391,0.1914648860692978,-0.48730233311653137,-4.218298435211182,-16.53654670715332,-2.9479048252105713,5.537334442138672,-1.1746851205825806,-0.5213099718093872,-1.5500283241271973
-0.38321927189826965,1.5800493955612183,0.3768184781074524,0.5176482796669006,-0.7230907678604126,-0.0471079982817173,-0.4549294114112854,-3.1603667736053467,-4.07499361038208,-4.581717014312744,16.11809539794922,-1.549090027809143,-0.996932327747345,-1.6309901475906372
-0.3344612419605255,1.5672919750213623,0.36314138770103455,-0.2873372435569763,0.4557594954967499,0.2797679901123047,0.7946385741233826,-2.926384449005127,-3.55324387550354,-5.572994709014893,0.10549818724393845,-0.6012025475502014,-0.21832239627838135,-0.8622066378593445
-0.42231467366218567,1.4649436473846436,0.5522992014884949,0.5850188136100769,-0.5026455521583557,-0.045066963881254196,-0.6348774433135986,-3.7763161659240723,-4.360665798187256,-5.631138801574707,16.11809539794922,-1.4190500974655151,-0.9741989374160767,-1.6670382022857666
-0.4546738564968109,1.5705411434173584,0.43065735697746277,0.6803402900695801,0.6725463271141052,0.01175055280327797,-0.2909989655017853,-2.94340443611145,-3.7356607913970947,-11.33951473236084,2.463853359222412,-1.5500283241271973,-1.1746851205825806,-1.7724539041519165
-0.422110378742218,1.52910578250885,0.47073155641555786,0.5467463135719299,0.6550936698913574,0.3532077968120575,-0.3836209774017334,-3.235736846923828,-4.014953136444092,-11.155421257019043,5.537334442138672,-0.9244563579559326,-0.5213099718093872,-1.285897970199585
-0.42798009514808655,1.4376859664916992,0.5653670430183411,0.6227132081985474,0.27537956833839417,0.5527080297470093,0.4805290997028351,-3.434134006500244,-4.117374420166016,-4.771925926208496,16.11809539794922,-1.0302178859710693,-0.659530758857727,-1.4531688690185547
-0.3752945065498352,1.5279121398925781,0.559615969657898,0.03525165840983391,0.9918285012245178,0.02004506066441536,-0.12096156924962997,-12.78713321685791,-4.509650707244873,-3.395047426223755,0.9718605875968933,0.36839234828948975,0.5491131544113159,0.07645876705646515
-0.439247727394104,1.4054094552993774,0.5845051407814026,0.6117151975631714,0.3096012473106384,0.3501545488834381,0.638234555721283,-3.795140027999878,-5.1066389083862305,-6.083191394805908,16.11809539794922,0.33844342827796936,0.014749529771506786,-0.3657907545566559
-0.37644436955451965,1.503649353981018,0.5725421905517578,0.6202258467674255,0.15582270920276642,-0.7338650226593018,0.22908803820610046,-3.2574713230133057,-3.980374574661255,-4.1084089279174805,1.2616952657699585,-1.1671932935714722,-0.813243567943573,-1.6099634170532227
-0.3357697129249573,1.3923211097717285,0.4622850716114044,0.5743627548217773,0.30758291482925415,0.6624740958213806,0.3696325719356537,-3.908318281173706,-4.135984897613525,-6.120635509490967,-0.34745246171951294,0.9769871234893799,0.85310298204422,0.6418110132217407
-0.3378547728061676,1.4108703136444092,0.4654419422149658,0.33029860258102417,0.6504986882209778,0.41530171036720276,0.5433955788612366,-3.4188735485076904,-4.22812557220459,-5.774548530578613,16.11809539794922,-0.7009591460227966,-0.27724891901016235,-0.8818448185920715
-0.3351605236530304,1.494299292564392,0.47119516134262085,0.7624253630638123,0.604709804058075,-0.08561057597398758,-0.21378593146800995,-3.169046640396118,-3.4757468700408936,-4.777103900909424,16.11809539794922,-1.2973910570144653,-1.0307704210281372,-1.5949560403823853
-0.37230902910232544,1.4684698581695557,0.4761607050895691,-0.11367112398147583,0.5499398112297058,0.5241106748580933,0.640275776386261,-3.2911179065704346,-3.9421045780181885,-5.303000450134277,16.11809539794922,-1.3383795022964478,-1.1189881563186646,-1.5051079988479614
-0.29242998361587524,1.4769930839538574,0.4787982106208801,0.6455540657043457,0.010150037705898285,-0.6859897375106812,0.33552199602127075,-3.00435733795166,-4.1986403465271,-5.580064296722412,16.11809539794922,0.000505771313328296,0.23392629623413086,-0.16542845964431763
-0.25272485613822937,1.4210331439971924,0.4247887432575226,0.0435461662709713,0.9551955461502075,-0.24537917971611023,-0.15966928005218506,-16.92683219909668,-5.392897605895996,-4.4547438621521,-1.9061697721481323,1.230291485786438,0.3266875445842743,0.47960513830184937
-0.3344379663467407,1.4045584201812744,0.559459924697876,0.4509134888648987,0.5413112044334412,0.5519356727600098,0.44612354040145874,-4.096325874328613,-5.360079288482666,-7.019842624664307,-0.6358873248100281,0.7625656723976135,0.9053033590316772,1.0281745195388794
-0.34074097871780396,1.4108597040176392,0.5462397933006287,0.6869670152664185,0.2247132658958435,0.4699898660182953,0.506645679473877,-3.642906665802002,-5.402609825134277,-5.887494087219238,3.8601222038269043,-1.2597005367279053,-0.9761475324630737,-1.5648319721221924
-0.3544466495513916,1.4167602062225342,0.5622778534889221,0.6061789989471436,0.218111053109169,0.5242424607276917,0.5569061040878296,-3.8623037338256836,-4.1507039070129395,-4.775135040283203,16.11809539794922,-0.7109124660491943,-0.18275697529315948,-0.8655146956443787
-0.3309544324874878,1.431659460067749,0.5447635650634766,0.6209075450897217,0.3142850995063782,0.6489039063453674,0.307607501745224,-3.986426591873169,-5.138857364654541,-6.50909948348999,-0.5143657922744751,1.7724539041519165,1.7724539041519165,1.7724539041519165
-0.36501777172088623,1.4598866701126099,0.563852846622467,0.6246772408485413,0.49004554748535156,-0.6076318025588989,-0.02042778953909874,-3.3732898235321045,-3.878673791885376,-5.052846431732178,16.11809539794922,-1.4849345684051514,-1.0801700353622437,-1.7075790166854858
-0.35178327560424805,1.4637503623962402,0.5480024814605713,0.4836657643318176,0.19861868023872375,0.6287277340888977,0.5756036043167114,-3.7982890605926514,-4.07820987701416,-5.858523368835449,1.756516456604004,-0.5008566975593567,0.04059288650751114,-0.8125479221343994
-0.36848509311676025,1.540610671043396,0.42406773567199707,-0.24537917971611023,0.9552295207977295,-0.11266706138849258,0.12096156924962997,-11.234745979309082,-4.404858589172363,-3.013861656188965,-0.9135472178459167,1.7724539041519165,1.7724539041519165,1.7724539041519165
-0.35480135679244995,1.4017982482910156,0.5990502834320068,0.3149356245994568,0.48983943462371826,0.27183154225349426,0.7661465406417847,-3.584219455718994,-4.622986793518066,-6.0098652839660645,-0.5996336936950684,0.9096093773841858,0.4645686745643616,0.12090598046779633
-0.34861794114112854,1.4118908643722534,0.5873867273330688,0.048023711889982224,0.7935947179794312,0.5628947615623474,-0.2259439080953598,-4.106773376464844,-4.672508716583252,-5.664237976074219,16.11809539794922,-1.1526479721069336,-0.9811268448829651,-1.6060113906860352
-0.36848509311676025,1.394577980041504,0.5891770124435425,0.5868363976478577,0.6413760185241699,-0.29929348826408386,-0.3932979106903076,-17.023855209350586,-4.943789005279541,-3.829599142074585,-1.8718022108078003,1.7724539041519165,1.7724539041519165,1.7724539041519165
-0.35352298617362976,1.4360626935958862,0.5894533395767212,0.6171504855155945,0.2995067536830902,0.4622938930988312,0.5618765950202942,-3.7310190200805664,-4.142720699310303,-4.929310321807861,16.11809539794922,1.251732587814331,1.3905757665634155,1.1178951263427734
-0.36219337582588196,1.4608428478240967,0.5816466808319092,0.5489392280578613,0.196551114320755,0.4868507981300354,0.6503919363021851,-3.3638787269592285,-4.056356430053711,-8.233962059020996,16.11809539794922,-0.6674782037734985,-0.18047671020030975,-0.9292529821395874
-0.16545917093753815,2.0797760486602783,0.8106146454811096,0.3557797074317932,0.7171728014945984,0.42730912566185,0.4201081395149231,-1.4928019046783447,-3.415738105773926,-4.066439151763916,-2.020876407623291,-1.0002660751342773,-0.302063524723053,-1.038415551185608
-1.0706698894500732,1.775774598121643,0.3321879804134369,0.9119136333465576,-0.0935702919960022,-0.3879435062408447,0.09569743275642395,-2.044210910797119,-3.3411834239959717,-3.8736958503723145,0.5412362217903137,-0.7432952523231506,-0.5649275779724121,-1.2696218490600586
-0.8489509224891663,1.6629914045333862,0.3246435821056366,0.16085456311702728,0.7418051362037659,0.6459967494010925,0.08086506277322769,-2.097964286804199,-4.43725061416626,-4.779207706451416,16.11809539794922,-1.419666051864624,-1.4186993837356567,-1.4604041576385498
-0.8221597671508789,1.8368706703186035,0.3340221643447876,0.22624453902244568,0.7390741109848022,0.6158057451248169,0.15285979211330414,-2.0502963066101074,-4.7128987312316895,-6.391007900238037,0.48033052682876587,0.7136273384094238,0.21027064323425293,-0.2790147066116333
-0.8036205172538757,1.9170658588409424,0.29322054982185364,0.5684094429016113,0.5216137766838074,0.5296165347099304,0.3526132106781006,-1.832696557044983,-2.598557949066162,-4.393851280212402,-0.33865654468536377,-1.1091243028640747,-1.165168285369873,-1.4800617694854736
-0.8681487441062927,2.1385676860809326,0.35703539848327637,-0.4344923198223114,0.6662304997444153,0.12699054181575775,0.5926438570022583,-1.9694164991378784,-1.9903911352157593,-2.5195088386535645,-0.6100246906280518,0.09098298847675323,0.4771583378314972,-0.32248398661613464
-1.195149302482605,1.8041044473648071,0.402437686920166,-0.08916595578193665,0.9546992182731628,0.11266706138849258,0.2605857849121094,-2.074047088623047,-1.9347608089447021,-8.449570655822754,0.1650797575712204,-0.6603260040283203,-0.41009721159935,-1.0634723901748657
-1.2604079246520996,1.8680306673049927,0.6905378103256226,0.5235711336135864,-0.5856119990348816,-0.39336416125297546,-0.4776991307735443,-1.5069854259490967,-2.268233299255371,-3.986304998397827,-1.2408283948898315,-0.627967894077301,-0.38935619592666626,-0.9693509936332703
-0.7685390710830688,1.7767038345336914,0.4890631437301636,-0.24544934928417206,0.6246346235275269,0.7022364735603333,-0.23759223520755768,-2.193833589553833,-5.235543727874756,-5.275206565856934,0.7092103362083435,0.5745977759361267,0.15465405583381653,-0.2568909823894501
-0.7772431373596191,1.8682891130447388,0.4840637147426605,0.32837918400764465,0.588936448097229,0.6216340661048889,0.39861270785331726,-1.9918794631958008,-4.725586891174316,-5.343493938446045,2.8397083282470703,-1.279953956604004,-1.3157148361206055,-1.4949132204055786
-1.0507895946502686,1.807279109954834,0.482468843460083,-0.4015924036502838,0.9094710350036621,0.02004506066441536,0.10575497150421143,-3.8285677433013916,-15.887070655822754,-2.869011163711548,1.5676685571670532,-1.7724539041519165,-0.813243567943573,-1.7724539041519165
-0.9878728985786438,1.9574573040008545,0.6731273531913757,0.4508571922779083,0.7535560727119446,0.45677539706230164,0.14225783944129944,-1.4918044805526733,-2.180248975753784,-3.512214183807373,-2.1720683574676514,-1.244193196296692,-0.7805471420288086,-1.709014892578125
-0.6127166748046875,1.6932955980300903,0.07148511707782745,0.8056638836860657,0.5198385119438171,-0.2441859096288681,0.14507539570331573,-2.649854898452759,-2.832845449447632,-3.717998504638672,2.407637119293213,-1.2351806163787842,-0.8288443088531494,-1.7724539041519165
-0.48418930172920227,1.9116504192352295,0.4991457164287567,0.926173210144043,0.09285373985767365,-0.011432798579335213,0.3653089702129364,-1.652672290802002,-3.852126359939575,-4.567672252655029,16.11809539794922,-1.7047550678253174,-1.7047550678253174,-1.7724539041519165
-0.39662009477615356,2.0795466899871826,0.6085119247436523,-0.395905077457428,0.7637882232666016,0.5097234845161438,-0.008290009573101997,-1.731285810470581,-4.030444622039795,-5.202722072601318,-0.8560072183609009,-0.015414132736623287,-0.27833789587020874,-0.7153375148773193
-0.42990219593048096,2.022425889968872,0.5113446116447449,0.769332230091095,0.3245556652545929,0.3243641257286072,0.44449907541275024,-1.7843620777130127,-2.995131731033325,-3.7403266429901123,-1.3763502836227417,-1.7724539041519165,-1.7724539041519165,-1.703449010848999
-0.3725707530975342,2.1078102588653564,0.5877349972724915,-0.0739593580365181,0.7852423191070557,-0.31588250398635864,0.5273924469947815,-4.2166643142700195,-1.9946420192718506,-17.216842651367188,4.139158725738525,-1.5500283241271973,-1.7724539041519165,-1.7724539041519165
-1.4642382860183716,1.2317135334014893,1.4853274822235107,0.8446189165115356,0.5258769392967224,0.0657016932964325,0.07586589455604553,-3.442567825317383,-3.7993862628936768,-4.5875115394592285,-0.011620830744504929,-1.1768008470535278,-0.4762102961540222,-1.2444720268249512
1.1901764869689941,1.091167688369751,0.1347242295742035,0.32768556475639343,0.3905082941055298,0.6683636903762817,0.5416783094406128,-3.450068712234497,-4.013031959533691,-5.179846286773682,-0.6404451727867126,-1.1927099227905273,-0.8307018876075745,-1.7724539041519165
1.205655574798584,1.135471224784851,0.1179722398519516,0.29821667075157166,0.5654693245887756,0.4639182686805725,0.6132626533508301,-4.100620746612549,-4.50039529800415,-5.796949863433838,16.11809539794922,-1.0499963760375977,-0.736055314540863,-1.0499963760375977
1.1849842071533203,1.1092193126678467,0.1908915936946869,-0.4488939642906189,0.5633192658424377,0.44094517827033997,0.5354745388031006,-3.891972303390503,-4.875913619995117,-5.56804895401001,16.11809539794922,-1.0553101301193237,-0.39263567328453064,-1.3372811079025269
1.1565500497817993,1.1475679874420166,0.16967220604419708,0.796946108341217,0.49875056743621826,0.25322243571281433,-0.22804193198680878,-4.334921836853027,-4.681514739990234,-5.20644998550415,16.11809539794922,-1.408387303352356,-0.9616991877555847,-1.581189751625061
1.1975048780441284,1.2209157943725586,0.14943204820156097,0.6405174136161804,0.33645862340927124,0.40232527256011963,0.5609522461891174,-2.498377561569214,-5.21426248550415,-5.795654773712158,2.492629289627075,-0.8423150181770325,-0.4428025782108307,-0.8060610890388489
1.2317299842834473,1.096163272857666,0.1479242742061615,-0.08916595578193665,0.924896240234375,-0.3006758987903595,0.21496598422527313,-4.2166643142700195,-12.593606948852539,-4.553852081298828,4.139158725738525,-1.3554059267044067,-0.8410467505455017,-1.5083235502243042
1.152082920074463,1.1707179546356201,0.1662517637014389,0.8267387747764587,0.38273105025291443,0.3023674190044403,0.2803461253643036,-3.984773635864258,-4.748551368713379,-5.0086798667907715,1.065412163734436,-0.7096595764160156,-0.1553926169872284,-0.7374294996261597
1.1661717891693115,1.191084623336792,0.156353160738945,0.12187612801790237,0.8548836708068848,0.4854937195777893,-0.1364401876926422,-3.0118656158447266,-5.028000831604004,-5.761538982391357,-1.8712879419326782,0.7625028491020203,1.2352699041366577,0.8737156987190247
1.152207612991333,1.1508910655975342,0.1822502464056015,0.5708276629447937,0.7570337653160095,0.2823149263858795,-0.1461300253868103,-3.6281399726867676,-4.898283958435059,-6.936930179595947,-2.3253660202026367,1.7724539041519165,1.7724539041519165,0.8422519564628601
1.1822023391723633,1.2217018604278564,0.10696445405483246,0.6046351194381714,-0.44203856587409973,-0.5736774802207947,-0.3315303325653076,-3.558534622192383,-4.763172626495361,-5.680065155029297,1.7948254346847534,-0.9554013609886169,-0.4651440382003784,-1.2286128997802734
1.1873202323913574,1.3529890775680542,0.12908117473125458,0.5671525597572327,-0.694050133228302,-0.30763545632362366,-0.3193630576133728,-3.1375086307525635,-3.5135207176208496,-5.12315034866333,0.10822577029466629,-1.3906500339508057,-0.8054907321929932,-1.4876493215560913
1.1918697357177734,1.3117039203643799,0.11292747408151627,0.441267192363739,0.8397153615951538,0.31060194969177246,0.06072727590799332,-2.8617937564849854,-4.5285420417785645,-4.890444755554199,-0.1360737830400467,-1.00875723361969,-0.4515608549118042,-1.1073715686798096
1.2305989265441895,1.2985574007034302,0.14303739368915558,0.25955837965011597,0.40202537178993225,0.5007513165473938,0.7212857604026794,-2.8937294483184814,-3.860205888748169,-4.68598747253418,-0.7187683582305908,-0.6318526864051819,-0.017130272462964058,-0.8443363308906555
1.247021198272705,1.316298246383667,0.09796854108572006,0.45416364073753357,0.4220578968524933,0.3254322409629822,0.7139301896095276,-3.9138565063476562,-4.480288028717041,-4.682852745056152,3.621690511703491,-1.2366750240325928,-0.6655313968658447,-1.2604938745498657
1.1704450845718384,1.0993379354476929,0.22002439200878143,0.08225386589765549,0.7311014533042908,-0.5204803347587585,0.43338802456855774,-5.089881896972656,-5.827035903930664,-10.683319091796875,0.1650797575712204,0.590817928314209,1.0634722709655762,0.8410466909408569
1.2047905921936035,1.4843199253082275,0.0890747681260109,0.13547952473163605,0.4020427167415619,0.8882409930229187,0.1761673241853714,-4.2813005447387695,-4.684869766235352,-5.534580707550049,3.852858304977417,-0.25599974393844604,0.07763863354921341,-0.41009721159935
1.2153873443603516,1.3712973594665527,0.12485222518444061,0.0739593580365181,0.9954597353935242,-0.05875276401638985,0.01175055280327797,-7.28101110458374,-2.1443448066711426,-5.461074352264404,0.8379781246185303,-0.6325227618217468,-0.5908179879188538,-0.47960519790649414
1.2123315334320068,1.435353398323059,0.13175100088119507,0.91330885887146,0.28232043981552124,0.12099043279886246,0.2674385607242584,-3.573288917541504,-4.007032871246338,-5.448760509490967,-1.9551684856414795,1.7724539041519165,1.7724539041519165,1.7724539041519165
1.213426947593689,1.421852469444275,0.11947321891784668,0.3672626316547394,0.8974085450172424,0.18758068978786469,0.15681061148643494,-3.5244061946868896,-4.297679901123047,-5.3310956954956055,0.7349678874015808,-0.3849749267101288,0.016499627381563187,-0.23700696229934692
1.2326709032058716,1.4534105062484741,0.129734069108963,0.2818903625011444,0.6871645450592041,0.6319408416748047,0.2213447093963623,-3.303210496902466,-4.767308712005615,-5.746693134307861,-0.6637455821037292,0.28397154808044434,0.5727202892303467,0.3695547580718994
1.205482006072998,1.432239055633545,0.1333281397819519,-0.46470585465431213,0.7889416217803955,0.11758169531822205,0.38443997502326965,-3.678642988204956,-4.235098838806152,-4.62608003616333,16.11809539794922,-1.6413331031799316,-1.0695844888687134,-1.740578532218933
1.2400386333465576,1.5263617038726807,0.09987980872392654,0.06321772187948227,0.7505226135253906,0.6437759399414062,-0.13517329096794128,-2.806152582168579,-4.320794105529785,-4.816992282867432,0.3572910726070404,-1.567807674407959,-1.1646612882614136,-1.4043296575546265
1.2736002206802368,1.628517746925354,0.09537197649478912,0.3091423809528351,0.7137042284011841,0.5688253045082092,0.26738548278808594,-3.0346240997314453,-4.073239803314209,-4.197473526000977,0.9240573644638062,-1.0670884847640991,-0.455480694770813,-1.4475430250167847
1.2824573516845703,1.5628412961959839,0.07125592231750488,0.7400877475738525,0.36169707775115967,0.37215474247932434,0.42772209644317627,-3.3611056804656982,-4.3319902420043945,-5.403181076049805,0.04770981892943382,-0.7367277145385742,-0.1935649961233139,-0.8289230465888977
1.2063477039337158,1.5656100511550903,0.09260556101799011,0.2205224186182022,0.6377725005149841,0.7164413332939148,0.17699699103832245,-4.467172145843506,-4.641611576080322,-6.369077682495117,16.11809539794922,-0.4907093644142151,-0.05126751586794853,-0.5007858872413635
1.2196940183639526,1.7470852136611938,0.04307275265455246,0.2430879920721054,0.729251503944397,0.6324770450592041,0.09525371342897415,-2.703552722930908,-3.67925763130188,-4.853908538818359,-2.698774814605713,1.4114432334899902,1.6210622787475586,1.7491627931594849
1.2049390077590942,1.5048636198043823,0.11194967478513718,0.6610231399536133,0.6728736162185669,-0.07503949850797653,0.3235098421573639,-3.8654046058654785,-4.523320198059082,-5.392821311950684,-1.4068284034729004,0.7035413980484009,1.2070202827453613,0.7297782897949219
1.2056496143341064,1.5059164762496948,0.12235932052135468,0.5942334532737732,-0.6929408311843872,-0.3162735104560852,-0.2582453489303589,-3.7599329948425293,-4.533533573150635,-4.891373157501221,0.618390679359436,-1.3328619003295898,-0.8426323533058167,-1.5266914367675781
1.2317723035812378,1.526071548461914,0.11147116124629974,0.19033145904541016,0.48668888211250305,0.8478687405586243,-0.08959073573350906,-4.123403072357178,-4.64045524597168,-4.773480415344238,-1.2402615547180176,1.7724539041519165,1.7724539041519165,1.6714284420013428
1.2555063962936401,1.5607091188430786,0.11775696277618408,0.17966903746128082,0.7132257223129272,0.6613290905952454,0.14721395075321198,-3.3889198303222656,-4.5801005363464355,-5.3009748458862305,1.4714387655258179,-0.15765595436096191,0.32748034596443176,-0.21768726408481598
0.9140675663948059,1.1915653944015503,0.43435928225517273,0.6356197595596313,0.012052912265062332,-0.7708669304847717,-0.04007982090115547,-3.3729209899902344,-3.716649055480957,-4.015985488891602,1.587039828300476,-1.0129889249801636,-0.16661140322685242,-1.6003589630126953
0.9577685594558716,1.1821361780166626,0.42994046211242676,0.5612649917602539,-0.624340832233429,-0.5147421956062317,-0.17384088039398193,-3.291853666305542,-3.6049203872680664,-3.9885380268096924,16.11809539794922,-1.4939625263214111,-1.0150896310806274,-1.5237079858779907
1.0040415525436401,1.2795867919921875,0.4428997337818146,-0.3331848084926605,0.7408720254898071,0.44871824979782104,0.3724895715713501,-3.338306188583374,-3.9531922340393066,-4.6061930656433105,0.9596703052520752,-1.0608843564987183,-0.4238658547401428,-1.381981611251831
1.0095181465148926,1.3191834688186646,0.4465460479259491,0.028064988553524017,0.816112220287323,0.5763950347900391,-0.030691545456647873,-2.812103033065796,-4.99160099029541,-5.233193874359131,0.9640332460403442,-0.27010029554367065,0.1654277741909027,-0.5072454214096069
1.0167633295059204,1.348108172416687,0.45058339834213257,-0.2718622386455536,0.48119816184043884,0.6941733956336975,0.46115347743034363,-3.4362540245056152,-4.624366283416748,-5.472810745239258,-0.04264776408672333,-1.7724539041519165,-0.6936408877372742,-1.7724539041519165
1.0004569292068481,1.4214318990707397,0.4166097044944763,0.8805097937583923,-0.31455135345458984,-0.23147450387477875,0.26866239309310913,-3.46437931060791,-4.2175374031066895,-5.181105136871338,0.18267427384853363,-0.48460328578948975,0.22984641790390015,-0.7502898573875427
1.0228397846221924,1.353929042816162,0.44813698530197144,0.022165238857269287,0.7392321825027466,0.632575511932373,-0.22998401522636414,-4.437546253204346,-4.872843265533447,-5.862883567810059,16.11809539794922,-1.5655213594436646,-1.2331275939941406,-1.518491268157959
1.017366647720337,1.3680293560028076,0.45109823346138,-0.4004735052585602,0.29866835474967957,0.5922743678092957,0.6321623921394348,-3.84222149848938,-4.455379486083984,-4.960623741149902,6.448411464691162,-0.5106794238090515,0.21070438623428345,-1.0768290758132935
1.0351698398590088,1.4433177709579468,0.45351850986480713,-0.2639084756374359,0.6645146608352661,0.4637294113636017,0.5231898427009583,-4.027742862701416,-4.706225395202637,-5.12572717666626,16.11809539794922,-1.2422313690185547,-0.4872925579547882,-1.7018016576766968
1.0587602853775024,1.5010980367660522,0.4060499370098114,0.4581889808177948,0.8523133397102356,0.21348708868026733,-0.13434331119060516,-3.7073724269866943,-4.613127708435059,-5.691455841064453,1.5549085140228271,-0.4887915253639221,0.10897721350193024,-0.47186270356178284
1.0351331233978271,1.455649971961975,0.4551047682762146,0.8074994087219238,0.20566771924495697,-0.5522669553756714,-0.025429967790842056,-3.3380513191223145,-4.333785057067871,-5.252792835235596,-1.5221569538116455,0.6846809983253479,1.3725372552871704,0.4125854969024658
1.0206377506256104,1.3808212280273438,0.47525882720947266,-0.30205830931663513,0.8043246269226074,-0.33385393023490906,-0.3877682387828827,-16.92683219909668,-5.3180460929870605,-3.684748649597168,-1.8718022108078003,1.7724539041519165,1.7724539041519165,1.7724539041519165
1.014837384223938,1.5257879495620728,0.41495251655578613,-0.1245725080370903,0.6927777528762817,0.6724029779434204,-0.22894294559955597,-2.4107041358947754,-4.573096752166748,-5.595614910125732,-0.7398882508277893,0.16882553696632385,0.37003040313720703,0.09749643504619598
0.9965593814849854,1.5650118589401245,0.39856985211372375,0.26280394196510315,0.7767976522445679,0.5355561375617981,-0.20174027979373932,-3.3558595180511475,-3.6665492057800293,-4.965940475463867,0.10116317123174667,-0.9523946642875671,-0.33196353912353516,-1.0353676080703735
1.0362648963928223,1.5692050457000732,0.3969443440437317,0.904396116733551,0.13757383823394775,-0.3718034327030182,0.1578078269958496,-4.102229595184326,-4.665911674499512,-6.3293561935424805,-1.0194296836853027,0.8957563638687134,1.2602940797805786,1.0719711780548096
1.062228798866272,1.630165696144104,0.38845524191856384,0.5081868171691895,-0.316328227519989,-0.22833171486854553,-0.7678198218345642,-3.8571388721466064,-4.549365520477295,-4.877852439880371,16.11809539794922,-0.7707527279853821,-0.21140988171100616,-0.72576904296875
1.044022798538208,1.741899013519287,0.3613327741622925,0.09354235976934433,0.6929106116294861,0.7023993730545044,-0.13326621055603027,-2.9223172664642334,-4.052674293518066,-4.370049953460693,16.11809539794922,-1.2497167587280273,-0.6573109030723572,-1.3808335065841675
1.0385081768035889,1.8893834352493286,0.32880502939224243,0.12003764510154724,0.7211036682128906,0.6396984457969666,-0.23745809495449066,-2.415950059890747,-4.254782676696777,-4.386552810668945,3.446768045425415,-1.3772838115692139,-0.9681182503700256,-1.4857301712036133
1.021169662475586,1.8621829748153687,0.35590407252311707,0.7374589443206787,-0.014887925237417221,-0.5337606072425842,-0.4135604202747345,-2.909485101699829,-3.847522258758545,-4.786981105804443,1.3154634237289429,-0.3747463822364807,0.2532128691673279,-0.4690152406692505
1.0576220750808716,1.9292432069778442,0.3681010901927948,-0.36670172214508057,0.799963116645813,0.4732930064201355,0.039782170206308365,-3.26874041557312,-4.1985273361206055,-4.784760475158691,0.3264356255531311,-1.7724539041519165,-1.0184653997421265,-1.7724539041519165
1.2480725049972534,1.6379657983779907,0.03112206980586052,-0.042163748294115067,0.9738030433654785,0.2135835736989975,-0.0656648501753807,-3.238337278366089,-15.018794059753418,-4.0201921463012695,2.0149030685424805,-1.244193196296692,-0.7298339605331421,-1.5083235502243042
1.0976637601852417,2.0638387203216553,0.18410365283489227,0.46515724062919617,0.5675942301750183,0.6771648526191711,0.05397478863596916,-2.9261012077331543,-3.0669002532958984,-4.466886043548584,-0.17648881673812866,-1.4495630264282227,-0.9856963753700256,-1.7611092329025269
1.0706528425216675,2.102297306060791,0.15161864459514618,0.5518814921379089,-0.10683711618185043,-0.5119497776031494,-0.6495537161827087,-2.5576086044311523,-2.695904016494751,-4.811956405639648,2.0202863216400146,-1.1898407936096191,-0.5027537941932678,-1.4411823749542236
1.037191390991211,1.9834660291671753,0.2799651622772217,0.30609381198883057,0.6761809587478638,0.6599297523498535,-0.11652731150388718,-2.76349139213562,-4.401221752166748,-5.528191089630127,-0.6752201318740845,1.0064566135406494,1.3254492282867432,1.4269882440567017
1.0518089532852173,1.9459960460662842,0.31152912974357605,0.9916608929634094,0.010297403670847416,-0.04332037642598152,-0.12093779444694519,-3.8345727920532227,-5.051947116851807,-5.998918533325195,1.5256774425506592,1.7724539041519165,1.7724539041519165,1.7724539041519165
1.0239760875701904,1.796828031539917,0.3813609778881073,0.4619353413581848,0.5458288788795471,0.6241036653518677,0.31493043899536133,-2.294142961502075,-4.021374225616455,-5.138259410858154,0.05695481225848198,0.34109875559806824,0.6340515613555908,0.4884273409843445
1.0622804164886475,1.9940054416656494,0.3043288290500641,0.910937488079071,-0.2904313802719116,-0.1465928703546524,-0.25367894768714905,-3.406721830368042,-3.872084856033325,-4.773220062255859,1.0696890354156494,-0.5239096283912659,0.09567257761955261,-0.7372941374778748
1.0944844484329224,2.1180500984191895,0.2034987211227417,0.9397663474082947,-0.1175568699836731,-0.11601821333169937,-0.2992646396160126,-3.9015979766845703,-4.303360462188721,-5.521907806396484,0.5206124186515808,0.9275684356689453,1.315430760383606,0.6128793358802795
