x,y,z,rot_0,rot_1,rot_2,rot_3,scale_0,scale_1,scale_2,opacity,f_dc_0,f_dc_1,f_dc_2
-4.6843743324279785,0.5283148288726807,-2.3111379146575928,0.41136106848716736,0.5656333565711975,0.7145344018936157,0.016779102385044098,-1.2167454957962036,-1.4571300745010376,-3.309767961502075,16.11809539794922,-1.4752373695373535,-1.4495741128921509,-1.3365778923034668
-4.706958770751953,0.6833247542381287,-2.1661956310272217,-0.42223426699638367,0.6137851476669312,0.24730370938777924,0.6195376515388489,-1.340958595275879,-1.9367542266845703,-3.5803844928741455,0.33460429310798645,-1.5891525745391846,-1.6218279600143433,-1.525233268737793
-4.688587188720703,0.5507405996322632,-2.006810426712036,0.5718531012535095,-0.6768413782119751,-0.22347106039524078,-0.4061163663864136,-1.8378007411956787,-1.9907586574554443,-2.6546337604522705,1.1538031101226807,-1.7724539041519165,-1.7724539041519165,-1.765602946281433
-4.362353801727295,0.7583468556404114,-2.105267286300659,0.7868708372116089,-0.3982853889465332,-0.39762502908706665,-0.2531745433807373,-1.2631983757019043,-1.6669743061065674,-2.1623330116271973,16.11809539794922,-1.472314715385437,-1.3378266096115112,-1.2649236917495728
-4.495388507843018,0.9996735453605652,-2.1844613552093506,0.6981905102729797,-0.5743946433067322,0.42509353160858154,-0.0435461662709713,-5.626548767089844,-1.6731922626495361,-2.224106788635254,5.537334442138672,-0.8091548681259155,-0.9275637865066528,-0.9141528010368347
-4.594959259033203,0.8805056810379028,-2.0065362453460693,0.708823561668396,0.4919143617153168,0.4760884642601013,0.17008571326732635,-1.7380681037902832,-2.4797451496124268,-3.3564367294311523,1.8426556587219238,-0.9232607483863831,-0.9428147673606873,-0.9481515884399414
-4.4182281494140625,0.9989196062088013,-2.0376245975494385,0.5114418864250183,0.8531076312065125,-0.10312008857727051,-0.000877865357324481,-1.973268985748291,-2.1236374378204346,-2.7893996238708496,16.11809539794922,-0.836885929107666,-0.8422285318374634,-0.7031567692756653
-4.800914287567139,0.1746002733707428,-1.6853352785110474,0.45535919070243835,0.6801874041557312,0.5120071172714233,0.2604646682739258,-1.1375333070755005,-1.4628031253814697,-2.739910125732422,1.8692513704299927,-1.5616707801818848,-1.4942584037780762,-1.3699158430099487
-4.736315727233887,0.2986171543598175,-1.7543015480041504,0.7499163150787354,0.119219571352005,-0.6396788954734802,0.1192607656121254,-1.71377432346344,-1.810260534286499,-3.3240160942077637,1.3296371698379517,-1.1777100563049316,-1.098052978515625,-1.2071096897125244
-4.335224628448486,0.3253442943096161,-1.8298665285110474,-0.6711639165878296,0.7018079161643982,-0.17625829577445984,-0.1610516905784607,-5.7378106117248535,-1.3618265390396118,-1.4327350854873657,5.537334442138672,-1.4927864074707031,-1.3603123426437378,-1.437507152557373
-4.6051154136657715,0.42384329438209534,-1.624852180480957,0.9559114575386047,-0.1463324874639511,0.10374400019645691,0.23250213265419006,-1.6394928693771362,-2.747877359390259,-3.0449252128601074,1.835105299949646,-1.7724539041519165,-1.7724539041519165,-1.7724539041519165
-4.846715927124023,0.22513437271118164,-1.3488168716430664,0.8591722249984741,-0.3960627317428589,0.25505611300468445,-0.19975939393043518,-7.085792064666748,-2.669562339782715,-1.695043683052063,-1.9061697721481323,-1.7724539041519165,-1.7312397956848145,-1.4793754816055298
-4.658353805541992,0.3827137351036072,-1.3520671129226685,0.8406125903129578,-0.39829882979393005,0.008165035396814346,0.36696305871009827,-2.0535552501678467,-2.6944329738616943,-3.1875882148742676,0.33970871567726135,-1.7724539041519165,-1.7500427961349487,-1.6626205444335938
-3.992203950881958,0.4564438760280609,-1.5722485780715942,0.4378117322921753,0.8470752239227295,0.22424523532390594,0.20124246180057526,-1.5527726411819458,-1.6991814374923706,-2.821284532546997,16.11809539794922,-1.4482065439224243,-1.3572207689285278,-1.3676193952560425
-3.768925905227661,0.2937544882297516,-1.4343721866607666,0.8158844113349915,-0.054312288761138916,-0.5723137855529785,-0.061965834349393845,-1.4329994916915894,-1.6260329484939575,-3.7845864295959473,16.11809539794922,-1.2731605768203735,-1.1981408596038818,-1.0112394094467163
-4.604255676269531,0.9228107333183289,-1.8988025188446045,0.3703252673149109,0.9035187363624573,-0.18089763820171356,-0.11742725968360901,-2.011751413345337,-2.788808822631836,-3.881810426712036,1.601060390472412,0.0040251812897622585,-0.067145936191082,-0.15465512871742249
-4.547054290771484,0.7867274880409241,-1.8155263662338257,-0.5204803347587585,0.7790090441703796,-0.2315549999475479,-0.261968195438385,-10,-1.7977385520935059,-1.850650429725647,-1.4615178108215332,-1.2338351011276245,-1.257277011871338,-0.9769552946090698
-4.521859169006348,0.9512556195259094,-1.8427163362503052,0.39877694845199585,0.342338889837265,0.8290753960609436,0.1908271312713623,-1.5748372077941895,-2.864954948425293,-3.62703275680542,1.0036673545837402,-0.7232110500335693,-0.7039490938186646,-0.6256572008132935
-4.672774314880371,0.9036390781402588,-1.8050971031188965,0.7811796069145203,-0.5287748575210571,0.09746046364307404,0.3172649145126343,-7.085792064666748,-1.5931267738342285,-3.188868761062622,0.26028311252593994,-0.5191293358802795,-0.5051186680793762,-0.5582718849182129
-4.079345226287842,0.9596633911132812,-1.9306122064590454,0.9696983098983765,-0.2387077361345291,0.03622247651219368,0.037306539714336395,-1.9252188205718994,-2.28155779838562,-3.0046708583831787,16.11809539794922,-1.191611647605896,-1.1674221754074097,-0.9903450608253479
-3.8788435459136963,0.8932005167007446,-1.8050971031188965,-0.4582715630531311,0.8803514242172241,0.0739593580365181,0.09746046364307404,-1.9763002395629883,-7.055370330810547,-2.1974313259124756,5.537334442138672,-1.161328673362732,-1.0821168422698975,-0.7676135897636414
-4.047454357147217,0.7909706234931946,-1.6428791284561157,0.006435696966946125,0.48299500346183777,0.8707967400550842,-0.09158303588628769,-1.9181174039840698,-2.805253267288208,-4.187057018280029,2.600796699523926,-0.9515258073806763,-0.9242789149284363,-0.40599551796913147
-4.006285667419434,0.9203407168388367,-1.6838568449020386,-0.2923814058303833,0.9304091334342957,-0.09746046364307404,0.19837696850299835,-1.4670628309249878,-4.600029468536377,-4.113617897033691,1.2005772590637207,0.2680828273296356,0.2573431432247162,0.5093709826469421
-4.695188999176025,0.46611514687538147,-1.365538477897644,0.6660071611404419,-0.15664558112621307,-0.5066176652908325,-0.5246285796165466,-1.929662823677063,-2.3208730220794678,-2.9223508834838867,0.044842954725027084,-0.8093108534812927,-0.6315503716468811,-0.9404387474060059
-4.656357288360596,0.6948308944702148,-1.4515248537063599,0.5018237829208374,-0.6990277171134949,-0.2864598333835602,-0.4212764501571655,-2.303083658218384,-2.8589582443237305,-3.6894657611846924,16.11809539794922,-0.2856692373752594,-0.03880564868450165,-0.583279550075531
-3.7189748287200928,0.6749886274337769,-1.5070651769638062,0.769746720790863,0.2630540430545807,0.4470815658569336,0.3720357418060303,-1.6880600452423096,-2.0615973472595215,-2.390075206756592,0.4039279818534851,-0.7777778506278992,-0.8496745228767395,-0.45207086205482483
-3.735901355743408,0.5487289428710938,-1.3644607067108154,0.6621013283729553,-0.6075726747512817,-0.05875276401638985,0.4347704350948334,-1.6724694967269897,-2.740731716156006,-7.007904052734375,2.3599960803985596,-1.2131189107894897,-1.2160627841949463,-0.997889518737793
-4.263580322265625,0.7063667178153992,-1.1460484266281128,0.6913591027259827,0.030538760125637054,0.5040258169174194,0.5167668461799622,-1.3500381708145142,-3.1216535568237305,-3.644462823867798,-1.028518557548523,0.3381179869174957,0.6604189872741699,-0.16007982194423676
-3.9563422203063965,0.8347447514533997,-1.53263258934021,-0.4803902506828308,0.7848406434059143,0.20667147636413574,-0.3324715197086334,-2.511213541030884,-10,-2.6331303119659424,-0.6233513951301575,-0.44662293791770935,-0.3505656123161316,0.13255585730075836
-3.177081823348999,0.8780815601348877,-1.5191508531570435,0.7406322956085205,-0.21126197278499603,-0.6310744285583496,-0.09261362999677658,-1.2125526666641235,-1.8122532367706299,-2.5384809970855713,-1.177121639251709,-1.7724539041519165,-1.7724539041519165,-1.6371067762374878
-3.2880704402923584,1.0172758102416992,-1.8018149137496948,0.15006428956985474,0.7584635615348816,0.5957726240158081,0.21741357445716858,-1.4594670534133911,-2.230692148208618,-2.6319754123687744,2.237058401107788,-0.8303381204605103,-0.8219828009605408,-0.5888521671295166
-3.2681479454040527,0.6876083612442017,-1.1812944412231445,0.6854267120361328,-0.16136744618415833,-0.6143249869346619,-0.3560274839401245,-1.713908076286316,-1.9454805850982666,-4.2634053230285645,1.0979622602462769,-1.2405763864517212,-1.1825333833694458,-1.0319511890411377
-3.0624260902404785,0.5322492122650146,-1.2380304336547852,0.6821152567863464,0.6179082989692688,0.38795721530914307,0.048962488770484924,-1.3461462259292603,-2.0501208305358887,-2.171449661254883,16.11809539794922,-1.7724539041519165,-1.7724539041519165,-1.5873888731002808
-3.413851261138916,0.7637627124786377,-1.5547947883605957,0.762016773223877,-0.5190979242324829,-0.2702627182006836,-0.27717480063438416,-2.310086250305176,-7.437905311584473,-2.8598716259002686,5.537334442138672,-1.0784642696380615,-1.1336345672607422,-0.966488242149353
-3.3253467082977295,0.8496962189674377,-1.5357580184936523,0.9856438636779785,-0.1663873791694641,-0.015840502455830574,0.023885635659098625,-1.9600090980529785,-2.224421262741089,-3.200897216796875,0.7855632901191711,-0.18163307011127472,-0.16235725581645966,0.1805262714624405
-3.5234763622283936,0.9659863114356995,-1.671429991722107,0.9388499855995178,-0.03185933828353882,-0.24354301393032074,-0.24131399393081665,-1.7392222881317139,-2.286736249923706,-3.3010780811309814,0.9045782685279846,-1.107581377029419,-1.0708398818969727,-0.8406903147697449
-3.056959867477417,0.9310901761054993,-1.4574273824691772,0.45848026871681213,0.388872355222702,0.7071027755737305,0.37226301431655884,-1.548883080482483,-2.1546640396118164,-3.5944764614105225,0.3491593301296234,-1.0370135307312012,-1.0163147449493408,-0.8634012937545776
-2.6932573318481445,0.9144934415817261,-1.561698079109192,0.22184880077838898,0.5186456441879272,0.8175387382507324,-0.11584572494029999,-1.4004278182983398,-1.6126246452331543,-3.8582773208618164,4.001734733581543,-1.5204538106918335,-1.5395376682281494,-1.286077857017517
-4.477009296417236,1.4673254489898682,-2.3459532260894775,0.4835728406906128,0.7879573106765747,0.2874275743961334,-0.2503318190574646,-1.293172836303711,-1.7301725149154663,-2.7413547039031982,3.669415235519409,0.15414878726005554,0.17148639261722565,0.2449130415916443
-3.6631619930267334,1.4490394592285156,-2.3347887992858887,0.5392948389053345,-0.27572593092918396,-0.2642056941986084,-0.7505542039871216,-1.3090463876724243,-1.72705078125,-2.840200901031494,16.11809539794922,-0.4507067799568176,-0.3958421051502228,-0.32923415303230286
-4.757326126098633,1.278325080871582,-2.1991968154907227,0.7116217613220215,0.6517145037651062,-0.2542434632778168,0.06498387455940247,-2.0210373401641846,-2.5899319648742676,-2.682257890701294,16.11809539794922,-0.8365209102630615,-0.9155142903327942,-0.8517500162124634
-4.479888916015625,1.0518661737442017,-2.039755344390869,-0.539834201335907,0.8131881952285767,-0.08916595578193665,0.19837696850299835,-2.0019760131835938,-4.24418306350708,-3.2511115074157715,5.537334442138672,-0.9748837351799011,-1.2469733953475952,-1.4479742050170898
-4.505721569061279,1.4506181478500366,-2.1883723735809326,-0.5343045592308044,0.7379804253578186,-0.0435461662709713,0.4098869264125824,-3.1873440742492676,-2.5361199378967285,-4.011361598968506,0.95225590467453,-0.44662293791770935,-0.525725781917572,-0.28612759709358215
-4.697961807250977,1.6008079051971436,-2.316971778869629,0.6191860437393188,-0.4323905408382416,-0.35551100969314575,-0.5506895184516907,-1.3513140678405762,-1.759579062461853,-2.5034327507019043,1.301643967628479,0.6134722232818604,0.5924142599105835,0.724155604839325
-3.9937140941619873,1.3258534669876099,-2.1575427055358887,-0.429838627576828,0.2168748527765274,0.5462524890899658,0.6854285597801208,-1.5288690328598022,-1.7755681276321411,-3.2951605319976807,1.7403985261917114,-1.1505379676818848,-1.1605199575424194,-0.8845517635345459
-4.072032451629639,1.5020724534988403,-2.1739726066589355,0.8157849311828613,-0.18863357603549957,-0.5457110404968262,-0.03334326669573784,-1.6714810132980347,-2.021888494491577,-3.585996150970459,0.5366357564926147,-0.04570193588733673,0.07195798307657242,0.020117321982979774
-4.070713043212891,1.6075290441513062,-2.295941114425659,0.6498048305511475,-0.4906797707080841,-0.10416209697723389,-0.5710843205451965,-1.2808382511138916,-2.8246006965637207,-3.0439367294311523,1.5964182615280151,-0.5904272198677063,-0.6737980842590332,-0.5259832143783569
-3.8787753582000732,1.51304292678833,-2.165548324584961,0.5054709315299988,0.86195969581604,0.020281335338950157,-0.033366087824106216,-2.1340014934539795,-2.17383074760437,-2.9851746559143066,16.11809539794922,-1.1585513353347778,-1.300370693206787,-1.2138564586639404
-3.1210784912109375,1.3587591648101807,-2.138833522796631,-0.5799243450164795,0.7037332057952881,0.37809130549430847,0.15966928005218506,-1.9292278289794922,-5.792115211486816,-1.695043683052063,5.537334442138672,-1.6170830726623535,-1.5766866207122803,-1.5107767581939697
-3.509035110473633,1.3900048732757568,-2.0096065998077393,-0.0415169894695282,0.7822955846786499,0.5092992186546326,0.35623618960380554,-1.868117332458496,-2.2119555473327637,-3.0749549865722656,0.7911722660064697,-0.8307657837867737,-0.7927276492118835,-0.7080100178718567
-2.592365264892578,1.5550035238265991,-2.267895460128784,-0.38638582825660706,0.8941003680229187,0.1914648860692978,0.12096156924962997,-1.3985939025878906,-8.051740646362305,-1.6461386680603027,5.537334442138672,-1.6792314052581787,-1.7724539041519165,-1.406105875968933
-4.361057281494141,1.8117914199829102,-2.4321563243865967,0.7930570840835571,-0.5826891660690308,0.1527571827173233,-0.09054837375879288,-1.8222452402114868,-6.7795891761779785,-3.4467315673828125,5.537334442138672,-0.5605615377426147,-0.6596717834472656,-0.6001402139663696
-3.910762071609497,1.8338358402252197,-2.4438228607177734,0.4522303342819214,0.8799574375152588,-0.029013188555836678,0.14255136251449585,-1.6830015182495117,-1.9888497591018677,-3.2673795223236084,16.11809539794922,-0.2536371052265167,-0.36877015233039856,-0.053188424557447433
-4.813994407653809,1.9203522205352783,-2.669422149658203,-0.5564232468605042,0.8302196860313416,0.02004506066441536,-0.026957150548696518,-1.325845718383789,-4.831329822540283,-2.615346670150757,5.537334442138672,-0.871303141117096,-1.1336345672607422,-0.997889518737793
-4.351961612701416,1.8431998491287231,-2.353332281112671,0.4679509997367859,0.8126609325408936,-0.3302239179611206,0.10749968141317368,-1.0444704294204712,-2.200512647628784,-3.8690366744995117,-0.2631264626979828,0.04149610921740532,-0.051203127950429916,-0.15135954320430756
-4.7677435874938965,1.9777204990386963,-2.5878021717071533,0.7858849763870239,0.6034511923789978,-0.12986940145492554,0.036950934678316116,-2.116760492324829,-2.456768751144409,-3.0990512371063232,16.11809539794922,-0.3894369602203369,-0.5575373768806458,-0.5569186210632324
-4.157838821411133,1.9767203330993652,-2.565129518508911,-0.49421441555023193,0.8372886180877686,0.0739593580365181,0.2218780815601349,-2.310086250305176,-3.7815825939178467,-3.2110984325408936,5.537334442138672,0.8688499927520752,0.7725200653076172,0.6768443584442139
-3.2833995819091797,2.1151363849639893,-2.5369069576263428,0.7623088955879211,0.5836755037307739,-0.021335238590836525,0.2788420617580414,-1.3329044580459595,-1.4781031608581543,-3.200847864151001,5.529613971710205,-0.6553033590316772,-0.4398791790008545,-0.5589671730995178
-3.699735403060913,2.039351463317871,-2.3969576358795166,-0.6310737729072571,0.6703854203224182,-0.3089704215526581,0.23846709728240967,-3.371354103088379,-1.7977385520935059,-7.007904052734375,1.9776588678359985,-1.4099220037460327,-1.2160627841949463,-1.217698335647583
-4.480816841125488,1.6454517841339111,-2.240875720977783,-0.2988509237766266,0.33462557196617126,0.40463289618492126,0.7968601584434509,-1.895963430404663,-2.3581531047821045,-3.3025975227355957,1.9060966968536377,0.21629254519939423,0.17524421215057373,0.3229708969593048
-3.7723562717437744,1.491847038269043,-1.930700659751892,0.5958244204521179,-0.18900616466999054,-0.4105650782585144,-0.663857102394104,-1.722281813621521,-2.152021646499634,-3.90281081199646,0.1059570461511612,-0.7961561679840088,-0.8010742664337158,-0.6990266442298889
-3.2416319847106934,1.8911243677139282,-2.626401424407959,0.7115354537963867,-0.3186473250389099,0.617249608039856,0.10575497150421143,-6.02024507522583,-1.7621538639068604,-1.4327350854873657,5.537334442138672,-1.1302545070648193,-0.886349618434906,-0.7676135897636414
-3.186678409576416,1.6577249765396118,-2.2543985843658447,0.5685700178146362,0.7724534869194031,-0.2072094827890396,0.1926342099905014,-1.2187302112579346,-1.521498680114746,-2.386842727661133,16.11809539794922,-1.7724539041519165,-1.7724539041519165,-1.7724539041519165
-3.608459234237671,1.9078259468078613,-2.201409101486206,0.9246441125869751,-0.27717480063438416,-0.20667147636413574,-0.15966928005218506,-6.696375370025635,-2.198065757751465,-2.7087106704711914,5.537334442138672,-1.3788478374481201,-1.2160627841949463,-1.0920932292938232
-3.130406141281128,2.1257264614105225,-2.0617337226867676,0.6646202206611633,-0.13958340883255005,-0.7296664118766785,0.07989577949047089,-1.535096287727356,-2.0177688598632812,-4.8774094581604,2.0445265769958496,-0.32846829295158386,-0.05645148083567619,-0.2331262230873108
-2.749084711074829,2.095719575881958,-2.185765027999878,0.777587354183197,-0.6061902642250061,0.12925608456134796,-0.10575497150421143,-1.3600801229476929,-7.055370330810547,-2.726494312286377,5.537334442138672,0.4338116943836212,0.7622165083885193,0.8966531753540039
-4.224058628082275,1.1562515497207642,-1.8167003393173218,0.9035163521766663,-0.2144845575094223,-0.20248793065547943,-0.3108910024166107,-1.441158652305603,-2.4087533950805664,-3.5068304538726807,-0.16831357777118683,-0.2529236078262329,-0.2665882110595703,-0.04957013204693794
-4.770939350128174,1.1854794025421143,-1.9954310655593872,0.7188065052032471,-0.4762429893016815,0.35044294595718384,0.365649551153183,-4.11595344543457,-1.8244270086288452,-4.060266971588135,5.537334442138672,-0.011584647931158543,-0.09297715127468109,-0.1291213035583496
-3.8987514972686768,1.1326640844345093,-1.7306033372879028,0.8297348022460938,-0.40499162673950195,-0.2029004693031311,-0.3261185586452484,-2.09305477142334,-2.3583104610443115,-3.5637335777282715,1.0587570667266846,0.13003769516944885,0.18297000229358673,0.5366231203079224
-3.801591157913208,1.3951870203018188,-1.9155751466751099,0.8427168726921082,-0.3467577397823334,0.05965408310294151,0.40746617317199707,-2.1743431091308594,-2.8993325233459473,-4.774814605712891,16.11809539794922,-0.16771678626537323,-0.16585923731327057,0.0011402755044400692
-3.4640843868255615,1.0916533470153809,-1.9532670974731445,0.5968689322471619,0.7838712930679321,0.07456561923027039,0.15405578911304474,-1.5171152353286743,-1.6870616674423218,-3.095442771911621,16.11809539794922,-0.4028906524181366,-0.3906821608543396,-0.06469336897134781
-3.368816375732422,1.1646125316619873,-1.582184076309204,-0.3765963912010193,0.47858691215515137,0.6725788116455078,0.42043718695640564,-2.1461658477783203,-2.6186249256134033,-2.7732839584350586,0.510155975818634,-0.5210306644439697,-0.3946167826652527,-0.40682777762413025
-3.1378183364868164,1.6322897672653198,-1.7948334217071533,0.9688291549682617,-0.04471247270703316,-0.036613401025533676,-0.24089489877223969,-1.397950291633606,-2.0658679008483887,-2.747206211090088,1.8061867952346802,-1.2425397634506226,-1.1496098041534424,-1.0549639463424683
-3.4017958641052246,1.2648123502731323,-1.3409948348999023,-0.4015924036502838,0.8618860244750977,-0.0739593580365181,-0.3006758987903595,-6.02024507522583,-2.785212516784668,-3.1621932983398438,0.2125614434480667,0.3302311599254608,0.6488776206970215,0.33143049478530884
-2.5454611778259277,1.0583534240722656,-1.4498413801193237,-0.4041721820831299,0.5009201169013977,0.11198441684246063,0.7570887207984924,-1.3749215602874756,-2.418933153152466,-2.4559028148651123,2.48836612701416,-1.7724539041519165,-1.7724539041519165,-1.7724539041519165
-3.5051276683807373,1.3170050382614136,-1.672123908996582,-0.6117199659347534,0.7284145951271057,-0.15137477219104767,0.26888027787208557,-7.085792064666748,-2.8652780055999756,-2.535320281982422,2.3599960803985596,-1.2338351011276245,-1.1336345672607422,-1.1339616775512695
-3.133415937423706,1.4636149406433105,-1.5765786170959473,-0.03395679593086243,0.511864423751831,0.6702415347099304,-0.5363003015518188,-1.3701642751693726,-2.3667991161346436,-3.7200117111206055,0.2178421914577484,-0.5763652324676514,-0.3898669183254242,-0.5722987055778503
-2.7160730361938477,1.401489496231079,-1.3516911268234253,0.8908275961875916,-0.3291120231151581,0.0448923222720623,0.30999383330345154,-1.6377732753753662,-2.6604273319244385,-3.487656593322754,1.3627970218658447,-1.6808114051818848,-1.6502639055252075,-1.6502639055252075
-3.787567138671875,1.7992652654647827,-1.9276409149169922,0.8593056201934814,-0.3172649145126343,-0.09746046364307404,0.3891506493091583,-2.044769048690796,-3.345670700073242,-7.007904052734375,5.537334442138672,-1.2131189107894897,-1.0305991172790527,-1.0606920719146729
-3.7003395557403564,1.9190086126327515,-1.8548225164413452,0.6616849899291992,-0.5918590426445007,-0.3272351920604706,-0.32371750473976135,-2.054842233657837,-3.160451889038086,-3.6769771575927734,16.11809539794922,-0.2430952787399292,-0.007695710752159357,-0.25327712297439575
-3.6361749172210693,1.6143994331359863,-1.6471786499023438,0.3278379738330841,0.855200469493866,0.2730514109134674,0.29427433013916016,-2.182593584060669,-2.2705187797546387,-4.537484645843506,1.6619027853012085,-1.123195767402649,-0.9781503677368164,-0.997889518737793
-3.510294198989868,1.9495800733566284,-1.8168299198150635,-0.462418794631958,0.7977782487869263,0.37809130549430847,0.08225386589765549,-2.554006576538086,-7.055370330810547,-2.29079532623291,5.537334442138672,-0.7677226066589355,-0.525725781917572,-0.746679425239563
-3.580634117126465,1.9037635326385498,-1.7527364492416382,-0.0008170545333996415,0.6746881008148193,0.5406827926635742,-0.5024514198303223,-1.604447603225708,-2.3968191146850586,-3.3676552772521973,-0.2311992198228836,0.13250058889389038,0.36394086480140686,-0.017686011269688606
-2.290626287460327,1.3661223649978638,-1.651891827583313,0.5304652452468872,0.17236822843551636,0.5363841652870178,0.6333938837051392,-1.1377722024917603,-2.123182773590088,-2.9853920936584473,0.4037576913833618,-0.32420656085014343,-0.29101788997650146,-0.06859147548675537
-2.754251480102539,1.7742127180099487,-1.3514240980148315,0.8358791470527649,-0.5066561698913574,-0.1527571827173233,0.14584510028362274,-10,-1.3262419700622559,-2.3886053562164307,-0.9916401505470276,-0.7677226066589355,-0.546332836151123,-0.6629427075386047
-2.7835288047790527,1.9287030696868896,-1.6160666942596436,-0.38638582825660706,0.9031684398651123,0.09746046364307404,0.15966928005218506,-2.2244999408721924,-5.489645957946777,-1.672814130783081,5.537334442138672,-0.5087712407112122,-0.20631606876850128,-0.35939720273017883
-2.9997992515563965,1.9858096837997437,-1.2368134260177612,0.7619926929473877,-0.36925721168518066,-0.5225322246551514,0.0998818427324295,-1.6287553310394287,-1.9625128507614136,-3.205190658569336,-0.41675832867622375,0.4558864235877991,0.8652678728103638,0.5496610403060913
-1.3213868141174316,1.2543737888336182,-2.1557810306549072,0.16796378791332245,-0.6601045727729797,0.05875276401638985,0.7297933101654053,-5.879027843475342,-0.8992261290550232,-0.8992261290550232,5.537334442138672,-0.8816612362861633,-0.7627071142196655,-0.8094819188117981
-1.474661946296692,1.3817238807678223,-2.026718854904175,-0.5384517908096313,0.6477063298225403,-0.25505611300468445,-0.4748605787754059,-10,-1.0593570470809937,-1.0192656517028809,5.537334442138672,-0.7677226066589355,-0.7421000599861145,-0.5896731019020081
-2.0956735610961914,1.3088274002075195,-1.9266130924224854,0.22997555136680603,0.8047817349433899,0.5355246663093567,0.11247619986534119,-0.9187589287757874,-1.3099430799484253,-3.2081050872802734,16.11809539794922,-1.7312188148498535,-1.4677091836929321,-1.3477340936660767
-2.1979830265045166,1.383811593055725,-1.8246519565582275,-0.3877682387828827,0.8804621696472168,0.21496598422527313,-0.16796378791332245,-1.325845718383789,-10,-1.9751359224319458,5.537334442138672,-1.7724539041519165,-1.7724539041519165,-1.5735793113708496
-2.147193193435669,1.3331341743469238,-1.4596666097640991,0.3209802210330963,0.8566234111785889,0.3615935146808624,0.18005046248435974,-1.6959532499313354,-2.4195828437805176,-2.979670763015747,16.11809539794922,-1.0027501583099365,-0.9290711879730225,-0.8721652626991272
-1.756103515625,1.3271154165267944,-1.5434210300445557,0.513658344745636,-0.59891676902771,-0.39960744976997375,-0.4666558504104614,-1.4462158679962158,-1.4864612817764282,-2.2578697204589844,16.11809539794922,-1.7724539041519165,-1.7724539041519165,-1.7724539041519165
-1.9953168630599976,2.0784380435943604,-1.5243756771087646,0.3897406756877899,0.4962300658226013,0.4297783374786377,0.6458703279495239,-1.0823663473129272,-1.9875332117080688,-2.6065902709960938,1.4572161436080933,0.05664525926113129,0.3075777292251587,0.14889274537563324
-4.838104724884033,0.11239821463823318,-1.135016918182373,0.7423722743988037,-0.585453987121582,0.32555943727493286,0.01175055280327797,-10,-1.6465038061141968,-1.4327350854873657,-1.5953861474990845,-1.2441930770874023,-1.1748486757278442,-0.9769552946090698
-4.376557350158691,0.20634502172470093,-1.1493571996688843,-0.5965133309364319,0.7845751643180847,-0.16796378791332245,0.02004506066441536,-2.5925204753875732,-8.051740646362305,-2.6331303119659424,5.537334442138672,-0.7677226066589355,-0.8142248392105103,-0.8827515244483948
-4.083497047424316,0.0786842480301857,-1.2383503913879395,0.8019713163375854,-0.3745785653591156,-0.3763056695461273,-0.27372780442237854,-1.6563819646835327,-1.9516924619674683,-3.1803879737854004,16.11809539794922,-1.7724539041519165,-1.722813367843628,-1.665293574333191
-4.478166580200195,0.3002918064594269,-1.2966705560684204,-0.560570478439331,0.755164384841919,0.09746046364307404,-0.32555943727493286,-2.2672932147979736,-10,-2.0907294750213623,5.537334442138672,-1.7724539041519165,-1.7724539041519165,-1.5107767581939697
-4.312836170196533,0.25644996762275696,-1.2249693870544434,0.89994215965271,-0.37256163358688354,-0.21634840965270996,0.06704726815223694,-3.06752347946167,-2.1357927322387695,-5.660793781280518,5.537334442138672,-1.7724539041519165,-1.7724539041519165,-1.7724539041519165
-4.604987144470215,0.44546088576316833,-1.1126896142959595,0.8714737892150879,-0.29152268171310425,0.09169930219650269,0.3835873007774353,-1.8096610307693481,-3.1825554370880127,-4.174145698547363,0.10762541741132736,0.09715372323989868,0.37217870354652405,-0.3232399523258209
-4.396620750427246,0.4319371283054352,-1.0817991495132446,0.5144831538200378,-0.23302391171455383,-0.8240049481391907,0.044975243508815765,-2.3640692234039307,-3.134343385696411,-3.816761016845703,16.11809539794922,-0.43448206782341003,-0.22994060814380646,-0.9137476086616516
-4.583952903747559,-0.0005368437268771231,-0.9948634505271912,0.6597920656204224,0.5924766063690186,0.39448678493499756,0.2408861219882965,-2.4409308433532715,-3.092306137084961,-3.591203451156616,16.11809539794922,-1.4409961700439453,-1.4418904781341553,-1.4402319192886353
-4.381723880767822,-0.035828959196805954,-0.8469085693359375,0.7347466945648193,-0.6656342148780823,0.12787365913391113,-0.026957150548696518,-2.310086250305176,-1.7265691757202148,-6.341017723083496,5.537334442138672,-0.6641420722007751,-0.5051186680793762,-0.8094819188117981
-4.386890411376953,0.16876628994941711,-0.9538085460662842,-0.19008246064186096,0.9684898257255554,-0.02004506066441536,-0.15966928005218506,-10,-1.8511154651641846,-2.9843571186065674,0.023530498147010803,-1.7724539041519165,-1.7724539041519165,-1.7724539041519165
-4.498832702636719,0.13536298274993896,-0.8716780543327332,0.8201033473014832,-0.3573550283908844,0.09746046364307404,-0.4361528754234314,-2.4898171424865723,-3.274501323699951,-5.945332050323486,0.38915154337882996,-1.0681061744689941,-0.886349618434906,-1.2595666646957397
-4.147505760192871,-0.0024256519973278046,-0.9772743582725525,0.7362407445907593,-0.6504276394844055,-0.174875870347023,-0.0656648501753807,-2.151751756668091,-6.112377166748047,-2.8198583126068115,1.4873905181884766,0.516676127910614,0.6488776206970215,0.43610137701034546
-4.200893402099609,-0.004513358697295189,-0.6930769681930542,-0.45135945081710815,0.8423154950141907,-0.2868517339229584,0.06704726815223694,-5.258528232574463,-2.3937814235687256,-1.7261650562286377,-0.133531391620636,-1.7724539041519165,-1.6075972318649292,-1.7724539041519165
-4.2145867347717285,0.30820146203041077,-0.9385543465614319,0.39218321442604065,0.8510331511497498,-0.07398029416799545,0.3412649631500244,-2.6284735202789307,-2.952125072479248,-3.520233392715454,1.9432446956634521,-0.9386575818061829,-0.7845892310142517,-1.072130560874939
-4.002841472625732,0.28776559233665466,-0.7360976934432983,-0.6849880814552307,0.7091948986053467,0.0435461662709713,0.1610516905784607,-6.696375370025635,-2.002350330352783,-1.8239749670028687,-0.5890069007873535,-1.0784642696380615,-0.9893850088119507,-0.9141528010368347
-3.326655387878418,0.1476866453886032,-1.048427700996399,-0.18631502985954285,0.7468416094779968,0.5699684023857117,0.28748980164527893,-1.1117686033248901,-1.345623254776001,-1.7178982496261597,16.11809539794922,-0.34809720516204834,-0.1495230495929718,-0.21856628358364105
-2.719838857650757,0.42468705773353577,-0.8499111533164978,0.02603776939213276,0.4341682493686676,0.9004405736923218,-0.0051726424135267735,-1.5449358224868774,-1.7502697706222534,-3.0748345851898193,1.6315481662750244,-1.7724539041519165,-1.7724539041519165,-1.7724539041519165
-4.531554698944092,0.5195010304450989,-1.2666864395141602,0.8648941516876221,-0.488684743642807,-0.11404947936534882,-0.01175055280327797,-2.802206516265869,-2.945343494415283,-10,5.537334442138672,-1.7724539041519165,-1.7724539041519165,-1.7724539041519165
-4.4730000495910645,0.561255156993866,-1.1884669065475464,-0.6324561834335327,0.718981921672821,-0.0739593580365181,-0.2785572111606598,-7.085792064666748,-3.8972327709198,-2.175201654434204,-0.07061756402254105,-1.7724539041519165,-1.7724539041519165,-1.7724539041519165
-4.297336578369141,0.6364126205444336,-1.3136180639266968,0.9260299205780029,-0.3711792230606079,-0.05875276401638985,0.03525165840983391,-2.3699965476989746,-1.5931267738342285,-10,3.0992729663848877,-1.2131189107894897,-1.1439380645751953,-1.3014349937438965
-3.6601250171661377,0.6092724204063416,-1.2223620414733887,-0.4098869264125824,0.9005025625228882,-0.13616816699504852,-0.05045825615525246,-2.1774277687072754,-10,-2.4730775356292725,0.5549968481063843,-1.1716867685317993,-1.1748486757278442,-0.9141528010368347
-3.257131814956665,0.7366225123405457,-1.2823302745819092,0.8791306018829346,-0.47347813844680786,0.02004506066441536,0.05045825615525246,-6.02024507522583,-3.327878475189209,-1.930676817893982,4.139158725738525,-1.3788478374481201,-1.29849112033844,-1.1758300065994263
-2.575143337249756,0.7533241510391235,-1.086781620979309,-0.4831550717353821,0.6961153745651245,-0.5232452154159546,-0.09054837375879288,-7.7234086990356445,-1.9756617546081543,-1.930676817893982,5.537334442138672,-1.7724539041519165,-1.7312397956848145,-1.5317108631134033
-3.0659682750701904,0.9516562819480896,-1.1363205909729004,0.7150853276252747,-0.6614869832992554,-0.03525165840983391,0.22326049208641052,-1.3985939025878906,-10,-3.1266260147094727,-0.8566524386405945,-0.6641420722007751,-0.5669398903846741,-0.6629427075386047
-2.681957721710205,0.9526144862174988,-1.1390693187713623,-0.4382604956626892,0.0004917503683827817,0.8819310069084167,0.17356620728969574,-1.8057286739349365,-2.473055362701416,-3.3447768688201904,16.11809539794922,-1.6262309551239014,-1.4899019002914429,-1.370031476020813
-3.620514392852783,0.49444854259490967,-0.9538085460662842,-0.3628847002983093,0.8165021538734436,0.02004506066441536,0.4485946297645569,-2.5326101779937744,-1.9756617546081543,-6.341017723083496,2.0149030685424805,-1.7724539041519165,-1.7724539041519165,-1.5212438106536865
-2.501089096069336,0.8618848919868469,-0.9212170839309692,0.7374467849731445,-0.613102376461029,0.05875276401638985,0.27717480063438416,-1.6938660144805908,-6.2369232177734375,-2.112959146499634,5.537334442138672,-1.7724539041519165,-1.7724539041519165,-1.7724539041519165
-2.7430875301361084,1.0119836330413818,-1.0025449991226196,0.5597196221351624,0.8223187923431396,0.10239502787590027,0.004580806475132704,-1.3117809295654297,-2.430248737335205,-3.2611212730407715,16.11809539794922,-0.6234968900680542,-0.4670589864253998,-0.5008296370506287
-2.975236415863037,0.7665680646896362,-0.6892005205154419,0.5708715319633484,-0.47790980339050293,-0.6336863040924072,-0.21011793613433838,-1.6779052019119263,-2.198392629623413,-3.404276132583618,-0.3361319303512573,-0.6588191986083984,-0.48687291145324707,-0.520292341709137
-4.1584906578063965,0.03764564171433449,-0.4393968880176544,0.7923511266708374,0.007677603978663683,-0.5996239185333252,-0.1121247336268425,-2.138516426086426,-2.472776174545288,-3.9351320266723633,-0.6961387991905212,-0.2604512572288513,-0.26840919256210327,-0.16296672821044922
-3.7390432357788086,0.09077291935682297,-0.31897103786468506,0.4362613260746002,0.764469563961029,0.24943478405475616,0.4037877917289734,-1.581070899963379,-2.079148530960083,-3.111898422241211,3.171529531478882,-1.7030446529388428,-1.6947795152664185,-1.7088896036148071
-4.0413336753845215,0.20955362915992737,-0.378311425447464,0.6319130659103394,0.7132921814918518,0.07734804600477219,-0.2931167483329773,-2.0328431129455566,-2.6684796810150146,-5.4527788162231445,16.11809539794922,-0.6542012095451355,-0.7523171901702881,-0.7344210147857666
-3.926713228225708,0.3311505913734436,-0.49710386991500854,0.8286985158920288,0.23466821014881134,-0.5081053972244263,0.004306584596633911,-1.8589518070220947,-2.353862762451172,-3.5753722190856934,0.8953052163124084,-0.7651037573814392,-0.7417494654655457,-0.8037142157554626
-4.096099376678467,0.42654523253440857,-0.48267707228660583,0.5305233001708984,-0.6022965312004089,-0.09800776094198227,-0.5883693099021912,-2.2083373069763184,-2.396716833114624,-4.9639410972595215,-0.8384735584259033,-0.048157136887311935,-0.05170617625117302,-0.1048554927110672
-4.1078948974609375,0.2293097972869873,-0.39193201065063477,0.7579405307769775,-0.5453639030456543,-0.02004506066441536,0.3573550283908844,-4.419784069061279,-1.9311809539794922,-10,4.840242385864258,-1.088822364807129,-1.2160627841949463,-1.2595666646957397
-3.9425644874572754,0.2731516361236572,-0.3410893678665161,0.7402635216712952,-0.5052737593650818,0.44306495785713196,-0.02004506066441536,-10,-2.9809281826019287,-2.9487898349761963,0.7827593684196472,-0.34304240345954895,-0.39177975058555603,-0.6734098196029663
-3.653236150741577,0.4777468740940094,-0.36585885286331177,-0.6006606221199036,0.7412542104721069,-0.2702627182006836,-0.12925608456134796,-3.1274337768554688,-8.051740646362305,-2.0018112659454346,5.537334442138672,-0.8091548681259155,-0.7730106711387634,-0.6629427075386047
-4.160445690155029,-0.030759194865822792,-0.22647717595100403,0.8261986970901489,-0.26041656732559204,-0.4420584738254547,-0.2327299267053604,-2.489880323410034,-2.7336416244506836,-4.010743141174316,-0.4499514698982239,-0.6687290072441101,-0.7410709857940674,-0.5582718849182129
-3.9615087509155273,0.16876628994941711,-0.19507969915866852,-0.6075726747512817,0.7415815591812134,0.17625829577445984,-0.22326049208641052,-2.1303553581237793,-8.051740646362305,-2.7842912673950195,-0.08632808178663254,-0.22910378873348236,-0.2269231528043747,-0.28612759709358215
-3.6853177547454834,0.024929983541369438,0.027882490307092667,0.6425097584724426,0.3709276020526886,0.4376220107078552,0.5080166459083557,-1.7698290348052979,-2.246603488922119,-3.7888715267181396,1.9905775785446167,-0.44474151730537415,-0.49478188157081604,-0.3974599242210388
-3.785254716873169,0.21377691626548767,-0.2098589688539505,0.6307740807533264,0.3221193253993988,-0.7044921517372131,-0.04532098025083542,-2.2535085678100586,-2.7063491344451904,-4.039661407470703,2.3436896800994873,-0.7087010145187378,-0.6992006301879883,-0.7168579697608948
-3.6833574771881104,0.30785876512527466,-0.17117860913276672,0.6989453434944153,0.2984275221824646,-0.6499302387237549,0.002656560391187668,-2.3884987831115723,-2.926485776901245,-3.211740732192993,1.1866778135299683,-1.3535466194152832,-1.1994673013687134,-1.1907240152359009
-3.7634565830230713,0.4860977232456207,-0.22506383061408997,0.64693284034729,-0.5315396785736084,0.0034560449421405792,-0.5467463135719299,-2.802206516265869,-10,-2.7442779541015625,2.0149030685424805,-0.8816612362861633,-0.7730106711387634,-0.7676135897636414
-3.9766204357147217,0.4800587296485901,0.026055870577692986,-0.2935776710510254,0.33169859647750854,0.878382682800293,0.17953287065029144,-2.057271957397461,-4.514333724975586,-5.297513484954834,2.4864871501922607,0.06723427027463913,0.08835989981889725,-0.02132921665906906
-3.9372949600219727,0.47541123628616333,-0.13449519872665405,0.28299733996391296,0.4004812240600586,0.5926598906517029,0.6389691233634949,-2.1272940635681152,-2.761565923690796,-4.424551486968994,-0.27928677201271057,-0.2821243405342102,-0.1972363293170929,-0.2338021993637085
-3.449817180633545,0.17343853414058685,-0.30348724126815796,0.39480060338974,0.3372509181499481,0.12058641016483307,0.8460810780525208,-1.6024693250656128,-2.332388401031494,-3.439579486846924,0.010758552700281143,-1.1060086488723755,-1.1955478191375732,-1.1480425596237183
-3.749833822250366,0.42880165576934814,-0.025551816448569298,0.4258824288845062,0.46643710136413574,0.10518748313188553,0.768112063407898,-1.8385027647018433,-3.3742763996124268,-4.329638957977295,0.6073258519172668,-0.12417647987604141,-0.025334307923913002,-0.24336855113506317
-2.9282658100128174,0.2511868476867676,-0.37374794483184814,0.3970797061920166,0.42681795358657837,0.1703278124332428,0.7944447994232178,-1.5239744186401367,-1.873593807220459,-1.8951739072799683,3.8597991466522217,-1.1517972946166992,-1.1425836086273193,-1.0706185102462769
-2.9259023666381836,0.20554831624031067,-0.27605751156806946,0.9240590929985046,-0.14649714529514313,0.2561579942703247,0.24297413229942322,-1.586683988571167,-2.105942964553833,-3.347599983215332,3.194669246673584,-1.7341656684875488,-1.7343671321868896,-1.6486417055130005
-2.4666452407836914,0.04350389540195465,-0.12598583102226257,0.7548707723617554,-0.6366034746170044,0.12925608456134796,0.09054837375879288,-2.151751756668091,-2.900862693786621,-4.2203192710876465,5.537334442138672,-1.7724539041519165,-1.7724539041519165,-1.7724539041519165
-3.5522913932800293,0.44272133708000183,-0.1002865731716156,0.15145093202590942,0.7628464102745056,0.5159280300140381,0.3590908348560333,-1.7845399379730225,-3.5571448802948,-4.715405464172363,0.2663204073905945,0.007335194852203131,0.0809067115187645,-0.15720641613006592
-2.575143337249756,0.3629230260848999,-0.19899067282676697,0.8332526087760925,-0.5121858716011047,0.05875276401638985,-0.19975939393043518,-1.6938660144805908,-5.623088359832764,-2.7442779541015625,5.537334442138672,-1.5031445026397705,-1.4839547872543335,-1.437507152557373
-2.9209907054901123,0.3386678993701935,-0.07585659623146057,0.3875194787979126,0.4203278124332428,0.48845037817955017,0.6592187881469727,-1.9569098949432373,-2.0432732105255127,-4.4565277099609375,0.910523533821106,-1.7724539041519165,-1.7724539041519165,-1.7526036500930786
-2.5540378093719482,0.2822193205356598,-0.019711989909410477,0.07167582213878632,0.7460821270942688,0.6419227123260498,0.16173817217350006,-1.9391120672225952,-2.367906332015991,-2.6090755462646484,1.4198451042175293,-1.460205316543579,-1.4447909593582153,-1.4294601678848267
-3.971841812133789,0.5382903814315796,-0.6213757991790771,0.6858600974082947,-0.5439814925193787,-0.09746046364307404,-0.47347813844680786,-2.6310341358184814,-10,-2.3886053562164307,4.840242385864258,-1.1302545070648193,-1.0512062311172485,-0.8827515244483948
-3.9327001571655273,0.5680348873138428,-0.3717149794101715,0.3880939781665802,0.25550204515457153,0.6720188856124878,0.5766215324401855,-1.8897761106491089,-2.238180637359619,-4.506587028503418,-1.1090843677520752,-0.27584320306777954,-0.23347726464271545,-0.26597049832344055
-3.865065813064575,0.5090624690055847,-0.39975395798683167,-0.5439814925193787,0.6611886024475098,0.11404947936534882,0.5038913488388062,-2.1774277687072754,-10,-1.9529063701629639,2.577688455581665,-0.8505870699882507,-0.7730106711387634,-0.7048110961914062
-3.5083718299865723,0.5065853595733643,-0.1419127732515335,0.8184561133384705,0.511779248714447,-0.2112276703119278,0.15360474586486816,-2.0102343559265137,-2.4573702812194824,-3.3783116340637207,0.4776151478290558,-0.9194190502166748,-0.861173689365387,-0.7774084806442261
-3.746234655380249,0.5341149568557739,-0.08296512812376022,0.8760535717010498,-0.45135945081710815,-0.0739593580365181,0.1527571827173233,-7.085792064666748,-4.688991069793701,-2.064054012298584,5.537334442138672,-0.34304240345954895,-0.2681373059749603,-0.28612759709358215
-3.828611135482788,0.6721601486206055,-0.13744930922985077,0.25469452142715454,0.5304698348045349,0.5413913726806641,0.6005229353904724,-2.2521350383758545,-5.025382995605469,-5.436920642852783,16.11809539794922,-0.09109442681074142,-0.060456532984972,-0.15186932682991028
-3.4534618854522705,0.7136577367782593,-0.6135538220405579,0.6516187191009521,-0.46518364548683167,-0.32417699694633484,-0.5038913488388062,-3.272930145263672,-10,-2.5531039237976074,0.5549968481063843,-0.7677226066589355,-0.7421000599861145,-0.5896731019020081
-3.1451892852783203,0.5236764550209045,-0.4375600516796112,0.7008733153343201,-0.5978957414627075,-0.24676160514354706,0.3006758987903595,-2.198824167251587,-1.7265691757202148,-10,1.0726368427276611,-1.7724539041519165,-1.6075972318649292,-1.4270401000976562
-2.737661123275757,0.8242992162704468,-0.5614229440689087,0.1744431108236313,0.821256697177887,0.43542489409446716,-0.3248264491558075,-1.7173609733581543,-2.014916181564331,-3.565704822540283,0.30798831582069397,-1.5831981897354126,-1.5763933658599854,-1.384312629699707
-2.5640177726745605,0.8910813331604004,-0.3204649090766907,0.20036649703979492,0.6880317330360413,0.5497188568115234,0.42927229404449463,-1.7171918153762817,-1.9728145599365234,-3.7607269287109375,16.11809539794922,-1.5681195259094238,-1.4275476932525635,-1.4014055728912354
-2.5282366275787354,1.04228937625885,-0.5773424506187439,0.6684983372688293,0.13734808564186096,-0.712940514087677,-0.16112512350082397,-1.6698329448699951,-2.5172011852264404,-3.4356510639190674,2.2436654567718506,-1.0711588859558105,-1.1512740850448608,-0.894694447517395
-3.2450764179229736,0.6447634100914001,-0.2915503680706024,0.7636301517486572,-0.6061902642250061,-0.09746046364307404,0.19975939393043518,-10,-3.185539722442627,-2.535320281982422,1.4615178108215332,-1.0784642696380615,-1.0615097284317017,-0.8827515244483948
-3.5283241271972656,0.4915371835231781,0.0317087359726429,0.8813146948814392,-0.23649750649929047,0.35022932291030884,0.21140670776367188,-1.992883324623108,-2.240856409072876,-5.131619453430176,-1.7533578872680664,-0.16713137924671173,-0.3040858805179596,-0.43117639422416687
-2.9557480812072754,0.6092724204063416,-0.06862489134073257,-0.5813067555427551,0.7753402590751648,-0.23017258942127228,0.08916595578193665,-10,-2.1357927322387695,-1.850650429725647,1.8718022108078003,-1.534218668937683,-1.5045619010925293,-1.2700337171554565
-3.0139358043670654,0.8283136487007141,0.02270876057446003,0.8815510869026184,-0.041788700968027115,-0.4696720540523529,-0.023011837154626846,-2.6891398429870605,-3.331428050994873,-4.018885135650635,16.11809539794922,-1.0100371837615967,-0.9324162602424622,-0.8511114120483398
-2.536048173904419,0.7777209877967834,-0.17907044291496277,0.7029335498809814,-0.24422137439250946,-0.6602208614349365,0.10172878950834274,-1.859923243522644,-2.245399236679077,-3.754383087158203,16.11809539794922,-0.9737998843193054,-0.8858075737953186,-0.7497339248657227
-2.761263370513916,0.8119329810142517,0.007906213402748108,0.8824625015258789,0.015513800084590912,-0.4688040614128113,0.035241734236478806,-2.497068405151367,-2.9322891235351562,-3.44970440864563,16.11809539794922,-1.4057236909866333,-1.2921113967895508,-1.2247223854064941
-2.5803098678588867,0.7971659898757935,-0.007352977525442839,0.7928088307380676,-0.5591880679130554,-0.0435461662709713,-0.23846709728240967,-2.6310341358184814,-7.055370330810547,-2.2685658931732178,2.577688455581665,-1.2856253385543823,-1.2469733953475952,-1.217698335647583
-2.7284185886383057,0.9579194188117981,-0.08426878601312637,-0.6296913623809814,0.7007533311843872,-0.0435461662709713,-0.3324715197086334,-3.3927507400512695,-2.002350330352783,-7.007904052734375,4.840242385864258,-1.161328673362732,-1.0305991172790527,-0.9769552946090698
-2.8713605403900146,0.901551365852356,-0.032122474163770676,-0.662869393825531,0.7344397306442261,0.12925608456134796,-0.06704726815223694,-6.199975967407227,-3.6926209926605225,-2.490861177444458,-0.4382549226284027,-1.358131766319275,-1.3809194564819336,-1.217698335647583
-2.6907169818878174,1.0153393745422363,-0.21938031911849976,0.6742860674858093,0.017607828602194786,-0.6188122630119324,-0.4026159942150116,-1.9489831924438477,-2.3881707191467285,-4.124536514282227,16.11809539794922,-1.4036320447921753,-1.2826768159866333,-1.216758131980896
-2.602559804916382,1.0778416395187378,-0.12292002886533737,0.25198617577552795,0.6474266648292542,0.7137608528137207,-0.088809072971344,-1.8716567754745483,-3.0136518478393555,-4.972901821136475,0.4165199398994446,-1.2034027576446533,-1.177559733390808,-1.0836306810379028
-2.3368430137634277,0.5633213520050049,-0.9335263967514038,-0.3407834470272064,0.7063567042350769,0.6181010007858276,0.05364668369293213,-1.4559147357940674,-1.5260052680969238,-1.845098614692688,16.11809539794922,-1.7724539041519165,-1.541176438331604,-1.4447624683380127
-1.624194622039795,0.3165636658668518,-0.8866799473762512,0.6705822944641113,-0.24931347370147705,-0.6707941889762878,0.19544129073619843,-0.9023950695991516,-1.607265591621399,-1.618173360824585,0.9207267165184021,-1.7724539041519165,-1.7724539041519165,-1.7724539041519165
-0.24092447757720947,0.08939848840236664,-0.9594396352767944,-0.5757770538330078,0.6000103950500488,-0.32555943727493286,0.4499770402908325,-1.35980224609375,-7.433277606964111,-1.35980224609375,5.537334442138672,-1.7724539041519165,-1.619536280632019,-1.4110122919082642
-0.8202387690544128,0.7260311841964722,-0.6897465586662292,0.23246511816978455,0.8897251486778259,0.2968030869960785,0.25740453600883484,-1.1369658708572388,-1.5987221002578735,-2.3385841846466064,16.11809539794922,-1.5060783624649048,-1.503164291381836,-1.383432149887085
-2.305593490600586,0.02996985986828804,-0.3873598277568817,0.7416459918022156,-0.6241617202758789,0.2315549999475479,-0.08225386589765549,-1.8512710332870483,-3.6874959468841553,-2.066288709640503,5.537334442138672,-0.41009721159935,-0.41009721159935,-0.4657036066055298
-2.230074644088745,0.4037814438343048,-0.31682807207107544,0.8991059064865112,0.21810542047023773,-0.09278672188520432,0.36800703406333923,-1.8419244289398193,-1.917540192604065,-2.8410301208496094,16.11809539794922,-1.5954598188400269,-1.600191593170166,-1.4964321851730347
-1.7597434520721436,0.183404803276062,-0.16703030467033386,-0.36533844470977783,0.6125006675720215,0.5725024342536926,0.4044893980026245,-1.6185969114303589,-1.704035758972168,-3.3407764434814453,1.0459660291671753,-0.9205564260482788,-0.9108709096908569,-0.9858129024505615
-1.742032527923584,0.07496380805969238,0.036208461970090866,-0.2771606743335724,0.6468051075935364,0.3459106683731079,0.620621383190155,-1.9191105365753174,-2.644285202026367,-3.5299322605133057,0.2202685922384262,-0.8055534362792969,-0.882767379283905,-0.9939643740653992
-0.283648282289505,0.022363219410181046,-0.0633755773305893,0.6346385478973389,-0.09781442582607269,-0.742580235004425,0.19037029147148132,-1.3458973169326782,-1.8130109310150146,-1.8397841453552246,16.11809539794922,-1.3024303913116455,-1.3935929536819458,-1.3404579162597656
-1.936882734298706,0.9807127118110657,-0.31990960240364075,-0.16413231194019318,0.7023045420646667,0.6190304756164551,0.31085389852523804,-1.6035473346710205,-2.180772542953491,-3.0843114852905273,0.4559467136859894,-1.198272705078125,-1.188586711883545,-1.025641918182373
-1.1388412714004517,0.823463499546051,-0.22292913496494293,0.6660003662109375,0.730009913444519,0.008131231181323528,0.1531762033700943,-1.3459078073501587,-1.553432583808899,-3.4333932399749756,4.619884967803955,-1.7032254934310913,-1.693785309791565,-1.696932077407837
-2.11558198928833,0.5985816121101379,-0.05380448326468468,-0.3170793056488037,0.6999648809432983,0.42135974764823914,0.4816283583641052,-1.4679617881774902,-2.0185885429382324,-2.2472429275512695,16.11809539794922,-1.580953598022461,-1.5346843004226685,-1.4768651723861694
-2.2480130195617676,0.8189361691474915,-0.1828664094209671,0.9746798872947693,-0.19975939393043518,-0.0435461662709713,-0.09054837375879288,-1.9521976709365845,-2.1365790367126465,-5.10725212097168,0.26028311252593994,-1.7724539041519165,-1.7724539041519165,-1.244193196296692
-1.606204867362976,0.881586492061615,-0.14446565508842468,0.5666854977607727,-0.2503843903541565,-0.7597442865371704,-0.19739262759685516,-1.4550833702087402,-1.563492774963379,-4.1074090003967285,16.11809539794922,-0.9737311005592346,-0.9328202605247498,-0.7962043285369873
-1.2280172109603882,1.005419135093689,-0.15652063488960266,0.8953456282615662,-0.4416825473308563,0.05045825615525246,-0.026957150548696518,-2.860537528991699,-7.061420440673828,-2.312023162841797,0.8944319486618042,-0.5769163966178894,-0.563014805316925,-0.39619559049606323
-3.362605333328247,1.1885533332824707,-1.1066185235977173,0.47643914818763733,0.45060425996780396,0.6850688457489014,0.3172416090965271,-2.4212820529937744,-2.842015266418457,-4.095842361450195,4.425198554992676,-1.0181818008422852,-0.9276890158653259,-0.8755801320075989
-3.3361332416534424,1.2958552837371826,-1.2305842638015747,0.6643690466880798,0.543399453163147,0.5071362257003784,0.07838153839111328,-1.6659423112869263,-3.2612216472625732,-3.75997257232666,0.5641441345214844,-0.41742777824401855,-0.24011945724487305,-0.321506530046463
-3.128061294555664,1.600121021270752,-1.207564353942871,0.6512340307235718,0.5428854823112488,0.5051703453063965,0.1611599177122116,-1.5956954956054688,-3.2074134349823,-3.9026548862457275,0.08391332626342773,-1.1228854656219482,-0.8602809309959412,-1.0031036138534546
-2.877284526824951,1.446010708808899,-1.1814968585968018,-0.6158671975135803,0.7332417368888855,0.0739593580365181,-0.2785572111606598,-1.8775997161865234,-3.2068023681640625,-4.650888442993164,0.9718605875968933,0.42399874329566956,0.6603259444236755,0.2710811495780945
-2.667783498764038,1.4678229093551636,-1.2946196794509888,0.926351010799408,-0.36765792965888977,-0.04736669734120369,0.06676695495843887,-2.1404824256896973,-2.8258626461029053,-4.015031814575195,16.11809539794922,-0.5277871489524841,-0.2947189211845398,-0.3879869878292084
-2.5588059425354004,1.2425163984298706,-0.8773309588432312,-0.4236522614955902,0.09605835378170013,0.7528931498527527,0.49441227316856384,-2.0628879070281982,-2.833787202835083,-3.1977145671844482,1.4548701047897339,-0.8746199607849121,-0.9011082649230957,-0.7959336042404175
-2.6222856044769287,1.1283749341964722,-0.8026195168495178,-0.5094209909439087,0.8438093066215515,0.16658136248588562,-0.026957150548696518,-2.6148030757904053,-4.340513706207275,-2.329575538635254,-0.4218320846557617,-0.020852426066994667,-0.35449081659317017,-0.1459668129682541
-2.50301194190979,1.204197645187378,-0.7198184728622437,0.7446804046630859,-0.6435155272483826,-0.12925608456134796,0.12096156924962997,-1.9302570819854736,-2.8440146446228027,-5.945382118225098,3.0992729663848877,-1.577831506729126,-1.6473394632339478,-1.5222251415252686
-2.962517499923706,1.4736109972000122,-0.8526958227157593,0.6069921255111694,-0.5564618110656738,-0.3106110990047455,-0.474796324968338,-2.180741310119629,-2.5511300563812256,-3.078338861465454,2.598961591720581,-1.1075451374053955,-0.9513736367225647,-0.9513736367225647
-2.871583938598633,1.6451337337493896,-0.5999464988708496,0.5728489756584167,-0.5698063373565674,-0.5672553777694702,-0.1593301147222519,-1.6908979415893555,-3.128114700317383,-3.5168356895446777,16.11809539794922,-1.3519647121429443,-1.2207255363464355,-1.225061297416687
-3.189863920211792,1.775942087173462,-1.155151128768921,0.8399685025215149,-0.5356869697570801,-0.08225386589765549,-0.026957150548696518,-10,-2.7079694271087646,-1.9521976709365845,1.3619623184204102,-0.7715387940406799,-0.5074083805084229,-0.5769163966178894
-2.7456722259521484,2.0198042392730713,-1.3194985389709473,0.7691534757614136,-0.5425990223884583,0.05875276401638985,0.3324715197086334,-1.1491726636886597,-5.991197109222412,-1.9302570819854736,5.537334442138672,0.5213099122047424,0.8410466909408569,0.5352115631103516
-3.263887882232666,1.7697620391845703,-0.7299165725708008,0.6316161155700684,-0.31677353382110596,-0.5150598287582397,-0.48521023988723755,-1.5623267889022827,-2.053706169128418,-3.012033462524414,-0.5320826172828674,0.37530216574668884,0.5663740038871765,0.16852612793445587
-3.4160728454589844,1.6550354957580566,-0.7348732352256775,-0.5370693802833557,0.8268774747848511,-0.1527571827173233,0.06704726815223694,-10,-2.7261087894439697,-2.000466823577881,-0.9916401505470276,-1.1468819379806519,-0.7715387940406799,-0.7020307779312134
-3.0781404972076416,1.9735709428787231,-0.785418689250946,0.9785447120666504,-0.19060520827770233,-0.05772700533270836,-0.0527968667447567,-1.5188370943069458,-2.541264772415161,-2.747688055038452,0.4149690270423889,0.053266741335392,0.37768277525901794,0.039885058999061584
-2.9639604091644287,2.1373908519744873,-0.6731897592544556,0.9405593276023865,0.31940239667892456,0.09135745465755463,0.07059817016124725,-1.8202617168426514,-2.1143856048583984,-3.436415195465088,16.11809539794922,0.3130249083042145,0.763990044593811,0.9453941583633423
-2.58015513420105,2.03208589553833,-0.5341739654541016,-0.4968400299549103,0.6173771023750305,0.40981337428092957,0.4517172574996948,-1.4052528142929077,-2.433689832687378,-3.198413848876953,16.11809539794922,-1.4949896335601807,-1.4173109531402588,-1.3585079908370972
-2.7415592670440674,1.0668970346450806,-0.5065430998802185,-0.6711639165878296,0.7346816658973694,-0.09884288161993027,0.0034560449421405792,-10,-2.1547183990478516,-2.2900824546813965,-0.7646061182022095,-1.2024883031845093,-1.2997995615005493,-1.0634723901748657
-2.3651504516601562,1.2951847314834595,-0.4953906536102295,0.43209731578826904,0.7966203093528748,0.38400712609291077,0.1767103224992752,-1.5515693426132202,-2.262481451034546,-2.9109365940093994,-0.31347304582595825,-1.7724539041519165,-1.7251468896865845,-1.692031979560852
-2.5976083278656006,1.224690318107605,-0.43126946687698364,0.6993419528007507,-0.6683990955352783,0.23017258942127228,0.10575497150421143,-10,-1.728442907333374,-2.0224075317382812,-1.2227606773376465,-0.7715387940406799,-0.7576372027397156,-0.6603260040283203
-3.514702558517456,1.3251436948776245,-0.37102633714675903,0.9225192666053772,-0.2793903052806854,-0.1813553422689438,0.19496013224124908,-2.3244881629943848,-3.227579355239868,-3.772217273712158,2.517639398574829,-0.9344744682312012,-0.8552167415618896,-0.9205728769302368
-3.358492374420166,1.4849467277526855,-0.3509775698184967,0.6734542846679688,-0.6255441308021545,0.2315549999475479,0.3186473250389099,-7.722568511962891,-2.045881986618042,-2.132110357284546,-0.4878840446472168,-0.7993419766426086,-0.6742275953292847,-0.7437355518341064
-3.386460065841675,1.5830719470977783,-0.34062740206718445,0.4188126027584076,0.7621915340423584,0.436656653881073,0.23019790649414062,-1.690554141998291,-2.4500906467437744,-4.012205123901367,-0.9202917218208313,-0.9826114177703857,-0.7513814568519592,-0.8083781003952026
-2.6222856044769287,1.2123947143554688,-0.19666658341884613,0.6546033620834351,-0.5052737593650818,-0.24676160514354706,-0.5052737593650818,-3.760100841522217,-8.059086799621582,-2.6323554515838623,1.3862943649291992,-1.3832091093063354,-1.2580947875976562,-1.2163898944854736
-2.5481467247009277,1.155380368232727,-0.16402244567871094,0.5968993306159973,0.6053205728530884,0.524130642414093,0.05084607005119324,-1.9719512462615967,-3.0608153343200684,-4.722586154937744,2.053295135498047,-1.5688046216964722,-1.5416977405548096,-1.4092843532562256
-2.5770440101623535,1.2451828718185425,-0.23932164907455444,-0.5025089383125305,0.7906774878501892,0.3310891091823578,-0.11266706138849258,-2.197932004928589,-10,-3.185257911682129,1.0933903455734253,-0.9244563579559326,-0.813243567943573,-0.7715387940406799
-2.3927955627441406,1.3188185691833496,-0.20329204201698303,0.4095291197299957,0.7668576240539551,0.4913565516471863,-0.0527634471654892,-1.8794078826904297,-2.522519826889038,-4.049619197845459,0.054764363914728165,-1.0136451721191406,-0.9571018815040588,-0.8877496123313904
-3.274439811706543,1.3731977939605713,-0.16396674513816833,-0.09953802078962326,0.8455063104629517,0.420634001493454,0.31349363923072815,-2.3016343116760254,-3.3091726303100586,-4.730783462524414,0.14778490364551544,-0.9353246688842773,-0.8182704448699951,-0.9411661624908447
-3.362605333328247,1.4972422122955322,-0.24684901535511017,-0.6283089518547058,0.7370916604995728,0.11266706138849258,0.2218780815601349,-3.6898910999298096,-10,-2.5709218978881836,1.4109870195388794,-1.1746851205825806,-1.0634723901748657,-1.0495707988739014
-3.169299602508545,1.5320796966552734,-0.21172131597995758,-0.4582715630531311,0.6837754845619202,0.02004506066441536,-0.567482590675354,-10,-2.5356452465057373,-2.3910090923309326,-1.5953861474990845,-1.07737398147583,-0.9939643740653992,-0.9939643740653992
-3.421910285949707,1.580700159072876,-0.5361971855163574,0.8419409990310669,-0.1617860347032547,-0.5136586427688599,0.03339780867099762,-2.277876615524292,-2.834226608276367,-3.9166128635406494,16.11809539794922,-0.6682857871055603,-0.5075206756591797,-0.574898362159729
-3.18575119972229,1.9316860437393188,-0.6232172846794128,-0.6158671975135803,0.7412542104721069,-0.19284729659557343,-0.18455280363559723,-5.879560470581055,-2.3270423412323,-3.299348831176758,5.537334442138672,-0.688129186630249,-0.45180198550224304,-0.45180198550224304
-3.2556700706481934,1.8866022825241089,-0.5328888893127441,-0.5370693802833557,0.8277783989906311,-0.0739593580365181,-0.1444626748561859,-10,-3.1070358753204346,-2.4699952602386475,0.26028311252593994,-0.688129186630249,-0.563014805316925,-0.6464243531227112
-2.852607250213623,1.8374199867248535,-0.4814518988132477,-0.3960627317428589,0.7972510457038879,-0.32555943727493286,-0.3186473250389099,-6.199892520904541,-2.263554573059082,-3.0492262840270996,4.840242385864258,-1.369307518005371,-1.2580947875976562,-1.1607835292816162
-2.759908676147461,2.0606253147125244,-0.4379066526889801,-0.3616252839565277,0.26996874809265137,0.5217870473861694,0.7239352464675903,-1.8264049291610718,-1.8666191101074219,-3.0936124324798584,16.11809539794922,-1.3077704906463623,-1.162192702293396,-1.005531668663025
-3.4901046752929688,1.638641357421875,-0.2782130539417267,0.7484254837036133,-0.5439814925193787,-0.20805390179157257,0.3172649145126343,-3.185257911682129,-2.4540181159973145,-10,0.38915154337882996,0.15986835956573486,0.3822939395904541,0.10426196455955505
-3.125718116760254,1.5864509344100952,-0.27676650881767273,0.9306301474571228,0.08899836987257004,-0.3335970342159271,0.12132544070482254,-2.062051773071289,-2.9279978275299072,-3.2798619270324707,1.0168440341949463,-1.41408109664917,-1.2394981384277344,-1.231734275817871
-3.042126178741455,1.561866283416748,0.0499836727976799,0.6090608835220337,0.5255988836288452,0.5800437927246094,0.1278274804353714,-2.01621413230896,-3.1452221870422363,-3.7866928577423096,0.476529061794281,-0.916965663433075,-0.7679988741874695,-0.7907508015632629
-3.169299602508545,2.0177550315856934,-0.22301235795021057,0.7355993390083313,-0.6739287376403809,-0.02004506066441536,0.0656648501753807,-7.722568511962891,-2.6172726154327393,-3.036062002182007,2.7725887298583984,-0.8827515840530396,-0.6742275953292847,-0.688129186630249
-3.325589179992676,1.987016201019287,-0.10131995379924774,0.706240713596344,-0.4098869264125824,-0.5108034610748291,-0.26888027787208557,-5.879560470581055,-3.1070358753204346,-3.251079559326172,1.4360558986663818,-0.45180198550224304,-0.45180198550224304,-0.8549483418464661
-2.984219789505005,2.0218536853790283,-0.2844858467578888,-0.5743946433067322,0.8023287057876587,0.0739593580365181,-0.1444626748561859,-10,-2.6354119777679443,-2.066288709640503,-0.3405072093009949,-1.3137011528015137,-1.2024883031845093,-1.0634723901748657
-2.6181728839874268,2.046444892883301,-0.20795764029026031,-0.4790078103542328,0.8692054152488708,0.12096156924962997,0.02004506066441536,-7.722568511962891,-3.1886630058288574,-2.1759915351867676,4.840242385864258,-0.1459668129682541,0.15986835956573486,-0.173770010471344
-2.848494529724121,1.9070948362350464,-0.16655711829662323,-0.5771594643592834,0.7575117349624634,-0.08225386589765549,-0.29376381635665894,-10,-2.916572332382202,-2.000466823577881,3.567518711090088,-1.188586711883545,-0.9939643740653992,-0.9800627827644348
-2.9019572734832764,2.0136518478393555,-0.10801190137863159,0.05921419337391853,0.5702936053276062,0.8109462261199951,-0.1167268380522728,-2.152019500732422,-2.5512654781341553,-2.9940388202667236,0.6915029883384705,-0.8364182114601135,-0.680027186870575,-0.7263764142990112
-2.346722364425659,1.437813639640808,-1.0911685228347778,0.8193013668060303,-0.5052737593650818,-0.2702627182006836,-0.02004506066441536,-2.1101698875427246,-2.245415210723877,-7.00730562210083,5.537334442138672,-0.5908179879188538,-0.5491132140159607,-0.41009721159935
-2.116400718688965,1.3455967903137207,-0.836492657661438,-0.5425990223884583,0.7849136590957642,-0.261968195438385,-0.1444626748561859,-6.4192986488342285,-2.6172726154327393,-1.724015712738037,0.2125614434480667,-1.7724539041519165,-1.7446507215499878,-1.5917330980300903
0.11183583736419678,1.1601927280426025,-1.026198148727417,0.9512637853622437,-0.019063198938965797,-0.07479365170001984,0.2985627353191376,-0.9702610969543457,-1.3134764432907104,-2.315706491470337,16.11809539794922,-1.7724539041519165,-1.7724539041519165,-1.7724539041519165
-1.5241450071334839,1.7329075336456299,-1.2642979621887207,0.7183064818382263,-0.6794584393501282,0.13755059242248535,-0.05875276401638985,-4.602619171142578,-1.728442907333374,-1.7591205835342407,1.2005772590637207,-1.5083235502243042,-1.4388154745101929,-1.369307518005371
-2.165417432785034,1.8016667366027832,-0.9471152424812317,-0.25126364827156067,0.4606308341026306,0.8400983810424805,0.13755179941654205,-1.8111498355865479,-2.32021427154541,-2.972445487976074,16.11809539794922,0.8891313076019287,1.2404321432113647,1.0110976696014404
-2.338496446609497,1.880454421043396,-0.8766385912895203,-0.564717710018158,0.8128355741500854,0.09746046364307404,-0.1043725535273552,-2.197932004928589,-10,-2.8034918308258057,5.537334442138672,0.8688499331474304,1.271996259689331,0.98006272315979
-1.3472908735275269,1.9952131509780884,-0.7110365629196167,0.8406439423561096,-0.5038913488388062,-0.13616816699504852,0.1444626748561859,-1.724015712738037,-5.882360935211182,-1.6450296640396118,3.725693464279175,-1.7724539041519165,-1.3832091093063354,-1.244193196296692
-1.1731141805648804,1.6422449350357056,-0.622068464756012,0.5963951945304871,-0.0001694296661298722,-0.7142705321311951,-0.36623817682266235,-1.3039867877960205,-1.7243285179138184,-2.4459831714630127,0.641914427280426,-1.7724539041519165,-1.7724539041519165,-1.7599408626556396
-1.797580599784851,1.2550090551376343,-0.37818223237991333,0.46693673729896545,0.3388482332229614,0.2687043249607086,0.7713299989700317,-1.9337306022644043,-2.138704538345337,-3.0403826236724854,0.5206130146980286,-0.5647251605987549,-0.42864733934402466,-0.4130793809890747
-1.3858152627944946,1.1505404710769653,-0.31907281279563904,0.6432082056999207,0.5981633067131042,0.4775782525539398,0.020072080194950104,-1.3529448509216309,-1.5984195470809937,-3.480694055557251,2.3199307918548584,-1.278306007385254,-1.2086215019226074,-1.1226965188980103
-2.141077995300293,1.489045262336731,-0.3810870349407196,-0.5190979242324829,0.8304014801979065,0.1914648860692978,0.0656648501753807,-6.019979953765869,-3.1886630058288574,-2.2242608070373535,0.3728889524936676,-0.9105547666549683,-0.7715387940406799,-0.7854403853416443
-1.8692837953567505,1.5417239665985107,-0.46528127789497375,0.9393002390861511,0.2476676106452942,0.009983249939978123,0.23722590506076813,-2.2518515586853027,-2.599339723587036,-3.3664047718048096,1.198940396308899,-0.8692246675491333,-0.7109488248825073,-0.6938621997833252
-2.402442455291748,1.2707973718643188,-0.30049604177474976,0.39864009618759155,0.6765055656433105,0.6139851808547974,0.0803021788597107,-2.351116895675659,-2.8546180725097656,-3.824788808822632,16.11809539794922,-1.5467194318771362,-1.4550349712371826,-1.35176682472229
-2.3494484424591064,1.0561566352844238,0.05000653862953186,0.5901371240615845,0.09761076420545578,-0.7436015009880066,-0.2987760007381439,-1.8604830503463745,-3.0284969806671143,-3.665358781814575,0.8375541567802429,-1.239804744720459,-1.1788229942321777,-1.1115810871124268
-1.6775718927383423,1.1048225164413452,-0.009123253636062145,0.6254391074180603,0.1397729068994522,-0.6869375705718994,-0.3426458537578583,-1.9777610301971436,-2.565582513809204,-3.284985303878784,3.7189278602600098,-1.5519567728042603,-1.4144692420959473,-1.4052566289901733
-1.8696274757385254,1.4050253629684448,-0.11135644465684891,-0.6144847869873047,0.7407022714614868,0.2702627182006836,0.026957150548696518,-1.5616555213928223,-2.064021348953247,-7.00730562210083,-0.65805584192276,-1.6056346893310547,-1.577831506729126,-1.3554059267044067
-0.04350593686103821,1.4542077779769897,-0.4576152563095093,0.7028201818466187,-0.6393682956695557,-0.2868517339229584,0.1223439872264862,-1.3992952108383179,-10,-1.3992952108383179,5.537334442138672,-1.0495707988739014,-0.9939643740653992,-0.9939643740653992
-1.2563176155090332,1.7380421161651611,-0.489876389503479,0.42048880457878113,0.3971773087978363,0.7908880114555359,0.1998385787010193,-1.1961690187454224,-2.072014093399048,-2.725555419921875,1.25381338596344,-0.32513192296028137,-0.1193683072924614,-0.16202645003795624
-1.1580981016159058,1.4665032625198364,-0.1464841514825821,0.7131075859069824,-0.6656342148780823,-0.15137477219104767,0.15966928005218506,-1.9039283990859985,-6.78026008605957,-1.9785263538360596,5.537334442138672,-0.6603260040283203,-0.5491132140159607,-0.563014805316925
-2.3755125999450684,1.5730650424957275,-0.5416708588600159,-0.5799243450164795,0.7836173176765442,0.02004506066441536,-0.2218780815601349,-7.722568511962891,-2.7261087894439697,-3.2115864753723145,0.4712783396244049,-0.9244563579559326,-0.7993419766426086,-0.7715387940406799
-1.9847882986068726,1.591508388519287,-0.6646177768707275,0.8011654615402222,-0.5356869697570801,0.261968195438385,-0.05045825615525246,-6.199892520904541,-2.5900633335113525,-2.8824779987335205,5.537334442138672,-0.5908179879188538,-0.2849828004837036,-0.5352115631103516
-1.9313207864761353,1.790286898612976,-0.6533267498016357,-0.5813067555427551,0.7920153737068176,0.03525165840983391,-0.1831703782081604,-10,-1.9733245372772217,-2.6674604415893555,2.7725887298583984,0.2710811495780945,0.6186211109161377,0.42399874329566956
-1.4172099828720093,1.7185627222061157,-0.5391616821289062,0.7766971588134766,-0.6283089518547058,0.03525165840983391,0.026957150548696518,-2.448054552078247,-10,-2.132110357284546,5.537334442138672,0.24327795207500458,0.715932309627533,0.7298339009284973
-1.2403558492660522,1.6632325649261475,-0.4576152563095093,0.7961236238479614,-0.5453639030456543,-0.13755059242248535,-0.22326049208641052,-10,-2.79866623878479,-2.088229179382324,1.6524039506912231,1.0356690883636475,1.7724539041519165,1.0495706796646118
-1.7668052911758423,1.726759672164917,-0.47894278168678284,0.7998142242431641,-0.5743946433067322,0.09746046364307404,-0.1444626748561859,-3.0667788982391357,-6.78026008605957,-2.066288709640503,5.537334442138672,-0.006950825918465853,0.3822939395904541,0.3266875445842743
-1.9971269369125366,1.665281891822815,-0.04862840101122856,-0.38638582825660706,0.900368869304657,0.12925608456134796,-0.1527571827173233,-7.722568511962891,-2.7079694271087646,-3.1633174419403076,0.4712783396244049,-1.2163898944854736,-1.0495707988739014,-1.035669207572937
-2.1863198280334473,1.767745018005371,-0.04988295957446098,0.9216651320457458,-0.3573550283908844,-0.12096156924962997,0.09054837375879288,-7.722568511962891,-2.3723909854888916,-3.0492262840270996,1.7117167711257935,-1.2024883031845093,-1.0078659057617188,-0.9939643740653992
-2.120839834213257,1.9737917184829712,-0.28974226117134094,0.6339106559753418,-0.5619180202484131,-0.30138057470321655,-0.4376929998397827,-2.024661064147949,-2.4674899578094482,-3.222970962524414,16.11809539794922,-1.4825682640075684,-1.3574538230895996,-1.3385508060455322
-2.026362895965576,1.994157075881958,0.008164905942976475,0.7238821983337402,0.5797383785247803,0.36691969633102417,0.07258015871047974,-1.592377781867981,-2.2056376934051514,-3.744887590408325,-0.07304047048091888,-1.7502769231796265,-1.272928237915039,-1.3348866701126099
-0.7673739194869995,2.0095579624176025,-0.3810870349407196,0.7407280802726746,-0.5688650012016296,0.0034560449421405792,-0.3573550283908844,-1.434400200843811,-5.43794584274292,-1.9302570819854736,5.537334442138672,-1.7724539041519165,-1.1746851205825806,-1.021767497062683
-0.9356113076210022,1.7576353549957275,0.03236529603600502,-0.39309120178222656,0.23536939918994904,0.27688300609588623,0.844639778137207,-1.1583701372146606,-1.5809987783432007,-3.7460858821868896,2.506683588027954,-1.7499085664749146,-1.7208442687988281,-1.6910994052886963
4.55881404876709,1.005419135093689,-2.06972599029541,-0.3628847002983093,0.9317535161972046,0.0034560449421405792,0.01175055280327797,-1.3246972560882568,-7.433277606964111,-2.1759915351867676,5.537334442138672,0.6186211109161377,0.6603259444236755,0.7576371431350708
4.608633995056152,1.3028162717819214,-2.441854953765869,0.5039881467819214,0.8341100811958313,0.19630876183509827,-0.10825514048337936,-1.0211749076843262,-1.1737830638885498,-3.1233794689178467,0.34440359473228455,-0.3056508004665375,-0.24616235494613647,0.0043808636255562305
4.580223560333252,0.8317079544067383,-1.5938811302185059,0.9859487414360046,-0.08810428529977798,-0.08262568712234497,-0.1153939738869667,-1.2438360452651978,-2.2783706188201904,-3.0189480781555176,0.8877142071723938,-1.7724539041519165,-1.7724539041519165,-1.7724539041519165
0.8872870802879333,1.3212859630584717,-1.7528709173202515,0.9792246222496033,-0.12996184825897217,-0.014620508998632431,0.154968723654747,-0.11578288674354553,-1.186439871788025,-1.3017252683639526,1.923298954963684,-1.7724539041519165,-1.7724539041519165,-1.7724539041519165
2.350193977355957,1.3558430671691895,-1.4186089038848877,-0.5730122327804565,0.7526142001152039,0.32417699694633484,-0.01175055280327797,-1.1930538415908813,-6.571657180786133,-1.1491726636886597,5.537334442138672,-0.2849828004837036,-0.3405891954898834,-0.2849828004837036
2.240920066833496,1.858452558517456,-1.372525691986084,0.286985844373703,0.831645667552948,0.47518372535705566,0.014320071786642075,-1.1296871900558472,-1.3502888679504395,-4.458348274230957,1.753747582435608,-0.4713367521762848,-0.37111225724220276,-0.36867040395736694
3.218013048171997,1.249281406402588,-2.326910972595215,-0.5591880679130554,0.7244183421134949,0.40297484397888184,-0.01175055280327797,-7.08190393447876,-1.1479827165603638,-1.5353268384933472,5.537334442138672,-1.7724539041519165,-1.7724539041519165,-1.7724539041519165
2.8651132583618164,1.0304200649261475,-1.6097373962402344,-0.49368712306022644,-0.2313813865184784,0.8244259357452393,-0.1518472284078598,-0.48489388823509216,-1.4124200344085693,-2.1768877506256104,0.6702331304550171,-1.083932638168335,-1.1231898069381714,-1.2933359146118164
3.93776798248291,1.0791926383972168,-2.274219512939453,0.7477715015411377,-0.4499770402908325,0.28546929359436035,-0.3960627317428589,-2.1101698875427246,-0.7217073440551758,-10,5.537334442138672,1.2858978509902954,1.2858978509902954,1.188586711883545
4.591716766357422,1.1837049722671509,-2.309347152709961,-0.31588250398635864,0.9311524033546448,-0.13616816699504852,-0.12096156924962997,-1.0175292491912842,-10,-2.066288709640503,5.537334442138672,1.7724539041519165,1.7724539041519165,1.6890442371368408
3.176884174346924,1.5751142501831055,-2.5715503692626953,0.8382353186607361,-0.5425990223884583,0.02004506066441536,-0.05045825615525246,-1.697687029838562,-1.6740248203277588,-5.260836124420166,5.537334442138672,0.4379003345966339,0.6464243531227112,0.3822939395904541
2.893095016479492,1.710365653038025,-2.250382661819458,-0.5439814925193787,0.7623627781867981,0.2702627182006836,-0.22326049208641052,-7.722568511962891,-1.4291431903839111,-1.8512710332870483,5.537334442138672,-0.6603260040283203,-0.39619559049606323,-0.7715387940406799
2.848304510116577,1.7001075744628906,-1.947314977645874,-0.40479621291160583,0.4122670292854309,0.28215134143829346,0.7658763527870178,-1.284392237663269,-1.8680906295776367,-3.5282089710235596,16.11809539794922,-0.07799222320318222,0.11971860378980637,-0.09342722594738007
3.5255355834960938,1.33556067943573,-2.1144649982452393,0.483884334564209,0.8481481075286865,0.17750345170497894,-0.12244702875614166,-0.5334417819976807,-1.8265188932418823,-3.793668746948242,-0.11318621039390564,1.715471863746643,1.7354155778884888,1.7468119859695435
2.9452240467071533,1.122550368309021,-1.3862605094909668,-0.2254859060049057,0.3996872007846832,0.3278743028640747,0.8257752060890198,-1.1381186246871948,-1.6640251874923706,-4.947012424468994,2.5035555362701416,-1.7724539041519165,-1.7724539041519165,-1.741647481918335
3.87607479095459,1.0750941038131714,-1.3533717393875122,0.7807586789131165,-0.6075726747512817,-0.02004506066441536,-0.1444626748561859,-2.197932004928589,-1.8282095193862915,-7.00730562210083,3.0992729663848877,-1.7724539041519165,-1.7724539041519165,-1.7724539041519165
0.2660162150859833,0.19938385486602783,-0.4917464852333069,0.654435396194458,-0.5859196782112122,-0.2758760154247284,-0.3902624845504761,-1.1335225105285645,-1.6202166080474854,-1.63355553150177,16.11809539794922,-1.140486478805542,-1.1468819379806519,-1.1118755340576172
2.2761619091033936,0.6570443511009216,-0.9280756115913391,0.7083725333213806,-0.7015771269798279,-0.05875276401638985,0.05045825615525246,-1.3246972560882568,-5.628409385681152,-1.3246972560882568,5.537334442138672,-1.0495707988739014,-1.0634723901748657,-0.8966531753540039
0.5528625845909119,0.39268943667411804,-0.5090522766113281,-0.6144847869873047,0.6618010997772217,0.4264759421348572,-0.05045825615525246,-5.10725212097168,-1.3928643465042114,-1.434400200843811,5.537334442138672,-0.2293764054775238,-0.35449081659317017,-0.1459668129682541
0.7379424571990967,0.6734384894371033,-0.6382720470428467,-0.41679900884628296,0.8233198523521423,0.0739593580365181,-0.37809130549430847,-1.5616555213928223,-8.059086799621582,-2.513876438140869,5.537334442138672,-1.2163898944854736,-1.369307518005371,-1.4388154745101929
1.3384238481521606,0.7041774392127991,-0.48647016286849976,0.7342601418495178,-0.662869393825531,-0.13755059242248535,-0.05045825615525246,-1.3992952108383179,-10,-1.3992952108383179,5.537334442138672,-0.813243567943573,-0.8827515840530396,-0.7437355518341064
1.7111752033233643,0.8014166355133057,0.017571916803717613,0.054087962955236435,0.5789512395858765,0.7720534801483154,0.2565607726573944,-1.2749634981155396,-1.6481505632400513,-2.1911394596099854,16.11809539794922,-1.7724539041519165,-1.7724539041519165,-1.7724539041519165
2.008998155593872,1.120815634727478,-0.45152953267097473,-0.34891238808631897,0.4112241864204407,0.11979485303163528,0.8335490822792053,-1.1946660280227661,-1.7102994918823242,-1.905794620513916,16.11809539794922,-1.7724539041519165,-1.7724539041519165,-1.7724539041519165
3.7344281673431396,0.9500263929367065,-0.8810917735099792,0.7787079215049744,0.5167293548583984,0.3528583347797394,-0.04577948898077011,-1.4334124326705933,-2.1339519023895264,-4.556952476501465,0.3613279163837433,0.20694269239902496,0.08182831108570099,0.07543998211622238
3.113260269165039,1.2466918230056763,-0.8415489792823792,0.39529815316200256,0.2916108965873718,0.5145472884178162,0.7028111815452576,-1.847699761390686,-2.477890729904175,-2.9308903217315674,0.534387469291687,0.09189911931753159,0.40404775738716125,0.034595537930727005
4.094057559967041,0.5115466713905334,-1.3395715951919556,-0.5896012783050537,0.6989619731903076,0.37809130549430847,0.1444626748561859,-1.3992952108383179,-7.061420440673828,-1.3992952108383179,1.6524039506912231,-0.173770010471344,-0.5352115631103516,-0.688129186630249
3.715672254562378,0.8332809805870056,-1.276843547821045,-0.6283089518547058,0.7762762904167175,-0.0435461662709713,0.026957150548696518,-1.7942255735397339,-6.78026008605957,-2.197932004928589,2.7725887298583984,-0.45180198550224304,-0.7715387940406799,-0.5213099718093872
3.9667000770568848,0.8138864040374756,-0.9897794127464294,0.46992039680480957,0.8569707870483398,0.051917530596256256,-0.20513515174388885,-1.553362488746643,-2.521663188934326,-3.1515631675720215,0.1368577927350998,-1.2430777549743652,-1.4398112297058105,-1.7724539041519165
4.404332160949707,0.855189323425293,-1.1877795457839966,-0.2990491986274719,0.32222333550453186,0.6069421172142029,0.6620898246765137,-1.0473312139511108,-2.167793035507202,-3.623737335205078,-0.055254846811294556,1.7724539041519165,1.7724539041519165,1.7724539041519165
4.734073162078857,0.7101144790649414,-0.7023372650146484,0.5736935138702393,-0.5169923305511475,-0.4385950267314911,-0.4595966935157776,-1.7671990394592285,-2.1485588550567627,-3.623098134994507,2.1459028720855713,-1.7724539041519165,-1.7724539041519165,-1.7724539041519165
3.9788968563079834,0.917300820350647,-0.9895491003990173,-0.6435155272483826,0.7531320452690125,-0.13616816699504852,-0.01175055280327797,-4.08920955657959,-3.8054018020629883,-2.448054552078247,5.537334442138672,0.47960513830184937,0.2571795582771301,0.18767155706882477
3.327287197113037,0.7888491153717041,-0.600384533405304,0.06294050812721252,0.679290771484375,0.6389563679695129,-0.3554396629333496,-1.4065004587173462,-2.0245606899261475,-3.582329750061035,1.177995204925537,-0.35449081659317017,-0.41200849413871765,-0.4061439633369446
2.847853183746338,0.9705816507339478,-0.5002703070640564,-0.5992781519889832,0.739168107509613,0.29376381635665894,-0.09054837375879288,-4.536797046661377,-2.4721574783325195,-2.860537528991699,5.537334442138672,-1.035669207572937,-0.9939643740653992,-0.8827515840530396
2.8314015865325928,0.9931235313415527,-0.36603230237960815,0.72505122423172,-0.6545748710632324,-0.20805390179157257,0.05045825615525246,-1.623089075088501,-7.433277606964111,-1.697687029838562,-0.7286538481712341,0.4935067296028137,0.3266875445842743,0.42399874329566956
3.032932996749878,0.9808279275894165,-0.5943623781204224,0.7830488681793213,-0.5564232468605042,-0.02004506066441536,-0.27717480063438416,-2.268141984939575,-6.390263557434082,-2.860537528991699,5.537334442138672,0.02085237205028534,0.10426196455955505,0.15986835956573486
3.365083932876587,0.8120640516281128,-0.3773449659347534,-0.10287895798683167,0.4090001881122589,0.49698948860168457,0.7583773732185364,-2.1694624423980713,-2.787330389022827,-3.3656296730041504,16.11809539794922,0.7201268672943115,0.5868632197380066,0.513160765171051
2.6241238117218018,0.6499288082122803,0.0118174459785223,-0.3211980164051056,0.2775195240974426,0.43362295627593994,0.7948495745658875,-1.6357953548431396,-1.8085771799087524,-3.748258590698242,1.8330661058425903,-1.7724539041519165,-1.5258628129959106,-1.4765446186065674
3.5576963424682617,0.7417616844177246,-0.15332256257534027,0.957176685333252,-0.16795723140239716,0.21965675055980682,-0.08575577288866043,-2.2916369438171387,-3.1051025390625,-3.449827194213867,16.11809539794922,0.1829395890235901,0.04604773595929146,0.05994933471083641
3.3503947257995605,0.7140347361564636,-0.06758914142847061,-0.4965755045413971,-0.2148493379354477,0.8384295105934143,-0.06548676639795303,-1.8544950485229492,-2.629852294921875,-2.9203641414642334,16.11809539794922,-0.8883301019668579,-1.182651162147522,-1.127134084701538
3.551156759262085,0.698029637336731,-0.06242856755852699,-0.35459020733833313,0.9008378386497498,-0.24537917971611023,-0.05045825615525246,-2.2900824546813965,-6.390263557434082,-2.9482996463775635,5.537334442138672,0.8271450996398926,0.7298339009284973,0.6464243531227112
3.3331737518310547,0.9931235313415527,-0.24559445679187775,0.7158012390136719,-0.3877682387828827,-0.40297484397888184,-0.4181814193725586,-1.724015712738037,-10,-1.5967603921890259,-1.9414358139038086,1.021767497062683,0.98006272315979,1.1607835292816162
3.032932996749878,0.8045912981033325,-0.0749741792678833,0.6939569711685181,-0.6393682956695557,-0.1527571827173233,-0.29376381635665894,-1.35980224609375,-3.7600533962249756,-5.260836124420166,5.537334442138672,0.6464243531227112,0.5491131544113159,0.5491131544113159
4.57483434677124,0.6217771768569946,-0.52784264087677,0.7366111278533936,-0.3786025047302246,-0.37307947874069214,-0.4181816875934601,-1.474259614944458,-1.4968618154525757,-3.669257879257202,16.11809539794922,-0.33711645007133484,-0.64961838722229,-0.5653406381607056
4.5187835693359375,0.7237663269042969,-0.3278733193874359,0.5012061595916748,0.7754402756690979,0.3048895597457886,-0.23351046442985535,-2.159811496734619,-2.88787841796875,-4.373324871063232,1.570870041847229,0.5858098268508911,0.4544784128665924,0.5380603671073914
4.551098823547363,0.723311185836792,-0.3975014388561249,0.6155140399932861,0.7539487481117249,-0.11308275163173676,-0.1997900903224945,-1.9365102052688599,-2.5290050506591797,-4.273115634918213,0.9373874068260193,0.2534542679786682,0.2411138415336609,0.1128358468413353
3.7359042167663574,0.804495096206665,-0.4974619150161743,0.5363544821739197,0.8200070858001709,0.09430613368749619,-0.17612111568450928,-1.6073572635650635,-3.2547802925109863,-4.401561260223389,1.5925172567367554,-1.7724539041519165,-1.7724539041519165,-1.7724539041519165
3.9624452590942383,0.9541875123977661,-0.6508176326751709,0.7256993055343628,-0.6642518043518066,-0.05875276401638985,0.16934619843959808,-1.724015712738037,-2.2907636165618896,-7.00730562210083,-0.2762533724308014,1.7724539041519165,1.7724539041519165,1.7724539041519165
4.225447177886963,0.9344256520271301,-0.5107736587524414,0.44790488481521606,0.3737083077430725,0.8070314526557922,0.09178021550178528,-1.8103737831115723,-3.3775510787963867,-3.9326188564300537,0.8469955921173096,-0.20803910493850708,-0.2489895224571228,-0.3777678608894348
3.998094320297241,0.7745733261108398,-0.35320842266082764,0.516014814376831,-0.3308257758617401,-0.7189434170722961,-0.3277245759963989,-1.8706355094909668,-3.3228790760040283,-3.768049955368042,0.05232826620340347,0.3822939395904541,0.2738151550292969,0.2204035371541977
3.904865026473999,0.7390149235725403,-0.22175779938697815,-0.5204803347587585,0.8413257002830505,0.02004506066441536,-0.1444626748561859,-2.2900824546813965,-10,-3.41782808303833,5.537334442138672,-0.6603260040283203,-0.9244563579559326,-0.9939643740653992
4.122848033905029,0.7226207852363586,-0.10006539523601532,0.8604369163513184,-0.5066561698913574,0.02004506066441536,0.05045825615525246,-3.0492262840270996,-3.5877292156219482,-6.340312480926514,5.537334442138672,-1.7724539041519165,-1.7724539041519165,-1.7724539041519165
4.003574371337891,0.7287685871124268,-0.07622873783111572,0.764443039894104,-0.63798588514328,-0.02004506066441536,-0.09054837375879288,-3.2291390895843506,-2.5537846088409424,-10,5.537334442138672,1.7724539041519165,1.7724539041519165,1.7724539041519165
4.109640598297119,0.6699000000953674,0.03931069374084473,0.4771465063095093,0.806393563747406,-0.2728344798088074,0.21822446584701538,-2.046738386154175,-3.1302216053009033,-4.333434104919434,16.11809539794922,1.500638484954834,1.5193843841552734,1.7724539041519165
4.534136772155762,0.6939311027526855,-0.309577077627182,0.7573906183242798,-0.6158671975135803,-0.11404947936534882,0.18455280363559723,-2.6323554515838623,-2.5356452465057373,-4.650888442993164,5.537334442138672,-0.5491132140159607,-0.688129186630249,-0.6603260040283203
4.256863117218018,0.7130652070045471,-0.21083305776119232,0.6621500849723816,0.7359769940376282,0.08302194625139236,-0.1140286847949028,-2.0046839714050293,-2.4957973957061768,-5.11961030960083,16.11809539794922,1.7724539041519165,1.7724539041519165,1.7724539041519165
4.81561803817749,0.7200118899345398,0.008736141957342625,-0.4723590016365051,0.40328899025917053,0.525212287902832,0.5817103981971741,-2.1043288707733154,-2.6167209148406982,-5.9630560874938965,3.4466774463653564,1.7724539041519165,1.7724539041519165,1.7724539041519165
4.1722025871276855,0.7615568041801453,-0.10884732007980347,0.7484484910964966,-0.6241617202758789,0.02004506066441536,-0.22326049208641052,-2.860537528991699,-3.9233078956604004,-10,5.537334442138672,1.7724539041519165,1.6056346893310547,1.4249138832092285
4.316153526306152,0.9234485626220703,-0.2606492042541504,-0.3089704215526581,0.7457754015922546,0.5896012783050537,0.026957150548696518,-4.365660667419434,-4.540046691894531,-2.6148030757904053,0.7827593684196472,0.8410466909408569,0.9939643144607544,0.9522594809532166
1.5440682172775269,1.0382072925567627,-0.34721389412879944,0.7777839303016663,-0.5826891660690308,-0.23017258942127228,-0.05045825615525246,-1.7591205835342407,-10,-1.724015712738037,5.537334442138672,-1.3971107006072998,-1.3554059267044067,-1.188586711883545
2.3637561798095703,1.405248761177063,-0.6464132070541382,0.9732149243354797,-0.18659810721874237,-0.13362960517406464,-0.013302606530487537,-1.5247877836227417,-1.806760311126709,-3.569563388824463,1.3852760791778564,-1.2519676685333252,-1.2975102663040161,-1.1106293201446533
2.341968059539795,1.1898528337478638,-0.07121049612760544,0.8313583135604858,-0.4803902506828308,0.03525165840983391,-0.27717480063438416,-1.9785263538360596,-10,-2.1101698875427246,5.537334442138672,-1.0495707988739014,-0.9939643740653992,-0.9661611318588257
1.3425368070602417,1.351744532585144,-0.2493581473827362,0.8069624304771423,-0.49421441555023193,-0.1914648860692978,-0.2605857849121094,-1.8249423503875732,-6.78026008605957,-2.246201276779175,5.537334442138672,-0.41009721159935,-0.4657036066055298,-0.563014805316925
1.3466496467590332,1.5361782312393188,-0.23806709051132202,-0.4403001070022583,0.7758256793022156,-0.30758798122406006,0.3310891091823578,-1.7942255735397339,-10,-1.8512710332870483,5.537334442138672,-0.9939643740653992,-0.9105547666549683,-0.7437355518341064
0.7338295578956604,1.792336106300354,-0.28824952244758606,-0.21496598422527313,0.9642241597175598,0.1527571827173233,-0.026957150548696518,-1.5616555213928223,-1.5017006397247314,-10,5.537334442138672,-1.3832091093063354,-1.285897970199585,-1.2719963788986206
2.2843878269195557,1.6673310995101929,-0.11010188609361649,-0.6476628184318542,0.748619556427002,0.0739593580365181,0.12096156924962997,-2.3910090923309326,-6.390263557434082,-1.8512710332870483,0.007843177765607834,-1.188586711883545,-1.1746851205825806,-1.2163898944854736
1.5827420949935913,1.858411192893982,-0.27593106031417847,0.5232864618301392,-0.38567256927490234,-0.7412911653518677,-0.16707883775234222,-1.097783088684082,-1.3864760398864746,-3.924861431121826,3.2028329372406006,-1.7189157009124756,-1.7237827777862549,-1.7091814279556274
1.8022332191467285,1.909050703048706,0.00808713398873806,0.8540147542953491,0.49491986632347107,-0.15871474146842957,-0.022864533588290215,-1.439681053161621,-1.6995407342910767,-3.3309195041656494,3.3982889652252197,-0.8861753344535828,-0.6288924813270569,-0.5819487571716309
2.156888246536255,1.9070948362350464,-0.2593946158885956,-0.4568891227245331,0.8786261081695557,-0.13616816699504852,-0.026957150548696518,-10,-2.76238751411438,-2.088229179382324,1.4873905181884766,-0.10426201671361923,0.1181635633111,0.2710811495780945
2.9466941356658936,1.2440170049667358,-0.88190096616745,0.11005263775587082,0.5039359927177429,0.8552224040031433,0.05031415820121765,-1.8163717985153198,-2.3001208305358887,-3.780282974243164,16.11809539794922,-0.1546296328306198,-0.015305469743907452,-0.16284732520580292
2.9712398052215576,1.224690318107605,-0.751182496547699,0.9282087087631226,-0.3324715197086334,-0.12925608456134796,0.10575497150421143,-2.5709218978881836,-6.390263557434082,-2.000466823577881,5.537334442138672,-0.35449081659317017,-0.2849828004837036,-0.35449081659317017
3.5620360374450684,1.1731795072555542,-0.8368884325027466,-0.3824167847633362,0.15311069786548615,0.9036793112754822,-0.11695406585931778,-1.9730380773544312,-2.725052833557129,-3.124889850616455,1.5042742490768433,0.4509550631046295,0.7428886294364929,0.16250908374786377
3.333481788635254,1.1868335008621216,-0.7446163296699524,0.9491276741027832,-0.1676304042339325,0.08062249422073364,0.2540801167488098,-1.5919198989868164,-2.3832602500915527,-3.228529691696167,-0.6561071276664734,1.2051547765731812,1.2254153490066528,1.296327829360962
3.016481399536133,1.3230549097061157,-0.6834362149238586,0.7198293805122375,-0.3310891091823578,-0.5177155137062073,-0.3227945864200592,-3.1457648277282715,-10,-2.448054552078247,5.537334442138672,0.18767155706882477,0.2710811495780945,0.13206516206264496
3.4761836528778076,1.3712482452392578,-0.616936206817627,0.5325989127159119,-0.2642964720726013,-0.7829757928848267,0.18285143375396729,-2.202812910079956,-3.108072519302368,-4.071193218231201,16.11809539794922,-0.11097116023302078,0.2572252154350281,0.008172351866960526
4.2587995529174805,1.1474590301513672,-0.6514118909835815,0.9493797421455383,-0.18191136419773102,-0.2495432049036026,-0.057572200894355774,-1.8660109043121338,-2.8147523403167725,-4.465856552124023,0.21255339682102203,0.05660559982061386,0.0713917538523674,0.03520172834396362
4.0313544273376465,1.2266292572021484,-0.6719281077384949,0.9262621402740479,-0.34967848658561707,0.08275201916694641,0.11364645510911942,-1.9863917827606201,-3.100153923034668,-3.764739513397217,2.120695114135742,-1.5313571691513062,-1.5098307132720947,-1.5614943504333496
4.460104465484619,1.2533799409866333,-0.945639431476593,-0.3932979106903076,0.7747657299041748,0.2536737024784088,0.42509353160858154,-2.0443480014801025,-5.1114373207092285,-2.6323554515838623,-1.1143606901168823,1.7724539041519165,1.7724539041519165,1.7724539041519165
4.381959915161133,1.1898528337478638,-0.7662372589111328,0.8513985872268677,-0.5066561698913574,0.05875276401638985,0.1223439872264862,-2.2242608070373535,-2.3905303478240967,-10,5.537334442138672,-0.03475402295589447,0.07645876705646515,-0.2015732079744339
4.307204723358154,1.5360581874847412,-0.7927987575531006,-0.4595186710357666,0.3845460116863251,0.6175761222839355,0.5094768404960632,-2.3417599201202393,-3.092353343963623,-3.966754913330078,3.381789207458496,0.0674581453204155,0.3258596360683441,0.01102384366095066
3.004575729370117,1.6553541421890259,-1.0848110914230347,0.8307218551635742,-0.23818852007389069,-0.45641592144966125,0.211782768368721,-1.3307456970214844,-2.5295894145965576,-3.3676350116729736,0.10000850260257721,0.7160852551460266,0.8272215723991394,0.977758526802063
3.370189666748047,1.6345429420471191,-0.9330938458442688,0.8031095862388611,-0.5688650012016296,-0.0739593580365181,0.1610516905784607,-6.4192986488342285,-1.3203068971633911,-2.742058277130127,-0.40546509623527527,-0.2849828004837036,-0.2015732079744339,-0.03475402295589447
2.516385078430176,1.8765243291854858,-0.8715726733207703,0.6705485582351685,-0.07615318894386292,-0.7379421591758728,0.002596353180706501,-1.4538382291793823,-2.207259178161621,-2.903167724609375,-0.9746565222740173,0.15463538467884064,0.3518742620944977,0.3297477066516876
2.835514545440674,1.9542279243469238,-0.9255664944648743,0.7946122884750366,-0.5356869697570801,0.28546929359436035,-0.01175055280327797,-3.251079559326172,-2.045881986618042,-10,1.8055528402328491,-0.020852426066994667,0.13206516206264496,0.18767155706882477
2.539386749267578,1.9050456285476685,-0.7737646102905273,0.7090170383453369,-0.6227793097496033,-0.05875276401638985,-0.32555943727493286,-1.5967603921890259,-2.3723909854888916,-10,5.537334442138672,-0.6603260040283203,-0.4657036066055298,-0.39619559049606323
3.1933844089508057,2.1285343170166016,-0.9639172554016113,0.7013829350471497,0.3144007921218872,0.5320324897766113,0.355183869600296,-1.3332138061523438,-3.147522449493408,-3.643017530441284,-0.6080499291419983,-0.5465764403343201,-0.35951390862464905,-0.6173779964447021
3.394866943359375,1.923488974571228,-0.6897090077400208,-0.5896012783050537,0.6441233158111572,0.0034560449421405792,0.48730233311653137,-3.4748735427856445,-2.2907636165618896,-7.00730562210083,0.5719616413116455,-0.5769163966178894,-0.45180198550224304,-0.45180198550224304
4.032364368438721,1.6263458728790283,-0.6721451878547668,0.9224817752838135,-0.37256163358688354,-0.09746046364307404,0.026957150548696518,-5.739140510559082,-2.8258752822875977,-3.4441566467285156,5.537334442138672,-0.006950825918465853,0.2571795582771301,-0.020852426066994667
2.4324517250061035,1.29231595993042,-0.5542164444923401,0.7246952652931213,-0.567482590675354,-0.1914648860692978,0.3407660126686096,-3.1633174419403076,-1.2386796474456787,-5.10725212097168,5.537334442138672,-1.2997995615005493,-1.2997995615005493,-1.2163898944854736
2.8272886276245117,1.0382072925567627,-0.35975950956344604,0.7102074027061462,-0.49006715416908264,0.01175055280327797,-0.5052737593650818,-1.9039283990859985,-10,-3.0667788982391357,2.1756255626678467,-0.41009721159935,-0.39619559049606323,-0.45180198550224304
2.7491438388824463,1.0750941038131714,-0.3384319543838501,-0.5204803347587585,0.8095255494117737,0.2702627182006836,0.026957150548696518,-2.5709218978881836,-8.059086799621582,-2.0443480014801025,-0.11778303235769272,0.21547475457191467,0.4379003345966339,0.5352115631103516
3.6293015480041504,1.087389588356018,-0.5203433036804199,-0.49559682607650757,0.7994939684867859,0.339383602142334,0.0034560449421405792,-2.066288709640503,-7.433277606964111,-3.2115864753723145,-0.4878840446472168,-0.39619559049606323,-0.39619559049606323,-0.35449081659317017
2.7807579040527344,1.4630833864212036,-0.2107483446598053,0.47344842553138733,0.7055938243865967,0.21607215702533722,0.4809332489967346,-1.7682011127471924,-2.932676076889038,-3.9792299270629883,16.11809539794922,-1.3520855903625488,-1.385329008102417,-1.3962093591690063
2.6463217735290527,1.5300304889678955,-0.45636069774627686,-0.34629568457603455,0.8601459264755249,0.2135835736989975,0.30758798122406006,-10,-2.3089029788970947,-2.6674604415893555,1.5676685571670532,-1.7724539041519165,-1.7724539041519165,-1.7724539041519165
2.8190629482269287,1.5607694387435913,-0.45008787512779236,0.9810588359832764,-0.1444626748561859,0.0739593580365181,0.10575497150421143,-10,-2.6172726154327393,-1.8775997161865234,4.139158725738525,-0.7715387940406799,-0.5769163966178894,-0.7020307779312134
3.0905134677886963,1.4275673627853394,-0.5391616821289062,0.669481098651886,-0.5038913488388062,-0.28546929359436035,-0.46518364548683167,-3.299348831176758,-10,-3.0009570121765137,5.537334442138672,0.13206516206264496,0.42399874329566956,0.15986835956573486
3.460759401321411,1.4299182891845703,-0.5322701334953308,0.8813841342926025,-0.4499770402908325,0.09746046364307404,-0.10575497150421143,-2.8034918308258057,-3.14199161529541,-10,5.537334442138672,0.4379003345966339,0.8688499331474304,0.5630147457122803
2.5248987674713135,1.2251161336898804,-0.06014373153448105,0.5651066303253174,-0.07296282798051834,-0.8204965591430664,0.04600346088409424,-1.4018291234970093,-2.1090774536132812,-3.054962158203125,-0.23193562030792236,-1.7724539041519165,-1.7724539041519165,-1.7724539041519165
2.7884280681610107,1.07391357421875,-0.029631681740283966,-0.5882188081741333,0.7455319166183472,-0.11266706138849258,0.2923814058303833,-2.2900824546813965,-5.059759140014648,-2.706953287124634,-0.29225873947143555,1.1607835292816162,1.0634722709655762,1.1329803466796875
3.4412150382995605,1.2194111347198486,-0.04010331630706787,-0.3628847002983093,0.7458599805831909,0.3794737160205841,0.4098869264125824,-1.6450296640396118,-10,-3.1633174419403076,-1.2227606773376465,0.3822939395904541,0.5352115631103516,0.31278595328330994
3.5076663494110107,1.2844207286834717,-0.033558543771505356,0.7134799957275391,-0.5412166118621826,-0.26888027787208557,-0.35459020733833313,-6.695749759674072,-4.308559894561768,-2.5358169078826904,5.537334442138672,0.13206516206264496,0.31278595328330994,0.15986835956573486
3.235125780105591,1.4703730344772339,-0.13898159563541412,-0.0987560972571373,0.8725485801696777,0.37613797187805176,0.29567959904670715,-2.167065143585205,-3.008596658706665,-3.6646156311035156,1.274720311164856,-0.11555299162864685,0.11463920772075653,-0.074827179312706
4.082274913787842,1.0986790657043457,-0.6016446948051453,-0.5591880679130554,0.739770233631134,0.32555943727493286,-0.18455280363559723,-10,-2.885699987411499,-2.351516008377075,5.537334442138672,0.7298339009284973,0.8271450996398926,0.7576371431350708
3.843832015991211,1.1853585243225098,-0.3555612862110138,0.7610229849815369,-0.5882188081741333,-0.26888027787208557,0.05045825615525246,-2.3910090923309326,-10,-2.351516008377075,-1.9061697721481323,0.2710811495780945,0.6186211109161377,0.24327795207500458
4.234722137451172,1.2101240158081055,-0.3385448753833771,-0.6200144290924072,0.7051656246185303,-0.13616816699504852,0.31588250398635864,-2.43050217628479,-2.0903122425079346,-6.340312480926514,-2.053239107131958,0.6186211109161377,0.9383578896522522,0.6603259444236755
4.1186065673828125,1.39340341091156,-0.6047961115837097,0.6172621846199036,-0.5371599197387695,-0.18597908318042755,-0.5439286231994629,-2.36539363861084,-2.725045919418335,-4.111227989196777,2.0496397018432617,-0.22239118814468384,-0.00831574760377407,-0.23904557526111603
4.301173686981201,1.3772914409637451,-0.5898640751838684,-0.5978957414627075,0.73918616771698,0.28546929359436035,0.12096156924962997,-2.742058277130127,-3.0712904930114746,-10,1.1786550283432007,-0.45180198550224304,-0.2849828004837036,-0.563014805316925
3.124593734741211,1.7766358852386475,-0.5964088439941406,0.637451708316803,-0.6227793097496033,-0.1914648860692978,0.41126933693885803,-6.4192986488342285,-1.188873052597046,-2.8034918308258057,-0.1808837354183197,0.4379003345966339,0.7437354922294617,0.6464243531227112
2.5148050785064697,1.884985089302063,-0.4340985417366028,0.7207791805267334,-0.6435155272483826,0.09746046364307404,0.23846709728240967,-3.4748735427856445,-10,-2.9000303745269775,5.537334442138672,1.188586711883545,1.5917330980300903,1.7724539041519165
2.64770770072937,1.9234787225723267,-0.43019774556159973,-0.20442569255828857,0.6933059096336365,0.628618061542511,-0.2870129346847534,-1.6480176448822021,-3.307769536972046,-4.441459655761719,16.11809539794922,-1.7724539041519165,-1.7724539041519165,-1.7724539041519165
2.6259779930114746,2.132526397705078,-0.5019951462745667,0.5856156945228577,0.2424587458372116,0.3991464674472809,0.6625330448150635,-1.6231800317764282,-3.2206408977508545,-3.619358777999878,5.940307140350342,-1.7724539041519165,-1.7724539041519165,-1.7724539041519165
3.538937568664551,2.0614397525787354,-0.562376081943512,0.6452349424362183,-0.5813067555427551,0.49559682607650757,0.01175055280327797,-2.312023162841797,-2.452655553817749,-10,1.1355558633804321,-0.1459668129682541,-0.006950825918465853,0.2710811495780945
3.046459197998047,2.1818549633026123,-0.685311496257782,0.6505072712898254,0.6612462997436523,-0.28054535388946533,0.24675478041172028,-1.1541798114776611,-1.9747508764266968,-3.4969375133514404,1.1556260585784912,-0.8183173537254333,-0.7058361172676086,-0.5959943532943726
3.0112357139587402,1.6280425786972046,-0.31760162115097046,-0.6200144290924072,0.7771719098091125,0.02004506066441536,-0.10575497150421143,-1.8775997161865234,-4.1406450271606445,-4.492916107177734,5.537334442138672,-1.7724539041519165,-1.7724539041519165,-1.7724539041519165
2.8705151081085205,1.7859230041503906,-0.22466586530208588,-0.48177266120910645,0.7965412139892578,-0.36426714062690735,-0.026957150548696518,-2.728893995285034,-2.3466038703918457,-10,1.8718022108078003,0.10426196455955505,0.2710811495780945,0.42399874329566956
3.581935405731201,1.6528081893920898,-0.227283775806427,-0.560570478439331,0.598980724811554,0.17625829577445984,0.5439814925193787,-1.8512710332870483,-3.1861796379089355,-10,5.537334442138672,-0.2293764054775238,-0.10426201671361923,-0.2849828004837036
3.308312177658081,1.6342339515686035,-0.012615276500582695,0.8424833416938782,-0.4195638597011566,0.32555943727493286,-0.09054837375879288,-2.246201276779175,-2.0903122425079346,-10,2.4107987880706787,0.5491131544113159,0.6464243531227112,0.8688499331474304
3.124593734741211,1.6992435455322266,-0.0021436428651213646,0.7245291471481323,-0.6213968396186829,-0.20667147636413574,-0.21496598422527313,-1.6450296640396118,-6.570995807647705,-4.571902275085449,5.537334442138672,-1.7029459476470947,-1.7724539041519165,-1.716847538948059
2.8431527614593506,1.928324818611145,-0.01916004717350006,0.9029420018196106,-0.3172649145126343,-0.28546929359436035,0.05045825615525246,-7.722568511962891,-1.5335410833358765,-1.5616555213928223,-1.3379757404327393,-0.563014805316925,-0.6603260040283203,-0.6603260040283203
3.1360275745391846,2.1151602268218994,-0.05680299177765846,0.9404312968254089,-0.11797928065061569,-0.031795334070920944,0.31726786494255066,-1.3970319032669067,-2.8351056575775146,-3.794722080230713,0.42821258306503296,-1.7724539041519165,-1.7724539041519165,-1.7724539041519165
3.155864953994751,1.9252291917800903,-0.016542138531804085,0.747636079788208,-0.6061902642250061,0.12925608456134796,-0.23846709728240967,-2.4919357299804688,-2.8415117263793945,-10,5.537334442138672,0.13206516206264496,0.21547475457191467,0.5074083209037781
3.511575222015381,1.9097506999969482,-0.1317301094532013,0.6623899340629578,-0.5909836888313293,0.09746046364307404,-0.4499770402908325,-2.4699952602386475,-3.3275818824768066,-10,1.6524039506912231,0.3266875445842743,0.632522702217102,0.24327795207500458
3.3825814723968506,1.8726023435592651,-0.04664808511734009,0.6651452779769897,-0.539834201335907,0.4057396650314331,0.3186473250389099,-3.7249960899353027,-8.055719375610352,-2.2242608070373535,0.6931471824645996,-0.5491132140159607,-0.4657036066055298,-0.563014805316925
3.542846441268921,1.9685688018798828,-0.07675403356552124,0.8822618722915649,-0.3573550283908844,0.2702627182006836,-0.1444626748561859,-2.3910090923309326,-3.725275754928589,-10,0.9718605875968933,0.24327795207500458,0.5352115631103516,0.2710811495780945
3.7219860553741455,1.637591004371643,-0.06761819869279861,0.8415325284004211,-0.2048604041337967,-0.41105347871780396,-0.2844122052192688,-2.408832311630249,-3.182318925857544,-3.6032423973083496,0.3141925632953644,0.2688058018684387,0.45997950434684753,0.1344117969274521
-3.426727533340454,2.305999279022217,-2.6802639961242676,-0.5204803347587585,0.8105682730674744,0.05875276401638985,-0.261968195438385,-1.623089075088501,-2.1521759033203125,-5.260836124420166,5.537334442138672,-0.020852426066994667,0.2710811495780945,-0.173770010471344
-2.5588324069976807,2.2350871562957764,-2.470355749130249,0.8253329992294312,0.4384801983833313,-0.20901206135749817,0.2878793478012085,-1.0168333053588867,-1.6212232112884521,-2.178093433380127,2.578387498855591,-1.7560369968414307,-1.7149945497512817,-1.7379783391952515
-3.139014720916748,2.381361484527588,-2.485259532928467,-0.42439836263656616,0.2027142345905304,0.5417343974113464,0.6966468095779419,-1.329115629196167,-1.808117151260376,-2.9358253479003906,0.5758431553840637,0.2577884793281555,0.4572477340698242,0.15381364524364471
-2.857722520828247,2.148463487625122,-2.1388328075408936,0.5172450542449951,-0.22840680181980133,-0.8175464868545532,-0.10911282896995544,-1.4301515817642212,-1.7793408632278442,-2.2238047122955322,0.8565106391906738,-0.7469938397407532,-0.4154188632965088,-0.6999673843383789
-3.069951295852661,2.4731667041778564,-2.056649923324585,0.8151618838310242,-0.1960047334432602,-0.5030628442764282,-0.20981183648109436,-1.5221129655838013,-2.8622355461120605,-3.5034942626953125,1.268089771270752,-0.119542196393013,0.2115686535835266,-0.03728155046701431
-2.6454062461853027,2.507988691329956,-1.9492268562316895,0.6410656571388245,0.06452682614326477,-0.6945220232009888,-0.3201722204685211,-1.3503665924072266,-2.899935007095337,-3.015042543411255,0.8171402812004089,-0.11222437024116516,0.18767155706882477,-0.10439211875200272
-2.2149412631988525,2.560075044631958,-2.4746711254119873,-0.39317503571510315,0.26340264081954956,0.6164844632148743,0.6292688846588135,-0.976922869682312,-1.6449675559997559,-2.098133087158203,1.1015502214431763,1.049944519996643,1.012904167175293,1.607595443725586
-1.3198288679122925,2.281233787536621,-2.1226494312286377,-0.4416825473308563,0.8955270648002625,0.02004506066441536,0.05045825615525246,-1.1930538415908813,-0.9590944647789001,-10,5.537334442138672,-1.7724539041519165,-1.4249138832092285,-1.4944219589233398
-0.764764666557312,2.1171622276306152,-2.0270957946777344,-0.30758798122406006,0.9370507001876831,-0.11266706138849258,0.12096156924962997,-1.0614104270935059,-1.0209579467773438,-4.751814842224121,5.537334442138672,-1.7724539041519165,-1.7724539041519165,-1.7724539041519165
-1.653731346130371,2.5281131267547607,-1.8961045742034912,-0.3672974705696106,0.5260840058326721,0.7105762958526611,0.2888070344924927,-0.9955497980117798,-1.1187800168991089,-2.7243309020996094,2.7930636405944824,0.5670389533042908,0.5692530870437622,0.7308736443519592
-2.136789560317993,2.466975450515747,-1.6566617488861084,-0.5978957414627075,0.7456651926040649,0.1914648860692978,0.22326049208641052,-6.019979953765869,-1.9754230976104736,-2.4699952602386475,5.537334442138672,-0.563014805316925,-0.27108120918273926,-0.5769163966178894
-0.7883743643760681,2.3484761714935303,-1.641492247581482,-0.2142908275127411,0.5136929154396057,0.5988594889640808,0.5758180022239685,-0.5483681559562683,-1.11130952835083,-1.814647912979126,1.4244810342788696,-1.7724539041519165,-1.7724539041519165,-1.7724539041519165
-1.6445579528808594,2.9312586784362793,-1.5000324249267578,-0.33379197120666504,0.42742183804512024,0.808765172958374,0.22757942974567413,-1.1293296813964844,-1.6503013372421265,-4.160251617431641,16.11809539794922,0.23680385947227478,0.4197885990142822,0.5852972269058228
0.24318461120128632,2.493288278579712,-1.7102631330490112,0.9695342183113098,-0.1390300691127777,0.03674101084470749,-0.19830304384231567,-0.7890800833702087,-1.4722273349761963,-2.0182836055755615,1.3322149515151978,-1.7724539041519165,-1.7724539041519165,-1.7724539041519165
-2.644947052001953,2.1171622276306152,-1.021818995475769,-0.35459020733833313,0.9221647381782532,0.11266706138849258,-0.10575497150421143,-1.9039283990859985,-2.107987642288208,-7.00730562210083,5.537334442138672,-1.7724539041519165,-1.7724539041519165,-1.7724539041519165
-2.543076992034912,2.486433267593384,-1.2441633939743042,0.7634626626968384,-0.39456671476364136,-0.5070775747299194,-0.06568248569965363,-2.2002360820770264,-2.760450601577759,-2.992090940475464,16.11809539794922,-0.22663986682891846,0.006376117933541536,-0.15382066369056702
-2.938114643096924,2.1140663623809814,-0.9786235094070435,-0.3877682387828827,0.8957831263542175,0.20667147636413574,-0.06704726815223694,-1.9302570819854736,-2.0903122425079346,-10,-0.03922071307897568,0.5491131544113159,1.1051770448684692,1.1329803466796875
-2.5315887928009033,2.324573516845703,-0.9157937169075012,-0.6352210640907288,0.7520833015441895,0.15137477219104767,0.08916595578193665,-10,-1.763319730758667,-2.6894009113311768,2.0149030685424805,-1.7724539041519165,-1.619536280632019,-1.7724539041519165
-2.7192161083221436,2.182171583175659,-0.7390848994255066,0.7212589383125305,-0.6200144290924072,0.13616816699504852,-0.27717480063438416,-5.195014476776123,-1.648430347442627,-2.329575538635254,5.537334442138672,-0.3405891954898834,-0.09036041796207428,0.2710811495780945
-3.1072309017181396,2.1086933612823486,-0.3327685296535492,0.5384421944618225,-0.44170013070106506,-0.5817961692810059,-0.42011213302612305,-1.7710151672363281,-2.326812267303467,-3.302881956100464,0.41558143496513367,-0.3340376913547516,-0.09483402967453003,-0.10506058484315872
-3.0145318508148193,2.2724125385284424,-0.32996881008148193,-0.3841904401779175,0.5292303562164307,0.4960665702819824,0.5711662769317627,-2.6015067100524902,-2.7138078212738037,-3.077133893966675,16.11809539794922,-0.05353150516748428,0.2119857668876648,0.173065647482872
-2.8677544593811035,2.216224193572998,-0.4759850800037384,-0.4790078103542328,0.7904768586158752,0.24537917971611023,0.2923814058303833,-2.742058277130127,-2.1786887645721436,-6.340312480926514,0.9718605875968933,-1.285897970199585,-1.07737398147583,-1.2580947875976562
-1.8805025815963745,2.2879486083984375,-1.1147661209106445,0.17867083847522736,0.4601353406906128,0.8670665621757507,-0.06743711233139038,-1.2266892194747925,-1.3610790967941284,-2.385021448135376,2.297640800476074,-0.9669559001922607,-0.9117469787597656,-0.7597453594207764
-1.4605493545532227,2.5257935523986816,-1.2273248434066772,-0.6310737729072571,0.7720996141433716,0.0739593580365181,-0.01175055280327797,-1.434400200843811,-1.188873052597046,-7.00730562210083,5.537334442138672,-0.39619559049606323,0.02085237205028534,0.7298339009284973
-1.5230917930603027,2.6248557567596436,-0.7089789509773254,0.9039129018783569,-0.3960627317428589,0.01175055280327797,-0.1610516905784607,-7.08190393447876,-1.2418988943099976,-2.5533692836761475,0.38915154337882996,-0.39619559049606323,-0.2015732079744339,-0.13206522166728973
-0.4707649052143097,2.535998821258545,-0.9099998474121094,-0.39091044664382935,0.4184153378009796,0.36670857667922974,0.7332410216331482,-0.9436482191085815,-1.363409399986267,-2.1744935512542725,16.11809539794922,-1.154545783996582,-0.8291534185409546,-1.2688242197036743
-2.308781385421753,2.6991524696350098,-1.2286337614059448,-0.5992781519889832,0.7786827087402344,0.05875276401638985,0.17625829577445984,-3.185257911682129,-1.9312348365783691,-6.340312480926514,5.537334442138672,-0.020852426066994667,0.15986835956573486,-0.006950825918465853
-2.0298619270324707,2.9300503730773926,-0.9520131349563599,0.5145264267921448,-0.2643274664878845,-0.8073403835296631,-0.11659790575504303,-1.3924663066864014,-2.2573049068450928,-2.4843313694000244,-0.6703395843505859,-0.22451353073120117,0.33075758814811707,0.43467605113983154
-1.5582720041275024,2.9963388442993164,-1.17496657371521,0.7856534719467163,-0.3794737160205841,0.4264759421348572,-0.23846709728240967,-10,-2.2670650482177734,-1.5967603921890259,5.537334442138672,-0.8827515840530396,-0.8549483418464661,-1.07737398147583
-2.1797876358032227,2.8322672843933105,-0.6827998161315918,0.8336401581764221,-0.5356869697570801,0.05875276401638985,-0.12096156924962997,-10,-2.70894718170166,-1.671358346939087,-0.7646061182022095,-0.2293764054775238,0.42399874329566956,0.7576371431350708
-2.218876600265503,3.0056259632110596,-0.8411833047866821,0.6849064826965332,-0.5439814925193787,-0.4416825473308563,-0.19975939393043518,-10,-2.70894718170166,-2.246201276779175,1.8718022108078003,-0.563014805316925,-0.39619559049606323,-0.2015732079744339
-2.132420778274536,3.036855936050415,-0.840259313583374,0.6933135986328125,-0.31701186299324036,-0.395304411649704,-0.5124003887176514,-1.8166539669036865,-2.491034746170044,-3.380185842514038,1.0460917949676514,-0.6496953964233398,-0.6173945665359497,-0.8295984268188477
-0.8468515872955322,2.7796404361724854,-1.1278443336486816,0.6710976958274841,-0.5702474117279053,0.46794846653938293,0.0739593580365181,-1.35980224609375,-1.471677541732788,-7.00730562210083,3.725693464279175,-1.1329803466796875,-0.8827515840530396,-1.3971107006072998
-0.8776564002037048,3.0386266708374023,-1.0271040201187134,-0.13575002551078796,0.554025411605835,0.4287445545196533,0.7005753517150879,-1.4010727405548096,-2.062192916870117,-3.0243210792541504,16.11809539794922,0.07505238056182861,0.3813563585281372,0.19567714631557465
-2.1397697925567627,2.2956349849700928,-0.29559916257858276,0.6304951310157776,-0.5324660539627075,-0.30260518193244934,-0.4768500328063965,-1.714669108390808,-2.4299564361572266,-2.689453363418579,-0.30694231390953064,-0.8287188410758972,-0.7036433219909668,-0.45825228095054626
-1.7576260566711426,2.194554328918457,-0.5466685891151428,0.911783754825592,-0.3324715197086334,0.2315549999475479,-0.06704726815223694,-7.722568511962891,-1.948910117149353,-2.088229179382324,5.537334442138672,-0.563014805316925,0.18767155706882477,0.6464243531227112
-2.2071497440338135,2.4174442291259766,-0.5715387463569641,0.8882825970649719,-0.3711792230606079,-0.2702627182006836,-0.01175055280327797,-1.9785263538360596,-2.0019359588623047,-6.340312480926514,1.2679531574249268,-1.7724539041519165,-1.4110122919082642,-1.3137011528015137
-1.2690131664276123,2.53198504447937,-0.42886272072792053,0.6881383657455444,-0.6794584393501282,0.2315549999475479,0.10575497150421143,-5.524123191833496,-2.5321943759918213,-1.5353268384933472,-0.4218320846557617,-1.7724539041519165,-1.7724539041519165,-1.7724539041519165
-0.7937818169593811,2.461869239807129,-0.24348841607570648,0.14352096617221832,0.6531853079795837,0.6681496500968933,-0.3260778486728668,-0.9474356174468994,-1.728352665901184,-2.278085470199585,1.3608025312423706,-0.1978190690279007,0.026433171704411507,0.05464161932468414
-1.7615349292755127,2.739396333694458,-0.5139447450637817,-0.6034254431724548,0.7834319472312927,0.03525165840983391,0.1444626748561859,-1.1491726636886597,-1.5954045057296753,-10,-2.1335086822509766,-1.7724539041519165,0.8688499331474304,1.7724539041519165
-1.8670753240585327,2.912755250930786,-0.4903835654258728,-0.592366099357605,0.7253490090370178,-0.2315549999475479,-0.26335060596466064,-7.722568511962891,-2.514518976211548,-3.1282124519348145,2.7725887298583984,-0.7993419766426086,-0.6603260040283203,-0.688129186630249
-1.7960470914840698,3.0666537284851074,-0.5187509655952454,0.890426754951477,-0.33975040912628174,0.3025748133659363,0.012583745643496513,-1.6175776720046997,-1.8058292865753174,-3.5036659240722656,1.0698117017745972,-1.1522161960601807,-1.1453897953033447,-1.1314882040023804
-1.4683672189712524,3.086113929748535,-0.5348880290985107,0.8257372975349426,-0.5287748575210571,0.18455280363559723,0.06704726815223694,-1.724015712738037,-1.7279691696166992,-7.00730562210083,5.537334442138672,0.6603259444236755,0.8688499331474304,0.4379003345966339
-1.2334425449371338,2.954602003097534,-0.3952544629573822,0.7093682885169983,-0.415612131357193,-0.3200732469558716,-0.47076138854026794,-1.780766248703003,-1.9240869283676147,-3.2210986614227295,16.11809539794922,0.30264711380004883,0.6137980818748474,0.1718885749578476
-1.7672913074493408,3.079753875732422,-0.4468790292739868,0.9014396667480469,-0.26806268095970154,0.3107421398162842,0.1377979964017868,-1.5883595943450928,-1.8953044414520264,-4.2725348472595215,1.0543855428695679,0.1821112185716629,0.361062616109848,0.11386687308549881
-1.5539958477020264,2.696498155593872,-0.2703153192996979,0.5826222896575928,0.7304050922393799,-0.27532249689102173,0.22640058398246765,-1.917279601097107,-2.228260040283203,-3.741665840148926,4.117826461791992,-0.9677084684371948,-0.793829619884491,-0.7715387940406799
-1.6485954523086548,2.8503127098083496,-0.29797106981277466,0.9002259969711304,-0.27886927127838135,0.19473958015441895,-0.2718484401702881,-1.3639533519744873,-2.578216075897217,-3.8251240253448486,-0.19645899534225464,-0.5286630392074585,-0.3633929491043091,-0.27108120918273926
-1.3901891708374023,2.761066198348999,-0.15398232638835907,0.7807219624519348,-0.6089550852775574,-0.13755059242248535,0.026957150548696518,-2.246201276779175,-3.34525728225708,-4.282286643981934,5.537334442138672,0.0903603658080101,0.3266875445842743,0.15986835956573486
-2.2071497440338135,2.9870519638061523,-0.305821031332016,0.6916618943214417,-0.6614869832992554,-0.28546929359436035,0.05045825615525246,-6.199892520904541,-2.488006114959717,-3.5055902004241943,5.537334442138672,-1.230291485786438,-1.021767497062683,-0.9244563579559326
-1.9909223318099976,3.0254077911376953,-0.28449392318725586,0.6509799957275391,0.702899158000946,0.28662049770355225,0.0025543533265590668,-1.8399550914764404,-2.978001832962036,-3.604222059249878,3.0445339679718018,-1.0051525831222534,-0.9292017221450806,-0.8590164184570312
-2.0234313011169434,3.033487319946289,-0.33200010657310486,-0.4416825473308563,0.8960369229316711,0.0435461662709713,0.01175055280327797,-10,-2.576382637023926,-2.0224075317382812,-0.2443457543849945,-0.5769163966178894,-0.45180198550224304,-0.173770010471344
-2.2696924209594727,3.1046881675720215,-0.28225985169410706,0.8179473280906677,-0.4969792664051056,0.13755059242248535,-0.25505611300468445,-4.993161201477051,-3.1066410541534424,-2.3910090923309326,0.7827593684196472,-0.006950825918465853,0.24327795207500458,0.0625571683049202
-0.889093816280365,2.8370487689971924,-0.5322803258895874,0.8390238285064697,0.2814823389053345,-0.4350123405456543,-0.16604506969451904,-1.306501030921936,-2.5878546237945557,-3.2739944458007812,3.6650686264038086,-0.08671703934669495,0.06471481174230576,-0.1401657909154892
-0.7608557343482971,2.7146308422088623,-0.1709987372159958,-0.6255441308021545,0.6712628602981567,-0.01175055280327797,-0.3974451720714569,-2.9307472705841064,-1.9312348365783691,-10,1.1569843292236328,0.3822939395904541,0.5491131544113159,0.2710811495780945
-1.8821219205856323,3.2174901962280273,-0.8792505264282227,0.75309818983078,0.6497567892074585,0.09738864749670029,-0.03427436947822571,-2.0026612281799316,-2.142331600189209,-2.8077549934387207,16.11809539794922,-0.15720242261886597,0.11987733095884323,-0.10464298725128174
-1.4996384382247925,3.231611490249634,-0.8568907380104065,-0.36841437220573425,0.9052333831787109,0.0739593580365181,0.19837696850299835,-10,-2.0019359588623047,-2.329575538635254,5.537334442138672,-0.173770010471344,0.15986835956573486,-0.45180198550224304
-1.9563028812408447,3.217646837234497,-0.4820348620414734,0.690758228302002,0.6869662404060364,-0.20109622180461884,0.10242471098899841,-1.5888091325759888,-2.6013495922088623,-3.8330607414245605,1.4037493467330933,0.27871042490005493,0.5016617178916931,-0.16973522305488586
1.174051284790039,2.436018466949463,-2.1462106704711914,-0.5965133309364319,0.792239785194397,-0.0435461662709713,-0.12096156924962997,-1.0614104270935059,-1.7279691696166992,-10,5.537334442138672,-1.7724539041519165,-1.7724539041519165,-1.7724539041519165
1.7095710039138794,2.240989923477173,-2.6095805168151855,-0.5495111346244812,0.7820426821708679,-0.13616816699504852,0.2605857849121094,-1.434400200843811,-1.3214377164840698,-10,5.537334442138672,0.18767155706882477,0.31278595328330994,0.4379003345966339
2.3531992435455322,2.277467727661133,-2.1341543197631836,0.8416681289672852,0.4917309880256653,-0.12415511161088943,0.18542104959487915,-1.2376073598861694,-2.1288998126983643,-2.996236801147461,4.3609795570373535,0.04174523800611496,0.31605932116508484,0.0484737828373909
2.17082142829895,2.3338606357574463,-1.7142558097839355,-0.5329221487045288,0.845497190952301,0.02004506066441536,0.026957150548696518,-5.625049591064453,-3.0182645320892334,-1.5616555213928223,5.537334442138672,-0.35449081659317017,-0.173770010471344,-0.2849828004837036
1.3929498195648193,2.3121907711029053,-1.572888731956482,-0.6048078536987305,0.6904174089431763,-0.2840868830680847,0.27717480063438416,-1.4695050716400146,-2.019611358642578,-5.660154342651367,5.537334442138672,-1.7724539041519165,-1.4388154745101929,-1.7724539041519165
2.3018407821655273,2.2645039558410645,-1.342535138130188,0.5658900141716003,-0.6625596284866333,-0.22425970435142517,-0.4364525079727173,-1.0003008842468262,-1.1024699211120605,-3.9081850051879883,16.11809539794922,-0.8021026253700256,-0.5548447966575623,-0.7655969858169556
2.40535569190979,2.9437122344970703,-1.8268258571624756,0.8441920280456543,-0.3573550283908844,0.365649551153183,-0.1610516905784607,-2.4699952602386475,-10,-1.9785263538360596,5.537334442138672,-0.45180198550224304,-0.2849828004837036,0.02085237205028534
2.6281630992889404,2.349339008331299,-1.95248544216156,0.7629591226577759,-0.4665660560131073,-0.17625829577445984,-0.41126933693885803,-1.8249423503875732,-10,-2.246201276779175,2.577688455581665,-0.2015732079744339,0.10426196455955505,-0.11816361546516418
2.43662691116333,2.160501718521118,-1.7260363101959229,0.4748605787754059,-0.560570478439331,0.6778948903083801,-0.026957150548696518,-1.434400200843811,-1.4981905221939087,-10,1.0116009712219238,-0.2015732079744339,0.0625571683049202,-0.006950825918465853
3.1548805236816406,2.6276695728302,-1.5935946702957153,0.8828639984130859,0.1546333134174347,-0.41938790678977966,-0.14406082034111023,-1.252954125404358,-2.602653741836548,-2.8798673152923584,-0.9577130079269409,-0.7970384955406189,-0.9283493161201477,-0.6170316934585571
2.5880961418151855,2.9840247631073,-2.060673475265503,0.2679528295993805,0.8078004717826843,0.49437105655670166,-0.17679625749588013,-1.3913036584854126,-1.8962242603302002,-3.3958559036254883,0.4785628318786621,-0.16879603266716003,0.26286596059799194,0.24738554656505585
3.003417730331421,3.05515718460083,-1.9969898462295532,0.7170682549476624,-0.35597261786460876,-0.592366099357605,-0.09054837375879288,-10,-2.1786887645721436,-2.9307472705841064,0.26028311252593994,-0.13206522166728973,0.21547475457191467,-0.006950825918465853
2.73761248588562,2.9189465045928955,-1.706402063369751,-0.34629568457603455,0.5094209909439087,-0.15137477219104767,0.7730816006660461,-10,-1.648430347442627,-1.2413231134414673,0.26028311252593994,-0.813243567943573,-0.173770010471344,1.7724539041519165
2.7845191955566406,2.785831928253174,-1.5977588891983032,-0.5799243450164795,0.7032333612442017,0.34629568457603455,0.2218780815601349,-2.197932004928589,-10,-3.251079559326172,3.9120230674743652,-0.09036041796207428,-0.006950825918465853,-0.006950825918465853
2.766357898712158,3.0063116550445557,-1.6577991247177124,0.4865657091140747,0.2725116014480591,0.5632887482643127,0.60966956615448,-2.0157229900360107,-2.530026912689209,-3.1131792068481445,16.11809539794922,-0.18696115911006927,-0.0826353058218956,-0.19694533944129944
1.9401962757110596,3.4173531532287598,-1.537546992301941,-0.3932979106903076,0.7364820837974548,0.38500338792800903,-0.3932979106903076,-4.418318271636963,-1.4363269805908203,-2.1101698875427246,5.537334442138672,-0.5074083805084229,-0.45180198550224304,-0.1459668129682541
1.8859788179397583,3.6098694801330566,-1.5190261602401733,-0.446353554725647,0.08032715320587158,0.766451358795166,0.45482781529426575,-1.3023688793182373,-2.0089926719665527,-2.8243682384490967,16.11809539794922,-0.2802867889404297,-0.09216424077749252,0.05335158854722977
3.5863304138183594,3.3420603275299072,-1.6342467069625854,0.032904475927352905,0.861793577671051,0.47920355200767517,0.16307392716407776,-1.6652709245681763,-2.1438510417938232,-2.6718664169311523,0.5859044790267944,-0.123015396296978,0.16425545513629913,-0.1528230905532837
2.58516526222229,3.469980001449585,-1.9158347845077515,0.8327708840370178,-0.5273924469947815,-0.16796378791332245,0.01175055280327797,-1.35980224609375,-10,-1.5967603921890259,5.537334442138672,-0.35449081659317017,-0.03475402295589447,0.7576371431350708
2.5069870948791504,3.349247932434082,-1.510058879852295,-0.5730122327804565,0.7302252054214478,-0.35459020733833313,-0.11266706138849258,-2.2242608070373535,-1.621917486190796,-10,4.840242385864258,-0.8549483418464661,-0.7715387940406799,-0.563014805316925
2.7571568489074707,3.392587661743164,-1.3843992948532104,-0.5578056573867798,0.8151880502700806,0.05875276401638985,0.1444626748561859,-1.9785263538360596,-1.3567882776260376,-10,5.537334442138672,-0.7715387940406799,-0.563014805316925,0.13206516206264496
3.183227300643921,3.52260684967041,-1.434139609336853,-0.5992781519889832,0.7081027030944824,0.1527571827173233,-0.3407660126686096,-2.742058277130127,-1.3214377164840698,-7.00730562210083,5.537334442138672,-0.45180198550224304,-0.3405891954898834,-0.45180198550224304
3.6796581745147705,3.253281354904175,-1.5336201190948486,-0.5757770538330078,0.7800558805465698,-0.1527571827173233,0.1914648860692978,-7.722568511962891,-2.9652388095855713,-2.513876438140869,2.4107987880706787,-0.7715387940406799,-0.563014805316925,-0.6464243531227112
3.7527644634246826,3.3293488025665283,-1.4800604581832886,0.46854734420776367,0.40748658776283264,0.7230203747749329,0.30275338888168335,-2.050623893737793,-2.2410833835601807,-3.9784111976623535,16.11809539794922,-0.39733704924583435,-0.024987371638417244,-0.2564312219619751
2.3076331615448,2.510315179824829,-1.16973078250885,-0.5978957414627075,0.7935292720794678,-0.11266706138849258,0.01175055280327797,-1.7942255735397339,-1.789832592010498,-10,0.7827593684196472,-0.13206522166728973,0.24327795207500458,1.3832091093063354
2.3662667274475098,2.5288891792297363,-0.3594881594181061,0.8764309287071228,-0.41265174746513367,0.0034560449421405792,0.2481440156698227,-2.742058277130127,-10,-2.0443480014801025,0.1650797575712204,1.7724539041519165,1.7724539041519165,1.7724539041519165
2.37408447265625,2.151214838027954,-0.16968978941440582,0.6345279812812805,-0.5868363976478577,0.38223856687545776,0.3269418478012085,-1.9521976709365845,-10,-2.592862367630005,1.0116009712219238,-0.7854403853416443,0.3822939395904541,1.1607835292816162
1.9206516742706299,2.2657554149627686,-0.058428674936294556,-0.6200144290924072,0.766776978969574,-0.08225386589765549,0.1444626748561859,-2.329575538635254,-7.437084674835205,-1.724015712738037,5.537334442138672,-1.2163898944854736,-1.230291485786438,-1.07737398147583
1.7525688409805298,2.6155686378479004,-0.012615276500582695,-0.4195638597011566,0.8664372563362122,-0.25505611300468445,-0.09054837375879288,-2.0224075317382812,-10,-2.5358169078826904,5.537334442138672,-1.7724539041519165,-1.7724539041519165,-1.7724539041519165
2.24899959564209,2.4638798236846924,-0.16838082671165466,0.8599481582641602,-0.5066561698913574,-0.03525165840983391,0.05045825615525246,-2.000466823577881,-10,-2.0224075317382812,5.537334442138672,-0.8966531753540039,0.4379003345966339,1.7724539041519165
1.9871031045913696,2.8787026405334473,-0.576774537563324,-0.40297484397888184,0.8584133982658386,0.09746046364307404,-0.30205830931663513,-1.623089075088501,-1.6749433279037476,-10,-1.4615178108215332,0.31278595328330994,0.42399874329566956,1.4666186571121216
1.7642955780029297,2.903468132019043,-0.6396043300628662,-0.5356869697570801,0.7772923707962036,-0.09054837375879288,-0.3172649145126343,-10,-1.471677541732788,-2.1101698875427246,-1.6817585229873657,-1.7724539041519165,-1.7724539041519165,-1.7724539041519165
1.8932894468307495,2.946807861328125,-0.6396043300628662,-0.2923814058303833,0.8751369118690491,-0.15137477219104767,0.35459020733833313,-1.697687029838562,-2.134500503540039,-4.492916107177734,0.4712783396244049,-1.7724539041519165,-1.285897970199585,-0.6742275953292847
2.2020926475524902,2.730109453201294,-0.0008346885442733765,0.8396704196929932,-0.4720957279205322,0.05875276401638985,-0.261968195438385,-10,-1.5335410833358765,-2.728893995285034,-0.3566749393939972,-0.020852426066994667,0.2571795582771301,1.021767497062683
3.267810583114624,2.322732448577881,-1.0184147357940674,0.9763737320899963,-0.09124234318733215,-0.18344129621982574,0.06869109719991684,-1.8890773057937622,-2.6209747791290283,-3.8070549964904785,2.394676923751831,-0.4370895326137543,-0.1972765326499939,-0.6309010982513428
2.5108959674835205,2.575324773788452,-1.0676324367523193,-0.3628847002983093,0.8311491012573242,-0.38638582825660706,-0.16796378791332245,-1.8249423503875732,-1.789832592010498,-10,0.7465723752975464,1.0356690883636475,1.7724539041519165,1.7724539041519165
2.46008038520813,2.194554328918457,-0.7063609957695007,-0.3877682387828827,0.81890469789505,-0.32555943727493286,0.2702627182006836,-7.08190393447876,-1.789832592010498,-3.41782808303833,5.537334442138672,0.15986835956573486,0.9383578896522522,1.7724539041519165
3.4333972930908203,2.228607177734375,-0.8333295583724976,0.683213472366333,-0.48730233311653137,-0.4181814193725586,-0.34767812490463257,-2.513876438140869,-10,-1.724015712738037,0.7827593684196472,-0.3405891954898834,-0.1459668129682541,-0.1459668129682541
3.245769739151001,2.240989923477173,-0.811077356338501,-0.5190979242324829,0.7214337587356567,0.26888027787208557,0.3711792230606079,-1.1009033918380737,-1.763319730758667,-10,-0.5890069007873535,-0.006950825918465853,0.18767155706882477,0.5491131544113159
2.80583119392395,2.400850296020508,-0.7380954623222351,0.9288116693496704,-0.17584672570228577,0.2217937409877777,0.23915338516235352,-1.6011066436767578,-2.139390468597412,-3.464661121368408,0.2870734632015228,-1.7724539041519165,-1.7724539041519165,-1.7724539041519165
3.432255983352661,2.5617640018463135,-0.7431668639183044,0.7599188685417175,-0.4719940721988678,-0.44646888971328735,0.020259227603673935,-1.7551078796386719,-2.648733139038086,-3.2076923847198486,-0.13323861360549927,-0.12399813532829285,0.22791773080825806,-0.4673904478549957
3.449032783508301,2.53198504447937,-0.7652639746665955,0.7245607972145081,-0.5840715765953064,-0.1527571827173233,0.3324715197086334,-10,-1.648430347442627,-3.3476181030273438,0.5719616413116455,-0.8827515840530396,-0.7020307779312134,-0.39619559049606323
3.500074625015259,2.818765878677368,-0.708751916885376,0.48149916529655457,0.312825083732605,0.5805228352546692,0.5773147344589233,-1.9476555585861206,-2.5297152996063232,-2.8558719158172607,2.0389764308929443,0.04295005276799202,0.2428760826587677,0.15106947720050812
2.9017863273620605,2.980860471725464,-0.9354280233383179,-0.6421331167221069,0.6952198147773743,0.3227945864200592,0.01175055280327797,-2.842984914779663,-1.904721975326538,-7.00730562210083,5.537334442138672,-0.8549483418464661,-0.9105547666549683,-0.39619559049606323
3.6835670471191406,3.11087965965271,-1.0021846294403076,-0.6255441308021545,0.7740697860717773,-0.0034560449421405792,0.09746046364307404,-7.722568511962891,-1.789832592010498,-2.0443480014801025,0.7827593684196472,0.07645876705646515,0.18767155706882477,-0.006950825918465853
2.9213309288024902,2.1264491081237793,-0.5231074094772339,-0.6531924605369568,0.708000123500824,0.24676160514354706,-0.10575497150421143,-1.5616555213928223,-3.5308475494384766,-7.00730562210083,0.8944319486618042,-0.173770010471344,-0.006950825918465853,0.4379003345966339
3.300494432449341,2.1790759563446045,-0.6343685388565063,-0.5813067555427551,0.7927172780036926,0.0739593580365181,-0.16796378791332245,-2.132110357284546,-6.394242763519287,-2.7815513610839844,2.3599960803985596,0.2571795582771301,0.5352115631103516,0.8966531157493591
2.58516526222229,2.5288891792297363,-0.5309611558914185,-0.6283089518547058,0.6588751673698425,-0.2840868830680847,-0.3006758987903595,-3.369558811187744,-8.055719375610352,-1.8775997161865234,5.537334442138672,-1.7724539041519165,-1.7724539041519165,-1.7724539041519165
2.5979273319244385,2.53887677192688,-0.46328994631767273,0.12779510021209717,0.6546341776847839,0.7348800301551819,0.12277568131685257,-1.4418871402740479,-3.3122856616973877,-4.322174072265625,16.11809539794922,-1.7724539041519165,-1.7724539041519165,-1.7724539041519165
3.51395845413208,2.3573665618896484,-0.49041080474853516,-0.34919828176498413,0.2763354480266571,0.6110581755638123,0.6544517874717712,-1.5268305540084839,-3.3616559505462646,-4.093469619750977,-0.19075606763362885,0.059335898607969284,0.4902854859828949,-0.019989505410194397
3.5144824981689453,2.6076269149780273,-0.4083386957645416,-0.37403133511543274,-0.06717132031917572,0.8820247054100037,-0.27860552072525024,-2.0595970153808594,-2.670494318008423,-3.7262589931488037,1.213543176651001,-0.332147479057312,-0.05411551147699356,-0.45515143871307373
3.2613775730133057,2.4780428409576416,-0.43376705050468445,0.637331485748291,0.7425337433815002,-0.19510380923748016,0.06623218208551407,-1.8258541822433472,-2.3731741905212402,-2.8784351348876953,1.394391655921936,0.45989617705345154,0.8374273180961609,0.8160074949264526
3.3615880012512207,2.515871286392212,-0.21583348512649536,-0.3635394275188446,0.7972385883331299,0.3845144212245941,0.29051390290260315,-1.5851255655288696,-2.070427179336548,-3.0761969089508057,-0.12700682878494263,-0.7533866167068481,-0.5267105102539062,-0.695029079914093
2.823629379272461,2.3210723400115967,-0.14226828515529633,-0.17732857167720795,0.8641533255577087,0.4250568151473999,0.2027815282344818,-2.208953380584717,-2.2604353427886963,-4.027900218963623,16.11809539794922,-0.9776836037635803,-0.8821194767951965,-1.0003204345703125
3.6562047004699707,2.2874252796173096,-0.5034731030464172,0.8112823963165283,-0.45135945081710815,-0.25505611300468445,-0.2702627182006836,-10,-3.4424712657928467,-2.706953287124634,3.00815486907959,-0.006950825918465853,0.2710811495780945,-0.13206522166728973
3.757836103439331,2.2317028045654297,-0.009997367858886719,0.7640129327774048,-0.521862804889679,-0.20805390179157257,-0.3172649145126343,-6.199892520904541,-3.66341233253479,-3.4441566467285156,5.537334442138672,0.4379003345966339,0.7298339009284973,0.31278595328330994
3.7732582092285156,2.700814723968506,-0.014576602727174759,0.5970830917358398,0.5075761079788208,0.35978513956069946,0.5063722729682922,-1.8361481428146362,-2.956106185913086,-3.0746474266052246,-0.5105665326118469,-0.7757852673530579,-0.6545150279998779,-0.6321204900741577
3.1363205909729004,2.7115352153778076,-0.6238968968391418,0.7690590620040894,-0.6200144290924072,-0.09746046364307404,-0.12096156924962997,-1.434400200843811,-2.019611358642578,-10,5.537334442138672,-1.244193196296692,-1.1329803466796875,-0.7715387940406799
2.6874160766601562,2.932468891143799,-0.13108687102794647,0.44715532660484314,0.388105183839798,0.24223287403583527,0.7686024308204651,-1.2860537767410278,-2.352790594100952,-2.7311160564422607,0.27627238631248474,-0.5049058198928833,-0.35495370626449585,-0.18563193082809448
2.4855549335479736,3.2361581325531006,-0.1937592476606369,0.06418898701667786,0.8041399717330933,0.5905725359916687,-0.02151208184659481,-1.6220521926879883,-1.8606252670288086,-3.0047430992126465,2.815215587615967,-1.400988221168518,-1.2493572235107422,-1.2561132907867432
3.2340431213378906,2.934425115585327,-0.2063405066728592,0.7457548975944519,-0.6531924605369568,0.11266706138849258,-0.06704726815223694,-10,-2.249389886856079,-2.9000303745269775,4.840242385864258,-0.4657036066055298,-0.2849828004837036,-0.39619559049606323
3.187136173248291,3.144932270050049,-0.1317301094532013,-0.19008246064186096,0.9586684703826904,0.0739593580365181,0.19837696850299835,-2.000466823577881,-2.0019359588623047,-10,5.537334442138672,-0.5074083805084229,-0.29888439178466797,-0.1459668129682541
3.8868298530578613,2.8756070137023926,-0.5348880290985107,-0.592366099357605,0.8028668165206909,-0.0034560449421405792,-0.06704726815223694,-10,-1.286087155342102,-2.4699952602386475,-1.2227606773376465,-0.5769163966178894,-0.5213099718093872,-0.6742275953292847
4.031459331512451,2.8105974197387695,-0.35294339060783386,0.8404370546340942,-0.5204803347587585,0.1444626748561859,-0.0435461662709713,-10,-2.629408359527588,-2.6148030757904053,5.537334442138672,-0.11816361546516418,0.21547475457191467,-0.1459668129682541
3.703111410140991,3.024200201034546,-0.3385448753833771,0.7258941531181335,-0.6310737729072571,-0.0739593580365181,0.26335060596466064,-10,-1.789832592010498,-2.2242608070373535,0.023530498147010803,0.07645876705646515,0.3266875445842743,-0.1459668129682541
3.9493722915649414,3.002530336380005,-0.46027761697769165,-0.4347704350948334,0.8952453136444092,-0.09746046364307404,0.0034560449421405792,-2.728893995285034,-2.947563409805298,-6.340312480926514,5.537334442138672,0.31278595328330994,0.5213099122047424,0.18767155706882477
4.031459331512451,2.925137996673584,-0.36079710721969604,-0.46518364548683167,0.8489709496498108,0.11404947936534882,-0.22326049208641052,-10,-2.947563409805298,-2.448054552078247,4.840242385864258,0.02085237205028534,0.3266875445842743,-0.13206522166728973
4.000187873840332,2.751779079437256,-0.26131656765937805,-0.43338802456855774,0.8321648240089417,0.339383602142334,0.06704726815223694,-2.728893995285034,-10,-1.9785263538360596,2.7725887298583984,-0.39619559049606323,-0.173770010471344,-0.1459668129682541
4.0353684425354,2.847745656967163,-0.18670618534088135,0.6934941411018372,-0.6227793097496033,-0.2315549999475479,0.2785572111606598,-7.722568511962891,-2.4084672927856445,-2.860537528991699,-0.03922071307897568,0.13206516206264496,0.2571795582771301,0.5352115631103516
4.1018195152282715,2.9096596240997314,-0.24691808223724365,0.8116097450256348,-0.5052737593650818,-0.28546929359436035,-0.06704726815223694,-2.9307472705841064,-5.793283462524414,-3.036062002182007,5.537334442138672,-0.45180198550224304,-0.2015732079744339,-0.6464243531227112
3.902465581893921,3.129453659057617,-0.18016141653060913,-0.4969792664051056,0.7944896221160889,-0.12925608456134796,-0.32417699694633484,-10,-1.621917486190796,-1.434400200843811,-0.03922071307897568,0.18767155706882477,0.5630147457122803,0.5630147457122803
4.074457168579102,3.1263580322265625,-0.13958384096622467,-0.31588250398635864,0.923057496547699,0.0739593580365181,-0.20667147636413574,-10,-2.0019359588623047,-2.706953287124634,-0.10204925388097763,0.02085237205028534,0.21547475457191467,0.42399874329566956
2.2763619422912598,3.599999189376831,-1.16973078250885,0.697927713394165,-0.6587221622467041,0.2536737024784088,0.12096156924962997,-10,-1.3214377164840698,-2.351516008377075,1.9776588678359985,-0.9105547666549683,-0.6603260040283203,-0.6603260040283203
2.2841796875,3.1789848804473877,-0.9550623297691345,-0.3628847002983093,0.9185516834259033,-0.03525165840983391,0.1527571827173233,-10,-1.763319730758667,-1.623089075088501,-0.8566524386405945,1.7724539041519165,1.7724539041519165,1.7724539041519165
1.9404813051223755,3.4314229488372803,-0.6918069124221802,0.5780343413352966,0.7419756650924683,0.32662898302078247,-0.09306947886943817,-1.5936156511306763,-1.9081343412399292,-2.7336790561676025,0.6559423804283142,-1.1374174356460571,-0.9107908606529236,-0.7069401144981384
2.262197971343994,4.2350754737854,-0.7226206660270691,0.700508713722229,-0.057642679661512375,-0.7022283673286438,0.11331452429294586,-1.3371613025665283,-1.8315404653549194,-2.151923894882202,0.5150549411773682,-0.728185772895813,-0.2597963213920593,0.17831158638000488
1.98319411277771,3.2439944744110107,-0.5663028955459595,0.7326342463493347,-0.6227793097496033,0.08225386589765549,-0.261968195438385,-2.1101698875427246,-2.0637993812561035,-10,4.840242385864258,-1.230291485786438,-1.021767497062683,-0.6603260040283203
2.01837420463562,3.665008544921875,-0.6670923829078674,0.6701858043670654,-0.6393682956695557,-0.3407660126686096,-0.1610516905784607,-1.8512710332870483,-1.763319730758667,-10,-0.4382549226284027,-0.688129186630249,0.5491131544113159,1.7724539041519165
2.0818896293640137,3.680610179901123,-0.28912076354026794,0.5449856519699097,0.40038949251174927,0.7221000790596008,0.14577500522136688,-1.5182863473892212,-2.4360945224761963,-2.6340177059173584,0.04099627584218979,-1.022811770439148,-0.9618207812309265,-0.7490382790565491
1.8339176177978516,3.939399480819702,-0.6127843856811523,0.5612213611602783,-0.005530920345336199,-0.6898095011711121,-0.4573432207107544,-1.9142266511917114,-2.558790922164917,-2.9240448474884033,16.11809539794922,-0.9086107015609741,-0.661201000213623,-0.6809347867965698
2.1200058460235596,3.708348274230957,-0.43540748953819275,-0.6352210640907288,0.7672877311706543,0.05875276401638985,-0.0656648501753807,-10,-1.8251831531524658,-1.0175292491912842,-1.9061697721481323,-1.7724539041519165,-1.7724539041519165,-0.9105547666549683
2.1060433387756348,3.9657363891601562,-0.14996954798698425,0.2197158932685852,0.7453292012214661,0.31551122665405273,0.5446668863296509,-2.129384756088257,-2.591230630874634,-3.034069299697876,16.11809539794922,-1.0495707988739014,-0.7698231339454651,-0.6310930848121643
2.19427490234375,4.120075702667236,-0.1670718789100647,-0.5992781519889832,0.7564564347267151,0.0034560449421405792,-0.261968195438385,-1.9302570819854736,-2.0019359588623047,-10,0.38915154337882996,0.2710811495780945,0.9383578896522522,1.7724539041519165
2.7258856296539307,3.36163067817688,-1.2011457681655884,-0.585453987121582,0.6480927467346191,-0.45965397357940674,0.1610516905784607,-1.3992952108383179,-1.5600539445877075,-6.340312480926514,2.1756255626678467,-0.6047195792198181,-0.4657036066055298,-0.27108120918273926
3.104245662689209,3.315131902694702,-1.0184566974639893,0.5458372831344604,0.7674506306648254,0.1347903609275818,-0.3080791234970093,-1.3913856744766235,-2.52251935005188,-3.081389904022217,0.25357165932655334,-1.7724539041519165,-1.7724539041519165,-1.7724539041519165
3.517397880554199,3.441816806793213,-1.1722562313079834,0.5247513651847839,0.15359759330749512,-0.8208269476890564,-0.16518738865852356,-1.6506688594818115,-2.4083821773529053,-3.363415479660034,0.7137892246246338,-0.3405891954898834,0.07409364730119705,-0.37300699949264526
3.067983627319336,3.974628210067749,-0.8560171127319336,0.6009691953659058,0.6970762610435486,-0.18208187818527222,-0.3460735082626343,-0.8715357780456543,-1.683634638786316,-3.172630548477173,0.5799906849861145,-1.249338984489441,-0.7973882555961609,-0.2742973864078522
3.1441383361816406,3.3244824409484863,-0.6723282337188721,0.8023096323013306,-0.5439814925193787,-0.2315549999475479,-0.08225386589765549,-1.9521976709365845,-2.0903122425079346,-10,1.6524039506912231,-1.0912755727767944,-1.0078659057617188,-0.9661611318588257
3.425579309463501,3.36163067817688,-0.787516176700592,-0.28546929359436035,0.8553757667541504,-0.17625829577445984,0.39468032121658325,-1.3246972560882568,-2.107987642288208,-10,3.0992729663848877,-0.6603260040283203,-0.39619559049606323,-0.6742275953292847
2.52262282371521,3.5628507137298584,-0.9956399202346802,-0.4803902506828308,0.8320499658584595,-0.12925608456134796,-0.24537917971611023,-1.5353268384933472,-10,-2.1540510654449463,5.537334442138672,-0.2015732079744339,-0.1459668129682541,-0.45180198550224304
3.6444778442382812,3.36163067817688,-1.155332326889038,-0.174875870347023,0.8766554594039917,-0.21496598422527313,0.3932979106903076,-7.08190393447876,-3.1243162155151367,-2.000466823577881,0.38915154337882996,-0.006950825918465853,0.5352115631103516,0.31278595328330994
3.640568971633911,3.6247646808624268,-0.8830698132514954,-0.6725463271141052,0.6878216862678528,-0.11404947936534882,-0.2481440156698227,-7.722568511962891,-1.5954045057296753,-2.592862367630005,2.1756255626678467,-0.2015732079744339,0.24327795207500458,0.0903603658080101
3.1404049396514893,3.7804315090179443,-0.9359516501426697,0.7750399708747864,0.6080474257469177,-0.16157706081867218,0.059027235954999924,-1.1222174167633057,-1.881645679473877,-2.687265634536743,1.5674420595169067,0.48242053389549255,0.5718771815299988,0.7424501776695251
3.1089582443237305,3.7485923767089844,-0.7390848994255066,-0.4831550717353821,0.702123761177063,-0.521862804889679,-0.03525165840983391,-1.4695050716400146,-1.3567882776260376,-7.00730562210083,5.537334442138672,-0.7715387940406799,-0.563014805316925,-0.39619559049606323
3.4194345474243164,3.2368247509002686,-0.6255450248718262,-0.48730233311653137,0.8461230993270874,-0.21496598422527313,0.02004506066441536,-2.1132380962371826,-1.644296646118164,-10,0.95225590467453,-0.774809718132019,-0.5682483315467834,-0.6603260040283203
3.3145065307617188,3.244933843612671,-0.46648848056793213,0.7857337594032288,-0.5661001205444336,-0.1914648860692978,-0.15966928005218506,-2.310086250305176,-10,-2.0016188621520996,5.537334442138672,-0.4655400216579437,-0.34042561054229736,-0.2849828004837036
3.108536958694458,3.5206379890441895,-0.5485357642173767,0.9177107810974121,-0.23017258942127228,-0.28546929359436035,-0.1527571827173233,-1.2402595281600952,-6.567432880401611,-1.9524987936019897,5.537334442138672,-0.8645976781845093,-0.5790970325469971,-0.563014805316925
3.2290098667144775,3.5246925354003906,-0.434101402759552,-0.43338802456855774,0.8466017842292786,-0.21496598422527313,0.2218780815601349,-1.6467936038970947,-6.567432880401611,-1.6209384202957153,3.9120230674743652,0.512151300907135,0.6793521046638489,0.5074083209037781
2.7976391315460205,3.5571281909942627,-0.2570520341396332,-0.5661001205444336,0.791090726852417,0.16796378791332245,-0.15966928005218506,-1.6467936038970947,-6.107485771179199,-1.85425865650177,3.00815486907959,-0.8845505714416504,-0.7743735909461975,-0.6464243531227112
2.560579538345337,3.658489942550659,-0.03897901624441147,-0.5370693802833557,0.7555514574050903,-0.0435461662709713,0.37256163358688354,-1.8222452402114868,-10,-2.087578773498535,-1.9061697721481323,-0.4056813418865204,-0.025813350453972816,1.369307518005371
2.852046251296997,3.6017274856567383,-0.028903035447001457,0.717081606388092,-0.5757770538330078,-0.2315549999475479,0.3172649145126343,-1.7922900915145874,-1.8231648206710815,-10,1.7423112392425537,-0.4056813418865204,-0.1776951402425766,-0.2015732079744339
3.0774471759796143,3.5206379890441895,-0.16492877900600433,-0.2536737024784088,0.9378559589385986,-0.174875870347023,0.15966928005218506,-1.9292278289794922,-1.7635420560836792,-10,5.537334442138672,0.5620335340499878,0.8637799620628357,1.7724539041519165
3.240668535232544,3.6301088333129883,-0.07208580523729324,-0.09746046364307404,0.9285977482795715,-0.05875276401638985,0.3532077968120575,-1.2873319387435913,-2.632330894470215,-10,5.537334442138672,-0.9942914247512817,-0.7418274879455566,-1.1329803466796875
3.7847394943237305,3.370622396469116,-0.5564525723457336,0.11266706138849258,0.9836267828941345,0.13616816699504852,-0.03525165840983391,-10,-2.070173501968384,-1.792858600616455,-0.4547361433506012,-0.2859640419483185,-0.1776951402425766,0.18767155706882477
3.773080825805664,3.330077648162842,-0.3376598656177521,-0.6518100500106812,0.6898802518844604,0.174875870347023,0.261968195438385,-2.198824167251587,-10,-2.492819309234619,5.537334442138672,-0.006623677909374237,0.24540412425994873,0.13206516206264496
3.920757293701172,3.301696300506592,-0.2728857100009918,0.7282597422599792,-0.6435155272483826,-0.23017258942127228,0.05045825615525246,-2.5925204753875732,-7.436221599578857,-1.85425865650177,5.537334442138672,0.12307006865739822,0.44068071246147156,0.18767155706882477
2.677166223526001,4.104482173919678,-0.5816425085067749,0.874684751033783,-0.3960627317428589,-0.11404947936534882,-0.25505611300468445,-1.5012972354888916,-7.052932262420654,-1.9770587682724,5.537334442138672,-0.9843149781227112,-0.7852222919464111,-0.39619559049606323
3.050243616104126,4.067991733551025,-0.6140296459197998,0.8658040165901184,-0.41126933693885803,-0.2702627182006836,-0.09054837375879288,-10,-1.28656005859375,-3.033139705657959,-0.9135472178459167,0.5720099806785583,0.9939643740653992,-0.09036041796207428
-3.9292943477630615,0.0006326925940811634,0.060100823640823364,0.9168713688850403,0.15839414298534393,-0.3646610975265503,-0.035783492028713226,-2.7390127182006836,-2.9859015941619873,-4.998733043670654,1.028989315032959,-0.3297237455844879,-0.425283282995224,-0.37197256088256836
-3.933297634124756,0.0824441909790039,0.014279738999903202,-0.6352210640907288,0.6902430057525635,0.2840868830680847,0.19837696850299835,-4.732173442840576,-1.5591212511062622,-10,5.537334442138672,-0.6750453114509583,-0.34042561054229736,-0.09036041796207428
-3.808938503265381,0.0702807679772377,0.0027643325738608837,-0.539834201335907,0.8047617077827454,0.24537917971611023,-0.026957150548696518,-3.782167673110962,-6.107485771179199,-2.9840197563171387,5.537334442138672,-1.2137731313705444,-1.2408676147460938,-1.0495707988739014
-3.7312140464782715,0.17975156009197235,0.03155284747481346,-0.4790078103542328,0.8152934908866882,0.26888027787208557,-0.1831703782081604,-7.7234086990356445,-1.465428352355957,-4.752341270446777,5.537334442138672,-0.04652944579720497,-0.03666204959154129,-0.2293764054775238
-3.6962380409240723,0.13109788298606873,0.1251155287027359,0.7471629977226257,-0.6144847869873047,-0.20805390179157257,-0.1444626748561859,-3.1873440742492676,-10,-2.3290858268737793,-0.07061756402254105,-0.5353751182556152,-0.5682483315467834,-0.5074083805084229
-3.8827767372131348,-0.04324449598789215,0.1769348531961441,0.592366099357605,-0.521862804889679,0.08225386589765549,0.608272910118103,-5.523845195770264,-3.3903915882110596,-2.967646360397339,1.7423112392425537,-0.04652944579720497,-0.19939254224300385,-0.173770010471344
-3.5876288414001465,0.06887539476156235,0.13868406414985657,0.792980968952179,-0.1770290732383728,-0.48619183897972107,-0.32165101170539856,-2.1211671829223633,-2.6869328022003174,-3.799044370651245,-0.1130780577659607,-0.942401111125946,-0.9397901296615601,-0.7715387940406799
-3.55244779586792,0.09866208583116531,0.11360011994838715,-0.4969792664051056,0.7146656513214111,-0.05875276401638985,-0.488684743642807,-6.418220520019531,-2.1723837852478027,-3.802687168121338,0.38915154337882996,-0.6650688648223877,-0.6007943749427795,-0.4657036066055298
-3.4682533740997314,0.04408271610736847,0.24028924107551575,0.3412232995033264,0.5104878544807434,0.4726874530315399,0.6320881247520447,-2.533879518508911,-2.9835379123687744,-3.9636011123657227,0.5623716115951538,-0.14629386365413666,-0.20302872359752655,-0.13855774700641632
-3.579651355743408,-0.02297212742269039,0.27193695306777954,-0.6435155272483826,0.7527411580085754,-0.13616816699504852,-0.026957150548696518,-7.7234086990356445,-4.24214506149292,-2.668832778930664,4.840242385864258,-0.774809718132019,-0.817768394947052,-0.6742275953292847
-3.4397473335266113,0.0824441909790039,0.26617926359176636,-0.6186320185661316,0.7202832102775574,-0.174875870347023,0.2605857849121094,-5.626548767089844,-4.088829517364502,-2.726139545440674,3.4299468994140625,-0.5653043985366821,-0.6007943749427795,-0.5074083805084229
-3.1453442573547363,-0.0309820007532835,0.37850990891456604,0.6549901366233826,0.6911203265190125,0.23889732360839844,-0.19044335186481476,-2.4689581394195557,-2.9941835403442383,-3.2063944339752197,0.31151947379112244,-1.7162426710128784,-1.7279987335205078,-1.6164920330047607
-3.108165740966797,0.15058483183383942,0.27593332529067993,0.5969919562339783,0.043517157435417175,-0.788581132888794,-0.14087828993797302,-1.9439454078674316,-2.8732025623321533,-3.9116103649139404,-0.6452528238296509,-0.41115087270736694,-0.4489126205444336,-0.45695921778678894
-2.7061357498168945,0.0598069429397583,0.15659379959106445,-0.12595167756080627,0.8868163228034973,0.4412575364112854,0.054633498191833496,-2.227267265319824,-2.9605488777160645,-4.083131313323975,16.11809539794922,-0.7796380519866943,-0.9514644145965576,-1.045114517211914
-2.973400831222534,0.17975156009197235,0.12871408462524414,0.8250982761383057,-0.5121858716011047,0.0034560449421405792,0.23846709728240967,-7.7234086990356445,-2.155348777770996,-2.881686210632324,1.513692855834961,-1.004267930984497,-0.8937093019485474,-0.9800627827644348
-2.579526901245117,0.07056568562984467,0.2874337136745453,0.6339782476425171,-0.5539463758468628,-0.34271591901779175,-0.41684630513191223,-2.6040055751800537,-2.6364011764526367,-3.9581820964813232,3.839182138442993,-0.9993603825569153,-0.9388865828514099,-0.9833238124847412
-2.9518001079559326,0.13881053030490875,0.31550726294517517,0.8437427282333374,0.11782665550708771,-0.5163183808326721,-0.0873519778251648,-2.0135724544525146,-3.0360968112945557,-3.79682993888855,-0.5237765908241272,-1.2182738780975342,-1.2191702127456665,-1.1898149251937866
-2.681934118270874,0.24284134805202484,0.23010164499282837,0.5935536623001099,0.04607062786817551,-0.7879449725151062,-0.1572076827287674,-2.3400323390960693,-2.57883882522583,-3.1215498447418213,1.875793218612671,-0.6794295907020569,-0.5838646292686462,-0.7031373381614685
-3.574604034423828,0.46657243371009827,0.044956520199775696,0.1708180159330368,0.35269778966903687,0.8547102212905884,0.34043481945991516,-1.8595246076583862,-3.0345966815948486,-4.0792765617370605,-0.8260478973388672,-0.7644643783569336,-0.6948690414428711,-0.6760221123695374
-3.0666701793670654,0.44734683632850647,0.09560729563236237,0.8264752626419067,-0.488684743642807,0.09746046364307404,0.261968195438385,-2.554006576538086,-10,-2.087578773498535,2.1756255626678467,-0.5653043985366821,-0.524853527545929,-0.5908179879188538
-3.5872719287872314,0.3010006844997406,0.21418295800685883,0.8586468696594238,0.43925249576568604,0.14066889882087708,-0.22359585762023926,-2.057015895843506,-3.3987905979156494,-4.823585510253906,0.19952309131622314,-0.1689213067293167,-0.26345428824424744,-0.3405891954898834
-3.305868625640869,0.29003146290779114,0.36531805992126465,-0.3980575203895569,0.43902403116226196,0.7539823055267334,0.28340578079223633,-1.9557150602340698,-2.765456438064575,-4.551326274871826,-0.5521828532218933,0.037271201610565186,0.06639859825372696,-0.09453447163105011
-3.0741453170776367,0.34609588980674744,0.25752708315849304,-0.26783210039138794,0.7811838984489441,0.5044949650764465,0.251997172832489,-2.2115073204040527,-2.5330429077148438,-4.2822041511535645,-0.33064568042755127,-0.6472966074943542,-0.5648691654205322,-0.6438414454460144
-3.136622190475464,0.24462313950061798,0.26617926359176636,0.7357785701751709,-0.6739287376403809,0.01175055280327797,-0.0656648501753807,-7.085792064666748,-3.1093127727508545,-2.4723525047302246,-0.7286538481712341,-1.2137731313705444,-1.175775408744812,-1.1746851205825806
-3.2457213401794434,0.42231622338294983,0.25593462586402893,0.5026324391365051,0.3960707485675812,0.10911750048398972,0.7606457471847534,-1.979967713356018,-2.8058977127075195,-3.9136157035827637,1.1949130296707153,-0.6004865169525146,-0.5171851515769958,-0.5821982026100159
-3.139435052871704,0.46146661043167114,0.30706000328063965,-0.437038779258728,0.39313259720802307,0.8063588738441467,0.06503236293792725,-1.8730388879776,-3.129408597946167,-5.160064697265625,-0.5834076404571533,0.23475660383701324,0.30999475717544556,0.1582697331905365
-3.1536545753479004,0.25084787607192993,0.3496377468109131,0.1641230285167694,0.870064377784729,0.46352142095565796,0.034633930772542953,-1.9695804119110107,-2.4793665409088135,-4.954837322235107,-0.3455728590488434,-0.4068119525909424,-0.46408379077911377,-0.4380093514919281
-2.8084802627563477,0.38475480675697327,0.13550598919391632,0.9426666498184204,0.24921850860118866,0.09087058901786804,0.20251496136188507,-2.0091166496276855,-2.3834493160247803,-3.3438210487365723,0.6580626368522644,-0.9780786037445068,-0.9099828600883484,-0.92793208360672
-2.4475786685943604,0.4940989911556244,0.33934760093688965,0.6968052387237549,0.5065552592277527,0.3736828565597534,0.3438390791416168,-1.9582267999649048,-2.3796117305755615,-3.8034133911132812,1.0286400318145752,-0.8198407292366028,-0.713475227355957,-0.8104010224342346
-2.6194846630096436,0.4668487012386322,0.30659639835357666,0.8295953273773193,-0.35703787207603455,-0.377596378326416,-0.2042461782693863,-2.0098655223846436,-3.015239953994751,-4.784452438354492,1.293945074081421,-1.0294116735458374,-0.9239803552627563,-0.9842349886894226
-3.3549132347106934,0.00006923107866896316,0.4712010324001312,-0.14687496423721313,0.6305778622627258,0.7212678790092468,0.2461136430501938,-2.3117563724517822,-2.4683895111083984,-4.620476245880127,-0.2952800989151001,-0.42283663153648376,-0.5110950469970703,-0.4151836931705475
-3.4343411922454834,0.0892147347331047,0.5799200534820557,0.47659915685653687,0.8057639002799988,-0.05280781909823418,0.3475760817527771,-2.119310140609741,-2.907830238342285,-5.196998596191406,-0.15618407726287842,-0.4550516903400421,-0.5299995541572571,-0.4174046218395233
-3.5913100242614746,0.062171820551157,0.46985799074172974,0.8002035617828369,-0.5661001205444336,-0.1914648860692978,-0.05045825615525246,-4.0603227615356445,-10,-2.5542192459106445,0.7827593684196472,-0.2061525136232376,-0.23193863034248352,-0.1459668129682541
-3.1169261932373047,0.008700035512447357,0.515163779258728,-0.06924962997436523,0.5967773795127869,0.7572721242904663,-0.2561253011226654,-2.3849217891693115,-2.9881772994995117,-5.209839344024658,-0.37416332960128784,-0.5634254217147827,-0.6281448006629944,-0.6375098824501038
-3.2065742015838623,0.11893445253372192,0.3719770610332489,-0.5716298222541809,0.7961332201957703,0.13616816699504852,0.1444626748561859,-2.964820146560669,-10,-2.4314191341400146,2.463853359222412,-0.45556357502937317,-0.5357022285461426,-0.5769163966178894
-3.6301722526550293,-0.03513554856181145,0.5447081327438354,0.8487030267715454,-0.41126933693885803,-0.32417699694633484,0.0739593580365181,-2.5711238384246826,-3.475566864013672,-10,-0.03922071307897568,-0.29594048857688904,-0.47061002254486084,-0.2849828004837036
-3.4513869285583496,0.06002834439277649,0.6224257349967957,0.8436652421951294,0.36678987741470337,-0.009824410080909729,0.39191532135009766,-2.033729314804077,-3.100330114364624,-4.947678565979004,-1.3369054794311523,0.039433591067790985,0.013196935877203941,0.02589370682835579
-3.2181003093719482,-0.00004290787546779029,0.5359266400337219,0.6139644384384155,0.14447864890098572,-0.7747201323509216,-0.044523417949676514,-2.298999786376953,-2.741452932357788,-4.867827415466309,0.10736168175935745,0.2226642221212387,0.17423953115940094,0.10630208998918533
-3.171598196029663,0.22029629349708557,0.5151998996734619,-0.6269265413284302,0.7057237029075623,-0.16796378791332245,0.2840868830680847,-4.732173442840576,-2.070173501968384,-5.259915351867676,5.537334442138672,-0.4056813418865204,-0.28618213534355164,-0.2293764054775238
-2.681934118270874,0.12298893183469772,0.3935684263706207,0.8263688683509827,-0.5287748575210571,-0.05875276401638985,0.18455280363559723,-3.1445510387420654,-8.058001518249512,-2.19809889793396,-0.65805584192276,-0.9244563579559326,-0.9804988503456116,-0.9105547666549683
-2.4371020793914795,0.17164261639118195,0.36334049701690674,-0.42509353160858154,0.8621388077735901,-0.1914648860692978,0.19837696850299835,-4.689380645751953,-4.455083847045898,-2.762979507446289,5.537334442138672,-0.894527018070221,-0.8503144979476929,-0.8966531753540039
-2.922879934310913,0.0662262961268425,0.580693781375885,-0.5730122327804565,0.7371408939361572,-0.05045825615525246,0.35459020733833313,-2.5711238384246826,-10,-3.475220203399658,-1.5953861474990845,-0.9244563579559326,-1.0238937139511108,-1.0495707988739014
-2.857271909713745,0.00011286602966720238,0.6418693661689758,0.041805580258369446,0.6802847385406494,0.5908699631690979,0.4316684901714325,-2.0636343955993652,-3.05973744392395,-4.61453914642334,-0.6788245439529419,0.03411775082349777,0.0541602186858654,-0.047018084675073624
-2.60809588432312,0.01351813692599535,0.5317533016204834,0.7996612787246704,-0.5965133309364319,0.02004506066441536,0.0656648501753807,-2.0661656856536865,-10,-2.374112606048584,-1.5953861474990845,-0.9843149781227112,-0.9154067039489746,-0.9661611318588257
-3.121077299118042,0.2527320981025696,0.4079626798629761,0.6475381255149841,-0.5301572680473328,0.5370693802833557,0.10575497150421143,-7.7234086990356445,-4.421013355255127,-2.3904857635498047,1.4109870195388794,-0.5353751182556152,-0.5682483315467834,-0.6464243531227112
-3.054182291030884,0.4472450613975525,0.3697546720504761,0.6919158101081848,0.70621258020401,0.05658978596329689,-0.13897459208965302,-2.0255706310272217,-3.0101640224456787,-3.495586395263672,-0.7994530200958252,-0.9127404093742371,-0.8515399098396301,-0.82801753282547
-2.410844564437866,0.4167284071445465,0.5190510153770447,0.2683590054512024,0.7896559238433838,0.46345269680023193,0.29939696192741394,-1.7684131860733032,-3.033653974533081,-3.931777000427246,-1.6024470329284668,-1.490199327468872,-1.4646409749984741,-1.4290447235107422
-2.826986789703369,0.4717489182949066,0.3568480610847473,0.2807510197162628,0.5081555247306824,0.7103990316390991,0.39785680174827576,-1.942188024520874,-3.0957250595092773,-3.9934847354888916,-0.9684097170829773,-0.747472882270813,-0.6507840156555176,-0.6603260040283203
-2.8412692546844482,0.42301997542381287,0.37413617968559265,-0.4803902506828308,0.8170356154441833,-0.0435461662709713,-0.31588250398635864,-10,-2.070173501968384,-5.435928821563721,3.0992729663848877,0.7715387940406799,0.4949242174625397,0.3266875445842743
-2.699528932571411,0.3741970360279083,0.3879689872264862,-0.46508488059043884,0.3169736862182617,0.8258503079414368,-0.034569576382637024,-2.3111047744750977,-3.2898361682891846,-4.858327388763428,-0.06741516292095184,-0.4248775243759155,-0.2886734902858734,-0.40788182616233826
-3.2256581783294678,0.6287115216255188,0.13552545011043549,0.04831240326166153,0.5766173601150513,0.7482224702835083,0.32456347346305847,-2.0768864154815674,-5.184312343597412,-5.913231372833252,16.11809539794922,-0.13496676087379456,-0.06861463934183121,-0.17176757752895355
-3.1309661865234375,0.6237951517105103,0.16793426871299744,0.31577298045158386,0.591027557849884,0.48132115602493286,0.5650697350502014,-2.019941568374634,-4.421858787536621,-5.417182922363281,3.470964193344116,-0.13615773618221283,-0.04415933042764664,-0.08380736410617828
-3.4726762771606445,0.5845600366592407,0.32106176018714905,-0.4465031027793884,0.08997716009616852,0.8296831846237183,-0.32274582982063293,-1.9836043119430542,-2.600581645965576,-4.855253219604492,-1.2894697189331055,0.04325352609157562,0.04726746305823326,-0.07280784845352173
-3.0769479274749756,0.7861732840538025,0.19826684892177582,-0.24988439679145813,0.6801834106445312,0.689030647277832,0.012044588103890419,-2.1898372173309326,-3.497985601425171,-4.772017478942871,-0.2637832760810852,-0.30088669061660767,-0.30163848400115967,-0.32864007353782654
-2.973400831222534,0.6135802268981934,0.0027643325738608837,0.7220957279205322,-0.5108034610748291,0.46380123496055603,0.05045825615525246,-7.085792064666748,-2.862304210662842,-2.492819309234619,3.0992729663848877,-1.2536789178848267,-1.2191702127456665,-0.9105547666549683
-2.930652379989624,0.7230510711669922,0.02363600581884384,0.7252752184867859,-0.63798588514328,0.0435461662709713,0.25505611300468445,-7.085792064666748,-3.1604180335998535,-2.6115260124206543,-0.8754687309265137,-1.0242207050323486,-0.9913475513458252,-0.9244563579559326
-2.7271318435668945,0.6766332983970642,0.14524735510349274,0.9354873895645142,-0.17046160995960236,-0.22860074043273926,-0.20868119597434998,-2.0141594409942627,-2.4529895782470703,-3.208381414413452,0.2992555499076843,-1.0257927179336548,-0.9140695929527283,-0.8827515840530396
-2.631413221359253,0.7311599850654602,0.09272844344377518,0.6270294189453125,-0.5564232468605042,0.5412166118621826,-0.0656648501753807,-7.085792064666748,-1.9083402156829834,-3.921394109725952,3.0992729663848877,-1.3534433841705322,-1.2408676147460938,-1.1746851205825806
-2.9827051162719727,0.5318008065223694,0.30882760882377625,0.30072087049484253,0.7020412087440491,0.37588804960250854,0.5247982740402222,-2.2035913467407227,-3.1321449279785156,-5.305566310882568,-0.6605151295661926,0.4850371479988098,0.5665887594223022,0.5361922383308411
-2.732455015182495,0.5041094422340393,0.2683383822441101,0.8621476292610168,-0.46518364548683167,-0.02004506066441536,-0.19975939393043518,-2.1774277687072754,-6.388564586639404,-4.113780975341797,3.4299468994140625,-0.9643620848655701,-0.7743735909461975,-0.9244563579559326
-2.610220193862915,0.5669435858726501,0.3241986334323883,0.9893971085548401,0.09470701217651367,-0.0008295013685710728,0.11010558158159256,-2.2878074645996094,-2.8860251903533936,-3.8695764541625977,1.7541056871414185,-0.3781393766403198,-0.16277478635311127,-0.4999498426914215
-2.6536130905151367,0.635632336139679,0.2637517750263214,0.3245285451412201,0.550209105014801,0.7492039203643799,-0.17505612969398499,-2.0578980445861816,-3.099520683288574,-3.766450881958008,0.8225926756858826,-1.5902758836746216,-1.5615665912628174,-1.3708285093307495
-2.5031678676605225,0.6460160613059998,0.2633003890514374,-0.521862804889679,0.7968506217002869,-0.1527571827173233,-0.26335060596466064,-6.02024507522583,-2.129796266555786,-3.692167043685913,0.6406570076942444,-0.17622318863868713,0.1369171291589737,-0.1459668129682541
-2.7130239009857178,0.9419926404953003,0.022916292771697044,-0.48730233311653137,0.8309375643730164,-0.05875276401638985,-0.261968195438385,-10,-2.3938398361206055,-2.492819309234619,-0.8566524386405945,-1.1738673448562622,-1.0347423553466797,-1.0078659057617188
-2.631413221359253,0.9136112928390503,0.07401590794324875,-0.26888027787208557,0.9172671437263489,-0.09746046364307404,-0.27717480063438416,-7.7234086990356445,-3.0496902465820312,-3.3483266830444336,3.0992729663848877,-1.1339616775512695,-1.0347423553466797,-0.9939643740653992
-2.549802541732788,0.9419926404953003,0.02363600581884384,-0.5370693802833557,0.771173357963562,-0.3407660126686096,0.026957150548696518,-10,-1.848717451095581,-2.3290858268737793,1.8055528402328491,-1.3035610914230347,-1.262565016746521,-1.1607835292816162
-2.3704094886779785,0.6726882457733154,0.191974475979805,0.16082091629505157,0.8146403431892395,0.5388897061347961,0.14175917208194733,-2.0250141620635986,-2.387852668762207,-3.129941940307617,1.4132084846496582,-1.6099774837493896,-1.4993467330932617,-1.425601601600647
-2.5866475105285645,0.976533055305481,0.3143104016780853,0.8548545241355896,0.190806046128273,-0.48246604204177856,-0.006581715773791075,-3.35612416267395,-3.796091318130493,-4.252371311187744,16.11809539794922,-0.9845690131187439,-0.8452354073524475,-0.8827515840530396
-3.2493226528167725,0.5405997037887573,0.3611813485622406,0.8425650000572205,-0.4347704350948334,-0.02004506066441536,0.3172649145126343,-6.02024507522583,-5.25573205947876,-2.374112606048584,5.537334442138672,0.6318686008453369,0.646806001663208,0.5074083209037781
-3.0666701793670654,0.5365452766418457,0.35902222990989685,-0.5978957414627075,0.7392327189445496,-0.21496598422527313,-0.22326049208641052,-5.523845195770264,-3.0837602615356445,-2.2472190856933594,-1.5953861474990845,-1.7724539041519165,-1.7724539041519165,-1.7724539041519165
-2.541860818862915,0.6568285226821899,0.39978495240211487,0.690697968006134,0.5812644958496094,0.2759435176849365,0.3300349712371826,-2.1200172901153564,-3.6296470165252686,-4.107870101928711,16.11809539794922,-1.144950032234192,-1.0220067501068115,-1.0437270402908325
-2.6678295135498047,0.6456131339073181,0.4496338367462158,0.8982516527175903,0.3448241055011749,0.2654767334461212,-0.06133865565061569,-2.2427635192871094,-3.02126407623291,-3.7842330932617188,0.5248416662216187,-0.926439106464386,-0.7222862243652344,-0.8352472186088562
-2.456533193588257,0.7230510711669922,0.3611813485622406,0.8099126219749451,-0.34767812490463257,-0.46518364548683167,-0.08225386589765549,-3.6409504413604736,-2.410874843597412,-10,3.9120230674743652,-1.7724539041519165,-1.6748156547546387,-1.536126732826233
-2.6053900718688965,0.677168071269989,0.5281722545623779,0.0794512927532196,0.5919939279556274,0.5109702944755554,0.6181747913360596,-2.761848211288452,-3.6467974185943604,-4.1351470947265625,3.4604575634002686,-0.5560855269432068,-0.34042561054229736,-0.598296582698822
-2.7442665100097656,0.7496837377548218,0.5847094058990479,-0.13678333163261414,0.443833589553833,0.6428989171981812,0.6090837717056274,-2.0889317989349365,-3.5691404342651367,-3.6417691707611084,0.458781361579895,-0.6696670651435852,-0.545275866985321,-0.6836326122283936
-2.6275269985198975,0.7595413327217102,0.4662594497203827,0.8194179534912109,-0.5052737593650818,-0.25505611300468445,0.09054837375879288,-3.272930145263672,-2.6493659019470215,-10,0.8944319486618042,-1.1339616775512695,-0.9804988503456116,-0.9939643740653992
-2.502261161804199,0.7201744914054871,0.6005110144615173,0.5128048062324524,0.8019550442695618,0.30557599663734436,-0.022862525656819344,-1.92293381690979,-3.24879789352417,-3.830108880996704,1.305492877960205,-0.16826696693897247,0.07167365401983261,-0.2438797950744629
-2.697479009628296,0.4960005283355713,0.5684586763381958,0.8190143704414368,-0.25505611300468445,0.3172649145126343,-0.40435725450515747,-4.689380645751953,-2.96451473236084,-4.654101371765137,5.537334442138672,-0.5054457783699036,-0.34042561054229736,-0.4657036066055298
-2.507054090499878,0.5892534255981445,0.508002758026123,0.8095491528511047,-0.5508935451507568,-0.03525165840983391,0.19975939393043518,-3.0889198780059814,-2.6493659019470215,-10,3.725693464279175,-1.3534433841705322,-1.2734137773513794,-1.2997995615005493
-2.658616781234741,0.5811444520950317,0.6649001836776733,-0.6227793097496033,0.6921839118003845,-0.3490605354309082,-0.10575497150421143,-10,-2.308664560317993,-3.1641266345977783,-1.1569843292236328,-0.7448803782463074,-0.5465509295463562,-0.6742275953292847
-2.4609198570251465,0.5738046169281006,0.601118803024292,0.9686513543128967,-0.23128484189510345,-0.0837477520108223,0.0347592830657959,-2.966130018234253,-3.535936117172241,-3.821772575378418,1.3963996171951294,-0.6243921518325806,-0.48034095764160156,-0.6983194351196289
-2.623640775680542,0.6784518361091614,0.6152399778366089,0.6409885287284851,-0.5467463135719299,0.49974408745765686,0.20114180445671082,-7.7234086990356445,-2.2916293144226074,-3.7576606273651123,0.7827593684196472,-0.9942914247512817,-0.9154067039489746,-0.9105547666549683
-2.5336127281188965,0.9849851727485657,0.36510542035102844,0.6708608865737915,0.7269572019577026,0.09906922280788422,-0.10800085216760635,-2.472522497177124,-2.944361686706543,-3.8010010719299316,16.11809539794922,-0.8758576512336731,-0.7701199054718018,-0.8202233910560608
-2.386842727661133,1.027148962020874,0.6077877283096313,0.9020111560821533,0.3801617920398712,-0.0009122874471358955,0.2045777291059494,-2.797006607055664,-3.593749523162842,-4.3005571365356445,1.4592335224151611,-0.33315423130989075,-0.13168710470199585,-0.3154926598072052
-1.8423688411712646,0.19626425206661224,0.16486172378063202,0.6181973218917847,0.2153993844985962,0.4141683876514435,0.6323762536048889,-1.6390811204910278,-2.5482490062713623,-3.1074283123016357,0.23030966520309448,-1.0558732748031616,-1.1032123565673828,-1.121005892753601
-1.3839359283447266,0.08649866282939911,0.09416787326335907,0.8160221576690674,-0.5038913488388062,-0.1527571827173233,-0.23846709728240967,-2.802206516265869,-10,-3.1068198680877686,4.840242385864258,-1.4432313442230225,-1.4252955913543701,-1.4249138832092285
-1.2227460145950317,-0.0018806949956342578,0.2611285150051117,0.27784207463264465,0.7721323370933533,0.40534642338752747,0.4028768241405487,-2.8414721488952637,-3.3505661487579346,-4.8683552742004395,16.11809539794922,-0.39580538868904114,-0.5935343503952026,-0.7215490341186523
-2.3477189540863037,0.264895498752594,0.1754954308271408,-0.6020430326461792,0.781795859336853,0.0739593580365181,0.1444626748561859,-2.5326101779937744,-1.8231648206710815,-7.007770538330078,5.537334442138672,-0.9843149781227112,-0.8828606009483337,-0.9800627827644348
-2.2389047145843506,0.4797826111316681,0.31943801045417786,-0.6587221622467041,0.7440822124481201,0.03525165840983391,-0.10575497150421143,-5.879027843475342,-2.530120372772217,-2.222659111022949,-0.6061357855796814,-0.9244563579559326,-0.8503144979476929,-0.8827515840530396
-2.0086638927459717,0.4566844701766968,0.3256058394908905,0.5897225737571716,-0.6207594871520996,-0.47498419880867004,-0.20316225290298462,-1.8935179710388184,-2.0711588859558105,-2.8034980297088623,2.9856247901916504,-1.2540417909622192,-1.222917914390564,-1.2259947061538696
-1.7283591032028198,0.4818013608455658,0.18159985542297363,0.9210948348045349,0.3469978868961334,0.17577211558818817,-0.0167610552161932,-1.6894614696502686,-2.229236602783203,-3.8542964458465576,16.11809539794922,-1.4315991401672363,-1.4048136472702026,-1.4171843528747559
-1.519953727722168,0.24867761135101318,0.19852623343467712,0.8277599215507507,-0.5066561698913574,0.2315549999475479,0.06704726815223694,-3.418426513671875,-1.7976123094558716,-5.435928821563721,5.537334442138672,-0.8845505714416504,-0.8937093019485474,-0.9939643740653992
-1.7133088111877441,0.2257167398929596,0.3624398708343506,-0.47507327795028687,0.3365936577320099,0.2845350205898285,0.7616100907325745,-2.204127788543701,-3.034177303314209,-4.482096195220947,0.575016438961029,-0.8645976781845093,-0.7743735909461975,-0.9065403938293457
-2.207814931869507,0.0662262961268425,0.5972471833229065,0.8172343969345093,-0.5522759556770325,0.13755059242248535,0.09054837375879288,-7.7234086990356445,-2.913409471511841,-2.3290858268737793,-1.3143208026885986,-0.7448803782463074,-0.8828606009483337,-0.7715387940406799
-2.168952703475952,0.037844978272914886,0.6641804575920105,-0.5356869697570801,0.8339885473251343,0.11404947936534882,0.06704726815223694,-3.06752347946167,-10,-2.9840197563171387,-0.7286538481712341,-0.5054457783699036,-0.644189178943634,-0.6464243531227112
-2.0873420238494873,0.0013547155540436506,0.6591424942016602,-0.6213968396186829,0.7543262839317322,-0.1914648860692978,-0.09054837375879288,-4.244332790374756,-7.436221599578857,-2.2472190856933594,0.38915154337882996,-0.2061525136232376,-0.34042561054229736,-0.2015732079744339
-2.304292678833008,0.10777667164802551,0.6378330588340759,0.6214518547058105,0.11441274732351303,-0.6704847812652588,-0.3887897729873657,-2.280446767807007,-2.933034896850586,-4.188063144683838,2.0099058151245117,-0.9244563579559326,-0.9625856876373291,-0.9666728973388672
-2.3632638454437256,0.22029629349708557,0.620278000831604,-0.30758798122406006,0.947431206703186,-0.05875276401638985,-0.0656648501753807,-10,-3.1093127727508545,-3.368793487548828,1.4615178108215332,-0.9942914247512817,-0.8828606009483337,-0.9661611318588257
-1.5392764806747437,0.32848984003067017,0.4642130732536316,0.1436915099620819,0.8687437772750854,0.40035849809646606,0.25367313623428345,-1.7366933822631836,-2.524203062057495,-3.7104785442352295,-0.7297276258468628,-0.7713887095451355,-0.728113055229187,-0.8234730362892151
-2.251868963241577,0.3435458838939667,0.4601418375968933,-0.1754155308008194,0.847291111946106,0.49287617206573486,0.09165268391370773,-2.5683300495147705,-2.9356203079223633,-4.910048007965088,1.3202004432678223,-0.8476846218109131,-0.665632426738739,-0.8360510468482971
-2.3237812519073486,0.36780470609664917,0.5826192498207092,0.6723291277885437,-0.29445692896842957,-0.26327377557754517,-0.6260635852813721,-2.319880247116089,-3.61598539352417,-3.8497512340545654,1.746126413345337,-0.9425421953201294,-0.8542361259460449,-0.9352717399597168
-1.9449169635772705,0.5451171398162842,0.5570356249809265,0.2044886350631714,0.49021485447883606,0.844199538230896,-0.07211750000715256,-1.8962546586990356,-3.297941207885742,-4.2868428230285645,1.4608696699142456,-1.2137731313705444,-1.149612307548523,-1.1869539022445679
-1.0747374296188354,-0.008697643876075745,0.035261306911706924,0.32184869050979614,0.3666899502277374,0.5336134433746338,0.6908028721809387,-1.7351319789886475,-2.345041513442993,-2.716831684112549,0.7256947755813599,-1.4526616334915161,-1.6249226331710815,-1.7724539041519165
-1.4111394882202148,0.44734683632850647,0.4799339771270752,-0.1831703782081604,0.8395247459411621,0.5108034610748291,0.026957150548696518,-2.4726998805999756,-8.058001518249512,-3.0167665481567383,5.537334442138672,-1.31353759765625,-1.2191702127456665,-1.285897970199585
-1.4150257110595703,0.2811134159564972,0.5331927537918091,0.905131995677948,-0.35597261786460876,-0.02004506066441536,0.2315549999475479,-7.085792064666748,-2.5982606410980225,-2.410952568054199,0.6931471824645996,-0.5353751182556152,-0.5031561255455017,-0.6464243531227112
-0.9639753699302673,0.25806018710136414,0.16833825409412384,0.6683738827705383,0.6230430603027344,-0.033821817487478256,-0.40490707755088806,-1.721157193183899,-2.091378927230835,-2.6014394760131836,16.11809539794922,-1.349671483039856,-1.4017455577850342,-1.3695615530014038
-0.5361854434013367,0.14241458475589752,0.4348980784416199,0.9700654745101929,0.1601615995168686,-0.1624942123889923,0.08316796272993088,-2.0066919326782227,-2.507662534713745,-4.32056188583374,16.11809539794922,-1.535788893699646,-1.5216540098190308,-1.46627676486969
-0.6959525942802429,0.3399299383163452,0.5016417503356934,0.6604653596878052,0.605108916759491,0.4442675709724426,-0.015970485284924507,-1.932492733001709,-2.2548017501831055,-4.663142681121826,3.422837495803833,-1.1408904790878296,-1.240131139755249,-1.2116714715957642
-0.877189040184021,0.16435028612613678,0.557763934135437,0.5470339059829712,-0.6853720545768738,-0.3263865113258362,-0.3528326451778412,-2.0635087490081787,-2.834702253341675,-3.3272898197174072,1.7983877658843994,-1.2069240808486938,-1.2148001194000244,-1.2298775911331177
-0.479375422000885,-0.014922045171260834,0.43437400460243225,0.5176278352737427,-0.29124248027801514,-0.7928792834281921,-0.13631460070610046,-1.9512052536010742,-2.5016977787017822,-2.848630428314209,16.11809539794922,-1.0034180879592896,-1.057658076286316,-1.0147157907485962
-0.2543930113315582,0.031354911625385284,0.5293539762496948,0.8212926983833313,0.5524632334709167,-0.12564301490783691,0.06690705567598343,-1.5713536739349365,-2.1367123126983643,-3.7272439002990723,2.5964813232421875,-1.3027286529541016,-1.309838891029358,-1.2586249113082886
-0.4279252886772156,0.0662262961268425,0.6281948089599609,-0.5370693802833557,0.8032380938529968,-0.09746046364307404,-0.23846709728240967,-1.9292278289794922,-6.567432880401611,-3.2992067337036133,-1.5953861474990845,-1.7724539041519165,-1.7724539041519165,-1.7724539041519165
-0.34242838621139526,0.09866208583116531,0.6044443249702454,0.7853567004203796,-0.5591880679130554,0.0435461662709713,-0.261968195438385,-2.6909444332122803,-8.058001518249512,-2.13260555267334,0.05491575598716736,-1.1638909578323364,-1.1323806047439575,-1.035669207572937
-0.03153062239289284,0.21624182164669037,0.5519052743911743,0.9461959004402161,-0.2785572111606598,0.13755059242248535,-0.09054837375879288,-2.511213541030884,-2.691953659057617,-5.65696907043457,1.7117167711257935,-1.2536789178848267,-1.2191702127456665,-1.244193196296692
-1.1157865524291992,0.24867761135101318,0.3640601933002472,-0.3628847002983093,0.9311606287956238,0.0034560449421405792,-0.03525165840983391,-6.418220520019531,-2.3512520790100098,-2.6892995834350586,5.537334442138672,-1.393349051475525,-1.436144232749939,-1.4527171850204468
-1.1935110092163086,0.4432923495769501,0.5425490140914917,-0.4015924036502838,0.884520411491394,-0.01175055280327797,0.23708467185497284,-10,-2.027585744857788,-2.19809889793396,1.0116009712219238,-0.6750453114509583,-0.6767352819442749,-0.7715387940406799
-1.1308033466339111,0.44991758465766907,0.6594148278236389,0.5712186694145203,-0.01562945730984211,-0.8074251413345337,-0.14672967791557312,-1.3511780500411987,-2.7172024250030518,-4.2278947830200195,16.11809539794922,-1.1503771543502808,-1.0539523363113403,-1.1804413795471191
-0.5173084139823914,0.4838370978832245,0.4540243148803711,0.7589987516403198,-0.6421331167221069,0.02004506066441536,-0.10575497150421143,-2.4898171424865723,-8.058001518249512,-2.19809889793396,3.0992729663848877,-1.4831371307373047,-1.4903876781463623,-1.3554059267044067
-0.18309327960014343,0.43112894892692566,0.3856515884399414,0.9126050472259521,-0.36426714062690735,-0.02004506066441536,0.18455280363559723,-1.762334942817688,-10,-1.792858600616455,5.537334442138672,-1.5130664110183716,-1.4795390367507935,-1.3971107006072998
-1.7064803838729858,0.6890963912010193,0.11605565249919891,0.6138398051261902,-0.016543790698051453,-0.7794503569602966,-0.12403277307748795,-1.6190743446350098,-2.5314724445343018,-3.83650541305542,2.8379127979278564,-1.6939704418182373,-1.6708523035049438,-1.6682994365692139
-1.6556246280670166,0.5756129622459412,0.31899794936180115,0.9627546072006226,0.20293086767196655,-0.17630916833877563,-0.02894267626106739,-2.1850900650024414,-2.797436475753784,-4.413671970367432,16.11809539794922,-0.987337589263916,-0.8861474990844727,-0.9505799412727356
-1.2518043518066406,0.6541249752044678,0.27841436862945557,-0.5743946433067322,0.6606999635696411,-0.17625829577445984,0.4499770402908325,-2.3699965476989746,-4.838372707366943,-2.13260555267334,1.8382794857025146,-1.7724539041519165,-1.7724539041519165,-1.7724539041519165
-1.8697136640548706,0.8980497717857361,0.15692949295043945,0.6353532075881958,-0.21728923916816711,-0.7308955788612366,0.12207905203104019,-1.972463846206665,-2.3060038089752197,-3.3289525508880615,2.1086740493774414,-1.2590187788009644,-1.2633298635482788,-1.1649940013885498
-2.254159927368164,0.8392705321311951,0.36273273825645447,0.9252184629440308,-0.1575406789779663,-0.33843308687210083,-0.06793181598186493,-1.9729418754577637,-2.7033863067626953,-4.774392127990723,0.8518084287643433,-0.9963772296905518,-0.8513695001602173,-0.8827515840530396
-1.872498869895935,0.8921902775764465,0.35632938146591187,0.5953017473220825,-0.5167871713638306,-0.3353509306907654,-0.5158358216285706,-1.6113827228546143,-3.709092617034912,-4.624288082122803,16.11809539794922,-0.7367443442344666,-0.6420924067497253,-0.7198097109794617
-1.621660590171814,0.9615588188171387,0.210443913936615,0.7488775253295898,-0.21012715995311737,-0.5702667832374573,-0.26424387097358704,-2.0186750888824463,-2.7003862857818604,-4.472318172454834,1.0582239627838135,-1.4137213230133057,-1.36160409450531,-1.3064371347427368
-1.4500017166137695,0.9906463027000427,0.31152117252349854,0.8497067093849182,-0.41126933693885803,0.09054837375879288,0.3172649145126343,-3.3927507400512695,-2.070173501968384,-6.340556621551514,5.537334442138672,-1.2736318111419678,-1.1866241693496704,-1.2163898944854736
-2.1106925010681152,0.6155902743339539,0.4745546579360962,0.6906537413597107,0.695650577545166,0.07990338653326035,0.18078474700450897,-2.0793895721435547,-2.3249993324279785,-4.206611633300781,0.9772827625274658,-1.160447359085083,-0.9913475513458252,-0.9939643740653992
-1.9527723789215088,0.5204439163208008,0.6549776792526245,0.5331887006759644,-0.7484070062637329,-0.2883230149745941,-0.2691962718963623,-2.188300132751465,-3.0836474895477295,-4.504439353942871,1.55768883228302,-0.718393862247467,-0.5532754063606262,-0.7998260259628296
-2.242790937423706,0.6946697235107422,0.6001260280609131,-0.4790078103542328,0.8380597233772278,0.20667147636413574,0.15966928005218506,-2.3314826488494873,-7.436221599578857,-2.861219644546509,0.38915154337882996,-1.0741029977798462,-0.8828606009483337,-1.0078659057617188
-1.1987459659576416,0.679969847202301,0.44044023752212524,0.7584181427955627,-0.41390225291252136,-0.495324969291687,-0.09022226929664612,-1.73716139793396,-2.0755386352539062,-3.265458345413208,-0.8552290201187134,-1.182368516921997,-0.9995216727256775,-0.9236156940460205
-1.7997616529464722,0.5568176507949829,0.5065633654594421,-0.44721221923828125,0.8754643797874451,0.11266706138849258,0.1444626748561859,-3.1274337768554688,-7.436221599578857,-2.881686210632324,5.537334442138672,-1.2736318111419678,-1.1974728107452393,-1.3137011528015137
-1.5471572875976562,0.5730355381965637,0.5792543888092041,0.8279007077217102,-0.5287748575210571,0.16796378791332245,-0.08225386589765549,-3.8549158573150635,-2.1723837852478027,-10,5.537334442138672,-1.2337260246276855,-1.1649267673492432,-1.2163898944854736
-1.4111394882202148,0.5730355381965637,0.6346722841262817,0.9121420979499817,-0.40297484397888184,0.01175055280327797,0.0739593580365181,-10,-2.6493659019470215,-2.9840197563171387,5.537334442138672,-1.1339616775512695,-0.9913475513458252,-1.0634723901748657
-1.3563145399093628,0.7236087322235107,0.6361281871795654,0.44835755228996277,0.8866469264030457,0.08709005266427994,0.07244352251291275,-2.141674041748047,-3.2737832069396973,-3.7640578746795654,0.6395362019538879,-0.810827374458313,-0.7245123982429504,-0.7127454280853271
-2.308856725692749,0.7595413327217102,0.4446680545806885,-0.3227945864200592,0.8528518676757812,0.37809130549430847,-0.15966928005218506,-3.3927507400512695,-10,-2.762979507446289,5.537334442138672,-1.393349051475525,-1.2191702127456665,-1.244193196296692
-1.9840078353881836,0.8797735571861267,0.4724298417568207,-0.4059632122516632,0.17969247698783875,0.33951279520988464,0.8292379379272461,-2.027484893798828,-2.573387861251831,-4.5260910987854,3.19368577003479,-1.1367700099945068,-0.9913475513458252,-1.087362289428711
-2.3477189540863037,1.0230821371078491,0.38349243998527527,-0.48591992259025574,0.8059932589530945,0.2840868830680847,0.1831703782081604,-2.4299068450927734,-10,-3.663513660430908,1.0520923137664795,-1.2536789178848267,-1.143229365348816,-1.0634723901748657
-2.398239850997925,0.9987552762031555,0.45978203415870667,-0.40297484397888184,0.8408485651016235,0.32417699694633484,-0.15966928005218506,-7.085792064666748,-2.334217071533203,-4.4944610595703125,5.537334442138672,-0.6850217580795288,-0.5031561255455017,-0.6603260040283203
-1.9926488399505615,0.9232895970344543,0.5744994282722473,-0.4798510670661926,0.23308038711547852,0.460990846157074,0.7091572284698486,-1.9016882181167603,-2.7818617820739746,-4.826935291290283,0.8775207996368408,-1.1826560497283936,-1.0362545251846313,-1.1235690116882324
-1.997959017753601,1.002809762954712,0.6051640510559082,0.9429587721824646,-0.19975939393043518,-0.20667147636413574,0.16796378791332245,-4.834877014160156,-5.196109294891357,-2.3086190223693848,1.6524039506912231,-0.6750453114509583,-0.5031561255455017,-0.6603260040283203
-1.4888639450073242,0.8690121173858643,0.5555038452148438,0.7736994028091431,-0.6269265413284302,0.02004506066441536,-0.08916595578193665,-2.087562322616577,-3.1604180335998535,-4.568141460418701,-0.5212969183921814,-0.774809718132019,-0.7852222919464111,-0.688129186630249
-1.5665884017944336,1.0109187364578247,0.6058837175369263,-0.5343045592308044,0.8309375643730164,0.1527571827173233,-0.026957150548696518,-10,-3.0496902465820312,-2.410952568054199,0.38915154337882996,-1.0940558910369873,-1.0238937139511108,-0.9939643740653992
-1.4338736534118652,0.9400643706321716,0.6561024188995361,0.5156213641166687,0.6293052434921265,0.43825098872184753,0.38215911388397217,-2.042168140411377,-2.1708929538726807,-4.197678089141846,0.08114298433065414,-1.2917944192886353,-1.2906579971313477,-1.2098952531814575
-0.5173084139823914,0.5933079123497009,0.24746671319007874,0.8115626573562622,-0.3960627317428589,0.2702627182006836,-0.33385393023490906,-2.2244999408721924,-10,-2.222659111022949,1.5676685571670532,-1.393349051475525,-1.2951111793518066,-1.2580947875976562
-0.15977595746517181,0.9095568656921387,0.3144000172615051,0.7825581431388855,-0.5799243450164795,-0.1914648860692978,-0.12096156924962997,-2.2244999408721924,-8.058001518249512,-2.1530723571777344,5.537334442138672,-1.393349051475525,-1.4144468307495117,-1.0912755727767944
-1.047855257987976,0.8428904414176941,0.4806016981601715,0.21031223237514496,0.6929076910018921,0.684569239616394,-0.083741694688797,-1.9366611242294312,-2.5922698974609375,-3.4219539165496826,3.20066499710083,-1.7724539041519165,-1.7724539041519165,-1.7724539041519165
-0.0859377309679985,0.674397349357605,0.4511454701423645,0.8713552355766296,-0.4803902506828308,-0.0739593580365181,0.06704726815223694,-2.245896577835083,-6.388564586639404,-2.1530723571777344,5.537334442138672,-1.4432313442230225,-1.522933840751648,-1.4388154745101929
-0.9994993209838867,1.1214275360107422,0.4924852252006531,0.4267168641090393,0.6638501286506653,0.5261135101318359,0.31689170002937317,-1.745460867881775,-2.5956168174743652,-2.9553897380828857,0.6293520927429199,-1.062291145324707,-0.9759528636932373,-0.8445221781730652
-0.71161949634552,0.8081949949264526,0.5231167674064636,0.8054239749908447,-0.5467463135719299,0.0435461662709713,0.22464291751384735,-2.1132380962371826,-2.308664560317993,-7.007770538330078,5.537334442138672,-1.0641264915466309,-1.2191702127456665,-0.9661611318588257
-1.034175992012024,0.9257747530937195,0.6375511288642883,0.6515307426452637,-0.6048078536987305,-0.4416825473308563,-0.12096156924962997,-3.324281692504883,-7.436221599578857,-2.533752679824829,5.537334442138672,-1.2337260246276855,-1.1866241693496704,-1.0495707988739014
-0.5756016969680786,1.019027590751648,0.6296342611312866,0.7458651065826416,-0.5896012783050537,0.21496598422527313,-0.22326049208641052,-3.0889198780059814,-7.052932262420654,-2.222659111022949,2.0149030685424805,-0.6451159715652466,-0.5682483315467834,-0.563014805316925
-2.3884239196777344,0.19169974327087402,0.823067843914032,0.5744768381118774,0.2739342451095581,0.41442596912384033,0.650528609752655,-1.7134246826171875,-2.593801975250244,-3.8151919841766357,-1.5238043069839478,-0.4659915864467621,-0.34879282116889954,-0.534856915473938
-1.2781614065170288,-0.012795251794159412,0.7308537364006042,0.9421163201332092,-0.18473975360393524,0.27455881237983704,0.05390331894159317,-2.3557543754577637,-3.490938901901245,-3.7190206050872803,0.31121134757995605,-0.8536495566368103,-0.7420452237129211,-0.8080653548240662
-1.2202130556106567,0.002517096698284149,0.7816209197044373,-0.3407660126686096,0.8884697556495667,-0.28546929359436035,-0.11404947936534882,-10,-3.623854875564575,-2.2004239559173584,-1.5953861474990845,-0.9749927520751953,-1.047771692276001,-1.0634723901748657
-2.3656463623046875,0.3163597285747528,0.6949831247329712,0.7629591226577759,-0.4665660560131073,0.3877682387828827,-0.22326049208641052,-6.695410251617432,-2.2895092964172363,-3.6902780532836914,0.95225590467453,-0.6745001673698425,-0.5876560211181641,-0.7020307779312134
-1.908021092414856,0.3104771673679352,0.6935193538665771,0.41271328926086426,0.5108325481414795,0.5892032384872437,0.4706987738609314,-1.9190980195999146,-2.554279088973999,-4.868472099304199,-0.11789093911647797,-0.7002319693565369,-0.6601455211639404,-0.7190801501274109
-1.990862488746643,0.38886111974716187,0.7204755544662476,0.2794000208377838,0.5793784856796265,0.7285110354423523,-0.23564358055591583,-2.5764334201812744,-3.4876744747161865,-4.410056114196777,16.11809539794922,-0.793895959854126,-0.683482825756073,-0.797458827495575
-1.9062875509262085,0.3887849450111389,0.797784686088562,-0.514950692653656,0.7582530975341797,-0.2868517339229584,-0.2785572111606598,-5.433958530426025,-2.0023715496063232,-3.0867393016815186,-1.9061697721481323,-0.9634353518486023,-0.9097369909286499,-0.9939643740653992
-1.405272126197815,0.3420518934726715,0.730392336845398,0.6713153719902039,0.21617038547992706,-0.6845578551292419,-0.18435454368591309,-2.424720048904419,-3.771458387374878,-4.584059715270996,16.11809539794922,-0.6924276947975159,-0.5748057961463928,-0.725154459476471
-1.2212648391723633,0.23159176111221313,1.0367932319641113,0.5295284390449524,-0.30074208974838257,-0.39360350370407104,-0.6886436939239502,-2.7915048599243164,-4.4433088302612305,-5.014084815979004,16.11809539794922,-0.494727224111557,-0.43996724486351013,-0.5234652757644653
-1.302782416343689,0.42628398537635803,0.9651741981506348,0.4765232801437378,0.48018547892570496,0.442290335893631,0.5888350605964661,-2.5098443031311035,-3.080291986465454,-4.956335067749023,0.3279857039451599,-0.5901459455490112,-0.4823716878890991,-0.6144685745239258
-1.7077261209487915,0.3968321979045868,0.8915345668792725,0.7097874879837036,-0.5688650012016296,0.05875276401638985,-0.41126933693885803,-3.2088403701782227,-4.459932327270508,-4.420433044433594,5.537334442138672,-0.3393353223800659,-0.17355193197727203,-0.4657036066055298
-1.742486834526062,0.4856593608856201,0.968588650226593,0.5883834362030029,-0.5069975852966309,-0.4685811698436737,-0.42093947529792786,-2.5834174156188965,-3.0577685832977295,-4.523456573486328,16.11809539794922,-0.3393353223800659,-0.22781804203987122,-0.4413333535194397
-1.3595024347305298,0.44712749123573303,0.8579139113426208,0.765454888343811,-0.49006715416908264,0.3103528320789337,0.2785572111606598,-6.695410251617432,-3.1847031116485596,-4.011039733886719,5.537334442138672,-0.5820409059524536,-0.449621319770813,-0.6603260040283203
-1.2170003652572632,0.475999116897583,1.0317983627319336,0.5145601630210876,-0.6644876599311829,-0.5418842434883118,0.006743303034454584,-2.7580173015594482,-3.6904489994049072,-4.495199203491211,0.3369883894920349,-0.6969611048698425,-0.4813738763332367,-0.6603260040283203
-0.9520067572593689,0.05482420325279236,0.7357158660888672,0.7779731154441833,-0.5522759556770325,-0.05875276401638985,0.29376381635665894,-6.695410251617432,-3.032689094543457,-3.0192105770111084,1.1143606901168823,-1.240813136100769,-1.3698526620864868,-1.2719963788986206
-1.0349876880645752,0.008552531711757183,0.7790347337722778,-0.5661001205444336,0.7764806151390076,-0.26888027787208557,0.0656648501753807,-5.880636692047119,-3.5056216716766357,-3.5341176986694336,1.7423112392425537,-0.8940908908843994,-0.8522225618362427,-0.8827515840530396
-0.87473064661026,0.05453797057271004,0.8296329975128174,0.5426406264305115,0.47360074520111084,0.5110045075416565,0.4691672623157501,-2.175112724304199,-2.6502463817596436,-4.5641279220581055,-0.11568226665258408,-0.8397575616836548,-0.778011679649353,-0.837557852268219
-0.7193637490272522,0.08097775280475616,0.797784686088562,-0.4403001070022583,0.8384860754013062,-0.21496598422527313,0.23846709728240967,-2.931734800338745,-7.432651519775391,-2.2004239559173584,0.5549968481063843,-1.171468734741211,-1.2203150987625122,-1.2163898944854736
-1.0141469240188599,0.17325250804424286,0.7864798307418823,0.10969185829162598,0.43388494849205017,0.8060460090637207,-0.3873000741004944,-1.9601054191589355,-3.5152838230133057,-3.971046209335327,0.010939383879303932,-0.9374355673789978,-0.8443852663040161,-0.9156175851821899
-0.7740592360496521,0.16686677932739258,0.9044437408447266,0.2773075997829437,0.6732671856880188,0.6560871601104736,0.19839711487293243,-1.9119350910186768,-3.5982234477996826,-6.158242702484131,-1.087371587753296,-0.7386078238487244,-0.6279463768005371,-0.7374365925788879
-0.8260535597801208,0.11115492880344391,0.8747242093086243,0.6590057015419006,-0.26473304629325867,0.48591992259025574,0.5094209909439087,-10,-2.745551347732544,-2.24685001373291,-0.40546509623527527,-0.7669594287872314,-0.6566733717918396,-0.7437355518341064
-0.8112354874610901,0.1715092808008194,0.8378708362579346,-0.5564232468605042,0.6888794898986816,-0.46380123496055603,-0.026957150548696518,-3.982255220413208,-2.8975653648376465,-7.007630348205566,5.537334442138672,-0.7669594287872314,-0.748696506023407,-0.8549483418464661
-0.19268329441547394,0.10299713909626007,0.9570783376693726,0.717566192150116,-0.21180328726768494,-0.6292513012886047,0.21043026447296143,-1.7838507890701294,-3.300790309906006,-3.7738194465637207,-0.514984667301178,-1.0268453359603882,-0.9653872847557068,-1.0026060342788696
-0.3129749000072479,0.24607151746749878,0.9012366533279419,-0.31809771060943604,0.41912052035331726,0.8258185386657715,-0.20291768014431,-2.5053560733795166,-3.0016605854034424,-3.8319242000579834,-0.6164436936378479,-0.9274866580963135,-0.8968712091445923,-1.0243914127349854
-0.12367911636829376,0.16145022213459015,0.8456294536590576,-0.6006606221199036,0.7733436226844788,0.03525165840983391,-0.19975939393043518,-2.4106104373931885,-10,-2.4283335208892822,-2.053239107131958,-1.7724539041519165,-1.7724539041519165,-1.7724539041519165
-0.05699800327420235,0.20168645679950714,0.9258017539978027,0.7747829556465149,-0.6186320185661316,0.11266706138849258,-0.0656648501753807,-3.1881608963012695,-10,-2.630919933319092,-0.3243834376335144,-1.3795020580291748,-1.3928585052490234,-1.2580947875976562
-0.8453169465065002,0.27209988236427307,0.7163193225860596,0.771460771560669,-0.5688650012016296,0.2702627182006836,-0.09054837375879288,-10,-2.348625898361206,-3.06563663482666,0.05491575598716736,-1.414174199104309,-1.5308932065963745,-1.4110122919082642
-0.7564088106155396,0.2841707468032837,0.7298969030380249,0.7144168615341187,-0.6753111481666565,-0.11266706138849258,-0.1444626748561859,-7.725251197814941,-3.1678125858306885,-2.24685001373291,1.4109870195388794,-0.8709760904312134,-0.8522225618362427,-0.8549483418464661
-0.7193637490272522,0.3545841574668884,0.8107157349586487,0.8744269013404846,-0.3960627317428589,-0.2702627182006836,0.0739593580365181,-2.7456188201904297,-7.432651519775391,-3.7578067779541016,5.537334442138672,-0.7669594287872314,-0.7717022895812988,-0.7993419766426086
-0.6472375988960266,0.4358115792274475,0.8050328493118286,0.3608371913433075,0.8874996900558472,-0.18050618469715118,0.2226169854402542,-2.1567230224609375,-3.4230644702911377,-3.610532760620117,1.2057161331176758,-0.9070021510124207,-0.8854586482048035,-0.9761727452278137
-1.1489144563674927,0.3180394768714905,0.8573858141899109,0.8153998851776123,-0.1758131980895996,-0.5515460968017578,0.003103218972682953,-2.7875401973724365,-3.122769832611084,-4.364574909210205,16.11809539794922,-1.0884007215499878,-0.9396765232086182,-1.0731546878814697
-1.0987051725387573,0.3384896516799927,0.9736465215682983,-0.6338386535644531,0.7729060649871826,-0.01175055280327797,0.026957150548696518,-6.695410251617432,-2.2895092964172363,-2.4283335208892822,-1.5953861474990845,-1.1599112749099731,-1.0362688302993774,-1.1607835292816162
-0.6452736258506775,0.23186363279819489,0.9464913606643677,-0.6158671975135803,0.7337654232978821,0.2315549999475479,-0.16934619843959808,-3.758916139602661,-7.432651519775391,-3.107841968536377,5.537334442138672,-0.7669594287872314,-0.6566733717918396,-0.7715387940406799
-0.6274920105934143,0.3163597285747528,0.9561896324157715,0.8157364130020142,-0.5273924469947815,-0.23017258942127228,-0.05875276401638985,-7.725251197814941,-2.8384487628936768,-2.4916417598724365,-0.11778303235769272,-1.0443371534347534,-0.9672514796257019,-0.9939643740653992
-0.9004253149032593,0.44072091579437256,0.9074475765228271,-0.11494053155183792,0.5409994125366211,0.8075287342071533,-0.2049528956413269,-2.535709857940674,-3.9700772762298584,-4.0380425453186035,16.11809539794922,-0.5846334099769592,-0.41714635491371155,-0.5896813869476318
-0.034770965576171875,0.2761234939098358,0.8042502403259277,-0.5343045592308044,0.8088075518608093,0.24537917971611023,-0.01175055280327797,-2.2451741695404053,-7.432651519775391,-3.7282629013061523,3.567518711090088,-0.9981075525283813,-0.9787543416023254,-0.9939643740653992
-0.28519558906555176,0.3747022747993469,0.6794659495353699,-0.6158671975135803,0.7646905183792114,-0.0435461662709713,-0.18455280363559723,-2.224494695663452,-10,-2.4916417598724365,0.7827593684196472,-1.2061408758163452,-1.2203150987625122,-1.244193196296692
-0.4719027280807495,0.3767140805721283,0.8831294178962708,-0.6393682956695557,0.7336873412132263,-0.11404947936534882,0.19975939393043518,-2.373387336730957,-8.057598114013672,-3.445486068725586,0.023530498147010803,-0.7900742292404175,-0.6566733717918396,-0.8827515840530396
-0.6508992910385132,0.5686027407646179,0.8760526776313782,0.4351699948310852,0.2826106548309326,0.7570793032646179,0.3969751000404358,-2.0959038734436035,-2.7578251361846924,-4.311779022216797,-0.449419230222702,-1.2796746492385864,-1.1487436294555664,-1.1820743083953857
0.013901433907449245,0.7142801880836487,0.8052830100059509,0.8769328594207764,0.04173135757446289,0.28097468614578247,0.38768601417541504,-1.6296087503433228,-1.9983346462249756,-4.828310012817383,3.2556586265563965,-1.4760565757751465,-1.4310638904571533,-1.4299960136413574
-0.15248984098434448,0.10037079453468323,1.257514476776123,0.5280004143714905,0.272865355014801,-0.7709237337112427,-0.22899052500724792,-2.6569039821624756,-4.232835292816162,-5.09866189956665,1.3422355651855469,-0.3959367871284485,-0.27637314796447754,-0.5132896900177002
-1.117153525352478,0.49756214022636414,1.0690202713012695,0.08170128613710403,0.824643075466156,0.559605062007904,-0.011438685469329357,-2.690713882446289,-4.031335830688477,-4.339338779449463,0.5925595760345459,-0.5301681756973267,-0.4196624457836151,-0.5578424334526062
-1.1472654342651367,0.4461503028869629,1.1033071279525757,0.5079673528671265,-0.38260480761528015,-0.7623916864395142,-0.11975670605897903,-3.704202175140381,-3.8641693592071533,-4.54496955871582,16.11809539794922,-0.7019178867340088,-0.5344241857528687,-0.6611289381980896
-0.6289737820625305,0.4632219970226288,1.065456748008728,-0.4403001070022583,0.8860746622085571,-0.1444626748561859,-0.01175055280327797,-7.725251197814941,-4.569720268249512,-2.9010350704193115,5.537334442138672,-0.7669594287872314,-0.6451705098152161,-0.7715387940406799
-0.3429858982563019,0.3183715343475342,1.0615774393081665,0.8176318407058716,-0.5439814925193787,0.17625829577445984,0.06704726815223694,-7.725251197814941,-2.63576340675354,-3.031872272491455,-0.9135472178459167,-1.0212223529815674,-0.9902572631835938,-1.0634723901748657
-0.4096670150756836,0.2761234939098358,1.1087756156921387,0.740648090839386,-0.662869393825531,-0.09746046364307404,-0.05045825615525246,-2.3899309635162354,-6.782369136810303,-2.964343309402466,-0.2762533724308014,-1.217698335647583,-1.185806393623352,-1.2163898944854736
-0.2977445423603058,0.34624940156936646,1.0911555290222168,0.4942619800567627,0.7492246031761169,0.41496798396110535,0.14889313280582428,-2.155719757080078,-3.5641236305236816,-4.271360874176025,-0.10368166863918304,-0.7478715181350708,-0.6192187666893005,-0.7550456523895264
-0.11330650001764297,0.2298518270254135,1.0758014917373657,0.7786679863929749,-0.5826891660690308,-0.16796378791332245,0.1610516905784607,-3.2088403701782227,-10,-3.445486068725586,2.092745542526245,-0.9981075525283813,-0.8867312073707581,-0.9661611318588257
-0.4037398099899292,0.44712749123573303,1.0479998588562012,-0.5025089383125305,0.8595391511917114,-0.08916595578193665,0.026957150548696518,-2.3113486766815186,-10,-3.2302379608154297,-1.4873905181884766,-1.298600196838379,-1.2203150987625122,-1.230291485786438
-0.5374375581741333,0.5122454166412354,1.0914993286132812,0.8222456574440002,-0.39769697189331055,-0.09412287175655365,-0.3960935175418854,-2.3980085849761963,-3.9484386444091797,-4.334201812744141,0.8493366837501526,-0.7621903419494629,-0.6499171257019043,-0.7519007921218872
-0.15776057541370392,0.4229857623577118,1.0447670221328735,0.7273696064949036,-0.6739287376403809,-0.02004506066441536,0.12787365913391113,-3.03513240814209,-8.057598114013672,-3.3484134674072266,0.5719616413116455,-0.8825334906578064,-0.7832052111625671,-0.9661611318588257
-0.07499553263187408,0.4309663772583008,1.311514139175415,-0.4756028354167938,-0.28636500239372253,0.8205367922782898,-0.1360749751329422,-2.971839427947998,-3.921271562576294,-4.051225185394287,16.11809539794922,-0.7453756928443909,-0.6862308979034424,-0.7204437255859375
-2.198202610015869,0.5376590490341187,0.696922779083252,0.8545353412628174,-0.3587374687194824,0.03525165840983391,0.3739440441131592,-3.0185887813568115,-3.860321044921875,-7.007630348205566,5.537334442138672,-0.6513853073120117,-0.507135808467865,-0.6742275953292847
-2.204129934310913,0.5336353778839111,0.8133019208908081,-0.3628847002983093,0.8935850858688354,0.0739593580365181,0.2536737024784088,-3.0682196617126465,-10,-2.951681613922119,0.26028311252593994,-1.171468734741211,-1.0362688302993774,-1.07737398147583
-1.8525108098983765,0.5962373614311218,0.7331554293632507,0.9532068371772766,-0.22483393549919128,-0.12633800506591797,-0.15775024890899658,-2.211449384689331,-3.310548782348633,-4.209382057189941,-0.23102398216724396,-0.7124656438827515,-0.5882992744445801,-0.8001193404197693
-2.330815315246582,0.7543430924415588,0.702422559261322,-0.48656904697418213,0.5236583948135376,0.5374414920806885,0.44742491841316223,-2.449665069580078,-2.95784068107605,-3.658006429672241,16.11809539794922,0.06870890408754349,0.29508906602859497,-0.03050210140645504
-2.3330466747283936,0.5819188952445984,0.8986465930938721,0.7129735946655273,-0.49974408745765686,0.49144959449768066,-0.02004506066441536,-10,-2.331735372543335,-2.331260919570923,-1.6817585229873657,-0.9634353518486023,-0.8177138566970825,-0.9244563579559326
-2.182173013687134,0.6362455487251282,0.8626898527145386,-0.08610633760690689,0.40319499373435974,0.9103508591651917,-0.035788822919130325,-2.8629350662231445,-3.144608497619629,-3.467498779296875,1.2292745113372803,-0.6989902853965759,-0.5311682224273682,-0.7355707287788391
-2.0522024631500244,0.5889717936515808,0.9554606676101685,0.6505180597305298,0.7407478094100952,0.1676747053861618,-0.002034238073974848,-1.955925703048706,-2.938004732131958,-4.758713245391846,-1.467076301574707,-0.23846746981143951,-0.07674404233694077,-0.39077579975128174
-2.104849100112915,0.6422732472419739,0.8947672843933105,-0.4803902506828308,0.8255544304847717,0.1527571827173233,0.2536737024784088,-3.837498426437378,-7.432651519775391,-3.3948395252227783,5.537334442138672,-0.7554020285606384,-0.5646502375602722,-0.7437355518341064
-1.315228819847107,0.5507922172546387,0.7961767315864563,0.8568848967552185,0.11755993962287903,-0.49935439229011536,0.050726473331451416,-2.24558162689209,-3.2890818119049072,-3.685556173324585,1.282342791557312,-1.196275234222412,-1.0231765508651733,-1.1191928386688232
-1.5196335315704346,0.7038556337356567,0.7153705358505249,0.9071866869926453,-0.16863909363746643,0.3294128477573395,0.20015083253383636,-3.1276895999908447,-3.4883644580841064,-4.042675495147705,16.11809539794922,-0.667296290397644,-0.5247641205787659,-0.7265846133232117
-1.7758890390396118,0.6281905770301819,0.8107157349586487,0.7940806150436401,-0.6061902642250061,-0.03525165840983391,-0.026957150548696518,-3.32464599609375,-10,-2.24685001373291,-1.2227606773376465,-1.4257316589355469,-1.3928585052490234,-1.2997995615005493
-1.271166443824768,0.7007414102554321,0.7287487983703613,0.19360484182834625,0.8726925253868103,0.44647133350372314,-0.039853379130363464,-2.6733531951904297,-3.3228609561920166,-3.9428820610046387,2.136469841003418,-1.1035269498825073,-1.0325052738189697,-1.0399117469787598
-1.23954176902771,0.6086754202842712,0.8457231521606445,0.7101757526397705,0.5793329477310181,-0.39819851517677307,-0.03823171555995941,-2.437971353530884,-2.9223451614379883,-4.2059645652771,2.488661766052246,-0.9280556440353394,-0.820716381072998,-0.890396773815155
-1.6606993675231934,0.5274907350540161,0.9559312462806702,0.18891914188861847,0.4976242780685425,0.4955523610115051,0.686372697353363,-3.138523817062378,-3.9531819820404053,-4.533187389373779,16.11809539794922,-0.3474291265010834,-0.1667574942111969,-0.33578920364379883
-2.0929946899414062,0.8354071378707886,0.7699830532073975,0.8366287350654602,-0.33385393023490906,0.3573550283908844,0.24676160514354706,-6.695410251617432,-3.06646990776062,-3.660734176635742,3.0992729663848877,-0.9056482911109924,-0.8522225618362427,-0.9939643740653992
-2.170891284942627,0.9147566556930542,0.7426243424415588,0.5668981075286865,0.36561262607574463,0.5154673457145691,0.5284386277198792,-3.391906499862671,-3.693063259124756,-4.366789817810059,16.11809539794922,-0.7229312062263489,-0.5326977968215942,-0.7245749235153198
-2.196720838546753,0.976233959197998,0.8792501091957092,-0.3006758987903595,0.8716227412223816,0.2702627182006836,-0.27717480063438416,-4.734990119934082,-2.9313464164733887,-4.222067356109619,2.1756255626678467,0.19230546057224274,0.36708399653434753,0.10426196455955505
-1.4929211139678955,1.037136197090149,0.7099587321281433,0.8849438428878784,-0.22837425768375397,0.12037593126296997,0.3875941336154938,-2.0430874824523926,-3.212965965270996,-4.330501556396484,-0.32598036527633667,-0.7635756731033325,-0.7299892902374268,-0.6665011048316956
-1.3535752296447754,0.8233363032341003,0.8417501449584961,0.8009769916534424,-0.5661001205444336,0.1527571827173233,-0.12096156924962997,-6.418304443359375,-2.982017755508423,-2.407230854034424,-2.219203472137451,-0.7900742292404175,-0.7717022895812988,-0.7993419766426086
-1.255776286125183,0.8675961494445801,0.9949826598167419,0.8339564204216003,-0.5439814925193787,0.02004506066441536,0.09054837375879288,-7.725251197814941,-2.4499685764312744,-3.6902780532836914,1.6524039506912231,-0.9981075525283813,-0.8867312073707581,-0.8966531753540039
-1.4543378353118896,0.9842812418937683,0.8508018851280212,0.7399898171424866,-0.662869393825531,0.11404947936534882,-0.0034560449421405792,-7.084185600280762,-4.2488017082214355,-2.964343309402466,2.1756255626678467,-0.6629427075386047,-0.6566733717918396,-0.5352115631103516
-1.3224574327468872,0.8937497138977051,1.1857150793075562,0.9068912267684937,-0.3960627317428589,0.09746046364307404,-0.10575497150421143,-3.8995370864868164,-10,-3.0867393016815186,5.537334442138672,-0.5935983061790466,-0.5186386704444885,-0.5491132140159607
-1.3132895231246948,0.9630524516105652,1.2624870538711548,0.5484377145767212,0.6460715532302856,0.46955254673957825,0.24764502048492432,-2.463423728942871,-2.849977493286133,-4.458010196685791,-0.32029610872268677,-0.5654025673866272,-0.4127478301525116,-0.5278171300888062
-1.0853689908981323,0.5054700374603271,0.712440013885498,0.7629992365837097,-0.567482590675354,-0.09746046364307404,-0.29376381635665894,-2.5346875190734863,-6.241874694824219,-2.964343309402466,5.537334442138672,-1.0790094137191772,-1.0362688302993774,-1.1607835292816162
-0.9934972524642944,0.5698480010032654,0.8081294894218445,-0.4720957279205322,0.8769475221633911,-0.01175055280327797,-0.08916595578193665,-2.7456188201904297,-7.061061382293701,-3.563661575317383,5.537334442138672,-1.0212223529815674,-0.9672514796257019,-0.9800627827644348
-1.175758957862854,0.7267693281173706,0.7861468195915222,-0.6034254431724548,0.7894341945648193,-0.042163748294115067,0.1043725535273552,-6.695410251617432,-2.492194652557373,-3.3484134674072266,2.0149030685424805,-0.9749927520751953,-0.8867312073707581,-0.8827515840530396
-1.0690691471099854,0.5115054845809937,0.8895949125289917,0.9665126204490662,-0.19975939393043518,-0.0034560449421405792,-0.1610516905784607,-2.7456188201904297,-6.5712385177612305,-3.5045738220214844,3.9120230674743652,-1.171468734741211,-1.151297688484192,-1.1607835292816162
-1.1573108434677124,0.5700964331626892,0.9137123823165894,0.5075266361236572,-0.25486743450164795,-0.8093013763427734,-0.14996880292892456,-2.1296634674072266,-2.254714250564575,-4.477696418762207,-1.2999393939971924,-0.6604762673377991,-0.48968860507011414,-0.5908179879188538
-1.1905769109725952,0.5980134010314941,0.9283879399299622,-0.5508935451507568,0.7770710587501526,-0.28546929359436035,0.10575497150421143,-7.084185600280762,-2.686434745788574,-2.4494361877441406,1.8382794857025146,-1.0327798128128052,-0.9212399125099182,-0.9661611318588257
-1.0500558614730835,0.593944251537323,1.0090527534484863,0.9856005311012268,-0.10700235515832901,-0.06919891387224197,0.11114677786827087,-2.617420196533203,-2.9841630458831787,-3.4705042839050293,0.2998516261577606,-0.7477841377258301,-0.6089614629745483,-0.7525841593742371
-1.0112977027893066,0.6760737299919128,0.9065569639205933,0.6239016652107239,-0.589839518070221,-0.30859288573265076,-0.40939778089523315,-2.438826322555542,-2.9849283695220947,-3.701232433319092,1.7842916250228882,-1.08133864402771,-1.0776586532592773,-1.0161998271942139
-1.0705509185791016,0.6261787414550781,0.9820516705513,-0.4803902506828308,0.8631888628005981,0.09746046364307404,-0.12096156924962997,-3.0185887813568115,-6.241874694824219,-3.5045738220214844,1.7117167711257935,-0.9981075525283813,-0.9787543416023254,-0.9939643740653992
-1.0552501678466797,0.8794749975204468,0.8532209396362305,0.08813336491584778,0.5103004574775696,0.766032338142395,-0.3808154761791229,-2.323345184326172,-3.2417168617248535,-4.956223011016846,1.4090975522994995,-0.6479005813598633,-0.49726977944374084,-0.703019917011261
-0.7621093392372131,0.6705383062362671,0.8965356945991516,0.5599252581596375,-0.5410550832748413,-0.613040566444397,-0.1338818520307541,-2.388340473175049,-3.229691505432129,-4.2111496925354,0.6694669127464294,-0.9413846731185913,-0.8961650133132935,-0.8813141584396362
-0.4837571382522583,0.5275999903678894,0.7764485478401184,-0.49421441555023193,0.836795449256897,0.23017258942127228,0.05045825615525246,-3.2088403701782227,-10,-3.4201626777648926,4.840242385864258,-1.298600196838379,-1.4158642292022705,-1.230291485786438
-0.5800743103027344,0.5819188952445984,0.7971381545066833,-0.5011265277862549,0.7192955017089844,0.29929348826408386,0.37670889496803284,-3.394956350326538,-10,-2.5338473320007324,1.8718022108078003,-1.4026168584823608,-1.427367091178894,-1.2719963788986206
-0.44226667284965515,0.5436944365501404,0.8831294178962708,-0.6144847869873047,0.755295991897583,-0.17625829577445984,-0.1444626748561859,-3.7258288860321045,-10,-2.3903486728668213,3.4299468994140625,-1.471961259841919,-1.4388700723648071,-1.369307518005371
-0.4695107638835907,0.6233499050140381,0.9732329845428467,0.548933744430542,-0.3612819015979767,-0.33430394530296326,-0.6755649447441101,-2.881478786468506,-2.9973034858703613,-3.98468017578125,1.4015527963638306,-0.8292636275291443,-0.7792929410934448,-0.8512083292007446
-0.4830074608325958,0.7216871380805969,0.907729983329773,-0.2610301375389099,0.5134415626525879,0.65727698802948,0.4860329031944275,-2.1732819080352783,-2.7222177982330322,-4.499226093292236,1.2485377788543701,-1.0450526475906372,-0.9843277931213379,-1.001130223274231
-1.1713135242462158,0.8012063503265381,0.7990778088569641,0.7211476564407349,-0.6421331167221069,0.23017258942127228,0.12096156924962997,-7.725251197814941,-1.791240930557251,-4.281155109405518,0.26028311252593994,-0.9981075525283813,-0.8637254238128662,-0.8966531753540039
-0.7815994620323181,0.7810882329940796,0.8242932558059692,-0.35459020733833313,0.8905473351478577,0.23017258942127228,-0.16796378791332245,-2.9482784271240234,-7.432651519775391,-4.011039733886719,2.7725887298583984,-0.9981075525283813,-1.047771692276001,-0.9800627827644348
-1.0881081819534302,0.9963946342468262,0.8060100078582764,0.7897336483001709,-0.1850629597902298,-0.5597562789916992,0.16954463720321655,-2.07767391204834,-3.940460681915283,-4.586146354675293,1.4039106369018555,-0.9411490559577942,-0.8269691467285156,-0.8058562278747559
-1.1787225008010864,1.0245174169540405,0.7273106575012207,0.9064822793006897,-0.41265174746513367,-0.03525165840983391,-0.08225386589765549,-2.472649097442627,-1.9770358800888062,-10,5.537334442138672,-0.8131890296936035,-0.8177138566970825,-0.6742275953292847
-0.9290153980255127,0.9118809103965759,0.8190138936042786,0.8243409991264343,0.47835710644721985,-0.24443048238754272,-0.1785782426595688,-2.275108575820923,-3.268958568572998,-4.084090232849121,4.989649772644043,-1.0042481422424316,-0.8087283968925476,-0.9243702292442322
-0.9668247699737549,0.8032181859016418,0.8520949482917786,-0.5965133309364319,0.8001987934112549,0.05875276401638985,0.02004506066441536,-3.1881608963012695,-7.061061382293701,-2.554949998855591,-0.2443457543849945,-1.217698335647583,-1.185806393623352,-1.2163898944854736
-0.6082285642623901,0.8736315965652466,0.95231032371521,-0.6241617202758789,0.709259569644928,-0.22326049208641052,0.2398495078086853,-2.88210391998291,-10,-3.6902780532836914,1.0317493677139282,-1.4372891187667847,-1.3698526620864868,-1.2580947875976562
-1.1357502937316895,0.9259386658668518,0.9503706693649292,-0.5343045592308044,0.7207155227661133,0.40850451588630676,-0.16796378791332245,-2.5512311458587646,-4.037671089172363,-10,2.4107987880706787,-0.4664668142795563,-0.3460952937602997,-0.45180198550224304
-0.8893592953681946,1.0419135093688965,1.0173672437667847,-0.04291770979762077,0.5527376532554626,0.6437816619873047,0.5274317860603333,-2.4784159660339355,-3.283621311187744,-4.8061323165893555,16.11809539794922,-1.151153326034546,-1.0590542554855347,-1.0609064102172852
-0.45412108302116394,0.8092536330223083,0.6704142093658447,-0.5896012783050537,0.7923338413238525,-0.1527571827173233,-0.03525165840983391,-2.224494695663452,-2.3908519744873047,-10,5.537334442138672,-1.217698335647583,-1.185806393623352,-1.0912755727767944
-0.2511141300201416,0.988304853439331,0.6794659495353699,-0.5246276259422302,0.8434128761291504,0.0739593580365181,0.08916595578193665,-1.9763401746749878,-6.5712385177612305,-3.145827054977417,0.8944319486618042,-1.2061408758163452,-1.162800669670105,-1.0078659057617188
-0.3382926285266876,0.7943960428237915,0.9680148959159851,0.14102545380592346,0.3951489329338074,0.8627190589904785,-0.28228524327278137,-1.921480655670166,-2.7488911151885986,-5.1405110359191895,-0.4425927698612213,-1.035298228263855,-0.9542548060417175,-0.9153892397880554
-0.10647077113389969,0.7968349456787109,0.9996975660324097,0.3406033515930176,0.571647584438324,0.7454614639282227,-0.03867340460419655,-1.8914556503295898,-2.862757682800293,-4.256479740142822,1.0189988613128662,-0.6841939091682434,-0.6232790350914001,-0.5927613377571106
-1.160607099533081,0.7076018452644348,1.3021900653839111,0.9514700174331665,-0.1264129877090454,-0.2222498059272766,-0.17125888168811798,-3.4479117393493652,-3.9217774868011475,-4.373839855194092,3.3046317100524902,-0.6459242701530457,-0.5479649901390076,-0.6397028565406799
-0.2496323436498642,0.5879543423652649,1.0583446025848389,-0.6310737729072571,0.7642305493354797,-0.09746046364307404,-0.09054837375879288,-2.88210391998291,-10,-2.331260919570923,0.7108467817306519,-0.7669594287872314,-0.748696506023407,-0.7715387940406799
-0.3874399662017822,0.6402614116668701,1.0428273677825928,-0.6144847869873047,0.755295991897583,-0.17625829577445984,0.1444626748561859,-3.32464599609375,-10,-2.7617568969726562,-0.7646061182022095,-1.6222076416015625,-1.5884076356887817,-1.4388154745101929
-0.44819945096969604,0.7928312420845032,1.0779542922973633,0.3454982042312622,0.6494447588920593,0.6721794605255127,-0.08382897078990936,-2.3341729640960693,-3.195268154144287,-4.929135322570801,-0.4404664635658264,-0.5787511467933655,-0.4792186915874481,-0.6047456860542297
-0.1755422055721283,0.6342259645462036,1.1695513725280762,-0.5108034610748291,0.8308133482933044,-0.1527571827173233,0.15966928005218506,-2.199679136276245,-10,-3.5341176986694336,0.03922071307897568,-1.1830260753631592,-1.1282919645309448,-1.0634723901748657
-0.4911661446094513,0.5396708250045776,1.187654733657837,0.7615350484848022,-0.5896012783050537,-0.26888027787208557,0.01175055280327797,-2.0673301219940186,-10,-3.5045738220214844,-1.5953861474990845,-0.7900742292404175,-0.7026849389076233,-0.7993419766426086
-0.4837571382522583,0.5980134010314941,1.3286027908325195,0.7751652002334595,-0.5882188081741333,-0.23017258942127228,0.01175055280327797,-3.299830436706543,-3.1847031116485596,-7.007630348205566,5.537334442138672,-0.6629427075386047,-0.5761531591415405,-0.6603260040283203
-0.3311314880847931,0.7509110569953918,1.1857150793075562,0.6421331167221069,-0.22464291751384735,0.6738855242729187,-0.288234144449234,-7.725251197814941,-2.5935373306274414,-3.5045738220214844,0.2125614434480667,-1.217698335647583,-1.047771692276001,-1.1746851205825806
-1.1535319089889526,0.8696079850196838,1.097137689590454,0.7136754989624023,-0.6504276394844055,0.23017258942127228,-0.12096156924962997,-7.725251197814941,-2.9651272296905518,-4.112332820892334,3.9120230674743652,-0.8016316294670105,-0.5991589426994324,-0.7576372027397156
-1.002938985824585,0.869648814201355,1.162627935409546,0.518913209438324,-0.23420055210590363,-0.4557223916053772,-0.684248685836792,-2.4994828701019287,-3.027036428451538,-3.8674323558807373,1.866696834564209,-1.4191757440567017,-1.383603811264038,-1.3301784992218018
-0.8652309775352478,0.8869457840919495,1.0204812288284302,0.966464638710022,0.2505454421043396,-0.05618351697921753,-0.004055622965097427,-2.806361436843872,-3.373002052307129,-4.065013885498047,1.0529534816741943,-0.8599321842193604,-0.7819061875343323,-0.8557247519493103
-1.1244841814041138,0.8348376154899597,1.1820378303527832,0.6468112468719482,0.5473640561103821,0.13911348581314087,0.5125185251235962,-3.1425085067749023,-3.3485207557678223,-4.788351535797119,16.11809539794922,-0.540740430355072,-0.5002424120903015,-0.578092098236084
-1.092777967453003,0.8253480792045593,1.2193357944488525,-0.644897997379303,0.7303429841995239,-0.21496598422527313,0.06704726815223694,-3.473538637161255,-3.252264976501465,-7.007630348205566,5.537334442138672,-0.6629427075386047,-0.5761531591415405,-0.6603260040283203
-0.9638611674308777,0.8535134792327881,1.2536029815673828,-0.49421441555023193,0.7748175263404846,0.3932979106903076,-0.026957150548696518,-3.1633455753326416,-6.782369136810303,-3.922408103942871,-0.2443457543849945,-0.8940908908843994,-0.8867312073707581,-0.8827515840530396
-1.1570786237716675,0.7681930065155029,1.286491870880127,0.5096203684806824,0.6087660193443298,0.37709516286849976,0.47695931792259216,-3.490861177444458,-3.766047716140747,-4.671749591827393,16.11809539794922,-0.7440325021743774,-0.6659131050109863,-0.7105751633644104
-0.9579339623451233,0.8253480792045593,1.2988615036010742,0.8394973874092102,-0.488684743642807,0.05875276401638985,-0.23017258942127228,-3.8995370864868164,-10,-3.0529749393463135,5.537334442138672,-0.6513853073120117,-0.5186386704444885,-0.6742275953292847
-1.1692242622375488,0.915733814239502,1.2390669584274292,0.7364750504493713,0.5906031131744385,-0.08068490773439407,-0.31981632113456726,-3.590653896331787,-3.7889599800109863,-3.9889817237854004,16.11809539794922,-0.7765665650367737,-0.5653407573699951,-0.7757265567779541
-0.7857012152671814,1.0582305192947388,1.2244750261306763,0.9584397673606873,0.06835609674453735,-0.011885358020663261,0.2767297923564911,-2.3081533908843994,-3.250856637954712,-4.757904529571533,1.4350374937057495,-1.175424337387085,-1.0410786867141724,-1.1188974380493164
-1.1327866315841675,0.9561158418655396,1.3311890363693237,-0.613102376461029,0.7758823037147522,0.03525165840983391,0.1444626748561859,-2.8986475467681885,-5.718270778656006,-3.188032627105713,-1.5953861474990845,-1.136796474456787,-0.9902572631835938,-1.07737398147583
-0.4795348048210144,0.8635520935058594,1.0839784145355225,0.31765884160995483,0.8439280390739441,0.4127404987812042,-0.1285443902015686,-3.0544283390045166,-3.6335597038269043,-4.255078315734863,0.02598479948937893,0.12446603178977966,0.2883777320384979,0.028899280354380608
-0.14799529314041138,0.8006457090377808,1.1166375875473022,0.8601601719856262,0.45016831159591675,-0.06549783051013947,-0.23061451315879822,-2.5228192806243896,-2.9421820640563965,-3.5488836765289307,0.4915196895599365,-0.8618342876434326,-0.8509967923164368,-0.8846886157989502
-0.043448012322187424,0.9818742275238037,1.1126967668533325,-0.3253830373287201,0.7196773886680603,0.4961872100830078,0.3605393171310425,-1.9138070344924927,-2.9801511764526367,-3.9901351928710938,1.009192705154419,-1.1295626163482666,-0.9850320219993591,-1.072378396987915
-0.16983795166015625,0.9828593134880066,1.1768547296524048,-0.49486055970191956,0.7377927899360657,0.32682305574417114,0.32243067026138306,-2.302593946456909,-3.189692735671997,-3.98175311088562,-0.36118000745773315,-0.8457584381103516,-0.7662366628646851,-0.7987777590751648
-0.10145208239555359,0.9239268898963928,1.3286027908325195,-0.4568891227245331,0.8774856328964233,0.02004506066441536,0.1444626748561859,-2.613269805908203,-8.057598114013672,-2.7448747158050537,-1.3379757404327393,-0.8940908908843994,-0.8867312073707581,-0.8549483418464661
-2.7360970973968506,1.068777322769165,0.06653586030006409,0.9131388664245605,-0.1444626748561859,0.3089704215526581,-0.22326049208641052,-10,-3.936328172683716,-2.9305789470672607,0.26028311252593994,-0.8131890296936035,-0.5991589426994324,-0.7437355518341064
-2.506417751312256,1.0627418756484985,0.007699742913246155,0.7947733998298645,-0.5121858716011047,0.32555943727493286,-0.0034560449421405792,-10,-2.5344207286834717,-2.6140377521514893,1.4360558986663818,-1.2523705959320068,-1.2203150987625122,-1.1468819379806519
-2.6775853633880615,1.1809933185577393,0.14156514406204224,0.8689334988594055,-0.30765479803085327,-0.34355783462524414,-0.1796415150165558,-2.7217750549316406,-2.883042573928833,-4.5828375816345215,2.6377248764038086,-0.9111728668212891,-0.7482917904853821,-0.8618379831314087
-2.519753932952881,1.0647536516189575,0.22623388469219208,-0.592366099357605,0.6859018802642822,-0.09746046364307404,-0.41126933693885803,-10,-2.8215584754943848,-2.2004239559173584,-0.11778303235769272,-1.0443371534347534,-0.9902572631835938,-0.8827515840530396
-2.4975268840789795,1.044635534286499,0.4208456575870514,-0.5550408363342285,0.5772944092750549,-0.4610363841056824,-0.38223856687545776,-10,-4.037671089172363,-2.913696765899658,2.092745542526245,-0.7554020285606384,-0.5761531591415405,-0.7715387940406799
-2.5167901515960693,1.7890058755874634,0.2061908096075058,-0.5356869697570801,0.7558372616767883,0.1914648860692978,-0.32417699694633484,-10,-2.63576340675354,-1.6475318670272827,-1.2909841537475586,-0.3393353223800659,-0.17355193197727203,-0.09036041796207428
-2.569786787033081,1.9013193845748901,0.09252288192510605,0.9030647873878479,-0.3225747048854828,-0.09083278477191925,-0.268642783164978,-1.758327841758728,-2.7230207920074463,-3.7049074172973633,0.08125089854001999,-0.28154826164245605,-0.0985841378569603,-0.17174699902534485
-2.654352903366089,1.8434761762619019,0.11851843446493149,0.5065008401870728,0.834577739238739,0.17939713597297668,-0.1214643120765686,-1.9818201065063477,-2.7610695362091064,-3.9329264163970947,16.11809539794922,-0.678868293762207,-0.5768072605133057,-0.4932514429092407
-2.4723362922668457,1.9036792516708374,0.11761336028575897,-0.6227793097496033,0.6784810423851013,-0.11404947936534882,0.37256163358688354,-3.663790225982666,-10,-2.630919933319092,1.8718022108078003,-1.1830260753631592,-0.9902572631835938,-1.2163898944854736
-2.7257936000823975,2.0163722038269043,0.08778052031993866,0.566756546497345,0.7900925278663635,0.22498032450675964,-0.06264708936214447,-2.4177968502044678,-2.964177370071411,-3.2547709941864014,3.327265739440918,-0.9775344729423523,-0.8268685936927795,-0.9379947185516357
-2.7982144355773926,1.8827844858169556,0.2535911798477173,0.9318193793296814,-0.0035279500298202038,-0.272712767124176,-0.23943261802196503,-2.198927402496338,-3.2132136821746826,-4.441360950469971,0.8516784906387329,-0.4184454083442688,-0.16734831035137177,-0.3437883257865906
-2.6113839149475098,1.9241375923156738,0.2936919927597046,-0.3535894751548767,0.23015180230140686,0.6070932745933533,0.6733813285827637,-2.7384607791900635,-3.0663130283355713,-3.7602415084838867,2.317840814590454,0.4223562479019165,0.5775495171546936,0.2582108676433563
-2.6156768798828125,1.9794589281082153,0.21734969317913055,0.5310556888580322,-0.5552405118942261,-0.15898212790489197,-0.6200100779533386,-2.423941135406494,-2.6446330547332764,-3.7339468002319336,16.11809539794922,0.4224197566509247,0.7553592920303345,0.346455842256546
-2.0811402797698975,1.0627418756484985,0.24821659922599792,0.7711634039878845,-0.5826891660690308,0.25505611300468445,-0.026957150548696518,-7.084185600280762,-2.779332399368286,-2.4283335208892822,-1.2909841537475586,-1.7724539041519165,-1.7724539041519165,-1.7724539041519165
-1.384818434715271,1.108655333518982,0.26920172572135925,0.7376833558082581,0.01660444214940071,-0.611676037311554,0.2853068709373474,-1.9772878885269165,-2.680476427078247,-3.75639271736145,16.11809539794922,-1.6039825677871704,-1.5089367628097534,-1.4551310539245605
-1.6390739679336548,1.1868804693222046,0.16898052394390106,0.8331013321876526,0.31426411867141724,-0.43098726868629456,0.14639055728912354,-1.6308417320251465,-2.482917547225952,-3.2726361751556396,0.011561862193048,-1.0899778604507446,-0.980573832988739,-0.9712672829627991
-1.9670414924621582,1.4389506578445435,0.21071666479110718,0.7051602005958557,-0.6808408498764038,0.1914648860692978,0.05045825615525246,-10,-2.348625898361206,-2.8630502223968506,-0.8754687309265137,-1.2523705959320068,-1.3583498001098633,-1.0634723901748657
-1.697353482246399,1.3041592836380005,0.20683735609054565,0.803321361541748,-0.49006715416908264,-0.16796378791332245,0.29376381635665894,-2.8200652599334717,-2.8637845516204834,-7.007630348205566,0.6406570076942444,-1.4372891187667847,-1.3698526620864868,-1.2580947875976562
-1.7803343534469604,1.416820764541626,0.2863630950450897,-0.5204803347587585,0.621279239654541,0.46518364548683167,-0.35597261786460876,-2.98136568069458,-3.5056216716766357,-10,1.5676685571670532,-0.8825334906578064,-0.7026849389076233,-0.7576372027397156
-1.4994689226150513,1.5502784252166748,0.08560462296009064,0.5175997018814087,0.3514530658721924,-0.7730680704116821,0.10458017140626907,-1.8102596998214722,-2.3673815727233887,-3.936291217803955,0.8597354888916016,-1.7003916501998901,-1.6125985383987427,-1.5236574411392212
-1.8973968029022217,1.1271198987960815,0.4855007231235504,0.8322818875312805,-0.4969792664051056,0.05875276401638985,0.23846709728240967,-10,-2.331735372543335,-2.331260919570923,-1.5953861474990845,-0.9287630915641785,-0.7026849389076233,-0.7576372027397156
-1.5580639839172363,1.1130372285842896,0.6154574155807495,-0.29929348826408386,0.9448963403701782,0.03525165840983391,-0.12787365913391113,-10,-2.9144558906555176,-2.7617568969726562,-0.5890069007873535,-0.7669594287872314,-0.6566733717918396,-0.5908179879188538
-1.820343017578125,1.322265625,0.4408887028694153,-0.488684743642807,0.7929534912109375,-0.3628847002983093,-0.026957150548696518,-10,-3.7251975536346436,-2.554949998855591,0.5549968481063843,-1.1483538150787354,-1.0132629871368408,-0.9939643740653992
-1.6891754865646362,1.3624650239944458,0.5065604448318481,0.8031460642814636,0.0901968702673912,-0.5163829922676086,-0.2831422686576843,-2.036267042160034,-3.115227222442627,-3.867088794708252,0.5274946689605713,-1.3707103729248047,-1.232730746269226,-1.2035914659500122
-1.7299530506134033,1.54960036277771,0.3406733572483063,0.8919539451599121,-0.3891506493091583,0.13755059242248535,-0.18455280363559723,-7.725251197814941,-3.302936315536499,-2.727992534637451,4.840242385864258,-1.1830260753631592,-1.024765968322754,-0.9661611318588257
-1.5134172439575195,1.463114857673645,0.5549628734588623,0.9126182794570923,-0.35850563645362854,-0.16310717165470123,-0.1095336303114891,-1.8175410032272339,-2.187915086746216,-4.529208183288574,16.11809539794922,-1.1509318351745605,-0.9143126010894775,-0.9251282811164856
-1.3526283502578735,1.610256552696228,0.5860715508460999,0.33224228024482727,0.30798426270484924,0.857751190662384,0.24294772744178772,-2.18241024017334,-3.122305393218994,-4.113268852233887,1.0819778442382812,-0.3619347810745239,-0.1612328141927719,-0.235834002494812
-0.026448272168636322,1.4902968406677246,0.2811695635318756,0.5793231129646301,0.4975678026676178,0.5599682331085205,0.32132014632225037,-1.2935312986373901,-1.4190477132797241,-2.6333117485046387,16.11809539794922,-1.7557127475738525,-1.7473422288894653,-1.7347862720489502
-0.7905696034431458,1.3365662097930908,0.3883502781391144,0.4783705770969391,0.8591770529747009,0.16477708518505096,0.07632102072238922,-1.462401270866394,-1.9087777137756348,-2.6036834716796875,1.8044116497039795,-1.7724539041519165,-1.7724539041519165,-1.7724539041519165
-1.0557607412338257,1.187433123588562,0.5934807658195496,0.5727342367172241,0.41124171018600464,0.360662043094635,0.6105560064315796,-1.8576594591140747,-2.36352276802063,-3.5104198455810547,3.107769250869751,-0.416022926568985,-0.3760855495929718,-0.3357812762260437
0.024458182975649834,1.6056418418884277,0.7411004900932312,0.5482622981071472,0.7140918374061584,0.10502146184444427,0.42243561148643494,-1.5576344728469849,-1.7186886072158813,-3.2094342708587646,16.11809539794922,-0.6639807820320129,-0.4515882432460785,-0.5161362886428833
-2.1170239448547363,1.626163125038147,0.15880677103996277,0.4503002464771271,0.3750196397304535,0.7617394924163818,0.27630215883255005,-2.3722198009490967,-2.7557623386383057,-4.44807767868042,0.12649871408939362,-0.9937127828598022,-0.8204686045646667,-0.8443759083747864
-2.2871320247650146,1.6983929872512817,0.23553341627120972,0.9133567810058594,-0.03517885133624077,-0.38986143469810486,-0.11202654242515564,-1.593994140625,-2.711214065551758,-3.5486247539520264,-1.2426302433013916,-1.217698335647583,-0.9702113270759583,-1.0644943714141846
-1.648453950881958,1.6139782667160034,0.12084611505270004,-0.4790078103542328,0.8763829469680786,0.042163748294115067,0.026957150548696518,-4.689495086669922,-3.9616639614105225,-2.951681613922119,5.537334442138672,-0.9287630915641785,-0.6911820769309998,-0.7715387940406799
-1.950521469116211,2.0274031162261963,0.1082153394818306,0.316870778799057,0.4104696810245514,0.8537740707397461,-0.04666312038898468,-1.5398223400115967,-2.6166200637817383,-3.88059401512146,-0.03369541093707085,-1.0477228164672852,-0.7878434658050537,-0.8345276713371277
-1.776782751083374,2.093038558959961,0.3263257145881653,0.6519942879676819,0.7372115254402161,-0.12427251040935516,-0.12640774250030518,-1.5493401288986206,-2.394029378890991,-3.8260085582733154,-0.6549864411354065,-0.6381238102912903,-0.45374274253845215,-0.4929245114326477
-1.4039565324783325,2.026399612426758,0.21136321127414703,-0.30758798122406006,0.931983232498169,-0.1914648860692978,-0.01175055280327797,-1.533798098564148,-10,-1.9767347574234009,0.26028311252593994,-1.171468734741211,-1.0822803974151611,-0.9800627827644348
-2.3523101806640625,1.605931043624878,0.47968176007270813,-0.6559573411941528,0.6887879371643066,-0.11404947936534882,-0.2868517339229584,-10,-1.926364541053772,-2.4494361877441406,-1.9061697721481323,-0.5935983061790466,-0.28858083486557007,-0.2849828004837036
-1.3390717506408691,1.612048625946045,0.4322960376739502,-0.3585854470729828,0.4652267098426819,0.8055751919746399,-0.07764805853366852,-1.9887150526046753,-2.1222074031829834,-2.8612923622131348,16.11809539794922,-0.8906472325325012,-0.7374281883239746,-0.7617793083190918
-1.42766535282135,1.817171335220337,0.3458457589149475,0.8781822919845581,-0.39468032121658325,-0.26888027787208557,0.026957150548696518,-2.472649097442627,-1.6983433961868286,-7.007630348205566,1.513692855834961,-1.217698335647583,-1.0132629871368408,-0.9939643740653992
-1.4721194505691528,1.591848373413086,0.662009060382843,-0.5370693802833557,0.7656745314598083,-0.30205830931663513,0.18455280363559723,-2.8986475467681885,-6.5712385177612305,-1.5631208419799805,-1.2227606773376465,1.1746851205825806,1.1607835292816162,1.7724539041519165
-1.4782099723815918,2.087198257446289,0.18315249681472778,-0.43052664399147034,0.4245120584964752,0.10075262188911438,0.7901172637939453,-1.493077278137207,-2.7699263095855713,-3.6224758625030518,-0.20752489566802979,0.18726328015327454,0.538429319858551,0.003358162473887205
-1.9008361101150513,1.9750597476959229,0.5005948543548584,-0.44516193866729736,0.2937191128730774,0.6188141107559204,0.576740026473999,-2.209343671798706,-3.1175761222839355,-4.075243949890137,1.5551583766937256,-0.03513204678893089,0.1336965411901474,-0.20708492398262024
-0.7727086544036865,1.8916083574295044,0.12537197768688202,-0.4582715630531311,0.8017424941062927,0.1914648860692978,0.3324715197086334,-1.5627495050430298,-10,-1.9514113664627075,5.537334442138672,0.1576332300901413,0.5396273732185364,-0.006950825918465853
-0.5993377566337585,1.9217854738235474,0.2980010211467743,-0.03525165840983391,0.9918285012245178,0.02004506066441536,0.12096156924962997,-1.6950985193252563,-2.4499685764312744,-10,5.537334442138672,0.09984619170427322,0.32107242941856384,0.18767155706882477
-0.603783130645752,2.05657696723938,0.3102854788303375,0.741524875164032,-0.662869393825531,0.09054837375879288,0.05045825615525246,-1.6454676389694214,-2.0868237018585205,-10,5.537334442138672,-0.17753159999847412,-0.02401432953774929,0.47960513830184937
-0.7613178491592407,1.8974522352218628,0.39973461627960205,0.9386338591575623,0.023466918617486954,-0.26867222785949707,-0.21501392126083374,-1.7717589139938354,-2.415062427520752,-2.7905890941619873,1.2845717668533325,-0.655448317527771,-0.4220852553844452,-0.5591877102851868
-1.1267507076263428,1.580235242843628,0.564297080039978,-0.6435155272483826,0.7293636798858643,-0.1527571827173233,0.174875870347023,-3.229512929916382,-6.110347270965576,-1.852851152420044,5.537334442138672,-1.257277011871338,-1.0912755727767944,-0.9939643740653992
-0.9422739744186401,1.8383874893188477,0.4998575448989868,0.1796918660402298,0.40788593888282776,0.6422572731971741,0.6235747933387756,-2.1886229515075684,-2.5651965141296387,-3.354320764541626,2.9635822772979736,0.3392196595668793,0.541282057762146,0.4655720591545105
-0.49701645970344543,1.6407933235168457,0.6085094213485718,-0.42509353160858154,0.9018301367759705,0.05875276401638985,-0.05045825615525246,-1.724960207939148,-8.055173873901367,-2.7082602977752686,5.537334442138672,-0.04293141886591911,0.18767155706882477,0.02085237205028534
-0.779994547367096,1.8237006664276123,0.596777081489563,0.9226574897766113,-0.1885027438402176,0.1871436983346939,0.27954810857772827,-1.8171920776367188,-2.7154617309570312,-4.782398700714111,0.8386299014091492,0.36069154739379883,0.6930184960365295,0.3698883652687073
-0.12537001073360443,1.8642317056655884,0.395070344209671,-0.5011265277862549,0.6725171804428101,0.37670889496803284,0.3932979106903076,-1.5358405113220215,-1.6496601104736328,-10,5.537334442138672,-0.5581083297729492,-0.3405891954898834,-0.6742275953292847
-0.08201126009225845,2.0730526447296143,0.6641560792922974,-0.6462804079055786,0.6927910447120667,0.28546929359436035,0.1444626748561859,-2.065375804901123,-2.5765562057495117,-10,2.0149030685424805,-0.14106035232543945,0.18767155706882477,0.3822939395904541
-1.5458853244781494,1.0498299598693848,0.6801639795303345,0.7948551774024963,-0.6061902642250061,-0.0034560449421405792,0.026957150548696518,-10,-2.7420732975006104,-3.5055346488952637,1.0933903455734253,-0.901559591293335,-0.8688499927520752,-0.8827515840530396
-1.258756160736084,1.0573445558547974,0.838857889175415,0.9306238293647766,-0.2278023511171341,-0.07717768847942352,-0.2758422791957855,-2.83990478515625,-3.5763633251190186,-4.733788013458252,16.11809539794922,-0.8890249729156494,-0.7498239874839783,-0.7531725168228149
-1.8039731979370117,1.273268461227417,0.6740657687187195,-0.5730122327804565,0.7907669544219971,-0.2135835736989975,-0.026957150548696518,-7.083353042602539,-2.4275906085968018,-4.165777683258057,0.7465723752975464,-0.9628902077674866,-0.7715387940406799,-0.8549483418464661
-1.4509090185165405,1.1166527271270752,0.8913162350654602,0.6786866188049316,-0.5688650012016296,0.45965397357940674,0.06704726815223694,-6.6967082023620605,-2.2703495025634766,-1.9525104761123657,-1.6817585229873657,-0.44771328568458557,-0.41009721159935,-0.45180198550224304
-1.1897298097610474,1.089165210723877,0.8108002543449402,0.8792272210121155,0.43197736144065857,-0.19411130249500275,-0.051728732883930206,-2.352856397628784,-2.836960792541504,-4.0731329917907715,-0.06077323853969574,-0.711591362953186,-0.6603260040283203,-0.5399637222290039
-1.7611987590789795,1.2811121940612793,0.7988046407699585,0.7841811776161194,-0.19162653386592865,-0.40839022397994995,-0.42609453201293945,-2.3407363891601562,-3.267881155014038,-3.512540102005005,1.6426457166671753,-0.14106035232543945,0.06187931448221207,-0.1903163641691208
-1.5809853076934814,1.3232189416885376,0.8309199213981628,0.6520022749900818,-0.18498454988002777,-0.40230342745780945,-0.6154881715774536,-2.5718994140625,-3.0757172107696533,-3.401597023010254,1.239069938659668,0.6504976749420166,0.9555261731147766,0.5810465216636658
-1.3812406063079834,1.3871616125106812,0.7641811370849609,-0.48354628682136536,0.47667568922042847,0.1252833753824234,0.723372220993042,-2.0891783237457275,-2.611299991607666,-3.7171897888183594,-0.09056905657052994,0.04298526421189308,0.3209627568721771,0.03397732600569725
-1.6513466835021973,1.339771032333374,0.7120124101638794,0.45393964648246765,0.8631606101989746,0.15367433428764343,0.15898677706718445,-2.324233293533325,-3.064542770385742,-3.849090099334717,16.11809539794922,-1.607959270477295,-1.5394197702407837,-1.5277681350708008
-1.6281394958496094,1.3432774543762207,0.7987682223320007,0.27765315771102905,0.6190782189369202,0.7315276265144348,0.06721735000610352,-2.344316244125366,-3.2374703884124756,-4.202459812164307,1.7037914991378784,-0.49862420558929443,-0.3730465769767761,-0.4542072117328644
-1.2898622751235962,1.534294605255127,0.7350483536720276,0.6073359251022339,-0.5052737593650818,0.12925608456134796,0.5992781519889832,-3.275742292404175,-1.848280668258667,-10,0.22843924164772034,0.06746363639831543,0.18767155706882477,0.36839234828948975
-1.02475106716156,1.2584733963012695,0.8979589343070984,-0.31989526748657227,0.6787655353546143,0.6581045985221863,-0.061989378184080124,-1.7509578466415405,-2.6875171661376953,-4.339831352233887,0.7484790682792664,-0.10484633594751358,0.13764864206314087,-0.021514667198061943
-1.1515581607818604,1.0593827962875366,0.9783814549446106,0.9225120544433594,0.37726014852523804,-0.05255429819226265,-0.0623246394097805,-3.0908286571502686,-3.3305416107177734,-4.297679424285889,0.41723087430000305,-0.10481110960245132,0.13497021794319153,-0.21402227878570557
-0.7778159976005554,1.0456535816192627,0.8387187719345093,-0.4264759421348572,0.8802059888839722,-0.05875276401638985,0.19975939393043518,-2.998366594314575,-2.651038885116577,-5.257877826690674,5.537334442138672,-0.8770273923873901,-0.8827515840530396,-0.8549483418464661
-0.7716219425201416,1.079064965248108,0.9850770235061646,0.7514070868492126,-0.6421331167221069,0.15137477219104767,0.01175055280327797,-3.5321044921875,-2.154487371444702,-10,5.537334442138672,-0.6930356025695801,-0.563014805316925,-0.6603260040283203
-0.572109043598175,1.3455204963684082,0.867315948009491,0.961685061454773,0.21063029766082764,-0.14151445031166077,0.10378031432628632,-2.1832425594329834,-2.388988971710205,-3.0191903114318848,1.2962769269943237,-0.6738559007644653,-0.5285556316375732,-0.6096063256263733
-1.0561063289642334,1.3646550178527832,0.7520202994346619,0.8746116757392883,0.4501880407333374,0.013575805351138115,-0.17944581806659698,-2.153606414794922,-2.4966578483581543,-4.895177841186523,16.11809539794922,-0.8615528345108032,-0.7157608866691589,-0.6983945965766907
-0.8770743608474731,1.3987711668014526,0.8093846440315247,-0.34661048650741577,0.8089281320571899,0.2957131564617157,0.3715510368347168,-2.0372438430786133,-2.256956100463867,-3.2697064876556396,-0.10796929150819778,0.131025493144989,0.3390745520591736,0.14849554002285004
-1.142900824546814,1.3422341346740723,0.9641602039337158,0.8949097990989685,0.14319491386413574,-0.4042169451713562,0.12345188856124878,-2.4372451305389404,-3.591925621032715,-3.967763662338257,0.40337836742401123,-0.27809789776802063,-0.006950825918465853,-0.31075969338417053
-0.5815361738204956,1.3862853050231934,0.785038948059082,0.7642105221748352,-0.09226056188344955,-0.6261093020439148,0.12432791292667389,-1.8625071048736572,-2.424642324447632,-2.6286799907684326,1.015975832939148,-1.4152835607528687,-1.1581990718841553,-1.0571779012680054
-0.03865250572562218,1.4445016384124756,0.927905797958374,-0.6310737729072571,0.7240225076675415,-0.2702627182006836,-0.06704726815223694,-2.931123971939087,-2.2703495025634766,-7.010220527648926,5.537334442138672,-1.085551381111145,-0.9661611318588257,-0.9939643740653992
-1.1237009763717651,1.0921311378479004,1.1312849521636963,0.6508306860923767,-0.22644905745983124,-0.5516331195831299,-0.46993741393089294,-2.586188554763794,-3.419851303100586,-4.021677494049072,0.8141759037971497,-0.9991628527641296,-0.8694855570793152,-0.8833872079849243
-1.0025355815887451,1.1208077669143677,1.146120548248291,0.4823639690876007,0.8189675211906433,-0.1644355207681656,0.2637767791748047,-2.5241000652313232,-2.7340404987335205,-3.73357892036438,16.11809539794922,-0.9920039772987366,-0.943408727645874,-0.92684006690979
-0.8960062265396118,1.257346510887146,1.1287175416946411,0.7133883833885193,0.5462653636932373,0.3884415030479431,0.2044122815132141,-2.1418569087982178,-3.148387908935547,-3.98512864112854,2.3632068634033203,-1.4167364835739136,-1.2384889125823975,-1.1787837743759155
-1.0916508436203003,1.0644475221633911,1.248064398765564,0.6595303416252136,-0.6531924605369568,-0.28546929359436035,-0.23846709728240967,-2.8008415699005127,-10,-3.4764673709869385,1.6524039506912231,-1.0732852220535278,-0.9800627827644348,-0.9800627827644348
-0.9760274887084961,1.0414772033691406,1.234343409538269,0.6877577900886536,-0.6725463271141052,-0.08225386589765549,-0.2605857849121094,-3.662386894226074,-2.667590618133545,-10,0.2762533724308014,-1.0732852220535278,-1.188586711883545,-1.07737398147583
-1.1267507076263428,1.1208291053771973,1.180983543395996,0.7687981128692627,-0.5495111346244812,0.28546929359436035,-0.15966928005218506,-7.726360321044922,-3.8013830184936523,-2.3096230030059814,5.537334442138672,-0.9996885657310486,-0.8549483418464661,-0.8688499927520752
-0.9306767582893372,1.1306232213974,1.3315294981002808,0.9462374448776245,0.1692381501197815,-0.18590214848518372,-0.2035522758960724,-2.818241834640503,-3.376030445098877,-3.897488594055176,2.401562213897705,-1.0054688453674316,-0.8827515840530396,-0.9147072434425354
-0.6869691014289856,1.0498299598693848,1.2579741477966309,-0.44306495785713196,0.7889062762260437,-0.2315549999475479,-0.3573550283908844,-7.726360321044922,-3.0648317337036133,-4.0619659423828125,5.537334442138672,-0.7666323184967041,-0.6603260040283203,-0.7715387940406799
-1.006998062133789,1.227327823638916,1.182508111000061,-0.564717710018158,0.8057727217674255,-0.03525165840983391,0.174875870347023,-2.288116931915283,-7.434484481811523,-3.8792572021484375,5.537334442138672,-0.8770273923873901,-0.7437355518341064,-0.7715387940406799
-0.7261984348297119,1.2189749479293823,1.2107126712799072,-0.39468032121658325,0.8170589804649353,0.39468032121658325,0.1444626748561859,-2.3889806270599365,-3.726900339126587,-10,5.537334442138672,-1.2204786539077759,-1.1468819379806519,-1.0634723901748657
-0.9016981720924377,1.227327823638916,1.2602609395980835,0.7323550581932068,-0.6061902642250061,0.3089704215526581,-0.026957150548696518,-10,-1.9310392141342163,-3.231471538543701,0.08632808178663254,-1.1714141368865967,-0.9800627827644348,-0.9244563579559326
-0.11597941070795059,1.1080325841903687,1.1418542861938477,0.43458864092826843,0.8131022453308105,0.3666699528694153,0.12470199912786484,-2.3284194469451904,-3.050358295440674,-4.657787799835205,16.11809539794922,-1.0255963802337646,-0.8304831385612488,-0.9060524106025696
-0.5766160488128662,1.2500869035720825,1.1586699485778809,-0.48437628149986267,0.15110266208648682,0.825642466545105,-0.24670246243476868,-1.926064372062683,-2.97737455368042,-3.7249128818511963,-0.8086906671524048,-0.5852180123329163,-0.41328874230384827,-0.3849446773529053
-0.07857334613800049,1.2054263353347778,1.2099831104278564,0.14769098162651062,0.6316050291061401,0.73722243309021,0.1891176700592041,-2.431842565536499,-3.0164616107940674,-4.33961296081543,0.2002917230129242,-0.689925491809845,-0.6196863651275635,-0.5872932076454163
-0.020070182159543037,1.177210807800293,1.296850562095642,-0.5495111346244812,0.7217092514038086,0.41679900884628296,0.05875276401638985,-3.9817893505096436,-6.565519332885742,-2.803766965866089,0.7827593684196472,-0.17785871028900146,-0.006950825918465853,-0.29888439178466797
-0.7957850694656372,1.4900110960006714,1.0457916259765625,0.20069925487041473,0.6227164268493652,0.7211676239967346,0.22773070633411407,-2.142714500427246,-3.3674051761627197,-4.100841999053955,0.39475733041763306,-0.8870639801025391,-0.6155045032501221,-0.7382594347000122
-0.8727923631668091,1.536382794380188,1.1344844102859497,0.7224767208099365,-0.488684743642807,0.02004506066441536,-0.488684743642807,-3.4732673168182373,-10,-3.052915334701538,2.3599960803985596,-1.085551381111145,-0.8827515840530396,-0.9800627827644348
-0.5779373049736023,1.3288131952285767,1.198252558708191,0.987814724445343,-0.06307117640972137,-0.10403773188591003,-0.09705802798271179,-2.3263940811157227,-2.9212865829467773,-4.290802478790283,16.11809539794922,-0.9487441182136536,-0.7798412442207336,-0.8041759133338928
-0.8211748003959656,1.5175889730453491,1.2015652656555176,0.7409138083457947,-0.5688650012016296,0.2785572111606598,-0.22326049208641052,-4.788700103759766,-3.0896592140197754,-4.11594820022583,4.840242385864258,-0.7543662190437317,-0.563014805316925,-0.688129186630249
-0.6208986043930054,1.5510002374649048,1.2473021745681763,-0.613102376461029,0.6828777194023132,-0.17625829577445984,0.35597261786460876,-2.489844560623169,-2.1131081581115723,-10,-1.773577094078064,-0.8034306764602661,-0.5074083805084229,-0.5213099718093872
0.04163946956396103,1.4051752090454102,0.8600732684135437,0.6205971837043762,-0.05518626049160957,-0.5656858682632446,-0.5401972532272339,-1.8231749534606934,-2.0195260047912598,-3.2989296913146973,16.11809539794922,-1.028318166732788,-0.9207525253295898,-0.8968506455421448
-0.0935380682349205,1.4394443035125732,1.0753610134124756,0.6023679375648499,0.7247220277786255,-0.11891765892505646,0.31271302700042725,-2.3004186153411865,-2.629601001739502,-4.0442118644714355,0.416384756565094,-0.16569878160953522,0.041644591838121414,-0.1459668129682541
-0.15518413484096527,1.5596076250076294,1.0410618782043457,0.6605131030082703,0.361392617225647,-0.6520736217498779,0.08898229897022247,-1.793932557106018,-2.290940284729004,-4.687602519989014,-0.46783000230789185,-0.513226330280304,-0.3780202567577362,-0.4440159797668457
-0.3319897949695587,1.549093246459961,1.4080601930618286,0.003125233808532357,0.4523162245750427,0.46165066957473755,0.7630720138549805,-1.9670658111572266,-3.641610622406006,-4.582311630249023,-1.1037145853042603,-0.6654962301254272,-0.563014805316925,-0.6553134322166443
-0.23066984117031097,1.5614413022994995,1.3250550031661987,0.7267703413963318,-0.6476628184318542,0.17625829577445984,-0.14584510028362274,-3.960775852203369,-8.055173873901367,-3.2522339820861816,5.537334442138672,-0.006133067421615124,0.21547475457191467,-0.1459668129682541
-0.8211748003959656,1.6032055616378784,0.9698313474655151,-0.6089550852775574,0.7809740900993347,-0.05045825615525246,-0.12925608456134796,-2.552884578704834,-2.046901226043701,-7.010220527648926,-0.08632808178663254,1.3554059267044067,1.7724539041519165,1.7724539041519165
-0.8022444248199463,1.8094855546951294,1.0063194036483765,-0.47947174310684204,0.2287578135728836,0.46346980333328247,0.7092055082321167,-2.32370924949646,-2.8126444816589355,-3.6423778533935547,16.11809539794922,0.3212084174156189,0.6003633737564087,0.3881542980670929
-0.4239709973335266,1.612829327583313,0.9979284405708313,0.8920779228210449,-0.36829790472984314,-0.06800272315740585,0.25284239649772644,-1.771635890007019,-3.092681884765625,-3.6762008666992188,0.3272456228733063,-1.1045304536819458,-0.9240646958351135,-0.9838667511940002
-0.19763460755348206,1.678381085395813,0.9827901721000671,0.718814492225647,-0.6407507061958313,0.21634840965270996,-0.1610516905784607,-1.9771199226379395,-1.9972461462020874,-10,-1.773577094078064,0.10426198691129684,0.3266875445842743,0.42399874329566956
-0.5403752326965332,1.8224674463272095,0.972880482673645,0.7926883101463318,-0.6061902642250061,0.05875276401638985,-0.026957150548696518,-2.1326184272766113,-7.434484481811523,-3.0695252418518066,5.537334442138672,-0.44771328568458557,-0.29888439178466797,-0.563014805316925
-0.03972011059522629,1.9614481925964355,0.7133075594902039,0.4028383195400238,0.8733891844749451,0.17548568546772003,-0.2100413292646408,-1.405959963798523,-2.2216763496398926,-2.949681520462036,1.957190752029419,-0.17200854420661926,0.12707506120204926,-0.15533632040023804
-0.271963894367218,1.872584581375122,0.8661609292030334,0.7624404430389404,-0.6366034746170044,0.11266706138849258,-0.026957150548696518,-10,-2.708969831466675,-3.015543222427368,5.537334442138672,0.5581083297729492,0.8827515244483948,0.8966531157493591
-0.8707276582717896,1.636616826057434,1.1497299671173096,0.8950019478797913,-0.4098869264125824,-0.0739593580365181,-0.15966928005218506,-2.6705589294433594,-7.434484481811523,-3.8045127391815186,5.537334442138672,0.19012480974197388,0.3822939395904541,-0.020852426066994667
-1.0152567625045776,1.7076159715652466,1.1039930582046509,0.7127913236618042,-0.6117199659347534,-0.339383602142334,-0.05045825615525246,-10,-3.0317282676696777,-3.0695252418518066,0.7108467817306519,0.2146570384502411,0.5213099122047424,0.18767155706882477
-0.6745808720588684,1.726409912109375,1.1573528051376343,0.7415274381637573,-0.662869393825531,-0.09746046364307404,0.03525165840983391,-4.788700103759766,-3.5282797813415527,-3.5927367210388184,5.537334442138672,0.4845116138458252,0.7576371431350708,0.2710811495780945
-0.17698757350444794,1.58441162109375,1.1078044176101685,-0.6034254431724548,0.7889595627784729,0.11266706138849258,-0.026957150548696518,-3.107635736465454,-2.3117287158966064,-5.436433792114258,0.023530498147010803,1.330873727798462,1.5500283241271973,1.7724539041519165
-0.3509935438632965,1.7864896059036255,1.0847963094711304,0.624006450176239,-0.323229044675827,-0.47562190890312195,-0.5290772914886475,-1.9536184072494507,-2.5521719455718994,-3.5955591201782227,0.2225341945886612,-0.8480768203735352,-0.6644326448440552,-0.7460194230079651
-0.2575109899044037,1.776526927947998,1.1504923105239868,-0.4568891227245331,0.8464098572731018,-0.26888027787208557,-0.05045825615525246,-3.561523199081421,-2.2206943035125732,-7.010220527648926,1.2679531574249268,0.19012480974197388,0.3822939395904541,0.24327795207500458
-0.14156751334667206,1.6189075708389282,1.3857340812683105,0.7563104033470154,0.6055805087089539,-0.160292848944664,0.18860802054405212,-1.5664334297180176,-3.534010887145996,-4.392871379852295,-1.0410057306289673,0.568087100982666,0.749964714050293,0.4755267798900604
-0.17285816371440887,1.580235242843628,1.2800803184509277,0.7209011316299438,-0.6269265413284302,-0.15137477219104767,-0.2536737024784088,-3.2547287940979004,-1.9062116146087646,-7.010220527648926,-1.9061697721481323,0.43544715642929077,0.7576371431350708,0.7576371431350708
-0.23686395585536957,2.098111152648926,1.0948456525802612,0.8572326302528381,-0.488684743642807,-0.1610516905784607,-0.02004506066441536,-7.083353042602539,-1.9972461462020874,-2.288860559463501,-1.9061697721481323,-0.006133067421615124,0.3266875445842743,0.47960513830184937
-0.37481188774108887,1.8673640489578247,1.2358201742172241,-0.4212711453437805,-0.06950012594461441,0.902740478515625,0.05253566429018974,-2.644056797027588,-2.9961438179016113,-3.142115831375122,2.394925832748413,-0.2989865839481354,-0.07906533032655716,-0.21634358167648315
-0.4577871263027191,1.9039076566696167,1.2351056337356567,0.8358585834503174,-0.49006715416908264,-0.19975939393043518,0.14584510028362274,-3.834696054458618,-2.386211395263672,-4.419078350067139,1.5676685571670532,-0.04293141886591911,0.15986835956573486,0.0625571683049202
-0.2203463315963745,1.9039076566696167,1.192417860031128,0.5481287240982056,-0.5633352994918823,0.03525165840983391,0.6172240972518921,-5.524166107177734,-3.445521116256714,-3.2979111671447754,2.1756255626678467,-0.10426200181245804,-0.006950825918465853,-0.4657036066055298
-1.0916508436203003,0.7950684428215027,1.3471611738204956,-0.47347813844680786,0.8553445339202881,0.1527571827173233,-0.1444626748561859,-4.603783130645752,-10,-3.4764673709869385,5.537334442138672,-0.5581083297729492,-0.45180198550224304,-0.5908179879188538
-1.044913649559021,0.7997263073921204,1.3543187379837036,0.9478819966316223,-0.21992136538028717,0.07257529348134995,-0.21883122622966766,-3.361283779144287,-4.1829423904418945,-4.625051498413086,0.8228335380554199,-0.5581083297729492,-0.40382346510887146,-0.5706426501274109
-1.146620750427246,1.044819712638855,1.3782531023025513,0.47467926144599915,0.35950902104377747,0.5216760039329529,0.6109721660614014,-3.1662757396698,-4.140160083770752,-4.708333969116211,0.7275336384773254,-0.3612658381462097,-0.20908939838409424,-0.4185957610607147
-0.8908579349517822,1.0231095552444458,1.4593108892440796,0.5997027158737183,-0.059625763446092606,-0.7475642561912537,-0.27919378876686096,-2.371645212173462,-3.5299360752105713,-4.166365623474121,0.7871508002281189,-0.6728609204292297,-0.5769163966178894,-0.6603260040283203
-0.9431968331336975,1.1993321180343628,1.3826520442962646,0.5215719938278198,0.6439136862754822,0.5582641363143921,-0.04097535088658333,-2.046505928039551,-3.5191383361816406,-4.639991283416748,0.778518795967102,-0.8657143115997314,-0.6795815229415894,-0.7608542442321777
-0.8232395052909851,1.0498299598693848,1.3715542554855347,0.9357384443283081,-0.3172649145126343,0.1527571827173233,-0.02004506066441536,-2.947934627532959,-10,-3.393418073654175,5.537334442138672,-0.5949066877365112,-0.5352115631103516,-0.6603260040283203
-0.8604041337966919,1.081153154373169,1.4843720197677612,-0.521862804889679,0.7723371982574463,-0.05875276401638985,-0.3573550283908844,-1.9771199226379395,-3.445521116256714,-5.94303560256958,-1.3143208026885986,0.4967777132987976,0.5352115631103516,0.4935067296028137
-0.8701093792915344,1.2056081295013428,1.3995829820632935,0.31533491611480713,0.7983703017234802,0.48118406534194946,-0.17785009741783142,-2.7025444507598877,-3.466207265853882,-4.977062702178955,2.479907512664795,-0.8559568524360657,-0.6526687741279602,-0.7339969277381897
-0.9422796368598938,1.18919038772583,1.49563729763031,0.41798949241638184,0.7514666318893433,0.5103883743286133,0.009294922463595867,-2.80053973197937,-3.6205554008483887,-3.9195871353149414,0.8886493444442749,0.11719811707735062,0.27846771478652954,0.07813280820846558
-0.6144774556159973,1.218044400215149,1.3797681331634521,0.26020875573158264,0.866182267665863,0.2187899947166443,0.36626583337783813,-2.780609607696533,-3.820222854614258,-4.357161998748779,1.17885422706604,-0.19695085287094116,-0.010050328448414803,-0.25410526990890503
-0.03471541404724121,1.1100963354110718,1.4274932146072388,0.25911134481430054,0.8448225259780884,0.3831970989704132,0.2688795030117035,-2.7706074714660645,-3.0906784534454346,-5.201959133148193,0.1896151453256607,-0.7720717191696167,-0.6527740359306335,-0.784792959690094
-0.6332868337631226,1.4445016384124756,1.3547840118408203,0.7970496416091919,-0.5702474117279053,-0.0739593580365181,0.18455280363559723,-10,-3.5034520626068115,-3.393418073654175,-0.40546509623527527,-0.2882537543773651,-0.173770010471344,-0.39619559049606323
-0.6043810248374939,1.3192089796066284,1.3441120386123657,0.7196009755134583,-0.6656342148780823,-0.16796378791332245,-0.1043725535273552,-3.086622476577759,-5.63034725189209,-3.962306499481201,5.537334442138672,0.06746363639831543,0.21547475457191467,-0.020852426066994667
-0.399975448846817,1.5447356700897217,1.365455985069275,0.7418392300605774,-0.6324561834335327,-0.09884288161993027,0.19975939393043518,-10,-3.147590160369873,-3.5055346488952637,0.29225873947143555,-0.018399184569716454,0.18767155706882477,0.0069507728330791
-0.29674032330513,1.5760587453842163,1.4447333812713623,0.735305666923523,-0.6504276394844055,-0.19008246064186096,-0.01175055280327797,-10,-3.0648317337036133,-3.563669443130493,1.1355558633804321,0.06746363639831543,0.15986835956573486,0.15986835956573486
-0.5814374685287476,1.8778858184814453,1.4057255983352661,-0.44686800241470337,0.09989529848098755,0.7664440274238586,0.45043694972991943,-2.6642556190490723,-3.272402048110962,-3.376905679702759,4.309690952301025,-0.04773369058966637,0.17824208736419678,-0.04019659757614136
-0.6927750706672668,1.908551573753357,1.4700151681900024,0.9392276406288147,-0.34050989151000977,-0.01628655381500721,0.040486522018909454,-2.2672665119171143,-3.80783748626709,-4.101524353027344,-0.354585200548172,0.0845123752951622,0.3190096318721771,-0.04243193566799164
0.06020546332001686,0.15513519942760468,0.3880273401737213,0.7638559937477112,-0.23948298394680023,-0.5992864966392517,0.005256324540823698,-1.5512913465499878,-2.6648387908935547,-3.9303746223449707,-0.2836206555366516,-1.7149863243103027,-1.7049978971481323,-1.616936206817627
0.6805281043052673,0.1565023809671402,0.2751018702983856,0.554952085018158,-0.5206007957458496,-0.2851291298866272,-0.5828416347503662,-1.5025088787078857,-1.8123273849487305,-2.125556468963623,16.11809539794922,-1.4919911623001099,-1.5158571004867554,-1.3582243919372559
1.0222762823104858,0.09334074705839157,0.29969075322151184,0.5644965171813965,-0.07379971444606781,-0.7869533896446228,0.2379108965396881,-1.3929997682571411,-1.682115912437439,-2.327446699142456,16.11809539794922,-1.7719634771347046,-1.7702306509017944,-1.5889540910720825
0.7046404480934143,0.475572407245636,0.24108929932117462,-0.4416825473308563,0.8721882104873657,-0.1527571827173233,-0.1444626748561859,-2.174644947052002,-6.391726493835449,-2.5712287425994873,5.537334442138672,-0.44771328568458557,-0.5352115631103516,-0.41009721159935
0.8722257614135742,0.4939820468425751,0.4360150992870331,0.9451256394386292,-0.007802457083016634,-0.30734357237815857,0.11052870750427246,-1.689105749130249,-2.233015775680542,-3.9417362213134766,0.47096261382102966,-1.3115317821502686,-1.3174279928207397,-1.1588290929794312
0.2797015607357025,0.09200797230005264,0.4035530388355255,0.9563237428665161,0.14893215894699097,0.02008303813636303,-0.2507205903530121,-1.6197749376296997,-2.464893102645874,-3.9636857509613037,1.2130693197250366,-1.0466283559799194,-1.0294026136398315,-1.00039541721344
0.20498239994049072,0.1414588838815689,0.40726688504219055,-0.5135682821273804,0.7789281010627747,-0.261968195438385,-0.24676160514354706,-5.73850154876709,-3.255176305770874,-2.4923317432403564,5.537334442138672,-0.14106035232543945,-0.39619559049606323,-0.5769163966178894
0.3738490343093872,0.1481170505285263,0.5305674076080322,0.9028045535087585,-0.24102821946144104,-0.29400113224983215,0.20102910697460175,-1.8590279817581177,-2.7623026371002197,-3.7270331382751465,-0.41541385650634766,1.0304116010665894,0.7365882396697998,0.6145890355110168
1.2200877666473389,0.044207613915205,0.7449938058853149,0.5717910528182983,-0.31054189801216125,-0.5601034164428711,-0.5127405524253845,-1.5825481414794922,-2.298485279083252,-4.016608715057373,0.8406730890274048,-1.2760405540466309,-1.3189610242843628,-1.1023777723312378
0.9909838438034058,0.17238925397396088,0.6869791746139526,0.4970444440841675,0.8006297945976257,-0.3111487329006195,0.12298479676246643,-2.0304782390594482,-2.5822951793670654,-3.9588851928710938,16.11809539794922,-0.4524545967578888,-0.4973450303077698,-0.26178547739982605
0.2852803170681,0.6722946763038635,0.548213541507721,0.9179109930992126,0.22199448943138123,0.09985586255788803,-0.31334754824638367,-1.4018000364303589,-2.2355871200561523,-4.16070556640625,-0.0048113479278981686,-1.2338672876358032,-1.1674968004226685,-1.1240447759628296
0.603469967842102,0.37116193771362305,0.6435744166374207,-0.5384517908096313,0.6087126135826111,-0.4195638597011566,-0.40435725450515747,-6.020080089569092,-2.609659433364868,-3.7256157398223877,5.537334442138672,0.32505208253860474,0.15986835956573486,0.13206516206264496
1.2303943634033203,0.2788074016571045,0.5708664655685425,0.8691176176071167,-0.009119536727666855,-0.3741251230239868,-0.3233911395072937,-1.8474805355072021,-2.8720667362213135,-3.6040000915527344,2.502779245376587,-0.308005690574646,-0.44606924057006836,-0.30461716651916504
0.6723036170005798,0.3340393900871277,0.57991623878479,0.4809718430042267,0.8124754428863525,-0.2691405117511749,0.1900346875190735,-2.1472296714782715,-2.3915398120880127,-4.210183620452881,16.11809539794922,-0.3622453808784485,-0.42929807305336,-0.33558833599090576
1.1981043815612793,0.24586936831474304,0.6641560792922974,-0.5661001205444336,0.7854880690574646,-0.11266706138849258,-0.22326049208641052,-7.083353042602539,-2.328280448913574,-1.977425217628479,-1.773577094078064,-1.7724539041519165,-1.7724539041519165,-1.7724539041519165
1.7060118913650513,0.2526096999645233,0.35814395546913147,0.9548437595367432,-0.0778781846165657,-0.193921759724617,0.21119359135627747,-1.4011398553848267,-1.8245102167129517,-3.3979833126068115,16.11809539794922,-1.1621936559677124,-1.2913762331008911,-1.113600492477417
1.3532688617706299,0.25199222564697266,0.27479487657546997,0.5883572101593018,-0.1591310203075409,-0.7925113439559937,-0.02094935066998005,-1.4777750968933105,-1.594404697418213,-2.327049493789673,7.150820732116699,-1.444786787033081,-1.4308944940567017,-1.2928752899169922
1.6378859281539917,0.3440152108669281,0.17172159254550934,0.81840980052948,-0.3711792230606079,-0.1914648860692978,0.39468032121658325,-1.851040005683899,-2.063452959060669,-10,5.537334442138672,-1.3799381256103516,-1.3971107006072998,-1.2719963788986206
2.435966968536377,0.27728283405303955,0.16872219741344452,0.7985836267471313,-0.28408896923065186,-0.3484242856502533,-0.4001976251602173,-1.5281933546066284,-1.626825213432312,-3.634995460510254,2.777317762374878,-0.5832476615905762,-0.7894056439399719,-0.6999388933181763
1.9810166358947754,0.5135259628295898,0.32755792140960693,-0.1346662938594818,0.5351964831352234,0.5108597874641418,0.6591297388076782,-1.559307336807251,-2.2936177253723145,-2.49670147895813,-0.1919090896844864,-1.7724539041519165,-1.7724539041519165,-1.7724539041519165
1.593144416809082,0.1895921379327774,0.5665889382362366,-0.4488024413585663,0.5355088114738464,0.6961462497711182,0.16488495469093323,-2.1417195796966553,-2.243243455886841,-3.01362681388855,16.11809539794922,-1.7724539041519165,-1.7512723207473755,-1.6877273321151733
1.9689594507217407,0.03917714208364487,0.5010532140731812,0.4034057855606079,0.8973762392997742,-0.0586077943444252,0.16895215213298798,-1.6643182039260864,-1.903592824935913,-2.958346366882324,1.346260905265808,-0.7353720664978027,-0.7142119407653809,-0.6298911571502686
2.1334145069122314,0.2187226414680481,0.3371368944644928,0.5943589210510254,-0.585453987121582,0.365649551153183,0.41265174746513367,-1.724960207939148,-7.434484481811523,-1.5953978300094604,5.537334442138672,-1.048753023147583,-1.1468819379806519,-1.0078659057617188
2.2345850467681885,0.020342741161584854,0.565821647644043,-0.15137477219104767,0.9622877836227417,0.0739593580365181,0.2135835736989975,-2.1326184272766113,-6.391726493835449,-2.176743984222412,5.537334442138672,-1.1468819379806519,-1.2163898944854736,-1.0912755727767944
1.4265434741973877,0.2724379897117615,0.5693203210830688,0.8538169264793396,-0.1738949716091156,-0.4547525644302368,-0.18427516520023346,-1.7511358261108398,-2.468104362487793,-2.889186143875122,0.1624564677476883,-1.4071581363677979,-1.5346349477767944,-1.35115647315979
1.3613430261611938,0.482059121131897,0.44167786836624146,0.9602673649787903,-0.18920889496803284,0.15386709570884705,-0.13568918406963348,-2.166348934173584,-2.7982966899871826,-3.8233301639556885,1.695469617843628,-0.5617992877960205,-0.789253830909729,-0.8820123076438904
1.302895188331604,0.2613980174064636,0.5800865888595581,0.7764660716056824,-0.4044477045536041,-0.20652927458286285,-0.4368846118450165,-2.0031893253326416,-2.7710964679718018,-4.168778896331787,16.11809539794922,-0.5020945072174072,-0.5829420685768127,-0.40222129225730896
1.521704912185669,0.43383848667144775,0.5015451908111572,0.21989066898822784,0.8355643153190613,0.4967697262763977,-0.08185480535030365,-1.8706791400909424,-2.34686017036438,-4.375383377075195,-0.8108450770378113,0.3251417279243469,0.2897520363330841,0.43810349702835083
2.0438926219940186,0.2389148324728012,0.6243226528167725,0.36238378286361694,0.7750539183616638,0.4971308410167694,-0.1443272978067398,-1.9207918643951416,-2.6893503665924072,-4.003929138183594,16.11809539794922,-1.2363961935043335,-1.266371250152588,-1.220528244972229
1.0762869119644165,0.5528361797332764,0.20526202023029327,0.8419387936592102,-0.5356869697570801,0.05875276401638985,0.026957150548696518,-1.9771199226379395,-6.780691623687744,-1.8777658939361572,0.38915154337882996,-1.7724539041519165,-1.7724539041519165,-1.7724539041519165
1.1515332460403442,0.9306055307388306,0.05038022994995117,0.9660767912864685,0.23917050659656525,0.04732535779476166,0.08516693115234375,-1.3004742860794067,-1.9536755084991455,-4.121477127075195,0.1948615312576294,-0.854239821434021,-0.8362710475921631,-0.766093909740448
0.5422639846801758,0.5946451425552368,0.414104163646698,-0.4767543077468872,0.23495915532112122,0.8300700783729553,0.1687697321176529,-1.7219315767288208,-2.1143569946289062,-3.306995391845703,0.4251575767993927,-1.7724539041519165,-1.7724539041519165,-1.655471682548523
0.36590075492858887,0.9366233944892883,0.5608232617378235,-0.20212812721729279,0.5084376335144043,0.8170201182365417,0.18197117745876312,-1.4884406328201294,-2.145637035369873,-3.289232015609741,1.164018988609314,-1.3897329568862915,-1.1829105615615845,-1.1324025392532349
1.039122223854065,0.678128719329834,0.4217502474784851,-0.4790078103542328,0.8699086904525757,0.09746046364307404,0.0656648501753807,-3.7590482234954834,-6.110347270965576,-1.724124550819397,1.8382794857025146,-1.085551381111145,-1.1746851205825806,-0.9939643740653992
1.1898455619812012,0.5987767577171326,0.5581988096237183,-0.44306495785713196,0.8656494617462158,-0.2315549999475479,0.026957150548696518,-10,-2.3117287158966064,-2.330385208129883,0.5719616413116455,-1.2450108528137207,-1.285897970199585,-1.188586711883545
1.7477917671203613,0.6732292771339417,0.30037257075309753,0.7909465432167053,-0.014317811466753483,-0.5748914480209351,-0.2090415507555008,-1.8466600179672241,-2.0670816898345947,-3.5739243030548096,5.006313800811768,-1.058976411819458,-1.1002777814865112,-0.9334585666656494
2.403890609741211,0.5110719799995422,0.21669624745845795,-0.34767812490463257,0.9170233011245728,-0.11266706138849258,0.15966928005218506,-2.1998610496520996,-10,-2.1975061893463135,5.537334442138672,-0.7421000599861145,-0.9939643740653992,-1.035669207572937
1.4025099277496338,0.7700099349021912,0.20068831741809845,0.7802518606185913,-0.5453639030456543,-0.30205830931663513,-0.05045825615525246,-2.1998610496520996,-2.5351767539978027,-10,0.8010361194610596,-1.4290026426315308,-1.4944219589233398,-1.4249138832092285
2.104537010192871,0.9247666001319885,0.23587259650230408,-0.34080639481544495,0.6369250416755676,0.6888458728790283,0.06057129055261612,-1.6057237386703491,-2.6248247623443604,-2.8256723880767822,16.11809539794922,-1.7724539041519165,-1.7669012546539307,-1.7058227062225342
2.3202333450317383,0.8890135288238525,0.2313421666622162,0.31772688031196594,0.45394352078437805,0.8321887254714966,0.021137332543730736,-1.995416522026062,-2.4510748386383057,-3.6489624977111816,16.11809539794922,-1.7724539041519165,-1.7724539041519165,-1.7724539041519165
1.344698190689087,0.6238352656364441,0.4278484880924225,-0.4416825473308563,0.7939169406890869,-0.0739593580365181,0.41126933693885803,-2.3889806270599365,-5.787588596343994,-3.7256157398223877,1.8055528402328491,-1.7724539041519165,-1.7724539041519165,-1.5917330980300903
1.4973292350769043,0.6226285099983215,0.37532761693000793,0.5715939402580261,0.7895866632461548,-0.20101135969161987,0.09709640592336655,-2.1933889389038086,-2.8478620052337646,-4.109647274017334,16.11809539794922,-0.4896892309188843,-0.5354996919631958,-0.3798401653766632
1.30666184425354,0.8691967725753784,0.48286548256874084,0.632412850856781,0.48550933599472046,0.299747496843338,0.5239142179489136,-1.6410313844680786,-2.775791645050049,-3.3611605167388916,-0.48196086287498474,-1.2204786539077759,-1.2163898944854736,-1.1395825147628784
1.9896446466445923,0.7533553838729858,0.4086669087409973,0.5331348776817322,-0.7108930945396423,-0.2424355298280716,-0.3893882632255554,-1.842284083366394,-2.173745632171631,-3.83264422416687,0.7365509271621704,-1.2283134460449219,-1.2290748357772827,-1.0833972692489624
2.1953556537628174,0.5883356928825378,0.6016489267349243,-0.5356869697570801,0.7626935839653015,0.28546929359436035,0.22326049208641052,-2.6117217540740967,-5.878623008728027,-1.6742948293685913,-0.05491575598716736,-0.7666323184967041,-0.7854403853416443,-0.7715387940406799
2.1830883026123047,1.0637595653533936,0.4112342894077301,0.7590211033821106,0.42950624227523804,0.19515115022659302,0.44869524240493774,-1.6938382387161255,-2.035651445388794,-2.277623176574707,2.1885647773742676,-1.7724539041519165,-1.7724539041519165,-1.7724539041519165
2.0549559593200684,0.9663016200065613,0.5894523859024048,0.8189817070960999,-0.5287748575210571,0.1914648860692978,0.11404947936534882,-10,-1.9806944131851196,-2.1975061893463135,-0.7646061182022095,-0.9260918498039246,-0.8827515840530396,-0.6742275953292847
0.39394718408584595,-0.012035851366817951,0.8356776237487793,0.4415956735610962,0.8319840431213379,-0.17155873775482178,0.28872719407081604,-1.9566682577133179,-2.751342535018921,-4.113625526428223,0.7506750226020813,-1.1972792148590088,-1.3226910829544067,-1.2890700101852417
0.5854243636131287,0.035874683409929276,0.7260883450508118,0.7187932729721069,0.6718568205833435,0.1765088140964508,0.0280934888869524,-2.2660982608795166,-2.503162384033203,-2.9513585567474365,16.11809539794922,-0.6864861845970154,-0.675660252571106,-0.597394585609436
0.08316494524478912,0.0057252743281424046,0.8745460510253906,0.9399382472038269,-0.3186473250389099,-0.0034560449421405792,0.1223439872264862,-7.083353042602539,-2.328280448913574,-2.612753391265869,-0.9135472178459167,-0.6071727871894836,-0.6603260040283203,-0.7020307779312134
0.28963521122932434,-0.025597866624593735,0.9240943789482117,0.6321048736572266,-0.5301572680473328,0.4444473683834076,-0.3490605354309082,-10,-2.2703495025634766,-3.4764673709869385,0.023530498147010803,0.12879422307014465,-0.006950825918465853,-0.006950825918465853
0.1327178031206131,0.16025277972221375,0.908848762512207,-0.42509353160858154,0.9024402499198914,-0.02004506066441536,-0.06704726815223694,-2.6705589294433594,-10,-2.176743984222412,-1.9061697721481323,-1.085551381111145,-1.2163898944854736,-1.188586711883545
0.45252448320388794,0.08638141304254532,0.9229609370231628,0.614716649055481,0.6432955265045166,0.4560478627681732,-0.01773948222398758,-2.260420083999634,-3.159775972366333,-5.0874457359313965,-0.09754811227321625,-0.5635121464729309,-0.6105133295059204,-0.5277649164199829
0.8202637434005737,0.1790466606616974,0.706843912601471,0.7632346153259277,-0.5508935451507568,-0.05875276401638985,0.3324715197086334,-2.8428680896759033,-3.5282797813415527,-4.751276016235352,3.567518711090088,-1.2082124948501587,-1.2163898944854736,-1.1329803466796875
1.0778014659881592,0.09200083464384079,0.8527770042419434,-0.4587465524673462,0.00884926412254572,0.88374263048172,0.09204471111297607,-1.8822778463363647,-3.212113380432129,-3.9041292667388916,1.8591969013214111,-0.4860025644302368,-0.6115370988845825,-0.4391157031059265
0.9482753276824951,0.18948771059513092,0.7891703844070435,0.858889639377594,-0.5066561698913574,0.0739593580365181,0.01175055280327797,-2.267103433609009,-3.3710384368896484,-10,1.5676685571670532,-0.006133067421615124,-0.04865562170743942,0.13206516206264496
0.8778167366981506,0.023786231875419617,0.9431177377700806,0.9387097954750061,0.11382343620061874,-0.30543187260627747,0.11215861141681671,-1.9399473667144775,-3.0801751613616943,-3.2766952514648438,0.24046893417835236,-0.7948638200759888,-0.8620585203170776,-0.688766598701477
0.6833141446113586,0.03668209910392761,0.9761702418327332,0.9038735628128052,-0.11467428505420685,-0.40633079409599304,-0.06897614151239395,-2.5971031188964844,-2.875807523727417,-4.784572601318359,16.11809539794922,-0.036152541637420654,-0.1724284291267395,-0.06877609342336655
1.1836514472961426,-0.025597866624593735,0.9827901721000671,0.7546504735946655,-0.5439814925193787,0.36426714062690735,-0.0435461662709713,-10,-2.369659662246704,-3.3685030937194824,5.537334442138672,-0.6930356025695801,-0.8966531753540039,-0.8827515840530396
0.8464903235435486,0.04270939528942108,1.0035921335220337,0.10291828215122223,0.43011632561683655,0.8881031274795532,-0.12522242963314056,-2.2905988693237305,-3.217353105545044,-5.142094135284424,1.0609983205795288,0.37343743443489075,0.07320982962846756,-0.06990987807512283
0.7521286010742188,0.1644291877746582,0.9385777711868286,0.5649604797363281,-0.5661001205444336,-0.5508935451507568,-0.23846709728240967,-3.6203603744506836,-5.878623008728027,-3.962306499481201,4.139158725738525,0.2514553964138031,-0.3405891954898834,-0.5352115631103516
0.12858840823173523,0.2270754724740982,0.9141847491264343,-0.4568891227245331,0.8863657712936401,0.0739593580365181,0.01175055280327797,-2.5949110984802246,-10,-2.915883779525757,-1.9061697721481323,-0.8524951338768005,-0.6047195792198181,-0.8827515840530396
0.4722966253757477,0.038978662341833115,1.023423194885254,0.9154571294784546,-0.04191194474697113,-0.3998652994632721,-0.01700957864522934,-2.6792948246002197,-3.5704405307769775,-4.605982780456543,0.8877366781234741,0.6722261905670166,0.3664558529853821,0.12274186313152313
1.0260539054870605,-0.026103148236870766,1.0378257036209106,0.8941795229911804,-0.23278211057186127,0.0016391245881095529,0.3824300765991211,-2.231851816177368,-2.6801347732543945,-5.489001274108887,0.6858834028244019,-0.2553890645503998,-0.4306860566139221,-0.4345768988132477
1.1552773714065552,0.02248234860599041,1.3062409162521362,-0.16176685690879822,0.6026804447174072,0.7493504881858826,0.22154384851455688,-2.435067653656006,-2.8011350631713867,-4.379406929016113,-0.29276758432388306,-1.0978069305419922,-1.1131342649459839,-1.0426963567733765
1.061625361442566,0.1985030174255371,1.2832727432250977,0.3122686445713043,0.5420140624046326,0.7181512713432312,0.3049061894416809,-2.2827510833740234,-3.025285482406616,-3.638423442840576,1.2912046909332275,-0.8941653966903687,-0.9119107127189636,-0.9112327098846436
0.8780754208564758,0.43380820751190186,1.298375129699707,-0.38638582825660706,0.9154235124588013,0.0034560449421405792,-0.11266706138849258,-10,-3.445521116256714,-3.1442697048187256,5.537334442138672,-1.011954665184021,-0.9661611318588257,-1.0078659057617188
1.5697507858276367,0.08716544508934021,0.788408100605011,-0.43338802456855774,0.8800365924835205,0.09746046364307404,-0.16796378791332245,-2.742004156112671,-8.055173873901367,-2.4092822074890137,0.5719616413116455,-0.8156967759132385,-0.8827515840530396,-0.6603260040283203
2.201549768447876,0.20828159153461456,0.8097520470619202,-0.36426714062690735,0.8958278894424438,-0.2315549999475479,0.10575497150421143,-2.267103433609009,-10,-3.5927367210388184,1.2005772590637207,-1.7724539041519165,-1.7724539041519165,-1.7724539041519165
2.178838014602661,-0.038127124309539795,0.8493906855583191,-0.48177266120910645,0.6834959387779236,0.3877682387828827,0.3877682387828827,-3.662386894226074,-3.188969612121582,-2.1975061893463135,5.537334442138672,0.2759876251220703,0.1181635633111,0.0625571683049202
1.8894572257995605,0.2254045158624649,0.9997605085372925,0.8623151779174805,0.047708094120025635,0.34334704279899597,0.36911964416503906,-2.3955252170562744,-2.8407037258148193,-3.3433921337127686,1.786534309387207,-1.3103264570236206,-1.3082257509231567,-1.2963224649429321
2.337820053100586,0.17069381475448608,0.8600626587867737,0.7126572132110596,-0.6048078536987305,-0.12925608456134796,-0.3310891091823578,-2.288116931915283,-6.391726493835449,-4.344334125518799,5.537334442138672,-0.6685034036636353,-0.6603260040283203,-0.7715387940406799
2.1900899410247803,0.1792478710412979,0.9386757016181946,0.3907167315483093,0.7597780823707581,0.5157790780067444,-0.06363735347986221,-2.705749034881592,-2.7598114013671875,-3.0945773124694824,-0.11847154051065445,-1.7724539041519165,-1.7724539041519165,-1.7494969367980957
1.2910159826278687,0.30851563811302185,0.7213272452354431,-0.6932826042175293,0.7097928524017334,-0.11404947936534882,0.05045825615525246,-7.726360321044922,-2.7834525108337402,-2.982323408126831,1.8718022108078003,-1.2818092107772827,-1.2997995615005493,-1.1468819379806519
2.0673441886901855,0.2897217571735382,0.8234730958938599,-0.15137477219104767,0.8465340733528137,0.5025089383125305,0.08916595578193665,-10,-2.7669007778167725,-2.6708879470825195,2.1756255626678467,-1.7724539041519165,-1.7724539041519165,-1.7724539041519165
1.9207502603530884,0.4609549343585968,0.7990800738334656,-0.4403001070022583,0.8625443577766418,-0.1914648860692978,0.15966928005218506,-2.4520206451416016,-8.055173873901367,-2.5712287425994873,1.7117167711257935,-1.367672085762024,-1.3832091093063354,-1.2163898944854736
2.0668251514434814,0.4409732520580292,0.8284654021263123,0.4636228084564209,0.8434234261512756,0.04319117218255997,-0.26800239086151123,-2.204202651977539,-2.709704637527466,-3.9849085807800293,0.6059667468070984,-1.7724539041519165,-1.7724539041519165,-1.7724539041519165
2.213937997817993,0.48810166120529175,0.7769739031791687,-0.1831703782081604,0.9443399906158447,-0.08225386589765549,0.2605857849121094,-7.726360321044922,-3.445521116256714,-2.3511476516723633,0.7827593684196472,-1.4167364835739136,-1.4388154745101929,-1.4666187763214111
2.4116287231445312,0.25966474413871765,0.9389214515686035,-0.4154165983200073,0.8671472072601318,0.19008246064186096,0.19837696850299835,-10,-3.5292305946350098,-3.3250231742858887,3.0992729663848877,-0.8966531753540039,-0.8827515840530396,-1.035669207572937
1.7005997896194458,0.08093876391649246,1.0656838417053223,-0.49559682607650757,0.7775259017944336,-0.2536737024784088,0.2923814058303833,-2.2668111324310303,-10,-2.3299460411071777,0.5381096005439758,-1.6473394632339478,-1.6056346893310547,-1.4944219589233398
1.394202470779419,0.0071623437106609344,1.232340931892395,-0.4278583526611328,0.7795780301094055,0.28546929359436035,-0.3573550283908844,-10,-1.9746180772781372,-2.803602695465088,5.537334442138672,-1.4249138832092285,-1.4388154745101929,-1.3832091093063354
1.2936292886734009,0.03937458246946335,1.2452102899551392,0.7462313771247864,-0.6213968396186829,-0.23846709728240967,0.01175055280327797,-7.722938537597656,-2.2676339149475098,-2.7279767990112305,1.4615178108215332,-1.577831506729126,-1.577831506729126,-1.3832091093063354
1.3825079202651978,0.12873756885528564,1.2046719789505005,-0.26888027787208557,0.9316878914833069,-0.05875276401638985,-0.23708467185497284,-10,-2.8618052005767822,-3.3449246883392334,5.537334442138672,-1.2024883031845093,-1.2024883031845093,-1.1746851205825806
1.9902969598770142,-0.001869373838417232,1.0960105657577515,0.585660457611084,0.18564373254776,0.3741454482078552,0.6946606040000916,-2.079476833343506,-2.5048954486846924,-3.1931872367858887,3.62481689453125,-1.377232551574707,-1.3741143941879272,-1.4004883766174316
2.0748255252838135,0.07678234577178955,1.0515276193618774,0.7805114388465881,-0.5066561698913574,0.365649551153183,-0.02004506066441536,-2.9162545204162598,-1.9013640880584717,-6.34209680557251,4.139158725738525,-1.5917330980300903,-1.5917330980300903,-1.536126732826233
2.1136395931243896,0.016414707526564598,1.2277883291244507,0.4848482608795166,0.8494939804077148,-0.12833984196186066,-0.1637408584356308,-1.802722692489624,-2.5655455589294434,-4.156281471252441,-1.224065899848938,-0.9384769201278687,-0.9455347657203674,-0.9454157948493958
1.5392149686813354,0.24927368760108948,1.3044089078903198,-0.6822232604026794,0.7282807230949402,0.05875276401638985,0.026957150548696518,-1.7937595844268799,-8.054699897766113,-3.2732791900634766,1.1569843292236328,-1.230291485786438,-1.2163898944854736,-1.2024883031845093
1.296139121055603,0.35811805725097656,1.3695354461669922,0.37811434268951416,0.8310253024101257,0.3244786858558655,-0.2472652941942215,-1.81761634349823,-2.7963974475860596,-3.552483558654785,0.6329737305641174,-1.2000277042388916,-1.038252592086792,-1.3365830183029175
1.3325190544128418,0.3993659019470215,1.2904194593429565,0.9978338479995728,0.014204186387360096,0.023337189108133316,0.05984371900558472,-1.68923819065094,-2.362852096557617,-3.4614646434783936,-1.0095402002334595,-1.7724539041519165,-1.6900782585144043,-1.7724539041519165
1.3310518264770508,0.36669251322746277,1.2915396690368652,-0.49006715416908264,0.8038468956947327,0.11404947936534882,-0.3172649145126343,-5.878839492797852,-3.146682024002075,-2.7080752849578857,0.1650797575712204,-0.2015732079744339,-0.35449081659317017,-0.173770010471344
1.9251351356506348,0.39682653546333313,1.0650403499603271,-0.23708467185497284,0.970474898815155,0.03525165840983391,0.026957150548696518,-2.6677021980285645,-8.054699897766113,-2.4095523357391357,-0.65805584192276,-0.7715387940406799,-0.7715387940406799,-0.7437355518341064
2.0535452365875244,0.4206569790840149,1.0765408277511597,-0.3186216354370117,0.306372731924057,0.5969776511192322,0.6695025563240051,-2.1162779331207275,-3.067331552505493,-4.72658634185791,1.1056149005889893,-1.2872974872589111,-1.2733958959579468,-1.3011990785598755
1.9648966789245605,0.23160891234874725,1.243923306465149,0.7644030451774597,-0.48177266120910645,-0.32555943727493286,-0.2785572111606598,-3.1447625160217285,-2.8618052005767822,-10,5.537334442138672,-1.285897970199585,-1.2580947875976562,-1.2997995615005493
2.116041660308838,0.36336904764175415,1.2574639320373535,0.22240667045116425,0.7710616588592529,0.5955058932304382,-0.03703958913683891,-2.00211763381958,-3.3890390396118164,-3.8747737407684326,-0.5161055326461792,-0.9526471495628357,-0.9247470498085022,-1.105758547782898
1.9695744514465332,0.412413090467453,1.2625837326049805,-0.6186320185661316,0.7744967937469482,-0.09746046364307404,-0.08916595578193665,-3.0886378288269043,-10,-2.5528433322906494,-0.11778303235769272,-1.188586711883545,-1.07737398147583,-1.2580947875976562
0.9006922841072083,0.7283008694648743,0.6963356137275696,-0.42509353160858154,0.8924359083175659,-0.13616816699504852,-0.0656648501753807,-3.345208168029785,-2.3327486515045166,-6.34209680557251,3.567518711090088,-1.1607835292816162,-1.0912755727767944,-1.07737398147583
0.9074210524559021,0.8838315010070801,0.8878199458122253,0.6535956263542175,-0.463595449924469,-0.4640638530254364,-0.3775404691696167,-1.8859254121780396,-2.180793523788452,-3.1639244556427,16.11809539794922,-1.4096522331237793,-1.3580752611160278,-1.3311787843704224
0.6948681473731995,0.8259766697883606,0.9189741015434265,-0.5619528889656067,0.7431570291519165,-0.32555943727493286,-0.1610516905784607,-2.0222675800323486,-1.819970726966858,-10,-2.219203472137451,-1.021767497062683,-0.9800627827644348,-0.7437355518341064
0.6293786764144897,0.9309262633323669,0.9215479493141174,0.8031167387962341,-0.5439814925193787,-0.2315549999475479,0.0739593580365181,-10,-2.2269372940063477,-2.7637996673583984,-0.4218320846557617,-1.0634723901748657,-1.021767497062683,-0.8827515840530396
0.07641883194446564,0.7516859769821167,1.3799521923065186,-0.2508545517921448,0.7554681301116943,0.5798237919807434,0.1736210733652115,-2.102393865585327,-3.667916774749756,-3.7670552730560303,-0.3408137559890747,-0.5274507999420166,-0.4162379801273346,-0.5471360087394714
0.7184541821479797,0.691275954246521,1.2547972202301025,-0.15034061670303345,0.5563326478004456,0.7133476734161377,0.39878156781196594,-1.930983304977417,-2.7538235187530518,-4.2200541496276855,-0.9738221168518066,-0.8845660090446472,-0.8324131369590759,-0.8497681617736816
1.204904556274414,0.6334514617919922,1.1728997230529785,0.04662257805466652,0.8089287281036377,0.4464353621006012,0.379678875207901,-2.2145261764526367,-2.8741798400878906,-3.071366786956787,0.0795724093914032,-1.6529306173324585,-1.6279990673065186,-1.5476136207580566
0.8609308004379272,0.5256754755973816,1.2008112668991089,0.7930426597595215,-0.43338802456855774,-0.40297484397888184,-0.1444626748561859,-3.1447625160217285,-3.1304032802581787,-7.010788440704346,5.537334442138672,-1.0912755727767944,-1.021767497062683,-1.021767497062683
0.6236100196838379,0.6439616084098816,1.3187810182571411,-0.18133680522441864,0.7451838254928589,0.6314725279808044,0.11428212374448776,-2.292263984680176,-2.6250929832458496,-4.569358825683594,0.2326366901397705,-1.3204118013381958,-1.2370022535324097,-1.1065140962600708
0.8141525983810425,0.7189489006996155,1.2818876504898071,0.7378872036933899,-0.6366034746170044,0.12925608456134796,-0.1831703782081604,-10,-3.724574565887451,-2.2463595867156982,-0.3566749393939972,-0.7993419766426086,-0.7576372027397156,-0.7715387940406799
0.9919098019599915,0.6472507119178772,1.3243563175201416,0.781282365322113,-0.617249608039856,-0.02004506066441536,0.09054837375879288,-2.330953598022461,-10,-2.6125478744506836,5.537334442138672,-1.4388154745101929,-1.3832091093063354,-1.285897970199585
1.1158720254898071,0.6784238219261169,1.2735226154327393,-0.5038913488388062,0.8089776635169983,0.03525165840983391,-0.3006758987903595,-2.691755533218384,-10,-2.89913010597229,2.0149030685424805,-1.7724539041519165,-1.661241054534912,-1.6056346893310547
0.467993825674057,0.8696190714836121,1.1120132207870483,0.7744474411010742,-0.6089550852775574,0.16934619843959808,0.026957150548696518,-2.2467665672302246,-2.4060027599334717,-10,0.5719616413116455,-1.230291485786438,-1.2163898944854736,-1.2024883031845093
0.004889488220214844,0.9693731069564819,1.0605361461639404,-0.5108034610748291,0.8551701903343201,-0.05875276401638985,-0.0656648501753807,-3.393315076828003,-2.308330774307251,-10,3.567518711090088,-0.8827515840530396,-0.7715387940406799,-0.9105547666549683
0.10068989545106888,1.177167296409607,1.074459195137024,0.8898558020591736,-0.26304522156715393,0.09178896993398666,0.36130133271217346,-1.5481942892074585,-2.438483476638794,-3.8729662895202637,1.4052095413208008,-1.519087791442871,-1.474029541015625,-1.4309722185134888
0.3112868070602417,0.8374068140983582,1.2259063720703125,-0.5965133309364319,0.792160153388977,0.0739593580365181,-0.10575497150421143,-2.763916015625,-8.054699897766113,-2.3498475551605225,0.8944319486618042,-1.3137011528015137,-1.244193196296692,-1.2163898944854736
0.9568261504173279,0.7802560925483704,1.021928310394287,-0.5591880679130554,0.8085144758224487,-0.17625829577445984,-0.05045825615525246,-1.9501070976257324,-2.2676339149475098,-10,0.7827593684196472,-1.1468819379806519,-1.0495707988739014,-1.0078659057617188
0.8515751957893372,0.860267162322998,1.177003026008606,-0.4803902506828308,0.8074004054069519,-0.23017258942127228,0.2536737024784088,-2.198659658432007,-10,-2.1985960006713867,0.2762533724308014,-1.6890443563461304,-1.7724539041519165,-1.536126732826233
0.8709350824356079,0.8551597595214844,1.27045738697052,0.9867368340492249,-0.10624466836452484,-0.10071560740470886,-0.07013430446386337,-2.0243594646453857,-2.6658260822296143,-3.584156036376953,-0.025103755295276642,-1.5889105796813965,-1.6088151931762695,-1.536590337753296
1.0831273794174194,0.9454737305641174,1.3243563175201416,0.7660064697265625,-0.6393682956695557,0.0435461662709713,0.05045825615525246,-2.707791328430176,-10,-2.8434059619903564,3.00815486907959,-1.2024883031845093,-1.0912755727767944,-1.021767497062683
1.6725327968597412,0.607764720916748,0.772264301776886,0.9073420166969299,-0.3573550283908844,0.18455280363559723,0.1223439872264862,-2.391087293624878,-2.349027395248413,-10,-0.4878840446472168,-0.8688499927520752,-0.9661611318588257,-0.9661611318588257
2.0490975379943848,0.5090498328208923,0.6751012802124023,0.7619841694831848,-0.48730233311653137,-0.26888027787208557,-0.3310891091823578,-3.164807081222534,-10,-2.783701181411743,1.5676685571670532,-1.2163898944854736,-1.2163898944854736,-1.2024883031845093
1.9648966789245605,0.5038542747497559,0.847549557685852,-0.5578056573867798,0.7924110293388367,0.24537917971611023,0.026957150548696518,-2.9483258724212646,-7.053561687469482,-3.4762749671936035,5.537334442138672,-1.230291485786438,-1.2163898944854736,-1.1746851205825806
2.1157703399658203,0.7953044772148132,0.8517528176307678,0.4818190336227417,0.7978600263595581,-0.3032839596271515,-0.19821353256702423,-2.1713151931762695,-2.951305866241455,-3.935157299041748,0.05624605715274811,-1.3037410974502563,-1.3426413536071777,-1.3213417530059814
2.168381929397583,0.7854515910148621,0.6802489757537842,0.7976584434509277,-0.6006606221199036,0.02004506066441536,0.05045825615525246,-2.451220989227295,-7.436110019683838,-1.927935004234314,-0.10204925388097763,-1.230291485786438,-1.2163898944854736,-1.2719963788986206
1.950863242149353,0.7605131268501282,0.9086786508560181,-0.5190979242324829,0.8471749424934387,-0.11266706138849258,-0.01175055280327797,-2.8601298332214355,-8.054699897766113,-3.6633493900299072,0.5719616413116455,-1.2163898944854736,-1.230291485786438,-1.188586711883545
2.097297191619873,0.9258067607879639,0.8612827062606812,0.15640538930892944,0.7876310348510742,0.47045278549194336,-0.3658536672592163,-2.485751152038574,-2.5801732540130615,-4.491849899291992,16.11809539794922,-1.2444236278533936,-1.2236865758895874,-1.2132025957107544
2.161365270614624,0.9932724833488464,0.9588688611984253,0.7490227818489075,-0.5370693802833557,-0.38085615634918213,0.0739593580365181,-3.1888606548309326,-2.4711172580718994,-7.010788440704346,0.1650797575712204,-0.6047195792198181,-0.6464243531227112,-0.5352115631103516
1.5134868621826172,0.6004909873008728,1.3262866735458374,0.8198539614677429,-0.4665660560131073,-0.09746046364307404,-0.3172649145126343,-2.1305081844329834,-2.9838953018188477,-10,0.4712783396244049,-0.7576372027397156,-0.5491132140159607,-0.9105547666549683
1.950863242149353,0.5464575886726379,1.1113697290420532,0.8169981837272644,-0.5661001205444336,-0.09746046364307404,-0.05045825615525246,-4.1149187088012695,-10,-2.46925687789917,1.4873905181884766,-1.035669207572937,-1.0495707988739014,-1.2163898944854736
2.2221767902374268,0.5277537107467651,1.0251456499099731,0.7007642388343811,-0.5840715765953064,-0.28546929359436035,0.29376381635665894,-2.3710427284240723,-6.565201759338379,-4.061380386352539,0.6406570076942444,-1.0078659057617188,-1.021767497062683,-1.0912755727767944
2.1566872596740723,0.5319101214408875,1.2645142078399658,-0.6545748710632324,0.748512327671051,-0.08225386589765549,-0.06704726815223694,-3.273047685623169,-2.8048300743103027,-10,4.139158725738525,-1.4110122919082642,-1.369307518005371,-1.4249138832092285
2.1655113697052,0.5173931121826172,1.3821357488632202,0.5349692106246948,-0.43564489483833313,-0.39155885577201843,-0.6088539361953735,-2.672093629837036,-3.78159236907959,-4.912342548370361,0.4655803442001343,-0.6177204251289368,-0.6177204251289368,-0.7507228851318359
2.414609670639038,0.6220327019691467,1.3717378377914429,0.6684309244155884,-0.31490689516067505,-0.6735999584197998,0.01722932979464531,-2.0129659175872803,-2.5856034755706787,-5.6171464920043945,-0.543609082698822,-0.8018112778663635,-0.7576372027397156,-0.9652467966079712
2.416306495666504,0.6628372669219971,1.2091763019561768,-0.6642518043518066,0.7185538411140442,-0.05045825615525246,-0.19975939393043518,-2.511354684829712,-4.880359649658203,-4.113124370574951,5.537334442138672,-0.8827515840530396,-0.8549483418464661,-0.9939643740653992
2.423323154449463,0.6846584677696228,1.2889658212661743,0.6054545044898987,-0.5425990223884583,0.4485946297645569,-0.3711792230606079,-3.9826247692108154,-2.8618052005767822,-10,5.537334442138672,-1.285897970199585,-1.2163898944854736,-1.244193196296692
1.1396387815475464,1.0564470291137695,1.248316764831543,0.8500167727470398,0.35934755206108093,0.30794912576675415,-0.23131825029850006,-1.925311803817749,-2.588994264602661,-4.365440845489502,0.7764041423797607,-1.2074651718139648,-1.1226823329925537,-1.1897878646850586
2.105808973312378,0.9877321720123291,1.0864927768707275,0.4250921308994293,0.46795278787612915,0.11200623214244843,0.7666625380516052,-2.4436018466949463,-2.9142580032348633,-3.7157411575317383,-0.5144703388214111,-0.8003557324409485,-0.7916039228439331,-0.8003557324409485
2.402272939682007,0.9091050624847412,1.2567925453186035,-0.564717710018158,0.8226603865623474,0.0034560449421405792,-0.0656648501753807,-3.898437738418579,-7.436110019683838,-2.7080752849578857,0.7827593684196472,-1.0912755727767944,-1.021767497062683,-0.9939643740653992
3.2489585876464844,0.4321560859680176,0.19765110313892365,-0.5370693802833557,0.8269930481910706,0.11404947936534882,-0.12096156924962997,-10,-2.389724016189575,-1.8523091077804565,5.537334442138672,0.8827515244483948,0.8549483418464661,1.0078659057617188
3.5207855701446533,0.3531060814857483,0.3537871241569519,0.23555639386177063,0.8331047296524048,0.4941452145576477,-0.07918500900268555,-2.1649065017700195,-2.3058505058288574,-4.0870041847229,16.11809539794922,-0.09484609961509705,-0.21505722403526306,-0.22282971441745758
2.465423583984375,0.1869274228811264,0.44216737151145935,0.9121777415275574,-0.29376381635665894,0.11404947936534882,0.261968195438385,-2.3710427284240723,-2.3327486515045166,-10,5.537334442138672,-0.563014805316925,-0.7020307779312134,-0.6047195792198181
2.4985251426696777,0.13682056963443756,0.6443384885787964,0.9863784313201904,-0.16430321335792542,0.007182635832577944,-0.003235391341149807,-2.2478866577148438,-2.5733485221862793,-3.725851535797119,1.4241018295288086,0.5875321626663208,0.4952199161052704,0.5313780903816223
3.169435739517212,0.18381011486053467,0.6107549071311951,0.8927270770072937,-0.3739440441131592,-0.07534177601337433,0.2398495078086853,-2.2908644676208496,-2.8618052005767822,-7.010788440704346,5.537334442138672,0.3266875445842743,0.3266875445842743,0.18767155706882477
3.3683712482452393,0.18347446620464325,0.6821011900901794,0.6388917565345764,-0.5835946202278137,-0.17031750082969666,-0.4714090824127197,-2.445079803466797,-3.063082456588745,-3.8725671768188477,2.168327808380127,-0.020108047872781754,-0.09693902730941772,-0.10062064975500107
3.108860969543457,0.35210683941841125,0.48298215866088867,0.9913250207901001,0.007346882950514555,0.028070123866200447,0.12819066643714905,-2.157517194747925,-3.5534727573394775,-5.598519325256348,0.9894163012504578,-0.511371374130249,-0.6603260040283203,-0.765083372592926
2.6289515495300293,0.40755680203437805,0.3469696044921875,0.6786574721336365,0.6475107073783875,0.2667177617549896,0.22139455378055573,-2.0785531997680664,-2.845200300216675,-3.3347673416137695,1.0721931457519531,-1.4388154745101929,-1.5274173021316528,-1.5641727447509766
2.4899184703826904,0.5202649235725403,0.46121060848236084,0.7776449918746948,-0.3079827129840851,-0.5112842917442322,0.19749262928962708,-2.434185743331909,-2.731567621231079,-4.410434246063232,0.24662818014621735,-0.6986693143844604,-0.8565539121627808,-0.9361169934272766
2.948690414428711,0.3279830515384674,0.465451717376709,0.7320684790611267,-0.2508082687854767,-0.3554098606109619,-0.5242660045623779,-2.2357633113861084,-2.8957624435424805,-3.3377110958099365,1.2989180088043213,-0.2349027693271637,-0.4434267580509186,-0.5012108683586121
3.0533082485198975,0.4228041470050812,0.40424206852912903,0.9229791760444641,-0.33621761202812195,-0.14617137610912323,0.11705181747674942,-2.4574553966522217,-2.7521626949310303,-4.181116104125977,2.773916006088257,-0.026187097653746605,-0.35885289311408997,-0.5803059339523315
2.7858543395996094,0.4404689073562622,0.3894033432006836,-0.4803902506828308,0.8706113696098328,-0.08225386589765549,-0.06704726815223694,-2.9483258724212646,-8.054699897766113,-3.2732791900634766,1.7423112392425537,-0.1459668129682541,-0.5213099718093872,-0.7854403853416443
2.500507116317749,0.2752512991428375,0.5657124519348145,0.8822293877601624,-0.37256163358688354,-0.1914648860692978,-0.21496598422527313,-3.2530031204223633,-3.504812479019165,-10,2.463853359222412,-1.7724539041519165,-1.7724539041519165,-1.7724539041519165
2.7110774517059326,0.25847628712654114,0.6263954639434814,0.5242364406585693,0.8299623727798462,-0.1555900275707245,0.1101376935839653,-2.116298198699951,-3.68929386138916,-4.310057163238525,0.38717859983444214,1.7724539041519165,1.7724539041519165,1.7724539041519165
2.4396955966949463,0.33136293292045593,0.5502693057060242,-0.2702627182006836,0.9434835314750671,-0.01175055280327797,-0.1914648860692978,-2.4913101196289062,-3.504812479019165,-10,2.7725887298583984,-1.7724539041519165,-1.7724539041519165,-1.7724539041519165
2.679450035095215,0.2879050076007843,0.5080525875091553,0.6645047664642334,0.744411051273346,-0.05082075297832489,0.041265539824962616,-2.1612842082977295,-3.0178802013397217,-4.219820022583008,1.4044277667999268,-1.2602882385253906,-1.4257365465164185,-1.2444673776626587
2.9784083366394043,0.2561730742454529,0.5233602523803711,0.42826592922210693,0.898209810256958,0.09902492165565491,0.0012061266461387277,-1.9923878908157349,-3.231550693511963,-4.402588844299316,0.7582218050956726,1.7724539041519165,1.7724539041519165,1.7724539041519165
2.423323154449463,0.38747459650039673,0.5142353177070618,-0.5108034610748291,0.837576150894165,-0.15137477219104767,0.12096156924962997,-3.301110029220581,-4.497811317443848,-3.1260077953338623,5.537334442138672,1.7724539041519165,1.7724539041519165,1.7724539041519165
3.145793914794922,0.513587236404419,0.3272935152053833,-0.3536628782749176,-0.23244939744472504,0.8540266752243042,-0.30253633856773376,-2.461385488510132,-3.005507707595825,-5.30548620223999,16.11809539794922,-0.2143724113702774,-0.5090064406394958,-0.6229196190834045
3.0688624382019043,0.4020220637321472,0.4634016752243042,-0.45550671219825745,0.8753814697265625,0.15966928005218506,0.026957150548696518,-2.511354684829712,-10,-3.1857123374938965,-0.4878840446472168,0.07645876705646515,-0.1459668129682541,-0.3405891954898834
3.415311098098755,0.3738148808479309,0.49131712317466736,0.19743765890598297,0.5648595094680786,0.762363851070404,-0.24648229777812958,-2.3320465087890625,-3.13543438911438,-3.7588982582092285,0.9743880033493042,0.10584012418985367,-0.0023609555792063475,-0.006372356321662664
3.5847785472869873,0.39568400382995605,0.469569593667984,0.3986605405807495,0.9121176600456238,0.062149565666913986,0.07244697213172913,-2.1885082721710205,-3.4454798698425293,-3.6789023876190186,16.11809539794922,1.4514148235321045,1.4429664611816406,1.5021051168441772
3.436094045639038,0.4341193735599518,0.4565494954586029,0.9647106528282166,0.1105857864022255,0.13861365616321564,0.1946546882390976,-2.121448278427124,-3.9724063873291016,-4.890778541564941,1.4729046821594238,-0.629751443862915,-0.8243737816810608,-0.7976701855659485
3.5881006717681885,0.5053495764732361,0.37758246064186096,0.7890245914459229,-0.3603363037109375,-0.37533682584762573,-0.32668057084083557,-2.6037685871124268,-2.8259925842285156,-4.235419750213623,16.11809539794922,-0.5427387952804565,-0.8462682366371155,-0.9967442750930786
3.252926826477051,0.2829035520553589,0.6579524278640747,0.6201438307762146,0.7013285756111145,-0.28742414712905884,0.20235426723957062,-2.773668050765991,-3.681464910507202,-4.954349517822266,16.11809539794922,1.7724539041519165,1.7724539041519165,1.7724539041519165
3.412682294845581,0.3181172013282776,0.5389041304588318,0.6607497930526733,-0.44119322299957275,-0.4808606505393982,-0.37085214257240295,-2.663377046585083,-3.1714067459106445,-4.259914398193359,3.4693984985351562,1.4390572309494019,1.3765454292297363,1.3452894687652588
3.6383159160614014,0.3619099259376526,0.5406351089477539,0.35813698172569275,0.8473041653633118,0.3666994869709015,0.13908657431602478,-2.6348280906677246,-2.950521469116211,-3.730341672897339,3.3927507400512695,1.4998751878738403,1.5714573860168457,1.634206771850586
3.550678253173828,0.3375975787639618,0.5534865856170654,0.6940945982933044,-0.6227793097496033,-0.13755059242248535,0.33385393023490906,-2.984405994415283,-10,-3.531999111175537,1.5676685571670532,0.8688499331474304,0.8827515244483948,0.9383578896522522
3.625523328781128,0.4695638418197632,0.5155222415924072,0.8432950377464294,-0.5052737593650818,-0.13755059242248535,0.12096156924962997,-3.0685932636260986,-3.936197280883789,-10,5.537334442138672,-0.9105547666549683,-0.9939643740653992,-0.7993419766426086
3.555356025695801,0.38747459650039673,0.6062506437301636,-0.174875870347023,0.9401354193687439,0.21496598422527313,-0.19837696850299835,-4.495765686035156,-8.054699897766113,-2.5528433322906494,5.537334442138672,0.21547475457191467,0.15986835956573486,0.18767155706882477
3.5413224697113037,0.3750053346157074,0.6474323272705078,0.8315652012825012,-0.5121858716011047,-0.05875276401638985,0.20667147636413574,-2.511354684829712,-3.6920173168182373,-7.010788440704346,-0.3243834376335144,1.7724539041519165,1.7724539041519165,1.7724539041519165
4.006765842437744,0.15263697504997253,0.6461454033851624,-0.6808408498764038,0.7121743559837341,0.12096156924962997,-0.12096156924962997,-2.6677021980285645,-7.436110019683838,-3.444432497024536,5.537334442138672,-0.6603260040283203,-0.7854403853416443,-0.5491132140159607
4.345814228057861,0.17470432817935944,0.6351985335350037,0.09914286434650421,0.9053868651390076,0.3760734498500824,0.17033526301383972,-2.526277542114258,-2.5841410160064697,-4.650379180908203,16.11809539794922,0.6219143867492676,0.49718499183654785,0.5647679567337036
4.1486358642578125,0.35678455233573914,0.4731399118900299,0.06655223667621613,0.47833266854286194,0.8337405323982239,-0.2676664888858795,-2.5444767475128174,-2.7630062103271484,-3.4059085845947266,16.11809539794922,-0.3376954197883606,-0.538123369216919,-0.39371007680892944
3.767235040664673,0.5216637253761292,0.4153783917427063,0.4508858025074005,0.435139536857605,0.7314926981925964,0.2688383162021637,-2.227855920791626,-2.889816999435425,-4.190975189208984,0.9165522456169128,0.917411744594574,0.8936071991920471,0.832284152507782
3.765436887741089,0.4164853096008301,0.5077570080757141,0.5436842441558838,-0.24517647922039032,-0.4094502031803131,-0.6903958916664124,-2.608445405960083,-3.1549456119537354,-3.4796149730682373,16.11809539794922,0.1612309366464615,0.09810377657413483,0.0529792457818985
4.04079008102417,0.39009979367256165,0.3619699776172638,0.3869875967502594,0.9164751172065735,-0.017288781702518463,0.10007503628730774,-2.172029495239258,-2.392333745956421,-3.8550643920898438,16.11809539794922,0.269936203956604,0.24156051874160767,0.4095246493816376
3.9693431854248047,0.4872286319732666,0.3984118103981018,0.8206088542938232,-0.49006715416908264,-0.29376381635665894,0.01175055280327797,-2.631621837615967,-2.9025020599365234,-10,5.537334442138672,-0.4657036066055298,-0.7437355518341064,-0.9105547666549683
4.1862664222717285,0.48551639914512634,0.4752339720726013,0.9736610054969788,0.15773458778858185,0.0030654636211693287,-0.16460441052913666,-2.4799892902374268,-3.5825960636138916,-5.039556980133057,0.4251706302165985,-0.4695548117160797,-0.6981626749038696,-0.7445126175880432
3.91398286819458,0.2351098507642746,0.5996177792549133,0.412739098072052,0.8284294605255127,0.37006232142448425,0.08003058284521103,-2.660703420639038,-2.9063382148742676,-4.375694274902344,16.11809539794922,0.2525826394557953,0.3143921494483948,0.4667743444442749
3.6837525367736816,0.2767393887042999,0.6300103664398193,0.8070600032806396,-0.24798470735549927,-0.43579721450805664,-0.31183087825775146,-2.786022663116455,-3.0800251960754395,-3.6889073848724365,1.587515115737915,1.077423095703125,1.2024883031845093,1.6733325719833374
3.7402124404907227,0.24365238845348358,0.6761988401412964,0.4349938929080963,0.824627697467804,-0.15779872238636017,0.3253752291202545,-2.498687505722046,-2.816173791885376,-4.959381580352783,2.359243392944336,0.9235646724700928,0.9459146857261658,1.0908753871917725
3.8939192295074463,0.26828089356422424,0.661137044429779,0.1883077174425125,0.4263863265514374,0.8764137029647827,-0.12097064405679703,-2.8333349227905273,-3.110151529312134,-3.9831109046936035,1.7423620223999023,-0.03368169441819191,-0.061484891921281815,0.03421780839562416
3.704277753829956,0.2653825581073761,0.6945061087608337,0.1586015224456787,0.8770534992218018,0.40096139907836914,-0.21178443729877472,-2.4372682571411133,-3.296520948410034,-4.55165433883667,-0.4372818171977997,-0.45180198550224304,-0.5047949552536011,-0.30535057187080383
4.089148998260498,0.2909409999847412,0.5612573027610779,0.36632010340690613,0.902681827545166,-0.06866868585348129,0.21508070826530457,-2.7855846881866455,-2.850364923477173,-3.5467348098754883,16.11809539794922,0.662564218044281,0.555239200592041,0.5529335141181946
4.153989791870117,0.2617475092411041,0.6366879343986511,0.6086093783378601,0.6186336278915405,0.46413561701774597,0.17738434672355652,-2.606485605239868,-2.865417718887329,-5.247862339019775,-0.30959659814834595,0.35602524876594543,0.33117836713790894,0.4658162295818329
4.222879409790039,0.2638293206691742,0.6202275156974792,0.5200110673904419,0.76439368724823,0.30426356196403503,0.2295963317155838,-2.7380337715148926,-3.1139400005340576,-3.64359450340271,16.11809539794922,0.8783177137374878,0.808809757232666,0.8644161224365234
3.952981472015381,0.3807504177093506,0.5685917735099792,0.3720453381538391,0.7504215836524963,0.5382744669914246,-0.0933288112282753,-3.07981014251709,-3.6692676544189453,-4.303226947784424,0.6362068057060242,-0.05549811199307442,-0.18056154251098633,-0.10404539853334427
4.17045259475708,0.3207205533981323,0.674586832523346,0.49811896681785583,0.8652298450469971,0.037331968545913696,0.04314109683036804,-2.8411362171173096,-3.7551517486572266,-4.4740519523620605,16.11809539794922,-0.2559370696544647,-0.49045583605766296,-0.5363987684249878
4.152557849884033,0.35555678606033325,0.6202245354652405,0.6168370246887207,0.7652260661125183,0.18270866572856903,0.023635508492588997,-2.8774757385253906,-4.052253723144531,-5.156604290008545,1.0389900207519531,1.7724539041519165,1.7724539041519165,1.7724539041519165
3.7892470359802246,0.4363124966621399,0.5097310543060303,-0.6186320185661316,0.7113420367240906,0.2840868830680847,0.174875870347023,-2.9683704376220703,-5.368719577789307,-3.3250231742858887,-0.7646061182022095,1.7724539041519165,1.7724539041519165,1.7724539041519165
3.7791359424591064,0.451664537191391,0.5481966137886047,0.6879134774208069,-0.32564517855644226,-0.217634379863739,-0.611036479473114,-2.644481658935547,-3.3707656860351562,-4.289880275726318,0.4657576382160187,-0.45816338062286377,-0.617756724357605,-0.617756724357605
3.9740209579467773,0.3594187796115875,0.5663558840751648,0.8522937297821045,-0.37256163358688354,-0.1527571827173233,0.33385393023490906,-3.661911964416504,-3.1304032802581787,-10,5.537334442138672,0.3822939395904541,0.5074083209037781,0.7298339009284973
4.006574630737305,0.3877873420715332,0.5757375359535217,0.9780015349388123,-0.2003985494375229,0.04293597862124443,-0.03885813057422638,-3.0644314289093018,-4.491724491119385,-4.898270606994629,16.11809539794922,-0.778466522693634,-0.9502977132797241,-0.9355683922767639
4.185077667236328,0.3904922604560852,0.5631080865859985,0.9352112412452698,-0.3337063789367676,-0.024923238903284073,0.11575325578451157,-2.5879058837890625,-4.160290718078613,-4.484781742095947,1.109278678894043,-1.064351201057434,-1.230291485786438,-1.1663061380386353
4.041849613189697,0.44358623027801514,0.5393304228782654,0.7576984167098999,-0.6310737729072571,0.11404947936534882,-0.12096156924962997,-2.7839605808258057,-4.090844631195068,-7.010788440704346,0.6406570076942444,0.0625571683049202,-0.006950825918465853,0.1181635633111
4.275699138641357,0.3254900872707367,0.46084415912628174,0.8496516942977905,-0.28974997997283936,-0.33685851097106934,-0.28401291370391846,-2.222898483276367,-2.2750885486602783,-4.060349464416504,16.11809539794922,0.09495300054550171,-0.0005211354582570493,0.0021107541397213936
4.341365337371826,0.4435708224773407,0.4902400076389313,0.5419340133666992,0.788203239440918,0.24623051285743713,-0.15624882280826569,-2.7049338817596436,-3.2557296752929688,-4.0983381271362305,1.8106813430786133,-0.7553064227104187,-0.9106578826904297,-0.8965500593185425
4.3271965980529785,0.23472623527050018,0.6068941354751587,-0.3089704215526581,0.9090717434883118,-0.09746046364307404,0.261968195438385,-3.0685932636260986,-6.239628314971924,-3.086204767227173,5.537334442138672,0.2571795582771301,0.2571795582771301,0.42399874329566956
4.359941482543945,0.3272065222263336,0.636493444442749,0.8428689241409302,-0.35597261786460876,-0.32555943727493286,-0.23846709728240967,-3.228949546813965,-3.643181324005127,-10,5.537334442138672,-0.4657036066055298,-0.6603260040283203,-0.5491132140159607
4.344189643859863,0.3384627103805542,0.6598300337791443,0.8303415775299072,0.5478585362434387,0.07149560004472733,0.0726105198264122,-2.7488293647766113,-4.260471343994141,-4.447754859924316,2.4334428310394287,-0.599619448184967,-0.8581916689872742,-0.8123151659965515
4.738261699676514,0.28987380862236023,0.6175830364227295,0.7038766145706177,-0.17170950770378113,-0.5256629586219788,-0.4458160698413849,-2.335315227508545,-2.536252021789551,-4.2464680671691895,4.519270420074463,-0.8717652559280396,-0.9794037938117981,-0.7188476920127869
4.787756443023682,0.3449791967868805,0.6811106204986572,-0.46007364988327026,0.36798977851867676,0.4315984845161438,0.6831094622612,-2.8478660583496094,-3.195366144180298,-4.309384822845459,16.11809539794922,-0.7353845834732056,-0.9579979181289673,-0.9948866963386536
4.409425735473633,0.4200785160064697,0.5440503358840942,0.551144003868103,0.8301090598106384,-0.08071880787611008,-0.025370676070451736,-2.9309592247009277,-3.544156789779663,-5.0360846519470215,16.11809539794922,-1.2445569038391113,-1.3707624673843384,-1.2944116592407227
4.494364261627197,0.37518906593322754,0.583658754825592,0.5742658972740173,0.7918648719787598,0.09150534123182297,0.1865355670452118,-2.9568939208984375,-3.2972757816314697,-3.725724220275879,16.11809539794922,-0.4837162494659424,-0.5973871946334839,-0.4174928367137909
4.247673511505127,0.45605549216270447,0.5129483938217163,0.7933726906776428,-0.5978957414627075,-0.0435461662709713,-0.10575497150421143,-2.571488380432129,-5.059424877166748,-6.34209680557251,5.537334442138672,-1.7585523128509521,-1.7724539041519165,-1.577831506729126
4.285454750061035,0.4948207437992096,0.498431533575058,0.5786429047584534,0.7736982107162476,-0.23584631085395813,0.10459429025650024,-2.5377087593078613,-3.7388830184936523,-4.482829570770264,0.4359215199947357,0.29853859543800354,0.02154388651251793,-0.1635802537202835
4.533868789672852,0.4631710350513458,0.50658118724823,0.7539587020874023,-0.37425100803375244,-0.4263876974582672,-0.3311735987663269,-2.4388504028320312,-2.942049741744995,-3.4489829540252686,1.766046166419983,-0.7536089420318604,-0.788135826587677,-0.5935134291648865
4.4883928298950195,0.48033103346824646,0.5572078824043274,0.3822540044784546,0.8733037710189819,-0.1263764500617981,0.2743198871612549,-2.680852174758911,-3.9986233711242676,-4.521107196807861,2.1346166133880615,-0.13206522166728973,-0.25648194551467896,-0.19913144409656525
4.432719707489014,0.2985135018825531,0.6760479211807251,0.28328460454940796,0.5869777202606201,0.7537422776222229,-0.08414024114608765,-2.3628649711608887,-3.4430477619171143,-4.324887752532959,0.40552791953086853,1.3840824365615845,1.356221079826355,1.4328253269195557
4.507292747497559,0.43839070200920105,0.6088244915008545,-0.5495111346244812,0.814864456653595,0.05875276401638985,0.174875870347023,-2.9322903156280518,-7.053561687469482,-5.259452819824219,3.0992729663848877,0.4935067296028137,0.2710811495780945,0.1181635633111
4.7271504402160645,0.38123995065689087,0.5663558840751648,0.8905537724494934,-0.29376381635665894,-0.3407660126686096,0.06704726815223694,-2.84008526802063,-3.350165367126465,-10,5.537334442138672,-1.035669207572937,-1.1329803466796875,-0.8827515840530396
4.60481595993042,0.2068706899881363,0.6943240165710449,0.23408570885658264,0.7110468745231628,0.6605595946311951,-0.05724748596549034,-2.4742541313171387,-2.7786760330200195,-3.6275432109832764,2.583613872528076,-0.2015732079744339,-0.38860413432121277,-0.37247225642204285
4.727712631225586,0.4112847149372101,0.6245659589767456,0.5430420637130737,-0.6750264167785645,-0.23624704778194427,-0.4400363564491272,-2.5377440452575684,-3.27091121673584,-3.7276341915130615,0.8445698022842407,-1.340207815170288,-1.4967459440231323,-1.4466378688812256
4.63470983505249,0.5276364684104919,0.5567830801010132,0.4829804003238678,0.7655698657035828,-0.38828882575035095,0.17281343042850494,-2.4575624465942383,-3.3532357215881348,-4.09998083114624,0.9382752180099487,-0.48025646805763245,-0.6150727272033691,-0.5585229396820068
4.779234409332275,0.4583071172237396,0.6836079955101013,0.9343212246894836,0.019770249724388123,-0.3206184506416321,-0.1544564664363861,-2.9984352588653564,-3.527820348739624,-4.312662124633789,2.9449570178985596,0.013753138482570648,-0.24540777504444122,-0.33774951100349426
2.762432098388672,0.5454148054122925,0.29875338077545166,0.9674352407455444,-0.2419889271259308,-0.06266388297080994,-0.03979529067873955,-1.9579142332077026,-2.255305051803589,-5.300769805908203,1.6862984895706177,-0.3504873216152191,-0.8016998171806335,-1.159653663635254
2.96875,0.6202282905578613,0.27190208435058594,0.5407392382621765,0.819671630859375,0.17014361917972565,-0.08240511268377304,-2.024259090423584,-2.798536539077759,-3.5801620483398438,1.1827987432479858,-1.7724539041519165,-1.7724539041519165,-1.7724539041519165
2.9729671478271484,0.7116751670837402,0.28516218066215515,-0.23017258942127228,0.9611988663673401,-0.12787365913391113,0.08225386589765549,-3.164807081222534,-4.1396803855896,-2.9667954444885254,5.537334442138672,-1.7724539041519165,-1.7724539041519165,-1.7724539041519165
3.578130006790161,0.5970214009284973,0.11829883605241776,-0.04952233284711838,0.5045100450515747,0.4657067656517029,0.7253512144088745,-1.8514986038208008,-2.33553147315979,-3.101954698562622,16.11809539794922,1.4102269411087036,1.4976609945297241,1.4601892232894897
3.1594207286834717,0.6889933347702026,0.1140630692243576,0.6764365434646606,0.361343652009964,-0.6417550444602966,-0.0038457380142062902,-2.0600199699401855,-2.2836387157440186,-4.421327590942383,2.229154109954834,-0.8660557866096497,-0.9622423648834229,-1.0653971433639526
3.352499485015869,0.5289589762687683,0.2969309091567993,0.9631590843200684,-0.22164955735206604,-0.1302105337381363,-0.0790020301938057,-2.5476996898651123,-2.66050386428833,-4.6981282234191895,16.11809539794922,-0.00023358948237728328,-0.32090461254119873,-0.515994131565094
3.3859238624572754,0.6370241641998291,0.25243809819221497,0.9650857448577881,0.09931942820549011,-0.17615292966365814,-0.1664789915084839,-2.3716416358947754,-2.680366277694702,-4.167782783508301,16.11809539794922,-0.46512874960899353,-0.7244835495948792,-0.8611491322517395
3.489818811416626,0.6933119297027588,0.20091426372528076,0.6604838967323303,0.16895850002765656,-0.7033968567848206,-0.20111404359340668,-1.7716786861419678,-3.287912130355835,-3.5971691608428955,-0.7012713551521301,0.7274670004844666,0.5451387763023376,0.5849534869194031
3.408142566680908,0.6685870289802551,0.31694015860557556,0.0010722075821831822,0.8557113409042358,0.513063371181488,0.06725262850522995,-2.978205919265747,-3.4808480739593506,-3.7632360458374023,16.11809539794922,-0.5901342630386353,-0.881657600402832,-1.0718740224838257
2.5309131145477295,0.7979208827018738,0.05415866896510124,-0.5978957414627075,0.7464490532875061,0.12925608456134796,-0.261968195438385,-2.5514438152313232,-3.146682024002075,-10,5.537334442138672,1.7724539041519165,1.7724539041519165,1.577831506729126
2.839649200439453,0.9672948718070984,0.01490737497806549,-0.13616816699504852,0.9152147173881531,0.30758798122406006,0.2218780815601349,-2.1545615196228027,-10,-3.3688066005706787,5.537334442138672,-0.6047195792198181,-0.45180198550224304,-0.45180198550224304
2.4817960262298584,0.5745133757591248,0.43058502674102783,-0.3711792230606079,0.8470734357833862,0.3089704215526581,0.2218780815601349,-10,-3.8792219161987305,-2.0433638095855713,1.1786550283432007,0.2571795582771301,0.07645876705646515,0.02085237205028534
2.699314594268799,0.5651614665985107,0.47820132970809937,-0.4416825473308563,0.8404643535614014,0.2702627182006836,0.15966928005218506,-2.451220989227295,-10,-2.9309725761413574,0.4712783396244049,-0.5352115631103516,-0.6742275953292847,-0.8827515840530396
3.101607322692871,0.5339882969856262,0.34307393431663513,-0.5619528889656067,0.6967958807945251,-0.4057396650314331,-0.18455280363559723,-3.9385268688201904,-8.054699897766113,-1.975698709487915,5.537334442138672,-0.006950825918465853,-0.3405891954898834,-0.5352115631103516
3.335498332977295,0.5464575886726379,0.3829686939716339,-0.4264759421348572,0.8329452276229858,-0.3407660126686096,-0.09054837375879288,-3.8022239208221436,-10,-2.572744846343994,0.03922071307897568,-0.09036041796207428,-0.45180198550224304,-0.6603260040283203
3.55526065826416,0.6010439991950989,0.3455207645893097,0.974395215511322,-0.13737648725509644,-0.026681404560804367,0.17598217725753784,-2.2176668643951416,-2.9226958751678467,-4.867091655731201,-0.4744357168674469,-0.7179907560348511,-1.0980175733566284,-1.4085363149642944
3.3442800045013428,0.6152741312980652,0.3634936213493347,0.4975903332233429,0.864020586013794,-0.07634223252534866,-0.006646709982305765,-2.0269277095794678,-3.700227975845337,-4.234965801239014,0.04990734905004501,1.5525506734848022,1.5446970462799072,1.5525506734848022
3.038456678390503,0.6378987431526184,0.4054899215698242,-0.49559682607650757,0.6265079975128174,0.4403001070022583,0.4098869264125824,-4.495765686035156,-3.0897066593170166,-4.570859432220459,5.537334442138672,0.98006272315979,0.6603259444236755,0.4379003345966339
3.4688162803649902,0.7553175687789917,0.3450043201446533,0.6983985304832458,-0.5038913488388062,-0.48730233311653137,0.1444626748561859,-6.696657657623291,-3.5292305946350098,-4.061380386352539,5.537334442138672,1.4666186571121216,1.4249138832092285,1.5083234310150146
3.0488409996032715,0.9573967456817627,0.49249640107154846,0.813107430934906,0.45307835936546326,-0.3625546395778656,-0.04615643620491028,-1.7357521057128906,-2.7826809883117676,-4.219813346862793,-0.563210666179657,0.38886624574661255,0.48639899492263794,0.487820565700531
3.024423122406006,0.9911943078041077,0.558634340763092,0.7784692049026489,-0.4665660560131073,-0.3877682387828827,0.1610516905784607,-3.6218228340148926,-2.243216037750244,-10,0.4712783396244049,-0.11816361546516418,-0.006950825918465853,-0.03475402295589447
2.9378836154937744,0.9766468405723572,0.5978856086730957,0.934651255607605,-0.3089704215526581,-0.0739593580365181,0.15966928005218506,-2.9483258724212646,-2.967616558074951,-10,5.537334442138672,-0.10426201671361923,-0.09036041796207428,-0.10426201671361923
3.176452398300171,0.7771387696266174,0.6049637198448181,0.6943203806877136,-0.662869393825531,0.16934619843959808,0.22326049208641052,-10,-3.9199185371398926,-2.46925687789917,-0.03922071307897568,0.7715387344360352,0.7576371431350708,1.1051770448684692
3.0922515392303467,0.8623453378677368,0.6506496667861938,-0.5260100364685059,0.7137103080749512,0.11266706138849258,0.4485946297645569,-2.4712655544281006,-10,-3.2732791900634766,4.840242385864258,-0.4657036066055298,-0.45180198550224304,-0.5769163966178894
3.1881470680236816,0.8457196950912476,0.6152591109275818,0.7572341561317444,-0.521862804889679,-0.19284729659557343,0.34214845299720764,-7.085521697998047,-3.2769112586975098,-2.2463595867156982,0.007843177765607834,1.4249138832092285,1.3276026248931885,1.5500283241271973
3.399160623550415,0.9388362169265747,0.760750412940979,0.7652495503425598,0.4754824638366699,0.08962693065404892,-0.42458993196487427,-2.084726333618164,-3.738278388977051,-4.19981575012207,-0.2629793882369995,0.5974372029304504,0.8421662449836731,0.5604169964790344
3.792147159576416,0.7027167677879333,0.06657145917415619,0.6231779456138611,0.711054265499115,-0.2792931795120239,0.16747061908245087,-2.305511474609375,-2.956165313720703,-4.37193489074707,1.0703492164611816,-0.3805144131183624,-0.6116517782211304,-0.611689031124115
3.9752774238586426,0.6855820417404175,0.11524823307991028,0.6332219243049622,-0.5878457427024841,-0.29065796732902527,-0.41107821464538574,-2.022693634033203,-3.4558396339416504,-6.107921600341797,16.11809539794922,1.7724539041519165,1.7724539041519165,1.7724539041519165
4.147100448608398,0.704401433467865,0.05029788613319397,0.7475593686103821,-0.6614869832992554,0.05875276401638985,0.01175055280327797,-2.820040702819824,-3.0490100383758545,-10,5.537334442138672,1.7724539041519165,1.7724539041519165,1.7724539041519165
3.6629457473754883,0.6139993667602539,0.3263438642024994,-0.4568891227245331,0.8164389133453369,0.339383602142334,0.09746046364307404,-2.7839605808258057,-10,-3.444432497024536,5.537334442138672,0.98006272315979,0.8688499331474304,0.9383578896522522
4.1637983322143555,0.6001074910163879,0.20472843945026398,0.6932933330535889,0.636853814125061,-0.15195269882678986,0.30111780762672424,-1.82415771484375,-2.2624804973602295,-3.4240846633911133,1.7177038192749023,0.7485842108726501,0.8657087683677673,0.9647596478462219
3.756998300552368,0.6799870729446411,0.28024619817733765,0.6465590596199036,0.7572697401046753,-0.020167004317045212,-0.08998467773199081,-2.3555362224578857,-3.253129005432129,-5.92778205871582,16.11809539794922,1.7724539041519165,1.7724539041519165,1.7724539041519165
4.040792465209961,0.6721892356872559,0.21384592354297638,0.7030684351921082,0.6616741418838501,-0.2466856986284256,0.08383513987064362,-2.5472419261932373,-3.2306180000305176,-5.561215400695801,16.11809539794922,1.6886546611785889,1.7191270589828491,1.7724539041519165
3.900829315185547,0.6133255958557129,0.27203264832496643,0.5819846391677856,0.7863849401473999,0.1823284924030304,-0.09822899103164673,-2.2454755306243896,-2.392199754714966,-4.791715145111084,1.3616628646850586,1.7724539041519165,1.7456492185592651,1.633385181427002
3.9763598442077637,0.6597199440002441,0.24462397396564484,-0.6531924605369568,0.7065707445144653,0.0739593580365181,0.261968195438385,-2.1746060848236084,-10,-4.972870826721191,5.537334442138672,-0.6464243531227112,-0.8827515840530396,-0.9939643740653992
4.221945285797119,0.6534853577613831,0.27422329783439636,0.6568882465362549,-0.6089550852775574,0.4444473683834076,0.01175055280327797,-10,-2.2676339149475098,-4.570859432220459,5.537334442138672,-0.7437355518341064,-0.9800627827644348,-1.3554059267044067
4.157651901245117,0.6437252163887024,0.3368030786514282,0.5409660935401917,-0.5617359280586243,-0.3174537420272827,-0.5394734144210815,-3.1330699920654297,-3.325622797012329,-6.081221103668213,16.11809539794922,1.7724539041519165,1.7724539041519165,1.7724539041519165
4.409578800201416,0.6792020797729492,0.18744902312755585,0.5538102984428406,-0.561484158039093,-0.358362078666687,-0.499606192111969,-1.8036426305770874,-3.142826795578003,-5.624823093414307,16.11809539794922,1.7724539041519165,1.7724539041519165,1.7724539041519165
4.270905494689941,0.6700381636619568,0.15797416865825653,0.641850471496582,-0.5881404876708984,-0.25014373660087585,-0.42372965812683105,-2.2865335941314697,-3.0147924423217773,-4.222979545593262,16.11809539794922,1.7724539041519165,1.7724539041519165,1.7724539041519165
4.738844871520996,0.6888148784637451,0.1268700808286667,0.7703973054885864,-0.6061902642250061,-0.0739593580365181,0.1831703782081604,-4.459685325622559,-2.308330774307251,-10,5.537334442138672,-0.563014805316925,-0.7715387940406799,-1.0495707988739014
4.5835394859313965,0.6629132628440857,0.3196209967136383,0.5775364637374878,-0.5128931403160095,-0.36639365553855896,-0.5187947154045105,-2.163520336151123,-2.9007022380828857,-5.094515323638916,1.4771113395690918,1.7724539041519165,1.7724539041519165,1.7724539041519165
4.738844394683838,0.6995499134063721,0.30768269300460815,0.9492442011833191,0.07612431049346924,0.08395034074783325,0.2934158742427826,-3.223198413848877,-3.776301860809326,-5.193351745605469,16.11809539794922,-0.25722259283065796,-0.539890468120575,-0.7067035436630249
4.766911506652832,0.7272617816925049,0.2767971456050873,0.7066924571990967,-0.5356869697570801,-0.4416825473308563,-0.13616816699504852,-3.5616891384124756,-5.026867866516113,-3.691211462020874,5.537334442138672,1.7724539041519165,1.7724539041519165,1.7724539041519165
3.9324028491973877,0.5594954490661621,0.4335440397262573,0.5981307029724121,-0.4534156024456024,-0.11414855718612671,-0.6508641242980957,-2.6584184169769287,-3.532491445541382,-4.054515838623047,0.5937624573707581,-1.6990607976913452,-1.7724539041519165,-1.7724539041519165
3.788292407989502,0.5653947591781616,0.44596436619758606,0.9700614809989929,-0.19381609559059143,-0.12116783857345581,-0.08206367492675781,-3.110816478729248,-3.6772384643554688,-4.513498306274414,16.11809539794922,0.38622528314590454,0.2725401222705841,0.33207783102989197
3.714401960372925,0.5921781659126282,0.47562748193740845,0.8791306018829346,-0.47347813844680786,-0.02004506066441536,-0.05045825615525246,-2.5354080200195312,-4.904778003692627,-6.34209680557251,3.725693464279175,-0.7437355518341064,-0.8827515840530396,-0.9800627827644348
3.854736566543579,0.5755525231361389,0.43508926033973694,0.7201717495918274,-0.6435155272483826,0.174875870347023,-0.1914648860692978,-7.722938537597656,-2.8780839443206787,-3.4762749671936035,0.7827593684196472,1.7724539041519165,1.7724539041519165,1.7724539041519165
3.7728326320648193,0.6234070062637329,0.4192154109477997,0.6599712371826172,0.7340664267539978,-0.14257241785526276,0.07250890880823135,-2.6187400817871094,-3.653221368789673,-6.362929821014404,16.11809539794922,1.7724539041519165,1.7724539041519165,1.7724539041519165
4.150893688201904,0.5247620940208435,0.4151851236820221,0.648960292339325,-0.6373603343963623,-0.23262369632720947,-0.3442506790161133,-2.7047970294952393,-2.850966691970825,-4.169766426086426,4.763437747955322,0.5593723058700562,0.4830320477485657,0.5666787624359131
4.147100448608398,0.6223121881484985,0.37975138425827026,0.6933977007865906,-0.6614869832992554,-0.11404947936534882,-0.261968195438385,-2.631621837615967,-8.054699897766113,-4.75395393371582,5.537334442138672,-0.8966531753540039,-1.07737398147583,-1.021767497062683
4.078016757965088,0.6177929043769836,0.4033494293689728,0.7244807481765747,0.6552237272262573,-0.19619297981262207,0.08554428070783615,-2.511552095413208,-3.759577512741089,-4.846602439880371,16.11809539794922,1.7724539041519165,1.7724539041519165,1.7724539041519165
4.026765823364258,0.5117955207824707,0.43381109833717346,0.9537922143936157,0.08738497644662857,-0.27471935749053955,0.08469700068235397,-2.8859102725982666,-3.5160603523254395,-3.93454647064209,3.4870128631591797,-0.14153297245502472,-0.3711223304271698,-0.548687219619751
4.002007484436035,0.4957129955291748,0.49938005208969116,-0.4790078103542328,0.876723051071167,0.0435461662709713,0.0034560449421405792,-2.965668201446533,-10,-4.570937633514404,3.9120230674743652,-1.1468819379806519,-1.188586711883545,-0.8966531753540039
4.04206657409668,0.5800834894180298,0.4548211693763733,0.6940901279449463,0.6984825730323792,-0.173445925116539,-0.016659406945109367,-2.681044340133667,-4.044854164123535,-5.038943767547607,16.11809539794922,1.7724539041519165,1.7724539041519165,1.7724539041519165
4.266191482543945,0.5851796865463257,0.4655480682849884,0.4055595099925995,0.9014127254486084,0.02910163626074791,0.1487606167793274,-3.03293514251709,-4.08444356918335,-4.720658302307129,1.5633766651153564,-0.33233681321144104,-0.6272057890892029,-0.7848311066627502
4.279531955718994,0.6330323815345764,0.38821327686309814,0.6241257786750793,0.7113139629364014,-0.23599585890769958,0.2209194302558899,-2.339897632598877,-3.1200010776519775,-4.72502326965332,1.8227330446243286,1.7724539041519165,1.7724539041519165,1.7724539041519165
3.64176607131958,0.5039243698120117,0.5056936740875244,0.9038050770759583,-0.41126933693885803,0.09746046364307404,-0.06704726815223694,-4.2821855545043945,-2.3897387981414795,-3.370318651199341,-1.9414358139038086,-1.1746851205825806,-1.4110122919082642,-1.7724539041519165
4.362248420715332,0.6168311834335327,0.39583656191825867,0.8877187371253967,-0.43338802456855774,-0.12096156924962997,-0.09746046364307404,-4.01113748550415,-3.5949838161468506,-5.108588695526123,5.537334442138672,0.3266875445842743,0.2710811495780945,0.0903603658080101
4.527141571044922,0.5878505110740662,0.3849029839038849,-0.45887067914009094,0.2987994849681854,0.5487836003303528,0.6316590309143066,-2.3794281482696533,-2.619896411895752,-3.9558868408203125,2.244534730911255,-0.13043485581874847,-0.1658908873796463,0.029070913791656494
4.453908443450928,0.5686485171318054,0.5210992693901062,0.927276611328125,-0.3283085823059082,-0.13829994201660156,-0.11508540064096451,-2.115180253982544,-4.3968505859375,-4.853452682495117,16.11809539794922,-0.003558384720236063,-0.20231807231903076,-0.20812207460403442
4.46416711807251,0.5384078025817871,0.49808353185653687,0.6685352325439453,0.689249575138092,-0.27064529061317444,-0.06889739632606506,-2.5143346786499023,-2.9218242168426514,-3.8107025623321533,16.11809539794922,-0.40420037508010864,-0.612490177154541,-0.674461841583252
4.555318832397461,0.5388228297233582,0.41856563091278076,-0.6117199659347534,0.7759882211685181,0.15137477219104767,0.026957150548696518,-2.2471768856048584,-8.054389953613281,-2.9660699367523193,5.537334442138672,-0.3405891954898834,-0.4657036066055298,-0.6603260040283203
4.757567405700684,0.5590293407440186,0.4437284767627716,0.63629150390625,-0.2070496678352356,-0.577529788017273,-0.4676782488822937,-2.292249917984009,-2.6923015117645264,-4.7620062828063965,0.5648888349533081,1.7724539041519165,1.7724539041519165,1.7724539041519165
4.545900821685791,0.6229897737503052,0.455184668302536,-0.5965133309364319,0.7218416333198547,0.1527571827173233,0.31588250398635864,-2.7849698066711426,-7.055758476257324,-5.108588695526123,5.537334442138672,-0.2293764054775238,-0.45180198550224304,-0.5908179879188538
4.548255443572998,0.6332539916038513,0.42551061511039734,0.7242019772529602,-0.6227793097496033,0.2315549999475479,0.18455280363559723,-4.221952438354492,-2.346694231033325,-10,5.537334442138672,1.7724539041519165,1.7724539041519165,1.7724539041519165
4.675399303436279,0.6353068351745605,0.4520278573036194,-0.5177155137062073,0.7828487157821655,0.09746046364307404,0.3310891091823578,-2.763458013534546,-7.434549808502197,-4.651787757873535,5.537334442138672,-0.6603260040283203,-0.8966531753540039,-0.9939643740653992
4.750743865966797,0.6353068351745605,0.4899096190929413,0.7444878816604614,-0.6518100500106812,0.0034560449421405792,-0.1444626748561859,-3.447530746459961,-3.638028144836426,-10,5.537334442138672,1.7724539041519165,1.7724539041519165,1.7724539041519165
4.530636310577393,0.5032919049263,0.5760535001754761,0.6387544274330139,0.7505433559417725,-0.14103880524635315,0.09373127669095993,-2.328573703765869,-4.373060703277588,-5.630229949951172,1.1081441640853882,0.10135890543460846,-0.08291904628276825,-0.051885731518268585
4.670690536499023,0.590144157409668,0.5593595504760742,-0.4790078103542328,0.8765682578086853,-0.02004506066441536,0.042163748294115067,-2.4493868350982666,-6.392873764038086,-5.2581610679626465,1.5676685571670532,-1.021767497062683,-1.1746851205825806,-0.9105547666549683
4.717780590057373,0.5716684460639954,0.5050623416900635,0.7233940362930298,-0.5204803347587585,-0.1914648860692978,-0.41126933693885803,-2.7849698066711426,-3.6896815299987793,-4.651787757873535,5.537334442138672,0.5491131544113159,0.7576371431350708,0.8549483418464661
4.8217902183532715,0.5364442467689514,0.6404343843460083,0.4727976322174072,0.7870435118675232,-0.2920510768890381,0.267826646566391,-2.9045815467834473,-3.627868175506592,-4.911778450012207,2.3296382427215576,1.7724539041519165,1.7724539041519165,1.7724539041519165
2.6293232440948486,0.03176863119006157,0.8011714816093445,0.8867559432983398,-0.4485946297645569,-0.03525165840983391,-0.10575497150421143,-1.726593255996704,-4.937971115112305,-7.00855827331543,0.26028311252593994,-0.6742275953292847,-0.6603260040283203,-0.5769163966178894
2.81929874420166,0.008013916201889515,0.6937891244888306,0.47793689370155334,0.8412510752677917,0.13676507771015167,0.2125282883644104,-1.9047678709030151,-2.269235610961914,-3.8778936862945557,4.89198637008667,0.3067488372325897,0.29920247197151184,0.4690402150154114
2.6785714626312256,0.17570120096206665,0.711726188659668,0.8412387371063232,-0.35954973101615906,0.04246092587709427,0.40154510736465454,-2.315171718597412,-3.863556385040283,-6.778524875640869,1.2540574073791504,-0.5217565298080444,-0.6110899448394775,-0.6176984310150146
2.801535129547119,0.12292172759771347,0.6911378502845764,0.5702313780784607,0.8115931749343872,-0.0510416142642498,0.11639323085546494,-2.179975986480713,-2.828855514526367,-3.2614848613739014,0.6236984729766846,0.6521915197372437,0.5556694269180298,0.6210695505142212
2.765885353088379,0.12825264036655426,0.7500311136245728,-0.49559682607650757,0.8469831943511963,0.05875276401638985,0.1831703782081604,-4.2821855545043945,-10,-2.573948383331299,5.537334442138672,-1.0634723901748657,-1.188586711883545,-1.1746851205825806
2.8622093200683594,0.1356142908334732,0.7267966866493225,0.7820082902908325,0.04414074495434761,-0.5109953284263611,-0.35411638021469116,-2.6117935180664062,-3.381612777709961,-4.040067195892334,16.11809539794922,-0.06907501071691513,-0.14860184490680695,-0.061309490352869034
2.96601939201355,0.19394387304782867,0.692577064037323,-0.4416825473308563,0.68317711353302,0.5591880679130554,0.15966928005218506,-5.878355026245117,-2.648005485534668,-3.7583975791931152,5.537334442138672,0.0069507728330791,-0.006950825918465853,0.13206516206264496
3.1329760551452637,0.012981115840375423,0.7222634553909302,0.5989018678665161,0.7828611135482788,0.14541465044021606,0.08543809503316879,-2.101383924484253,-2.271641254425049,-3.803363084793091,2.8152987957000732,-0.0015597253805026412,-0.0952235609292984,0.05283088609576225
3.082266330718994,0.11368115991353989,0.7750219106674194,0.1650790125131607,0.6919791102409363,0.6841550469398499,-0.1607658863067627,-2.3138084411621094,-3.3225672245025635,-6.5740742683410645,0.3813859224319458,-1.3188225030899048,-1.4439369440078735,-1.6419734954833984
3.3393478393554688,0.03681154549121857,0.8021993041038513,0.4832737147808075,0.8625711798667908,-0.1492069512605667,-0.012441902421414852,-1.9151391983032227,-3.3010311126708984,-3.913222551345825,0.29812073707580566,-0.3540419936180115,-0.4652547836303711,-0.37498071789741516
3.491076946258545,0.000975864240899682,0.7418233752250671,-0.4416825473308563,0.8330530524253845,0.02004506066441536,0.3324715197086334,-2.9140400886535645,-10,-2.1979970932006836,5.537334442138672,-0.13206522166728973,-0.2293764054775238,-0.13206522166728973
3.707933187484741,-0.022624604403972626,0.7961311340332031,0.9875198006629944,-0.1530108004808426,-0.02393641322851181,0.02862587384879589,-2.195497751235962,-3.830981492996216,-4.8760881423950195,0.8940327167510986,0.6676898002624512,0.5149374604225159,0.6122155785560608
3.50520396232605,0.0748785063624382,0.7702347040176392,-0.30758798122406006,0.9446130990982056,-0.02004506066441536,-0.11266706138849258,-3.877764940261841,-10,-2.8407528400421143,5.537334442138672,-0.688129186630249,-0.813243567943573,-0.688129186630249
3.642930269241333,0.1044609472155571,0.7981082201004028,0.21517597138881683,0.8474332690238953,0.4194859564304352,-0.2441059648990631,-3.1784515380859375,-3.548774003982544,-3.9544179439544678,0.7536373734474182,-0.7255897521972656,-0.9011896252632141,-0.89182448387146
3.279170274734497,0.08924846351146698,0.692577064037323,-0.34629568457603455,0.8504778146743774,0.2840868830680847,-0.2757923901081085,-2.552643299102783,-10,-2.3313992023468018,5.537334442138672,0.18767155706882477,-0.006950825918465853,0.3822939395904541
3.305069923400879,0.15288685262203217,0.695733904838562,0.9506168961524963,-0.3089704215526581,0.01175055280327797,-0.026957150548696518,-2.840900182723999,-3.474459171295166,-10,5.537334442138672,-0.6464243531227112,-0.6742275953292847,-0.6603260040283203
3.25797963142395,0.1877853125333786,0.6748989224433899,0.8811564445495605,-0.46518364548683167,0.08225386589765549,-0.02004506066441536,-7.72406005859375,-2.174516439437866,-3.4754233360290527,5.537334442138672,0.5074083209037781,0.4379003345966339,0.4379003345966339
3.2469542026519775,0.16470693051815033,0.8680968284606934,0.6685565114021301,-0.0718102976679802,-0.6873499751091003,-0.2746369540691376,-1.8610306978225708,-3.124857187271118,-4.174690246582031,-0.48876509070396423,0.4748750329017639,0.4765579402446747,0.07750442624092102
3.27885103225708,0.01905546709895134,0.8423158526420593,0.5447120070457458,0.34806397557258606,0.6554550528526306,0.39053672552108765,-2.0691401958465576,-3.5832412242889404,-4.58089017868042,3.323946237564087,0.303008109331131,0.24937500059604645,0.2789742946624756
3.6251766681671143,0.10852178931236267,0.7328147888183594,0.7144992351531982,-0.4817764461040497,-0.2315036803483963,-0.45142924785614014,-2.308349847793579,-2.590540647506714,-3.537928581237793,1.3702738285064697,0.32938840985298157,0.21523641049861908,0.3534580171108246
3.469886302947998,0.17341536283493042,0.7007848024368286,-0.5370693802833557,0.7551213502883911,-0.05045825615525246,0.37256163358688354,-2.7075276374816895,-8.054389953613281,-2.5537359714508057,5.537334442138672,-0.2849828004837036,-0.39619559049606323,-0.3405891954898834
3.480999231338501,0.21894216537475586,0.71391361951828,0.947905957698822,-0.2406243234872818,-0.10262472182512283,-0.18177573382854462,-2.182126760482788,-4.2101898193359375,-5.29418420791626,1.8964940309524536,-0.3405891954898834,-0.5440030097961426,-0.5931768417358398
3.3780601024627686,0.15699255466461182,0.7670779228210449,-0.34767812490463257,0.9319996237754822,-0.05045825615525246,0.08916595578193665,-2.2471768856048584,-4.877708911895752,-5.658367156982422,5.537334442138672,1.7724539041519165,1.7724539041519165,1.7724539041519165
3.4901022911071777,0.008337629027664661,0.8269291520118713,0.9356589317321777,-0.08542488515377045,0.06068732216954231,0.3369895815849304,-2.152297258377075,-3.421009063720703,-4.3112077713012695,-0.5567070245742798,0.8008964657783508,0.7564578056335449,0.9270472526550293
2.973083019256592,0.2616879642009735,0.6837379932403564,0.8159565925598145,-0.4485946297645569,-0.2536737024784088,-0.261968195438385,-3.253925085067749,-3.7241170406341553,-5.9453840255737305,5.537334442138672,1.7724539041519165,1.7724539041519165,1.7724539041519165
3.5946757793426514,0.28221645951271057,0.6818439364433289,0.5965133309364319,-0.4568891227245331,0.6595622301101685,-0.02004506066441536,-10,-2.8632278442382812,-3.592655658721924,5.537334442138672,0.21547475457191467,0.13206516206264496,0.21547475457191467
3.5914182662963867,0.302376389503479,0.709452211856842,0.9751676321029663,-0.2149544060230255,-0.03825237974524498,-0.03714170306921005,-2.6663599014282227,-3.6175944805145264,-4.691967487335205,0.37849533557891846,-0.5377077460289001,-0.7075640559196472,-0.688129186630249
2.9848554134368896,0.03176863119006157,1.0644497871398926,-0.32417699694633484,0.9270097017288208,-0.17625829577445984,-0.06704726815223694,-6.695800304412842,-2.4930453300476074,-2.913517475128174,0.22843924164772034,1.4249138832092285,1.480520248413086,0.9661611318588257
2.8859658241271973,0.20010241866111755,1.1042256355285645,0.9531787037849426,-0.19975939393043518,-0.16796378791332245,-0.1527571827173233,-10,-2.2864320278167725,-3.5320181846618652,0.023530498147010803,0.4379003345966339,0.47960513830184937,0.13206516206264496
3.004744529724121,-0.002002127468585968,1.175564169883728,0.45693957805633545,0.43570730090141296,0.6777158975601196,0.37691715359687805,-2.086658239364624,-3.089020013809204,-5.578732490539551,1.819783329963684,-0.18890053033828735,-0.2758277952671051,-0.5530405044555664
2.958695411682129,0.04727922007441521,1.1987837553024292,0.8928306698799133,-0.3207704722881317,0.23361589014530182,0.21303358674049377,-1.9757112264633179,-3.275604009628296,-3.9969303607940674,0.5674443244934082,-0.5375867486000061,-0.6234912872314453,-0.7943521738052368
2.8435845375061035,-0.042134009301662445,1.2898463010787964,-0.5743946433067322,0.7850889563560486,-0.23017258942127228,-0.026957150548696518,-2.9484589099884033,-3.8962950706481934,-3.592655658721924,1.8718022108078003,-1.7724539041519165,-1.7724539041519165,-1.7724539041519165
2.707925319671631,0.1498887985944748,1.302820086479187,0.8084886074066162,-0.253909170627594,-0.5249371528625488,-0.07948164641857147,-2.2383527755737305,-3.167752265930176,-3.411870002746582,-0.7337226867675781,-0.018622538074851036,-0.10822223126888275,-0.209284707903862
2.961310386657715,0.0913013145327568,1.2488077878952026,0.7967690825462341,-0.49144959449768066,-0.27164512872695923,0.22326049208641052,-3.7572994232177734,-2.880445718765259,-10,5.537334442138672,-0.45180198550224304,-0.2293764054775238,-0.7020307779312134
2.90016508102417,0.10322252660989761,1.2964142560958862,0.9391825795173645,0.15903940796852112,-0.2936357259750366,0.08012868463993073,-2.5558342933654785,-2.984590768814087,-3.3464362621307373,0.0447811596095562,0.6648685336112976,0.6872408390045166,0.5543046593666077
3.0319459438323975,0.09745986759662628,1.155366063117981,-0.613102376461029,0.6608734726905823,0.0739593580365181,0.4264759421348572,-6.695800304412842,-3.1473212242126465,-2.9822397232055664,5.537334442138672,-0.04865562170743942,-0.11816361546516418,-0.3405891954898834
3.250916004180908,0.20831382274627686,1.1080138683319092,-0.5992781519889832,0.7793034315109253,-0.13755059242248535,-0.12096156924962997,-2.982877492904663,-10,-3.14393949508667,0.26028311252593994,0.6186211109161377,0.8549483418464661,0.2710811495780945
3.27681565284729,0.037927184253931046,1.1900910139083862,0.8784325122833252,-0.4098869264125824,-0.24537917971611023,0.01175055280327797,-10,-2.312258720397949,-2.6507558822631836,-0.5045560002326965,0.4935067296028137,0.6464243531227112,-0.006950825918465853
3.0738468170166016,0.15393424034118652,1.2840479612350464,0.605336606502533,0.2814766466617584,-0.7426697015762329,-0.052728135138750076,-1.91618013381958,-2.6050937175750732,-2.744656562805176,-1.0771652460098267,1.5467649698257446,1.7724539041519165,1.1029068231582642
3.2320799827575684,0.24115943908691406,1.0537166595458984,0.8578410148620605,-0.4278583526611328,0.05875276401638985,-0.2785572111606598,-3.1635758876800537,-2.8029656410217285,-10,-0.5890069007873535,0.4379003345966339,0.6464243531227112,0.07645876705646515
3.922112464904785,0.025199826806783676,0.6937971711158752,-0.06912214308977127,0.7674794793128967,0.6371009945869446,-0.017311202362179756,-2.052755832672119,-2.565520763397217,-3.025163412094116,16.11809539794922,0.38416993618011475,0.27670910954475403,0.3883908689022064
3.8996026515960693,0.07613761723041534,0.7288088798522949,0.7413013577461243,-0.21059678494930267,-0.46011966466903687,-0.440920889377594,-2.7455334663391113,-3.280721426010132,-4.156313419342041,16.11809539794922,-0.2161492556333542,-0.3701418340206146,-0.30043357610702515
3.925929307937622,0.003974538762122393,0.7917539477348328,0.6277750730514526,0.7542024850845337,-0.10553569346666336,0.16105696558952332,-2.5151619911193848,-3.860823631286621,-4.15691614151001,1.0181429386138916,-0.6347061395645142,-0.8763465881347656,-0.9458183646202087
4.178596019744873,0.03587433323264122,0.7437174916267395,0.7495124936103821,-0.5287748575210571,-0.36426714062690735,0.1610516905784607,-4.114393711090088,-1.9506851434707642,-10,5.537334442138672,-0.1459668129682541,-0.2849828004837036,-0.2293764054775238
3.998778820037842,-0.012676915153861046,0.8217859268188477,0.20605024695396423,0.8779613375663757,0.40764158964157104,-0.14337198436260223,-3.228524923324585,-3.614824056625366,-4.641415596008301,16.11809539794922,-0.5148448348045349,-0.711409866809845,-0.7214261889457703
4.21237325668335,0.09614753723144531,0.7823901772499084,0.9550488591194153,-0.1773395985364914,0.06254060566425323,0.22917455434799194,-2.9245657920837402,-3.325321912765503,-5.236958026885986,16.11809539794922,-0.3409489691257477,-0.5194480419158936,-0.5033246874809265
3.797952651977539,0.13360925018787384,0.7064518332481384,0.42163771390914917,0.8536213636398315,0.30010125041007996,0.059088122099637985,-2.42141056060791,-3.144660711288452,-5.35590124130249,1.3975505828857422,-0.055092763155698776,-0.21386033296585083,-0.10264755040407181
3.8903653621673584,0.17656905949115753,0.7335825562477112,0.9306071996688843,-0.2748766839504242,0.04339344799518585,-0.2377604991197586,-2.887824535369873,-3.2860870361328125,-4.533669471740723,0.2129453718662262,1.7724539041519165,1.7724539041519165,1.7724539041519165
3.7571372985839844,0.17546820640563965,0.7544506788253784,-0.5799243450164795,0.8142169117927551,-0.0034560449421405792,-0.026957150548696518,-2.8839235305786133,-10,-4.75285005569458,5.537334442138672,-0.45180198550224304,-0.6603260040283203,-0.6603260040283203
4.044144630432129,0.12718874216079712,0.7506904006004333,0.9448646903038025,-0.26107335090637207,-0.09685169905424118,0.17231135070323944,-2.7403171062469482,-3.4851136207580566,-4.513886451721191,1.7695847749710083,-0.5541563630104065,-0.6938928365707397,-0.6199555993080139
4.15269660949707,0.16725680232048035,0.702678918838501,0.7136380076408386,-0.6435155272483826,0.26888027787208557,0.0656648501753807,-3.2754368782043457,-8.054389953613281,-3.273298978805542,4.139158725738525,-0.2849828004837036,-0.39619559049606323,-0.2849828004837036
4.26002836227417,0.16767431795597076,0.7074894905090332,0.8840547800064087,0.03131741285324097,0.3650014400482178,0.29024186730384827,-2.7188668251037598,-2.955920457839966,-3.5243215560913086,0.4487416744232178,0.5379961729049683,0.42678332328796387,0.45182332396507263
4.039679527282715,0.12209407985210419,0.7923324108123779,-0.5965133309364319,0.745485782623291,0.24537917971611023,-0.16796378791332245,-3.2109017372131348,-10,-3.5320181846618652,-0.4878840446472168,-0.5491132140159607,-0.7020307779312134,-0.6742275953292847
4.009070873260498,0.1959967166185379,0.759501576423645,-0.5992781519889832,0.76350998878479,0.20805390179157257,-0.12096156924962997,-2.982877492904663,-4.0082106590271,-10,0.26028311252593994,0.8827515244483948,0.8549483418464661,0.9661611318588257
3.644120454788208,-0.03597545623779297,0.8548373579978943,-0.613102376461029,0.7459086179733276,-0.17625829577445984,0.1914648860692978,-3.034505605697632,-4.748575210571289,-4.279878616333008,5.537334442138672,-0.6047195792198181,-0.8827515840530396,-0.9105547666549683
4.209240913391113,-0.011707964353263378,0.9092280864715576,0.3970644474029541,0.8862144351005554,0.23485565185546875,0.04250415042042732,-2.5992746353149414,-4.364868640899658,-5.050926685333252,16.11809539794922,-0.5397541522979736,-0.7931026220321655,-0.8267209529876709
4.332586765289307,0.047296371310949326,0.7463042736053467,0.7006269097328186,-0.2749413549900055,-0.4939013719558716,-0.43542006611824036,-2.329716444015503,-2.8104159832000732,-4.84780740737915,2.5578994750976562,0.7906411290168762,0.6905339956283569,0.7045137882232666
4.315305709838867,0.24627633392810822,0.6996853947639465,0.9117146134376526,0.30141377449035645,0.1823306679725647,0.21138043701648712,-2.5529048442840576,-3.572683334350586,-3.9231643676757812,0.6460272669792175,-0.38279786705970764,-0.5942761898040771,-0.5545180439949036
4.374935626983643,0.07097680866718292,0.8773781657218933,0.8445777297019958,-0.1402440071105957,-0.31202152371406555,-0.4119012653827667,-2.5223195552825928,-3.7134602069854736,-4.403780460357666,-0.3392222821712494,1.7724539041519165,1.7724539041519165,1.7724539041519165
4.39992094039917,0.14878115057945251,0.7759169936180115,0.6885048747062683,-0.3352363407611847,-0.03525165840983391,0.6421331167221069,-2.6903181076049805,-5.712771415710449,-2.9296875,1.0933903455734253,0.18767155706882477,0.02085237205028534,0.10426196455955505
4.454074859619141,0.11388267576694489,0.8112733364105225,0.6672336459159851,-0.43338802456855774,-0.28546929359436035,0.5343045592308044,-3.253925085067749,-3.5347213745117188,-10,5.537334442138672,0.6186211109161377,0.4379003345966339,0.5213099122047424
4.517646789550781,0.11388267576694489,0.8257946372032166,0.6950081586837769,-0.6241617202758789,0.3103528320789337,-0.17625829577445984,-10,-4.137343883514404,-2.5537359714508057,5.537334442138672,0.7715387344360352,0.6742275357246399,0.7576371431350708
4.392672061920166,0.10972490161657333,0.8552182912826538,0.9094969630241394,-0.2882240116596222,0.039890531450510025,0.29690223932266235,-3.0222413539886475,-3.467806100845337,-5.8265204429626465,0.6197139620780945,-0.42107394337654114,-0.7100827097892761,-0.8212954998016357
4.382564544677734,0.17299988865852356,0.7768023014068604,0.42887842655181885,0.8260806798934937,-0.12585346400737762,0.34324178099632263,-3.1807310581207275,-3.8302886486053467,-5.370438575744629,0.9079681038856506,-1.34183669090271,-1.5425491333007812,-1.3729164600372314
4.4685587882995605,0.20010241866111755,0.7917033433914185,0.6649771928787231,0.700485348701477,-0.18901467323303223,0.17719773948192596,-3.0496573448181152,-4.095742225646973,-4.889142990112305,16.11809539794922,1.7724539041519165,1.7724539041519165,1.7724539041519165
4.527064800262451,0.2206309288740158,0.7664465308189392,0.8269560933113098,-0.4499770402908325,-0.11404947936534882,0.3172649145126343,-3.937997817993164,-3.233410120010376,-10,5.537334442138672,-1.07737398147583,-1.2024883031845093,-0.9105547666549683
4.611944675445557,0.11388267576694489,0.7803689241409302,0.7087939381599426,-0.5230701565742493,-0.44330307841300964,-0.16580459475517273,-2.76363205909729,-2.7944605350494385,-4.723113059997559,16.11809539794922,-0.5446504354476929,-0.6603260040283203,-0.5540892481803894
4.6800947189331055,0.1549396961927414,0.7974469661712646,0.5944085121154785,0.7262300252914429,0.2857500910758972,-0.19394682347774506,-3.041511058807373,-3.1495659351348877,-3.6867527961730957,2.2500410079956055,-0.9470917582511902,-1.0461255311965942,-0.780232310295105
4.758977890014648,0.20868635177612305,0.7953111529350281,0.8890233039855957,0.36880600452423096,0.11884468793869019,0.24391736090183258,-2.753509521484375,-3.570087432861328,-4.158342361450195,16.11809539794922,-0.9659690260887146,-1.055164098739624,-0.8528918027877808
4.746399402618408,0.16095098853111267,0.8774095177650452,0.22600434720516205,0.8435046076774597,0.45280399918556213,-0.17997382581233978,-2.6228909492492676,-3.857994556427002,-4.647109508514404,0.5278804302215576,1.34666109085083,1.313555121421814,1.322153925895691
4.369312286376953,-0.02160549722611904,0.9192363619804382,-0.5204803347587585,0.7935966849327087,-0.11404947936534882,-0.29376381635665894,-3.4733448028564453,-5.153193473815918,-3.9200971126556396,5.537334442138672,0.98006272315979,0.8827515244483948,0.98006272315979
4.242167949676514,0.025610078126192093,0.8415787220001221,0.7989727258682251,-0.29514622688293457,0.23293742537498474,0.46933090686798096,-3.8046252727508545,-2.8460099697113037,-10,0.7827593684196472,1.7724539041519165,1.7724539041519165,1.7724539041519165
4.2774858474731445,0.03998003527522087,0.8788291215896606,-0.5743946433067322,0.7924278974533081,0.0739593580365181,0.1914648860692978,-3.034505605697632,-5.153193473815918,-4.279878616333008,5.537334442138672,-0.5908179879188538,-0.8688499927520752,-0.8827515840530396
4.590826034545898,0.002707554493099451,0.9274667501449585,0.3189147114753723,0.8689640760421753,-0.3069569170475006,0.2212967574596405,-2.2684695720672607,-2.662203073501587,-4.117091178894043,-0.854606032371521,0.04542262852191925,-0.08630456775426865,0.08051461726427078
4.6092963218688965,0.08592689037322998,0.8865071535110474,0.9003702998161316,0.3572678565979004,0.09976212680339813,0.2274654656648636,-2.3690013885498047,-4.353057861328125,-4.569291591644287,2.1195883750915527,-0.835058867931366,-0.9744394421577454,-0.8275098204612732
4.251585960388184,-0.03186975419521332,0.9956312775611877,0.8649405241012573,-0.4347704350948334,-0.11404947936534882,0.22326049208641052,-3.0861337184906006,-4.455873012542725,-10,0.5719616413116455,1.7724539041519165,1.7724539041519165,1.7724539041519165
4.448037624359131,0.004480862524360418,0.9526246786117554,0.8462085723876953,0.5173962116241455,0.07165968418121338,0.1053430512547493,-2.7740535736083984,-3.700310230255127,-4.238437652587891,-0.06667488068342209,1.7724539041519165,1.7724539041519165,1.7724539041519165
4.809607028961182,-0.0031298380345106125,0.8459982872009277,0.8112470507621765,-0.5135682821273804,-0.09746046364307404,-0.261968195438385,-2.5139219760894775,-2.0884275436401367,-10,5.537334442138672,0.3266875445842743,0.21547475457191467,0.2710811495780945
4.608378887176514,0.11526457965373993,0.8900043964385986,-0.11629441380500793,0.8952698111534119,0.4299415647983551,0.01085632387548685,-2.6548569202423096,-3.6096575260162354,-4.2668914794921875,0.017949143424630165,-0.5913807153701782,-0.7612428665161133,-0.619559109210968
4.797902584075928,0.06152423471212387,0.9226181507110596,0.8900350332260132,-0.026692474260926247,0.31145739555358887,0.33184242248535156,-2.4414119720458984,-3.1528565883636475,-4.8005690574646,0.35875967144966125,0.060974523425102234,0.02329905331134796,0.1734534353017807
4.6306633949279785,-0.019552646204829216,0.9741649031639099,0.7021427750587463,-0.662869393825531,0.25505611300468445,-0.05045825615525246,-6.201030731201172,-3.9393393993377686,-2.9660699367523193,5.537334442138672,-0.45180198550224304,-0.7020307779312134,-0.5908179879188538
4.800189018249512,0.04613858833909035,0.9798471927642822,-0.4416825473308563,0.8160268664360046,0.03525165840983391,-0.3711792230606079,-6.201030731201172,-4.6538777351379395,-2.351611614227295,5.537334442138672,0.2710811495780945,0.1181635633111,0.24327795207500458
4.793125152587891,0.16520395874977112,0.8958759307861328,-0.5951309204101562,0.7960420250892639,0.03525165840983391,0.1043725535273552,-2.535433769226074,-10,-4.75285005569458,5.537334442138672,-0.7020307779312134,-0.9244563579559326,-0.7854403853416443
4.0571136474609375,0.245799720287323,0.6932766437530518,0.9813194870948792,-0.1658419370651245,-0.05209082365036011,0.08243225514888763,-2.9441139698028564,-3.450460910797119,-4.966756820678711,0.27432379126548767,-0.8497880697250366,-0.9955045580863953,-0.9470992684364319
4.510583400726318,0.2842693328857422,0.6944711804389954,-0.5688650012016296,0.6849929690361023,-0.05875276401638985,0.45135945081710815,-3.6411361694335938,-7.434549808502197,-3.6613779067993164,5.537334442138672,0.07645876705646515,-0.2293764054775238,-0.3405891954898834
4.676868915557861,0.29402410984039307,0.7383406162261963,0.23171000182628632,0.42146384716033936,0.8476850986480713,-0.2238496094942093,-2.9321019649505615,-3.379283905029297,-3.7392592430114746,16.11809539794922,0.17672039568424225,-0.043429892510175705,-0.043429892510175705
4.74838924407959,0.32943204045295715,0.7557134032249451,0.5716298222541809,-0.5315396785736084,0.6184706091880798,0.09054837375879288,-10,-4.059864044189453,-3.1075570583343506,0.26028311252593994,-0.006950825918465853,-0.13206522166728973,0.07645876705646515
4.840215682983398,0.347907692193985,0.7853874564170837,-0.6531924605369568,0.6930199861526489,0.29376381635665894,0.08225386589765549,-3.5335774421691895,-10,-4.417323112487793,4.840242385864258,0.5630147457122803,0.3266875445842743,0.18767155706882477
4.774289131164551,0.009187269024550915,1.0082584619522095,-0.26888027787208557,0.8848746418952942,-0.08916595578193665,-0.3697968125343323,-10,-3.9393393993377686,-3.3015964031219482,5.537334442138672,0.13206516206264496,-0.020852426066994667,0.1181635633111
2.8694841861724854,0.5121358036994934,0.7538192868232727,0.6694468855857849,-0.6061902642250061,-0.09746046364307404,-0.4181814193725586,-2.4321775436401367,-10,-2.7639453411102295,-0.4547361433506012,0.10426196455955505,0.1181635633111,0.10426196455955505
2.546220064163208,0.9709096550941467,0.8161684274673462,0.709470808506012,0.16923268139362335,0.4275296628475189,0.5340691804885864,-1.9157277345657349,-2.931729555130005,-4.317343711853027,-0.7900298833847046,-0.7767959237098694,-0.7927496433258057,-0.8091392517089844
3.0788044929504395,0.9155418276786804,0.9753965735435486,-0.16394037008285522,0.8662118315696716,0.4708005487918854,-0.03387364000082016,-1.8355951309204102,-3.465425968170166,-5.461001396179199,-0.3646787703037262,-0.600226104259491,-0.632785975933075,-0.628134548664093
3.1849894523620605,0.5819327235221863,0.8245319128036499,-0.6642518043518066,0.7034969329833984,0.12096156924962997,0.2218780815601349,-3.3442745208740234,-10,-3.253086566925049,2.463853359222412,-0.27108120918273926,-0.29888439178466797,-0.45180198550224304
3.137899160385132,0.6804695725440979,0.699522078037262,0.6845855116844177,-0.6462804079055786,-0.11404947936534882,-0.3172649145126343,-10,-3.638028144836426,-4.166688919067383,5.537334442138672,1.021767497062683,1.1468819379806519,1.1051770448684692
3.2344343662261963,0.6270954608917236,0.8049596548080444,-0.19008246064186096,0.9742817878723145,0.12096156924962997,0.0034560449421405792,-7.083011150360107,-3.0354056358337402,-3.4754233360290527,5.537334442138672,0.5769163370132446,0.7576371431350708,0.5630147457122803
3.079036235809326,0.7461608052253723,0.8333709836006165,-0.5522759556770325,0.7250564694404602,-0.3877682387828827,0.13755059242248535,-3.124854803085327,-3.474459171295166,-10,4.139158725738525,0.2710811495780945,0.21547475457191467,0.18767155706882477
3.1802804470062256,0.6948395371437073,0.8270573616027832,-0.1831703782081604,0.7977015972137451,0.5730122327804565,0.042163748294115067,-3.370088577270508,-10,-3.8796722888946533,5.537334442138672,0.2710811495780945,0.15986835956573486,0.13206516206264496
3.0649092197418213,0.7502664923667908,0.8718841671943665,-0.5826891660690308,0.7771177887916565,-0.17625829577445984,-0.15966928005218506,-2.5139219760894775,-10,-4.975186824798584,2.092745542526245,-0.688129186630249,-0.7715387940406799,-0.8966531753540039
2.829296827316284,0.8492523431777954,0.782606840133667,0.7114570140838623,0.27477991580963135,0.4350031316280365,0.47864100337028503,-2.4817416667938232,-3.432816505432129,-3.8171119689941406,0.30956944823265076,-0.6612733602523804,-0.6143913269042969,-0.6982635259628296
2.7641942501068115,1.0755573511123657,0.6792595386505127,0.7405596971511841,0.6432378888130188,-0.1874367594718933,0.051805634051561356,-1.5835447311401367,-3.1904327869415283,-4.035694599151611,16.11809539794922,-1.7472498416900635,-1.7500503063201904,-1.7192453145980835
3.0248823165893555,0.898071825504303,0.8466296195983887,0.8972049355506897,0.05045825615525246,0.05875276401638985,0.4347704350948334,-2.7075276374816895,-7.434549808502197,-3.5320181846618652,-0.40546509623527527,-1.2163898944854736,-1.2163898944854736,-1.2163898944854736
2.8662269115448,0.8888697624206543,0.9688431620597839,0.6847904324531555,-0.0903099775314331,-0.5014520883560181,-0.5210105180740356,-2.6281239986419678,-3.494955062866211,-4.374262809753418,1.2997307777404785,-0.5960357785224915,-0.6591706275939941,-0.5287266969680786
3.0625545978546143,0.8467504978179932,0.7430860996246338,-0.5481287240982056,0.6807531118392944,0.0034560449421405792,0.48591992259025574,-4.036951541900635,-3.164539098739624,-7.00855827331543,2.463853359222412,0.21547475457191467,0.21547475457191467,0.21547475457191467
3.2369937896728516,0.9933418035507202,0.8485565185546875,0.972274661064148,0.04326768219470978,-0.1920224130153656,-0.12624302506446838,-2.896465301513672,-3.5113236904144287,-4.024640083312988,16.11809539794922,-1.367254376411438,-1.239721655845642,-1.5618767738342285
3.3945417404174805,0.898071825504303,0.720988392829895,0.733554482460022,-0.5757770538330078,-0.3103528320789337,0.18455280363559723,-10,-3.4486324787139893,-2.472886323928833,-0.1808837354183197,1.7724539041519165,1.7724539041519165,1.7724539041519165
3.059523582458496,1.0020074844360352,0.881117582321167,0.7699449062347412,0.16671046614646912,0.4661755859851837,0.40258267521858215,-2.566568374633789,-3.1928203105926514,-3.8657126426696777,1.5078999996185303,-1.0860092639923096,-1.0643630027770996,-1.116097092628479
3.313896656036377,1.0169789791107178,0.9059733748435974,0.473294734954834,0.46162915229797363,0.37127357721328735,0.6519559621810913,-2.737518787384033,-3.8500893115997314,-3.9134814739227295,0.00966607965528965,-0.04328012838959694,0.13008223474025726,-0.1761053502559662
3.316842555999756,0.9863443970680237,0.9722708463668823,-0.4347704350948334,0.8126944899559021,-0.22326049208641052,-0.3172649145126343,-3.5335774421691895,-10,-4.417323112487793,4.139158725738525,-0.6603260040283203,-0.5769163966178894,-0.7854403853416443
2.6669955253601074,0.5531927943229675,1.3207831382751465,0.7516842484474182,-0.3974451720714569,0.3352363407611847,0.4057396650314331,-3.6927642822265625,-5.557811260223389,-3.8028650283813477,3.567518711090088,-0.8688499927520752,-0.813243567943573,-0.9800627827644348
2.7872397899627686,0.5767574310302734,1.287668228149414,0.30307745933532715,0.560660183429718,0.6351423263549805,0.43634673953056335,-2.5777952671051025,-3.9573018550872803,-4.189360618591309,0.327413409948349,-0.5270460247993469,-0.48390159010887146,-0.632500171661377
2.4362528324127197,0.6496767997741699,1.326465368270874,-0.6822232604026794,0.7207897901535034,0.02004506066441536,-0.12096156924962997,-10,-4.791619777679443,-2.6345858573913574,5.537334442138672,-1.021767497062683,-0.9939643740653992,-1.1329803466796875
2.5418927669525146,0.7932798266410828,1.2265297174453735,0.04666632413864136,0.6429407000541687,0.7378578186035156,-0.20003847777843475,-2.6753575801849365,-3.1098403930664062,-4.3151535987854,1.5454866886138916,-0.9303327202796936,-0.8450732827186584,-0.9389838576316833
2.7025094032287598,0.6830284595489502,1.357316255569458,0.025505341589450836,0.6449438333511353,0.7285340428352356,-0.22942334413528442,-2.0301284790039062,-3.3371078968048096,-5.464493274688721,-0.2962721288204193,-0.9931495785713196,-0.9234378337860107,-1.0859626531600952
2.542206048965454,0.8693318963050842,1.0562421083450317,-0.2702627182006836,0.8793870806694031,-0.23017258942127228,-0.3172649145126343,-2.982877492904663,-10,-1.9756602048873901,-0.9916401505470276,-1.7724539041519165,-1.7724539041519165,-1.7724539041519165
2.923638105392456,0.8036406636238098,1.0556107759475708,0.7204715609550476,-0.610337495803833,-0.09746046364307404,-0.314500093460083,-3.8992767333984375,-7.055758476257324,-2.3313992023468018,0.26028311252593994,-0.39619559049606323,-0.4657036066055298,-0.41009721159935
2.4595024585723877,1.055637001991272,1.167636752128601,0.9087152481079102,-0.278835654258728,0.14059171080589294,-0.2769860327243805,-2.440096139907837,-2.950848340988159,-3.4975361824035645,2.387023687362671,-1.2163898944854736,-1.1532745361328125,-1.1522091627120972
2.589296579360962,0.8590676188468933,1.2008241415023804,-0.6144847869873047,0.7312530279159546,-0.2315549999475479,-0.18455280363559723,-2.044966697692871,-5.30815315246582,-4.279878616333008,0.5719616413116455,-1.7029459476470947,-1.675142765045166,-1.7307491302490234
2.7194507122039795,0.8979030251502991,1.2700353860855103,0.751928985118866,-0.3163311779499054,-0.4553593099117279,-0.3566305339336395,-2.482133150100708,-3.103938341140747,-4.008594036102295,2.0369374752044678,-1.1372207403182983,-1.0063172578811646,-1.1518967151641846
2.623744487762451,0.8697603344917297,1.3469303846359253,0.9493412971496582,-0.2532382607460022,0.16695158183574677,0.08215000480413437,-2.1828629970550537,-2.7870171070098877,-5.519076347351074,-0.891398549079895,-1.5968334674835205,-1.5090233087539673,-1.7041571140289307
2.7023134231567383,0.9001246690750122,1.3182576894760132,-0.1914648860692978,0.9560194611549377,-0.01175055280327797,-0.2218780815601349,-10,-3.6638548374176025,-3.3460638523101807,5.537334442138672,-0.41009721159935,-0.2015732079744339,-0.39619559049606323
2.549295663833618,1.0474146604537964,1.1147648096084595,0.5619940161705017,-0.5905646681785583,-0.16662351787090302,-0.5546464920043945,-2.1796717643737793,-3.005953073501587,-4.525074005126953,1.030185580253601,-1.4616389274597168,-1.3937908411026,-1.3286406993865967
3.114353895187378,0.9986615180969238,1.16231107711792,0.808419942855835,-0.43338802456855774,-0.3794737160205841,0.12096156924962997,-7.72406005859375,-4.283695220947266,-2.7841579914093018,2.7725887298583984,0.3266875445842743,0.3266875445842743,0.36839234828948975
3.0806758403778076,1.0560247898101807,1.1971298456192017,-0.08194642513990402,0.8152643442153931,0.5568464994430542,-0.13620147109031677,-2.648064613342285,-3.7828171253204346,-4.511712074279785,0.9213955402374268,-1.2782329320907593,-1.1536444425582886,-1.3085911273956299
3.104987621307373,1.0304532051086426,1.1714786291122437,0.5070979595184326,0.7179968357086182,0.47125738859176636,-0.072447769343853,-2.617506265640259,-3.64825701713562,-3.8505306243896484,1.9153767824172974,-0.6743844151496887,-0.6152634024620056,-0.7910259366035461
3.088454246520996,1.0191900730133057,1.3144694566726685,0.8310226202011108,-0.5025089383125305,-0.1527571827173233,-0.1831703782081604,-10,-4.034037113189697,-3.8028650283813477,0.95225590467453,0.21547475457191467,0.3266875445842743,-0.006950825918465853
2.407998561859131,1.4708172082901,0.14960503578186035,-0.5799243450164795,0.7354928255081177,-0.13616816699504852,0.3227945864200592,-2.49241042137146,-6.108780384063721,-2.9660699367523193,5.537334442138672,-0.45180198550224304,-0.2849828004837036,-0.2293764054775238
1.8208242654800415,1.1260900497436523,0.6256292462348938,0.13443905115127563,0.5055839419364929,0.807170569896698,-0.2734714448451996,-2.293104410171509,-2.631422758102417,-4.022378921508789,0.6525014042854309,-1.3838207721710205,-1.4133672714233398,-1.3496553897857666
0.7386453151702881,1.9901885986328125,0.04101063311100006,0.8383971452713013,-0.42509353160858154,-0.08225386589765549,-0.3310891091823578,-1.1931025981903076,-1.1931025981903076,-5.9453840255737305,5.537334442138672,-0.3405891954898834,-0.2015732079744339,-0.10426201671361923
0.16885198652744293,1.9614486694335938,0.49180370569229126,-0.6186320185661316,0.7347726821899414,0.09746046364307404,0.2605857849121094,-1.9072916507720947,-2.131471872329712,-10,5.537334442138672,-0.8688499927520752,-0.3405891954898834,-0.45180198550224304
2.045402765274048,1.6740494966506958,0.041641995310783386,0.8032404184341431,-0.5204803347587585,0.18455280363559723,0.22326049208641052,-2.49241042137146,-7.434549808502197,-1.9514052867889404,5.537334442138672,-0.8827515840530396,-0.7576372027397156,-0.7715387940406799
2.1537106037139893,1.6843137741088867,0.31186529994010925,-0.5591880679130554,0.7862686514854431,0.24676160514354706,-0.09054837375879288,-2.7075276374816895,-8.054389953613281,-3.050962209701538,0.4712783396244049,-0.9244563579559326,-0.9939643740653992,-0.8549483418464661
1.8688139915466309,2.0066113471984863,0.09341374784708023,0.6601125597953796,-0.5661001205444336,-0.3794737160205841,-0.31588250398635864,-1.7610119581222534,-4.731357574462891,-1.7250258922576904,3.725693464279175,-1.7724539041519165,-1.7724539041519165,-1.7724539041519165
2.0735104084014893,1.9235483407974243,0.310497522354126,0.9207783937454224,-0.2441442608833313,-0.3021872341632843,0.035264428704977036,-2.3685667514801025,-2.5221173763275146,-3.7619712352752686,16.11809539794922,-0.32451650500297546,-0.15520596504211426,0.0007652961066924036
1.9771218299865723,1.6802080869674683,0.38762882351875305,0.7353758811950684,-0.6725463271141052,-0.05875276401638985,-0.05875276401638985,-3.4733448028564453,-10,-1.9311927556991577,2.0149030685424805,-0.9800627827644348,-0.7576372027397156,-0.6047195792198181
2.0150339603424072,1.7126538753509521,0.5734126567840576,0.8845772743225098,-0.0932190865278244,-0.4299263656139374,0.1549084484577179,-1.9560961723327637,-2.4800429344177246,-4.078368663787842,1.0802580118179321,-1.5564244985580444,-1.4381287097930908,-1.494263768196106
1.98203444480896,1.6493327617645264,0.7052885890007019,0.6466121077537537,-0.3552305996417999,-0.2011221945285797,-0.6444019675254822,-1.7775641679763794,-2.823413133621216,-4.447617530822754,1.2011468410491943,-1.3604825735092163,-1.231833577156067,-1.2770730257034302
1.626186728477478,2.303215503692627,0.3401377201080322,0.9089916348457336,0.3074392080307007,0.1731863170862198,0.22185996174812317,-1.3200135231018066,-2.7772717475891113,-4.376171588897705,-0.5727882385253906,-1.1810623407363892,-1.1970897912979126,-1.0840774774551392
1.7962664365768433,1.8936024904251099,0.5648651123046875,-0.5716298222541809,0.7353758811950684,-0.1831703782081604,0.314500093460083,-2.4106104373931885,-8.055173873901367,-2.631621837615967,5.537334442138672,-0.9244563579559326,-0.7715387940406799,-0.7854403853416443
2.1710011959075928,2.095985174179077,0.4495462477207184,-0.5937485098838806,0.7580539584159851,0.22879016399383545,0.14308026432991028,-10,-2.7669007778167725,-2.763916015625,5.537334442138672,-1.188586711883545,-1.021767497062683,-0.9939643740653992
2.234389305114746,1.9652148485183716,0.5321913957595825,-0.3615022897720337,0.8746060729026794,-0.0739593580365181,0.314500093460083,-7.725251197814941,-2.948969602584839,-2.6516664028167725,-0.2443457543849945,-1.7724539041519165,-1.7724539041519165,-1.7724539041519165
2.14117169380188,2.069000720977783,0.629571795463562,-0.5204803347587585,0.7714706659317017,0.2702627182006836,-0.24676160514354706,-3.0888991355895996,-10,-3.589751720428467,4.139158725738525,-0.6742275953292847,-0.5491132140159607,-0.5491132140159607
0.44021546840667725,1.1459859609603882,0.816524088382721,0.4441740810871124,0.7589802742004395,0.0733913704752922,0.47039559483528137,-1.9196070432662964,-2.197990655899048,-2.9013235569000244,16.11809539794922,-1.5095540285110474,-1.4602832794189453,-1.5454726219177246
0.0810624212026596,1.1432299613952637,0.9255568385124207,-0.5329221487045288,0.8446514010429382,-0.0034560449421405792,-0.05045825615525246,-2.4891927242279053,-1.947590947151184,-7.009352684020996,5.537334442138672,-0.7854403853416443,-0.6603260040283203,-0.6603260040283203
1.0862250328063965,1.0787299871444702,0.7856170535087585,-0.32912319898605347,0.7694720029830933,0.5232951641082764,0.16047711670398712,-1.6502721309661865,-1.893150806427002,-2.8114538192749023,0.6930416226387024,-1.705751657485962,-1.692411184310913,-1.6657302379608154
1.0113742351531982,1.5054429769515991,0.9691217541694641,0.7962892651557922,-0.585453987121582,-0.0435461662709713,0.14584510028362274,-2.5512311458587646,-10,-2.763916015625,5.537334442138672,-0.7437355518341064,-0.4657036066055298,-0.563014805316925
0.6548481583595276,1.1988797187805176,1.037023901939392,0.4118697941303253,0.8169217109680176,0.3440892696380615,0.21119844913482666,-1.48921537399292,-2.514658212661743,-3.7721660137176514,0.44776806235313416,-0.9333439469337463,-0.844863772392273,-0.9206958413124084
0.35871076583862305,1.3398716449737549,1.0200777053833008,0.556810200214386,0.7733493447303772,0.2204262912273407,-0.20809948444366455,-1.9857484102249146,-2.0704469680786133,-2.8538949489593506,3.609178066253662,-1.0886141061782837,-0.9890216588973999,-0.8740067481994629
0.16868697106838226,1.071617603302002,1.2074474096298218,-0.23017258942127228,0.8628677725791931,-0.03525165840983391,-0.4485946297645569,-10,-2.7834525108337402,-2.451220989227295,0.7465723752975464,-1.07737398147583,-1.035669207572937,-1.035669207572937
0.42324668169021606,1.083686113357544,1.2016547918319702,0.9144916534423828,-0.19481147825717926,-0.26825571060180664,-0.23193193972110748,-2.068338632583618,-2.68803071975708,-3.640925168991089,1.9555772542953491,-0.7104997038841248,-0.5823490619659424,-0.6492473483085632
0.3592712879180908,1.038289189338684,1.3424832820892334,0.6867296099662781,-0.5484284162521362,-0.3025093078613281,-0.36894017457962036,-2.256237268447876,-3.6858229637145996,-4.045742988586426,0.4978438913822174,-0.4373524785041809,-0.3291756808757782,-0.4373524785041809
0.16079460084438324,1.3428972959518433,1.333365559577942,0.5433709025382996,0.30164647102355957,0.49620673060417175,0.6062477231025696,-2.395280122756958,-2.896501302719116,-4.699638366699219,0.3474864661693573,-1.048125147819519,-0.9245835542678833,-0.9446495771408081
0.3905448913574219,1.2003122568130493,1.2811232805252075,-0.5522759556770325,0.6693212389945984,0.0034560449421405792,-0.4969792664051056,-2.2451741695404053,-4.6041412353515625,-3.016477346420288,-0.03922071307897568,-1.7724539041519165,-1.7724539041519165,-1.7724539041519165
0.5340999960899353,1.2937196493148804,1.2580595016479492,-0.6531924605369568,0.7324907779693604,0.1914648860692978,0.01175055280327797,-2.613269805908203,-1.7572462558746338,-10,-0.65805584192276,0.07645876705646515,0.2710811495780945,0.36839234828948975
1.2034025192260742,1.239750862121582,1.0383130311965942,-0.6144847869873047,0.6222289800643921,0.3794737160205841,-0.30205830931663513,-1.7943602800369263,-8.055173873901367,-2.451220989227295,5.537334442138672,-1.4388154745101929,-1.3971107006072998,-1.369307518005371
0.9644709825515747,1.187104344367981,1.195849895477295,0.5114490389823914,0.7973071336746216,-0.1388128101825714,0.2888810336589813,-2.0918142795562744,-2.3798420429229736,-3.508671283721924,1.3828847408294678,-1.1869961023330688,-1.124041199684143,-1.1489654779434204
0.6366393566131592,1.156722068786621,1.306109070777893,0.8023882508277893,-0.49006715416908264,0.0739593580365181,-0.3324715197086334,-2.4312899112701416,-6.780691623687744,-3.693983316421509,0.7827593684196472,-0.6603260040283203,-0.5491132140159607,-0.6603260040283203
1.1477174758911133,1.0926052331924438,1.309451937675476,-0.3933751583099365,0.020581182092428207,0.897579550743103,-0.19794781506061554,-2.8399486541748047,-3.260277032852173,-3.9354336261749268,1.4786772727966309,-0.9648917317390442,-0.8585243821144104,-0.9008638858795166
1.0188316106796265,1.100677728652954,1.2984211444854736,-0.5771594643592834,0.7727428674697876,0.02004506066441536,-0.26335060596466064,-2.3113486766815186,-4.347589492797852,-2.9483258724212646,-1.5953861474990845,-1.7724539041519165,-1.7724539041519165,-1.7724539041519165
1.013238549232483,1.2594702243804932,1.2401210069656372,0.7232143878936768,-0.6614869832992554,-0.16796378791332245,-0.10575497150421143,-1.5958367586135864,-7.434484481811523,-2.198659658432007,-1.2227606773376465,-0.9105547666549683,-0.8827515840530396,-0.563014805316925
1.1530649662017822,1.2272965908050537,1.284967303276062,-0.38500338792800903,0.9156155586242676,-0.11266706138849258,-0.026957150548696518,-2.224494695663452,-10,-2.4311764240264893,0.26028311252593994,-1.0495707988739014,-0.9105547666549683,-1.1329803466796875
1.098998785018921,1.1671006679534912,1.3342981338500977,0.7413160800933838,-0.5439814925193787,-0.2702627182006836,0.28546929359436035,-2.0880095958709717,-7.053794860839844,-2.8040051460266113,-0.40546509623527527,-1.07737398147583,-1.1468819379806519,-1.07737398147583
0.5925379395484924,1.343120813369751,1.3358087539672852,-0.3937305510044098,0.6974815726280212,0.15849797427654266,0.5773855447769165,-2.2250378131866455,-3.095830202102661,-3.3838179111480713,16.11809539794922,-0.6798898577690125,-0.4927082657814026,-0.6887825727462769
0.1593652218580246,1.496102213859558,1.3157190084457397,0.8163335919380188,-0.4803902506828308,0.23017258942127228,-0.22326049208641052,-6.199101448059082,-2.8993146419525146,-3.8783931732177734,5.537334442138672,-0.5213099718093872,-0.3405891954898834,-0.5491132140159607
0.25817587971687317,1.5562981367111206,1.3189222812652588,-0.6255441308021545,0.7040047645568848,0.05875276401638985,0.3310891091823578,-2.9482784271240234,-10,-2.046320915222168,-1.6236225366592407,-1.1468819379806519,-0.7020307779312134,-1.0912755727767944
0.4045730531215668,1.4931268692016602,1.1969859600067139,0.5537954568862915,0.4053272604942322,0.6343892812728882,0.3557676374912262,-2.0067028999328613,-2.3481409549713135,-3.0199809074401855,0.20003680884838104,-1.2800490856170654,-1.2229803800582886,-1.2324953079223633
0.4446111023426056,1.5241245031356812,1.2779200077056885,0.8772830963134766,-0.1444626748561859,-0.24537917971611023,-0.38638582825660706,-1.7612730264663696,-8.055173873901367,-2.571488380432129,-1.4873905181884766,-0.6047195792198181,-0.41009721159935,-0.2015732079744339
0.7335857152938843,1.5376166105270386,1.0620174407958984,-0.6144847869873047,0.7007151246070862,0.3324715197086334,-0.1444626748561859,-2.4891927242279053,-10,-2.090419054031372,1.8718022108078003,-0.813243567943573,-0.6603260040283203,-0.6742275953292847
0.7855874300003052,1.300127387046814,1.3591282367706299,-0.05058501288294792,0.6075735092163086,0.6204826235771179,-0.49325138330459595,-2.2331125736236572,-2.819528579711914,-3.5898711681365967,1.4525679349899292,-0.9474735856056213,-0.8252648711204529,-0.9584694504737854
1.0683411359786987,1.5495370626449585,1.1696953773498535,0.7495044469833374,-0.2528890073299408,-0.29164183139801025,-0.53780597448349,-1.8327791690826416,-3.0032684803009033,-3.5855438709259033,-0.01918155699968338,0.18097969889640808,0.3266875445842743,0.09860585629940033
1.1349103450775146,1.4625104665756226,1.2438534498214722,0.615519642829895,-0.6552633047103882,-0.37127190828323364,-0.23221279680728912,-1.8710745573043823,-2.0271971225738525,-4.437060356140137,-1.3172874450683594,0.10551716387271881,0.1968911588191986,0.3848043382167816
1.3559107780456543,1.273832082748413,0.872816264629364,0.9377179145812988,0.2232060581445694,0.057681694626808167,-0.25987881422042847,-1.8260810375213623,-2.447254180908203,-2.8818202018737793,0.5698133707046509,-1.6556729078292847,-1.4082309007644653,-1.3537348508834839
1.2593330144882202,1.1453056335449219,0.957589864730835,0.8854402899742126,-0.39468032121658325,-0.24537917971611023,-0.0034560449421405792,-2.154184103012085,-6.391726493835449,-2.900218963623047,5.537334442138672,-1.2163898944854736,-1.188586711883545,-1.1607835292816162
2.415231466293335,1.0871855020523071,0.6897938251495361,-0.6518100500106812,0.7467894554138184,-0.09746046364307404,-0.08916595578193665,-2.5346875190734863,-1.7241427898406982,-10,5.537334442138672,-0.9800627827644348,-0.9105547666549683,-0.8827515840530396
2.2977771759033203,1.2459779977798462,0.7493752241134644,0.772141695022583,-0.4499770402908325,0.36426714062690735,0.261968195438385,-2.840744733810425,-1.7572462558746338,-10,5.537334442138672,-0.7715387940406799,-0.7437355518341064,-0.6047195792198181
2.4096384048461914,1.159835696220398,0.951823890209198,-0.5743946433067322,0.6201215386390686,0.49559682607650757,0.19975939393043518,-7.725251197814941,-3.0317282676696777,-1.9501070976257324,3.0992729663848877,-1.230291485786438,-1.244193196296692,-1.230291485786438
2.4115025997161865,1.2252209186553955,0.9140249490737915,0.6544457077980042,-0.567482590675354,-0.09746046364307404,-0.49006715416908264,-7.084185600280762,-2.841383457183838,-2.900218963623047,5.537334442138672,-1.675142765045166,-1.661241054534912,-1.619536280632019
2.136737108230591,1.3210153579711914,0.8630970120429993,0.1894831657409668,0.8028492331504822,0.558424174785614,0.08770213276147842,-2.6927762031555176,-3.038168430328369,-3.986464738845825,2.7347888946533203,-1.1234474182128906,-1.1234474182128906,-1.0190860033035278
2.131415843963623,1.2276004552841187,0.986340343952179,0.6709001660346985,0.7221630811691284,-0.12074432522058487,-0.11744926869869232,-2.7201249599456787,-3.694711685180664,-4.948538780212402,16.11809539794922,-1.017723560333252,-0.9523102045059204,-0.9809222221374512
2.237077474594116,1.231900930404663,0.9543758034706116,0.1560267060995102,0.44452643394470215,0.8223403692245483,-0.31907397508621216,-2.3356704711914062,-2.7419700622558594,-4.804638385772705,1.1812809705734253,-1.178748607635498,-1.1529284715652466,-1.1370631456375122
2.280092716217041,1.1577582359313965,1.0474635362625122,0.10406763106584549,0.7131772041320801,0.6622232794761658,-0.20495979487895966,-2.3319249153137207,-2.6723010540008545,-4.841192245483398,1.1596291065216064,-1.0581833124160767,-1.067486047744751,-1.0461422204971313
1.6567851305007935,1.5181087255477905,1.0461350679397583,0.5106516480445862,-0.5748266577720642,-0.4355054795742035,-0.46812841296195984,-2.08286190032959,-2.6055784225463867,-3.1014511585235596,16.11809539794922,-1.4520694017410278,-1.4689326286315918,-1.4358538389205933
2.3481147289276123,1.3310825824737549,0.8621314764022827,0.7024801969528198,-0.6932826042175293,-0.1527571827173233,-0.05045825615525246,-3.2088403701782227,-10,-2.3710427284240723,1.8382794857025146,-0.45180198550224304,-0.39619559049606323,-0.2849828004837036
2.0952751636505127,1.4848530292510986,1.002592921257019,-0.36603227257728577,0.37796467542648315,0.6786295771598816,0.5124695301055908,-2.5164074897766113,-2.9079341888427734,-3.9992032051086426,0.6485551595687866,-0.42931050062179565,-0.2514530122280121,-0.42931050062179565
1.427335262298584,1.198621392250061,1.0731101036071777,0.6884073615074158,-0.46952635049819946,-0.5528472065925598,-0.00047851752606220543,-2.3058102130889893,-2.901790142059326,-4.657522678375244,0.7110514640808105,-1.1839903593063354,-1.1351104974746704,-1.1755821704864502
1.4662761688232422,1.155684232711792,1.179898977279663,0.8341947197914124,-0.3324715197086334,-0.24676160514354706,0.36426714062690735,-3.473538637161255,-10,-3.393315076828003,5.537334442138672,-1.035669207572937,-1.021767497062683,-0.9939643740653992
2.2020535469055176,1.0698916912078857,1.167511224746704,0.9740582704544067,-0.11107682436704636,-0.06480270624160767,-0.1862068623304367,-2.895916223526001,-3.6501097679138184,-4.483219146728516,0.494112491607666,-0.892008364200592,-0.7529842257499695,-0.9012733697891235
2.2364871501922607,1.0790972709655762,1.3462331295013428,0.9605917930603027,0.029182644560933113,-0.223036527633667,-0.1632988601922989,-1.8658673763275146,-2.3959434032440186,-3.7218081951141357,-1.7331615686416626,-0.9209129810333252,-1.0642898082733154,-1.0645625591278076
1.3898377418518066,1.3144768476486206,1.176695704460144,0.9260815382003784,-0.2923814058303833,-0.1527571827173233,0.1831703782081604,-2.0011556148529053,-10,-2.7839605808258057,0.2125614434480667,-1.4388154745101929,-1.4110122919082642,-1.3554059267044067
1.4178029298782349,1.3985434770584106,1.2862485647201538,-0.6545748710632324,0.7170336246490479,0.1527571827173233,0.18455280363559723,-2.0466506481170654,-3.106210947036743,-10,0.1650797575712204,-1.2719963788986206,-1.285897970199585,-1.188586711883545
1.6216890811920166,1.4191420078277588,1.256030797958374,0.9778755307197571,0.15663063526153564,-0.031005442142486572,0.1351480334997177,-2.2860307693481445,-2.7433724403381348,-4.155885696411133,3.2136611938476562,-0.8864449858665466,-0.910427987575531,-0.9344744086265564
1.7850803136825562,1.4006191492080688,1.2439650297164917,0.7351289391517639,-0.6089550852775574,0.27164512872695923,-0.1223439872264862,-3.0682196617126465,-10,-3.7260546684265137,5.537334442138672,-0.5352115631103516,-0.563014805316925,-0.5074083805084229
1.7318060398101807,1.3883522748947144,1.2912763357162476,0.7283086180686951,-0.46463632583618164,-0.13882146775722504,-0.4841572046279907,-2.6516759395599365,-3.1855883598327637,-4.506728172302246,0.09901361912488937,-0.7675243616104126,-0.7375651597976685,-0.691548228263855
1.9528717994689941,1.4837697744369507,1.1355048418045044,0.5134857892990112,0.39878085255622864,-0.7597495317459106,-0.009316944517195225,-2.3770527839660645,-3.207819938659668,-3.879086494445801,2.5182301998138428,-1.4142823219299316,-1.4608937501907349,-1.3423210382461548
1.9230424165725708,1.4442092180252075,1.1497879028320312,-0.3006758987903595,0.9106680154800415,-0.05875276401638985,0.27717480063438416,-2.762162446975708,-10,-3.345208168029785,2.463853359222412,-0.9939643740653992,-1.021767497062683,-0.9244563579559326
1.8671118021011353,1.500253677368164,1.1094263792037964,-0.5025089383125305,0.712372899055481,-0.48730233311653137,0.05045825615525246,-2.5512311458587646,-10,-2.84008526802063,2.092745542526245,-1.0634723901748657,-1.1746851205825806,-0.9939643740653992
2.16167950630188,1.4338306188583374,1.0107645988464355,0.8168274164199829,-0.39468032121658325,-0.40297484397888184,-0.12096156924962997,-3.5024898052215576,-10,-2.2467665672302246,-0.8754687309265137,0.5074083209037781,0.5352115631103516,0.31278595328330994
2.3647620677948,1.5024791955947876,1.0964608192443848,0.4282033145427704,0.2844528555870056,0.6225087642669678,0.5900943279266357,-2.3632912635803223,-3.2829506397247314,-3.9389116764068604,0.5999789237976074,-0.9018273949623108,-0.7253456711769104,-0.8997078537940979
0.5040588974952698,1.8232097625732422,0.9951131343841553,0.5485913157463074,-0.4441394805908203,-0.53121018409729,-0.46861863136291504,-2.0374221801757812,-2.1540920734405518,-4.071459770202637,0.1364838033914566,-0.6285120844841003,-0.4684295952320099,-0.6756619215011597
0.8118885159492493,1.6237590312957764,0.9473392963409424,-0.3227945864200592,0.938705325126648,0.05875276401638985,-0.10575497150421143,-1.8233115673065186,-5.5558648109436035,-2.631621837615967,5.537334442138672,-1.1746851205825806,-0.9939643740653992,-0.8966531753540039
1.1698898077011108,1.688462495803833,1.0015931129455566,0.8898754119873047,0.27547869086265564,0.3631153404712677,-0.01950589008629322,-1.886611819267273,-3.062166929244995,-3.2245190143585205,0.9277756214141846,0.028040288016200066,0.29440855979919434,-0.21665059030056
0.9603695273399353,1.7356575727462769,0.8470761775970459,0.5218201875686646,-0.3232142925262451,-0.7183661460876465,-0.32739323377609253,-1.6191329956054688,-1.7364839315414429,-2.888655185699463,1.5059452056884766,-0.4819091856479645,-0.34984952211380005,-0.34523048996925354
0.6185471415519714,1.7925673723220825,0.9458259344100952,0.6697210073471069,-0.45203134417533875,-0.25484612584114075,-0.5312201976776123,-1.7498408555984497,-2.2389628887176514,-3.0452277660369873,4.7951579093933105,-1.628538966178894,-1.4936076402664185,-1.7234008312225342
0.37375470995903015,2.01766300201416,0.8641760349273682,-0.42609354853630066,-0.22447814047336578,0.833040714263916,-0.27220773696899414,-1.458734154701233,-2.755499839782715,-3.5074727535247803,4.519062042236328,-0.1635509729385376,-0.030846433714032173,-0.3786114454269409
0.819019615650177,1.9938079118728638,0.7692322731018066,0.9489884376525879,-0.09957091510295868,-0.2888677716255188,-0.07785878330469131,-1.9048861265182495,-2.5533149242401123,-2.933316230773926,1.4949548244476318,-1.4272339344024658,-1.3291618824005127,-1.2048083543777466
0.3029203414916992,1.647629737854004,1.0415163040161133,-0.49559682607650757,0.8469831943511963,-0.05875276401638985,0.1831703782081604,-2.0880095958709717,-6.391726493835449,-2.900218963623047,1.2679531574249268,-1.035669207572937,-1.0078659057617188,-0.9105547666549683
0.5042703747749329,1.6113046407699585,1.1107076406478882,0.8157855868339539,-0.5578056573867798,-0.1527571827173233,-0.0034560449421405792,-2.59259033203125,-10,-2.330953598022461,5.537334442138672,-1.3832091093063354,-1.2997995615005493,-1.2580947875976562
0.3358520269393921,1.8216478824615479,1.1895222663879395,-0.4177214205265045,0.010266675613820553,0.8702822327613831,0.2607916295528412,-2.183006763458252,-2.391824722290039,-3.3825948238372803,0.35271432995796204,0.36244282126426697,0.5314676761627197,0.20224067568778992
0.42223888635635376,1.7732107639312744,1.2285891771316528,-0.5273924469947815,0.7302775979042053,0.43338802456855774,0.026957150548696518,-1.7612730264663696,-2.841383457183838,-5.942982196807861,-1.6236225366592407,0.0625571683049202,0.47960513830184937,0.2710811495780945
0.48562684655189514,1.8053843975067139,1.2497309446334839,-0.46518364548683167,0.7458112835884094,0.4720957279205322,-0.06704726815223694,-10,-2.1793148517608643,-3.3692615032196045,0.26028311252593994,-0.9939643740653992,-1.021767497062683,-1.021767497062683
1.3345270156860352,1.6901973485946655,0.9559162855148315,-0.10914312303066254,0.43339526653289795,0.44171708822250366,0.777908980846405,-1.8994263410568237,-2.1818225383758545,-3.348687171936035,2.056551694869995,-1.7724539041519165,-1.762269139289856,-1.7724539041519165
0.9672763347625732,1.821229100227356,1.2214008569717407,0.6293997168540955,0.7481319904327393,0.0596628300845623,-0.2014816701412201,-2.1079132556915283,-2.729870319366455,-4.758172988891602,0.9702692031860352,0.3156471848487854,0.42133980989456177,0.43641912937164307
-0.0019181235693395138,2.1740548610687256,1.3265045881271362,0.2936244308948517,0.5728910565376282,0.5145196318626404,0.5664362907409668,-2.2495551109313965,-3.152327299118042,-3.574493885040283,0.005461812485009432,-0.23177385330200195,0.04929370433092117,-0.13324841856956482
0.6029053330421448,2.110309600830078,1.066033959388733,0.5284516215324402,-0.35888272523880005,-0.5201230049133301,-0.5669339299201965,-1.7640267610549927,-2.7603390216827393,-3.372304916381836,1.1674022674560547,-0.0225989930331707,0.2336621880531311,0.07471220195293427
1.0476529598236084,2.086297035217285,1.018332600593567,0.9538347125053406,0.08689247816801071,-0.2184862345457077,-0.1868496835231781,-2.411492347717285,-3.2594001293182373,-3.5847017765045166,16.11809539794922,0.16874375939369202,0.38844528794288635,0.15972772240638733
0.8827338814735413,1.8790725469589233,1.2926552295684814,-0.6034254431724548,0.6569435000419617,-0.174875870347023,0.41679900884628296,-10,-2.5765562057495117,-3.7260546684265137,2.6390573978424072,0.5491131544113159,0.7298339009284973,0.632522702217102
0.7109450101852417,2.0511412620544434,1.2404260635375977,0.8084827661514282,0.5404354929924011,-0.10294049978256226,-0.2090175598859787,-2.657460927963257,-3.220000982284546,-4.066595077514648,16.11809539794922,-0.9085528254508972,-0.7891380786895752,-0.8621494174003601
1.6284747123718262,1.741037130355835,0.9979514479637146,-0.45550671219825745,0.8693922758102417,-0.1914648860692978,0.0034560449421405792,-2.0673301219940186,-6.780691623687744,-4.1149187088012695,5.537334442138672,-1.1329803466796875,-0.9800627827644348,-1.0634723901748657
1.965922474861145,1.676689863204956,0.7525785565376282,0.6980591416358948,-0.6670166850090027,0.05875276401638985,-0.2536737024784088,-2.7456188201904297,-7.053794860839844,-2.391087293624878,5.537334442138672,-0.9939643740653992,-0.9105547666549683,-1.035669207572937
2.049818277359009,1.5863960981369019,0.8128006458282471,-0.3932979106903076,0.790861189365387,-0.23017258942127228,0.40850451588630676,-3.254335403442383,-10,-3.1888606548309326,5.537334442138672,-1.3832091093063354,-1.2163898944854736,-1.1329803466796875
2.049818277359009,1.7939679622650146,0.8153632879257202,0.7037929892539978,-0.6808408498764038,0.042163748294115067,-0.19837696850299835,-2.472649097442627,-10,-2.631621837615967,0.26028311252593994,-0.8827515840530396,-0.7715387940406799,-0.6603260040283203
1.9416859149932861,1.6351754665374756,0.8967271447181702,-0.5329221487045288,0.7910061478614807,0.29929348826408386,0.026957150548696518,-2.9482784271240234,-10,-2.391087293624878,1.5676685571670532,-0.6047195792198181,-0.5074083805084229,-0.39619559049606323
1.919313669204712,1.820952296257019,0.8960864543914795,-0.42509353160858154,0.899196445941925,0.09746046364307404,-0.03525165840983391,-2.0673301219940186,-10,-3.4454307556152344,3.0992729663848877,-0.813243567943573,-0.6603260040283203,-0.45180198550224304
1.3750942945480347,1.9096474647521973,1.0582599639892578,-0.43490469455718994,0.5055800676345825,0.3022734224796295,0.6810855269432068,-1.8221893310546875,-3.5698835849761963,-3.836378812789917,0.30504950881004333,0.4571865499019623,0.5816618800163269,0.3965306878089905
1.4069503545761108,1.654064416885376,1.1343492269515991,0.8886315822601318,-0.31449875235557556,0.027108503505587578,0.3327004015445709,-2.112393379211426,-2.7467780113220215,-5.443980693817139,16.11809539794922,-1.223511815071106,-1.110250473022461,-1.1884406805038452
1.333907127380371,1.7524535655975342,1.1331307888031006,-0.3227945864200592,0.8759554028511047,0.26888027787208557,-0.23708467185497284,-3.5314412117004395,-2.328280448913574,-10,5.537334442138672,0.7576371431350708,0.8688499331474304,0.6464243531227112
1.2257746458053589,1.7898164987564087,1.129286766052246,0.7517198920249939,-0.6421331167221069,0.08916595578193665,-0.12096156924962997,-7.725251197814941,-3.147590160369873,-2.6677021980285645,2.4107987880706787,0.15986835956573486,0.2710811495780945,-0.10426201671361923
1.373058557510376,1.57809317111969,1.2695914506912231,-0.5190979242324829,0.697705864906311,0.4720957279205322,0.1444626748561859,-10,-3.5034520626068115,-2.9322903156280518,5.537334442138672,-0.39619559049606323,-0.3405891954898834,-0.5213099718093872
1.5012315511703491,1.7497059106826782,1.2564184665679932,0.7229397892951965,0.4956134557723999,0.4056127965450287,0.2592366635799408,-1.9296092987060547,-3.7130370140075684,-4.406212329864502,-0.8651783466339111,0.46131691336631775,0.6186211109161377,0.30517396330833435
1.263061761856079,1.666311264038086,1.2612627744674683,0.03525165840983391,0.9666332006454468,-0.2522912621498108,0.026957150548696518,-2.0673301219940186,-10,-2.330953598022461,0.38915154337882996,-0.1459668129682541,-0.09036041796207428,-0.020852426066994667
1.2574687004089355,1.6652734279632568,1.3054684400558472,0.748295247554779,-0.5840715765953064,0.05875276401638985,-0.3089704215526581,-4.01120662689209,-2.8993146419525146,-10,5.537334442138672,0.07645876705646515,0.18767155706882477,0.0903603658080101
1.742200255393982,1.5957367420196533,1.1824616193771362,-0.4790078103542328,0.8541550636291504,0.1914648860692978,-0.0656648501753807,-2.9648220539093018,-7.434484481811523,-3.3251636028289795,5.537334442138672,-0.9661611318588257,-0.9939643740653992,-0.7576372027397156
1.7291498184204102,1.568752408027649,1.288170576095581,-0.6352210640907288,0.7292064428329468,0.02004506066441536,0.2536737024784088,-2.861424207687378,-2.7255215644836426,-10,2.7725887298583984,-0.7854403853416443,-0.7576372027397156,-0.6742275953292847
1.6061025857925415,1.7950057983398438,1.194634199142456,-0.3089704215526581,0.8544614911079407,0.1914648860692978,0.3711792230606079,-2.199679136276245,-3.106210947036743,-10,-0.65805584192276,-0.8827515840530396,-0.7715387940406799,-0.39619559049606323
1.9658417701721191,1.6351301670074463,1.1746233701705933,0.6474639773368835,0.7283938527107239,-0.17286193370819092,-0.14265891909599304,-2.667290687561035,-3.009650945663452,-3.972929000854492,1.9311062097549438,-0.8084090352058411,-0.7212522029876709,-0.6467883586883545
1.9398216009140015,1.8095358610153198,1.0498449802398682,-0.45550671219825745,0.8844749927520752,-0.05875276401638985,0.08225386589765549,-3.444587230682373,-10,-3.016477346420288,2.463853359222412,-1.188586711883545,-1.2163898944854736,-0.9105547666549683
1.8540613651275635,1.5863960981369019,1.2907332181930542,0.8172343969345093,-0.5052737593650818,0.09054837375879288,-0.261968195438385,-2.7456188201904297,-10,-3.208904981613159,-1.1355558633804321,-0.2293764054775238,-0.10426201671361923,-0.10426201671361923
2.0050740242004395,1.5988503694534302,1.30354642868042,-0.5177155137062073,0.8294665813446045,0.20667147636413574,-0.03525165840983391,-2.7456188201904297,-10,-3.5055644512176514,-0.4878840446472168,-0.27108120918273926,-0.2293764054775238,-0.04865562170743942
2.4257609844207764,1.5532432794570923,1.1466625928878784,0.9246823787689209,-0.2811073958873749,0.20949533581733704,-0.14850211143493652,-2.5736494064331055,-3.4859485626220703,-3.998488187789917,2.043186664581299,-0.8583080768585205,-0.6588200330734253,-0.8583080768585205
3.267240285873413,1.0633147954940796,0.10679297149181366,-0.4347704350948334,0.7870144844055176,0.4181814193725586,-0.12925608456134796,-1.6950985193252563,-6.780691623687744,-4.8565673828125,5.537334442138672,-1.021767497062683,-1.1746851205825806,-0.9939643740653992
3.2642972469329834,1.1351966857910156,0.17574943602085114,0.2535194158554077,0.7200204730033875,0.35820692777633667,0.5375744104385376,-2.317676067352295,-3.0987534523010254,-4.18481969833374,0.3389979600906372,0.09511463344097137,0.2882726788520813,-0.006950825918465853
3.2989344596862793,1.2065393924713135,0.12729410827159882,-0.560570478439331,0.8182276487350464,0.09746046364307404,0.08225386589765549,-3.643110752105713,-6.391726493835449,-2.3710427284240723,5.537334442138672,-0.03475402295589447,0.07645876705646515,-0.1459668129682541
3.6326534748077393,1.2003122568130493,0.14971721172332764,0.8194179534912109,-0.49006715416908264,-0.1527571827173233,-0.25505611300468445,-3.051676034927368,-10,-3.5336267948150635,-0.7286538481712341,1.7724539041519165,1.7724539041519165,1.7724539041519165
3.5114705562591553,1.2376751899719238,0.28809982538223267,0.7092891931533813,-0.6614869832992554,-0.09746046364307404,-0.22326049208641052,-4.6026411056518555,-3.942072629928589,-3.4734930992126465,2.7725887298583984,0.47960513830184937,0.3266875445842743,0.0625571683049202
3.6910476684570312,1.4988912343978882,0.10254033654928207,0.6300671100616455,0.6621500849723816,0.035019390285015106,0.40416136384010315,-2.1111135482788086,-3.306999921798706,-4.15172815322876,-0.42519861459732056,-0.2642844617366791,-0.014757590368390083,-0.3761991560459137
3.631389617919922,1.223511815071106,0.05037674307823181,0.743381142616272,0.6466599106788635,-0.16055847704410553,-0.0586208738386631,-2.234070301055908,-2.5969464778900146,-4.3852105140686035,2.180692434310913,0.5158022046089172,0.6166633367538452,0.4948006868362427
3.3735084533691406,1.424489974975586,0.1330600529909134,-0.5909836888313293,0.7477280497550964,0.30205830931663513,0.02004506066441536,-10,-4.140693187713623,-2.611577272415161,5.537334442138672,0.13206516206264496,0.2710811495780945,0.36839234828948975
3.457404375076294,1.3290067911148071,0.3137262463569641,-0.5315396785736084,0.6236830949783325,-0.11266706138849258,0.5619528889656067,-3.5024898052215576,-3.561383008956909,-10,2.7725887298583984,1.3276026248931885,1.3554059267044067,1.0078659057617188
3.6326534748077393,1.43071711063385,0.16829636693000793,-0.5135682821273804,0.8184635043144226,-0.09746046364307404,0.23846709728240967,-6.418304443359375,-3.01517653465271,-4.219150543212891,0.38915154337882996,-0.9939643740653992,-0.7715387940406799,-1.1329803466796875
3.4536755084991455,1.5448817014694214,0.32974275946617126,0.7034833431243896,-0.5688650012016296,0.4195638597011566,0.0739593580365181,-2.5346875190734863,-3.5944864749908447,-7.009352684020996,3.725693464279175,0.9939643144607544,0.98006272315979,0.8688499331474304
2.6192212104797363,1.068454384803772,0.4305759370326996,0.7916051745414734,0.5550805926322937,0.23864638805389404,0.09107505530118942,-2.2953052520751953,-2.6745033264160156,-3.761873722076416,1.7615512609481812,-1.4449175596237183,-1.4020811319351196,-1.3712267875671387
2.5592031478881836,1.2269190549850464,0.499115914106369,-0.4713709056377411,0.6400589942932129,0.11934694647789001,0.5948867201805115,-1.9521806240081787,-2.6703760623931885,-3.642894983291626,1.4572802782058716,-1.0422316789627075,-0.948391854763031,-0.8908516764640808
2.68929123878479,1.1276620626449585,0.5148935914039612,-0.49559682607650757,0.8153919577598572,-0.11266706138849258,0.27717480063438416,-2.1128251552581787,-7.053794860839844,-3.4734930992126465,5.537334442138672,-1.021767497062683,-0.9939643740653992,-0.9800627827644348
2.980130195617676,1.1172834634780884,0.6084299683570862,0.8182673454284668,-0.4499770402908325,-0.03525165840983391,-0.35597261786460876,-3.299830436706543,-3.230348825454712,-5.4338507652282715,1.8055528402328491,1.1329803466796875,1.2441930770874023,1.2024883031845093
2.9970076084136963,1.150411605834961,0.6898298263549805,0.5586999654769897,0.7791392803192139,0.24776948988437653,0.1393076330423355,-2.495060443878174,-2.6875085830688477,-4.083090782165527,2.2662014961242676,-1.471737265586853,-1.4464932680130005,-1.4340574741363525
2.5306177139282227,1.378197193145752,0.45781245827674866,0.8415884375572205,-0.23670105636119843,-0.47238650918006897,0.11203780025243759,-2.1357569694519043,-2.6265957355499268,-3.9217417240142822,0.10902539640665054,-1.4295073747634888,-1.3861432075500488,-1.287941813468933
2.5513291358947754,1.4421335458755493,0.5898508429527283,-0.23846709728240967,0.9635857343673706,-0.05875276401638985,0.10575497150421143,-10,-2.3117287158966064,-3.3251636028289795,1.7117167711257935,-1.577831506729126,-1.4527171850204468,-1.5083235502243042
3.3769876956939697,1.4150720834732056,0.3993329405784607,0.10580966621637344,0.7885420322418213,0.46427083015441895,0.3891765773296356,-2.371264696121216,-4.128587245941162,-4.599966049194336,3.2124195098876953,0.33106666803359985,0.6220707297325134,0.177054300904274
3.4406251907348633,1.4141113758087158,0.39573076367378235,0.7588829398155212,-0.6241617202758789,0.1527571827173233,-0.10575497150421143,-7.725251197814941,-2.369659662246704,-4.010687351226807,5.537334442138672,0.21547475457191467,0.3266875445842743,0.18767155706882477
3.3395140171051025,1.598558783531189,0.47642427682876587,0.5551276206970215,0.8048485517501831,0.029314512386918068,0.2078286111354828,-1.735600233078003,-2.4634695053100586,-3.2108683586120605,-0.29747068881988525,-1.532000184059143,-1.5333037376403809,-1.629092812538147
3.541300058364868,1.5562981367111206,0.4495462477207184,-0.4416825473308563,0.8006190061569214,-0.38638582825660706,0.12096156924962997,-3.1881608963012695,-2.3117287158966064,-10,-0.9328200221061707,1.3554059267044067,1.6473394632339478,1.2580946683883667
3.31571364402771,1.3611805438995361,0.5917727947235107,-0.6559573411941528,0.6949889063835144,-0.21634840965270996,0.19975939393043518,-3.473538637161255,-2.800004243850708,-10,1.2452157735824585,0.21547475457191467,0.2710811495780945,0.21547475457191467
3.3078806400299072,1.4229539632797241,0.6201857328414917,0.08928734064102173,0.752676248550415,0.6506227850914001,-0.04686384275555611,-2.297095775604248,-3.4486498832702637,-3.958698034286499,0.25895920395851135,0.10936252772808075,0.125650092959404,0.15921111404895782
3.699796199798584,1.5773346424102783,0.15329965949058533,0.6808575391769409,0.008022177033126354,-0.6400509476661682,-0.3559543192386627,-2.2994656562805176,-2.995400905609131,-3.6669585704803467,0.03384649008512497,0.47523218393325806,0.6928934454917908,0.3207264840602875
3.795819044113159,1.6139248609542847,0.6114487051963806,0.2004656195640564,0.8357618451118469,0.34987345337867737,0.372698575258255,-1.7952858209609985,-3.376040458679199,-4.047843933105469,-0.8578547239303589,0.5347979664802551,0.8048452138900757,0.4538698196411133
3.537571430206299,1.597812533378601,0.12985675036907196,-0.09746046364307404,0.9329874515533447,-0.09746046364307404,0.3324715197086334,-2.269989490509033,-3.271728038787842,-7.009352684020996,4.840242385864258,0.5491131544113159,0.7576371431350708,0.4379003345966339
3.4424893856048584,1.7192420959472656,0.1554831564426422,-0.4002099931240082,0.8989817500114441,0.16796378791332245,0.05875276401638985,-2.199679136276245,-4.422072410583496,-5.109128952026367,5.537334442138672,-0.7993419766426086,-0.8688499927520752,-1.0078659057617188
3.02301025390625,1.9569119215011597,0.14395126700401306,0.7582455277442932,-0.5882188081741333,-0.26888027787208557,-0.08225386589765549,-1.8812142610549927,-10,-2.046320915222168,-1.6236225366592407,1.0495706796646118,0.715932309627533,0.98006272315979
2.9717626571655273,2.1281142234802246,0.13734424114227295,-0.48084336519241333,0.5875605940818787,0.6479873061180115,-0.0606192871928215,-1.6579349040985107,-3.247102975845337,-4.603408336639404,1.4075582027435303,-1.7724539041519165,-1.7724539041519165,-1.7724539041519165
2.6314961910247803,2.0534329414367676,0.3137262463569641,-0.4790078103542328,0.8387321829795837,-0.21496598422527313,0.1444626748561859,-3.2088403701782227,-7.053794860839844,-3.164807081222534,2.6390573978424072,-0.8827515840530396,-0.9661611318588257,-0.9939643740653992
3.236243724822998,1.909442663192749,0.10655131191015244,0.2234710454940796,0.43333545327186584,0.8084707856178284,0.32963019609451294,-1.9878461360931396,-2.810262441635132,-3.3263323307037354,2.176772117614746,-1.061566710472107,-0.9665137529373169,-0.9189046621322632
3.537571430206299,1.9423819780349731,0.10871495306491852,0.6842895746231079,-0.6296913623809814,-0.36426714062690735,-0.05045825615525246,-1.8233115673065186,-3.85931396484375,-7.009352684020996,5.537334442138672,-0.3405891954898834,-0.2293764054775238,-0.04865562170743942
3.3515849113464355,2.0637903213500977,0.12530431151390076,0.918010950088501,-0.08388460427522659,0.35416704416275024,0.15743237733840942,-1.8841745853424072,-2.8052608966827393,-4.584640026092529,1.0517323017120361,-1.7013378143310547,-1.5567867755889893,-1.6804213523864746
3.1241421699523926,1.9593430757522583,0.3392080068588257,0.6773605942726135,-0.45155003666877747,-0.47880852222442627,-0.32867544889450073,-2.1413261890411377,-2.495704412460327,-3.9051461219787598,16.11809539794922,-1.7724539041519165,-1.7724539041519165,-1.7724539041519165
3.449946880340576,1.8749210834503174,0.19136013090610504,0.7535227537155151,-0.5826891660690308,-0.28546929359436035,0.10575497150421143,-3.0682196617126465,-10,-1.7937595844268799,-1.2909841537475586,0.8410466909408569,0.8827515244483948,1.1468819379806519
2.6035308837890625,1.658008337020874,0.351525217294693,0.7705237865447998,-0.5439814925193787,-0.27717480063438416,0.1831703782081604,-6.695410251617432,-1.848280668258667,-2.7278358936309814,-0.9916401505470276,-1.2024883031845093,-1.2163898944854736,-1.7724539041519165
2.7675938606262207,1.6144182682037354,0.3925274610519409,0.8658415079116821,-0.4347704350948334,-0.02004506066441536,-0.24676160514354706,-10,-2.1131081581115723,-2.6516664028167725,-2.1335086822509766,-1.7724539041519165,-1.7724539041519165,-1.7724539041519165
2.538278579711914,1.6154561042785645,0.5815222263336182,-0.613102376461029,0.738324761390686,0.2536737024784088,0.12096156924962997,-7.725251197814941,-3.271728038787842,-2.8601298332214355,4.139158725738525,-1.7724539041519165,-1.619536280632019,-1.6890443563461304
2.594580888748169,1.6409212350845337,0.5797086954116821,0.9438394904136658,-0.1428142488002777,0.13344024121761322,0.26639220118522644,-2.457634687423706,-3.479872465133667,-4.143924236297607,-0.4439319670200348,-0.93806391954422,-0.8873609304428101,-0.7160794138908386
3.5021488666534424,1.5998882055282593,0.48862650990486145,0.7688676714897156,-0.6048078536987305,-0.09746046364307404,-0.1831703782081604,-10,-3.561383008956909,-2.84008526802063,-0.3243834376335144,-0.7715387940406799,-0.6603260040283203,-0.45180198550224304
3.0975842475891113,1.5905474424362183,0.5693497061729431,-0.4181814193725586,0.9012726545333862,0.11266706138849258,-0.01175055280327797,-2.2906692028045654,-10,-3.273047685623169,0.38915154337882996,-0.2293764054775238,-0.2015732079744339,-0.2293764054775238
3.449946880340576,1.648667573928833,0.6129146218299866,0.8406735062599182,-0.5052737593650818,0.1527571827173233,-0.12096156924962997,-2.514008045196533,-3.321383237838745,-10,5.537334442138672,0.42399874329566956,0.4935067296028137,0.6464243531227112
3.5468931198120117,1.7950057983398438,0.6609641313552856,0.8331012725830078,-0.5287748575210571,-0.0739593580365181,0.1444626748561859,-2.514008045196533,-8.055173873901367,-3.4454307556152344,5.537334442138672,-0.7715387940406799,-0.563014805316925,-0.7715387940406799
2.568108320236206,1.834444522857666,0.41366925835609436,0.7556298971176147,-0.567482590675354,0.32417699694633484,-0.0435461662709713,-2.3113486766815186,-10,-1.9501070976257324,-1.2227606773376465,-1.0495707988739014,-1.021767497062683,-0.03475402295589447
2.6900997161865234,1.9453779458999634,0.4154283106327057,-0.3804864287376404,0.2345721572637558,0.8777427673339844,0.1725502610206604,-2.175755023956299,-2.662775754928589,-3.370412826538086,-0.05095740780234337,-1.2582871913909912,-1.2575957775115967,-1.2378571033477783
2.9577579498291016,1.9890856742858887,0.5533332228660583,-0.4485946297645569,0.8085594177246094,-0.32417699694633484,-0.19975939393043518,-2.5346875190734863,-10,-2.2467665672302246,0.7827593684196472,-0.8688499927520752,-0.7854403853416443,-0.7715387940406799
3.411825656890869,2.077763319015503,0.471403032541275,-0.09649784117937088,0.5429518222808838,0.5390052795410156,0.6366826891899109,-1.8299858570098877,-2.568525791168213,-4.047050952911377,0.4702317714691162,-0.6031343340873718,-0.5170982480049133,-0.5233924388885498
3.2220375537872314,1.9946638345718384,0.5644547343254089,0.7035632729530334,0.511108934879303,0.04283136874437332,0.4918656647205353,-1.9345812797546387,-2.37532377243042,-3.56294584274292,0.20770658552646637,-1.7724539041519165,-1.6939297914505005,-1.7393910884857178
3.587908983230591,1.932003378868103,0.5956167578697205,0.8228229284286499,-0.48730233311653137,0.0034560449421405792,-0.2923814058303833,-2.154184103012085,-2.7834525108337402,-10,2.6390573978424072,0.10426196455955505,0.24327795207500458,0.18767155706882477
3.1635894775390625,1.9405860900878906,0.6736711859703064,0.08762714266777039,0.8627859950065613,0.46330252289772034,-0.18240760266780853,-1.9643033742904663,-2.747915744781494,-4.024086952209473,0.6100030541419983,-1.1305372714996338,-1.0381122827529907,-1.0692015886306763
3.621467351913452,2.075227975845337,0.6635267734527588,0.7640129327774048,-0.6393682956695557,-0.08225386589765549,0.026957150548696518,-7.084185600280762,-3.296555757522583,-2.8040051460266113,5.537334442138672,-0.3405891954898834,-0.2293764054775238,-0.1459668129682541
3.64943265914917,2.0876822471618652,0.14843589067459106,-0.5052737593650818,0.7162095904350281,0.4181814193725586,0.23846709728240967,-2.5346875190734863,-10,-3.301110029220581,5.537334442138672,0.07645876705646515,0.3822939395904541,-0.006950825918465853
3.834003448486328,1.8645424842834473,0.20929862558841705,0.8533223271369934,-0.2785572111606598,0.4278583526611328,-0.10575497150421143,-3.002045154571533,-3.5944864749908447,-10,1.3862943649291992,0.15986835956573486,0.4379003345966339,0.10426196455955505
3.800445079803467,1.8686939477920532,0.2951470911502838,-0.4416825473308563,0.6906858682632446,-0.3006758987903595,0.48730233311653137,-4.01120662689209,-2.12965989112854,-10,-0.65805584192276,1.7724539041519165,1.7724539041519165,1.7724539041519165
3.7575650215148926,1.8188766241073608,0.4713286757469177,-0.6531924605369568,0.7238351106643677,0.09746046364307404,0.19975939393043518,-2.571910858154297,-2.2869009971618652,-10,-0.7286538481712341,-0.1459668129682541,0.0069507728330791,-0.1459668129682541
3.729599714279175,1.7493400573730469,0.587928831577301,-0.5425990223884583,0.7301545739173889,0.4015924036502838,-0.10575497150421143,-10,-2.7255215644836426,-2.707791328430176,5.537334442138672,0.2710811495780945,0.5352115631103516,0.18767155706882477
2.4711620807647705,1.238713026046753,0.750015914440155,-0.6518100500106812,0.6993966102600098,0.28546929359436035,0.06704726815223694,-10,-2.5517284870147705,-1.9781694412231445,3.0992729663848877,-1.4944219589233398,-1.4388154745101929,-1.4388154745101929
2.950300455093384,1.2501294612884521,0.7327181100845337,0.7077220678329468,-0.5273924469947815,0.23017258942127228,-0.4098869264125824,-2.98136568069458,-7.053794860839844,-3.345208168029785,1.4615178108215332,-0.563014805316925,-0.5074083805084229,-0.563014805316925
2.7657296657562256,1.150494933128357,0.9114623069763184,0.7960827946662903,-0.5688650012016296,0.12925608456134796,-0.1610516905784607,-3.051676034927368,-3.6937968730926514,-10,5.537334442138672,-0.41009721159935,-0.3405891954898834,-0.39619559049606323
2.9754817485809326,1.1887017488479614,0.8877372145652771,-0.3643108606338501,0.46018320322036743,0.6484867334365845,0.4847411811351776,-2.349473237991333,-2.792203664779663,-5.014651775360107,1.3441070318222046,-1.4067637920379639,-1.3321789503097534,-1.3847345113754272
3.125549554824829,1.1577600240707397,0.7717983722686768,0.685570240020752,-0.6296913623809814,-0.08225386589765549,0.35597261786460876,-3.126122236251831,-10,-3.345208168029785,5.537334442138672,-1.4110122919082642,-1.2719963788986206,-1.5222251415252686
3.1833980083465576,1.2027140855789185,0.842269778251648,0.7550379037857056,0.5957327485084534,0.06205904856324196,-0.2667751610279083,-2.177443265914917,-3.31124210357666,-4.845959663391113,0.1894158571958542,-0.35077574849128723,-0.24460959434509277,-0.37991052865982056
3.2504611015319824,1.1328513622283936,0.834583044052124,-0.6158671975135803,0.7008023858070374,0.20805390179157257,-0.29376381635665894,-3.7258288860321045,-10,-3.3692615032196045,5.537334442138672,-0.020852426066994667,0.2571795582771301,-0.11816361546516418
3.2169029712677,1.160873532295227,0.8179259300231934,0.9219201803207397,-0.37256163358688354,0.08225386589765549,-0.06704726815223694,-2.8200652599334717,-3.3958659172058105,-10,5.537334442138672,-0.10426201671361923,-0.006950825918465853,-0.1459668129682541
3.3697798252105713,1.0550118684768677,0.7698763608932495,0.6445889472961426,-0.5343045592308044,-0.24537917971611023,-0.488684743642807,-3.758916139602661,-6.565519332885742,-3.1888606548309326,1.2679531574249268,1.1051770448684692,1.2580946683883667,0.9661611318588257
3.105041742324829,1.1681386232376099,0.7929401397705078,-0.5578056573867798,0.691153347492218,0.1527571827173233,0.43338802456855774,-2.3113486766815186,-8.055173873901367,-3.345208168029785,-0.5890069007873535,-0.4657036066055298,-0.39619559049606323,-0.39619559049606323
3.2914769649505615,1.0363303422927856,0.9197908639907837,0.839572548866272,-0.5343045592308044,0.09746046364307404,-0.01175055280327797,-4.366894721984863,-10,-3.8342952728271484,4.840242385864258,-0.45180198550224304,-0.45180198550224304,-0.5352115631103516
3.073347806930542,1.1401163339614868,0.9261974692344666,0.8024358749389648,-0.5052737593650818,0.01175055280327797,0.3172649145126343,-10,-3.321383237838745,-3.000441789627075,1.7423112392425537,-0.2849828004837036,-0.173770010471344,-0.3405891954898834
3.065890312194824,1.1183212995529175,1.0005141496658325,-0.34629568457603455,0.928778886795044,-0.08916595578193665,0.09746046364307404,-2.7828421592712402,-4.091037750244141,-5.257458686828613,5.537334442138672,-1.4805203676223755,-1.4388154745101929,-1.4527171850204468
3.054241180419922,1.239182472229004,1.0648059844970703,-0.044541582465171814,0.467527836561203,0.419802188873291,0.7766594290733337,-2.0903401374816895,-3.077392101287842,-3.4057271480560303,-0.6854951977729797,-0.5592465996742249,-0.3709384500980377,-0.6561334133148193
3.128218650817871,1.26668381690979,0.9894670248031616,0.785402774810791,0.497763067483902,-0.28205564618110657,0.2362605482339859,-3.044266700744629,-3.8481602668762207,-4.149281024932861,1.289947748184204,-0.4637707471847534,-0.3137071430683136,-0.5134848952293396
2.7675938606262207,1.3051360845565796,0.7090136408805847,-0.6587221622467041,0.7443389892578125,-0.09746046364307404,0.05045825615525246,-10,-2.841383457183838,-3.273047685623169,0.1650797575712204,-0.688129186630249,-0.6464243531227112,-0.688129186630249
2.510169744491577,1.53951895236969,0.7323045134544373,0.7619457840919495,0.30496057868003845,0.27649936079978943,0.4999857544898987,-2.5697591304779053,-3.179455518722534,-5.105820655822754,0.644572913646698,-1.171977162361145,-1.083016037940979,-1.1441739797592163
2.5848875045776367,1.4369442462921143,0.8179259300231934,-0.5813067555427551,0.682888925075531,0.4181814193725586,-0.1444626748561859,-3.0682196617126465,-2.1131081581115723,-5.658349514007568,0.007843177765607834,-1.7724539041519165,-1.7724539041519165,-1.7724539041519165
2.5951781272888184,1.2962348461151123,1.054461121559143,-0.44718942046165466,0.5023938417434692,0.41812193393707275,0.6105703115463257,-2.566082715988159,-3.260652542114258,-3.603513479232788,1.9275237321853638,-1.6621205806732178,-1.6296695470809937,-1.6037087440490723
2.615751028060913,1.385959267616272,0.9758987426757812,0.883599579334259,0.33512017130851746,0.13171707093715668,0.2993272840976715,-2.6135401725769043,-3.3593943119049072,-4.421821117401123,1.021785855293274,-1.3626827001571655,-1.2683038711547852,-1.3612706661224365
2.508449077606201,1.4691178798675537,0.9050557017326355,-0.6753111481666565,0.7208560705184937,0.05875276401638985,0.1444626748561859,-3.0185887813568115,-10,-3.661911964416504,4.139158725738525,-0.9244563579559326,-0.7854403853416443,-0.8827515840530396
2.666918992996216,1.4493985176086426,0.8480369448661804,-0.1914648860692978,0.8647040724754333,-0.32417699694633484,0.3324715197086334,-10,-4.2813825607299805,-2.7839605808258057,1.7117167711257935,-1.2163898944854736,-1.1746851205825806,-1.2163898944854736
2.519540309906006,1.4780220985412598,0.9745776057243347,0.5995470285415649,0.7699791193008423,-0.06743617355823517,0.20767243206501007,-2.4693942070007324,-3.6385316848754883,-4.511451244354248,0.8936212062835693,-1.7078635692596436,-1.5597304105758667,-1.5299867391586304
2.5365042686462402,1.5502104759216309,0.970307469367981,-0.33717939257621765,0.32949116826057434,0.2580772042274475,0.843292236328125,-2.714524984359741,-3.6649928092956543,-5.114383220672607,16.11809539794922,-1.276659369468689,-1.1455392837524414,-1.2172729969024658
3.6158742904663086,1.3860890865325928,0.6718553304672241,-0.3089704215526581,0.8550204634666443,-0.0739593580365181,0.4098869264125824,-3.32464599609375,-2.4275906085968018,-10,-1.773577094078064,1.7724539041519165,1.7724539041519165,1.7724539041519165
3.3511362075805664,1.407884120941162,0.8550841808319092,-0.6559573411941528,0.7424572110176086,-0.11404947936534882,-0.0739593580365181,-3.837498426437378,-8.055173873901367,-3.2530031204223633,0.6406570076942444,0.8827515244483948,1.0495706796646118,0.7576371431350708
3.444908618927002,1.3897968530654907,0.8952028751373291,0.8395212292671204,0.5427103042602539,-0.002508329227566719,0.02575499378144741,-2.3572723865509033,-3.956042766571045,-4.272087097167969,-0.2475227564573288,-0.7377927303314209,-0.6265799403190613,-0.9747918844223022
3.5543506145477295,1.4130734205245972,0.8832732439041138,-0.49006715416908264,0.8130001425743103,-0.3103528320789337,-0.05045825615525246,-6.695410251617432,-2.932417869567871,-3.1888606548309326,5.537334442138672,-0.29888439178466797,-0.2293764054775238,-0.2849828004837036
3.207581043243408,1.5521466732025146,0.8576468229293823,-0.6946650147438049,0.7028691172599792,-0.13755059242248535,-0.06704726815223694,-2.7828421592712402,-8.055173873901367,-2.6516664028167725,-0.4218320846557617,-1.021767497062683,-0.9939643740653992,-0.7715387940406799
3.221956491470337,1.5512585639953613,0.9322699308395386,-0.01163430605083704,0.6065894365310669,0.7897708415985107,0.09042060375213623,-2.780245065689087,-3.6521103382110596,-4.630633354187012,0.3694135248661041,-0.6556531190872192,-0.5536690950393677,-0.7994004487991333
3.61338472366333,1.5091825723648071,0.9834843873977661,-0.290452241897583,0.6172954440116882,0.6724079251289368,0.2871435880661011,-2.489772319793701,-3.5821337699890137,-4.8371901512146,1.5715314149856567,0.29780274629592896,0.42021316289901733,0.18658997118473053
2.7545435428619385,1.0352925062179565,1.0748306512832642,0.8241782188415527,-0.5343045592308044,-0.12925608456134796,-0.13616816699504852,-2.931734800338745,-8.055173873901367,-3.693983316421509,5.537334442138672,-0.9939643740653992,-0.9105547666549683,-0.8827515840530396
2.7526791095733643,1.0882233381271362,1.1369746923446655,-0.21496598422527313,0.9311606287956238,-0.2923814058303833,-0.03525165840983391,-3.1881608963012695,-6.24276065826416,-3.1888606548309326,1.0317493677139282,-1.619536280632019,-1.4249138832092285,-1.6473394632339478
2.94317889213562,1.1195605993270874,1.1793047189712524,0.5596702098846436,0.8248754739761353,-0.07083741575479507,-0.036494068801403046,-2.432853937149048,-3.0691142082214355,-4.459249973297119,-0.9422934651374817,-0.9923359751701355,-0.9054197669029236,-0.9577693939208984
2.597931146621704,1.2001698017120361,1.1661497354507446,-0.6241617202758789,0.7195372581481934,-0.1527571827173233,-0.26335060596466064,-6.695599555969238,-3.2738161087036133,-1.9053865671157837,-0.8010361194610596,0.2710811495780945,0.3822939395904541,0.5491131544113159
2.693166494369507,1.2656822204589844,1.1538630723953247,-0.3589155077934265,0.42255979776382446,0.36526182293891907,0.7478012442588806,-3.3638052940368652,-3.577772617340088,-5.024831771850586,16.11809539794922,-0.20154869556427002,0.030152779072523117,-0.3652677536010742
2.983062982559204,1.2509970664978027,1.0637587308883667,-0.34767812490463257,0.9263002276420593,0.13616816699504852,-0.05045825615525246,-3.14570689201355,-8.056015968322754,-3.621587038040161,3.0992729663848877,-0.9244563579559326,-0.8688499927520752,-0.8827515840530396
2.5212152004241943,1.1297054290771484,1.270586609840393,0.7785613536834717,-0.3224640190601349,-0.39646539092063904,-0.36424487829208374,-2.813387632369995,-3.2720799446105957,-4.445228099822998,-0.20122447609901428,-0.6989243626594543,-0.49825072288513184,-0.7291803359985352
2.4280197620391846,1.0720850229263306,1.318572759628296,0.7387646436691284,-0.48177266120910645,-0.23017258942127228,0.41126933693885803,-2.8222808837890625,-2.0685460567474365,-10,0.7827593684196472,-0.5769163966178894,-0.45180198550224304,-0.563014805316925
2.6035947799682617,1.1310447454452515,1.2778489589691162,0.7735215425491333,-0.4278583526611328,-0.34214845299720764,0.3186473250389099,-3.41847562789917,-4.455758094787598,-10,5.537334442138672,-0.006950825918465853,0.0069507728330791,-0.006950825918465853
2.8111696243286133,1.0672578811645508,1.2044531106948853,0.7258653044700623,0.5870508551597595,-0.34776780009269714,0.08688158541917801,-2.3568387031555176,-2.988757610321045,-3.7616467475891113,-0.8897101879119873,-0.26297834515571594,-0.1852683126926422,-0.1740676611661911
2.7793128490448,1.0646246671676636,1.2573659420013428,0.9211616516113281,0.15027588605880737,0.12467889487743378,0.33665043115615845,-3.1543467044830322,-3.2990224361419678,-4.52411413192749,1.1410971879959106,-1.7517331838607788,-1.6999315023422241,-1.7653714418411255
2.826335906982422,1.0921744108200073,1.2271195650100708,0.8542293906211853,-0.04380013793706894,-0.5090889930725098,-0.0959274098277092,-3.3023171424865723,-3.6108171939849854,-4.24983024597168,16.11809539794922,-1.0954997539520264,-0.8594029545783997,-1.1023353338241577
2.773505926132202,1.1554418802261353,1.2499241828918457,0.9176732897758484,-0.3711792230606079,-0.0739593580365181,0.12096156924962997,-10,-2.4495668411254883,-3.210331678390503,-0.1808837354183197,0.3822939395904541,0.6186211109161377,0.21547475457191467
2.9652583599090576,1.146040916442871,1.2599377632141113,0.874850869178772,-0.08744896203279495,-0.42656832933425903,-0.21219821274280548,-2.9237465858459473,-4.126676559448242,-4.3894267082214355,0.2667660415172577,0.4195344150066376,0.6558616161346436,0.1182907223701477
2.658756971359253,1.1993203163146973,1.30094313621521,0.9554198980331421,0.22298353910446167,-0.11912630498409271,-0.1525125354528427,-2.624131917953491,-4.500941753387451,-4.718008518218994,-0.3905489146709442,0.5155693292617798,0.7648299932479858,0.39335933327674866
2.728196382522583,1.1879712343215942,1.2551600933074951,0.865530252456665,-0.488684743642807,-0.09746046364307404,0.05045825615525246,-2.841764211654663,-3.4215588569641113,-10,3.0992729663848877,-0.4657036066055298,-0.2849828004837036,-0.5074083805084229
3.166724681854248,1.102715253829956,1.0246211290359497,0.9628203511238098,-0.038790006190538406,0.025453554466366768,-0.2661285996437073,-2.6985130310058594,-3.874835729598999,-5.548158645629883,0.6267017722129822,-0.7733774185180664,-0.6515414714813232,-0.8595401048660278
3.1982839107513428,1.1107138395309448,1.077721118927002,0.7604702711105347,-0.5495111346244812,-0.32417699694633484,-0.12096156924962997,-3.757488489151001,-3.2271604537963867,-10,2.6390573978424072,0.4379003345966339,0.4935067296028137,0.42399874329566956
3.1529741287231445,1.0314232110977173,1.1004101037979126,-0.5771594643592834,0.7888965606689453,-0.20805390179157257,-0.03525165840983391,-7.085269451141357,-3.724820137023926,-3.210331678390503,3.567518711090088,-0.5074083805084229,-0.39619559049606323,-0.563014805316925
3.1671018600463867,1.0798985958099365,1.1987972259521484,0.598273754119873,-0.0769578292965889,-0.7975874543190002,0.0005692662671208382,-2.499645948410034,-3.55277943611145,-3.8915491104125977,-0.06101292744278908,-0.32743746042251587,-0.24724426865577698,-0.3768971562385559
3.1418299674987793,1.219386100769043,1.1714423894882202,0.9204962849617004,0.03639467433094978,-0.29938051104545593,0.24846196174621582,-3.107752799987793,-3.9584128856658936,-4.14766263961792,1.3989381790161133,-0.6396970152854919,-0.4338623583316803,-0.8630204200744629
3.052915334701538,1.051754117012024,1.1993104219436646,-0.4015924036502838,0.8704401254653931,-0.2536737024784088,-0.12925608456134796,-3.3950955867767334,-10,-3.7599902153015137,5.537334442138672,-1.285897970199585,-1.2024883031845093,-1.4110122919082642
3.111440420150757,1.1432433128356934,1.1969833374023438,0.6775367856025696,-0.6711639165878296,-0.2868517339229584,0.09054837375879288,-3.3950955867767334,-8.056015968322754,-4.218698024749756,5.537334442138672,-0.45180198550224304,-0.29888439178466797,-0.5908179879188538
3.1322073936462402,1.145276427268982,1.2318893671035767,-0.5190979242324829,0.8458746075630188,0.02004506066441536,-0.12096156924962997,-2.900214672088623,-10,-4.5706377029418945,5.537334442138672,-0.9105547666549683,-0.7993419766426086,-0.9939643740653992
3.1888444423675537,1.1249454021453857,1.2097822427749634,0.8224071264266968,-0.4527418911457062,0.25505611300468445,0.2315549999475479,-3.30157470703125,-3.4759902954101562,-10,0.7827593684196472,0.7854403257369995,0.98006272315979,0.5213099122047424
3.077458143234253,1.0395556688308716,1.2859936952590942,0.8045716881752014,-0.585453987121582,-0.09884288161993027,0.01175055280327797,-2.966458559036255,-4.0125298500061035,-10,5.537334442138672,-0.4657036066055298,-0.39619559049606323,-0.5213099718093872
3.173741102218628,1.1229124069213867,1.263886570930481,0.7840220332145691,-0.5978957414627075,-0.1527571827173233,0.06704726815223694,-10,-3.1105213165283203,-4.973984718322754,5.537334442138672,0.8966531157493591,1.0078659057617188,0.7576371431350708
3.166189432144165,1.104614496231079,1.2865755558013916,0.8996766805648804,-0.33385393023490906,-0.09884288161993027,0.26335060596466064,-7.72432804107666,-4.3080153465271,-3.186605215072632,4.840242385864258,0.3822939395904541,0.632522702217102,0.13206516206264496
3.139758825302124,1.135110855102539,1.2987926006317139,0.8606634140014648,-0.5066561698913574,0.0034560449421405792,0.05045825615525246,-4.0107741355896,-4.05918550491333,-10,4.840242385864258,0.0903603658080101,0.18767155706882477,-0.173770010471344
3.0472517013549805,1.2042360305786133,1.190002202987671,-0.5591880679130554,0.7854418158531189,-0.09746046364307404,-0.24676160514354706,-2.8807313442230225,-10,-2.84257435798645,0.26028311252593994,-0.27108120918273926,-0.13206522166728973,-0.39619559049606323
3.103888750076294,1.1900043487548828,1.2714495658874512,-0.4568891227245331,0.8793001174926758,-0.05875276401638985,-0.12096156924962997,-3.589930534362793,-4.144720554351807,-6.342199802398682,5.537334442138672,0.632522702217102,0.8410466909408569,0.3266875445842743
2.50164794921875,1.324188470840454,1.0189626216888428,-0.5508935451507568,0.747221827507019,0.02004506066441536,0.3711792230606079,-10,-2.4884464740753174,-3.0165669918060303,-1.773577094078064,-1.7724539041519165,-1.7724539041519165,-1.7724539041519165
2.4280197620391846,1.356717824935913,1.0410698652267456,-0.5246276259422302,0.7903245687484741,0.03525165840983391,0.314500093460083,-3.2742979526519775,-10,-2.391775131225586,-0.19671028852462769,-1.1468819379806519,-1.07737398147583,-0.9939643740653992
2.491992235183716,1.3168107271194458,1.0802828073501587,0.9769124388694763,0.0026874919421970844,-0.0963473841547966,0.1906622052192688,-2.37479567527771,-2.8079514503479004,-4.723647117614746,0.47791922092437744,-1.1224308013916016,-0.9939643740653992,-1.0147345066070557
2.709563732147217,1.409217119216919,1.136224389076233,-0.14609266817569733,0.6973337531089783,0.7000815868377686,0.04762745648622513,-2.3705296516418457,-3.509338617324829,-4.302211284637451,-0.8534581661224365,-0.37323546409606934,-0.21245984733104706,-0.317015141248703
2.604708433151245,1.5251507759094238,1.1445536613464355,-0.4239862561225891,-0.16899003088474274,0.8418008089065552,0.2881828844547272,-2.406764030456543,-3.3078713417053223,-3.5215251445770264,-0.6664761304855347,-1.5110735893249512,-1.4270585775375366,-1.4924036264419556
2.5337424278259277,1.3018244504928589,1.2022192478179932,-0.3227945864200592,0.8219631314277649,0.11266706138849258,0.45550671219825745,-7.72432804107666,-3.507094144821167,-3.8786215782165527,2.3599960803985596,-1.7724539041519165,-1.577831506729126,-1.7724539041519165
2.588491439819336,1.2957251071929932,1.2534147500991821,-0.3615022897720337,0.9071671962738037,0.15966928005218506,-0.1444626748561859,-10,-2.8228118419647217,-3.8786215782165527,0.5719616413116455,0.6464243531227112,0.98006272315979,0.42399874329566956
2.492208480834961,1.3668832778930664,1.2627230882644653,-0.5550408363342285,0.6164929270744324,-0.3269418478012085,-0.4527418911457062,-4.53682804107666,-7.43394136428833,-3.7283551692962646,1.1143606901168823,-1.0634723901748657,-1.07737398147583,-0.9939643740653992
2.5453131198883057,1.4862971305847168,1.3197927474975586,0.5936607718467712,-0.4932393729686737,-0.45246875286102295,-0.44671446084976196,-3.0147218704223633,-3.7307796478271484,-4.405303001403809,1.1533983945846558,-0.7929331660270691,-0.5879387855529785,-0.8383843898773193
2.4865448474884033,1.529530644416809,1.2214175462722778,0.6919878721237183,-0.6766935586929321,-0.1527571827173233,-0.19975939393043518,-2.4287142753601074,-5.9953932762146,-4.06052303314209,-1.5953861474990845,0.18767155706882477,0.0625571683049202,0.2710811495780945
3.5041239261627197,1.5335968732833862,1.0393245220184326,-0.44721221923828125,0.7899520993232727,0.16658136248588562,0.38500338792800903,-3.6211040019989014,-3.1882808208465576,-5.658092021942139,2.0149030685424805,-0.45180198550224304,-0.3405891954898834,-0.563014805316925
3.7740938663482666,1.3953466415405273,0.7740387320518494,0.8483223915100098,-0.4720957279205322,-0.23017258942127228,0.06704726815223694,-3.1651902198791504,-3.5304219722747803,-5.658092021942139,1.5676685571670532,1.7724539041519165,1.4249138832092285,1.0078659057617188
3.724917411804199,1.428675651550293,0.9516944885253906,-0.4604673981666565,0.6138311624526978,0.6402323842048645,-0.03582695499062538,-2.5826072692871094,-3.8385937213897705,-3.9091885089874268,0.8939751982688904,0.03149329125881195,0.09783832728862762,-0.11816361546516418
3.734698534011841,1.5364696979522705,0.7915156483650208,0.2471769154071808,0.810238242149353,0.49873533844947815,-0.18352270126342773,-2.2652945518493652,-3.254350185394287,-4.066378593444824,0.0601775161921978,-0.5086036324501038,-0.3351844549179077,-0.6284172534942627
3.7816455364227295,1.5518946647644043,0.895628035068512,0.7589987516403198,-0.6421331167221069,0.02004506066441536,0.10575497150421143,-10,-2.612861394882202,-3.447594404220581,-0.7646061182022095,1.3415043354034424,1.7724539041519165,1.271996259689331
3.6608197689056396,1.480736494064331,0.9602041840553284,-0.48177266120910645,0.8255822062492371,-0.0034560449421405792,0.29376381635665894,-3.2119507789611816,-2.9627785682678223,-10,5.537334442138672,-0.1459668129682541,-0.03475402295589447,-0.1459668129682541
3.2058355808258057,1.606788158416748,0.7100443243980408,-0.46518364548683167,0.8623005747795105,-0.1527571827173233,-0.12925608456134796,-4.493964672088623,-5.559940814971924,-2.288961410522461,5.537334442138672,-1.5222251415252686,-1.7724539041519165,-1.3971107006072998
3.507899761199951,1.6108542680740356,0.7304061651229858,0.8185872435569763,-0.49006715416908264,0.05875276401638985,0.29376381635665894,-10,-2.348479747772217,-3.7599902153015137,5.537334442138672,0.1181635633111,0.13206516206264496,0.18767155706882477
3.541882038116455,1.655582308769226,0.7658939957618713,-0.6932826042175293,0.7022489309310913,-0.09746046364307404,-0.12925608456134796,-6.695599555969238,-2.4495668411254883,-2.1980106830596924,-0.40546509623527527,1.3971107006072998,1.4249138832092285,1.2163898944854736
3.1095523834228516,1.828395128250122,0.7926552891731262,0.934015154838562,-0.2923814058303833,-0.0739593580365181,0.1914648860692978,-3.0015289783477783,-5.878754138946533,-3.661130666732788,2.7725887298583984,-1.369307518005371,-1.2580947875976562,-1.4388154745101929
3.4905624389648438,1.8179811239242554,0.7228225469589233,-0.008280187845230103,0.8847680687904358,0.3946765065193176,0.2476840615272522,-2.3685829639434814,-3.2510180473327637,-4.192465782165527,1.8559390306472778,-0.6221523880958557,-0.49404311180114746,-0.5709267258644104
3.2346582412719727,1.6201571226119995,0.9480880498886108,0.9196613430976868,0.14704522490501404,-0.3617924451828003,-0.0413152240216732,-2.5144383907318115,-2.930474281311035,-5.026220321655273,-1.0678019523620605,-0.1459668129682541,-0.09577623754739761,-0.17401137948036194
3.4040651321411133,1.576291799545288,0.9468235373497009,-0.6822232604026794,0.7279132604598999,0.02004506066441536,0.0656648501753807,-2.8222808837890625,-6.570812702178955,-2.7437148094177246,-1.2227606773376465,0.13206516206264496,0.0069507728330791,-0.04865562170743942
3.2398176193237305,1.781633973121643,0.8723573684692383,-0.6545748710632324,0.7332496047019958,0.11404947936534882,-0.1444626748561859,-3.1067397594451904,-10,-2.897935628890991,0.2125614434480667,-0.813243567943573,-0.7576372027397156,-0.8549483418464661
3.6173980236053467,1.7409721612930298,0.8822473883628845,0.8299917578697205,-0.5343045592308044,0.01175055280327797,-0.15966928005218506,-3.8977696895599365,-4.572397232055664,-2.8623461723327637,5.537334442138672,0.4935067296028137,0.6464243531227112,0.5630147457122803
3.6060707569122314,1.7084426879882812,0.9840566515922546,0.7219898700714111,-0.6435155272483826,-0.17625829577445984,0.1831703782081604,-10,-3.6237330436706543,-2.9295706748962402,2.6390573978424072,0.07645876705646515,0.24327795207500458,0.07645876705646515
2.9528565406799316,1.9015864133834839,0.7926552891731262,-0.34629568457603455,0.9075315594673157,-0.15137477219104767,0.1831703782081604,-3.0521860122680664,-3.802579641342163,-10,3.0992729663848877,-1.0912755727767944,-0.9939643740653992,-1.0912755727767944
2.9264259338378906,2.0337374210357666,0.737969160079956,0.6742285490036011,-0.5813067555427551,-0.4320056140422821,0.1444626748561859,-2.0234575271606445,-10,-2.0240180492401123,-0.7646061182022095,-0.7715387940406799,-0.7715387940406799,-0.5769163966178894
3.4418232440948486,1.8873547315597534,0.8048723936080933,0.8430661559104919,-0.01175055280327797,0.09746046364307404,-0.5287748575210571,-2.670309543609619,-10,-3.7599902153015137,3.725693464279175,-0.2849828004837036,-0.2293764054775238,-0.2849828004837036
3.2114992141723633,2.0357704162597656,0.8159259557723999,-0.48177266120910645,0.8723481893539429,0.05875276401638985,0.05875276401638985,-3.1651902198791504,-10,-2.288961410522461,0.023530498147010803,-0.45180198550224304,-0.41009721159935,-0.2849828004837036
3.6343891620635986,1.9829100370407104,0.6914278268814087,0.6289466023445129,-0.6213968396186829,0.0435461662709713,-0.46518364548683167,-2.1988089084625244,-3.507094144821167,-10,5.537334442138672,-0.2293764054775238,-0.1459668129682541,-0.1459668129682541
3.161851644515991,1.879055380821228,0.9163673520088196,0.9574441313743591,-0.2607029974460602,0.02416727878153324,0.12145206332206726,-2.767198085784912,-3.9248642921447754,-4.266769886016846,0.7067357897758484,-0.401933491230011,-0.21361979842185974,-0.47874903678894043
3.662811040878296,1.797178864479065,0.8935973644256592,0.10318190604448318,0.40132787823677063,0.6869568228721619,0.5969755053520203,-2.252784252166748,-3.1805715560913086,-3.928701639175415,0.42458778619766235,-0.04023956507444382,0.19050820171833038,-0.008181402459740639
2.6322379112243652,1.5984474420547485,1.2024836540222168,0.6532512307167053,0.7519949674606323,-0.07680274546146393,0.0432170070707798,-2.5472686290740967,-3.12115740776062,-4.585671424865723,3.6842262744903564,-0.47613823413848877,-0.32607051730155945,-0.5272005200386047
2.640336275100708,1.5819222927093506,1.2461220026016235,-0.19855475425720215,0.5559470057487488,0.6133444905281067,0.5246975421905518,-3.4145030975341797,-3.71476149559021,-4.118322372436523,2.69710636138916,-1.0634723901748657,-0.8891672492027283,-1.0634723901748657
3.506011962890625,1.5864572525024414,1.0061638355255127,0.6850571632385254,-0.6614869832992554,-0.20805390179157257,0.22326049208641052,-10,-3.0172102451324463,-2.8821182250976562,2.463853359222412,-0.006950825918465853,0.13206516206264496,-0.006950825918465853
3.609846591949463,1.5945895910263062,1.0986647605895996,0.8248364925384521,-0.5425990223884583,-0.1527571827173233,-0.0435461662709713,-4.0107741355896,-10,-3.7283551692962646,5.537334442138672,0.0625571683049202,0.2710811495780945,-0.10426201671361923
2.6111464500427246,1.871090054512024,1.0358339548110962,-0.613102376461029,0.78607177734375,0.0739593580365181,0.026957150548696518,-2.04683780670166,-10,-2.043789863586426,-1.54044508934021,-0.563014805316925,-0.5352115631103516,-0.11816361546516418
3.6608197689056396,1.7206412553787231,0.8351242542266846,0.7761285901069641,-0.5190979242324829,0.13616816699504852,-0.3310891091823578,-3.6600711345672607,-10,-2.803030490875244,5.537334442138672,-0.006950825918465853,0.18767155706882477,0.10426196455955505
3.734447956085205,1.7409721612930298,0.9008639454841614,0.849504292011261,-0.261968195438385,0.4416825473308563,-0.12096156924962997,-2.4287142753601074,-2.8383636474609375,-10,-0.07061756402254105,0.42399874329566956,0.6742275357246399,0.3266875445842743
0.864680290222168,0.17017598450183868,1.5095173120498657,-0.4439913332462311,0.09912337362766266,0.888044536113739,0.06650674343109131,-3.0374839305877686,-3.723961353302002,-4.103628158569336,1.1092901229858398,-0.9458169341087341,-0.9030269384384155,-0.9415448904037476
1.1555739641189575,0.15922702848911285,1.504738211631775,-0.5190979242324829,0.8067066073417664,0.21496598422527313,-0.1831703782081604,-7.085269451141357,-3.1882808208465576,-2.288961410522461,-1.2227606773376465,-0.688129186630249,-0.7854403853416443,-0.7993419766426086
0.8950434327125549,0.28527867794036865,1.392457127571106,-0.2702627182006836,0.800891101360321,-0.5204803347587585,-0.12096156924962997,-10,-3.7870278358459473,-2.803030490875244,0.38915154337882996,-0.813243567943573,-0.8549483418464661,-0.7715387940406799
0.987550675868988,0.34830453991889954,1.4867033958435059,-0.4015924036502838,0.9006044268608093,-0.08225386589765549,0.1444626748561859,-10,-2.0452182292938232,-2.613220453262329,0.5719616413116455,-0.8827515840530396,-0.8827515840530396,-0.9105547666549683
1.2496713399887085,0.27804651856422424,1.5631799697875977,0.826129138469696,0.5040391087532043,-0.24963654577732086,-0.03371747210621834,-2.393524646759033,-3.1689915657043457,-3.8132944107055664,0.23762819170951843,-1.2549721002578735,-1.220983862876892,-1.2758395671844482
1.0876094102859497,0.32390743494033813,1.560587763786316,0.7579531073570251,-0.5688650012016296,-0.03525165840983391,0.3172649145126343,-10,-3.087193489074707,-3.16287899017334,0.38915154337882996,-0.6603260040283203,-0.7020307779312134,-0.7854403853416443
0.8633385896682739,0.43528443574905396,1.6644364595413208,-0.3286099135875702,0.40177616477012634,0.5570656061172485,0.6482818722724915,-3.137352228164673,-3.5224030017852783,-3.905484676361084,1.2593328952789307,-0.8669033050537109,-0.8082678318023682,-0.8585187196731567
1.2805296182632446,0.4068531095981598,1.5957248210906982,0.9763553738594055,-0.08679109066724777,-0.005094995256513357,-0.19791799783706665,-2.5494062900543213,-2.8521857261657715,-4.290159225463867,1.9373600482940674,-0.8761764764785767,-0.7798190116882324,-1.0818897485733032
1.0787508487701416,0.5326349139213562,1.5577499866485596,-0.11445147544145584,0.4407334327697754,0.889705240726471,0.032856285572052,-2.4352645874023438,-2.8037993907928467,-3.9939239025115967,16.11809539794922,-0.7890254855155945,-0.6588160991668701,-0.9895610809326172
1.2008836269378662,0.48655474185943604,1.5314995050430298,0.9227116703987122,-0.3186473250389099,-0.11404947936534882,-0.18455280363559723,-2.9508719444274902,-3.3671271800994873,-10,-0.14929629862308502,-1.4249138832092285,-1.2163898944854736,-1.6056346893310547
1.0886566638946533,0.5040067434310913,1.6226882934570312,0.05148935317993164,0.5173059701919556,0.7629750967025757,0.38420355319976807,-2.6190199851989746,-3.6126890182495117,-4.509007930755615,-0.49156439304351807,-0.4026901125907898,-0.2334354817867279,-0.6711837649345398
1.3610308170318604,0.009064779616892338,1.41080904006958,0.5723510384559631,-0.6281443238258362,-0.2845008373260498,-0.443743497133255,-2.3507533073425293,-2.6012353897094727,-3.417933940887451,16.11809539794922,-1.58999764919281,-1.631049394607544,-1.495074987411499
1.6321758031845093,0.11764921247959137,1.5126721858978271,0.8760232925415039,0.14254431426525116,0.29660356044769287,-0.3525487780570984,-1.9724619388580322,-2.613518714904785,-3.091127395629883,1.7499526739120483,-1.7724539041519165,-1.7724539041519165,-1.7724539041519165
1.282063364982605,0.1409292072057724,1.4506338834762573,-0.5190979242324829,0.7297958731651306,0.4015924036502838,-0.1914648860692978,-7.72432804107666,-2.90057110786438,-2.3087332248687744,5.537334442138672,-1.1468819379806519,-1.0912755727767944,-1.1329803466796875
1.470562219619751,0.15847481787204742,1.5023311376571655,0.9626302123069763,-0.09233629703521729,0.2461596578359604,0.06498085707426071,-2.2538201808929443,-2.445812702178955,-2.7368149757385254,16.11809539794922,-1.7724539041519165,-1.7724539041519165,-1.7724539041519165
1.2499690055847168,0.1673593819141388,1.461687445640564,-0.5633352994918823,0.7190377712249756,0.29929348826408386,0.2757923901081085,-7.72432804107666,-2.9472267627716064,-2.3720033168792725,5.537334442138672,-1.3832091093063354,-1.2997995615005493,-1.3971107006072998
1.2321696281433105,0.12420254945755005,1.5774223804473877,-0.31112805008888245,0.5891630053520203,0.7174601554870605,-0.2033156007528305,-2.1136250495910645,-3.3092143535614014,-4.530072212219238,1.62851083278656,-0.7448768615722656,-0.8112661242485046,-0.9429033398628235
1.3141577243804932,0.03927462920546532,1.629818081855774,0.9488723278045654,-0.3089704215526581,-0.05875276401638985,-0.026957150548696518,-6.695599555969238,-3.048313856124878,-3.8034884929656982,0.26028311252593994,-0.7854403853416443,-0.7715387940406799,-0.9939643740653992
1.5665085315704346,-0.019528036937117577,1.6449440717697144,0.9112339019775391,-0.34932035207748413,0.003370403777807951,-0.21821242570877075,-2.4050960540771484,-2.869640350341797,-4.742446422576904,16.11809539794922,-1.625564694404602,-1.6508903503417969,-1.6306297779083252
1.282063364982605,0.1409292072057724,1.6519252061843872,-0.4403001070022583,0.8227834701538086,0.26888027787208557,0.23846709728240967,-10,-2.9316749572753906,-2.8623461723327637,-0.9916401505470276,-0.563014805316925,-0.5213099718093872,-0.6742275953292847
1.4435627460479736,0.16411691904067993,1.6627577543258667,0.9444959163665771,-0.07489368319511414,0.021718787029385567,0.31913435459136963,-2.3321516513824463,-3.4290783405303955,-4.150522708892822,1.2244043350219727,-1.2026641368865967,-1.105528712272644,-1.2999753952026367
1.5331543684005737,0.11246591806411743,1.6734505891799927,-0.4015924036502838,0.9066804647445679,0.0739593580365181,-0.10575497150421143,-2.51444149017334,-10,-2.613220453262329,0.023530498147010803,-1.7029459476470947,-1.6473394632339478,-1.7724539041519165
1.618109941482544,0.09010191261768341,1.6344722509384155,-0.48177266120910645,0.7871431708335876,-0.09746046364307404,-0.37256163358688354,-10,-3.2971436977386475,-2.4906346797943115,5.537334442138672,-1.0634723901748657,-1.0912755727767944,-1.1607835292816162
1.7513151168823242,0.1523587554693222,1.6537197828292847,0.6424379944801331,0.49914777278900146,0.5782843828201294,0.060926880687475204,-2.523888111114502,-2.7755415439605713,-4.285553932189941,16.11809539794922,-0.8544533848762512,-0.7451271414756775,-1.0818427801132202
1.9050710201263428,0.18972338736057281,1.365695834159851,-0.19008246064186096,0.937495231628418,-0.2135835736989975,0.19837696850299835,-6.695599555969238,-2.9861063957214355,-2.431318998336792,-0.40546509623527527,-1.7724539041519165,-1.7724539041519165,-1.7724539041519165
1.8193761110305786,0.18073809146881104,1.483989953994751,0.8601980209350586,0.13408590853214264,-0.4909525513648987,0.032340604811906815,-2.2508656978607178,-2.3719403743743896,-3.096892833709717,-0.15808182954788208,-0.8382061123847961,-0.7909493446350098,-0.9856147766113281
1.7294961214065552,0.30764269828796387,1.4029289484024048,-0.5578056573867798,0.8218469023704529,0.0739593580365181,-0.08916595578193665,-2.113081693649292,-10,-3.273601531982422,-0.9135472178459167,-1.4944219589233398,-1.4666187763214111,-1.4666187763214111
1.5237147808074951,0.30967578291893005,1.4611055850982666,-0.5992781519889832,0.7880943417549133,-0.11404947936534882,0.08225386589765549,-2.5339250564575195,-10,-2.6883535385131836,2.1756255626678467,-1.7724539041519165,-1.6473394632339478,-1.7029459476470947
1.5501453876495361,0.3767678141593933,1.468086838722229,0.7235445976257324,-0.6683990955352783,0.13616816699504852,0.10575497150421143,-2.8807313442230225,-2.535102128982544,-10,0.26028311252593994,-1.021767497062683,-0.9661611318588257,-1.0634723901748657
1.3877859115600586,0.2629146873950958,1.6635606288909912,0.6613128781318665,-0.6075726747512817,0.4347704350948334,-0.06704726815223694,-10,-2.410687208175659,-2.66858172416687,-1.1569843292236328,-1.3554059267044067,-0.9661611318588257,-1.2719963788986206
1.3858979940414429,0.3178081512451172,1.604802131652832,0.7120455503463745,-0.6504276394844055,-0.174875870347023,-0.19837696850299835,-5.881189346313477,-3.5304219722747803,-2.7278974056243896,-0.4218320846557617,0.18767155706882477,0.3822939395904541,-0.173770010471344
1.6388767957687378,0.28527867794036865,1.601311445236206,0.7469071745872498,-0.5287748575210571,-0.40297484397888184,-0.01175055280327797,-2.9508719444274902,-7.43394136428833,-2.573676586151123,1.1143606901168823,-0.9661611318588257,-0.8688499927520752,-1.0495707988739014
1.5784639120101929,0.29747724533081055,1.5960756540298462,-0.5757770538330078,0.7564994096755981,-0.3089704215526581,0.026957150548696518,-3.12622332572937,-10,-2.66858172416687,0.7108467817306519,-1.7724539041519165,-1.7724539041519165,-1.7724539041519165
1.7219445705413818,0.3035765290260315,1.5914214849472046,-0.5025089383125305,0.8212560415267944,0.26888027787208557,-0.026957150548696518,-5.740908145904541,-4.16804838180542,-2.7278974056243896,3.4299468994140625,-1.0912755727767944,-0.9939643740653992,-1.230291485786438
1.4009536504745483,0.44776105880737305,1.635918378829956,0.9266961216926575,0.16621679067611694,0.13029862940311432,-0.3108512759208679,-2.6779277324676514,-2.7800419330596924,-5.066858768463135,-0.059590719640254974,-0.8568389415740967,-0.7283405065536499,-1.0116312503814697
1.8481014966964722,0.2324766218662262,1.6320607662200928,-0.4775961637496948,0.21767152845859528,0.8301310539245605,0.1881580650806427,-2.2143564224243164,-2.4951770305633545,-3.8438985347747803,-0.06667652726173401,-0.12846523523330688,0.0069507728330791,-0.5316116213798523
1.395337462425232,0.023009898141026497,1.7455897331237793,0.7962868213653564,-0.5453639030456543,0.25505611300468445,-0.05875276401638985,-10,-3.1649529933929443,-2.225691318511963,-1.0933903455734253,-0.4657036066055298,-0.6603260040283203,-0.5213099718093872
1.5496912002563477,0.0725957527756691,1.731480598449707,0.8841387033462524,0.3021651804447174,-0.005676687695086002,-0.35631826519966125,-2.245094060897827,-3.0007007122039795,-5.7768964767456055,0.008165312930941582,-1.1385732889175415,-1.0837942361831665,-1.6321791410446167
1.6947771310806274,0.23429380357265472,1.8155637979507446,-0.4479232430458069,0.7192605137825012,0.5307790637016296,-0.01739821396768093,-2.541552782058716,-3.2192633152008057,-4.288524627685547,0.24054285883903503,-0.26225799322128296,-0.19021080434322357,-0.5876759886741638
1.6955138444900513,0.21412049233913422,1.790967583656311,-0.5260100364685059,0.7913008332252502,-0.30758798122406006,0.05045825615525246,-10,-3.0172102451324463,-3.7599902153015137,0.22843924164772034,0.3266875445842743,0.4379003345966339,-0.173770010471344
1.4349833726882935,0.07587027549743652,1.864851951599121,0.8431023955345154,-0.3324715197086334,-0.09746046364307404,-0.41126933693885803,-4.365373611450195,-5.878754138946533,-3.0323846340179443,0.29225873947143555,-0.563014805316925,-0.6742275953292847,-0.7715387940406799
1.4841065406799316,0.2906019687652588,1.8122440576553345,-0.1817724108695984,0.5487773418426514,0.8140107989311218,0.05646809563040733,-2.541224479675293,-3.6676082611083984,-4.972167491912842,0.051522061228752136,-0.1531003713607788,-0.0033840464893728495,-0.5733495950698853
1.601118803024292,0.28527867794036865,1.7101019620895386,0.7369153499603271,-0.6670166850090027,-0.09746046364307404,0.05045825615525246,-4.190021991729736,-8.056015968322754,-2.4510908126831055,1.0317493677139282,-0.7576372027397156,-0.563014805316925,-0.9939643740653992
1.7597025632858276,0.2934110462665558,1.7420991659164429,0.7789526581764221,-0.5826891660690308,0.23017258942127228,-0.026957150548696518,-6.200718879699707,-3.087193489074707,-2.6329922676086426,-1.6236225366592407,1.7724539041519165,1.7724539041519165,1.7724539041519165
1.274511694908142,0.35846999287605286,1.6897400617599487,0.7803865671157837,-0.4347704350948334,0.4195638597011566,-0.1610516905784607,-10,-2.4728946685791016,-2.2454631328582764,-1.1355558633804321,-0.6464243531227112,-0.5491132140159607,-0.7715387940406799
1.3896738290786743,0.41133037209510803,1.6978847980499268,0.7931582927703857,-0.5978957414627075,0.11266706138849258,0.026957150548696518,-3.7263150215148926,-10,-2.8821182250976562,1.4360558986663818,-0.813243567943573,-0.563014805316925,-1.1329803466796875
1.7464872598648071,0.40726417303085327,1.8247100114822388,0.7191254496574402,-0.6573397517204285,-0.12096156924962997,-0.19008246064186096,-5.740908145904541,-4.992297649383545,-3.0877459049224854,1.2452157735824585,-0.006950825918465853,0.18767155706882477,-0.39619559049606323
1.7181687355041504,0.3198412358760834,1.8695061206817627,0.8515691757202148,-0.4278583526611328,-0.0739593580365181,0.29376381635665894,-10,-4.3624467849731445,-3.052156448364258,4.840242385864258,0.10426196455955505,0.21547475457191467,-0.2849828004837036
0.07840950042009354,0.7230764627456665,1.4343692064285278,0.14736580848693848,0.6590107679367065,0.7274233102798462,-0.12183362990617752,-2.616201877593994,-3.733999729156494,-4.201651096343994,0.8075733780860901,-0.36164888739585876,-0.3146791458129883,-0.3692215085029602
0.5761677026748657,0.6830224394798279,1.457781195640564,0.08519171178340912,0.7956207990646362,0.5769550204277039,-0.1638682782649994,-2.5878047943115234,-3.2784438133239746,-3.520395278930664,16.11809539794922,-0.9942600727081299,-0.9045613408088684,-0.8961394429206848
0.026608550921082497,0.6024409532546997,1.5152100324630737,0.7849891185760498,-0.5896012783050537,-0.16796378791332245,0.08916595578193665,-10,-3.343799352645874,-4.495504856109619,0.8944319486618042,-0.41009721159935,-0.39619559049606323,-0.45180198550224304
0.7081411480903625,0.5861762166023254,1.501247525215149,-0.5743946433067322,0.7853493690490723,0.05875276401638985,-0.22326049208641052,-2.8222808837890625,-10,-2.3720033168792725,-1.773577094078064,-1.6334378719329834,-1.5222251415252686,-1.5917330980300903
0.7702723145484924,0.8044372797012329,1.3730517625808716,0.034927770495414734,0.7083284854888916,0.6933146715164185,-0.12792804837226868,-2.4872660636901855,-2.8902339935302734,-4.450445652008057,16.11809539794922,-1.3199923038482666,-1.3250346183776855,-1.235310435295105
0.6741589307785034,0.7467904686927795,1.4686685800552368,0.7687981128692627,-0.5495111346244812,-0.28546929359436035,0.15966928005218506,-3.531480073928833,-10,-2.897935628890991,1.8718022108078003,-0.9661611318588257,-0.8827515840530396,-0.8966531753540039
0.9573442339897156,0.6939300894737244,1.4116554260253906,-0.5896012783050537,0.7993433475494385,-0.11266706138849258,0.026957150548696518,-3.1067397594451904,-10,-2.043789863586426,1.2679531574249268,-1.2580947875976562,-1.2163898944854736,-1.2163898944854736
0.9793737530708313,0.6589027047157288,1.4873547554016113,0.9349648952484131,-0.34567970037460327,0.07050322741270065,0.03708762302994728,-2.9230077266693115,-3.2898519039154053,-3.6778857707977295,0.6003440618515015,-0.9731712341308594,-0.9477741718292236,-0.895999550819397
0.7275296449661255,0.6128718256950378,1.6123090982437134,0.4229837954044342,0.8219311237335205,0.34559619426727295,-0.16148445010185242,-2.712357997894287,-3.420614719390869,-4.589194297790527,1.818910002708435,-0.4058688282966614,-0.32717421650886536,-0.43971535563468933
1.0687304735183716,0.6207388043403625,1.6170191764831543,0.8308478593826294,-0.5508935451507568,-0.0435461662709713,0.0656648501753807,-4.0107741355896,-7.43394136428833,-3.210331678390503,2.3599960803985596,-0.45180198550224304,-0.2293764054775238,-0.7437355518341064
0.7855451703071594,0.6817315220832825,1.517536997795105,0.8799757957458496,-0.39468032121658325,-0.03525165840983391,0.261968195438385,-3.06777286529541,-2.7295005321502686,-10,1.3619623184204102,-0.8827515840530396,-0.813243567943573,-0.7715387940406799
0.10967623442411423,0.7813529968261719,1.3773311376571655,-0.5992781519889832,0.6685956120491028,0.3794737160205841,0.22326049208641052,-4.279645919799805,-7.060696601867676,-2.9651601314544678,1.2679531574249268,-1.1746851205825806,-1.0912755727767944,-1.0634723901748657
0.032272256910800934,0.840312659740448,1.37616765499115,-0.48177266120910645,0.803811252117157,0.24676160514354706,-0.24676160514354706,-10,-3.507094144821167,-2.6329922676086426,-0.2443457543849945,-0.9800627827644348,-0.8827515840530396,-0.8827515840530396
0.5627726912498474,0.8138824701309204,1.3546422719955444,-0.4264759421348572,0.9020398855209351,-0.0435461662709713,-0.05045825615525246,-10,-2.2473926544189453,-3.0877459049224854,-0.9135472178459167,-0.9939643740653992,-0.9800627827644348,-0.8827515840530396
0.007729530334472656,1.0232908725738525,1.3552240133285522,0.5990413427352905,-0.5536583662033081,0.19284729659557343,0.5453639030456543,-10,-4.144720554351807,-2.470862627029419,1.1786550283432007,-1.035669207572937,-0.9661611318588257,-0.9244563579559326
0.4929203391075134,0.8992723226547241,1.4360896348953247,-0.5909836888313293,0.764443039894104,0.09746046364307404,0.23846709728240967,-2.1520485877990723,-10,-3.052156448364258,-0.4878840446472168,-0.9800627827644348,-0.8827515840530396,-0.7715387940406799
0.09646092355251312,1.0253239870071411,1.6018933057785034,0.9097505211830139,-0.40297484397888184,-0.0739593580365181,0.06704726815223694,-5.881189346313477,-3.6626126766204834,-4.345238208770752,0.5719616413116455,0.5491131544113159,0.7576371431350708,0.2710811495780945
0.6492566466331482,0.8547943830490112,1.461047887802124,0.6735568642616272,0.08553450554609299,0.5486679673194885,0.4878200888633728,-2.8390727043151855,-3.021923780441284,-4.507414817810059,0.9817295074462891,-0.42852240800857544,-0.30969685316085815,-0.42135095596313477
0.8127419948577881,0.8348778486251831,1.494513750076294,0.8191855549812317,-0.38224858045578003,-0.22804474830627441,-0.3616858422756195,-2.3888068199157715,-2.8955507278442383,-3.960981607437134,0.6428268551826477,-0.8155491948127747,-0.7715387940406799,-0.8053637146949768
1.0491313934326172,0.9640023112297058,1.3961466550827026,0.8460251092910767,0.4309738278388977,-0.31292229890823364,0.0241387952119112,-2.643110752105713,-3.4423704147338867,-3.8109610080718994,0.8862016797065735,-0.8944041132926941,-0.8033154606819153,-0.7945760488510132
1.0467250347137451,1.020383358001709,1.4530394077301025,-0.1321970522403717,0.7392206788063049,0.6322832703590393,-0.19051124155521393,-2.3039093017578125,-4.219239711761475,-4.574723243713379,0.4066104292869568,-0.5597755908966064,-0.4485628306865692,-0.5929325222969055
1.2877271175384521,0.5617791414260864,1.4878668785095215,-0.40297484397888184,0.9103217124938965,-0.09054837375879288,0.026957150548696518,-2.0234575271606445,-10,-2.1980106830596924,0.023530498147010803,-0.9939643740653992,-0.8827515840530396,-1.0078659057617188
1.6540366411209106,0.5094590187072754,1.6307289600372314,-0.03231588378548622,0.8883048892021179,0.43763628602027893,-0.1354420930147171,-2.5816235542297363,-3.0955498218536377,-4.757269382476807,0.5769092440605164,-0.5024632215499878,-0.3136199414730072,-0.7484223246574402
2.3637442588806152,0.6584118008613586,1.421692967414856,0.8221104145050049,0.0834302082657814,-0.5177434086799622,-0.22162042558193207,-3.1294357776641846,-3.691549062728882,-4.095324993133545,1.6970233917236328,-1.1056891679763794,-1.0082499980926514,-1.098514437675476
2.3845980167388916,0.6695329546928406,1.4867033958435059,0.8286667466163635,-0.5066561698913574,-0.12925608456134796,0.19975939393043518,-10,-2.9627785682678223,-3.8786215782165527,5.537334442138672,-0.9244563579559326,-0.8549483418464661,-0.9244563579559326
2.4075024127960205,0.5824404954910278,1.5097299814224243,0.909956157207489,-0.011916415765881538,0.2946549355983734,-0.29157546162605286,-3.1385321617126465,-3.761016607284546,-4.358338356018066,10.615293502807617,-0.8943935632705688,-0.7831807732582092,-1.009702205657959
2.3468401432037354,0.9379010200500488,1.4692503213882446,-0.5771594643592834,0.7016962766647339,-0.21634840965270996,-0.3573550283908844,-3.8354225158691406,-8.056015968322754,-3.447594404220581,5.537334442138672,-0.8966531753540039,-0.7854403853416443,-0.9939643740653992
2.4015891551971436,1.0009268522262573,1.4977569580078125,-0.5232452154159546,0.6096757054328918,-0.3573550283908844,-0.4762429893016815,-4.139365196228027,-10,-3.186605215072632,0.5719616413116455,-0.688129186630249,-0.5908179879188538,-0.7715387940406799
2.421010732650757,0.985318660736084,1.5929977893829346,0.4600515067577362,0.8135678768157959,0.3323904573917389,0.12639831006526947,-3.0538320541381836,-3.464724540710449,-5.854953765869141,-0.4579841196537018,0.019493915140628815,0.0625571683049202,-0.09239809960126877
2.399718761444092,0.7854530811309814,1.5498307943344116,0.3881257176399231,0.3388303220272064,0.26916372776031494,0.813697338104248,-2.069434881210327,-3.811622142791748,-4.3444905281066895,-0.7783350348472595,-0.5299904942512512,-0.32146647572517395,-0.588631808757782
2.3940377235412598,0.9277355670928955,1.611201524734497,-0.32417699694633484,0.9355546236038208,-0.13755059242248535,0.026957150548696518,-3.2742979526519775,-4.245808124542236,-10,5.537334442138672,-0.5908179879188538,-0.45180198550224304,-0.7020307779312134
2.84147047996521,0.1409292072057724,1.4046741724014282,0.44306495785713196,-0.5840715765953064,0.6768001914024353,-0.06704726815223694,-10,-3.1105213165283203,-3.5306363105773926,4.139158725738525,0.3822939395904541,0.42399874329566956,0.0069507728330791
2.8830041885375977,0.1775248497724533,1.4506338834762573,-0.23017258942127228,0.8924787640571594,-0.34629568457603455,0.174875870347023,-10,-2.7450523376464844,-3.0877459049224854,-1.6817585229873657,1.1190787553787231,1.7724539041519165,0.98006272315979
3.062354803085327,0.0535062700510025,1.390711784362793,0.915433943271637,-0.3573550283908844,0.11404947936534882,0.14584510028362274,-2.611859083175659,-7.060696601867676,-2.9493424892425537,0.2125614434480667,0.7576371431350708,0.6464243531227112,0.5352115631103516
2.7932658195495605,0.5010519027709961,1.3819818496704102,0.40298962593078613,0.5666725635528564,0.21517235040664673,0.6856985092163086,-2.863325357437134,-3.705939769744873,-4.648743152618408,1.5387040376663208,-0.23677758872509003,-0.0458558090031147,-0.2692100405693054
2.7214126586914062,0.49441638588905334,1.4737271070480347,0.5807126760482788,-0.043661270290613174,-0.6823244690895081,0.44192737340927124,-2.962965488433838,-3.764810800552368,-4.1559624671936035,0.6971219778060913,-0.6918990612030029,-0.6369322538375854,-0.8056363463401794
2.718756675720215,0.594308614730835,1.4506338834762573,-0.1914648860692978,0.8111292123794556,-0.02004506066441536,-0.5522759556770325,-7.72432804107666,-4.191376209259033,-3.16287899017334,5.537334442138672,-1.035669207572937,-0.9939643740653992,-1.1607835292816162
2.756281614303589,0.7237391471862793,1.4811464548110962,0.7448799014091492,0.43129563331604004,0.32288864254951477,0.39354920387268066,-2.454833984375,-3.234395742416382,-4.711005210876465,-0.7671120762825012,0.10426196455955505,0.22648835182189941,-0.014714186079800129
2.4514999389648438,0.710689127445221,1.4055708646774292,0.5367314219474792,-0.28097790479660034,-0.5320103764533997,-0.5915536880493164,-2.908632516860962,-3.720299482345581,-4.650697231292725,16.11809539794922,-1.2559300661087036,-1.1332465410232544,-1.1408050060272217
2.7489631175994873,0.6614006161689758,1.3645323514938354,0.9596308469772339,-0.19975939393043518,0.1914648860692978,-0.05045825615525246,-10,-3.343799352645874,-4.167291164398193,3.0992729663848877,-1.188586711883545,-1.07737398147583,-1.2719963788986206
2.6791107654571533,0.7488235235214233,1.5751320123672485,-0.5978957414627075,0.6683640480041504,0.4416825473308563,0.026957150548696518,-6.418933868408203,-4.035857677459717,-4.009116172790527,5.537334442138672,-0.9244563579559326,-0.8688499927520752,-1.0634723901748657
2.8924436569213867,0.7162940502166748,1.5140464305877686,-0.6573397517204285,0.695662260055542,0.16658136248588562,0.23708467185497284,-10,-3.693716526031494,-3.621587038040161,0.5719616413116455,1.7724539041519165,1.7724539041519165,1.7724539041519165
2.4771053791046143,0.8545442819595337,1.3796582221984863,0.8583421111106873,-0.5052737593650818,0.05875276401638985,0.06704726815223694,-3.983497142791748,-10,-2.7437148094177246,1.2679531574249268,-1.4249138832092285,-1.3554059267044067,-1.4249138832092285
2.5749099254608154,0.877642035484314,1.391330361366272,0.9200526475906372,-0.3301708400249481,-0.12170911580324173,-0.1722707450389862,-2.809673309326172,-3.5816214084625244,-4.248369216918945,0.8156612515449524,-1.23357355594635,-1.1461083889007568,-1.2017148733139038
2.6126039028167725,0.7907811999320984,1.4970425367355347,0.9616889953613281,-0.06772547215223312,0.008097521960735321,0.2655220031738281,-3.269002676010132,-3.7440285682678223,-4.931208610534668,2.1863415241241455,-0.9426066279411316,-0.6768912076950073,-1.0334347486495972
2.790497064590454,0.7894853949546814,1.3866394758224487,0.8080392479896545,-0.5038913488388062,-0.26888027787208557,0.1444626748561859,-3.936736583709717,-3.1882808208465576,-7.010489463806152,4.840242385864258,-0.7576372027397156,-0.6603260040283203,-0.8549483418464661
2.8282551765441895,0.8728421330451965,1.3668593168258667,0.7168416976928711,-0.6393682956695557,-0.20805390179157257,-0.18455280363559723,-3.8977696895599365,-7.43394136428833,-3.9221198558807373,1.8718022108078003,-0.39619559049606323,-0.173770010471344,-0.41009721159935
2.745187282562256,0.8362464904785156,1.4244543313980103,-0.4320056140422821,0.8614025115966797,0.05875276401638985,-0.2605857849121094,-3.0872561931610107,-10,-3.273601531982422,-0.5890069007873535,-1.7724539041519165,-1.7724539041519165,-1.7724539041519165
2.504331350326538,0.9865504503250122,1.4954187870025635,0.9433860778808594,-0.1488334685564041,0.24485556781291962,0.1670840084552765,-2.574364185333252,-3.7599520683288574,-4.659929275512695,0.2118019163608551,-1.7724539041519165,-1.7724539041519165,-1.7724539041519165
2.573124647140503,1.035215973854065,1.404745101928711,0.9016421437263489,-0.2677679657936096,-0.17530883848667145,-0.29087555408477783,-2.8372550010681152,-3.3565449714660645,-4.713881492614746,0.5391690135002136,-0.3848350942134857,-0.16808976233005524,-0.34313032031059265
2.814255952835083,1.0588756799697876,1.3547292947769165,-0.13681168854236603,0.7703202366828918,0.6217772960662842,-0.03580895811319351,-2.7167067527770996,-4.149850368499756,-4.29373836517334,3.2871322631835938,-0.07100007683038712,0.18845893442630768,-0.12728136777877808
2.74385142326355,0.9718876481056213,1.3953797817230225,0.6994955539703369,-0.42418864369392395,-0.2776089608669281,-0.5036895871162415,-2.79546856880188,-3.1463491916656494,-5.035775661468506,1.2815368175506592,-0.9094422459602356,-0.8153784275054932,-0.8529237508773804
2.7508511543273926,0.9521327018737793,1.4285266399383545,0.7176277041435242,-0.6794584393501282,0.1527571827173233,-0.0034560449421405792,-3.47692608833313,-6.780762672424316,-4.345238208770752,5.537334442138672,-1.4110122919082642,-1.2163898944854736,-1.619536280632019
2.75651478767395,0.9033384919166565,1.4785586595535278,-0.5550408363342285,0.5798773765563965,-0.42924076318740845,-0.4140341877937317,-4.221195697784424,-10,-2.4510908126831055,3.725693464279175,-0.7715387940406799,-0.6603260040283203,-0.7715387940406799
2.811269521713257,0.9696637988090515,1.4273489713668823,0.6652716994285583,-0.6490452289581299,-0.3615022897720337,0.0739593580365181,-2.947934627532959,-7.061061382293701,-4.571924209594727,3.00815486907959,-0.13206522166728973,0.1181635633111,-0.27108120918273926
2.8331103324890137,0.9738993048667908,1.4683526754379272,-0.2568301558494568,0.4853895902633667,0.5950133204460144,0.5868512392044067,-2.922773838043213,-3.7420010566711426,-4.222019672393799,1.5569233894348145,0.04872642830014229,0.4240695834159851,-0.006596531253308058
2.596890449523926,0.8484717011451721,1.563364863395691,0.7626309394836426,-0.6213968396186829,-0.08225386589765549,-0.15966928005218506,-10,-4.2825822830200195,-2.7828502655029297,5.537334442138672,-0.2849828004837036,-0.09036041796207428,-0.39619559049606323
2.6736974716186523,0.852484941482544,1.6009527444839478,0.4608258306980133,0.10049722343683243,0.538406491279602,0.6983253955841064,-3.3050856590270996,-3.8275365829467773,-4.3906755447387695,1.5918744802474976,0.46425870060920715,0.7724412083625793,0.24652773141860962
2.8010611534118652,0.7878756523132324,1.5515942573547363,-0.2135835736989975,0.8829395771026611,0.4002099931240082,-0.12096156924962997,-4.280178070068359,-10,-3.8376331329345703,5.537334442138672,-1.1468819379806519,-0.8827515840530396,-1.2163898944854736
2.8044638633728027,0.8424121141433716,1.5280530452728271,0.6881800293922424,-0.5495111346244812,0.174875870347023,-0.4403001070022583,-3.2084996700286865,-10,-4.113499641418457,5.537334442138672,-0.7993419766426086,-0.6603260040283203,-0.9800627827644348
2.8657150268554688,0.8484717011451721,1.5188981294631958,-0.6186320185661316,0.7119328379631042,0.29929348826408386,0.1444626748561859,-6.6967082023620605,-3.5647382736206055,-4.571924209594727,5.537334442138672,-0.7576372027397156,-0.5491132140159607,-0.7715387940406799
2.8371715545654297,0.8977232575416565,1.5244759321212769,0.5997914671897888,0.13045978546142578,0.6668384671211243,0.4225600063800812,-3.3846611976623535,-3.661278486251831,-5.167169094085693,16.11809539794922,0.37264537811279297,0.6464243531227112,0.2807297110557556
2.5764732360839844,0.9575445652008057,1.5385158061981201,-0.4969792664051056,0.8241620063781738,0.2702627182006836,-0.026957150548696518,-10,-4.341699123382568,-2.762565851211548,1.5676685571670532,0.4935067296028137,0.6464243531227112,0.3266875445842743
2.5648703575134277,0.9580753445625305,1.5699790716171265,0.9661406874656677,0.03386789932847023,0.14105144143104553,-0.21337668597698212,-2.7640886306762695,-3.620209217071533,-4.429811477661133,-0.16366100311279297,-0.028230711817741394,0.23834949731826782,-0.12717992067337036
2.45737361907959,1.0181405544281006,1.531976580619812,0.8323920965194702,-0.4264759421348572,-0.2536737024784088,0.24676160514354706,-3.3934166431427,-2.762441873550415,-10,5.537334442138672,-0.3405891954898834,-0.173770010471344,-0.45180198550224304
2.5390419960021973,1.0029915571212769,1.511051058769226,-0.5730122327804565,0.7518215775489807,0.24537917971611023,0.21496598422527313,-2.8975026607513428,-3.2776005268096924,-10,2.6390573978424072,0.21547475457191467,0.4379003345966339,0.0625571683049202
3.1515541076660156,0.9333061575889587,1.3462626934051514,0.8826213479042053,-0.4278583526611328,0.19284729659557343,-0.026957150548696518,-3.662386894226074,-4.459932327270508,-5.943142414093018,5.537334442138672,-0.5213099718093872,-0.3405891954898834,-0.6047195792198181
3.0973503589630127,1.0627329349517822,1.3742762804031372,0.11401498317718506,0.40748322010040283,0.7712625861167908,0.47551244497299194,-2.6674511432647705,-3.5611438751220703,-4.563877105712891,-0.7336924076080322,0.3696040213108063,0.524721622467041,0.05742388591170311
4.186018943786621,0.06981266289949417,2.5690972805023193,-0.4582715630531311,0.8416368365287781,-0.11404947936534882,0.261968195438385,-5.73850154876709,-2.5935373306274414,-4.97355318069458,0.9718605875968933,0.7715387344360352,0.7576371431350708,0.8688499331474304
4.003199577331543,0.30979815125465393,2.630134344100952,-0.24771396815776825,0.7639478445053101,0.5944815874099731,-0.0401640348136425,-2.3200323581695557,-4.09734582901001,-4.55929708480835,-0.8493165373802185,0.18171794712543488,0.2202131748199463,0.15926076471805573
4.002265453338623,0.27886897325515747,2.654107093811035,0.8191730380058289,-0.5453639030456543,0.1527571827173233,0.09054837375879288,-10,-3.590073823928833,-3.2980711460113525,3.0992729663848877,0.0625571683049202,0.15986835956573486,-0.006950825918465853
4.564815521240234,0.31036460399627686,2.4351413249969482,0.935594379901886,-0.19856196641921997,-0.285801500082016,0.05961345508694649,-2.493743419647217,-4.472586631774902,-4.630458831787109,-0.5562252402305603,-0.2015732079744339,-0.021768245846033096,-0.3182809352874756
4.5253987312316895,0.32488441467285156,2.629204750061035,-0.4527614414691925,0.7044164538383484,0.22485525906085968,0.49824151396751404,-2.403109312057495,-3.5357253551483154,-6.516718864440918,0.7733612060546875,0.2093971222639084,0.3349423408508301,0.2928067147731781
4.526272773742676,0.28496137261390686,2.5909104347229004,-0.06975273787975311,0.5721063017845154,0.7166849970817566,0.3926723301410675,-3.0453739166259766,-3.7401301860809326,-5.193497657775879,0.7088072299957275,-0.19238904118537903,-0.09046068787574768,-0.271256685256958
4.482066631317139,0.37582263350486755,2.6044089794158936,0.7166683673858643,-0.5439814925193787,0.3490605354309082,-0.261968195438385,-3.9187493324279785,-3.4211695194244385,-10,5.537334442138672,0.07645876705646515,0.21547475457191467,0.07645876705646515
4.5977630615234375,0.36673322319984436,2.5481717586517334,0.7372109293937683,-0.5661001205444336,-0.339383602142334,-0.1444626748561859,-10,-4.063006401062012,-3.9187703132629395,5.537334442138672,0.13206516206264496,0.36839234828948975,0.21547475457191467
4.710056781768799,0.8515015244483948,2.2813713550567627,-0.5273924469947815,0.6367408037185669,0.339383602142334,0.4485946297645569,-4.881158828735352,-5.160885810852051,-4.344740390777588,5.537334442138672,-0.7020307779312134,-0.5491132140159607,-0.9244563579559326
3.9988625049591064,0.5697299242019653,2.6344895362854004,0.42509353160858154,-0.6283089518547058,0.6514486074447632,0.01175055280327797,-4.418866157531738,-6.241874694824219,-3.756495952606201,5.537334442138672,-0.7993419766426086,-0.6603260040283203,-0.9105547666549683
4.162199020385742,0.6394153833389282,2.661954164505005,0.9252536296844482,-0.27717480063438416,-0.21496598422527313,0.1444626748561859,-10,-3.9194376468658447,-3.5049707889556885,0.8944319486618042,0.3266875445842743,0.2710811495780945,0.21547475457191467
4.192607879638672,0.7297258973121643,2.6062028408050537,0.7429998517036438,0.5841255784034729,-0.06153004616498947,-0.3208778202533722,-2.5815415382385254,-3.7507009506225586,-4.535619735717773,-0.5691660046577454,0.522377073764801,0.7398099303245544,0.5246924161911011
4.318729877471924,0.6242663860321045,2.6266424655914307,0.71436607837677,-0.6117199659347534,0.30758798122406006,0.1444626748561859,-3.9187493324279785,-10,-3.8376331329345703,5.537334442138672,-0.9244563579559326,-0.7576372027397156,-1.0495707988739014
4.339147090911865,0.5788193345069885,2.6698012351989746,-0.35597261786460876,0.8870058655738831,0.1914648860692978,-0.22326049208641052,-7.083353042602539,-3.083360433578491,-3.4197769165039062,-0.10204925388097763,-0.5074083805084229,-0.41009721159935,-0.7020307779312134
4.585982322692871,0.700117290019989,2.5657777786254883,0.37027063965797424,0.4988293945789337,0.514247477054596,0.5912854075431824,-2.6833770275115967,-4.008622169494629,-5.625255107879639,-0.3849743604660034,0.9238843321800232,0.8856765031814575,0.8446193337440491
4.6250834465026855,0.6939952373504639,2.587115526199341,0.9635791182518005,0.1446412354707718,0.20278224349021912,-0.09733247756958008,-3.8009324073791504,-3.8180906772613525,-4.926400661468506,16.11809539794922,-0.07995609194040298,0.08106347173452377,-0.19176635146141052
4.626987934112549,0.9190672039985657,2.3875632286071777,0.40873241424560547,0.385771781206131,0.5858286619186401,0.583885908126831,-2.444558620452881,-4.517114639282227,-4.953062534332275,-1.0703098773956299,0.8272802233695984,0.9078284502029419,0.6010845303535461
4.686237335205078,0.8848293423652649,2.425234317779541,-0.5965133309364319,0.6194400787353516,-0.5025089383125305,-0.08916595578193665,-4.191922187805176,-3.5309574604034424,-10,4.139158725738525,0.98006272315979,1.1746851205825806,0.9383578896522522
4.648805618286133,0.7939352989196777,2.4618539810180664,-0.40850451588630676,0.8837854862213135,0.11266706138849258,0.19837696850299835,-7.726360321044922,-4.687952995300293,-4.060760498046875,5.537334442138672,0.13206516206264496,0.18767155706882477,-0.10426201671361923
4.551341533660889,0.7836198210716248,2.6278228759765625,-0.45882439613342285,0.26872584223747253,0.31717440485954285,0.7852814793586731,-3.6834685802459717,-3.9154036045074463,-4.302624225616455,2.542875289916992,0.36108866333961487,0.4891778826713562,0.17338834702968597
4.522900581359863,0.8030247092247009,2.6789562702178955,0.863540768623352,-0.46518364548683167,-0.1914648860692978,0.03525165840983391,-10,-4.755515098571777,-3.62261962890625,5.537334442138672,0.6742275357246399,0.8827515244483948,0.5491131544113159
4.740182876586914,0.8962810039520264,2.612945318222046,-0.2732033133506775,0.762567400932312,0.4314725995063782,0.3970922827720642,-3.093278646469116,-4.063222408294678,-4.662660598754883,1.5062199831008911,0.7401027083396912,0.832760214805603,0.7638221979141235
4.3969950675964355,0.9514849781990051,2.6802639961242676,0.7852690815925598,-0.488684743642807,-0.08225386589765549,-0.3711792230606079,-6.415130138397217,-4.730179309844971,-3.878201723098755,5.537334442138672,0.4379003345966339,0.5213099122047424,0.2710811495780945
4.362967014312744,0.9939022064208984,2.599177598953247,-0.4015924036502838,0.9086490869522095,-0.0435461662709713,0.10575497150421143,-4.494513988494873,-4.139013767242432,-5.43603515625,5.537334442138672,0.9661611318588257,1.2024883031845093,0.98006272315979
4.556929111480713,0.954514741897583,2.6698012351989746,-0.3615022897720337,0.907177746295929,-0.2135835736989975,0.026957150548696518,-5.881392002105713,-5.262228488922119,-2.4907565116882324,5.537334442138672,0.24327795207500458,0.1181635633111,0.18767155706882477
4.788322448730469,0.8999783396720886,2.630565881729126,0.7273197174072266,-0.585453987121582,0.34214845299720764,-0.10575497150421143,-4.305394172668457,-3.4211695194244385,-4.653061389923096,0.38915154337882996,1.7724539041519165,1.7724539041519165,1.7724539041519165
0.3850412368774414,1.036319375038147,1.347570538520813,0.8859840631484985,-0.4098869264125824,-0.20667147636413574,0.0656648501753807,-2.981555938720703,-10,-3.6915862560272217,1.8718022108078003,-0.2293764054775238,-0.10426201671361923,-0.29888439178466797
0.4156668484210968,1.1332731246948242,1.4508901834487915,-0.6200144290924072,0.7838708758354187,0.02004506066441536,0.026957150548696518,-2.111605167388916,-2.745551347732544,-10,-1.5953861474990845,-0.8966531753540039,-0.813243567943573,-0.6603260040283203
0.05496528372168541,1.1968989372253418,1.4535058736801147,0.7942008972167969,-0.567482590675354,0.20667147636413574,-0.06704726815223694,-2.409993886947632,-5.4902496337890625,-3.878201723098755,1.7117167711257935,-0.7715387940406799,-0.6603260040283203,-0.7715387940406799
0.07567766308784485,1.0993356704711914,1.5254089832305908,0.31482967734336853,0.6173118948936462,0.7052198648452759,-0.1499108523130417,-2.51922345161438,-3.582859992980957,-4.633068561553955,0.5508695840835571,-0.7987387776374817,-0.7335355877876282,-0.7610371708869934
1.0009561777114868,1.1363028287887573,1.390729308128357,-0.3628847002983093,0.8798823952674866,0.15966928005218506,-0.261968195438385,-6.6967082023620605,-3.6407454013824463,-2.511040687561035,0.4712783396244049,-0.688129186630249,-0.6047195792198181,-0.7715387940406799
0.8648423552513123,1.2362862825393677,1.4325803518295288,-0.32555943727493286,0.7411845922470093,-0.25505611300468445,-0.5287748575210571,-10,-3.12558650970459,-2.3893349170684814,-0.3243834376335144,-0.5908179879188538,-0.45180198550224304,-0.5908179879188538
0.8051443099975586,1.3233311176300049,1.527251958847046,0.33062243461608887,0.6403952240943909,0.6680936813354492,0.185023233294487,-2.2926394939422607,-3.75704026222229,-4.3367743492126465,1.5779954195022583,-0.10547314584255219,0.05028267577290535,-0.25893309712409973
0.873397946357727,1.326112985610962,1.428516149520874,0.7238359451293945,0.45564964413642883,-0.5128962397575378,-0.07336489111185074,-2.2460269927978516,-3.637153387069702,-4.0072526931762695,0.5253865122795105,0.5026544332504272,0.72275710105896,0.4933627247810364
0.2761501967906952,1.3090015649795532,1.4312725067138672,-0.4403001070022583,0.7686911821365356,-0.46380123496055603,-0.01175055280327797,-2.5949110984802246,-2.1797213554382324,-10,-1.4873905181884766,-0.563014805316925,-0.2293764054775238,-0.3405891954898834
0.47351518273353577,1.4089850187301636,1.3881136178970337,-0.5025089383125305,0.766948938369751,0.34629568457603455,0.19837696850299835,-3.275742292404175,-5.059543132781982,-2.7260541915893555,5.537334442138672,-0.006950825918465853,0.18767155706882477,-0.13206522166728973
1.1739842891693115,1.413488507270813,1.4177966117858887,0.7526269555091858,0.6437732577323914,-0.12300390005111694,0.06307708472013474,-1.7539410591125488,-3.4705023765563965,-4.403915882110596,0.8025199174880981,-0.6829909086227417,-0.6484261155128479,-0.5554965734481812
0.7511780261993408,1.365646481513977,1.4968725442886353,0.24011801183223724,0.7357801795005798,0.6280192732810974,0.08101019263267517,-2.041835308074951,-3.133214235305786,-4.735846996307373,-0.05616181716322899,-0.6603260040283203,-0.5962263345718384,-0.5814486145973206
0.9153354167938232,1.5049630403518677,1.4401757717132568,0.5706031322479248,0.035622432827949524,-0.820284366607666,0.016634372994303703,-2.826300621032715,-3.356003761291504,-5.406789302825928,1.7781566381454468,0.8518019318580627,0.9527029395103455,0.7621137499809265
1.0485960245132446,1.4301936626434326,1.4966647624969482,0.83028644323349,-0.5495111346244812,0.0435461662709713,-0.08225386589765549,-4.494513988494873,-8.057598114013672,-2.2879135608673096,4.139158725738525,-0.1459668129682541,-0.03475402295589447,0.0903603658080101
0.8342167735099792,1.3605082035064697,1.5188981294631958,0.8736769556999207,-0.45135945081710815,0.17625829577445984,-0.0435461662709713,-10,-3.623854875564575,-3.253445625305176,0.38915154337882996,0.5352115631103516,0.7576371431350708,0.4379003345966339
0.9226906895637512,1.5059386491775513,1.5555177927017212,-0.669781506061554,0.7023876905441284,-0.09054837375879288,-0.22326049208641052,-10,-2.8384487628936768,-4.113499641418457,5.537334442138672,0.21547475457191467,0.4379003345966339,0.2710811495780945
2.4199423789978027,1.0332896709442139,1.5450550317764282,0.9601723551750183,-0.23846709728240967,-0.12925608456134796,0.06704726815223694,-6.6967082023620605,-3.6914167404174805,-3.5617668628692627,5.537334442138672,-0.39619559049606323,-0.173770010471344,-0.39619559049606323
1.453534483909607,1.3786870241165161,1.3776508569717407,-0.5495111346244812,0.7822161912918091,0.0739593580365181,0.2840868830680847,-2.2460901737213135,-3.6576356887817383,-7.010096073150635,1.2679531574249268,-0.688129186630249,-0.6603260040283203,-0.563014805316925
1.6679136753082275,1.4847301244735718,1.376343011856079,-0.5799243450164795,0.8066829442977905,-0.09746046364307404,0.05875276401638985,-3.502685785293579,-3.4211695194244385,-10,4.139158725738525,-0.7715387940406799,-0.6742275953292847,-0.7576372027397156
0.08218804001808167,1.6392499208450317,1.3854979276657104,-0.34767812490463257,0.879376232624054,0.32417699694633484,-0.026957150548696518,-10,-2.5935373306274414,-3.1641948223114014,-1.3379757404327393,1.1329803466796875,1.2163898944854736,0.8688499331474304
0.8172025084495544,1.8149784803390503,1.3462626934051514,0.8995810747146606,-0.3960627317428589,0.13755059242248535,-0.1223439872264862,-10,-2.711770534515381,-4.653061389923096,5.537334442138672,-0.8966531753540039,-0.9800627827644348,-0.7020307779312134
0.7865769267082214,1.7210545539855957,1.5136667490005493,-0.6601045727729797,0.7300524711608887,-0.1527571827173233,-0.08916595578193665,-2.981555938720703,-2.509085178375244,-10,-0.9135472178459167,-0.45180198550224304,-0.5491132140159607,-0.2293764054775238
0.3714298605918884,1.8695149421691895,1.3606488704681396,-0.5508935451507568,0.7243049144744873,-0.28546929359436035,-0.3006758987903595,-3.187486410140991,-10,-3.728097915649414,1.4615178108215332,0.0625571683049202,0.21547475457191467,0.0903603658080101
2.4490833282470703,1.0624489784240723,1.4030048847198486,-0.46327313780784607,0.34778690338134766,0.6919713020324707,0.4308108389377594,-2.5245378017425537,-3.3410212993621826,-4.23295783996582,16.11809539794922,-0.06209184601902962,0.04021101072430611,-0.10011106729507446
2.624113082885742,1.0544981956481934,1.3436470031738281,-0.613102376461029,0.6355962753295898,0.2536737024784088,0.39468032121658325,-2.489844560623169,-4.2488017082214355,-7.010096073150635,5.537334442138672,-0.9661611318588257,-0.8966531753540039,-0.9939643740653992
2.54310941696167,1.0671855211257935,1.4872338771820068,0.8275201320648193,0.09970025718212128,-0.5518888831138611,-0.026248740032315254,-2.8461644649505615,-3.7112998962402344,-4.321832656860352,0.7268563508987427,-0.0015208383556455374,0.21297645568847656,-0.1849566251039505
2.532482147216797,1.271316409111023,1.3476985692977905,-0.32074621319770813,0.5290340185165405,0.28501051664352417,0.7321296334266663,-3.785280227661133,-3.9684104919433594,-5.012632369995117,2.6005048751831055,0.41754990816116333,0.6718623638153076,0.3626580238342285
2.6513359546661377,1.036319375038147,1.5672883987426758,-0.5025089383125305,0.8465340733528137,-0.15137477219104767,-0.08916595578193665,-5.1963582038879395,-4.223465919494629,-4.166238784790039,5.537334442138672,1.1329803466796875,1.3554059267044067,0.9383578896522522
3.165165424346924,1.045408844947815,1.354109764099121,0.9780738949775696,-0.18455280363559723,-0.08225386589765549,-0.05045825615525246,-4.494513988494873,-4.493712902069092,-10,5.537334442138672,0.7854403257369995,1.1190787553787231,0.10426196455955505
4.642569541931152,1.2006008625030518,2.2744617462158203,0.5782334804534912,-0.13668330013751984,-0.7914910912513733,-0.14319755136966705,-3.062485694885254,-4.709704875946045,-5.777722358703613,1.7489689588546753,0.7275564074516296,0.7248520255088806,0.5680439472198486
4.614777565002441,1.0302598476409912,2.393846035003662,0.7763181328773499,-0.5965133309364319,0.1831703782081604,0.08916595578193665,-3.275742292404175,-10,-3.1641948223114014,-1.4873905181884766,0.8410466909408569,0.715932309627533,0.5630147457122803
4.56033182144165,1.0635876655578613,2.413463830947876,0.8423699140548706,-0.49006715416908264,0.02004506066441536,0.22326049208641052,-7.726360321044922,-4.831521987915039,-4.113499641418457,4.840242385864258,-0.2849828004837036,-0.173770010471344,-0.39619559049606323
4.592452049255371,1.1565492153167725,2.411250114440918,0.5429720878601074,-0.6759815812110901,-0.1319490224123001,-0.48043692111968994,-3.392695188522339,-4.240803241729736,-4.882009983062744,16.11809539794922,0.5516012907028198,0.5593973994255066,0.5548422336578369
4.59488582611084,1.122545838356018,2.4984710216522217,0.4290964901447296,0.4627477526664734,0.4842725694179535,0.6059874296188354,-3.0177273750305176,-4.093454360961914,-5.124160289764404,16.11809539794922,0.34375572204589844,0.39936214685440063,0.2442975491285324
-2.013051986694336,2.162890911102295,0.16483350098133087,-0.48287373781204224,0.16680602729320526,0.8001843094825745,0.31418752670288086,-1.5727895498275757,-2.519094467163086,-3.5191218852996826,-1.1773865222930908,-0.19239571690559387,0.018945500254631042,-0.19875599443912506
-1.952713131904602,2.2118825912475586,0.09465548396110535,0.8047664761543274,-0.4665660560131073,-0.32555943727493286,0.16934619843959808,-2.763017416000366,-2.154385566711426,-5.943142414093018,5.537334442138672,-0.2015732079744339,0.0903603658080101,-0.13206522166728973
-2.0836000442504883,2.164872884750366,0.3126765787601471,0.5274490118026733,-0.7165638208389282,-0.287562757730484,-0.3544594645500183,-2.3018388748168945,-3.206399440765381,-3.595407724380493,0.9342944622039795,0.32170915603637695,0.6494925022125244,0.34365734457969666
-1.7257280349731445,2.2026419639587402,0.20877668261528015,0.5353906750679016,0.8338943123817444,-0.07173872739076614,-0.11327242851257324,-1.5076420307159424,-2.4675896167755127,-3.771989107131958,0.4448685348033905,1.1059170961380005,1.6436923742294312,0.9182222485542297
-0.30913910269737244,2.2573294639587402,0.8937484622001648,0.766624927520752,-0.5467463135719299,-0.0435461662709713,0.33385393023490906,-4.6920390129089355,-3.3451623916625977,-3.5617668628692627,5.537334442138672,-0.1459668129682541,0.13206516206264496,0.07645876705646515
-0.07611983269453049,2.264620542526245,0.9953325986862183,0.7446261644363403,0.34456655383110046,0.5145412087440491,0.24910461902618408,-2.1984987258911133,-2.60022234916687,-3.5475337505340576,3.577005624771118,-0.1485486924648285,0.10893967747688293,0.09269922226667404
-0.01649445854127407,2.369432210922241,0.9970681667327881,0.862881064414978,-0.43338802456855774,-0.23017258942127228,0.12096156924962997,-2.6537482738494873,-6.106750965118408,-3.8376331329345703,0.38915154337882996,0.02085237205028534,0.36839234828948975,0.3266875445842743
-0.11177411675453186,2.584547996520996,0.9630641937255859,0.7553389668464661,-0.6075726747512817,-0.05875276401638985,-0.23846709728240967,-10,-3.4718408584594727,-2.632746458053589,1.1143606901168823,0.13206516206264496,0.3266875445842743,0.18767155706882477
1.1881126165390015,2.1088693141937256,0.14304572343826294,-0.49559682607650757,0.8008982539176941,0.2702627182006836,0.19975939393043518,-10,-2.221947431564331,-1.97553551197052,5.537334442138672,-0.39619559049606323,-0.2849828004837036,0.0625571683049202
0.7321314215660095,2.3239850997924805,0.09073194861412048,0.8879232406616211,-0.41126933693885803,0.05045825615525246,-0.19975939393043518,-2.1536316871643066,-7.061061382293701,-2.8031344413757324,2.1756255626678467,-0.9939643740653992,-0.8549483418464661,-0.5074083805084229
0.18743398785591125,2.451083183288574,0.6338069438934326,0.505105197429657,-0.21534056961536407,-0.8344411849975586,-0.04695888236165047,-1.7632933855056763,-2.9290261268615723,-3.036933660507202,0.05809309333562851,-0.021699508652091026,0.23671506345272064,0.1868244707584381
1.787013292312622,2.269448757171631,0.13781435787677765,0.6935768127441406,-0.662869393825531,0.2315549999475479,-0.1610516905784607,-2.981555938720703,-10,-2.5718934535980225,5.537334442138672,-0.7715387940406799,-0.5213099718093872,-0.03475402295589447
2.4194865226745605,2.16998291015625,0.11004886776208878,0.9264978766441345,0.03455055132508278,0.006262040697038174,0.37465813755989075,-1.6562191247940063,-2.9662182331085205,-4.572222709655762,0.01688307523727417,-0.9309231638908386,-0.786554753780365,-0.340735524892807
2.1817433834075928,2.1603758335113525,0.25944387912750244,0.8966935873031616,-0.40297484397888184,0.13755059242248535,0.12096156924962997,-3.5321044921875,-10,-1.9511942863464355,5.537334442138672,-0.7020307779312134,-0.5491132140159607,-0.173770010471344
1.4705487489700317,2.4118494987487793,0.23721052706241608,0.7966011762619019,-0.5301572680473328,0.08225386589765549,-0.2785572111606598,-1.8258241415023804,-8.057598114013672,-3.107398748397827,5.537334442138672,-0.8827515840530396,-0.8688499927520752,-0.3405891954898834
1.6338852643966675,2.5481905937194824,0.28429293632507324,0.7623627781867981,-0.5896012783050537,0.05045825615525246,0.261968195438385,-2.267103433609009,-10,-2.6530306339263916,-0.40546509623527527,-0.006950825918465853,0.98006272315979,1.7168474197387695
2.300842761993408,2.472445487976074,0.20320656895637512,-0.6932826042175293,0.7010477781295776,0.12925608456134796,-0.10575497150421143,-3.0319879055023193,-10,-2.5516092777252197,1.2679531574249268,-0.8688499927520752,-0.11816361546516418,1.0495706796646118
1.2731837034225464,2.130077838897705,0.38368910551071167,-0.5425990223884583,0.792350709438324,0.0739593580365181,-0.26888027787208557,-2.6915721893310547,-10,-3.1641948223114014,5.537334442138672,-1.035669207572937,-0.8688499927520752,-0.4657036066055298
2.000476837158203,2.4060442447662354,0.4001094698905945,0.7982375025749207,0.22583815455436707,-0.5127808451652527,0.22106528282165527,-1.9907282590866089,-2.225484609603882,-3.663468837738037,1.893971562385559,-1.755262851715088,-1.5179274082183838,-1.7337740659713745
2.2157716751098633,2.3088362216949463,0.4660833179950714,-0.5965133309364319,0.7770808935165405,-0.08225386589765549,0.1831703782081604,-2.8975026607513428,-4.459932327270508,-2.53538179397583,-0.3243834376335144,0.15986835956573486,0.3822939395904541,0.21547475457191467
2.07948899269104,2.333991765975952,0.6852102875709534,0.8250550627708435,0.31178271770477295,-0.43730154633522034,0.1756218671798706,-2.2962887287139893,-2.7957310676574707,-4.512694358825684,16.11809539794922,-1.3040077686309814,-1.2055240869522095,-1.1275997161865234
1.9516316652297974,2.4240572452545166,0.40132611989974976,0.8235623240470886,0.46333959698677063,-0.2965015470981598,-0.13837747275829315,-1.9543654918670654,-2.1834332942962646,-4.288228511810303,-0.35793545842170715,-0.7475167512893677,-0.5012432932853699,-0.09001222252845764
2.2302286624908447,2.3076906204223633,0.678209125995636,-0.42113712430000305,0.211768239736557,0.8236861228942871,0.3151807487010956,-2.144364595413208,-3.159933090209961,-3.7957799434661865,-0.28102633357048035,-1.1961944103240967,-1.0584924221038818,-1.0627096891403198
2.1375062465667725,2.2997467517852783,0.6478736996650696,-0.5840715765953064,0.7808835506439209,0.16796378791332245,-0.1444626748561859,-2.330143451690674,-10,-4.166238784790039,1.5676685571670532,-1.1468819379806519,-1.2024883031845093,-1.0078659057617188
2.103477954864502,2.3845810890197754,0.42554011940956116,-0.6518100500106812,0.6683697700500488,0.32417699694633484,-0.1527571827173233,-2.3721699714660645,-10,-2.4096193313598633,-0.4878840446472168,-0.5769163966178894,-0.563014805316925,-0.45180198550224304
2.0388238430023193,2.4785051345825195,0.5890206694602966,-0.4803902506828308,0.8628832697868347,0.12925608456134796,-0.08916595578193665,-2.725193500518799,-2.9144558906555176,-10,5.537334442138672,-0.563014805316925,-0.39619559049606323,-0.11816361546516418
1.9559602737426758,2.5473852157592773,0.6722927689552307,0.7156903743743896,0.6611543893814087,0.03210615739226341,0.22278080880641937,-2.2357943058013916,-2.7408804893493652,-3.2093372344970703,1.750993251800537,-0.39112257957458496,-0.034190356731414795,0.002129017375409603
2.3605620861053467,2.6885368824005127,0.26534515619277954,-0.2062816023826599,0.38789626955986023,0.8801975846290588,-0.17954544723033905,-1.487994909286499,-2.6658523082733154,-3.454786777496338,-0.7630167007446289,-0.8589106798171997,-0.7550507187843323,-1.0816847085952759
0.3782355487346649,2.105839490890503,0.9735269546508789,0.8631511926651001,-0.4568891227245331,0.0034560449421405792,-0.21496598422527313,-5.061872959136963,-2.8975653648376465,-2.632746458053589,1.8718022108078003,0.1181635633111,0.3266875445842743,0.18767155706882477
0.8274110555648804,2.1179585456848145,0.9970681667327881,0.7492039203643799,-0.6075726747512817,-0.25505611300468445,0.06704726815223694,-10,-2.9313464164733887,-3.4197769165039062,5.537334442138672,-0.39619559049606323,-0.27108120918273926,-0.5769163966178894
0.9560490250587463,2.3093199729919434,1.0986793041229248,0.8168447017669678,0.25948044657707214,-0.4386095106601715,0.2702893614768982,-1.8535218238830566,-3.5094246864318848,-3.8033623695373535,-0.8320092558860779,-0.21141916513442993,0.08588801324367523,-0.13428443670272827
0.013330335728824139,2.300100088119507,1.1529353857040405,0.5924756526947021,0.407758504152298,-0.6911802887916565,-0.07053688913583755,-2.640515089035034,-3.36539363861084,-3.593184471130371,16.11809539794922,-0.05438324064016342,0.20238861441612244,0.06582870334386826
0.8001883029937744,2.1118991374969482,1.1173897981643677,0.911783754825592,-0.3324715197086334,0.2315549999475479,-0.06704726815223694,-10,-2.4077422618865967,-3.4765727519989014,5.537334442138672,-0.5491132140159607,-0.2293764054775238,-0.35449081659317017
0.8988708257675171,2.0997798442840576,1.0886173248291016,0.8376012444496155,-0.42094627022743225,0.09884288161993027,0.33385393023490906,-5.73850154876709,-2.779332399368286,-3.756495952606201,5.537334442138672,0.31278595328330994,0.5352115631103516,0.42399874329566956
0.8103968501091003,2.1876440048217773,1.157932996749878,0.8242617249488831,-0.5273924469947815,-0.19975939393043518,0.05045825615525246,-2.288116931915283,-3.5056216716766357,-10,5.537334442138672,-0.8688499927520752,-0.7437355518341064,-0.7020307779312134
0.8410224318504333,2.363372564315796,1.1317760944366455,-0.6296913623809814,0.7310674786567688,-0.02004506066441536,-0.261968195438385,-2.489844560623169,-3.3451623916625977,-7.010096073150635,2.6390573978424072,-0.39619559049606323,-0.09036041796207428,-0.2849828004837036
0.9226906895637512,2.139167308807373,1.3214136362075806,0.8828140497207642,-0.2702627182006836,0.38085615634918213,0.05045825615525246,-3.784264087677002,-2.762441873550415,-5.943142414093018,1.9776588678359985,-0.6603260040283203,-0.5769163966178894,-0.563014805316925
0.8546338081359863,2.2573294639587402,1.2390193939208984,0.9213167428970337,-0.3573550283908844,0.1527571827173233,-0.01175055280327797,-10,-3.049579620361328,-3.107398748397827,5.537334442138672,-0.4657036066055298,-0.27108120918273926,-0.45180198550224304
0.9158850312232971,2.302776575088501,1.1762428283691406,-0.2702627182006836,0.9430702328681946,-0.12925608456134796,-0.1444626748561859,-2.632735013961792,-10,-1.999876618385315,5.537334442138672,-0.006950825918465853,0.36839234828948975,0.2571795582771301
0.8682451844215393,2.396700382232666,1.0336878299713135,-0.5868363976478577,0.6424477696418762,0.08225386589765549,0.48591992259025574,-10,-2.8384487628936768,-3.3710944652557373,5.537334442138672,-0.45180198550224304,-0.020852426066994667,-0.563014805316925
1.9657537937164307,2.4929122924804688,0.7539219260215759,0.8881804347038269,-0.25380322337150574,-0.07851629704236984,0.37490612268447876,-1.9907585382461548,-3.0817415714263916,-3.597626209259033,0.8422953486442566,-1.0604910850524902,-0.9939643740653992,-0.8334964513778687
2.0524351596832275,2.3906407356262207,0.8231248259544373,0.820471465587616,-0.5453639030456543,0.16934619843959808,-0.026957150548696518,-3.1454596519470215,-8.057598114013672,-3.59016489982605,1.2452157735824585,-0.7437355518341064,-0.7020307779312134,-0.7715387940406799
2.5390419960021973,2.2452104091644287,0.0031063705682754517,-0.6020430326461792,0.632101833820343,-0.4762429893016815,-0.10575497150421143,-2.351156711578369,-6.5712385177612305,-2.9654088020324707,-0.3405072093009949,-0.2293764054775238,-0.09036041796207428,0.2710811495780945
2.8214781284332275,2.3239850997924805,0.024031881242990494,0.8201127052307129,-0.4361528754234314,0.36426714062690735,0.06704726815223694,-2.6915721893310547,-6.3938889503479,-2.450187921524048,2.0149030685424805,0.24327795207500458,0.47960513830184937,0.7576371431350708
3.2298195362091064,2.233091115951538,0.06457506120204926,0.8705762624740601,-0.39468032121658325,-0.09746046364307404,-0.27717480063438416,-6.415130138397217,-2.8637845516204834,-3.5333688259124756,5.537334442138672,-0.2015732079744339,-0.006950825918465853,-0.03475402295589447
3.4748244285583496,2.163405656814575,0.13781435787677765,-0.6352210640907288,0.6968013644218445,-0.12787365913391113,0.30758798122406006,-1.851040005683899,-2.348625898361206,-10,-0.40546509623527527,0.9383578896522522,0.98006272315979,1.1051770448684692
3.3591275215148926,2.336104393005371,0.035802483558654785,-0.34767812490463257,0.9098513126373291,-0.1914648860692978,0.12096156924962997,-1.8804587125778198,-3.210038900375366,-6.340714454650879,5.537334442138672,-0.563014805316925,-0.3405891954898834,-0.35449081659317017
3.624549627304077,2.199763298034668,0.2699066400527954,0.8503159880638123,-0.36426714062690735,-0.0739593580365181,-0.37256163358688354,-3.5321044921875,-6.241874694824219,-2.450187921524048,5.537334442138672,-0.6464243531227112,-0.45180198550224304,-0.7020307779312134
2.931037425994873,2.604897975921631,0.20763199031352997,0.4084931015968323,0.3659426271915436,0.10725732892751694,0.8292859792709351,-1.4376024007797241,-2.4054505825042725,-3.138056755065918,0.40448319911956787,-1.7724539041519165,-1.7724539041519165,-1.7724539041519165
3.593923807144165,2.4603261947631836,0.0031063705682754517,0.7653100490570068,-0.6241617202758789,-0.05875276401638985,0.14584510028362274,-10,-2.044597625732422,-2.6692581176757812,0.07061756402254105,0.3266875445842743,0.6186211109161377,0.18767155706882477
3.251694440841675,2.652594566345215,0.3642675578594208,0.8622077703475952,0.47071292996406555,-0.1654067486524582,0.08756568282842636,-1.7051458358764648,-2.5337259769439697,-3.7891016006469727,-0.30026519298553467,-1.7724539041519165,-1.7724539041519165,-1.7724539041519165
2.5764732360839844,2.3512532711029053,0.6125618815422058,0.7503763437271118,-0.5840715765953064,0.09746046364307404,-0.29376381635665894,-2.0233492851257324,-10,-2.113468647003174,-2.053239107131958,-0.45180198550224304,-0.39619559049606323,0.98006272315979
3.178776741027832,2.166435480117798,0.3679949641227722,0.8337616324424744,-0.44306495785713196,0.32555943727493286,-0.05045825615525246,-2.5738978385925293,-2.3908519744873047,-10,5.537334442138672,-1.035669207572937,-1.0078659057617188,-0.7993419766426086
3.5530898571014404,2.2270314693450928,0.5183970928192139,-0.4707133173942566,0.8753814697265625,0.03525165840983391,0.1043725535273552,-2.8806920051574707,-2.475304126739502,-10,-0.40546509623527527,-1.7724539041519165,-1.7724539041519165,-1.4388154745101929
3.570103883743286,2.2027931213378906,0.6439501643180847,-0.5190979242324829,0.7907645106315613,-0.32417699694633484,0.01175055280327797,-2.409993886947632,-3.049579620361328,-10,5.537334442138672,-0.6742275953292847,-0.563014805316925,-0.3405891954898834
3.260408878326416,2.384122848510742,0.4844348132610321,0.900558352470398,-0.1739206165075302,-0.3745531737804413,-0.13585349917411804,-1.985648512840271,-2.832596778869629,-3.6705400943756104,0.6472823619842529,-1.7724539041519165,-1.7724539041519165,-1.7724539041519165
2.7296013832092285,2.5300116539001465,0.49224019050598145,-0.6352210640907288,0.7596279978752136,0.11266706138849258,0.08225386589765549,-10,-2.1966116428375244,-2.2879135608673096,-1.5953861474990845,-0.563014805316925,-0.6603260040283203,-1.2719963788986206
2.7772412300109863,2.4360878467559814,0.598175585269928,-0.5356869697570801,0.7633672952651978,0.3006758987903595,-0.19975939393043518,-2.330143451690674,-8.057598114013672,-3.2737300395965576,2.463853359222412,-0.9800627827644348,-0.8827515840530396,-0.9244563579559326
3.454407215118408,2.3906407356262207,0.48177745938301086,-0.6241617202758789,0.7253937721252441,0.2702627182006836,-0.10575497150421143,-6.200794219970703,-3.302936315536499,-2.511040687561035,5.537334442138672,-1.661241054534912,-1.6334378719329834,-1.5917330980300903
3.6653835773468018,2.423968553543091,0.12735159695148468,-0.6310737729072571,0.7028854489326477,-0.21634840965270996,0.24676160514354706,-2.914313316345215,-2.221947431564331,-7.010096073150635,1.2679531574249268,-0.7020307779312134,-0.5074083805084229,-0.7715387940406799
4.009070873260498,2.626965284347534,0.04364955052733421,0.8712389469146729,-0.43338802456855774,-0.23017258942127228,0.01175055280327797,-2.8596787452697754,-10,-2.5718934535980225,-0.6755514144897461,0.4379003345966339,0.9383578896522522,1.7724539041519165
3.9839162826538086,2.83185076713562,0.2247745394706726,0.025832301005721092,0.7177345156669617,0.691461980342865,-0.07791165262460709,-1.6221095323562622,-2.643728256225586,-3.7760629653930664,3.016442060470581,-0.0023082292173057795,0.17787252366542816,0.05848078802227974
3.7538576126098633,2.1937036514282227,0.3496851623058319,-0.4568891227245331,0.8616398572921753,0.1527571827173233,0.15966928005218506,-2.8806920051574707,-10,-2.511040687561035,0.38915154337882996,0.0069507728330791,0.2710811495780945,0.02085237205028534
3.7130234241485596,2.3603427410125732,0.5550167560577393,0.7223206758499146,-0.5661001205444336,-0.26888027787208557,-0.2923814058303833,-3.086622476577759,-5.3635711669921875,-3.208820343017578,1.3862943649291992,0.15986835956573486,0.3822939395904541,0.2571795582771301
3.99545955657959,2.542130947113037,0.48570096492767334,-0.3628847002983093,0.8769649863243103,-0.2840868830680847,0.13616816699504852,-7.726360321044922,-2.8215584754943848,-1.7605220079421997,0.7827593684196472,0.3266875445842743,0.5491131544113159,0.3822939395904541
3.605280876159668,2.588474750518799,0.6955322623252869,0.9668519496917725,-0.13649702072143555,0.15161536633968353,-0.15355360507965088,-1.6751290559768677,-2.481215715408325,-4.129930019378662,-0.43661928176879883,0.14440305531024933,0.1565331071615219,0.11381802707910538
3.9444169998168945,2.5724289417266846,0.6452580094337463,-0.5356869697570801,0.5975048542022705,0.5909836888313293,-0.08225386589765549,-2.288116931915283,-7.432651519775391,-3.3710944652557373,1.8055528402328491,-0.563014805316925,-0.39619559049606323,0.0625571683049202
2.4437623023986816,2.8905580043792725,0.07111427932977676,0.9110037088394165,-0.35597261786460876,-0.05875276401638985,-0.19975939393043518,-7.083353042602539,-1.360534429550171,-2.1337528228759766,3.725693464279175,-0.9939643740653992,-0.8688499927520752,-0.7715387940406799
3.5851054191589355,2.941721200942993,0.11378775537014008,0.933964729309082,-0.20022305846214294,-0.17607532441616058,-0.23794548213481903,-1.45242178440094,-1.7438874244689941,-2.8157527446746826,2.1707239151000977,-1.0427212715148926,-0.9850195050239563,-0.8701793551445007
3.5598955154418945,2.7723958492279053,0.11165746301412582,-0.4098869264125824,0.8010128140449524,0.43338802456855774,0.05045825615525246,-2.473033905029297,-10,-3.1885359287261963,5.537334442138672,-0.9661611318588257,-0.6047195792198181,-0.4657036066055298
2.5220277309417725,3.135972023010254,0.32222041487693787,0.660922646522522,-0.6283089518547058,0.02004506066441536,0.4098869264125824,-2.1998610496520996,-1.5378841161727905,-10,0.5719616413116455,-0.2849828004837036,-0.1459668129682541,-0.006950825918465853
3.478227138519287,3.1390018463134766,0.03972601518034935,0.6952720284461975,-0.30758798122406006,-0.6490452289581299,-0.026957150548696518,-1.7922028303146362,-2.3908519744873047,-5.6591620445251465,0.6406570076942444,-1.7724539041519165,-1.7724539041519165,-1.7724539041519165
3.0971086025238037,2.9269156455993652,0.2633674144744873,-0.3932979106903076,0.9088720083236694,-0.13616816699504852,-0.026957150548696518,-3.502685785293579,-1.7236790657043457,-7.010096073150635,5.537334442138672,-1.7724539041519165,-1.7724539041519165,-1.7724539041519165
3.176511287689209,3.0241470336914062,0.2767757773399353,0.5114966630935669,0.8351879715919495,-0.07627259194850922,-0.1871221512556076,-1.3390175104141235,-2.7295379638671875,-3.1410722732543945,0.582606852054596,-1.7724539041519165,-1.7724539041519165,-1.7724539041519165
2.8657150268554688,2.851170539855957,0.4530048668384552,-0.592366099357605,0.7253594994544983,0.1914648860692978,-0.29376381635665894,-3.0530011653900146,-2.1966116428375244,-7.010096073150635,1.2005772590637207,-1.1607835292816162,-1.021767497062683,-0.9939643740653992
2.6751978397369385,2.748427152633667,0.6672714352607727,0.9352105259895325,-0.2785494327545166,0.19476808607578278,-0.09928204864263535,-1.7428618669509888,-2.587700128555298,-3.5672295093536377,1.1366022825241089,-1.120747447013855,-1.0815341472625732,-0.9922418594360352
2.562861919403076,2.8299620151519775,0.6243324875831604,-0.34214845299720764,0.5536583662033081,0.7179871201515198,0.24676160514354706,-1.8804587125778198,-7.061061382293701,-1.8538297414779663,-2.053239107131958,-0.563014805316925,-0.39619559049606323,0.0069507728330791
3.0052318572998047,2.878438949584961,0.6583364605903625,-0.5370693802833557,0.7724757194519043,-0.21496598422527313,-0.261968195438385,-2.5318710803985596,-10,-2.044502019882202,-0.6755514144897461,-0.41009721159935,-0.29888439178466797,0.07645876705646515
2.695572853088379,3.169299840927124,0.5367069244384766,0.7763427495956421,-0.613102376461029,0.08225386589765549,0.12096156924962997,-10,-2.3908519744873047,-2.762565851211548,1.2679531574249268,-1.0912755727767944,-0.813243567943573,-0.7576372027397156
3.209310293197632,3.077561378479004,0.46071943640708923,0.734461784362793,-0.3847382366657257,-0.5537230372428894,0.07702671736478806,-1.569758653640747,-3.524919271469116,-4.6225457191467285,16.11809539794922,-1.7724539041519165,-1.7724539041519165,-1.7724539041519165
4.155393123626709,2.639084577560425,0.2018987238407135,-0.13616816699504852,0.8897808790206909,0.43062320351600647,-0.0656648501753807,-2.8596787452697754,-3.446505069732666,-4.855904579162598,2.1756255626678467,-0.5213099718093872,-0.39619559049606323,-0.7437355518341064
4.127111911773682,2.6890969276428223,0.17538857460021973,0.5978868007659912,-0.42243656516075134,-0.41030675172805786,-0.5438079237937927,-2.56461763381958,-2.658869504928589,-3.1843881607055664,2.2529776096343994,0.3575916290283203,0.6138324737548828,0.4411909878253937
3.641563653945923,2.869349479675293,0.18228106200695038,0.8407076001167297,-0.47347813844680786,-0.02004506066441536,-0.261968195438385,-2.1998610496520996,-2.492194652557373,-10,1.0116009712219238,-0.1459668129682541,0.21547475457191467,1.1329803466796875
3.903582811355591,2.9329752922058105,0.03318679332733154,0.7420658469200134,-0.617249608039856,0.08225386589765549,0.2481440156698227,-10,-2.8215584754943848,-2.5516092777252197,5.537334442138672,-0.3405891954898834,-0.2293764054775238,-0.2015732079744339
3.927847385406494,3.175450325012207,0.0473402701318264,0.9192759990692139,-0.1935044378042221,-0.029909392818808556,0.3414573669433594,-1.7457472085952759,-2.385343074798584,-3.540449619293213,1.0787262916564941,-0.342535138130188,-0.2451731264591217,-0.1345931589603424
4.0056681632995605,3.084465503692627,0.013569125905632973,-0.4403001070022583,0.8217747807502747,0.3615022897720337,0.01175055280327797,-10,-2.0192620754241943,-2.373107433319092,1.0317493677139282,-0.41009721159935,-0.27108120918273926,-0.173770010471344
3.954625368118286,2.64514422416687,0.43731072545051575,0.7130808234214783,-0.6435155272483826,0.09746046364307404,-0.2605857849121094,-2.330143451690674,-2.3063995838165283,-10,1.8718022108078003,-0.173770010471344,0.0625571683049202,0.2710811495780945
3.8967771530151367,2.775425672531128,0.3418380916118622,-0.5412166118621826,0.6505767703056335,-0.15137477219104767,0.5108034610748291,-2.4310073852539062,-2.6695444583892822,-10,2.0149030685424805,-0.2849828004837036,-0.173770010471344,0.0069507728330791
3.9986841678619385,2.634535789489746,0.5936697125434875,0.5443503260612488,0.6456195116043091,0.5346287488937378,0.03209829330444336,-1.785495400428772,-2.965261220932007,-3.3481624126434326,1.0929280519485474,-0.4280076324939728,-0.2626422047615051,-0.2751696705818176
4.097494602203369,2.762176752090454,0.6100043654441833,0.547935426235199,-0.013677110895514488,-0.8328003883361816,0.07760940492153168,-2.325411319732666,-2.7876436710357666,-3.745537757873535,1.1159007549285889,-0.0505208894610405,0.21506249904632568,-0.09243181347846985
4.063516616821289,2.8814687728881836,0.5641716718673706,-0.6545748710632324,0.7403099536895752,0.12925608456134796,0.08225386589765549,-2.8596787452697754,-10,-2.328482151031494,5.537334442138672,0.1181635633111,0.5074083209037781,0.5074083209037781
4.063516616821289,2.95418381690979,0.38238126039505005,0.7190643548965454,-0.5688650012016296,0.2702627182006836,0.29376381635665894,-10,-2.6695444583892822,-2.22300386428833,2.7725887298583984,-0.3405891954898834,-0.04865562170743942,-0.29888439178466797
4.121365070343018,2.936005115509033,0.4791617691516876,-0.42509353160858154,0.8134560585021973,0.37809130549430847,0.12096156924962997,-3.502685785293579,-10,-2.5718934535980225,2.6390573978424072,0.0625571683049202,0.3266875445842743,-0.006950825918465853
4.16560173034668,3.1329421997070312,0.3549165427684784,-0.6531924605369568,0.7243260145187378,0.12096156924962997,-0.18455280363559723,-10,-2.5344207286834717,-2.8599305152893066,-0.3083013594150543,0.07645876705646515,0.5213099122047424,0.0069507728330791
3.685800790786743,3.1056740283966064,0.6060226559638977,0.6731704473495483,-0.5315396785736084,0.42094627022743225,0.29514622688293457,-1.8804587125778198,-2.154385566711426,-10,-0.3566749393939972,-1.7724539041519165,-1.7724539041519165,-1.4388154745101929
3.039680004119873,2.1751418113708496,0.7508772611618042,-0.24929781258106232,0.46293458342552185,0.3991810977458954,0.751130223274231,-2.5908262729644775,-3.4362406730651855,-3.6971471309661865,16.11809539794922,-1.2737252712249756,-1.2007453441619873,-1.2511508464813232
2.9303691387176514,2.317925453186035,0.7917366027832031,0.7708684802055359,-0.5439814925193787,0.23017258942127228,-0.23846709728240967,-3.086622476577759,-2.0192620754241943,-10,-0.07061756402254105,-0.6742275953292847,-0.6464243531227112,-0.5491132140159607
2.88613224029541,2.2300612926483154,0.906826913356781,0.7455472946166992,-0.5508935451507568,-0.339383602142334,-0.15966928005218506,-2.4520206451416016,-10,-1.6956123113632202,-1.9061697721481323,-0.45180198550224304,-0.39619559049606323,-0.11816361546516418
3.0460658073425293,2.166435480117798,0.674030601978302,0.7368193864822388,-0.5412166118621826,0.09746046364307404,-0.3932979106903076,-2.3091301918029785,-2.4330780506134033,-10,1.5676685571670532,-1.1746851205825806,-1.1329803466796875,-0.9661611318588257
3.137754440307617,2.3748559951782227,0.7488447427749634,0.25073617696762085,0.6052584648132324,0.7497473359107971,-0.09312636405229568,-1.6239452362060547,-2.8050403594970703,-3.137362480163574,-0.8918864130973816,-0.14929673075675964,-0.14313653111457825,0.17511515319347382
3.0562744140625,2.2997467517852783,0.9303681254386902,0.6940945982933044,-0.662869393825531,0.03525165840983391,-0.2785572111606598,-2.225076913833618,-10,-2.450187921524048,-1.9061697721481323,-0.2849828004837036,-0.45180198550224304,0.21547475457191467
2.7466156482696533,2.533041477203369,0.7629640102386475,0.7373638153076172,-0.5743946433067322,-0.339383602142334,0.10575497150421143,-10,-2.8215584754943848,-2.709826707839966,0.08632808178663254,-0.9105547666549683,-0.8827515840530396,-0.7020307779312134
2.9429211616516113,2.5364303588867188,0.8310980796813965,0.8687331676483154,0.486382395029068,-0.04118458554148674,0.08389695733785629,-1.8370659351348877,-2.982234001159668,-4.016160011291504,-1.1964032649993896,-1.4326987266540527,-1.2662159204483032,-1.3422075510025024
2.926966428756714,2.6148462295532227,0.8845935463905334,0.7999814748764038,-0.5813067555427551,-0.03525165840983391,-0.1444626748561859,-2.174644947052002,-10,-2.0242178440093994,-0.3083013594150543,-0.39619559049606323,-0.45180198550224304,-0.29888439178466797
3.604135036468506,2.3767545223236084,0.8863114714622498,-0.49421441555023193,0.5481287240982056,-0.20667147636413574,0.6423347592353821,-3.835867404937744,-3.1047773361206055,-10,5.537334442138672,-0.28874436020851135,-0.15092775225639343,-0.2015732079744339
3.594980001449585,2.627182722091675,0.9983612298965454,0.7646130323410034,-0.6075726747512817,0.0034560449421405792,-0.21496598422527313,-3.0356554985046387,-10,-2.613391160964966,-0.2762533724308014,-0.746679425239563,-0.4003933072090149,-0.10426201671361923
3.863532066345215,2.4708869457244873,0.7452833652496338,0.7060025334358215,-0.4098869264125824,-0.23846709728240967,-0.5260100364685059,-3.5899689197540283,-10,-2.7431275844573975,2.1756255626678467,-0.9206947088241577,-0.7745916843414307,-0.9939643740653992
3.701695680618286,2.4251997470855713,0.8154013752937317,0.6867371201515198,0.025363272055983543,-0.5393626093864441,0.4866587817668915,-2.925130844116211,-3.4690821170806885,-3.8280842304229736,1.8420804738998413,0.04918861389160156,0.2515128552913666,0.17061787843704224
2.6107969284057617,2.691121816635132,0.8025961518287659,-0.5743946433067322,0.5273924469947815,-0.08225386589765549,0.6206144690513611,-2.0645649433135986,-10,-2.3120675086975098,0.22843924164772034,-1.0489165782928467,-0.9673604965209961,-0.8549483418464661
2.8900303840637207,2.643167495727539,0.9217295050621033,-0.5522759556770325,0.5589171648025513,0.5522759556770325,-0.2785572111606598,-2.573033094406128,-10,-2.0902600288391113,0.22843924164772034,-1.0489165782928467,-0.8539670705795288,-0.6464243531227112
2.940359115600586,2.7546939849853516,0.9683452844619751,-0.4171055853366852,0.7586458921432495,0.12404482066631317,0.4848630726337433,-2.135366916656494,-2.916717290878296,-3.866499662399292,-0.45749229192733765,-1.0682541131973267,-0.9587942957878113,-0.80882328748703
3.356945037841797,2.6751370429992676,0.9944974184036255,0.8710876107215881,-0.43338802456855774,0.02004506066441536,-0.23017258942127228,-2.3104634284973145,-10,-2.044224500656128,-0.65805584192276,-0.966488242149353,-0.7065556049346924,-0.3405891954898834
3.596505880355835,2.7959108352661133,0.9043424725532532,0.7053254842758179,-0.5702474117279053,0.42094627022743225,0.01175055280327797,-3.348238229751587,-2.290581226348877,-10,1.513692855834961,0.21498419344425201,0.38202139735221863,0.5769163370132446
3.3874623775482178,2.8332087993621826,0.9358966946601868,-0.5343045592308044,0.5738545656204224,0.5730122327804565,0.23846709728240967,-2.689730644226074,-10,-2.0651497840881348,0.2762533724308014,-0.39864876866340637,-0.4003933072090149,-0.006950825918465853
2.8762974739074707,2.968191385269165,0.789716899394989,-0.38638582825660706,0.8402255773544312,0.3794737160205841,-0.026957150548696518,-2.535522937774658,-6.785621643066406,-3.1448919773101807,1.54044508934021,-1.1313447952270508,-0.9900391697883606,-0.8827515840530396
2.817868709564209,3.059516429901123,0.8175592422485352,0.7690837979316711,0.12792475521564484,-0.6260409355163574,-0.01477022748440504,-2.190556526184082,-2.9202818870544434,-3.6594839096069336,0.8984582424163818,-0.9683132767677307,-0.8576682806015015,-0.7919832468032837
3.302053689956665,3.045443296432495,0.7945101261138916,0.7507096529006958,0.5898582339286804,-0.20785139501094818,0.2128380388021469,-2.1868927478790283,-2.3869128227233887,-3.041257381439209,1.7878185510635376,-1.6330703496932983,-1.633439064025879,-1.631411075592041
3.1328377723693848,2.878596067428589,1.156749963760376,-0.4493751525878906,0.40741342306137085,0.19366487860679626,0.7710837721824646,-1.7534013986587524,-2.811725616455078,-3.6882076263427734,-0.6805155873298645,-1.2332031726837158,-1.2364312410354614,-1.047881841659546
2.969835042953491,2.770979881286621,1.180777907371521,0.8581387996673584,0.39430558681488037,-0.32753047347068787,0.02906329743564129,-2.8570570945739746,-3.176589250564575,-3.3329498767852783,16.11809539794922,-0.9785416126251221,-0.9069119691848755,-0.8270422220230103
3.323375940322876,2.7621653079986572,1.058249831199646,0.690923810005188,-0.6352210640907288,-0.09746046364307404,-0.3310891091823578,-2.447999954223633,-2.6722357273101807,-10,0.5381096005439758,-0.7558380961418152,-0.6725375652313232,-0.563014805316925
3.4469709396362305,2.7230913639068604,1.062113642692566,0.8752460479736328,-0.41126933693885803,-0.2315549999475479,0.10575497150421143,-3.419090509414673,-6.565110683441162,-2.4920246601104736,0.38915154337882996,-0.7741554975509644,-0.5364654660224915,-0.563014805316925
3.286755084991455,2.8758347034454346,1.0840084552764893,0.8088878989219666,-0.1527571827173233,-0.5661001205444336,-0.0435461662709713,-2.689730644226074,-3.4440255165100098,-10,2.463853359222412,-1.0947099924087524,-0.9106637835502625,-0.7854403853416443
3.2516603469848633,2.6627044677734375,1.2102253437042236,-0.5356869697570801,0.8317673802375793,0.12925608456134796,0.06704726815223694,-2.552194118499756,-3.50339412689209,-10,-0.7646061182022095,-1.0397578477859497,-0.9106637835502625,-0.7437355518341064
3.306591510772705,2.7515087127685547,1.2501511573791504,0.7565120458602905,-0.5066561698913574,-0.20805390179157257,0.3573550283908844,-10,-3.3422510623931885,-2.6343162059783936,3.0992729663848877,-0.8657425045967102,-0.604501485824585,-0.5491132140159607
3.1967291831970215,2.724867343902588,1.2643183469772339,0.8072465658187866,-0.5273924469947815,-0.1914648860692978,-0.1831703782081604,-3.502445697784424,-8.0578031539917,-2.9147145748138428,2.6390573978424072,-1.067233920097351,-0.8653063774108887,-0.813243567943573
3.4439191818237305,2.703554391860962,1.2037856578826904,0.9067668318748474,-0.41265174746513367,0.08225386589765549,-0.026957150548696518,-3.298225164413452,-10,-2.7096471786499023,2.6390573978424072,-0.517711877822876,-0.2869998812675476,-0.2849828004837036
3.112806558609009,2.7817022800445557,1.3010241985321045,-0.41679900884628296,0.9069122672080994,-0.03525165840983391,-0.05045825615525246,-3.018984317779541,-3.2065517902374268,-10,0.8944319486618042,-0.9115360379219055,-0.7065556049346924,-0.7437355518341064
2.9341399669647217,3.127878189086914,1.083742380142212,0.1728055626153946,0.6455726027488708,0.7424728870391846,-0.045916493982076645,-2.2157483100891113,-3.0824270248413086,-3.817281723022461,1.407470464706421,-1.0124201774597168,-0.8611505627632141,-0.7544506788253784
3.575143575668335,2.9202370643615723,1.1187825202941895,-0.5038913488388062,0.8319833278656006,-0.20667147636413574,0.10575497150421143,-2.8814480304718018,-4.690763473510742,-2.554800271987915,4.840242385864258,-0.03230073302984238,0.2119312435388565,0.02085237205028534
3.4942727088928223,3.1102781295776367,1.125222086906433,0.6693212389945984,-0.6227793097496033,-0.2315549999475479,-0.3324715197086334,-2.614710807800293,-10,-1.9061180353164673,-1.2909841537475586,-0.8657425045967102,-0.5024474263191223,0.3266875445842743
3.265393018722534,2.9326696395874023,1.1741633415222168,-0.47347813844680786,0.7616254091262817,0.4181814193725586,-0.1444626748561859,-2.2896246910095215,-10,-2.5129499435424805,0.29225873947143555,-0.4536009728908539,-0.12824906408786774,0.0903603658080101
3.277600049972534,3.0765326023101807,1.2134451866149902,-0.5204803347587585,0.7395609617233276,0.11404947936534882,0.41126933693885803,-2.823099136352539,-5.793320655822754,-3.211852788925171,5.537334442138672,-0.8840599060058594,-0.6498588919639587,-0.563014805316925
3.396091938018799,3.207597017288208,1.2279748916625977,0.01706502214074135,0.5119335651397705,0.8578590750694275,0.041359275579452515,-2.0782134532928467,-2.777106285095215,-3.1870036125183105,0.41003307700157166,-0.4372459948062897,-0.08470189571380615,-0.1376723051071167
3.6697473526000977,2.724867343902588,0.780057430267334,-0.3089704215526581,0.9422755241394043,0.0739593580365181,-0.10575497150421143,-10,-2.655273199081421,-2.0902600288391113,0.38915154337882996,0.563014805316925,0.756219744682312,1.2024883031845093
3.9382994174957275,2.703554391860962,0.8302866220474243,0.7325794696807861,-0.6393682956695557,-0.19975939393043518,-0.12096156924962997,-10,-2.765528917312622,-2.860308885574341,4.139158725738525,-0.023142032325267792,-0.0035162835847586393,0.3822939395904541
3.9382994174957275,2.746180534362793,0.8000203371047974,0.835760235786438,-0.5301572680473328,-0.0739593580365181,0.1223439872264862,-7.7243971824646,-2.901228189468384,-3.5926921367645264,0.7108467817306519,-0.004824630916118622,0.38202139735221863,0.8966531157493591
3.9245667457580566,3.1493520736694336,0.8309305906295776,-0.5909836888313293,0.6624909043312073,0.2702627182006836,0.37256163358688354,-3.164856433868408,-7.4386749267578125,-1.5001684427261353,-2.1335086822509766,0.32488858699798584,1.1190787553787231,1.7724539041519165
2.3498740196228027,3.69105863571167,0.36534467339515686,-0.4015924036502838,0.8138483166694641,-0.09746046364307404,0.40850451588630676,-3.1273465156555176,-2.59590482711792,-10,0.38915154337882996,-0.4536009728908539,-0.12824906408786774,0.0625571683049202
2.3815009593963623,3.8422436714172363,0.045452915132045746,0.8531683087348938,0.3950134217739105,-0.16352026164531708,-0.2988801896572113,-2.2085866928100586,-2.5701558589935303,-3.386871576309204,3.3193695545196533,-1.5912829637527466,-1.432114839553833,-1.3096996545791626
2.139268636703491,3.8164358139038086,0.24325016140937805,0.7793973088264465,0.46706441044807434,-0.4175616204738617,-0.0057387701235711575,-2.497332811355591,-2.7197670936584473,-4.028168201446533,6.050306797027588,-0.6975927352905273,-0.3472383916378021,-0.18066610395908356
2.56349515914917,3.3429455757141113,0.059461820870637894,-0.2605857849121094,0.9314355850219727,-0.24537917971611023,0.0656648501753807,-10,-2.1972880363464355,-1.9772638082504272,0.38915154337882996,-0.5909814834594727,-0.4003933072090149,-0.11816361546516418
3.0460963249206543,3.4249253273010254,0.04427105933427811,-0.4897630512714386,0.12163301557302475,0.576899528503418,0.6422806978225708,-1.2739464044570923,-1.474251389503479,-3.7157883644104004,1.2781480550765991,-0.9741387367248535,-0.8705160021781921,-0.8734949231147766
2.4963572025299072,3.5951499938964844,0.20306576788425446,-0.4416825473308563,0.8728125095367432,0.20667147636413574,0.02004506066441536,-10,-2.5534987449645996,-1.433207631111145,-1.1786550283432007,0.022651471197605133,0.5521115660667419,1.7724539041519165
2.8329899311065674,3.3142271041870117,0.658673107624054,0.7062395811080933,-0.11288371682167053,-0.6029497385025024,-0.35346081852912903,-1.6967926025390625,-2.225634813308716,-4.007618427276611,0.12812946736812592,-0.7658720016479492,-0.46643003821372986,-0.1260402947664261
2.9770045280456543,3.6981630325317383,0.6519086360931396,0.8368319869041443,-0.3739440441131592,0.2868517339229584,-0.2785572111606598,-10,-2.0022201538085938,-2.0651497840881348,-0.4547361433506012,-1.186297059059143,-0.19628512859344482,1.7724539041519165
3.1723153591156006,3.518778085708618,0.360836923122406,-0.2315549999475479,0.8345337510108948,-0.21496598422527313,-0.45135945081710815,-4.936158657073975,-2.222731590270996,-2.328807830810547,5.537334442138672,-0.28874436020851135,-0.11690972000360489,-0.1459668129682541
3.3966174125671387,3.682178258895874,0.37436017394065857,-0.6366034746170044,0.7232090830802917,-0.21496598422527313,0.15966928005218506,-1.5644325017929077,-2.6298296451568604,-10,5.537334442138672,-0.9756469130516052,-0.7745916843414307,-0.45180198550224304
3.031935691833496,3.563180446624756,0.6274380087852478,0.7568833231925964,-0.63798588514328,-0.0739593580365181,0.12096156924962997,-2.1979336738586426,-2.0022201538085938,-10,-0.65805584192276,-0.03230073302984238,0.325324684381485,1.7724539041519165
3.4647216796875,3.6161739826202393,0.70472252368927,0.6266641616821289,0.7214316725730896,0.12086255103349686,-0.26873883605003357,-1.2917050123214722,-2.365920066833496,-3.954972743988037,0.9026947617530823,0.1375948041677475,0.477130651473999,0.647338330745697
3.9627132415771484,3.266573905944824,0.1496167629957199,-0.4237110912799835,0.8759859800338745,0.23017258942127228,0.01175055280327797,-10,-2.6128671169281006,-2.0023741722106934,1.0726368427276611,0.11423847824335098,0.38202139735221863,0.4935067296028137
4.063503742218018,3.4069881439208984,0.26888397336006165,-0.32627496123313904,0.4614991545677185,0.4889833927154541,0.6644233465194702,-2.0374584197998047,-2.680943489074707,-3.6218066215515137,1.333495855331421,0.412367582321167,0.7320658564567566,0.43528199195861816
3.7582473754882812,3.199082612991333,0.27261388301849365,0.9299899935722351,-0.3172649145126343,0.02004506066441536,-0.18455280363559723,-10,-2.4941301345825195,-2.291142463684082,5.537334442138672,-0.4536009728908539,-0.27566054463386536,-0.29888439178466797
3.7551956176757812,3.4459586143493652,0.03563515469431877,-0.5135682821273804,0.741888165473938,0.12925608456134796,-0.41126933693885803,-10,-2.0022201538085938,-1.8224170207977295,5.537334442138672,-0.23379215598106384,0.07585912197828293,-0.03475402295589447
4.182437896728516,3.2488129138946533,0.35890504717826843,-0.6034254431724548,0.7752317786216736,0.12787365913391113,0.13616816699504852,-7.7243971824646,-2.935153007507324,-2.8435685634613037,2.577688455581665,-0.08725293725728989,0.26862797141075134,-0.173770010471344
4.04511022567749,3.2132911682128906,0.42265745997428894,0.8546851277351379,-0.46518364548683167,-0.23017258942127228,0.01175055280327797,-10,-1.8834831714630127,-2.6677966117858887,3.0992729663848877,-0.517711877822876,-0.2869998812675476,-0.41009721159935
3.9382994174957275,3.3944520950317383,0.34409385919570923,0.7418340444564819,-0.6158671975135803,-0.09746046364307404,0.24676160514354706,-3.419090509414673,-1.7223402261734009,-10,5.537334442138672,-0.004824630916118622,0.325324684381485,-0.173770010471344
3.9627132415771484,3.1848738193511963,0.6364535093307495,0.6171776056289673,-0.585453987121582,0.25505611300468445,0.45965397357940674,-2.0437262058258057,-10,-2.044224500656128,0.8944319486618042,-0.1971573531627655,0.06451977789402008,0.02085237205028534
3.7323076725006104,3.524106502532959,0.5437226891517639,-0.5730122327804565,0.7669264674186707,-0.26888027787208557,0.10575497150421143,-2.593871831893921,-1.5951220989227295,-7.007690906524658,0.9718605875968933,0.26993638277053833,0.5634508728981018,0.6464243531227112
3.6819541454315186,3.5258824825286865,0.6615681052207947,-0.5439814925193787,0.7874296307563782,0.28546929359436035,0.05045825615525246,-3.8983840942382812,-2.0022201538085938,-3.1658172607421875,5.537334442138672,-0.6001402139663696,-0.34369659423828125,-0.9244563579559326
2.9968409538269043,3.8118324279785156,0.06010578200221062,-0.40297484397888184,0.5826891660690308,0.28546929359436035,0.6454393267631531,-2.0020484924316406,-2.6891980171203613,-10,5.537334442138672,-0.5360292792320251,0.43871811032295227,1.7724539041519165
3.3996691703796387,3.72835636138916,0.03692308068275452,-0.6393682956695557,0.7019577026367188,-0.1444626748561859,0.2785572111606598,-2.0020484924316406,-2.1548819541931152,-10,4.840242385864258,-0.8840599060058594,-0.45709002017974854,-0.6603260040283203
3.3663785457611084,3.8467841148376465,0.39337292313575745,0.6093420386314392,-0.32992011308670044,-0.3333709239959717,-0.6393111944198608,-1.8563084602355957,-2.141572952270508,-2.6279802322387695,3.2085273265838623,0.02586079016327858,0.45982447266578674,0.41719985008239746
2.4780466556549072,4.024962902069092,0.04593857750296593,0.7615978121757507,-0.5578056573867798,-0.1527571827173233,-0.2923814058303833,-2.243779182434082,-2.0022201538085938,-10,5.537334442138672,-0.05061813443899155,0.6428263187408447,0.98006272315979
2.503986358642578,3.707043409347534,0.36534467339515686,0.6140795350074768,-0.488684743642807,-0.613102376461029,0.09054837375879288,-3.348238229751587,-2.0022201538085938,-6.342268466949463,3.725693464279175,-0.40780746936798096,0.007823060266673565,0.42399874329566956
3.2058844566345215,3.177769422531128,0.9964293241500854,0.82503342628479,-0.5425990223884583,-0.12925608456134796,-0.09054837375879288,-7.0825605392456055,-2.4941301345825195,-2.948194742202759,5.537334442138672,-1.2137731313705444,-0.9900391697883606,-1.0495707988739014
2.9846339225769043,3.4566152095794678,0.7485032081604004,0.826209306716919,-0.4665660560131073,-0.17625829577445984,0.261968195438385,-1.7269755601882935,-1.6714529991149902,-4.856576442718506,-1.773577094078064,-1.7724539041519165,-0.17360644042491913,1.7724539041519165
2.9632718563079834,3.563180446624756,0.692478358745575,0.8056896924972534,-0.521862804889679,-0.16934619843959808,0.22326049208641052,-1.9311963319778442,-1.6714529991149902,-10,-1.2909841537475586,-0.4536009728908539,-0.12824906408786774,1.7724539041519165
3.018203020095825,3.4743759632110596,0.9069183468818665,0.8078169226646423,-0.5038913488388062,-0.1914648860692978,-0.23846709728240967,-2.431328773498535,-2.4941301345825195,-10,3.0992729663848877,-0.4536009728908539,-0.23030315339565277,0.24327795207500458
3.620919704437256,3.5951499938964844,0.8025961518287659,0.6977716088294983,-0.6518100500106812,0.08225386589765549,0.28546929359436035,-7.7243971824646,-2.222731590270996,-2.044224500656128,0.7827593684196472,0.11423847824335098,0.06451977789402008,0.1181635633111
3.4439191818237305,3.6502087116241455,0.8592650294303894,-0.4790078103542328,0.72895747423172,0.26888027787208557,0.40850451588630676,-2.573033094406128,-2.2481751441955566,-10,5.537334442138672,-0.004824630916118622,0.8696131706237793,1.7724539041519165
3.337108612060547,3.6590890884399414,0.9346087574958801,0.8104032278060913,-0.5121858716011047,-0.17625829577445984,-0.22326049208641052,-1.8811830282211304,-2.0022201538085938,-10,3.0992729663848877,-0.23379215598106384,0.3706820607185364,1.7724539041519165
3.4637556076049805,3.639552116394043,0.9603673219680786,-0.17625829577445984,0.9500357508659363,-0.09746046364307404,-0.23846709728240967,-2.0437262058258057,-10,-2.4292490482330322,5.537334442138672,-0.34369656443595886,-0.10557037591934204,-0.6047195792198181
3.1692636013031006,3.3038716316223145,1.0634015798568726,0.4015924036502838,-0.39468032121658325,-0.17625829577445984,0.8073933124542236,-2.3104634284973145,-1.8834831714630127,-10,-2.1335086822509766,-1.2137731313705444,-0.6611981987953186,0.2710811495780945
3.614816188812256,3.3518259525299072,1.2636743783950806,0.8160221576690674,-0.5038913488388062,0.1527571827173233,-0.23846709728240967,-10,-2.935153007507324,-3.3457744121551514,0.8944319486618042,0.37984082102775574,0.8696131706237793,0.3266875445842743
3.1434459686279297,3.660048246383667,0.8720666766166687,0.7153472304344177,0.15661947429180145,-0.6233016848564148,-0.2743057608604431,-1.7468088865280151,-2.6965885162353516,-2.799609422683716,-0.02378658950328827,-0.9895680546760559,-0.7183483242988586,-0.7818260192871094
3.309643268585205,3.4566152095794678,1.1419651508331299,0.7103661298751831,-0.6006606221199036,-0.0435461662709713,0.36426714062690735,-2.948132276535034,-2.4517242908477783,-10,5.537334442138672,-0.40780746936798096,0.06451977789402008,0.7576371431350708
3.9785945415496826,3.173800468444824,0.8402566313743591,0.7137699127197266,0.12669695913791656,-0.6878805756568909,-0.03606538102030754,-2.4542887210845947,-3.16001033782959,-3.3006720542907715,1.6768503189086914,-0.4617336094379425,-0.22903278470039368,-0.3574005663394928
3.825702667236328,3.3933098316192627,1.0532269477844238,0.7094852328300476,-0.09919868409633636,-0.6974862813949585,0.01741313375532627,-1.8223572969436646,-2.658350706100464,-4.774893283843994,0.26741722226142883,-0.08065086603164673,0.325324684381485,0.4186739921569824
3.816230297088623,3.541867256164551,0.8521813750267029,-0.38638582825660706,0.8387139439582825,0.37809130549430847,-0.0656648501753807,-10,-3.418581962585449,-2.044224500656128,4.840242385864258,-0.39864876866340637,-0.15092775225639343,-0.020852426066994667
3.6361782550811768,3.26302170753479,1.1535564661026,-0.6089550852775574,0.6959094405174255,-0.365649551153183,-0.10575497150421143,-2.410490036010742,-10,-2.784977912902832,0.8944319486618042,-0.142205148935318,0.1892525553703308,0.4379003345966339
3.6682214736938477,3.442406415939331,1.0595377683639526,-0.34629568457603455,0.9208789467811584,0.16658136248588562,0.0656648501753807,-10,-2.6298296451568604,-2.6343162059783936,5.537334442138672,0.05928627401590347,0.2572886347770691,0.1181635633111
1.0589923858642578,2.208026170730591,1.3409500122070312,-0.49559682607650757,0.8456825017929077,-0.1914648860692978,-0.05045825615525246,-3.502445697784424,-3.6899807453155518,-10,5.537334442138672,0.21498419344425201,0.48407548666000366,-0.006950825918465853
