x,y,z,rot_0,rot_1,rot_2,rot_3,scale_0,scale_1,scale_2,opacity,f_dc_0,f_dc_1,f_dc_2
-0.4665483236312866,0.18376493453979492,-0.22389625012874603,0.7746270298957825,-0.23724712431430817,-0.5246317982673645,0.2615879476070404,-3.252816677093506,-4.296035289764404,-4.504759788513184,-0.6951512694358826,1.7569767236709595,1.6364976167678833,1.2174530029296875
-0.6116995215415955,0.3704298138618469,-0.4511204659938812,0.9472636580467224,-0.09880047291517258,-0.08728616684675217,-0.29208076000213623,-2.590555191040039,-2.824805736541748,-3.282111167907715,16.11809539794922,-1.653927206993103,-1.6653889417648315,-1.7455698251724243
-0.6628091931343079,0.41427043080329895,-0.4696993827819824,-0.4015924036502838,0.5730122327804565,0.6739223599433899,-0.23708467185497284,-2.887204647064209,-3.6507833003997803,-9.624783515930176,2.7725887298583984,-1.0078659057617188,-0.8271451592445374,-1.7724539041519165
-0.5208503007888794,0.3133782744407654,-0.3816494643688202,0.8540031909942627,-0.28233611583709717,-0.4293461740016937,-0.0814044177532196,-1.4208611249923706,-2.6341328620910645,-3.7241499423980713,-0.4293641149997711,-1.3444944620132446,-1.4820332527160645,-1.527681827545166
-0.39365342259407043,0.3792518377304077,-0.3213251829147339,0.46372389793395996,0.15125885605812073,0.7079706788063049,0.5107429623603821,-2.017760992050171,-2.778621196746826,-3.283560037612915,-2.254265546798706,0.14499786496162415,1.5684528350830078,-0.5565749406814575
-0.7449365258216858,0.456597238779068,-0.49586212635040283,-0.4988623559474945,-0.16368664801120758,0.8503121733665466,0.03622473031282425,-3.7399277687072754,-4.434542179107666,-5.226878643035889,-0.41459009051322937,-0.8392124176025391,-0.11599093675613403,-1.7724539041519165
-0.7035647034645081,0.5353304147720337,-0.45010700821876526,0.8416129350662231,0.04464494064450264,-0.5342236757278442,-0.06557109206914902,-3.663895606994629,-3.949899435043335,-4.328914642333984,16.11809539794922,-1.5669708251953125,-0.9827969670295715,-1.7724539041519165
-0.7044662237167358,0.49498018622398376,-0.4665122926235199,0.3992992043495178,0.4260163903236389,0.40146663784980774,0.7056165337562561,-2.7009847164154053,-3.279783248901367,-4.65208101272583,-1.50949227809906,-0.3983708620071411,0.303250253200531,-0.04997757822275162
-0.6988435387611389,0.5640828609466553,-0.4572778344154358,0.4861190617084503,0.4284524619579315,0.33176830410957336,0.6855993866920471,-3.2451980113983154,-3.9754555225372314,-4.94525671005249,2.122525930404663,-0.4371858537197113,0.1059381440281868,-1.760057806968689
-0.695609986782074,0.5602160096168518,-0.46319130063056946,0.4809786081314087,0.28565141558647156,0.36169615387916565,0.7458141446113586,-3.66001033782959,-4.404315948486328,-5.005618572235107,1.2729452848434448,1.464638590812683,1.6883665323257446,-1.3580737113952637
-0.6462708711624146,0.5563200116157532,-0.4883337914943695,0.6232357025146484,0.7101553678512573,0.2588431239128113,-0.20064105093479156,-2.91164231300354,-4.243919849395752,-4.584253311157227,-1.4622982740402222,0.35277459025382996,0.8946064710617065,-1.1697790622711182
-0.7259477972984314,0.6246839165687561,-0.4756959080696106,0.33738330006599426,0.5343058705329895,0.5914247632026672,0.5009056925773621,-3.891976833343506,-4.1415815353393555,-4.9140849113464355,-1.386086344718933,1.2395479679107666,1.7709436416625977,-0.7516548037528992
-0.7103568315505981,0.5854976177215576,-0.46506279706954956,0.31983277201652527,0.4799717962741852,0.6482016444206238,0.4971606135368347,-2.8774425983428955,-3.8260445594787598,-4.3148603439331055,-0.9923533797264099,0.9525351524353027,1.4303090572357178,1.0556586980819702
-0.7296210527420044,0.6068543195724487,-0.44313234090805054,0.29559871554374695,0.7629808783531189,0.47577425837516785,0.32267698645591736,-3.566361904144287,-4.051886081695557,-4.816758632659912,-0.7278704047203064,-0.0006184541271068156,0.49927935004234314,-1.6468449831008911
-0.7354921102523804,0.6302049160003662,-0.4104008674621582,0.6249707937240601,-0.27195990085601807,-0.7113199234008789,-0.17167773842811584,-2.762575149536133,-3.8436126708984375,-3.991837739944458,-0.3151301443576813,-1.2575186491012573,-0.6764090061187744,-1.7613801956176758
-0.6806792616844177,0.5839710235595703,-0.4231122136116028,0.39919471740722656,0.38187941908836365,0.815406084060669,0.17298737168312073,-2.7924559116363525,-3.7230441570281982,-4.273218154907227,-1.205664038658142,-0.5327826738357544,0.09953870624303818,-1.7724539041519165
-0.710452139377594,0.5755241513252258,-0.4217472970485687,0.9410948753356934,-0.007245576474815607,-0.22123858332633972,0.25561967492103577,-4.25847053527832,-4.775107383728027,-5.786355018615723,16.11809539794922,-0.6396817564964294,-0.15293632447719574,-0.9167978167533875
-0.4682025611400604,0.6066523790359497,-0.414004385471344,0.7917203307151794,0.6093393564224243,0.0252350065857172,-0.035322412848472595,-2.162121295928955,-3.9999966621398926,-4.271625518798828,-2.211796998977661,-0.8302938342094421,-0.0812300518155098,-1.3262916803359985
-0.6532597541809082,0.5450665354728699,-0.37135985493659973,0.5545189380645752,-0.700235903263092,-0.28146883845329285,-0.35064759850502014,-3.846440315246582,-4.300103664398193,-5.339261054992676,-0.4251217544078827,0.5460660457611084,1.3654123544692993,0.27544036507606506
-0.3940252959728241,0.3330813944339752,-0.23248693346977234,0.3132014274597168,0.6743021607398987,0.6683292388916016,0.02361038140952587,-2.0201616287231445,-2.4346811771392822,-3.158498764038086,1.3011538982391357,-1.6933690309524536,-1.62466561794281,-1.766989827156067
-0.6410074830055237,0.5393595695495605,-0.35848554968833923,0.937942624092102,0.2471817135810852,0.1746106594800949,0.1693396121263504,-3.1013576984405518,-3.814394950866699,-4.27254581451416,-1.0415723323822021,-1.0283689498901367,-0.6968141198158264,-1.0776556730270386
-0.7109465599060059,0.3909284174442291,-0.2634762227535248,0.8119958639144897,-0.16755716502666473,-0.49364542961120605,-0.2624909579753876,-2.596714973449707,-2.981689929962158,-3.9476253986358643,-1.8156765699386597,0.8696650862693787,1.7622828483581543,-1.747732400894165
-0.5331082344055176,0.5952894687652588,-0.38708680868148804,0.27164512872695923,0.46933090686798096,0.7768644690513611,0.32002976536750793,-3.0773844718933105,-4.277512550354004,-11.305512428283691,-2.219203472137451,-1.035669207572937,1.0634722709655762,-0.9522595405578613
0.02039594203233719,0.4210503101348877,-0.45990630984306335,0.42650100588798523,0.8299506902694702,0.3419445753097534,0.11114268004894257,-2.2649595737457275,-3.199434280395508,-3.5068984031677246,-0.5118598937988281,-1.7658973932266235,-1.7357748746871948,-1.7724539041519165
-0.022518513724207878,0.45835715532302856,-0.4879825711250305,0.30175042152404785,0.7251166701316833,0.3539385497570038,0.507818877696991,-2.7665185928344727,-3.1091551780700684,-4.425422191619873,-1.2090378999710083,-0.7064138650894165,1.4079196453094482,0.0694776326417923
-0.2465805560350418,0.3894234895706177,-0.347807914018631,0.447912335395813,0.5650830864906311,0.6886700987815857,-0.07608657330274582,-2.260185956954956,-2.9382126331329346,-3.5728044509887695,-0.21930813789367676,-1.754414439201355,-1.2279115915298462,-1.7665963172912598
-0.23978282511234283,0.5512536764144897,-0.3351801931858063,0.8889103531837463,0.2986963987350464,-0.3346059024333954,-0.09304723143577576,-2.510471820831299,-3.029435634613037,-3.419412136077881,-1.218239426612854,-1.7299444675445557,-1.4947237968444824,-1.7523565292358398
-0.11034300923347473,0.64845210313797,-0.5270183086395264,-0.06569289416074753,0.8641200661659241,0.49600401520729065,-0.05441443994641304,-3.090855360031128,-4.60352087020874,-5.422605514526367,-0.7806302905082703,-1.7222310304641724,-1.698737382888794,-1.751557469367981
-0.05993349850177765,0.5675208568572998,-0.5202203392982483,0.3117765486240387,0.2537834942340851,0.6054883599281311,0.6868574619293213,-3.506124973297119,-4.712558746337891,-5.394434452056885,-0.7095698714256287,-1.6336241960525513,-1.4857343435287476,-1.7724539041519165
-0.03305425867438316,0.5674388408660889,-0.4617803692817688,0.5071895122528076,0.06745395809412003,0.7444943189620972,0.4288787245750427,-3.2985596656799316,-3.885819673538208,-4.381063461303711,0.9121780395507812,-1.3165204524993896,-0.6462711095809937,-1.1308696269989014
0.03830835595726967,0.5840088725090027,-0.4016473889350891,-0.30780625343322754,0.7697906494140625,0.22917398810386658,0.5100558400154114,-2.9653115272521973,-4.348277568817139,-5.46672248840332,-2.939253091812134,1.2548549175262451,1.7473433017730713,0.23999959230422974
-0.3009195923805237,0.4347342252731323,-0.22277183830738068,0.668819010257721,0.4746758043766022,0.5304462313652039,0.21445472538471222,-2.2683818340301514,-2.4232726097106934,-3.323814868927002,0.12742428481578827,-1.5052601099014282,-0.800275981426239,-1.7281748056411743
-0.24742047488689423,0.5160480737686157,-0.2771330177783966,0.5730560421943665,-0.5519481301307678,-0.16786685585975647,-0.582048773765564,-3.99873948097229,-4.078707695007324,-4.939825057983398,-1.9101800918579102,0.2489824891090393,1.706755518913269,0.38764846324920654
-0.20297448337078094,0.5244840979576111,-0.23503899574279785,-0.1058913990855217,0.5080236196517944,0.7888645529747009,0.329228937625885,-3.0310802459716797,-3.332110643386841,-4.466033935546875,-0.6042346954345703,-0.09814168512821198,0.9182180166244507,0.4068570137023926
-0.13074547052383423,0.49991315603256226,-0.29548946022987366,0.6561768054962158,-0.23390430212020874,-0.7032513618469238,-0.14197997748851776,-2.704961061477661,-3.3768906593322754,-3.7349743843078613,-0.7709152698516846,-1.7665551900863647,-1.7191911935806274,-1.7724539041519165
-0.03255631774663925,0.5803295969963074,-0.30905967950820923,0.19653178751468658,0.4959087073802948,0.6309685707092285,0.5633191466331482,-3.783533811569214,-4.224963665008545,-4.892584323883057,-2.0733368396759033,0.20441210269927979,1.3303738832473755,-0.13618634641170502
-0.06281676143407822,0.5031059384346008,-0.3028199374675751,-0.5287748575210571,0.7801392078399658,0.03525165840983391,-0.3324715197086334,-4.16082763671875,-8.173489570617676,-3.2653720378875732,1.2452157735824585,-1.4249138832092285,-1.3415043354034424,-1.7724539041519165
0.011519607156515121,0.516831636428833,-0.2814430594444275,0.3680405914783478,0.4285908639431,0.8235802054405212,-0.05071133375167847,-3.50481915473938,-3.566460609436035,-4.445679187774658,16.11809539794922,-1.663858413696289,-1.4915482997894287,-1.7724539041519165
-0.0758398026227951,0.6224854588508606,-0.29477524757385254,0.41439536213874817,0.1694062352180481,0.7610243558883667,0.46948903799057007,-3.5484182834625244,-3.7735860347747803,-4.186417102813721,-1.0354681015014648,-1.523947834968567,-1.0748615264892578,-1.6333229541778564
-0.05131335183978081,0.614077091217041,-0.2846161425113678,0.619437575340271,0.004441876895725727,-0.7700492739677429,0.1526479870080948,-3.717369794845581,-4.6044487953186035,-5.198119640350342,-1.9729681015014648,0.5660040378570557,1.5922343730926514,0.3033243715763092
0.03257442265748978,0.5471892952919006,-0.26031702756881714,0.9504368901252747,0.07559856027364731,-0.23616059124469757,-0.187570720911026,-3.675189971923828,-4.090202808380127,-4.852448463439941,0.5332462191581726,-1.435436725616455,-0.8753402233123779,-1.7532813549041748
-0.01981813833117485,0.527468204498291,-0.2585735321044922,0.9553046822547913,-0.1127890944480896,0.2722039818763733,0.02401271089911461,-3.6267261505126953,-4.167087078094482,-4.677014350891113,-1.0963125228881836,0.6216407418251038,1.7119405269622803,0.9959825873374939
-0.07161091268062592,0.6154126524925232,-0.293022096157074,0.9180915951728821,0.29658856987953186,-0.17850624024868011,-0.193076491355896,-3.6010732650756836,-4.022340297698975,-4.975083351135254,-1.4575324058532715,-0.9347682595252991,-0.25237810611724854,-1.0662215948104858
-0.5045210719108582,0.1852467656135559,-0.1572326123714447,-0.4746268093585968,-0.046721454709768295,0.8579719662666321,-0.1908680945634842,-2.7041778564453125,-3.4624195098876953,-3.855458974838257,-0.3879091441631317,0.7869117259979248,0.5444971919059753,0.030408650636672974
-0.36083006858825684,0.15973590314388275,-0.20924748480319977,0.8682580590248108,-0.14878080785274506,-0.3514261543750763,-0.3170044720172882,-2.5467469692230225,-2.9570255279541016,-3.5013298988342285,0.14633716642856598,-1.7719271183013916,-1.7723182439804077,-1.7724539041519165
-0.4981257915496826,0.17865577340126038,-0.11482974886894226,-0.13816019892692566,0.4148680865764618,0.4440324008464813,0.7820687294006348,-2.357440710067749,-3.129579544067383,-3.5804529190063477,0.3379717767238617,-0.7655888199806213,-0.8596630096435547,-1.08710777759552
-0.2990490794181824,0.3471621572971344,-0.0916425883769989,0.40764355659484863,0.5511569976806641,0.7250043749809265,-0.0664934292435646,-2.0014302730560303,-2.4289252758026123,-3.608755350112915,1.0222855806350708,-1.5787285566329956,-1.5626356601715088,-1.7701060771942139
-0.09085997194051743,0.3351469337940216,-0.08215849101543427,0.6925027966499329,0.6311640739440918,0.21429350972175598,0.2759530544281006,-2.5807628631591797,-3.844966411590576,-4.128204822540283,-1.5064239501953125,-1.7724539041519165,-1.7724539041519165,-1.7724539041519165
-0.6676607131958008,0.5051361918449402,-0.11316325515508652,0.6352811455726624,0.2917109429836273,0.3615342676639557,0.6169404983520508,-2.183206081390381,-3.7730820178985596,-5.169946193695068,-1.2313295602798462,1.624058485031128,1.5658330917358398,1.6607953310012817
-0.41152146458625793,0.4106787443161011,-0.15760871767997742,0.6425912380218506,-0.4371117055416107,-0.6257050037384033,0.06710533797740936,-3.2743818759918213,-3.6435606479644775,-4.365642070770264,-1.5025813579559326,-0.7108528017997742,0.48202502727508545,-0.39042094349861145
-0.695164680480957,0.5809723734855652,-0.14037969708442688,0.10843510925769806,0.6470030546188354,0.6991220116615295,0.28435418009757996,-2.260826826095581,-3.508953332901001,-3.7239747047424316,-1.544853687286377,-1.647804856300354,-1.7129079103469849,-1.7724539041519165
-0.47219762206077576,0.47625845670700073,-0.04197708144783974,0.5751597285270691,-0.5370278358459473,-0.49548065662384033,-0.3678196370601654,-2.5312068462371826,-3.408338785171509,-4.069041728973389,-2.1462411880493164,0.03151624649763107,1.2459723949432373,0.36406612396240234
-0.4540969729423523,0.5152820348739624,-0.12452085316181183,0.6423549056053162,-0.6147581338882446,-0.2702389359474182,-0.36935552954673767,-3.89131498336792,-4.275781154632568,-5.622128009796143,-1.3875246047973633,0.7461854219436646,1.7724539041519165,1.6609163284301758
-0.3828519284725189,0.55437833070755,-0.14352081716060638,-0.2325602024793625,0.4903360903263092,0.4938272535800934,0.679426908493042,-2.873260498046875,-3.476581335067749,-4.174448490142822,-0.9315465092658997,-1.712368369102478,-1.7692558765411377,-1.7654852867126465
-0.6961724162101746,0.3529197871685028,-0.017409060150384903,0.30089712142944336,0.5295799374580383,0.7861670851707458,-0.10462938994169235,-2.2084133625030518,-3.034174919128418,-3.3127739429473877,-1.0417381525039673,-1.2090346813201904,-1.4096004962921143,-1.7006726264953613
-0.686612606048584,0.30123448371887207,0.07603548467159271,-0.2895932197570801,0.29736918210983276,0.4921714961528778,0.7651630640029907,-3.443812847137451,-3.7026028633117676,-4.367856979370117,16.11809539794922,1.7724539041519165,1.7724539041519165,1.7724539041519165
-0.5767903923988342,0.4335092604160309,-0.04049617052078247,0.5328760743141174,0.6140158176422119,0.567324697971344,0.13103556632995605,-3.5137240886688232,-4.201965808868408,-4.6894917488098145,-0.9258121848106384,0.673507571220398,1.6586741209030151,1.4689140319824219
-0.44388025999069214,0.3662926256656647,-0.03877892345190048,0.7367833256721497,0.6369002461433411,0.06969857960939407,-0.2159872204065323,-2.723006248474121,-3.5692687034606934,-4.275702953338623,-2.1612601280212402,-0.07092520594596863,1.4850926399230957,0.914815366268158
-0.36899927258491516,0.45818042755126953,-0.08889178931713104,0.5821013450622559,0.6077280640602112,0.4556594491004944,0.290170818567276,-3.513049840927124,-3.8360753059387207,-4.141323566436768,-0.09408754855394363,-1.7660696506500244,-1.7459511756896973,-1.7724539041519165
-0.543039858341217,0.3551528751850128,0.020093245431780815,0.6038179993629456,-0.46450239419937134,-0.07068601250648499,-0.6439292430877686,-3.369129180908203,-3.582812786102295,-3.9097142219543457,-0.4534745514392853,-1.7724539041519165,-1.6985108852386475,-1.7724539041519165
-0.5145140886306763,0.3736305236816406,0.027012813836336136,-0.4513099491596222,0.360231876373291,0.37923240661621094,0.7230042219161987,-3.547647476196289,-3.964521646499634,-4.874089241027832,-0.9520090818405151,-1.0856752395629883,-0.37716400623321533,-0.7990790009498596
-0.39024919271469116,0.4592600166797638,-0.010019740089774132,-0.455210417509079,0.11343839019536972,0.7714942097663879,0.4297811686992645,-3.0139856338500977,-3.4829840660095215,-3.8996827602386475,-2.0107624530792236,-1.261918306350708,0.00960665661841631,-1.6022568941116333
-0.6989238262176514,0.5635489225387573,-0.09993436187505722,-0.041658297181129456,0.6898477077484131,0.7093266248703003,-0.1386740803718567,-2.764565944671631,-4.870582580566406,-5.324345588684082,-0.7222785949707031,1.3388069868087769,0.5100297927856445,-1.7724539041519165
-0.6787789463996887,0.637147843837738,-0.11159629374742508,0.9108700156211853,-0.05404701456427574,-0.401213139295578,-0.08014211058616638,-2.515739679336548,-3.3522703647613525,-4.304336071014404,-0.9236724376678467,-1.352157711982727,-1.5382124185562134,-1.7724539041519165
-0.4124705195426941,0.46603721380233765,-0.031243614852428436,-0.0739593580365181,0.8385088443756104,0.3697968125343323,0.3932979106903076,-4.8040876388549805,-5.621509552001953,-10.782269477844238,-1.0726368427276611,0.590817928314209,1.661241054534912,1.7724539041519165
-0.3423316776752472,0.5491882562637329,-0.03979476913809776,-0.30064457654953003,0.4101051986217499,0.6948830485343933,0.5084919929504395,-3.3922200202941895,-3.6258506774902344,-3.7222743034362793,0.5345638990402222,-1.7341139316558838,-1.3216967582702637,-1.7724539041519165
-0.37636062502861023,0.5922096967697144,0.015210666693747044,0.6844022274017334,-0.3050966262817383,-0.6185711622238159,-0.23638814687728882,-4.008542060852051,-4.849474906921387,-6.195444107055664,-2.304593324661255,-0.16377127170562744,1.6509895324707031,-1.7724539041519165
-0.14227721095085144,0.3644099831581116,-0.12768571078777313,0.6966041326522827,-0.23849952220916748,-0.4865100383758545,-0.4702857434749603,-2.6677467823028564,-2.911478042602539,-4.493496417999268,16.11809539794922,-1.7421841621398926,-1.751415729522705,-1.7664865255355835
-0.03574466332793236,0.4842444062232971,-0.13620030879974365,0.7022449374198914,0.6187770366668701,-0.010004564188420773,0.35194745659828186,-2.9058279991149902,-3.5103979110717773,-3.8993465900421143,-1.4604544639587402,-0.22602392733097076,0.9774982333183289,0.42705413699150085
0.028996305540204048,0.47755372524261475,-0.2363363355398178,-0.02874782867729664,0.6115055084228516,0.7236544489860535,-0.3186829686164856,-2.8626868724823,-3.2587838172912598,-3.658963918685913,1.3003171682357788,-1.630335807800293,-1.4790434837341309,-1.7724539041519165
-0.022962000221014023,0.4337964653968811,-0.1314990371465683,0.19135114550590515,0.5325630307197571,0.8188168406486511,0.09643793851137161,-4.005449295043945,-4.098733425140381,-4.569701194763184,16.11809539794922,-0.11704330891370773,0.8677645325660706,1.119606375694275
-0.033580806106328964,0.4206044375896454,-0.11049621552228928,0.9687739610671997,-0.14678476750850677,0.13372060656547546,0.1484924852848053,-3.4491794109344482,-3.490121841430664,-3.8544278144836426,1.390628457069397,-1.396857738494873,-0.8002532720565796,-1.1224853992462158
-0.21841762959957123,0.5219847559928894,-0.18308976292610168,0.4135136902332306,0.8864486813545227,-0.1388361155986786,-0.1547245979309082,-2.9697299003601074,-3.62911319732666,-4.0807271003723145,1.1221795082092285,-1.05057954788208,-0.4075835347175598,-0.7487025260925293
-0.1807069331407547,0.5480812788009644,-0.12882015109062195,0.895306408405304,-0.18006804585456848,-0.29089128971099854,-0.28527912497520447,-3.0765278339385986,-3.2553422451019287,-3.674285411834717,16.11809539794922,-1.631730079650879,-1.3423941135406494,-1.7074828147888184
-0.1378585398197174,0.48384028673171997,-0.14917145669460297,0.8893590569496155,-0.3043621778488159,-0.22602121531963348,-0.2555749714374542,-2.7593817710876465,-3.5154104232788086,-3.670419216156006,-0.056183163076639175,-1.4067062139511108,-0.7912538051605225,-1.7400060892105103
-0.15817460417747498,0.5600173473358154,-0.15619252622127533,-0.04926232248544693,0.41430485248565674,0.8737902641296387,0.24983051419258118,-2.6246986389160156,-3.5875985622406006,-4.286741256713867,-1.4490668773651123,-0.33432236313819885,0.3215051591396332,-0.08430302143096924
-0.0487353689968586,0.51121586561203,-0.1895134001970291,-0.49904578924179077,0.41493353247642517,0.4725598990917206,0.5962135791778564,-2.302522897720337,-3.6154096126556396,-4.524089336395264,-0.24881301820278168,-1.7380287647247314,-1.1712700128555298,-1.7724539041519165
0.004629198461771011,0.6567509174346924,-0.19972698390483856,0.934955894947052,0.11524312198162079,-0.25328949093818665,0.2200474739074707,-3.144462823867798,-4.155181884765625,-5.239175319671631,-0.978766918182373,-1.6475919485092163,-1.0180951356887817,-1.7426739931106567
-0.1544162482023239,0.46746671199798584,-0.12991441786289215,0.4557621479034424,0.8285648822784424,-0.16301877796649933,0.28140005469322205,-3.362792491912842,-3.6100995540618896,-5.105734348297119,0.1795867532491684,-1.7389369010925293,-1.7617751359939575,-1.7549102306365967
0.008734924718737602,0.4105883240699768,-0.12014469504356384,-0.08653202652931213,0.5582672357559204,0.8029730916023254,-0.18995825946331024,-3.239083766937256,-3.5883209705352783,-4.034707069396973,0.407772421836853,-1.7724539041519165,-1.4531865119934082,-1.7724539041519165
-0.04412948712706566,0.5019774436950684,-0.13518641889095306,-0.04095285013318062,0.921194851398468,0.38664644956588745,0.015082764439284801,-3.66351056098938,-4.81575870513916,-5.379295349121094,-2.057832956314087,1.3240360021591187,1.515708565711975,1.7342890501022339
-0.021263467147946358,0.5359508991241455,-0.12363247573375702,0.6869034767150879,-0.5696611404418945,-0.40420982241630554,-0.20065949857234955,-3.5571200847625732,-4.242610454559326,-4.623202800750732,-0.5526466965675354,-1.7384792566299438,-1.173213243484497,-1.7724539041519165
0.027828291058540344,0.625321626663208,-0.10944584757089615,0.9223270416259766,0.061885520815849304,-0.236746683716774,0.2990552484989166,-3.1818854808807373,-4.359480381011963,-5.1110334396362305,-1.111251950263977,-1.6922829151153564,-1.2603853940963745,-1.7724539041519165
-0.12200180441141129,0.419376403093338,-0.102470763027668,0.9595921635627747,-0.1423501968383789,-0.16630919277668,0.17680653929710388,-3.131568670272827,-3.420501947402954,-4.356894493103027,-1.9983662366867065,-0.02628018707036972,0.4593595862388611,0.1789507269859314
-0.10443046689033508,0.41718724370002747,-0.009136241860687733,0.6017531156539917,0.7041385769844055,-0.3525846600532532,0.13328947126865387,-3.2590017318725586,-3.5789971351623535,-4.090180397033691,-1.0461357831954956,-1.6764345169067383,-0.8090609312057495,-1.7724539041519165
-0.0052703567780554295,0.40857797861099243,-0.0928787887096405,0.14308659732341766,0.6614260077476501,0.6584696769714355,0.32933205366134644,-3.300748348236084,-4.191701889038086,-4.762312412261963,-2.1964287757873535,0.2802942395210266,-1.108988881111145,-0.8057289719581604
0.0030642496421933174,0.4251795709133148,-0.0671425387263298,-0.18827202916145325,0.6283908486366272,0.573643147945404,0.4905222952365875,-3.619330406188965,-4.394623756408691,-5.333598613739014,-1.1992324590682983,-0.47580209374427795,0.7292271256446838,0.844520628452301
-0.043488387018442154,0.44241952896118164,-0.11300760507583618,0.6285395622253418,0.7763322591781616,-0.03206516057252884,-0.0349002331495285,-2.561051845550537,-3.748792886734009,-5.028017520904541,-0.11762768030166626,-1.6467347145080566,-1.7573513984680176,-1.7515417337417603
-0.01558897364884615,0.4026300013065338,-0.042615268379449844,0.8855116963386536,-0.09513220191001892,-0.41514331102371216,-0.18567438423633575,-3.558802604675293,-3.952580451965332,-5.057571887969971,16.11809539794922,-1.7724539041519165,-1.517216682434082,-1.7662614583969116
-0.009456442669034004,0.44663554430007935,-0.052329644560813904,0.9862417578697205,0.05091099813580513,-0.14942628145217896,-0.04906153678894043,-3.0843656063079834,-3.9017744064331055,-4.295590877532959,0.03983646631240845,-1.7724539041519165,-1.5503735542297363,-1.7724539041519165
-0.04028100520372391,0.33063068985939026,0.0014858045615255833,0.5644371509552002,0.5343298316001892,0.623184859752655,0.08685009926557541,-1.8461841344833374,-2.8082282543182373,-3.83577823638916,-0.645846426486969,-0.9856883883476257,-1.0701320171356201,-1.769600749015808
-0.0018403554568067193,0.33182090520858765,0.01486558374017477,0.8842301368713379,-0.22756361961364746,-0.39710813760757446,0.09304298460483551,-3.1073737144470215,-3.7317142486572266,-4.433241367340088,-0.23055125772953033,-0.21395398676395416,0.41131171584129333,0.4757148325443268
-0.10580108314752579,0.4135574698448181,-0.007622831966727972,0.31048983335494995,0.72021484375,0.6013463139533997,0.15254253149032593,-3.48749041557312,-3.5855884552001953,-3.942683458328247,16.11809539794922,-1.748833179473877,-1.6361913681030273,-1.7724539041519165
-0.09501898288726807,0.40391844511032104,0.0005031928885728121,0.5994324684143066,0.12430254369974136,-0.6597353219985962,0.43586570024490356,-3.179579973220825,-3.5351674556732178,-4.2156805992126465,-0.16317887604236603,-0.7922571897506714,0.23181742429733276,-0.6517950296401978
-0.00024585300707258284,0.38538840413093567,-0.046101268380880356,0.5586197376251221,0.8196019530296326,0.06708189100027084,0.10815092921257019,-3.533809185028076,-4.279195785522461,-4.606922626495361,-2.486449956893921,-1.454224944114685,1.285161018371582,1.0723525285720825
-0.014245479367673397,0.4150776267051697,-0.03314843773841858,0.9589031934738159,-0.13248322904109955,0.053845491260290146,0.24505826830863953,-4.087255001068115,-4.207468032836914,-5.341698169708252,-0.9784212112426758,-0.6072726845741272,0.09332803636789322,-0.1529718041419983
0.012079446576535702,0.39437320828437805,-0.023998545482754707,-0.04968186840415001,0.5709183216094971,0.7851466536521912,-0.23479503393173218,-3.9652459621429443,-4.063478946685791,-4.577828407287598,-1.2012101411819458,-1.705406665802002,-0.09878423810005188,-1.3652762174606323
0.022630805149674416,0.3898317515850067,0.012932123616337776,0.8409150242805481,0.4962180256843567,-0.1910785734653473,0.1005910113453865,-3.4495394229888916,-4.1250505447387695,-4.632626056671143,0.590541422367096,-1.7437970638275146,-1.7193818092346191,-1.7724539041519165
-0.0502127967774868,0.4619132876396179,0.003965608309954405,0.0201069638133049,0.79422527551651,0.6048540472984314,0.054346296936273575,-3.5827486515045166,-3.7588212490081787,-4.549327373504639,-0.0817708894610405,-0.7913334965705872,0.27689144015312195,-0.33151137828826904
0.02717854268848896,0.431071400642395,0.0013320547295734286,0.9017062783241272,-0.13657450675964355,-0.3991622030735016,-0.09456604719161987,-3.2299952507019043,-4.263555526733398,-4.470674514770508,-0.14049658179283142,-1.7174946069717407,-1.0911667346954346,-1.6817870140075684
-0.012313835322856903,0.44360780715942383,0.018663570284843445,-0.40184053778648376,0.8118736743927002,0.31178680062294006,0.28666073083877563,-3.5600247383117676,-3.8109629154205322,-4.362575054168701,1.5122803449630737,-1.7588316202163696,-1.4762382507324219,-1.7724539041519165
0.00824255682528019,0.48571786284446716,0.025584863498806953,-0.32577386498451233,0.8241930603981018,0.3942728638648987,0.24315862357616425,-3.8572702407836914,-3.971823215484619,-4.589143753051758,1.9878699779510498,-1.7724539041519165,-1.2868016958236694,-1.7724539041519165
-0.3058409094810486,0.5109893083572388,-0.07480960339307785,0.7628815770149231,-0.3018408715724945,-0.5158401727676392,0.2466023564338684,-3.8169620037078857,-3.915937662124634,-4.936402320861816,-1.179627537727356,-0.9012410044670105,1.0137022733688354,-1.7724539041519165
-0.2802679240703583,0.49647343158721924,-0.04335886612534523,0.6179322600364685,0.7015078663825989,-0.2844703197479248,0.21242181956768036,-2.741917610168457,-3.769439458847046,-3.8968324661254883,-1.5916433334350586,0.06518077105283737,1.1966552734375,0.6856455206871033
-0.24740073084831238,0.5113492012023926,-0.10292864590883255,0.20805390179157257,-0.0435461662709713,0.9765114784240723,0.03525165840983391,-3.72979736328125,-3.07855224609375,-12.043370246887207,-0.4878840446472168,-1.6074882745742798,-0.8688499927520752,-1.7724539041519165
-0.048398636281490326,0.4864477813243866,-0.08203978836536407,0.7561085820198059,-0.45527052879333496,-0.44820189476013184,-0.1419283002614975,-3.9941935539245605,-4.271565914154053,-4.535074234008789,1.265677571296692,-1.7724539041519165,-1.5746009349822998,-1.7724539041519165
0.025201156735420227,0.47731390595436096,-0.11572211235761642,0.8339599967002869,0.4652452766895294,0.12071571499109268,-0.2710815966129303,-3.348982334136963,-3.933403968811035,-4.297776222229004,0.5990567207336426,-1.7724539041519165,-1.5046080350875854,-1.7724539041519165
-0.07813116908073425,0.5713348984718323,-0.05752858519554138,0.9654958844184875,-0.03293437883257866,0.12837140262126923,-0.2241736650466919,-3.4858529567718506,-3.9604783058166504,-4.6539506912231445,16.11809539794922,-1.71358060836792,-1.2687097787857056,-1.7724539041519165
-0.1320560723543167,0.5113398432731628,-0.017959432676434517,0.24330444633960724,0.7270739078521729,0.5985220670700073,-0.23224511742591858,-3.122143507003784,-4.109500408172607,-4.472552299499512,1.0971180200576782,-1.7683621644973755,-1.5209379196166992,-1.7724539041519165
-0.08485271036624908,0.5841985940933228,-0.06658050417900085,0.7534963488578796,-0.33201342821121216,-0.5649940967559814,-0.05283922329545021,-3.189431667327881,-4.354783058166504,-4.372770309448242,-1.909179449081421,-0.850711464881897,0.23637333512306213,-1.4064363241195679
-0.08923997730016708,0.5734633803367615,-0.05656065419316292,0.7297826409339905,0.3158887028694153,0.5425823926925659,0.27062132954597473,-3.823071002960205,-4.162642002105713,-5.331113815307617,-0.3622255325317383,-1.7724539041519165,-0.5762230753898621,-1.7724539041519165
-0.012623363174498081,0.6234578490257263,-0.06542128324508667,0.9057151675224304,-0.26015615463256836,-0.31382402777671814,-0.11624671518802643,-3.1532399654388428,-3.7286696434020996,-4.888995170593262,-0.7363496422767639,-1.7711151838302612,-1.3221120834350586,-1.750522255897522
-0.12751851975917816,0.505939245223999,0.012461457401514053,0.824446976184845,-0.3209514617919922,-0.4109441637992859,-0.2200050801038742,-3.355313777923584,-3.9997406005859375,-4.419554710388184,-0.33704546093940735,-1.591788411140442,-0.5955737829208374,-1.7134287357330322
-0.08740761131048203,0.5429483652114868,-0.013609563000500202,0.5470985770225525,0.2692144513130188,-0.7925390601158142,-0.00940781831741333,-4.087279796600342,-4.394794464111328,-4.803103446960449,0.48370134830474854,-1.7724539041519165,-1.6818788051605225,-1.7724539041519165
-0.07536034286022186,0.480618417263031,0.012865617871284485,0.17462894320487976,0.3697179853916168,0.9125430583953857,0.008858414366841316,-4.137650012969971,-4.550268173217773,-4.981358051300049,16.11809539794922,-1.7724539041519165,-1.3355183601379395,-1.7724539041519165
-0.05430713668465614,0.5492498278617859,0.007377830799669027,0.9025015234947205,0.005857021547853947,0.27152252197265625,0.3342636823654175,-3.4161641597747803,-4.32844877243042,-4.636504650115967,0.314083069562912,-1.7525492906570435,-1.4569101333618164,-1.7724539041519165
-0.02362004853785038,0.5318425893783569,-0.01392459124326706,0.514818012714386,0.4509906470775604,0.5765436887741089,0.4462815523147583,-3.483175277709961,-4.235946178436279,-4.526595592498779,0.38619399070739746,-1.6416118144989014,-1.1256823539733887,-1.7724539041519165
-0.07224716991186142,0.5433467030525208,0.02411767840385437,0.9102842211723328,-0.09769292175769806,-0.37314140796661377,-0.15034697949886322,-3.4675755500793457,-4.601964473724365,-4.889729022979736,-1.7309272289276123,-0.8709893822669983,0.14836286008358002,-0.6907562017440796
-0.07751458138227463,0.6588678956031799,-0.054358839988708496,0.6282198429107666,0.48223796486854553,-0.6063560843467712,0.07154475897550583,-2.826104164123535,-3.8200035095214844,-3.944714307785034,-1.198469877243042,-0.28352248668670654,0.9114359021186829,0.5028358101844788
0.3823128938674927,0.2556639611721039,-0.24546772241592407,-0.3045649528503418,0.7002864480018616,0.2853701412677765,0.5791398882865906,-3.0427086353302,-3.628850221633911,-3.9521994590759277,0.6288661956787109,-1.769218921661377,-1.7632356882095337,-1.7724539041519165
0.7078688740730286,-0.0029470089357346296,-0.4478929936885834,0.5442106127738953,-0.09931454807519913,-0.8227201104164124,-0.13077880442142487,-2.213590621948242,-3.162898302078247,-4.747616291046143,-1.4853192567825317,-1.7724539041519165,-1.7724539041519165,-1.7724539041519165
0.5914348363876343,0.3282948434352875,-0.5019873976707458,0.9337703585624695,0.09421734511852264,0.25694313645362854,0.2305997908115387,-3.207444190979004,-3.4676828384399414,-3.8955283164978027,16.11809539794922,-1.7642567157745361,-1.7641035318374634,-1.7724539041519165
0.7402907013893127,0.2583918571472168,-0.5051736831665039,0.5367011427879333,0.30916884541511536,0.5473871231079102,0.562791109085083,-3.997364044189453,-4.479184150695801,-5.180093288421631,-1.7607836723327637,1.6002488136291504,1.6722183227539062,1.3870389461517334
0.6913174986839294,0.2874923050403595,-0.5094442367553711,0.029244719073176384,0.7921766042709351,0.44710350036621094,-0.41436630487442017,-3.194031000137329,-3.377436637878418,-3.9048712253570557,-0.9603755474090576,-1.3605095148086548,-1.3117990493774414,-1.6893937587738037
0.732556164264679,0.2763952612876892,-0.5088185667991638,0.5586691498756409,0.2816705107688904,0.5553429126739502,0.5478546619415283,-3.94838285446167,-4.252297878265381,-5.70412540435791,-1.72845458984375,1.231318473815918,1.2325688600540161,0.7436277866363525
0.7224205136299133,0.29220324754714966,-0.40318453311920166,-0.026229584589600563,0.6953976154327393,0.546669602394104,0.4657107889652252,-2.930180549621582,-3.5698115825653076,-4.147360801696777,0.22562558948993683,-1.7281525135040283,-1.7265323400497437,-1.769391417503357
0.7160279154777527,0.3199668228626251,-0.4329201281070709,0.9149097204208374,-0.04784030839800835,-0.3816901445388794,0.12232817709445953,-3.35843825340271,-3.5763919353485107,-3.6610565185546875,-0.29247379302978516,-1.7061022520065308,-1.6905932426452637,-1.7546464204788208
0.7212854027748108,0.2604230046272278,-0.4679436683654785,0.5777045488357544,0.3965141773223877,-0.7049325704574585,-0.11001820862293243,-3.883558511734009,-4.151402950286865,-5.377902507781982,-0.9994972944259644,0.5583370327949524,0.5768136978149414,0.17358890175819397
0.7174127101898193,0.30107077956199646,-0.48069828748703003,-0.03280118107795715,0.5612990856170654,0.6716861724853516,-0.4823951721191406,-4.044459342956543,-4.877120018005371,-5.587401866912842,-0.750751256942749,-0.828156054019928,-0.782204270362854,-0.9499062299728394
0.6449869275093079,0.24077178537845612,-0.35005486011505127,0.8690327405929565,-0.019422993063926697,-0.4341451823711395,-0.23648002743721008,-2.7974417209625244,-3.4779443740844727,-4.423343181610107,-0.5712829828262329,-1.7674387693405151,-1.7724539041519165,-1.7724539041519165
0.5867668390274048,0.2927896976470947,-0.37749648094177246,0.9032526612281799,0.409628689289093,0.08271601796150208,-0.09745264798402786,-3.942507266998291,-4.167056083679199,-4.6879658699035645,16.11809539794922,-1.7721673250198364,-1.7724539041519165,-1.7724539041519165
0.7011432647705078,0.3006771206855774,-0.4228300452232361,-0.3633607029914856,0.695646345615387,0.37057557702064514,0.49670806527137756,-3.302973985671997,-4.857287883758545,-6.129824638366699,-3.9911069869995117,1.5077979564666748,1.6124552488327026,1.042723536491394
0.5545433163642883,0.09936229139566422,-0.3852074146270752,0.023799726739525795,0.6357773542404175,0.7698214650154114,-0.05094677209854126,-2.595355749130249,-2.825751543045044,-3.9185495376586914,0.1603613793849945,-1.772403359413147,-1.7724539041519165,-1.7724539041519165
0.675250768661499,0.023397885262966156,-0.33234208822250366,-0.10581716895103455,0.7442632913589478,0.659430980682373,-0.005059507675468922,-2.684774160385132,-3.3053109645843506,-3.599804639816284,0.04868342727422714,-1.7724539041519165,-1.7724539041519165,-1.7724539041519165
0.6446352601051331,-0.017723524942994118,-0.2880822420120239,0.5219483375549316,-0.08845644444227219,-0.8428659439086914,0.09655225276947021,-3.987772226333618,-5.099903583526611,-5.930595397949219,-2.4746739864349365,0.8007609844207764,0.6304672360420227,-0.5449581146240234
0.6385201811790466,-0.009791800752282143,-0.26804324984550476,0.8915565013885498,-0.03138304129242897,0.3358443081378937,0.30224281549453735,-3.697626829147339,-4.1325788497924805,-4.546151161193848,16.11809539794922,-1.7724539041519165,-1.7724539041519165,-1.7724539041519165
0.629023551940918,0.01560849230736494,-0.25423380732536316,-0.4516245424747467,0.17663370072841644,0.8331131935119629,0.26600417494773865,-3.995845317840576,-4.929251194000244,-5.3221282958984375,1.9997928142547607,-1.7724539041519165,-1.7724539041519165,-1.7724539041519165
0.6364733576774597,0.0743124783039093,-0.2602560520172119,-0.4218097925186157,0.3068605363368988,0.8426253199577332,-0.13377492129802704,-3.7809669971466064,-4.267404556274414,-5.4400482177734375,1.6382273435592651,-1.7324326038360596,-1.7351295948028564,-1.758776307106018
0.5147921442985535,0.3060930669307709,-0.37715625762939453,0.7548599243164062,0.35809317231178284,-0.5487259030342102,-0.029251951724290848,-3.084352970123291,-3.662064552307129,-3.752906560897827,2.862295389175415,-1.7645200490951538,-1.7693710327148438,-1.7724539041519165
0.50152987241745,0.2924897074699402,-0.2530583441257477,0.413759708404541,0.406171977519989,0.47651582956314087,0.6608781218528748,-3.0412235260009766,-3.400813102722168,-3.666098117828369,16.11809539794922,-1.7254761457443237,-1.741948127746582,-1.7724539041519165
0.5565537810325623,0.258533239364624,-0.23948344588279724,0.6805868744850159,0.5003649592399597,-0.5325021743774414,0.05364551767706871,-3.0674638748168945,-3.8899428844451904,-4.649734973907471,-3.7994697093963623,1.000605821609497,1.7521394491195679,-0.48085203766822815
0.5488581657409668,0.3086400628089905,-0.3503369688987732,0.6594541668891907,-0.16386336088180542,-0.6622390747070312,-0.3157663941383362,-3.028217077255249,-3.830101728439331,-4.218477249145508,-2.5581183433532715,-0.2895755171775818,1.3976558446884155,-1.612146019935608
0.706708550453186,0.2614597678184509,-0.25003206729888916,-0.08878963440656662,0.45187002420425415,0.8390933871269226,-0.2895723283290863,-2.6982321739196777,-3.093017816543579,-3.322908639907837,0.041653823107481,-1.4062480926513672,-0.9870132207870483,-1.771346926689148
0.23901671171188354,0.4589311480522156,-0.46770623326301575,0.914696216583252,0.2707434892654419,0.29928821325302124,-0.021338101476430893,-2.8621532917022705,-3.524097442626953,-4.241397380828857,-1.268492341041565,-1.763087511062622,-1.3239372968673706,-1.7701884508132935
0.3632800877094269,0.4885362982749939,-0.49661341309547424,0.025637352839112282,0.5569559335708618,0.7766507267951965,0.29318326711654663,-3.688535451889038,-3.8086092472076416,-4.0478644371032715,-0.9865493774414062,-1.662412166595459,-1.4963257312774658,-1.742318868637085
0.4105414152145386,0.4101560711860657,-0.5161840915679932,-0.025286519899964333,0.674610435962677,0.7352398037910461,-0.06069377064704895,-3.0852200984954834,-3.8726582527160645,-5.016497611999512,-2.128223419189453,-1.7608847618103027,-1.7359635829925537,-1.7724539041519165
0.42586180567741394,0.35384035110473633,-0.45226991176605225,0.8838924169540405,-0.2735021412372589,0.11454262584447861,-0.3616776466369629,-3.0113301277160645,-3.3523128032684326,-4.150432109832764,1.3639036417007446,-1.694437861442566,-1.6864309310913086,-1.7724539041519165
0.29120928049087524,0.43644052743911743,-0.4391084313392639,0.26928913593292236,0.4011004865169525,0.7800031900405884,0.39773961901664734,-2.9692001342773438,-3.1950390338897705,-4.262680530548096,-0.45593684911727905,-1.740646243095398,-1.6645410060882568,-1.7724539041519165
0.15581509470939636,0.5566436052322388,-0.4006689786911011,-0.4456881880760193,0.7549052238464355,0.28678667545318604,0.38630756735801697,-2.8273983001708984,-3.5432722568511963,-4.70762300491333,-2.8407211303710938,0.3944535255432129,1.5486748218536377,-1.225186824798584
0.06801798939704895,0.5583826303482056,-0.41172701120376587,-0.4846498668193817,0.735609769821167,0.1036272719502449,0.46179449558258057,-3.628917932510376,-4.160821914672852,-5.801836013793945,-2.280111074447632,1.5086164474487305,1.7724539041519165,1.3615329265594482
0.14876659214496613,0.552290678024292,-0.4591890275478363,0.8885656595230103,0.39982256293296814,-0.19454099237918854,-0.1129014641046524,-3.873938798904419,-4.528584003448486,-5.49721622467041,-1.397614598274231,1.3301267623901367,1.7724539041519165,1.4474352598190308
0.10841325670480728,0.5853402614593506,-0.4095436632633209,0.5881279706954956,-0.38037121295928955,-0.4073256254196167,-0.586096465587616,-2.927156686782837,-3.5208475589752197,-4.4644670486450195,-1.6998655796051025,-1.762123703956604,-1.4389281272888184,-1.7724539041519165
0.18050038814544678,0.5728185772895813,-0.39654111862182617,0.7821491956710815,-0.45352938771247864,-0.4096352458000183,-0.12146089226007462,-2.908328056335449,-4.19258975982666,-4.360602378845215,-1.1956579685211182,-1.4875010251998901,-1.1871861219406128,-1.7695173025131226
0.20737239718437195,0.4741578996181488,-0.36694252490997314,0.4465852975845337,0.6902816295623779,0.5553842186927795,0.12498509138822556,-3.0551199913024902,-3.4895291328430176,-4.310606956481934,0.8608505129814148,-1.6225485801696777,-1.4532674551010132,-1.7390220165252686
0.2575802803039551,0.47970709204673767,-0.5180734395980835,0.7996565699577332,-0.1273273080587387,-0.5561967492103577,0.18703562021255493,-3.2732503414154053,-4.081336975097656,-5.859272003173828,-1.070277452468872,-1.0902047157287598,1.0115070343017578,-0.35778677463531494
0.27199241518974304,0.5518441200256348,-0.4006959795951843,-0.48092740774154663,0.5758215188980103,0.602374255657196,0.2725503742694855,-3.080838203430176,-4.2633891105651855,-4.526551723480225,-1.768217921257019,0.852786660194397,1.540308952331543,0.8026498556137085
0.26589399576187134,0.514992892742157,-0.47332876920700073,0.11831574141979218,0.5193437337875366,0.6160995364189148,0.5802627205848694,-3.8553264141082764,-4.6175336837768555,-5.511837482452393,-1.7689411640167236,0.3430580198764801,0.9833287000656128,-0.8151872158050537
0.3297483026981354,0.5515667200088501,-0.5151984095573425,0.33316269516944885,0.30897751450538635,0.28968310356140137,0.8423889875411987,-3.3288488388061523,-4.263274669647217,-4.5197434425354,-1.7184422016143799,-1.5507361888885498,-1.0742790699005127,-1.7520157098770142
0.4194723069667816,0.5147388577461243,-0.5250702500343323,0.9681898355484009,0.2172916680574417,-0.08498430997133255,-0.09039027988910675,-3.6367757320404053,-4.901019096374512,-5.534876823425293,-2.1448049545288086,0.29260197281837463,1.0775798559188843,0.2616932988166809
0.39101046323776245,0.3995208144187927,-0.45797625184059143,0.24999043345451355,0.7354646921157837,0.36853066086769104,0.5106678009033203,-2.528045892715454,-2.8048064708709717,-3.7155473232269287,-1.1903951168060303,-0.7158137559890747,0.7054874300956726,-1.7698309421539307
0.3373427987098694,0.5526669025421143,-0.46341758966445923,-0.2885337173938751,0.577028751373291,0.32733142375946045,0.6903913617134094,-3.2465248107910156,-3.596735715866089,-4.777167797088623,-2.975665807723999,0.6512879133224487,1.5307846069335938,0.25016555190086365
0.3537651598453522,0.5433988571166992,-0.5232442021369934,0.9393694996833801,-0.33640897274017334,-0.05017678439617157,0.04354630410671234,-4.583652973175049,-5.999418258666992,-6.301453113555908,0.014365769922733307,-0.9749841690063477,-0.4418356120586395,-1.4742547273635864
0.3562186360359192,0.5571079254150391,-0.5155988335609436,0.6805160641670227,0.7021858096122742,-0.13012100756168365,-0.16401663422584534,-4.272122859954834,-5.035624980926514,-6.328882217407227,-1.48379647731781,-0.15789058804512024,0.5769128203392029,0.008305730298161507
0.31039732694625854,0.5454928874969482,-0.42542895674705505,0.6538001894950867,-0.03667628392577171,-0.755403459072113,-0.02378484420478344,-3.825597047805786,-4.064372539520264,-4.4299750328063965,-2.8767600059509277,1.3387032747268677,1.7138808965682983,1.3653781414031982
0.29101887345314026,0.5410869717597961,-0.40248122811317444,0.9680429100990295,0.0228629969060421,-0.2384127378463745,-0.07436145842075348,-3.760782241821289,-4.32680082321167,-4.550685405731201,1.2245343923568726,-1.3156670331954956,-0.7808777689933777,-1.7605291604995728
0.32857614755630493,0.5434262156486511,-0.41264912486076355,0.7081612348556519,-0.042379725724458694,-0.5482229590415955,-0.44290316104888916,-3.4533050060272217,-4.555669784545898,-4.57573127746582,-2.3641438484191895,-0.30076101422309875,0.6647909283638,-0.4712511897087097
0.3280608654022217,0.5033357739448547,-0.3769155442714691,0.6144936084747314,0.6595916748046875,-0.4243650734424591,0.08515135198831558,-3.097790479660034,-3.8065640926361084,-4.663775444030762,-1.6905324459075928,-1.6474659442901611,-1.4927759170532227,-1.7724539041519165
0.30791985988616943,0.5454503893852234,-0.4057464599609375,-0.3103220462799072,0.6178240180015564,0.5685133337974548,0.4458545446395874,-3.6536293029785156,-3.9994029998779297,-4.777445316314697,-0.2170400619506836,-1.70804762840271,-1.4015134572982788,-1.7663705348968506
0.28338080644607544,0.5812995433807373,-0.38248151540756226,0.36910194158554077,0.8491222262382507,0.3221369683742523,0.19744108617305756,-3.7058470249176025,-4.165812015533447,-4.667973518371582,-0.8183766603469849,-1.6660857200622559,-1.281316876411438,-1.7693039178848267
0.3444053530693054,0.5416969060897827,-0.4362131655216217,-0.2677900195121765,0.647672712802887,0.5289159417152405,0.4785984754562378,-4.049833297729492,-5.524123668670654,-6.394445419311523,-1.8807028532028198,-0.10501917451620102,0.33246636390686035,0.30060943961143494
0.34723830223083496,0.5481194257736206,-0.42969465255737305,0.7659319639205933,-0.13576731085777283,-0.5883293747901917,-0.22087107598781586,-4.7578444480896,-5.45738410949707,-6.026252746582031,-0.824096143245697,-0.8213507533073425,-0.07324011623859406,-1.061127781867981
0.2976415753364563,0.5611815452575684,-0.38178062438964844,0.5921602845191956,-0.5103512406349182,-0.621719479560852,0.04850425943732262,-3.644216299057007,-4.048420429229736,-4.679197311401367,-1.5889711380004883,-0.38737350702285767,0.7968686819076538,-1.4632315635681152
0.2926320433616638,0.6024808883666992,-0.39963793754577637,0.8341466188430786,0.17455124855041504,-0.503821849822998,-0.1410491168498993,-3.97976016998291,-5.014309883117676,-5.565499305725098,-1.655158281326294,0.6406385898590088,1.4105908870697021,0.41555821895599365
0.10240992158651352,0.41418883204460144,-0.3161581754684448,-0.22853046655654907,0.7812381386756897,0.5467194318771362,0.19631272554397583,-2.5373213291168213,-2.902855396270752,-3.8114280700683594,-2.440049886703491,-1.702809453010559,-0.27957308292388916,-1.7430698871612549
0.056463632732629776,0.4674440920352936,-0.27206194400787354,0.5491095185279846,0.3682793378829956,0.7263597846031189,0.18775130808353424,-2.5902552604675293,-3.549903154373169,-3.682302713394165,-0.059979379177093506,-1.7237448692321777,-1.6639535427093506,-1.7724539041519165
0.14678813517093658,0.46424558758735657,-0.2921920716762543,-0.13789401948451996,0.5140291452407837,0.844982922077179,-0.052565447986125946,-2.983478307723999,-3.6349124908447266,-3.9803354740142822,0.2167590707540512,-1.7554566860198975,-1.5791993141174316,-1.7724539041519165
0.23853489756584167,0.4674777388572693,-0.3349262475967407,0.7902101278305054,0.1390216201543808,-0.500093936920166,0.3258020281791687,-3.1773035526275635,-3.8939404487609863,-4.305593490600586,-2.1679587364196777,-0.4959169030189514,0.5425583124160767,-1.668763279914856
0.25910791754722595,0.4138619899749756,-0.33554205298423767,0.6022017002105713,-0.47536173462867737,-0.21526803076267242,-0.6041887402534485,-3.042161464691162,-4.305664539337158,-4.799072742462158,-1.1187597513198853,1.3610881567001343,1.6580935716629028,1.51606285572052
0.25925567746162415,0.4010724127292633,-0.3622630834579468,0.742314338684082,-0.21506251394748688,-0.6291016340255737,0.08335838466882706,-2.402648687362671,-3.516371965408325,-4.5055694580078125,-2.393368721008301,0.09326238185167313,1.764134168624878,-1.5823661088943481
0.265758216381073,0.4768383502960205,-0.3256250023841858,-0.16645459830760956,0.47820591926574707,0.830385148525238,0.23253491520881653,-3.215360164642334,-3.8062775135040283,-4.3389763832092285,-0.4718308746814728,-1.7536123991012573,-1.699547529220581,-1.7719097137451172
0.3208869397640228,0.3827124536037445,-0.3348022401332855,0.3006758987903595,0.9237135648727417,-0.23708467185497284,-0.01175055280327797,-7.882570743560791,-4.80192232131958,-5.5108561515808105,0.9718605875968933,0.5352115631103516,1.0078659057617188,0.9105547070503235
0.3190896213054657,0.4087570309638977,-0.2719518542289734,0.04372982308268547,0.5726827383041382,0.760157585144043,0.30378052592277527,-3.1861419677734375,-3.2229502201080322,-4.086793899536133,-0.30045172572135925,-1.7674299478530884,-1.7250193357467651,-1.772149682044983
0.178980752825737,0.5213593244552612,-0.3376135528087616,-0.0023573909420520067,0.8676556348800659,0.34721240401268005,0.35582539439201355,-3.1740071773529053,-3.89609694480896,-4.177517414093018,-0.5684764981269836,-1.739417552947998,-1.6053677797317505,-1.7724539041519165
0.04966672509908676,0.5922363996505737,-0.34506160020828247,0.764026939868927,0.5745837092399597,0.09445769339799881,0.27783825993537903,-3.655513048171997,-3.9892263412475586,-4.248043537139893,-0.48802927136421204,-1.7126610279083252,-1.403170108795166,-1.7724539041519165
0.05543077737092972,0.5975340604782104,-0.3429727256298065,0.6792227029800415,0.36832964420318604,0.21466700732707977,0.5974176526069641,-3.444040536880493,-4.3141188621521,-4.533301830291748,-0.40721583366394043,-1.2041001319885254,-0.6054462194442749,-1.7724539041519165
0.08172816783189774,0.5911117792129517,-0.3318158984184265,0.8226925730705261,-0.0068192258477211,-0.5668697357177734,-0.04229842871427536,-3.695098638534546,-4.8013715744018555,-4.862654209136963,-0.635857105255127,-1.4175795316696167,-0.8013355135917664,-1.7377417087554932
0.08296693116426468,0.5904524326324463,-0.3397033214569092,0.7175345420837402,0.5756680965423584,-0.37898996472358704,-0.10058316588401794,-3.4335227012634277,-4.053030490875244,-4.275463104248047,-2.339139223098755,0.8770751953125,1.70650053024292,1.457815170288086
0.03180157393217087,0.5547215938568115,-0.35375919938087463,0.43891847133636475,0.523493230342865,0.4430963695049286,0.5804920196533203,-2.917614221572876,-4.080127239227295,-5.306507110595703,-2.1440224647521973,-0.975925087928772,0.8709067106246948,-1.751918911933899
0.059447139501571655,0.5592228174209595,-0.3120597004890442,0.13669419288635254,0.4428459107875824,0.4220816195011139,0.779133677482605,-4.104110240936279,-4.5008087158203125,-4.9892730712890625,1.1265323162078857,-1.7366468906402588,-1.4084899425506592,-1.7724539041519165
0.06216738373041153,0.6208955645561218,-0.34735846519470215,-0.03494779020547867,0.5714210271835327,0.6600090265274048,0.48646146059036255,-3.989473819732666,-4.454900741577148,-5.017159461975098,0.2139005810022354,-0.41493913531303406,0.3862064778804779,-0.26174119114875793
0.18335562944412231,0.5801519155502319,-0.34782302379608154,0.8285052180290222,0.19541682302951813,-0.4326433837413788,0.29700344800949097,-3.7960457801818848,-4.544564247131348,-5.442881107330322,-2.07993483543396,0.9867153763771057,1.5777413845062256,1.0952768325805664
0.1292194426059723,0.5476831793785095,-0.32359787821769714,0.7508745193481445,0.6149964928627014,0.10313453525304794,-0.2175547033548355,-3.448591947555542,-4.223559856414795,-5.7663044929504395,-3.5122711658477783,0.6117950677871704,1.6357754468917847,-0.03429771214723587
0.17983540892601013,0.5778730511665344,-0.31472116708755493,0.8173773288726807,0.36875709891319275,0.3985266387462616,0.1925850510597229,-3.6200196743011475,-3.918710470199585,-4.444883346557617,-1.2400014400482178,-1.3068124055862427,-0.42519545555114746,-1.6699780225753784
0.08566408604383469,0.5924345254898071,-0.3158228099346161,0.43488195538520813,0.8205679655075073,-0.37065833806991577,-0.012581859715282917,-3.9050333499908447,-4.3944807052612305,-4.60952615737915,-1.2753117084503174,-1.686483383178711,-1.1056252717971802,-1.7724539041519165
0.025257602334022522,0.5095061659812927,-0.26397112011909485,0.6121950745582581,-0.2549266815185547,-0.560943603515625,-0.49555209279060364,-3.7308998107910156,-4.4084296226501465,-5.150385856628418,-0.898906409740448,-0.9918720722198486,0.9265177845954895,-1.7724539041519165
0.07290545105934143,0.5372651815414429,-0.289903849363327,0.19770795106887817,0.5715473890304565,0.720782995223999,-0.33869898319244385,-2.585430383682251,-4.297809600830078,-4.360912322998047,-0.6761369705200195,-1.7137700319290161,-0.8230897784233093,-1.7710763216018677
0.05863684415817261,0.5634061694145203,-0.3050972521305084,0.7319310903549194,0.05647503584623337,0.5116503834724426,0.4464317560195923,-3.607020139694214,-3.800203323364258,-4.890053749084473,-0.4050019085407257,-1.1259517669677734,0.12907937169075012,-1.260530710220337
0.1354498565196991,0.5307233929634094,-0.27270469069480896,-0.40152639150619507,-0.24327008426189423,0.8796729445457458,0.07597219198942184,-2.61161470413208,-4.1072773933410645,-4.662986755371094,-1.3955183029174805,-1.4246221780776978,-1.2004684209823608,-1.7724539041519165
0.0629207119345665,0.6099036335945129,-0.304697722196579,0.06301967799663544,0.46517273783683777,0.8733078837394714,0.13029254972934723,-3.616377592086792,-4.293948173522949,-4.905855178833008,-1.6844004392623901,0.3690001964569092,1.3184537887573242,0.3722264766693115
0.1104525774717331,0.6077083945274353,-0.2832789719104767,0.21957364678382874,0.48459747433662415,0.8368255496025085,0.12913456559181213,-3.25628924369812,-3.9717342853546143,-4.720843315124512,-1.5656087398529053,-0.7195678353309631,0.018827905878424644,-0.7822047472000122
0.056210070848464966,0.6239597797393799,-0.2904011905193329,0.9273098111152649,-0.15894287824630737,-0.034732747822999954,0.3370864987373352,-3.7595303058624268,-4.2013020515441895,-4.432575225830078,-1.7662073373794556,-1.6424115896224976,-1.0262080430984497,-1.7684481143951416
0.14666442573070526,0.5271986126899719,-0.25662022829055786,0.19304466247558594,0.47464102506637573,0.8374152779579163,-0.19022426009178162,-3.1798789501190186,-4.15612268447876,-5.289188861846924,-3.5827476978302,0.23894111812114716,1.4640188217163086,0.7662904262542725
0.22059813141822815,0.595941424369812,-0.3503226935863495,-0.2839210033416748,0.324173241853714,0.5179401636123657,0.7389442324638367,-3.3680765628814697,-4.18631649017334,-4.702482223510742,-2.4376015663146973,0.1959664523601532,1.1541730165481567,0.134768545627594
0.2584111988544464,0.48516708612442017,-0.31675460934638977,-0.26977992057800293,0.8152072429656982,0.3462459444999695,0.3778488337993622,-3.281282901763916,-3.6695845127105713,-4.7559332847595215,-0.725772500038147,-1.5061438083648682,-1.0802973508834839,-1.7724539041519165
0.26706662774086,0.46944835782051086,-0.28467750549316406,0.4736748933792114,0.42849966883659363,0.7111351490020752,0.29378044605255127,-3.3707916736602783,-3.9305930137634277,-4.921536922454834,-1.2316917181015015,0.3649331331253052,1.5026566982269287,-0.2057904452085495
0.24510128796100616,0.59176105260849,-0.3862752616405487,-0.10941275209188461,0.5445042848587036,0.6285642385482788,0.5444731116294861,-4.254746913909912,-5.122056007385254,-5.353878974914551,-1.1620680093765259,1.680115818977356,1.7724539041519165,1.0788516998291016
0.2620827853679657,0.5793879628181458,-0.34448376297950745,0.5862608551979065,-0.6248558163642883,-0.10485830157995224,-0.5048348307609558,-3.9479408264160156,-4.42127799987793,-4.857738018035889,0.2290143072605133,-1.4977120161056519,-0.8696608543395996,-1.724155306816101
0.2721363306045532,0.5440710186958313,-0.35640308260917664,-0.0435461662709713,0.9879228472709656,0.03525165840983391,-0.1444626748561859,-5.509639739990234,-4.739436149597168,-13.833758354187012,-0.08632808178663254,-1.7724539041519165,-1.07737398147583,-1.7724539041519165
0.26314762234687805,0.5806226134300232,-0.3488520085811615,0.500886082649231,0.053498316556215286,0.5578095316886902,0.6596207618713379,-3.9292421340942383,-4.375381946563721,-5.180671691894531,-0.42186447978019714,-0.3771631121635437,0.4837423861026764,-0.318506121635437
0.278157502412796,0.5792677402496338,-0.35382503271102905,-0.3430390954017639,0.19124852120876312,0.8157629370689392,0.4245928227901459,-4.889087677001953,-5.907095909118652,-6.541723728179932,-2.295886516571045,0.5735024809837341,1.6833082437515259,-1.7724539041519165
0.25546795129776,0.5457475185394287,-0.30594468116760254,0.9205181002616882,-0.24122297763824463,0.24463780224323273,0.1860383003950119,-3.455451250076294,-3.9783146381378174,-5.079453468322754,-2.903287887573242,0.33101409673690796,1.7283239364624023,0.6623842716217041
0.30328992009162903,0.5757337212562561,-0.3796604871749878,0.23323288559913635,0.5700399875640869,0.3433701992034912,0.7090513110160828,-4.419322490692139,-5.043708801269531,-5.67932653427124,-0.000017491340258857235,-1.1712512969970703,-0.37881284952163696,-1.715530276298523
0.3005174398422241,0.5971089005470276,-0.37507200241088867,0.50724858045578,-0.5501086711883545,-0.20917966961860657,-0.6295420527458191,-4.374774932861328,-5.1388349533081055,-5.946382522583008,-0.8535068035125732,-0.20381253957748413,0.479554146528244,-0.5301274657249451
0.30999502539634705,0.5883837342262268,-0.36683472990989685,0.08966238796710968,0.652937114238739,0.6174432039260864,-0.4294154942035675,-4.494395732879639,-4.940397262573242,-5.583616256713867,-0.3533259332180023,-0.8792538046836853,-0.11004605144262314,-1.2331931591033936
0.22470854222774506,0.39177873730659485,-0.21715997159481049,0.939027726650238,0.08654771000146866,0.2863442599773407,-0.1695387065410614,-2.1984379291534424,-2.670264720916748,-3.8282852172851562,-1.0034911632537842,-1.3740402460098267,0.19582393765449524,-1.7719526290893555
0.206857368350029,0.5273987650871277,-0.26386070251464844,-0.4504104554653168,0.4580218493938446,0.12160415202379227,0.7566761374473572,-5.113833427429199,-6.401043891906738,-7.084097385406494,-0.49622005224227905,-1.049353837966919,0.28662875294685364,-1.076333999633789
0.2745547592639923,0.522419273853302,-0.26900699734687805,0.9395303130149841,0.025232212617993355,0.29216673970222473,0.17687489092350006,-3.6430952548980713,-4.432180404663086,-5.010762691497803,-2.3366568088531494,0.9917911291122437,1.678879976272583,0.4909747242927551
0.33150577545166016,0.5006203651428223,-0.274562269449234,0.5709027647972107,0.7953758239746094,-0.19226083159446716,-0.0669560432434082,-3.5574228763580322,-4.000141620635986,-4.524097442626953,-0.3642765283584595,-1.7487457990646362,-1.4440786838531494,-1.7681266069412231
0.3733281195163727,0.4895443022251129,-0.30626505613327026,0.534125804901123,0.7861908078193665,0.24851365387439728,0.18669387698173523,-3.4699039459228516,-3.826629877090454,-4.818385601043701,-4.002836227416992,1.542994737625122,1.7724539041519165,-1.0981276035308838
0.39067330956459045,0.48012614250183105,-0.2803255021572113,-0.46053367853164673,0.6786487102508545,0.5459635853767395,0.1710801124572754,-3.2170791625976562,-3.6314990520477295,-4.561466693878174,-2.338829517364502,-0.42774176597595215,0.18531087040901184,-0.7191299796104431
0.3062495291233063,0.5076533555984497,-0.3119524419307709,0.3227945864200592,0.7042761445045471,-0.2135835736989975,-0.5951309204101562,-4.916746616363525,-7.479379653930664,-5.896170616149902,-0.9328200221061707,-0.24327801167964935,0.4935067296028137,-0.11816361546516418
0.3506796658039093,0.4916052222251892,-0.2422836273908615,-0.4782901704311371,0.7507994771003723,0.34984225034713745,0.2918030917644501,-3.336772918701172,-4.045182704925537,-4.755639553070068,-2.6388587951660156,1.0769919157028198,1.6666259765625,1.3392443656921387
0.3336107134819031,0.5073808431625366,-0.2226928025484085,-0.30996131896972656,0.6201372146606445,0.5104900002479553,0.5086784362792969,-3.4954588413238525,-4.138728618621826,-4.404908180236816,-2.022754430770874,0.25900548696517944,1.0618667602539062,0.1612934023141861
0.2282254844903946,0.5461755394935608,-0.3067927658557892,0.6979619860649109,0.6793428659439087,-0.02469230815768242,-0.22523902356624603,-4.03621768951416,-4.672907829284668,-5.4655609130859375,-1.2669246196746826,-0.3735587000846863,0.8639998435974121,-0.32823947072029114
0.47744593024253845,0.36881640553474426,-0.4683307111263275,0.08018031716346741,0.6587164998054504,0.6874236464500427,-0.29514816403388977,-3.7021915912628174,-4.178996562957764,-4.459529399871826,-0.800365686416626,1.7302242517471313,1.764906644821167,1.7678093910217285
0.5133957266807556,0.36137300729751587,-0.4661169648170471,0.9008992910385132,-0.38162118196487427,0.19725844264030457,-0.06192591413855553,-3.938382625579834,-4.092671871185303,-4.448228359222412,0.4081633985042572,1.7198554277420044,1.7712645530700684,1.7637742757797241
0.5495049357414246,0.3651653528213501,-0.4823724329471588,0.1403113305568695,0.6229446530342102,0.7180505394935608,-0.2768682837486267,-3.9992923736572266,-5.057785987854004,-5.174054145812988,0.9962418079376221,1.7171436548233032,1.7618887424468994,1.7724539041519165
0.5252308249473572,0.3532571792602539,-0.44473564624786377,0.5281686782836914,-0.5500141382217407,-0.07483649998903275,-0.6425898671150208,-3.022047996520996,-4.259545803070068,-4.463126182556152,-0.41505345702171326,0.8153783082962036,1.187599539756775,1.4205083847045898
0.48463180661201477,0.42587748169898987,-0.49133187532424927,-0.08449456095695496,0.4968216121196747,0.8395720720291138,-0.2028489112854004,-3.3383820056915283,-3.549268960952759,-3.9396493434906006,-1.8169888257980347,-1.6116000413894653,-1.434635043144226,-1.7724539041519165
0.5552231073379517,0.32132861018180847,-0.37562084197998047,-0.2760014832019806,0.5653868913650513,0.6428539156913757,0.43692073225975037,-3.5436770915985107,-3.725764751434326,-5.059266090393066,-1.6263552904129028,0.6235843300819397,1.614854335784912,0.007466358598321676
0.49381598830223083,0.4434809982776642,-0.37079378962516785,0.9372045397758484,0.0669110119342804,-0.3398757576942444,-0.04068141058087349,-3.50628924369812,-4.149433612823486,-4.894970417022705,-2.2656102180480957,1.3455225229263306,1.5810189247131348,1.1574724912643433
0.5316678881645203,0.4463382661342621,-0.37048742175102234,-0.17433148622512817,0.55681973695755,0.47564756870269775,0.6582702398300171,-3.686717987060547,-3.9138848781585693,-4.555441856384277,-1.3835108280181885,-0.7942591905593872,-0.47675439715385437,-1.007210612297058
0.5841628909111023,0.2898365557193756,-0.5226320028305054,0.1914648860692978,0.8159425258636475,-0.1914648860692978,0.5108034610748291,-11.839986801147461,-3.264383554458618,-3.801927089691162,0.26028311252593994,-1.285897970199585,-1.369307518005371,-1.7724539041519165
0.6851999759674072,0.3294486999511719,-0.5140159130096436,-0.028490513563156128,0.6408421397209167,0.5981423258781433,0.4803493022918701,-3.8605759143829346,-4.0303473472595215,-6.270874500274658,-4.087738513946533,0.7421228289604187,1.1246644258499146,0.687576174736023
0.6896355748176575,0.31162211298942566,-0.47821807861328125,-0.4775833785533905,0.4082184135913849,0.43819016218185425,0.6428539752960205,-3.6691038608551025,-4.315831184387207,-5.605217933654785,-2.11159348487854,1.4459649324417114,1.446836233139038,0.9543120861053467
0.6389449834823608,0.4326302409172058,-0.4922940731048584,0.7827754020690918,-0.0637008473277092,-0.6138307452201843,0.0801042914390564,-2.4097366333007812,-3.2758662700653076,-5.240299701690674,-1.7199459075927734,-0.8971707224845886,-0.46209725737571716,-1.385443091392517
0.7239761352539062,0.42098531126976013,-0.5093481540679932,0.9293580651283264,0.2978760302066803,-0.04870317131280899,-0.21258269250392914,-3.4353363513946533,-3.6953399181365967,-4.959011077880859,-2.8958263397216797,-0.08039740473031998,0.46781033277511597,-0.2300805151462555
0.7126923203468323,0.4552268981933594,-0.46631374955177307,0.8561866283416748,-0.0037041809409856796,-0.4954667091369629,0.1464359313249588,-3.603898763656616,-4.745529651641846,-5.183716773986816,-1.879292607307434,1.1316587924957275,1.6730241775512695,1.1687884330749512
0.7325564026832581,0.44361525774002075,-0.462911456823349,-0.3145758807659149,0.6557623744010925,0.44592541456222534,0.5216975212097168,-3.4938161373138428,-4.407166004180908,-5.338709831237793,-2.068638563156128,0.6865136623382568,1.3738850355148315,0.3338824510574341
0.6814318299293518,0.47664788365364075,-0.45917609333992004,0.3832497298717499,0.8591702580451965,-0.19766740500926971,-0.27545177936553955,-3.820798635482788,-4.403574466705322,-5.127073764801025,-2.5064752101898193,1.6187759637832642,1.757269024848938,1.1534854173660278
0.6196232438087463,0.30938100814819336,-0.42379969358444214,0.7367809414863586,0.6120192408561707,0.16789713501930237,-0.23323123157024384,-3.7245495319366455,-4.257527828216553,-4.48296594619751,0.8682032823562622,-1.7691850662231445,-1.759070873260498,-1.7724539041519165
0.6348077654838562,0.30404582619667053,-0.41319116950035095,0.5814205408096313,0.7756965756416321,0.11344090104103088,-0.2176605761051178,-3.614633321762085,-4.281810283660889,-5.283423900604248,-2.2632036209106445,0.7426469326019287,1.4741559028625488,-0.10389839857816696
0.7280094623565674,0.2957010269165039,-0.42178499698638916,-0.2552695870399475,0.5678741335868835,0.39758723974227905,0.674003541469574,-4.591187477111816,-5.305909156799316,-5.505676746368408,-1.3541297912597656,0.4357093274593353,0.6514061093330383,0.1911577731370926
0.6445819735527039,0.4721359312534332,-0.4507356286048889,-0.0041089365258812904,0.45116665959358215,0.8156476616859436,0.36214733123779297,-3.469304323196411,-3.7933833599090576,-4.766299724578857,-2.6541361808776855,0.4905909597873688,1.4236884117126465,-1.6397868394851685
0.6545896530151367,0.49292078614234924,-0.4195460379123688,0.1644621342420578,0.4248676896095276,0.5980226993560791,0.6594001054763794,-2.8000268936157227,-3.8496975898742676,-5.031661510467529,-2.4832773208618164,-0.7643107771873474,-0.1474885791540146,-1.7204020023345947
0.4722217917442322,0.49597764015197754,-0.5249324440956116,0.8570329546928406,0.4789313077926636,-0.03208751976490021,-0.18732252717018127,-3.1205434799194336,-4.410271167755127,-5.138742923736572,-1.4676849842071533,-1.7603747844696045,-1.5653371810913086,-1.7724539041519165
0.4502564072608948,0.48561015725135803,-0.5131088495254517,0.5116659998893738,-0.004550301004201174,-0.8591615557670593,0.004317238461226225,-3.526228427886963,-4.097715377807617,-4.781361103057861,-2.7983036041259766,0.21428625285625458,1.402982473373413,-1.2776668071746826
0.4947702884674072,0.5008379817008972,-0.48721691966056824,0.18684980273246765,0.7833893895149231,0.5669082403182983,-0.1732144057750702,-3.523440361022949,-3.7970046997070312,-4.140808582305908,-1.7557865381240845,-1.7153569459915161,-0.3713434934616089,-1.7724539041519165
0.3958096206188202,0.514894962310791,-0.5174724459648132,-0.4804266095161438,0.7531459927558899,0.049248017370700836,0.4466945230960846,-4.111457347869873,-4.741785049438477,-6.007384777069092,-1.4418963193893433,-1.6506743431091309,-1.3197438716888428,-1.7724539041519165
0.4615929126739502,0.6012839078903198,-0.45057886838912964,0.5358153581619263,0.7966064810752869,-0.21437786519527435,0.17989498376846313,-3.656334161758423,-4.594672203063965,-5.047650337219238,-2.4688029289245605,1.2022992372512817,1.6261593103408813,1.0430189371109009
0.5333333015441895,0.5844818949699402,-0.5141832232475281,0.6904218196868896,0.5794802308082581,0.42783915996551514,0.0668879896402359,-3.7813987731933594,-4.098511219024658,-4.635581970214844,-0.25918465852737427,-1.719449520111084,-1.2495869398117065,-1.619311809539795
0.5175623297691345,0.5890422463417053,-0.5080215334892273,0.6563572287559509,-0.6140845417976379,-0.09341076761484146,-0.4282170236110687,-4.195989608764648,-4.9550604820251465,-5.683063983917236,2.1081748008728027,-1.3898646831512451,-0.7946519255638123,-1.0821442604064941
0.523169219493866,0.578361988067627,-0.4816822409629822,0.6323354244232178,-0.026672091335058212,-0.7453015446662903,-0.20968091487884521,-3.234863758087158,-4.335949420928955,-4.635945796966553,-1.5623977184295654,-0.3552621901035309,0.552137017250061,-0.005406438373029232
0.6250349879264832,0.5433194637298584,-0.5049499869346619,0.34995290637016296,0.6124057173728943,0.660983145236969,0.25611212849617004,-3.0806736946105957,-3.45971941947937,-4.085927963256836,-0.43753403425216675,-1.5875790119171143,-1.501861333847046,-1.7629538774490356
0.4956836998462677,0.4571073353290558,-0.34527942538261414,0.8854478001594543,0.2818041145801544,-0.36837154626846313,0.029512863606214523,-3.3690428733825684,-4.089974403381348,-4.649957180023193,-1.6773148775100708,0.0215962715446949,0.5164185762405396,-0.3208445906639099
0.44380995631217957,0.6010776162147522,-0.44027405977249146,0.47617071866989136,0.8607603907585144,0.1756674349308014,-0.03865233436226845,-3.841827630996704,-4.2753825187683105,-4.888551235198975,-2.0474166870117188,-0.4157886505126953,0.30601009726524353,-1.5817574262619019
0.41185855865478516,0.6060353517532349,-0.44169676303863525,0.2447277307510376,0.6451826095581055,0.3153178095817566,0.6514771580696106,-4.37389612197876,-5.468874931335449,-5.582753658294678,-2.0473568439483643,1.0762981176376343,1.6751213073730469,-0.9728893041610718
0.41265663504600525,0.6160618662834167,-0.42642638087272644,0.36579981446266174,0.5034081935882568,0.6366614699363708,0.4554480314254761,-4.194737911224365,-4.692473411560059,-5.7978515625,-1.2377564907073975,-0.9914014339447021,-0.4715341627597809,-1.6662771701812744
0.4764442443847656,0.5949119329452515,-0.4174075722694397,0.8695343136787415,0.42222049832344055,-0.24479445815086365,0.07560129463672638,-3.2558202743530273,-4.144691467285156,-4.651147365570068,-1.624973177909851,-1.3893355131149292,-1.1801759004592896,-1.7273497581481934
0.34169113636016846,0.8186615705490112,-0.4865744709968567,0.5170599818229675,0.2713737189769745,0.5708374381065369,0.5771914124488831,-1.8943949937820435,-4.627071857452393,-5.116613864898682,-4.210526943206787,1.135257601737976,1.6710350513458252,0.9725878834724426
0.4788769483566284,0.5920504331588745,-0.4291957914829254,0.9306002855300903,0.18563421070575714,-0.18681181967258453,-0.25421324372291565,-3.6205544471740723,-4.597014427185059,-5.092787742614746,-2.9938764572143555,0.4814218580722809,1.0674388408660889,0.31885644793510437
0.49813657999038696,0.5700896382331848,-0.4395419955253601,-0.14177079498767853,0.36186814308166504,0.9077732563018799,-0.15779797732830048,-3.6475462913513184,-5.248109340667725,-5.971912384033203,-1.4644535779953003,-0.7627891898155212,-0.17078189551830292,-1.7724539041519165
0.5014619827270508,0.5567821264266968,-0.44705507159233093,0.9771788120269775,0.1987432837486267,-0.035261161625385284,-0.0661761537194252,-4.487395763397217,-4.68385124206543,-5.7927398681640625,0.44949647784233093,-1.4153995513916016,-1.1169888973236084,-1.7724539041519165
0.6224672198295593,0.5342671871185303,-0.421063095331192,-0.1517362743616104,0.4954686462879181,0.7098080515861511,0.4771367311477661,-3.0746471881866455,-3.3788018226623535,-5.423528671264648,-3.1378133296966553,0.601531445980072,1.5490761995315552,-0.3087508976459503
0.48564058542251587,0.5977572202682495,-0.40589258074760437,0.5187892913818359,0.5649556517601013,0.03366826847195625,0.6407411098480225,-4.521076679229736,-5.846796035766602,-5.923664569854736,1.0738245248794556,-0.383766770362854,0.4435576796531677,-1.7724539041519165
0.6241425275802612,0.5761735439300537,-0.5125052332878113,0.754838228225708,-0.12956608831882477,-0.6366986036300659,0.08970338851213455,-3.416065216064453,-3.918574094772339,-5.546572208404541,-1.0277316570281982,0.32076239585876465,0.7619237899780273,-0.8133925199508667
0.6297567486763,0.6506025195121765,-0.5104572176933289,0.121063731610775,0.7732115387916565,0.6056654453277588,0.14372505247592926,-2.791480541229248,-3.9907681941986084,-4.475278377532959,16.11809539794922,-1.3501207828521729,-1.2420079708099365,-1.6038564443588257
0.6388249397277832,0.6546196937561035,-0.5147236585617065,-0.1811039298772812,0.7425699830055237,0.6004940271377563,-0.23494265973567963,-3.29510235786438,-4.562770366668701,-4.71322774887085,16.11809539794922,-1.1749999523162842,-1.1463607549667358,-1.3963022232055664
0.6343957185745239,0.5889903903007507,-0.4611160159111023,0.1178358793258667,0.5021018385887146,0.7005276083946228,0.4932235777378082,-4.140486717224121,-5.136929512023926,-5.616424560546875,0.33539342880249023,-1.0967880487442017,-0.2204500138759613,-1.6199172735214233
0.5994892120361328,0.5162530541419983,-0.41071000695228577,-0.04641646146774292,0.5674411058425903,0.7626742720603943,-0.30689430236816406,-3.731905221939087,-3.999669075012207,-5.1034698486328125,-3.8299942016601562,1.763342261314392,1.7724539041519165,-1.6129997968673706
0.6690196394920349,0.4856397211551666,-0.40182292461395264,0.3836209774017334,-0.05045825615525246,0.2979110777378082,0.8726614117622375,-4.801940441131592,-17.096582412719727,-5.1578264236450195,1.54044508934021,0.2571795582771301,0.98006272315979,-1.7724539041519165
0.601776123046875,0.5682835578918457,-0.39774227142333984,0.6606468558311462,0.5635650753974915,0.4931813180446625,0.052080195397138596,-3.7072408199310303,-4.541348457336426,-5.076760768890381,-2.7926506996154785,1.0677272081375122,1.6871730089187622,0.5952853560447693
0.4397270679473877,0.3825792372226715,-0.35400858521461487,0.9275704026222229,0.009524064138531685,-0.3653819262981415,-0.07757900655269623,-2.8708739280700684,-3.2165465354919434,-4.553656578063965,1.262726902961731,-1.7488206624984741,-1.7370046377182007,-1.7715494632720947
0.5367374420166016,0.3059890568256378,-0.3820072412490845,0.81990647315979,0.24178795516490936,-0.4967634379863739,0.15006022155284882,-3.7545487880706787,-4.1095428466796875,-4.81708288192749,-0.42960259318351746,-1.7724539041519165,-0.12417301535606384,-1.7724539041519165
0.5174762010574341,0.408169150352478,-0.374091774225235,-0.26460692286491394,0.6165863871574402,0.7389737367630005,-0.06101018190383911,-3.200596570968628,-3.718928575515747,-4.4359564781188965,-2.424168586730957,0.39415740966796875,0.7664744853973389,-0.7077628374099731
0.5080578327178955,0.466276615858078,-0.3536927402019501,0.19908632338047028,0.6367076635360718,0.6773082613945007,0.3101959228515625,-4.311126708984375,-4.611317157745361,-5.242183208465576,0.43475231528282166,-1.7472525835037231,-1.6070970296859741,-1.7595824003219604
0.5463090538978577,0.3986377716064453,-0.2939997911453247,0.49445226788520813,0.25151515007019043,0.6211993098258972,0.5535056591033936,-3.622654914855957,-3.8013672828674316,-4.77800178527832,-1.047627568244934,0.28949999809265137,1.0810259580612183,-0.2556242346763611
0.47974926233291626,0.4659009575843811,-0.34077900648117065,-0.3125293254852295,0.6435745358467102,0.6715909838676453,0.19262082874774933,-3.911844253540039,-4.190986156463623,-5.632185459136963,-1.1862056255340576,-0.8527411222457886,-0.11035570502281189,-1.6773079633712769
0.4994693994522095,0.4622560441493988,-0.3393997550010681,0.15500393509864807,0.47157007455825806,0.8477727174758911,-0.18675349652767181,-4.231098651885986,-4.911243915557861,-5.070630073547363,0.640565812587738,-1.434316873550415,-1.0501048564910889,-1.7597849369049072
0.5433164238929749,0.45705175399780273,-0.3414224684238434,0.033340130001306534,0.7945437431335449,0.6061697006225586,0.012123063206672668,-3.856631278991699,-4.172686576843262,-4.646230220794678,-0.445799857378006,-1.5870490074157715,-1.4853354692459106,-1.7608239650726318
0.5552843809127808,0.3699755072593689,-0.2900788187980652,0.32306593656539917,0.4155553877353668,0.5873534083366394,0.6147829294204712,-3.2219130992889404,-3.7420434951782227,-4.084665775299072,-0.010631467215716839,-1.7374238967895508,-1.661710500717163,-1.7717233896255493
0.5449159741401672,0.3768957555294037,-0.28703102469444275,0.45292362570762634,0.3793695271015167,0.5675597786903381,0.5734238028526306,-3.1930508613586426,-3.464630365371704,-4.2660675048828125,-0.8996736407279968,-1.1013214588165283,-0.8431134819984436,-1.7190734148025513
0.3752024471759796,0.45089370012283325,-0.29515159130096436,-0.15966928005218506,0.6407507061958313,0.0656648501753807,0.7480857968330383,-4.220575332641602,-5.036386013031006,-13.601512908935547,0.4712783396244049,-1.2855708599090576,-0.7437355518341064,-1.5435409545898438
0.5113270878791809,0.4312373399734497,-0.3135591745376587,0.59197998046875,0.7812670469284058,-0.16900046169757843,-0.10305525362491608,-4.380363941192627,-4.925217151641846,-5.565568447113037,-0.8589944839477539,-0.4033167362213135,-0.056632380932569504,-0.5350527763366699
0.5348769426345825,0.4366700351238251,-0.3094419836997986,0.21878691017627716,0.4015916585922241,0.8824477195739746,0.11019279807806015,-3.654289722442627,-4.808150291442871,-5.1055908203125,-2.5006673336029053,0.9880331754684448,1.23703932762146,0.755122721195221
0.5398827791213989,0.43137362599372864,-0.2890309691429138,0.7932652235031128,0.07219153642654419,-0.572380781173706,0.19467659294605255,-5.379161834716797,-6.479888916015625,-7.828171253204346,-0.09285616129636765,-0.6615831851959229,-0.7424917221069336,-0.6507329940795898
0.6212583184242249,0.31338003277778625,-0.37692907452583313,0.8093994855880737,-0.17678041756153107,-0.557376503944397,-0.05433840677142143,-4.217596530914307,-5.266573905944824,-6.596955299377441,-1.7895678281784058,-1.120900273323059,1.7309962511062622,-1.6296137571334839
0.6810922026634216,0.334209144115448,-0.2671718895435333,0.8767427802085876,-0.2780413329601288,0.12186317145824432,0.3730476200580597,-3.3580548763275146,-4.014289855957031,-4.594444274902344,-1.4000170230865479,-0.6335115432739258,1.0310689210891724,-1.673651933670044
0.6861904263496399,0.3128212094306946,-0.21563935279846191,0.5815623998641968,0.7537946701049805,0.21720635890960693,0.2154068797826767,-3.19126558303833,-3.7213099002838135,-4.977345943450928,-2.236096143722534,-0.3021315634250641,0.8729113340377808,-0.4947142004966736
0.6911195516586304,0.3437991440296173,-0.17625050246715546,0.731719970703125,-0.03933247551321983,-0.5487501621246338,-0.40238308906555176,-2.89583683013916,-3.3402345180511475,-3.5215015411376953,-0.4811083674430847,-1.675235390663147,-1.6210973262786865,-1.7691899538040161
0.4634838402271271,0.4746776521205902,-0.3509160280227661,-0.4724876284599304,0.634756326675415,0.6114128828048706,-0.0037570137064903975,-4.729093551635742,-5.813207626342773,-6.3105316162109375,0.8916618227958679,-0.13696755468845367,0.5968396663665771,-1.7199623584747314
0.46953487396240234,0.49937447905540466,-0.32299527525901794,-0.34052640199661255,0.5440614223480225,0.7270949482917786,0.24366334080696106,-3.4698448181152344,-4.57955265045166,-5.340335369110107,-2.5159056186676025,0.6656840443611145,1.3827589750289917,-0.24239946901798248
0.47816795110702515,0.4854313135147095,-0.3349810540676117,0.715899646282196,0.6506174206733704,0.14329440891742706,-0.208929181098938,-4.06179666519165,-4.267107009887695,-4.609694957733154,-0.6729096174240112,-1.745987892150879,-1.4187570810317993,-1.7724539041519165
0.49844419956207275,0.4925922155380249,-0.3308194577693939,-0.06619787216186523,0.5293618440628052,0.6682214140892029,0.5185306668281555,-3.610860586166382,-5.053675174713135,-5.49439001083374,-1.216538429260254,1.0383843183517456,1.64398193359375,0.6194555759429932
0.4219993054866791,0.5056678056716919,-0.3216792941093445,0.8016376495361328,0.5221112966537476,-0.0184064619243145,-0.2905822992324829,-4.3448944091796875,-4.979558944702148,-5.861889362335205,1.0898300409317017,-1.0971474647521973,-0.36669301986694336,-1.4471708536148071
0.45982831716537476,0.5222808122634888,-0.29282429814338684,0.9523466229438782,-0.12212876230478287,0.2557987570762634,0.1126384362578392,-3.491213798522949,-3.993396759033203,-4.534530162811279,-1.012244701385498,-1.6393883228302002,-1.333822250366211,-1.752479910850525
0.45205479860305786,0.499837726354599,-0.25372815132141113,0.5587756633758545,-0.4908307194709778,-0.11113104224205017,-0.6591698527336121,-3.4138944149017334,-4.084034442901611,-4.207929611206055,-2.9073426723480225,0.9982621669769287,1.45889151096344,1.2148648500442505
0.4715645909309387,0.5066766142845154,-0.2959868013858795,-0.3961130380630493,0.2617552876472473,0.87955242395401,0.031083792448043823,-3.570206880569458,-4.679350852966309,-5.016748428344727,-2.8637518882751465,-0.12344251573085785,0.6788699626922607,-0.582565188407898
0.525743305683136,0.47247830033302307,-0.283361554145813,0.36837998032569885,0.3652171194553375,0.031041253358125687,0.8543705940246582,-4.238522052764893,-4.54209566116333,-4.638477325439453,-0.9711816906929016,-1.2954708337783813,-1.217715859413147,-1.7724539041519165
0.5917549133300781,0.46478956937789917,-0.3513953387737274,0.11617691069841385,0.8619246482849121,0.4094310700893402,-0.27559933066368103,-3.6686644554138184,-4.620438098907471,-6.0345306396484375,-2.4779670238494873,-0.26353883743286133,0.3877980411052704,-1.7724539041519165
0.06529726833105087,0.07616174966096878,-0.11880678683519363,0.35448548197746277,0.827649712562561,0.2435593456029892,0.36057570576667786,-1.7389752864837646,-2.325528860092163,-2.379282236099243,-1.5388301610946655,-1.76999032497406,-1.7681140899658203,-1.7724539041519165
0.0874939113855362,0.24064908921718597,-0.17029224336147308,0.8759881258010864,-0.292368620634079,-0.38315582275390625,-0.018893951550126076,-1.8547271490097046,-3.126812696456909,-3.9582180976867676,-0.04907747730612755,-1.7724539041519165,-1.7549686431884766,-1.7724539041519165
0.19629332423210144,0.30998221039772034,-0.16501042246818542,0.968366265296936,0.1502629965543747,0.007456221152096987,0.19907841086387634,-2.437252998352051,-2.9150993824005127,-3.4867100715637207,0.2976076304912567,-1.7724539041519165,-1.3873854875564575,-1.7724539041519165
0.3148084580898285,0.22563573718070984,-0.161269411444664,0.9444753527641296,0.2655021846294403,-0.1893688142299652,-0.04017937555909157,-2.4113502502441406,-2.9380815029144287,-4.233047008514404,0.7362300753593445,-1.7721284627914429,-1.7408703565597534,-1.7724539041519165
0.4219971299171448,0.225044846534729,-0.2072218358516693,0.5612433552742004,0.7875626683235168,-0.06489361822605133,0.24604839086532593,-3.2874820232391357,-3.9103024005889893,-4.210968017578125,16.11809539794922,-1.7717266082763672,-1.7660566568374634,-1.7724539041519165
0.3515739440917969,0.22349929809570312,-0.18579354882240295,0.4516281187534332,0.6254814267158508,0.4943915009498596,0.4004773199558258,-3.5795822143554688,-4.1972975730896,-5.270100116729736,16.11809539794922,-1.7715566158294678,-1.6160169839859009,-1.7724539041519165
0.2969817817211151,0.2552495300769806,-0.2072671502828598,0.6834714412689209,0.698876142501831,0.13994100689888,0.1576562523841858,-3.350519895553589,-3.9391541481018066,-4.364188194274902,-0.3076013922691345,-1.7442206144332886,-0.2383815348148346,-1.7724539041519165
0.3923821747303009,0.28050437569618225,-0.2357170581817627,0.7290096282958984,0.644119143486023,-0.2282095104455948,0.03969825431704521,-3.6087746620178223,-3.713792085647583,-4.169278621673584,-1.7028883695602417,-0.36893272399902344,0.011169735342264175,-1.736733078956604
0.34530454874038696,0.2812691628932953,-0.1822405755519867,0.5548754930496216,-0.6269217133522034,-0.12935705482959747,-0.5313652753829956,-3.2432539463043213,-3.785752296447754,-4.320034503936768,-1.2022942304611206,-1.1325074434280396,1.122347354888916,-1.7724539041519165
0.40693968534469604,0.12388606369495392,-0.06273393332958221,0.8880893588066101,0.03490101173520088,-0.2815840244293213,0.3616484999656677,-2.6546850204467773,-3.133833646774292,-3.4144818782806396,2.529332160949707,-1.771175742149353,-1.770510196685791,-1.7724539041519165
0.37665149569511414,0.23575052618980408,-0.1560773253440857,0.6144518852233887,-0.5983836054801941,-0.4470876157283783,-0.2539657652378082,-3.5567991733551025,-3.929044246673584,-5.064165115356445,-1.830893635749817,-1.715584635734558,1.2569397687911987,-1.7696572542190552
0.38258096575737,0.2526257038116455,-0.1905413717031479,0.4498342275619507,0.502190351486206,0.6370065808296204,0.3737333118915558,-3.5139052867889404,-4.45127010345459,-4.960790634155273,-3.0852627754211426,0.0702323243021965,1.6810532808303833,-1.7719072103500366
0.15661989152431488,0.3087865710258484,-0.02893972583115101,0.5595808029174805,-0.6578171253204346,-0.46603280305862427,-0.19224821031093597,-3.1014063358306885,-3.494929313659668,-4.135925769805908,-1.0010435581207275,-1.746276617050171,0.5476621389389038,-1.7724539041519165
0.40302443504333496,0.26837730407714844,-0.08536679297685623,0.8085553050041199,0.5663779377937317,0.12680169939994812,-0.09682824462652206,-4.0448784828186035,-4.461150169372559,-5.547020435333252,-0.7092423439025879,0.15389949083328247,1.3152586221694946,0.8419589996337891
0.38639795780181885,0.2666298747062683,-0.101096972823143,-0.38301488757133484,0.22576768696308136,0.8697512149810791,0.2141527235507965,-3.452390193939209,-4.850525379180908,-6.081268787384033,-3.346590042114258,1.4452091455459595,1.7600232362747192,1.4739817380905151
0.4283190667629242,0.06462252140045166,-0.038580745458602905,-0.04272688180208206,0.5831343531608582,0.8004002571105957,0.13224276900291443,-2.9877610206604004,-3.1322154998779297,-3.6722371578216553,2.7496933937072754,-1.7724539041519165,-1.7724539041519165,-1.7724539041519165
0.29108044505119324,0.2523110806941986,-0.002324934583157301,0.6417024731636047,0.7092077732086182,-0.291952908039093,-0.0024022485595196486,-2.785498857498169,-2.9291396141052246,-3.7994837760925293,-1.0859942436218262,-1.6789096593856812,0.12958253920078278,-1.7707180976867676
0.34502342343330383,0.2428140491247177,0.008643195033073425,0.8983274102210999,0.3622264266014099,0.1774519979953766,-0.17409969866275787,-3.2988221645355225,-3.3357481956481934,-3.9762794971466064,0.09672365337610245,-1.7723194360733032,-1.7446260452270508,-1.7724539041519165
0.5043660998344421,0.11627667397260666,-0.20906884968280792,0.733288049697876,0.6419164538383484,-0.16818071901798248,-0.14814552664756775,-2.7175052165985107,-2.9163031578063965,-3.0023012161254883,-1.1181594133377075,-1.7697010040283203,-1.7724539041519165,-1.7724539041519165
0.5488271117210388,-0.014841847121715546,-0.18141302466392517,0.367328017950058,0.5338731408119202,0.44205009937286377,0.6201946139335632,-3.728731155395508,-4.1043925285339355,-5.66409969329834,-0.1775362491607666,-0.6203981637954712,-0.9868713617324829,-1.7650102376937866
0.5682064890861511,-0.021079160273075104,-0.174648717045784,-0.4608531892299652,0.018611164763569832,0.8807032108306885,0.10784177482128143,-4.221966743469238,-4.44336462020874,-4.866076946258545,16.11809539794922,-1.7655198574066162,-1.7710896730422974,-1.7724539041519165
0.5518010258674622,-0.012432578019797802,-0.1547326147556305,0.4480336308479309,0.6781022548675537,0.529413104057312,0.24323849380016327,-3.5894296169281006,-3.773585081100464,-4.940927028656006,0.8596255779266357,-1.7682026624679565,-1.7685927152633667,-1.770168423652649
0.5739957094192505,0.02865326777100563,-0.17956596612930298,-0.28223150968551636,0.5869829654693604,0.7491874694824219,-0.1204761415719986,-3.8392484188079834,-4.261223316192627,-4.515906810760498,16.11809539794922,-1.7289879322052002,-1.7347716093063354,-1.7590832710266113
0.5719883441925049,0.05109099671244621,-0.18646636605262756,-0.39296263456344604,0.293138712644577,0.8688721060752869,0.06863881647586823,-3.4776365756988525,-4.10207462310791,-4.561731338500977,-0.556053638458252,-0.752927303314209,-0.92798912525177,-1.769481897354126
0.5359129309654236,-0.01782454364001751,-0.13472925126552582,0.07106953859329224,0.7536342740058899,0.6125401854515076,0.22755013406276703,-3.7338881492614746,-4.392984390258789,-4.810853958129883,16.11809539794922,-1.7724539041519165,-1.7724539041519165,-1.7724539041519165
0.5333647727966309,0.021619942039251328,-0.12361203879117966,-0.39457136392593384,0.5411931872367859,0.7381578087806702,-0.08090975880622864,-3.9465625286102295,-4.330357074737549,-4.612251281738281,16.11809539794922,-1.7715836763381958,-1.7724539041519165,-1.7724539041519165
0.547472357749939,0.05039941519498825,-0.14214015007019043,-0.3681633174419403,0.47772157192230225,0.7908909916877747,-0.10358236730098724,-4.119929313659668,-4.666776180267334,-5.075620651245117,16.11809539794922,-1.7707438468933105,-1.7724539041519165,-1.7724539041519165
0.47067663073539734,0.003492663847282529,-0.12025211751461029,0.976997971534729,-0.0787653848528862,0.126222163438797,0.1527707278728485,-2.703669786453247,-3.2267544269561768,-3.8904671669006348,-0.9453298449516296,-0.9219163060188293,-1.0112407207489014,-1.7724539041519165
0.5609896183013916,0.07955899834632874,-0.15853750705718994,-0.4266201853752136,0.29957816004753113,0.8531720042228699,-0.018593914806842804,-4.041931629180908,-4.408280849456787,-4.724862098693848,2.7595930099487305,-1.7267534732818604,-1.7560197114944458,-1.7724539041519165
0.5616845488548279,0.12512639164924622,-0.15696203708648682,0.5248222947120667,0.3841853141784668,0.25751200318336487,0.7145982980728149,-3.0823276042938232,-4.339986324310303,-5.954869270324707,-3.267029047012329,1.0312613248825073,1.1051353216171265,-0.24569977819919586
0.5213804841041565,0.14589767158031464,-0.10672011971473694,0.4551185071468353,0.3821704089641571,0.22165924310684204,0.7730977535247803,-3.2675390243530273,-3.811432123184204,-5.477530002593994,-2.5957858562469482,0.773982048034668,0.6984559893608093,-1.1933577060699463
0.6248137950897217,0.0003467845090199262,-0.2510387599468231,0.619815468788147,0.3631744086742401,0.35573655366897583,0.5978165864944458,-4.763457775115967,-5.1248250007629395,-6.308269500732422,-2.478853225708008,1.4299029111862183,1.2316107749938965,0.19239938259124756
0.6104124188423157,-0.007297473959624767,-0.2250964492559433,0.5382084250450134,0.42931705713272095,0.39372503757476807,0.6090970039367676,-4.113052845001221,-4.62103271484375,-5.268174171447754,16.11809539794922,-1.7724539041519165,-1.7724539041519165,-1.7724539041519165
0.7266729474067688,0.1251090168952942,-0.2446926385164261,0.05826777592301369,0.6239140033721924,0.7779370546340942,0.04636980965733528,-2.393272876739502,-2.9866139888763428,-4.1810431480407715,-0.9761365652084351,-1.771134376525879,-1.6674474477767944,-1.7722171545028687
0.6157782673835754,0.03425740450620651,-0.22806595265865326,0.9046608805656433,-0.1810888797044754,0.2620687782764435,-0.2830467224121094,-4.676879405975342,-5.052827835083008,-5.215875625610352,16.11809539794922,-1.7678959369659424,-1.7724539041519165,-1.7724539041519165
0.6096395254135132,0.11205422133207321,-0.22644829750061035,0.584420382976532,0.3121625781059265,0.2983317971229553,0.6870265603065491,-3.45556902885437,-4.022528648376465,-4.783909797668457,0.9030491709709167,-1.7683005332946777,-1.7719038724899292,-1.7631672620773315
0.5939016342163086,-0.016006959602236748,-0.203359454870224,-0.3037950396537781,0.5846657156944275,0.7521633505821228,-0.01117630023509264,-4.013876914978027,-4.65185022354126,-5.105947971343994,16.11809539794922,-1.7697217464447021,-1.7724539041519165,-1.7724539041519165
0.5984116792678833,0.015302002429962158,-0.20696504414081573,0.70976322889328,0.36687225103378296,0.28553178906440735,0.5292565226554871,-4.437442302703857,-4.724267482757568,-5.237887382507324,16.11809539794922,-1.7667285203933716,-1.7719018459320068,-1.7724539041519165
0.6182619333267212,-0.014563560485839844,-0.22395937144756317,0.5575405955314636,0.14410527050495148,-0.8145455718040466,-0.0699833333492279,-3.4336650371551514,-4.339794635772705,-6.584524631500244,-1.8576679229736328,-0.8710411787033081,-1.126665711402893,-1.7724539041519165
0.6008691191673279,0.03232531249523163,-0.20965391397476196,-0.41139885783195496,0.3125160038471222,0.8331754803657532,-0.19723936915397644,-4.09013557434082,-4.877171039581299,-6.350187301635742,-2.2760708332061768,0.9832624197006226,0.6970207691192627,-0.6387457251548767
0.610350489616394,0.06596887856721878,-0.2431318461894989,0.6812466979026794,-0.07246541976928711,-0.6518568992614746,0.32516804337501526,-3.6133458614349365,-4.028128147125244,-5.715030193328857,-0.8890178203582764,-0.016853827983140945,-0.2642483413219452,-1.731640338897705
0.6158414483070374,0.16046640276908875,-0.2313113510608673,0.6191443800926208,0.34774547815322876,0.3603716194629669,0.6048682332038879,-3.1575241088867188,-4.2683024406433105,-5.730025291442871,-3.0980963706970215,1.3385593891143799,1.5041766166687012,0.2693328261375427
0.5854167938232422,0.05645332857966423,-0.19708582758903503,-0.45598477125167847,-0.06172708421945572,0.7441099286079407,0.4843222498893738,-3.813077688217163,-5.084475994110107,-5.624083995819092,-2.358123540878296,0.4117272198200226,0.19891971349716187,-1.0046054124832153
0.6298107504844666,0.1343383491039276,-0.1738816350698471,0.1080390065908432,0.6593235731124878,0.7078563570976257,0.22925840318202972,-2.104508399963379,-2.7328808307647705,-5.160075664520264,-1.0407618284225464,-1.7304327487945557,-1.7395172119140625,-1.7724539041519165
0.602403998374939,0.08011548966169357,-0.21196348965168,0.43991613388061523,0.3962242305278778,0.1902400702238083,0.7831276059150696,-4.198258876800537,-4.729201793670654,-5.966889381408691,-2.0464751720428467,1.2208926677703857,1.0160495042800903,-0.25895750522613525
0.4235912561416626,0.28201064467430115,-0.23066073656082153,-0.18389728665351868,0.5265340209007263,0.8276528716087341,-0.06272512674331665,-3.5883708000183105,-4.021542549133301,-4.76250696182251,0.2730708122253418,-1.7715686559677124,-1.5494683980941772,-1.7724539041519165
0.45037075877189636,0.2586193084716797,-0.18809521198272705,0.650390625,0.3307590186595917,-0.6717145442962646,0.12802380323410034,-3.4061439037323,-4.256176471710205,-5.163900852203369,-2.888249635696411,0.9847102165222168,1.4209237098693848,0.3337112367153168
0.528182864189148,0.2510668635368347,-0.1997062712907791,-0.3330709636211395,0.21329307556152344,0.637710452079773,0.6609804630279541,-3.7287721633911133,-4.73336124420166,-5.872478008270264,-1.826754093170166,-0.08609245717525482,1.6345266103744507,-1.3476552963256836
0.5864319801330566,0.17765317857265472,-0.1899961531162262,-0.4680559039115906,-0.010750222019851208,0.8836098313331604,-0.006461542099714279,-3.552490234375,-4.0202507972717285,-5.499676704406738,-2.784926176071167,0.44235923886299133,0.7502827048301697,-0.2008601874113083
0.4791756272315979,0.1408674120903015,-0.12275676429271698,0.4578753709793091,0.7900074124336243,0.40502405166625977,0.04683970287442207,-2.6829121112823486,-2.9456570148468018,-3.1375162601470947,1.7814892530441284,-1.772216558456421,-1.7723019123077393,-1.7724539041519165
0.4076154828071594,0.2442002296447754,-0.17655806243419647,0.924126386642456,0.1253460794687271,-0.20405498147010803,-0.29772523045539856,-4.598649024963379,-4.988825798034668,-5.90236759185791,-0.632616400718689,-0.5942803621292114,0.6642761826515198,-0.5003694891929626
0.44918063282966614,0.23749703168869019,-0.1561957597732544,-0.4344290792942047,0.747002899646759,0.40443912148475647,0.2994779348373413,-3.6255910396575928,-4.65205192565918,-5.565426826477051,-3.4178056716918945,1.1446621417999268,0.7782007455825806,-1.1126033067703247
0.41975730657577515,0.2951692044734955,-0.17069411277770996,-0.3344477415084839,0.21475815773010254,0.7383744120597839,0.5448181629180908,-3.507882595062256,-4.836788654327393,-5.281684398651123,-2.3267011642456055,0.16479727625846863,1.7497398853302002,-1.7724539041519165
0.4353596866130829,0.3437741696834564,-0.20052607357501984,0.018720481544733047,0.6992701888084412,0.7104935646057129,-0.07661395519971848,-3.12534761428833,-4.507603645324707,-4.9472975730896,-1.7771459817886353,0.5311737060546875,1.3375352621078491,0.6788762211799622
0.44784581661224365,0.31556352972984314,-0.17224234342575073,0.18322452902793884,0.735863983631134,0.6358416080474854,0.1436607986688614,-3.5947442054748535,-4.301649570465088,-5.047504901885986,-1.159104585647583,-1.6016367673873901,-0.6475237607955933,-1.7315831184387207
0.43752333521842957,0.28894945979118347,-0.15795418620109558,-0.25112369656562805,0.43363696336746216,0.6316080689430237,0.5915802121162415,-3.8455629348754883,-5.159711837768555,-5.788565635681152,-2.143033742904663,0.11994104832410812,0.5947747230529785,-0.048478368669748306
0.4434860050678253,0.24319413304328918,-0.10079340636730194,0.555887758731842,0.7832362055778503,-0.09514446556568146,0.26168179512023926,-3.3572897911071777,-4.723329544067383,-5.328096389770508,-1.2734357118606567,0.5868096947669983,1.5079020261764526,0.6915185451507568
0.4814479947090149,0.2466413378715515,-0.12991328537464142,0.6358906030654907,0.751036524772644,0.057077739387750626,-0.16831348836421967,-3.5436835289001465,-4.271302223205566,-4.967848777770996,-2.2587924003601074,0.21249081194400787,0.46040427684783936,-0.2871326506137848
0.5914035439491272,0.21111880242824554,-0.19623851776123047,0.5299757122993469,0.1261071413755417,0.6099240183830261,0.5755131840705872,-2.930981159210205,-3.3038265705108643,-4.176363468170166,-0.9821009039878845,-1.4020284414291382,-1.200260043144226,-1.4625095129013062
0.521381676197052,0.24509605765342712,-0.15286746621131897,-0.3928593397140503,0.29375162720680237,0.4941275417804718,0.7177809476852417,-4.028714179992676,-4.359335422515869,-6.000754356384277,-1.5302753448486328,0.3894138038158417,1.0774683952331543,-0.35950249433517456
0.4994024336338043,0.2366122454404831,-0.11767397820949554,0.5550426840782166,-0.6075770854949951,-0.4982829689979553,-0.272931843996048,-3.2429792881011963,-3.638808250427246,-3.963196039199829,0.042100224643945694,-1.2673028707504272,-1.1028790473937988,-1.5661497116088867
0.6184724569320679,0.31010502576828003,-0.2369488775730133,0.2031339704990387,0.8179612755775452,0.49842798709869385,0.20308980345726013,-3.639915704727173,-4.471945762634277,-5.284480571746826,-1.186944842338562,0.3886488080024719,1.5039887428283691,-1.772279143333435
0.6021755337715149,0.2326323390007019,-0.20352837443351746,0.9320964217185974,-0.17453332245349884,0.2852180600166321,-0.1392301619052887,-3.615551471710205,-4.256989002227783,-4.98868989944458,-0.5148281455039978,-1.6844080686569214,-1.6744344234466553,-1.622799277305603
0.6917659044265747,0.3120972216129303,-0.23662394285202026,-0.35437503457069397,0.4951219856739044,0.3872453272342682,0.6923247575759888,-3.802107572555542,-4.818443298339844,-4.936221122741699,-1.8445415496826172,1.1021506786346436,1.764654278755188,1.3135104179382324
0.5114204287528992,-0.013428179547190666,-0.10605255514383316,0.39340466260910034,0.3892556130886078,0.08169662952423096,0.828877866268158,-4.043457984924316,-4.536867618560791,-5.08798885345459,2.404979705810547,-1.762516736984253,-1.7641024589538574,-1.7724539041519165
0.48487111926078796,0.0017896706704050303,-0.0711989626288414,0.5650362372398376,-0.24296966195106506,-0.7755320072174072,0.14230208098888397,-3.575497627258301,-3.989586353302002,-4.787920951843262,16.11809539794922,-1.7630119323730469,-1.7650399208068848,-1.7717857360839844
0.49103543162345886,0.05033199116587639,-0.09881936758756638,0.05609074607491493,0.8949368596076965,0.37594839930534363,0.23367635905742645,-2.6242475509643555,-3.4752144813537598,-4.399004936218262,1.280973196029663,-1.7115815877914429,-1.7201446294784546,-1.7724539041519165
0.45072096586227417,-0.00886487029492855,-0.03767352178692818,-0.19492506980895996,0.7835959196090698,0.5857789516448975,0.0696033388376236,-3.6318552494049072,-3.8609743118286133,-4.118204116821289,16.11809539794922,-1.7623388767242432,-1.763492465019226,-1.7724539041519165
0.3949228823184967,-0.006116411183029413,0.014158230274915695,0.922118067741394,0.0821036547422409,0.3748709559440613,-0.04928462579846382,-3.8096399307250977,-4.091575622558594,-4.957041263580322,16.11809539794922,-1.7724539041519165,-1.7724212408065796,-1.7724539041519165
0.37838926911354065,0.10141844302415848,0.020374270156025887,-0.09354130178689957,0.7343587279319763,0.6362674832344055,0.21709661185741425,-2.692561149597168,-3.2574288845062256,-4.149688243865967,16.11809539794922,-1.6002209186553955,-1.6825618743896484,-1.7724539041519165
0.4637618660926819,0.13017454743385315,0.028396479785442352,0.42949360609054565,0.6892812848091125,0.20645534992218018,0.5457130670547485,-3.6266887187957764,-4.015174865722656,-4.823375225067139,1.5519952774047852,-1.7705389261245728,-1.7540249824523926,-1.772126317024231
0.4558812081813812,0.21098028123378754,-0.055610597133636475,0.7757335901260376,-0.28969326615333557,-0.5577408075332642,-0.0569244809448719,-3.396374464035034,-3.85129451751709,-4.292279243469238,0.5921181440353394,-1.7548655271530151,-1.7724539041519165,-1.7697179317474365
0.4139757752418518,0.27427518367767334,-0.07695099711418152,0.989004373550415,-0.04378049448132515,0.13552962243556976,0.03981655836105347,-3.277252197265625,-3.77260160446167,-4.079322814941406,-0.9447141885757446,-1.5294989347457886,-0.8154540061950684,-1.754518985748291
0.4620696008205414,0.2554539144039154,-0.11508888006210327,0.7293185591697693,0.31209346652030945,-0.6080630421638489,0.03084501437842846,-4.439631462097168,-4.707103252410889,-5.4853596687316895,-0.9173105955123901,-0.34345951676368713,-0.8113788366317749,-1.5023021697998047
0.48659202456474304,0.23379507660865784,-0.067386195063591,0.7597038149833679,-0.5072678923606873,-0.2827022671699524,-0.29258984327316284,-3.6457111835479736,-4.555190563201904,-5.248103618621826,-1.240643858909607,0.17916102707386017,1.3413559198379517,-0.07506369799375534
0.3979376256465912,0.27908414602279663,-0.12195219099521637,-0.45432522892951965,0.7808010578155518,-0.04320593923330307,0.4266984462738037,-3.570760488510132,-4.6966938972473145,-5.175529479980469,-2.3532373905181885,0.04509102553129196,1.2334400415420532,-0.11348733305931091
0.5604472160339355,0.27026644349098206,-0.036203864961862564,-0.2900930345058441,0.6571261882781982,0.4374290704727173,0.541005551815033,-3.443952798843384,-4.2535014152526855,-4.564253807067871,-2.3062522411346436,0.17516249418258667,0.6030353903770447,-0.25683456659317017
0.42274904251098633,0.19044235348701477,-0.0018154318677261472,0.1307954341173172,0.4021097421646118,0.903382420539856,0.0714179053902626,-3.0012519359588623,-3.8438198566436768,-4.47986364364624,1.4533277750015259,-1.761715292930603,-1.763514757156372,-1.7724539041519165
0.5409100651741028,0.21397732198238373,0.016029417514801025,0.891600489616394,0.26475152373313904,-0.36326807737350464,0.0546945184469223,-3.969843864440918,-4.018174171447754,-4.4601969718933105,-0.9677366614341736,-0.6663656830787659,0.5314880013465881,-1.53596830368042
0.5464774966239929,0.20492210984230042,-0.016776354983448982,0.6075582504272461,0.7555482387542725,-0.24270842969417572,0.033352356404066086,-3.4635329246520996,-3.9482901096343994,-4.460288047790527,-1.7562828063964844,0.9138992428779602,1.4738316535949707,0.6443061232566833
0.41851407289505005,0.3080006539821625,-0.016644593328237534,0.9224332571029663,0.10151711106300354,-0.11744814366102219,0.35357755422592163,-3.4747304916381836,-4.236606597900391,-4.575653076171875,-1.0481772422790527,-0.10002309828996658,1.1578842401504517,0.03792111203074455
0.4529484212398529,0.26861992478370667,0.0395287349820137,0.547383189201355,-0.5967464447021484,-0.5841676592826843,0.0548957884311676,-3.380966901779175,-3.6764397621154785,-4.314946174621582,-0.7891621589660645,-1.7194044589996338,-0.49146097898483276,-1.7594372034072876
0.4947468340396881,0.2871052324771881,0.01966378092765808,-0.10200002044439316,0.8108841776847839,0.4460695683956146,0.3648079037666321,-3.495116949081421,-3.85959529876709,-4.63549280166626,0.1895923614501953,-1.7702916860580444,-1.6969842910766602,-1.7724539041519165
0.5501720905303955,0.31451964378356934,-0.013986106961965561,-0.06937586516141891,0.7755110263824463,0.45816487073898315,0.42878270149230957,-3.8371849060058594,-4.212708473205566,-5.264903545379639,-1.666137456893921,-0.7439168691635132,0.5037053823471069,-1.5857642889022827
0.5960721969604492,0.20063678920269012,-0.002300331834703684,0.9795176982879639,0.1209351196885109,-0.16065821051597595,-0.010428903624415398,-3.516392707824707,-4.095151424407959,-4.848130226135254,-0.39024537801742554,-1.7724348306655884,-1.7713102102279663,-1.7723044157028198
0.5539156794548035,0.2065058797597885,0.01155615970492363,0.557141125202179,0.7217273116111755,0.2597160339355469,0.31819969415664673,-4.441598892211914,-4.563509464263916,-5.217033863067627,0.39144065976142883,0.5733797550201416,0.42394986748695374,0.5277933478355408
0.527999222278595,0.2715390920639038,0.032981161028146744,0.33283230662345886,0.846484899520874,0.3668586313724518,-0.1951940804719925,-3.562014579772949,-4.158013343811035,-4.338796615600586,1.901967167854309,-1.6289933919906616,-0.7634111046791077,-1.7347233295440674
0.5348854064941406,0.2817419171333313,0.018290502950549126,0.8404240012168884,0.48996371030807495,0.05890500172972679,-0.22394932806491852,-4.013169288635254,-4.422345161437988,-4.855101108551025,-0.5214343070983887,0.5446829199790955,1.2882624864578247,0.407574862241745
0.5163333415985107,0.3123989701271057,-0.029975654557347298,0.9070541262626648,0.15092137455940247,-0.3404187858104706,-0.19644483923912048,-3.551671028137207,-4.30474853515625,-5.080542087554932,1.7575936317443848,-1.770949125289917,-1.7030071020126343,-1.7724539041519165
0.652726411819458,0.31923210620880127,-0.09112706035375595,0.22970512509346008,0.74494868516922,0.6220879554748535,-0.07275695353746414,-2.787325859069824,-3.3345158100128174,-3.9077117443084717,-0.38762378692626953,-1.5513973236083984,-1.552554726600647,-1.7518197298049927
0.5712299942970276,0.27607792615890503,-0.06709430366754532,-0.1400877833366394,0.7672070264816284,0.5894622802734375,-0.21048270165920258,-5.569911479949951,-6.361217021942139,-6.796818733215332,-1.7991937398910522,1.196118712425232,1.390446662902832,0.2586027681827545
0.7197104096412659,0.2612396776676178,-0.05366281047463417,0.7848917245864868,-0.05471355468034744,-0.5474242568016052,-0.28509312868118286,-3.8411765098571777,-4.2289910316467285,-5.456079959869385,-0.8988839983940125,-1.107258677482605,0.0687791183590889,-1.5351378917694092
0.7281395792961121,0.29645836353302,-0.08626778423786163,0.5114001035690308,0.5648415088653564,0.6473010778427124,0.02062198333442211,-3.8087213039398193,-4.375971794128418,-5.558948516845703,-2.981351852416992,-0.02997031807899475,1.1509419679641724,-1.365159511566162
0.5931321978569031,0.21283993124961853,0.009303087368607521,0.5021503567695618,-0.589428186416626,-0.4632039964199066,-0.4311165511608124,-3.931321620941162,-4.801055908203125,-5.098201751708984,-0.9559224247932434,-0.5014750361442566,0.27011871337890625,-0.4562533497810364
0.5850853323936462,0.21119913458824158,-0.008045786991715431,0.6171755194664001,-0.28648558259010315,-0.5831989049911499,-0.4437335431575775,-3.9288253784179688,-5.052030086517334,-5.232104301452637,-1.2361901998519897,-1.20819091796875,-0.13688451051712036,-1.5948395729064941
0.5856369733810425,0.27755361795425415,-0.023116694763302803,0.09542053937911987,0.7599842548370361,0.5794328451156616,0.2785254120826721,-3.235833168029785,-3.5427863597869873,-4.735047817230225,0.20159001648426056,-1.7440102100372314,-1.6630330085754395,-1.7661771774291992
0.6022603511810303,0.1945975422859192,0.00240077031776309,0.6461642384529114,0.4081047475337982,-0.64488285779953,-0.00695373397320509,-3.963627338409424,-5.029892921447754,-5.8552775382995605,-1.5093886852264404,0.16192637383937836,0.8465935587882996,0.3371528685092926
0.6404428482055664,0.22940309345722198,0.0061912741512060165,0.673214852809906,-0.11512894183397293,-0.6806996464729309,0.2649056911468506,-4.689157009124756,-4.9453020095825195,-6.267366409301758,0.013745865784585476,-0.9730232357978821,-0.1257620006799698,-1.297424077987671
0.6292767524719238,0.24296602606773376,0.008896741084754467,0.7476705312728882,0.6549102067947388,0.10109169781208038,-0.04314861819148064,-4.510583877563477,-4.7926788330078125,-5.187877178192139,-0.5192632675170898,0.01869136281311512,0.9414915442466736,-0.16159310936927795
0.7296528220176697,0.2783268690109253,-0.057930078357458115,0.14999818801879883,0.7816373705863953,0.5471341013908386,-0.2592061460018158,-3.929617404937744,-5.1721720695495605,-5.919677734375,-0.971666157245636,0.2665526270866394,0.9515305161476135,0.37686678767204285
0.03900852054357529,0.4218044877052307,-0.15019366145133972,0.5758070349693298,0.8002734780311584,0.16089613735675812,0.04605487734079361,-3.8130946159362793,-3.866844415664673,-4.387221336364746,-1.2094857692718506,-1.2510430812835693,1.3607333898544312,-1.394445538520813
0.09660033136606216,0.3633521497249603,-0.16730454564094543,0.40060198307037354,0.8681913614273071,-0.29274630546569824,-0.007836219854652882,-2.7460036277770996,-3.7000625133514404,-3.781172275543213,0.47341373562812805,-1.7724539041519165,-0.2952103614807129,-1.7724539041519165
0.06472145766019821,0.4253178536891937,-0.1596827656030655,0.845056414604187,0.4433732330799103,-0.29716718196868896,-0.031488653272390366,-3.5343544483184814,-4.636631965637207,-5.3458476066589355,-0.9826613068580627,0.38343068957328796,1.6145257949829102,0.8187791705131531
0.10021946579217911,0.3920879065990448,-0.10666389018297195,-0.3835607171058655,-0.23148730397224426,0.8609143495559692,-0.2410835176706314,-2.8643040657043457,-3.2375056743621826,-3.3688716888427734,16.11809539794922,-1.7439286708831787,-1.7220017910003662,-1.76620352268219
0.2421838790178299,0.39896830916404724,-0.15167386829853058,0.8035064339637756,0.1673210710287094,-0.48298338055610657,0.30513614416122437,-2.643937349319458,-3.5306217670440674,-4.056728839874268,-2.246856927871704,-0.34780019521713257,1.0749800205230713,-1.5967127084732056
0.37152600288391113,0.36305680871009827,-0.18527452647686005,-0.07172898203134537,0.8435800671577454,0.48379331827163696,0.22174684703350067,-2.9853436946868896,-3.1770808696746826,-4.614439964294434,1.4292210340499878,-1.7668277025222778,-1.6659947633743286,-1.7724539041519165
0.30626147985458374,0.41571179032325745,-0.1551305055618286,0.9685860872268677,0.19079111516475677,-0.11272212117910385,-0.11284255981445312,-3.185706853866577,-3.260582447052002,-4.089396953582764,1.0855830907821655,-1.7724539041519165,-1.684149980545044,-1.7724539041519165
0.2675771415233612,0.4566660225391388,-0.09104742854833603,-0.030032048001885414,0.7872306108474731,0.4429277181625366,0.42799660563468933,-3.167635917663574,-4.2418694496154785,-4.840529918670654,-1.6093295812606812,-0.16758637130260468,0.7242540717124939,0.16530142724514008
0.17658711969852448,0.4637417197227478,-0.15130549669265747,-0.4924798905849457,0.648540198802948,0.1940736472606659,0.5469868183135986,-3.574742317199707,-4.84088134765625,-5.676218032836914,-1.6320598125457764,0.4033117890357971,1.5255852937698364,0.9179157018661499
0.26869603991508484,0.5213116407394409,-0.25563567876815796,0.8019450902938843,-0.1444626748561859,-0.5757770538330078,0.06704726815223694,-13.13956069946289,-4.282092094421387,-6.2074995040893555,-0.1808837354183197,-1.0495707988739014,-0.8271451592445374,-1.7724539041519165
0.31683114171028137,0.5081714391708374,-0.17475129663944244,-0.47690749168395996,0.7443925142288208,0.014665182679891586,0.4671444892883301,-3.2253644466400146,-3.7392547130584717,-4.878830432891846,-2.4400835037231445,1.1849983930587769,1.7140260934829712,1.5611462593078613
0.3114081025123596,0.5050985217094421,-0.2370367795228958,0.2936513423919678,0.498139351606369,0.5037076473236084,0.6417979598045349,-3.8175060749053955,-4.61201810836792,-8.076730728149414,-2.577471971511841,-0.826656699180603,-0.01787281036376953,-1.2382436990737915
0.33405977487564087,0.5039212703704834,-0.23380795121192932,0.013571611605584621,0.49739426374435425,0.8101689219474792,0.30990490317344666,-3.54126238822937,-4.708261013031006,-5.317767143249512,-2.5206756591796875,1.1357929706573486,1.6825674772262573,0.9080654978752136
0.3258204758167267,0.49543604254722595,-0.19897320866584778,0.24819087982177734,0.6305334568023682,0.7313665151596069,-0.07701829075813293,-3.7874393463134766,-4.134622573852539,-4.711196422576904,0.5979547500610352,-1.6588436365127563,-1.1183239221572876,-1.7716307640075684
0.33844056725502014,0.5201079845428467,-0.2260756492614746,-0.07926563173532486,0.39920589327812195,0.4907705783843994,0.770386815071106,-3.9143247604370117,-4.454758644104004,-5.664831161499023,-1.4537956714630127,-0.43423372507095337,0.2871122360229492,-0.4327464699745178
0.38872578740119934,0.48100724816322327,-0.20496919751167297,0.9064871072769165,-0.11247158795595169,-0.3275197744369507,-0.24158242344856262,-3.5401487350463867,-3.718208074569702,-4.65560245513916,-0.7232975363731384,-1.5556719303131104,-1.2107958793640137,-1.7639871835708618
0.2572278380393982,0.5221490859985352,-0.1753312051296234,0.8749856948852539,-0.32484158873558044,0.3420052230358124,0.10913482308387756,-2.9897103309631348,-3.5711894035339355,-4.490567207336426,-1.8705003261566162,-1.6721091270446777,-1.1098402738571167,-1.7572392225265503
0.2604024410247803,0.5452577471733093,-0.17852789163589478,-0.3021235167980194,0.3541358709335327,0.4738696813583374,0.7475003004074097,-3.750389575958252,-4.168571949005127,-4.968578815460205,-2.5861377716064453,0.13859623670578003,1.6649314165115356,-0.43909773230552673
0.24164240062236786,0.5456830263137817,-0.1815328299999237,-0.3792596459388733,0.21340200304985046,0.5955212712287903,0.675260066986084,-3.6340954303741455,-4.363964557647705,-5.043803691864014,-1.698272943496704,-1.4834922552108765,-0.2505941689014435,-1.6136490106582642
0.18412716686725616,0.46232467889785767,-0.11983867734670639,0.6259952187538147,0.014437304809689522,-0.7795708775520325,-0.013813621364533901,-3.4766690731048584,-4.931716442108154,-5.284823417663574,-2.066190719604492,0.9847268462181091,1.7724539041519165,-1.7724539041519165
0.3937108814716339,0.4351067543029785,-0.20376990735530853,0.7687929272651672,0.5282824635505676,-0.07212688773870468,-0.3530902564525604,-3.1175661087036133,-4.054150581359863,-4.730698108673096,-2.5333404541015625,0.4949169456958771,1.5552705526351929,0.006334932055324316
0.3550439476966858,0.5108200907707214,-0.11711449176073074,0.7508143782615662,-0.099257692694664,-0.5607447624206543,0.33465054631233215,-4.184988975524902,-5.034811973571777,-6.270158767700195,1.1353195905685425,-0.7743781805038452,0.10667828470468521,-0.814915120601654
0.33314138650894165,0.5265126824378967,-0.10959523171186447,0.9145064949989319,0.34256407618522644,-0.18459704518318176,0.11068744212388992,-3.777355194091797,-4.427875518798828,-4.579675197601318,-0.9781405329704285,1.0451762676239014,1.7219268083572388,1.284952998161316
0.34989914298057556,0.5209133625030518,-0.13206174969673157,0.8047918677330017,-0.3154875934123993,-0.3842407763004303,-0.3242478668689728,-3.610703706741333,-4.215505123138428,-4.509619235992432,-1.0150514841079712,-1.7054578065872192,-1.3516489267349243,-1.7627983093261719
0.2974446415901184,0.4963507056236267,-0.07387224584817886,0.5946303606033325,-0.4731813371181488,-0.19849753379821777,-0.6189611554145813,-3.5848140716552734,-3.9621763229370117,-4.779429912567139,-0.8154864311218262,-1.7393547296524048,-1.340171217918396,-1.7724539041519165
0.04057074710726738,0.44553107023239136,-0.10084034502506256,-0.26888027787208557,0.9063684344291687,-0.2840868830680847,0.15966928005218506,-3.6528995037078857,-3.343533754348755,-8.2889404296875,-1.0520923137664795,-1.7724539041519165,-1.6056346893310547,-1.7724539041519165
0.08420449495315552,0.418197900056839,-0.11745635420084,0.9649078845977783,-0.14548054337501526,-0.05263231322169304,-0.21217453479766846,-4.127888202667236,-4.626871585845947,-5.024930477142334,-1.8131552934646606,0.1419522911310196,1.2882888317108154,0.33372411131858826
-0.011061709374189377,0.3435588479042053,0.012794461101293564,0.8954994082450867,0.2651956081390381,-0.35729140043258667,-0.009746680036187172,-3.660588026046753,-3.9048290252685547,-4.14824104309082,-0.9479565024375916,0.3142535388469696,1.3666549921035767,0.94427490234375
0.05648292973637581,0.33215874433517456,0.015296689234673977,0.43098074197769165,0.7064096927642822,0.5340731143951416,0.17322491109371185,-3.4497711658477783,-3.508436441421509,-3.944286584854126,16.11809539794922,-1.772411584854126,-1.6702942848205566,-1.7724539041519165
0.11379561573266983,0.3620160222053528,0.0019703449215739965,0.7844260334968567,-0.17925836145877838,-0.3923707902431488,-0.4456314146518707,-3.517251491546631,-3.683405637741089,-3.9922266006469727,1.928647756576538,-1.59445059299469,-1.5560053586959839,-1.7630043029785156
0.15720736980438232,0.2689569592475891,0.022111253812909126,0.28440946340560913,0.6737930774688721,0.5524172782897949,0.3999366760253906,-3.3366737365722656,-3.708108901977539,-4.22402811050415,16.11809539794922,-1.7436844110488892,-1.5842077732086182,-1.7681279182434082
0.14570941030979156,0.37613391876220703,0.020354721695184708,0.5402811169624329,-0.6278414130210876,-0.326764315366745,-0.45512256026268005,-4.3310627937316895,-4.943782806396484,-5.474686622619629,-1.3700295686721802,0.4410034418106079,1.5773059129714966,0.4321075677871704
0.3655751347541809,0.3593055009841919,-0.07434447854757309,-0.20155642926692963,0.5303878784179688,0.6989362239837646,0.43537551164627075,-3.5385329723358154,-3.941760778427124,-4.245077133178711,16.11809539794922,-1.7388490438461304,-1.599517583847046,-1.7724539041519165
0.38096803426742554,0.3585609793663025,-0.06786703318357468,0.49879831075668335,0.5227041244506836,0.5600277781486511,0.40540048480033875,-3.2884085178375244,-3.9635186195373535,-4.201115608215332,-2.029250383377075,-1.339983344078064,0.4282144010066986,-1.7395188808441162
0.24114970862865448,0.46864843368530273,-0.08186610043048859,0.8883785009384155,0.2714797556400299,-0.12362496554851532,0.348997563123703,-3.0091018676757812,-3.769688367843628,-4.598409652709961,-0.522213876247406,-1.7445073127746582,-1.6933369636535645,-1.7724539041519165
0.29606157541275024,0.41026490926742554,-0.003041730495169759,0.6940305829048157,-0.5141038298606873,-0.4847228229045868,-0.13806742429733276,-3.5623855590820312,-3.9141695499420166,-4.3829264640808105,-0.844493567943573,-1.7294464111328125,-1.1816898584365845,-1.7724539041519165
0.2751920223236084,0.4231846332550049,-0.07137485593557358,-0.0007695293170399964,0.7581291794776917,0.5771146416664124,-0.30360865592956543,-3.682666301727295,-4.742153167724609,-6.303730010986328,0.41526177525520325,-1.7724539041519165,-1.0862623453140259,-1.7724539041519165
0.2589583098888397,0.39260613918304443,-0.06101066246628761,0.5227778553962708,0.6613970398902893,0.442020058631897,0.306391179561615,-3.5141677856445312,-4.163974761962891,-4.579061031341553,-1.1603156328201294,-1.7191479206085205,0.279700368642807,-1.7724539041519165
0.24234908819198608,0.33473291993141174,-0.055084358900785446,0.9366242289543152,-0.05906982719898224,-0.2711344361305237,0.21385037899017334,-2.9374399185180664,-3.498682975769043,-5.034249782562256,1.3707448244094849,-1.7631553411483765,-1.6596012115478516,-1.7724539041519165
0.3450530767440796,0.39549267292022705,-0.09056196361780167,0.6504262089729309,0.04176431521773338,-0.634442150592804,0.4155535101890564,-4.323025703430176,-4.664590835571289,-5.095802307128906,-1.1968700885772705,0.569290280342102,1.2612991333007812,0.6226274967193604
0.34593382477760315,0.43993207812309265,-0.07288134843111038,0.10346394032239914,0.7298792004585266,0.6697559952735901,-0.08943447470664978,-3.1012134552001953,-4.199956893920898,-4.330977916717529,-0.07793250679969788,-1.6296863555908203,-1.199497103691101,-1.7724539041519165
0.2911513149738312,0.4805900454521179,-0.084560826420784,-0.21465259790420532,0.5487668514251709,0.753201961517334,-0.29234570264816284,-3.637967586517334,-4.1566548347473145,-4.6998515129089355,-1.7360682487487793,-1.0406862497329712,0.7830270528793335,-1.321872591972351
0.3533104360103607,0.373183935880661,-0.015932289883494377,-0.20629142224788666,0.8902992606163025,0.39325442910194397,-0.10080697387456894,-3.787377119064331,-4.411160945892334,-4.696104049682617,-0.003329657716676593,-1.7526636123657227,-1.602108359336853,-1.7724539041519165
0.37787511944770813,0.3604576289653778,-0.017535962164402008,0.8368699550628662,0.4638904929161072,-0.08898237347602844,0.27665209770202637,-3.3232133388519287,-4.283506870269775,-4.556031703948975,-1.852177381515503,0.07800781726837158,0.846168577671051,0.7438117861747742
0.38417693972587585,0.40435001254081726,-0.010582908987998962,-0.04946673661470413,0.8264831304550171,0.4873310625553131,-0.2774656116962433,-3.182342529296875,-3.6021647453308105,-4.690095901489258,-1.6325255632400513,-1.6374462842941284,-0.5608772039413452,-1.7345634698867798
0.3685756325721741,0.35531315207481384,0.020667923614382744,-0.3672514259815216,0.39838311076164246,0.28679049015045166,0.7900433540344238,-3.9963221549987793,-4.293703556060791,-5.096408843994141,0.36863505840301514,-1.7724539041519165,-1.3802895545959473,-1.7724539041519165
0.25169384479522705,0.36685457825660706,0.032857105135917664,0.9070658683776855,0.3325740098953247,-0.2509032189846039,0.06061021238565445,-3.041628837585449,-3.4099032878875732,-4.102523326873779,-1.9154093265533447,-1.7353918552398682,-1.6403828859329224,-1.7724539041519165
0.27818942070007324,0.42350831627845764,0.03200412914156914,0.8504126071929932,0.09988660365343094,-0.49602675437927246,0.14414739608764648,-3.527879476547241,-4.641709804534912,-5.644740581512451,-2.024275779724121,0.3035147488117218,1.4170161485671997,0.514890193939209
0.3879360854625702,0.40730994939804077,-0.017760178074240685,0.6782991886138916,-0.5958948135375977,-0.38346192240715027,-0.19436201453208923,-3.714534282684326,-4.959855079650879,-5.499523162841797,-1.6114250421524048,0.4440714120864868,1.2052334547042847,-0.6475477814674377
0.4050443768501282,0.40569522976875305,-0.039906639605760574,0.9696649312973022,0.1531505137681961,0.149549663066864,-0.11802427470684052,-3.9576539993286133,-4.618675231933594,-4.960512161254883,-0.5650505423545837,0.09087923169136047,0.7834099531173706,0.017854521051049232
0.3372681438922882,0.42188987135887146,0.004429333843290806,0.7660444974899292,0.6218344569206238,-0.15251122415065765,0.0569034107029438,-3.725374460220337,-3.951498508453369,-4.556585788726807,-1.495757818222046,0.3137277364730835,1.436578392982483,0.6590677499771118
0.3531007766723633,0.4035835862159729,0.004557739477604628,0.4953579604625702,0.8101332783699036,-0.23797935247421265,0.2041333168745041,-4.250842094421387,-5.067356109619141,-5.198766708374023,-0.3198852241039276,-1.7724539041519165,-1.557006597518921,-1.7724539041519165
0.38706496357917786,0.4655236005783081,-0.030645277351140976,0.8556825518608093,-0.33715224266052246,0.007668875157833099,-0.3925263285636902,-3.7978286743164062,-4.116886615753174,-4.971644878387451,-2.246818780899048,0.6959038376808167,1.4660518169403076,0.44733521342277527
0.33439353108406067,0.4403444826602936,-0.005754515528678894,0.5494108200073242,-0.19996309280395508,-0.543986976146698,-0.6018643379211426,-4.417809963226318,-5.264863967895508,-5.706710338592529,-0.6891351342201233,0.9000218510627747,1.6915764808654785,1.7415670156478882
0.09638137370347977,0.5443363785743713,-0.03172073885798454,0.5284677147865295,-0.5030067563056946,-0.3132539987564087,-0.6079292297363281,-3.313746213912964,-4.5202555656433105,-4.606638431549072,-1.9119497537612915,-0.5705202221870422,0.28680095076560974,-0.14689140021800995
0.12524983286857605,0.578795313835144,-0.06671857088804245,0.875716507434845,0.4716469347476959,0.045367974787950516,0.09279808402061462,-3.150447368621826,-4.154516696929932,-4.851649761199951,-1.0253602266311646,-1.682236909866333,-1.119229793548584,-1.718401551246643
0.06529073417186737,0.6263630390167236,-0.039866480976343155,0.7451423406600952,-0.3007223308086395,-0.5882057547569275,-0.09133969992399216,-3.778829574584961,-4.215071201324463,-4.709169864654541,-0.7451607584953308,-1.7670412063598633,-1.3355376720428467,-1.7701832056045532
0.15323181450366974,0.5825156569480896,-0.08211402595043182,0.6486759185791016,0.7492489218711853,-0.08310771733522415,0.10458843410015106,-4.2905592918396,-5.125091552734375,-5.376486301422119,-0.47076934576034546,0.5465294718742371,1.0675294399261475,1.0262103080749512
0.16314619779586792,0.5881230235099792,-0.08135070651769638,0.887162983417511,0.23362970352172852,0.25313594937324524,-0.3070523738861084,-4.24979305267334,-5.034229755401611,-5.5158796310424805,-0.6018392443656921,-0.9947513341903687,-0.29707151651382446,-0.8028692007064819
0.1105591207742691,0.5741596221923828,-0.0018792054615914822,0.8275327682495117,0.3455524444580078,0.2527158558368683,0.36320483684539795,-3.3880884647369385,-3.8043129444122314,-4.237874507904053,-2.1427152156829834,0.3995472490787506,1.0321823358535767,1.2741469144821167
0.09618449956178665,0.5315430760383606,-0.005794785916805267,0.9525536894798279,-0.1405266523361206,-0.002980455057695508,-0.26997196674346924,-4.034076690673828,-4.303475379943848,-5.385015487670898,0.1924719214439392,-1.4034225940704346,-0.69145667552948,-1.4231234788894653
0.01937052793800831,0.5607161521911621,-0.030520156025886536,0.9773721694946289,-0.12925608456134796,0.14584510028362274,0.08225386589765549,-3.4954631328582764,-4.331896781921387,-9.448831558227539,-1.8382794857025146,-1.7724539041519165,0.5630147457122803,-1.7724539041519165
0.05603361502289772,0.5721855163574219,0.010797732509672642,-0.17755135893821716,0.4098517596721649,0.8920750021934509,-0.0685509443283081,-3.11645770072937,-3.9482638835906982,-4.829975605010986,0.5666471719741821,-1.7637957334518433,-1.2935937643051147,-1.7722421884536743
0.06252118945121765,0.6108495593070984,0.01514253206551075,0.5800721049308777,0.8102492094039917,0.04280755668878555,0.07197324931621552,-3.7511472702026367,-4.2203145027160645,-5.127200126647949,0.7602488398551941,-1.7416902780532837,-1.3293862342834473,-1.7724539041519165
0.07598632574081421,0.5769819617271423,0.019587863236665726,0.9418874382972717,-0.16888929903507233,0.25892308354377747,0.13146601617336273,-2.95007586479187,-3.98122501373291,-5.348782539367676,-1.5247403383255005,-1.7724539041519165,-1.1226909160614014,-1.7724539041519165
0.13807344436645508,0.5965155959129333,-0.017942000180482864,0.8877996802330017,0.13425539433956146,-0.3022790253162384,-0.3200227916240692,-3.5588366985321045,-4.125927925109863,-4.7605085372924805,-1.2888582944869995,-1.7724539041519165,-1.2556841373443604,-1.7619085311889648
0.1434250771999359,0.5968780517578125,-0.002443463308736682,0.4273013472557068,0.8685107231140137,-0.2403186708688736,-0.07314123213291168,-3.6228108406066895,-4.150671482086182,-5.229890823364258,-1.3169381618499756,-0.352852463722229,0.426064133644104,0.31515076756477356
0.23923736810684204,0.4821602702140808,-0.06943467259407043,0.6343700289726257,-0.6076468229293823,-0.4600870609283447,-0.12907327711582184,-3.7171900272369385,-4.317768573760986,-5.585949420928955,-2.243614673614502,1.3876953125,1.7724539041519165,1.7256156206130981
0.2645387351512909,0.4922260046005249,-0.05042083561420441,0.684833824634552,-0.5364688038825989,-0.2750009298324585,-0.40936338901519775,-3.682555675506592,-4.311054229736328,-5.21437931060791,-1.4872957468032837,0.4327133893966675,1.4887012243270874,0.7731521725654602
0.2882337272167206,0.49774792790412903,-0.06229798123240471,0.6222738027572632,-0.1351056694984436,-0.6596779823303223,-0.39918258786201477,-3.4783146381378174,-4.3885321617126465,-5.139307498931885,-1.2301583290100098,-1.4828846454620361,-0.3118439316749573,-1.7338718175888062
0.38042497634887695,0.5303460359573364,-0.09411969035863876,0.8144993185997009,0.37702053785324097,0.1012507826089859,0.42917904257774353,-3.6827497482299805,-5.019745826721191,-5.3540825843811035,-2.0408356189727783,0.6597936153411865,1.5909243822097778,0.4528246223926544
0.350698322057724,0.5194171071052551,-0.08986222743988037,0.9618837833404541,-0.1599665880203247,0.18953798711299896,-0.11517632752656937,-3.634920120239258,-4.423699378967285,-4.612729549407959,-0.7805513143539429,-1.6642200946807861,-0.90644770860672,-1.7621451616287231
0.3778224289417267,0.4620838463306427,-0.061071980744600296,0.8570451736450195,0.3244083523750305,-0.25600069761276245,0.3077279031276703,-4.001539707183838,-4.671413421630859,-5.125520706176758,-0.9981659650802612,0.9205480217933655,1.5202109813690186,1.1621698141098022
0.35851481556892395,0.5273385047912598,-0.07954272627830505,0.43533918261528015,0.8338416814804077,0.2452324777841568,0.2346249669790268,-3.7488772869110107,-4.077823162078857,-4.48426628112793,-1.5866029262542725,0.14999717473983765,1.1324824094772339,0.022480355575680733
0.3718533515930176,0.5171185731887817,-0.060327451676130295,0.8294777274131775,-0.38821253180503845,-0.0909624695777893,-0.3911311626434326,-3.7246057987213135,-4.247351169586182,-4.394795894622803,-0.8955407738685608,-1.400136947631836,-0.7553092241287231,-1.6991305351257324
0.2574416995048523,0.48768988251686096,-0.039947573095560074,0.45641520619392395,0.8800821304321289,0.04111764207482338,0.12429777532815933,-3.858567953109741,-4.46589469909668,-5.566181659698486,-0.4213591516017914,-0.4951259195804596,0.4360012114048004,-0.4778970181941986
0.2693568170070648,0.4852032959461212,-0.06411610543727875,0.8395087718963623,-0.1610516905784607,-0.10575497150421143,0.5080385804176331,-10.204080581665039,-4.856675624847412,-5.032271862030029,-1.2909841537475586,-0.7715387940406799,1.7724539041519165,-0.006950825918465853
0.37781858444213867,0.46465548872947693,-0.048575207591056824,-0.24417762458324432,0.3236876130104065,0.8217415809631348,0.40043020248413086,-4.054657936096191,-4.28000020980835,-4.5562567710876465,1.7119287252426147,-1.5749766826629639,-0.9325159192085266,-1.7539764642715454
0.38620051741600037,0.5211808085441589,-0.05655805021524429,0.6195793151855469,0.7307339310646057,-0.2794443964958191,-0.06372001022100449,-4.424233436584473,-5.283310413360596,-6.520040988922119,-0.06252940744161606,0.390343576669693,1.6196264028549194,1.3215773105621338
0.4548708200454712,0.35041338205337524,-0.20982615649700165,0.9467214345932007,-0.24469733238220215,-0.20931249856948853,0.005479331128299236,-3.166384220123291,-3.6959662437438965,-4.163285732269287,1.206010341644287,-1.7515655755996704,-1.7383934259414673,-1.7724539041519165
0.4519854784011841,0.3041425943374634,-0.19809432327747345,-0.17788372933864594,0.37133175134658813,0.9071703553199768,-0.08667193353176117,-5.053597927093506,-5.644077777862549,-5.911468982696533,-0.7203159332275391,0.13473045825958252,1.6748167276382446,-0.3747175931930542
0.5417424440383911,0.37234771251678467,-0.2141474336385727,-0.22240236401557922,0.5056977272033691,0.8318962454795837,-0.052494656294584274,-3.156296491622925,-4.382683753967285,-5.180452346801758,-2.3100671768188477,0.9620895981788635,1.6788662672042847,1.2319327592849731
0.5553109645843506,0.35575243830680847,-0.20080730319023132,-0.47783634066581726,0.5021631717681885,0.5230201482772827,0.4959380030632019,-4.147481918334961,-4.763554573059082,-5.184514045715332,-1.2025049924850464,0.3059842586517334,1.3494465351104736,0.2331545203924179
0.5400158166885376,0.35272887349128723,-0.18652351200580597,0.5136938691139221,0.8239102363586426,0.234080970287323,-0.04996652156114578,-3.65492844581604,-4.284279823303223,-5.383265972137451,-1.6810364723205566,-0.6396098732948303,1.561951994895935,-1.230130672454834
0.4305693209171295,0.41443827748298645,-0.18847540020942688,0.5535693764686584,-0.5429176092147827,-0.6290088295936584,-0.05611872300505638,-3.025421619415283,-3.915672779083252,-4.562223434448242,-1.9390113353729248,-0.4880382716655731,0.33321303129196167,-1.4775527715682983
0.4489220380783081,0.4128779470920563,-0.22331035137176514,0.9683670401573181,0.12059396505355835,-0.21651910245418549,0.029014792293310165,-5.299934387207031,-5.630605220794678,-6.005152702331543,-1.1403533220291138,-0.12434269487857819,0.12045048922300339,0.6759647130966187
0.4755208492279053,0.45117998123168945,-0.22006528079509735,0.0887986570596695,0.8290083408355713,0.4857800304889679,-0.2624456584453583,-4.122346878051758,-4.389651298522949,-4.5213942527771,-3.038830280303955,0.9772163033485413,1.7724539041519165,-1.0152714252471924
0.45421671867370605,0.43556395173072815,-0.21371646225452423,-0.38479897379875183,-0.14451271295547485,0.9116087555885315,0.0039136977866292,-3.7416114807128906,-4.129192352294922,-4.56833553314209,0.2582956552505493,-1.655936598777771,-1.6089762449264526,-1.7715442180633545
0.5425412058830261,0.38824760913848877,-0.24035821855068207,0.8224186301231384,0.5200319290161133,0.19907690584659576,-0.11645951867103577,-3.8165082931518555,-5.39263391494751,-6.134679317474365,-2.6635468006134033,0.21932581067085266,1.049147129058838,-1.7724539041519165
0.5444830060005188,0.43244433403015137,-0.18609556555747986,0.7015427350997925,0.10539434850215912,-0.6682656407356262,-0.2239437699317932,-3.3398709297180176,-3.694304943084717,-4.2819695472717285,-2.1349778175354004,-0.40586328506469727,0.6833823919296265,-0.7330753803253174
0.44926199316978455,0.3340746760368347,-0.15983545780181885,-0.1770218312740326,0.5889990329742432,0.5846375823020935,0.5290957689285278,-3.4048569202423096,-4.65880012512207,-5.002201080322266,-2.6113884449005127,-0.0657268539071083,0.8094814419746399,-0.9991042017936707
0.4323095679283142,0.30171993374824524,-0.15117675065994263,0.17764070630073547,0.3587374687194824,0.8940320014953613,0.20114180445671082,-3.8058831691741943,-3.423351526260376,-9.563918113708496,-1.54044508934021,-1.7724539041519165,-1.7724539041519165,-1.7724539041519165
0.4866522550582886,0.3718835711479187,-0.11621326953172684,0.9163081049919128,0.13159988820552826,-0.20141436159610748,0.32014548778533936,-3.3363239765167236,-3.9427309036254883,-4.779438018798828,-1.1858006715774536,-1.7696410417556763,-1.7559187412261963,-1.7724539041519165
0.48676353693008423,0.37727564573287964,-0.12872904539108276,0.20156921446323395,0.7464395761489868,0.5093164443969727,0.37788164615631104,-3.768878698348999,-4.249838829040527,-5.034246921539307,0.07538272440433502,-1.5736427307128906,-1.0184085369110107,-1.7724539041519165
0.44596564769744873,0.45985180139541626,-0.12721572816371918,0.6088001728057861,-0.4172963500022888,-0.42765042185783386,-0.5218631625175476,-3.978803873062134,-4.454791069030762,-4.788908004760742,-0.43028202652931213,-1.7385932207107544,-1.3075789213180542,-1.7724539041519165
0.5419775247573853,0.4239068627357483,-0.16897206008434296,0.8441200852394104,0.12024541944265366,-0.4805959463119507,0.20501179993152618,-3.539262056350708,-3.9698901176452637,-4.66722297668457,-2.1556503772735596,0.36590576171875,1.4817683696746826,0.7098364233970642
0.5087592601776123,0.4543858468532562,-0.14796724915504456,0.6347927451133728,-0.612349808216095,-0.4373481869697571,-0.1754777878522873,-3.8708887100219727,-4.2130560874938965,-5.834344387054443,-2.585390567779541,0.8959262371063232,1.693950891494751,0.3879782557487488
0.49547094106674194,0.39748409390449524,-0.1327708214521408,0.5972344875335693,-0.3223675787448883,-0.7192410826683044,0.1486014723777771,-4.057133197784424,-4.403321743011475,-5.2552809715271,-1.5012263059616089,0.6548430323600769,1.3980308771133423,0.8448525071144104
0.48463866114616394,0.38241299986839294,-0.13259699940681458,0.4200262427330017,0.18011657893657684,0.799999475479126,0.3887632191181183,-4.034214496612549,-4.956080436706543,-5.893923282623291,-2.690535545349121,0.2555760443210602,1.1384788751602173,-0.04991016536951065
0.518488883972168,0.44221892952919006,-0.1454884260892868,0.4906303286552429,0.8044026494026184,-0.33497947454452515,0.0026430662255734205,-3.4834978580474854,-4.225307464599609,-4.605869770050049,-1.4390147924423218,-1.6500872373580933,-1.1788026094436646,-1.7222710847854614
0.5173959136009216,0.4052181839942932,-0.11900119483470917,0.15812796354293823,0.758144736289978,0.6112338900566101,-0.16311118006706238,-3.4778785705566406,-3.901658296585083,-5.3153862953186035,-1.717010498046875,-1.1803555488586426,-0.15289001166820526,-1.6356972455978394
0.6583096981048584,0.3214991092681885,-0.22693394124507904,0.8049135208129883,-0.009682667441666126,-0.562012791633606,0.19016321003437042,-4.148375511169434,-4.569201946258545,-5.221222877502441,-1.6675301790237427,0.5561385154724121,1.6491363048553467,0.4517858028411865
0.6343705058097839,0.3378140926361084,-0.2365267127752304,0.6642518043518066,0.7408570647239685,0.02004506066441536,-0.09746046364307404,-12.363751411437988,-5.54497766494751,-4.743244171142578,-0.9135472178459167,0.3266875445842743,0.8549483418464661,1.4110122919082642
0.6405709981918335,0.3492805063724518,-0.1789596974849701,0.9170566201210022,0.05365676060318947,-0.36081045866012573,0.1610710620880127,-3.465329647064209,-4.51422643661499,-5.41490364074707,-1.8438318967819214,-1.0983644723892212,0.1572883427143097,-1.5154973268508911
0.6280549764633179,0.34741315245628357,-0.1956814080476761,0.7532097697257996,0.49083197116851807,-0.07469180971384048,0.43148595094680786,-4.199404716491699,-5.391214370727539,-5.589107513427734,-1.658620834350586,0.8947011828422546,1.6291494369506836,-0.026938552036881447
0.6539392471313477,0.3536628186702728,-0.17283564805984497,0.7302428483963013,-0.39619335532188416,-0.23517031967639923,-0.5044512748718262,-4.140638828277588,-4.393313407897949,-5.981419086456299,-1.4054310321807861,-0.07705932855606079,1.023209810256958,0.16195142269134521
0.666719377040863,0.375602662563324,-0.1596486121416092,0.701546847820282,0.11469823867082596,-0.5939096808433533,0.3767593801021576,-3.593587875366211,-4.349098205566406,-5.475810527801514,-2.6262640953063965,-0.47657716274261475,0.35528019070625305,-0.6258955001831055
0.7318103909492493,0.3212012052536011,-0.12045031785964966,-0.4467869699001312,0.5401338934898376,0.1557646244764328,0.6959699392318726,-3.5101823806762695,-5.020023345947266,-5.972721576690674,-3.9997875690460205,0.9081732630729675,1.724371314048767,0.0042482963763177395
0.7274081110954285,0.4568830132484436,-0.14685626327991486,0.42643818259239197,0.8245002627372742,-0.02162729762494564,-0.37132468819618225,-3.917665719985962,-4.351909637451172,-4.721063613891602,-0.45990827679634094,-1.3191132545471191,-1.056658148765564,-1.6739495992660522
0.7214920520782471,0.46956801414489746,-0.17249919474124908,0.16612589359283447,0.7048981189727783,0.6863391995429993,0.06677839905023575,-3.3111722469329834,-3.8077590465545654,-4.638394355773926,-2.7638401985168457,0.22377774119377136,1.2062134742736816,0.26397931575775146
0.7031769752502441,0.49046358466148376,-0.13941672444343567,-0.3122238218784332,0.3153262436389923,0.8704721927642822,-0.21298779547214508,-3.1293818950653076,-4.258320331573486,-4.665529251098633,-1.8860960006713867,-0.2044251710176468,0.3407805263996124,-0.2743643522262573
0.42086994647979736,0.47850435972213745,-0.13229647278785706,0.17639459669589996,0.6350817680358887,0.7151273488998413,0.23269927501678467,-4.339895725250244,-4.6796183586120605,-5.618619918823242,-0.1363772600889206,-1.772206425666809,-1.148795485496521,-1.7724539041519165
0.45259734988212585,0.5355533957481384,-0.12193949520587921,0.9093273878097534,0.39612385630607605,0.12108384072780609,-0.03934814780950546,-3.0919394493103027,-3.780979871749878,-4.528648853302002,-1.942439317703247,-1.1887857913970947,-0.6834985017776489,-1.5932048559188843
0.5034552812576294,0.5046917796134949,-0.12630419433116913,0.5626188516616821,0.6155089735984802,0.2550821900367737,0.4894300699234009,-2.864196538925171,-4.070749759674072,-4.545839309692383,-3.5924057960510254,0.3099589943885803,1.3665891885757446,-0.5668156147003174
0.4486575424671173,0.537150502204895,-0.12887561321258545,0.5220876336097717,0.7460052967071533,-0.3680282235145569,0.18829722702503204,-3.3982810974121094,-4.063681602478027,-4.995357036590576,-2.6296610832214355,-0.20926479995250702,0.3499544858932495,-0.257348895072937
0.41472092270851135,0.5438393354415894,-0.1272638589143753,-0.4503154158592224,0.622215747833252,0.3902395963668823,0.5077171325683594,-4.006857872009277,-4.325862407684326,-5.452153205871582,-1.7720152139663696,0.8818721175193787,1.653695821762085,1.002761721611023
0.7288921475410461,0.5291380882263184,-0.2125413715839386,0.5948063731193542,-0.1263456493616104,-0.6736338138580322,0.42007097601890564,-3.6048591136932373,-4.528022289276123,-4.918510437011719,-1.6789401769638062,-0.012743714265525341,0.6386448740959167,-0.3203602135181427
0.7367977499961853,0.5143799781799316,-0.20925290882587433,-0.3605310320854187,0.6881428360939026,0.6133445501327515,0.14242641627788544,-4.004327774047852,-4.756667613983154,-5.781745910644531,-1.810865044593811,-1.407750129699707,-1.3455371856689453,-1.7497166395187378
0.7088339924812317,0.524078905582428,-0.19799451529979706,0.929561197757721,-0.16407380998134613,0.31430181860923767,0.10104496777057648,-3.598557710647583,-4.281911373138428,-4.75261116027832,-2.6916210651397705,-0.7770209312438965,-0.30642035603523254,-1.1379785537719727
0.715302586555481,0.5307130217552185,-0.20726288855075836,0.7355393171310425,0.5905873775482178,0.17742590606212616,-0.28055036067962646,-3.6695377826690674,-4.129335403442383,-4.770042419433594,-2.1850571632385254,0.9825798273086548,1.5168161392211914,0.971892774105072
0.6779151558876038,0.5420976281166077,-0.23700487613677979,-0.33590278029441833,0.7218237519264221,0.33093175292015076,0.506580650806427,-4.169907093048096,-5.419800758361816,-6.924331188201904,16.11809539794922,0.2974778413772583,0.9116368889808655,-0.20554229617118835
0.6805669665336609,0.5247653722763062,-0.20187392830848694,0.7449636459350586,0.5289736986160278,-0.37583309412002563,-0.15480773150920868,-3.6786952018737793,-4.767275810241699,-5.4869303703308105,-1.202504277229309,-0.20537281036376953,0.249634250998497,-0.2508156895637512
0.7028927803039551,0.5047462582588196,-0.1472696214914322,0.7184594869613647,0.5928741693496704,-0.14179624617099762,-0.3349776566028595,-4.084781169891357,-4.483578681945801,-5.732583045959473,-2.2191758155822754,0.7717440128326416,1.3178025484085083,1.0292682647705078
0.6934739351272583,0.5011744499206543,-0.13763685524463654,0.8846619129180908,0.34677454829216003,0.065165676176548,-0.3047525882720947,-3.577052593231201,-4.165048599243164,-4.390449523925781,-0.7014092803001404,-1.7160817384719849,-1.6696969270706177,-1.771677851676941
0.7410484552383423,0.4703119993209839,-0.1631893813610077,0.6822115182876587,0.7123368978500366,-0.1555192470550537,-0.05456499382853508,-4.959201812744141,-5.74043083190918,-6.547288417816162,-2.0978424549102783,0.5110220909118652,1.2922550439834595,-1.3710747957229614
0.5995653867721558,0.5444077849388123,-0.09096846729516983,0.6619644165039062,0.731834352016449,-0.16192875802516937,-0.0008079336257651448,-3.0247321128845215,-3.6186399459838867,-4.904862403869629,-3.2099640369415283,0.6586588621139526,1.5010343790054321,1.1903276443481445
0.7000478506088257,0.5959694981575012,-0.1005619540810585,-0.33012253046035767,0.45325297117233276,0.5851801037788391,0.5857859253883362,-3.474787950515747,-3.9479176998138428,-5.422937870025635,-2.1726276874542236,0.25208011269569397,0.8691113591194153,0.36001700162887573
0.4671272337436676,0.3433738052845001,-0.09641875326633453,0.9687696099281311,-0.09898511320352554,-0.19398324191570282,0.11856583505868912,-3.545203685760498,-3.8583531379699707,-4.739766597747803,16.11809539794922,-1.7700766324996948,-1.7258961200714111,-1.7724539041519165
0.4570493996143341,0.358151912689209,-0.0661059245467186,-0.20138517022132874,0.3722030222415924,0.34253907203674316,0.8387942910194397,-3.6731154918670654,-4.31441593170166,-4.666141510009766,-1.6850749254226685,-1.5877741575241089,-0.7585702538490295,-1.7724539041519165
0.5101868510246277,0.34035274386405945,-0.07904253900051117,0.36012598872184753,0.430351585149765,0.8272879123687744,-0.026486070826649666,-3.6812431812286377,-3.9272866249084473,-4.703710079193115,-2.0995068550109863,0.04582022875547409,1.144123911857605,0.2020786553621292
0.5379126667976379,0.3344981372356415,-0.05673443526029587,0.14267732203006744,0.4021606743335724,0.8933289647102356,0.14097289741039276,-2.961196184158325,-3.5013551712036133,-4.693099021911621,-0.5653253197669983,-1.5440665483474731,-1.6038038730621338,-1.7622286081314087
0.5075156688690186,0.3469439446926117,-0.07527413964271545,0.8341217041015625,0.5239763855934143,-0.04994918406009674,0.16490863263607025,-4.106987953186035,-4.918085098266602,-5.2304182052612305,-0.9550291895866394,-0.41273096203804016,0.9593552947044373,-1.0023560523986816
0.5110592246055603,0.36899712681770325,-0.05785815417766571,0.7239628434181213,0.6889539361000061,0.028870852664113045,0.01966612972319126,-3.442368507385254,-4.417245388031006,-4.869155406951904,-1.3653935194015503,0.12415625154972076,1.3015449047088623,0.27891966700553894
0.5125429034233093,0.3809818923473358,-0.04841570556163788,0.92624431848526,0.1322893649339676,0.015982218086719513,-0.3525840938091278,-3.3977808952331543,-4.177052021026611,-4.265249252319336,-0.6015956401824951,-1.6657127141952515,-1.375072717666626,-1.734544038772583
0.4484443664550781,0.3999089300632477,-0.09567012637853622,0.8503069877624512,0.3573550283908844,-0.20805390179157257,-0.32555943727493286,-4.164178371429443,-11.602258682250977,-4.9202141761779785,-1.1143606901168823,-1.7724539041519165,-1.7724539041519165,-1.7724539041519165
0.4147034287452698,0.41321083903312683,-0.06080826744437218,0.7802101969718933,0.5574516654014587,-0.0951479896903038,-0.26733219623565674,-4.260132789611816,-4.74416446685791,-6.17592191696167,-3.1949851512908936,0.9002932906150818,1.5684380531311035,1.723309874534607
0.46463897824287415,0.40844205021858215,-0.06976225227117538,0.18455280363559723,0.6490452289581299,0.736201822757721,0.05184067413210869,-4.2810797691345215,-11.246562004089355,-4.861295223236084,-1.2679531574249268,-1.4976929426193237,-0.9244563579559326,-1.7724539041519165
0.3978123664855957,0.4529190957546234,-0.07575488835573196,0.8477861881256104,0.41437795758247375,-0.2278624176979065,-0.24005883932113647,-4.045588493347168,-4.149064540863037,-4.633577346801758,-0.5891385078430176,-0.8602848052978516,0.5297144055366516,-1.6547048091888428
0.4401351511478424,0.43804314732551575,-0.07747441530227661,0.947849452495575,0.042744532227516174,-0.1316085308790207,-0.28711241483688354,-3.393820285797119,-4.372243404388428,-4.6448974609375,-0.762977659702301,-1.7619918584823608,-1.424807071685791,-1.7724539041519165
0.4596402645111084,0.45765647292137146,-0.07374820858240128,-0.08345296233892441,0.5096625089645386,0.8490030169487,0.11168532818555832,-3.8500335216522217,-4.185208797454834,-5.1524577140808105,-0.7042338848114014,-1.19954252243042,-0.34432366490364075,-1.7724539041519165
0.49801987409591675,0.38309526443481445,-0.08729159832000732,0.9258644580841064,-0.32574567198753357,0.07707098871469498,-0.17528493702411652,-4.467373847961426,-4.890942573547363,-6.280693054199219,-1.6015136241912842,-0.7282336354255676,1.049332857131958,-1.678189992904663
0.4953031837940216,0.3651295006275177,-0.042957279831171036,0.6378706097602844,0.7543198466300964,0.12287215888500214,0.09500043839216232,-4.059561252593994,-4.3752360343933105,-4.937545299530029,-1.6967082023620605,1.1180402040481567,1.6083160638809204,1.1491918563842773
0.4547533392906189,0.4715956449508667,-0.06560195982456207,0.008602132089436054,0.45719972252845764,0.8365421295166016,-0.30181390047073364,-3.7054967880249023,-4.010585784912109,-4.944134712219238,-1.2067381143569946,-1.6284598112106323,-1.2545549869537354,-1.7724539041519165
0.4367136061191559,0.3531268537044525,-0.031949419528245926,0.5083044767379761,-0.14722009003162384,-0.4450790286064148,-0.7223970293998718,-3.893937587738037,-4.089440822601318,-5.10522985458374,-1.7212207317352295,0.48731985688209534,1.4048973321914673,1.1511452198028564
0.4498988389968872,0.3300246000289917,0.019973741844296455,0.853695809841156,0.3321232497692108,0.37830087542533875,0.13336434960365295,-3.707090139389038,-4.174846649169922,-4.423745632171631,0.5145132541656494,-1.6819212436676025,-1.2667113542556763,-1.7433198690414429
0.4767357409000397,0.35402947664260864,-0.026233913376927376,0.5104971528053284,0.8285287022590637,-0.16530632972717285,0.16002075374126434,-3.926723003387451,-5.2545552253723145,-5.4775166511535645,-0.8984975814819336,-1.0882593393325806,0.9869838356971741,-1.5615345239639282
0.47329431772232056,0.3650856018066406,-0.028388114646077156,0.49992555379867554,0.8457489609718323,-0.04111805558204651,-0.18191327154636383,-4.246624946594238,-4.768170356750488,-5.024363994598389,1.284594178199768,-1.579205870628357,-1.327118158340454,-1.761686086654663
0.4302945137023926,0.32684579491615295,-0.0013104623649269342,0.9464520812034607,0.19300171732902527,0.11922620236873627,0.229703888297081,-3.6379847526550293,-3.8243789672851562,-4.671227931976318,1.0173377990722656,-1.3984125852584839,-0.6020342111587524,-1.5213543176651
0.43354523181915283,0.3157954216003418,-0.016566315665841103,-0.11158878356218338,0.7055523991584778,0.6376113891601562,0.2884362041950226,-3.492039918899536,-3.7932662963867188,-5.684837341308594,1.4259910583496094,-1.7186248302459717,-1.5453450679779053,-1.7673351764678955
0.41196131706237793,0.3631516098976135,-0.0031671379692852497,0.678849458694458,0.5633803009986877,0.016269521787762642,-0.47063928842544556,-4.22714900970459,-4.64441442489624,-5.279219150543213,0.46337050199508667,-0.9583717584609985,0.2124493271112442,-0.5184509754180908
0.5015833377838135,0.35196879506111145,-0.013467026874423027,0.7859562635421753,0.5746135711669922,-0.22706763446331024,-0.023070815950632095,-3.9705827236175537,-5.479428768157959,-5.660172462463379,-0.5882506966590881,0.324884295463562,1.248592734336853,0.6176319718360901
0.4723581075668335,0.35565224289894104,-0.013288363814353943,0.8799007534980774,0.4416502118110657,0.10981767624616623,-0.13660107553005219,-4.763785362243652,-4.959419250488281,-5.566587448120117,-2.107532024383545,1.5642203092575073,1.7724539041519165,-1.6643952131271362
0.5315717458724976,0.32230910658836365,-0.05523530766367912,0.24054765701293945,0.8357024192810059,0.479452908039093,0.11774198710918427,-4.0692362785339355,-4.780440807342529,-5.499715328216553,-0.1538817286491394,-0.5860392451286316,0.2718234658241272,-0.6711662411689758
0.5603275895118713,0.33133527636528015,-0.030209651216864586,0.8432908654212952,0.11615768820047379,-0.4135829508304596,-0.32298150658607483,-3.974472999572754,-4.12462854385376,-5.472221374511719,-0.937498152256012,-1.5015274286270142,-1.1566113233566284,-1.7342028617858887
0.5134239196777344,0.33590295910835266,-0.03905473276972771,0.8534982204437256,0.433501660823822,-0.25114279985427856,-0.14333321154117584,-4.006272792816162,-4.44073486328125,-5.424336910247803,-1.0788227319717407,-1.1051419973373413,0.9898918867111206,-1.5163191556930542
0.4996017813682556,0.3477053940296173,-0.030918415635824203,0.5390675663948059,-0.5476373434066772,-0.4778246581554413,-0.4256560802459717,-3.9159510135650635,-4.362173557281494,-4.854894638061523,0.12727385759353638,-1.7197442054748535,-1.4501982927322388,-1.7507139444351196
0.4917925298213959,0.3557035028934479,-0.04512277990579605,0.03963834419846535,0.7358883023262024,0.44624248147010803,0.5077055096626282,-4.953639030456543,-5.419857025146484,-6.888679504394531,-0.0614871084690094,0.18584582209587097,0.8932536244392395,-1.7724539041519165
0.5220134258270264,0.36077386140823364,-0.025470655411481857,0.6282113790512085,0.7734693288803101,0.08219561725854874,-0.01842675171792507,-3.7662405967712402,-4.164130210876465,-4.884582996368408,-1.47391676902771,-1.4313650131225586,-0.3266470730304718,-1.6943707466125488
0.5048429369926453,0.3501991927623749,-0.014205873012542725,-0.1829744279384613,0.35262152552604675,0.5816138982772827,0.7098617553710938,-3.863790512084961,-4.370158672332764,-5.265748023986816,-0.5213643908500671,-0.1947784423828125,1.1771663427352905,-0.016046570613980293
0.5557039976119995,0.3686639666557312,-0.026928018778562546,0.5277147889137268,-0.7346131205558777,-0.01536797545850277,-0.42617425322532654,-4.724699974060059,-5.386971473693848,-6.200411796569824,4.500665664672852,0.45315060019493103,1.2785944938659668,0.29992011189460754
0.5158665776252747,0.3060492277145386,-0.007354880217462778,-0.38969242572784424,0.49189066886901855,0.7145109176635742,0.30928555130958557,-4.091385364532471,-4.679270267486572,-5.062262058258057,0.3768231272697449,-1.5141193866729736,-0.5052581429481506,-1.7724539041519165
0.48746442794799805,0.3027266561985016,0.01228275801986456,0.6605004668235779,-0.06218624487519264,-0.630204439163208,-0.40337875485420227,-4.004384517669678,-5.1120829582214355,-5.524960994720459,-0.7946398258209229,0.22389459609985352,1.2827812433242798,0.05891551449894905
0.5118584632873535,0.2742081880569458,0.03784872218966484,0.36867573857307434,0.6076342463493347,0.6939950585365295,-0.11502020806074142,-3.950824499130249,-4.764664649963379,-5.0456743240356445,0.005630919709801674,0.1816737949848175,1.5851318836212158,-1.7252110242843628
0.5476548671722412,0.3276970684528351,0.023884067311882973,-0.4169192612171173,0.5521652698516846,0.516508936882019,0.5044901967048645,-3.6728458404541016,-4.489997863769531,-5.520758628845215,-1.2362796068191528,0.6306977868080139,1.4126142263412476,0.7856902480125427
0.5459414124488831,0.31574568152427673,0.008269397541880608,0.3742040693759918,0.8895576596260071,-0.10454357415437698,-0.24026896059513092,-3.753235101699829,-4.3702073097229,-4.923196792602539,-1.2733551263809204,0.0754215195775032,1.2596347332000732,0.02517523244023323
0.5707436800003052,0.3039162755012512,0.0035620653070509434,0.2132827639579773,0.7486885786056519,0.6103352904319763,-0.14651517570018768,-3.70953369140625,-4.193360805511475,-5.065634250640869,-1.8879072666168213,-0.31541621685028076,0.3248143792152405,-0.5400654077529907
0.4825199544429779,0.35920289158821106,0.006947644520550966,0.733410120010376,-0.10369090735912323,-0.6176568865776062,-0.2643062472343445,-4.618829727172852,-5.389102458953857,-5.562931060791016,0.6553170680999756,0.978058934211731,1.656192421913147,0.9324668645858765
0.5473963022232056,0.3695988059043884,-0.03343846648931503,0.5082124471664429,0.5653750896453857,0.6411670446395874,0.10476607084274292,-4.415408611297607,-5.291568756103516,-5.685158729553223,-0.994372546672821,0.27865177392959595,1.3879388570785522,-1.2328089475631714
0.5692393779754639,0.3622085452079773,-0.04143845662474632,-0.32475000619888306,0.5252871513366699,0.35065919160842896,0.7040234208106995,-3.987555980682373,-5.071762561798096,-5.627344608306885,-2.0916643142700195,0.8848156929016113,1.583180546760559,1.475726842880249
0.553191602230072,0.32100820541381836,0.013618206605315208,0.18466313183307648,0.4913390576839447,0.8511203527450562,0.008920149877667427,-3.8074252605438232,-4.045513153076172,-4.661671161651611,-0.2156585454940796,-1.7101621627807617,-1.6624739170074463,-1.7724539041519165
0.41772353649139404,0.42441242933273315,-0.03601792827248573,0.6987720727920532,0.591926097869873,0.08270210772752762,0.3930667042732239,-3.935137987136841,-4.346991062164307,-4.879827499389648,0.06881070137023926,-1.5083283185958862,-0.77064448595047,-1.7574008703231812
0.45861780643463135,0.43306657671928406,-0.03772139549255371,-0.14907866716384888,0.7757205367088318,0.5806363821029663,0.19721700251102448,-4.080270767211914,-4.299756050109863,-5.236884593963623,-2.4756124019622803,-0.3970588743686676,0.7388710975646973,-1.137430191040039
0.43139412999153137,0.4196630120277405,-0.022119686007499695,0.8921695947647095,0.42664316296577454,0.14518266916275024,0.030512237921357155,-3.9567325115203857,-4.555044651031494,-5.2387495040893555,-1.2792738676071167,-1.231793999671936,-0.2149125337600708,-1.6186633110046387
0.4504566192626953,0.456397145986557,-0.03826427459716797,0.5782737135887146,-0.4085472524166107,-0.2522239089012146,-0.6595996618270874,-3.5485105514526367,-4.257436275482178,-5.110100269317627,-2.1115856170654297,0.9195047616958618,1.6024237871170044,0.828714907169342
0.3867717385292053,0.409050852060318,-0.012963895685970783,0.7762308716773987,0.6061808466911316,-0.15040351450443268,-0.08596048504114151,-5.566123008728027,-6.1317949295043945,-6.698584079742432,-0.42417508363723755,0.9658664464950562,1.6623179912567139,1.659309983253479
0.40676677227020264,0.4157441556453705,-0.019749458879232407,0.3050408363342285,0.73240727186203,0.5475741624832153,0.2658799886703491,-4.530301570892334,-5.513310432434082,-5.579550743103027,-0.32514145970344543,-1.6802310943603516,-1.7251635789871216,-1.7724539041519165
0.43250003457069397,0.424471378326416,-0.00602629454806447,0.9589622616767883,-0.22662042081356049,0.1694801151752472,-0.017636409029364586,-4.004016399383545,-4.519588470458984,-4.594995021820068,-0.18295209109783173,-1.6961297988891602,-1.1376020908355713,-1.7682459354400635
0.40038007497787476,0.42306068539619446,-0.012771970592439175,0.5784580707550049,0.7247723937034607,-0.34928789734840393,0.1344962865114212,-5.122192859649658,-6.356959342956543,-6.830391883850098,16.11809539794922,-0.1524665653705597,0.8716976642608643,0.23580768704414368
0.4380970895290375,0.42870286107063293,-0.0056772357784211636,0.5614751577377319,0.685801088809967,-0.00426820432767272,-0.46303805708885193,-4.733888626098633,-5.069390296936035,-6.1376519203186035,-0.5705970525741577,0.14004075527191162,1.2700308561325073,0.5501072406768799
0.45149487257003784,0.4226875901222229,-0.00927460752427578,-0.493309885263443,0.3058796525001526,0.6459180116653442,0.49585574865341187,-4.322629451751709,-5.724981307983398,-5.82202672958374,0.5910758972167969,1.1150171756744385,1.5588924884796143,1.5079705715179443
0.44112417101860046,0.4028546214103699,0.005937565118074417,-0.037742890417575836,0.6228758096694946,0.677629292011261,-0.3891269266605377,-3.663166046142578,-4.818010330200195,-5.005659103393555,-1.1895743608474731,-0.6763019561767578,0.23728720843791962,-0.5066245794296265
0.6792759299278259,0.36752524971961975,-0.107049860060215,0.8831403255462646,-0.2971915900707245,0.3419065475463867,-0.12182058393955231,-3.8032941818237305,-4.583178997039795,-5.241457462310791,-0.009409322403371334,-0.9703211784362793,-0.2704811096191406,-1.2741336822509766
0.6541837453842163,0.38591164350509644,-0.07795627415180206,-0.21952468156814575,0.47633096575737,0.3289443850517273,0.7853109836578369,-3.102541446685791,-4.314625263214111,-5.114016056060791,-2.732647180557251,0.45572689175605774,1.229260802268982,0.41949042677879333
0.7077102661132812,0.44642090797424316,-0.10063573718070984,0.39921069145202637,0.8796209096908569,0.01388965081423521,0.2582729458808899,-3.554269313812256,-4.715181827545166,-5.546567440032959,-2.6896708011627197,1.0228196382522583,1.6375348567962646,1.063458800315857
0.7134518623352051,0.45889970660209656,-0.09413816034793854,0.7364789843559265,0.6019103527069092,-0.3066812753677368,0.035344600677490234,-4.030261516571045,-4.826863765716553,-6.474692344665527,-2.4966113567352295,-0.11169859766960144,0.7956064343452454,-0.07854650914669037
0.6232396364212036,0.24075837433338165,0.011543134227395058,0.21000295877456665,0.7013782858848572,0.6690383553504944,0.12788639962673187,-3.503408908843994,-3.867166519165039,-4.813101291656494,-0.5355055332183838,-1.6528629064559937,-1.5060408115386963,-1.7185640335083008
0.5890994668006897,0.33071190118789673,-0.00743650970980525,-0.06686447560787201,0.900546669960022,0.4286288619041443,0.028672941029071808,-3.9303762912750244,-5.103399276733398,-5.4485273361206055,-2.0970993041992188,0.15364088118076324,0.8644449710845947,-0.851166844367981
0.6017434000968933,0.3347052037715912,-0.0015766615979373455,0.9191462397575378,-0.1572655737400055,-0.014293990097939968,0.36087867617607117,-4.273859977722168,-4.604739189147949,-5.476830959320068,-0.06146274134516716,-1.2962114810943604,-0.2314365953207016,-1.5509099960327148
0.5911500453948975,0.3659732937812805,0.038770891726017,-0.3571472465991974,0.0696781650185585,0.8329205513000488,0.41693419218063354,-3.832310199737549,-4.08018159866333,-4.937939167022705,-1.4506767988204956,0.12718576192855835,1.0159448385238647,0.12496381998062134
0.6235085129737854,0.375921368598938,0.0003898943541571498,0.49612388014793396,0.7854868173599243,0.2648778259754181,-0.2582853436470032,-3.7053892612457275,-4.313981056213379,-5.305259704589844,-1.2443482875823975,-1.0418827533721924,-0.532798171043396,-1.2871569395065308
0.636692225933075,0.37506258487701416,-0.039190180599689484,-0.2883625030517578,0.4084465205669403,0.34179019927978516,0.7957373857498169,-4.274259567260742,-4.950249195098877,-5.527297496795654,-1.3986523151397705,-1.324479341506958,-1.1567118167877197,-1.6878257989883423
0.6463785171508789,0.3641187846660614,0.0047647906467318535,0.7139158844947815,0.6633588075637817,-0.15278899669647217,-0.164118230342865,-4.751380443572998,-5.404982566833496,-5.948218822479248,16.11809539794922,-0.597069501876831,-0.011727874167263508,-0.5023442506790161
0.6418017148971558,0.3805314004421234,-0.027192259207367897,0.6473883986473083,-0.6527180671691895,-0.2498120814561844,-0.30404168367385864,-4.098725318908691,-4.83084774017334,-5.226987361907959,-2.142430305480957,-0.18500036001205444,0.5919309258460999,-0.11062899231910706
0.415824830532074,0.5088282227516174,-0.11155495792627335,0.25190189480781555,0.42324715852737427,0.6613836884498596,0.5656667351722717,-3.540591239929199,-4.387425422668457,-4.591727256774902,-3.4161200523376465,1.4569998979568481,1.7428916692733765,1.4674062728881836
0.42689940333366394,0.5102343559265137,-0.05571218207478523,0.06668590009212494,0.65326327085495,0.7444033622741699,-0.12109386920928955,-3.534254312515259,-4.095276832580566,-4.537328720092773,-1.6921842098236084,-1.682807445526123,-1.2909542322158813,-1.7724539041519165
0.3988594114780426,0.5509626269340515,-0.10975664108991623,0.5542000532150269,-0.68092942237854,-0.22976544499397278,-0.42000624537467957,-3.8140757083892822,-4.995748519897461,-5.7927703857421875,-0.7764922976493835,-0.49542295932769775,0.22897659242153168,-0.8866899609565735
0.4390614926815033,0.5378574132919312,-0.12404952943325043,0.08087144792079926,0.857105553150177,0.026957150548696518,0.5080385804176331,-11.365216255187988,-6.210601806640625,-4.336984157562256,0.03922071307897568,-1.4944219589233398,-1.1051771640777588,-1.7724539041519165
0.42078250646591187,0.47800832986831665,-0.03826580569148064,0.2986730933189392,0.7036402821540833,0.6068968176841736,0.21762578189373016,-5.022675037384033,-5.77767276763916,-6.349056243896484,-1.9931399822235107,1.221186876296997,1.7631930112838745,-0.21482565999031067
0.4335402548313141,0.4778858423233032,-0.049612417817115784,0.8353092670440674,0.43246346712112427,0.28307661414146423,0.18735376000404358,-4.0446882247924805,-4.751533031463623,-4.969004154205322,-1.2127702236175537,-0.05343272164463997,0.6577451229095459,0.06919713318347931
0.6505506038665771,0.5615561604499817,-0.08997037261724472,0.6142430305480957,0.6469559073448181,0.18096153438091278,0.41401273012161255,-3.499558448791504,-4.05664587020874,-5.050197601318359,-1.9753905534744263,-1.0247042179107666,-0.5020763874053955,-1.2350188493728638
0.6699621081352234,0.5295823812484741,-0.09942924976348877,0.9593695998191833,0.2080792635679245,-0.18385203182697296,-0.05011386051774025,-3.4859585762023926,-4.838894367218018,-4.985282897949219,-1.2511048316955566,-1.3384432792663574,-1.080865502357483,-1.7031524181365967
0.701824426651001,0.5418825745582581,-0.09766865521669388,0.8693728446960449,-0.29735082387924194,-0.3198678493499756,0.23120960593223572,-3.676862955093384,-3.882572889328003,-4.1057281494140625,-3.0164411067962646,1.1318570375442505,1.6441762447357178,1.1129672527313232
0.7254692316055298,0.5654066801071167,-0.09942697733640671,0.279909610748291,0.45781299471855164,0.6954994201660156,0.47784772515296936,-4.059392929077148,-4.149974822998047,-5.319708824157715,-3.5333003997802734,0.3551192283630371,1.2769428491592407,0.591703474521637
0.6956995725631714,0.5151262879371643,-0.06386901438236237,0.42420631647109985,0.8209187388420105,0.23457220196723938,-0.3018563687801361,-4.067196846008301,-4.444887638092041,-6.266913890838623,-1.5431703329086304,-0.20707733929157257,0.60868901014328,-0.029464667662978172
0.6085367202758789,0.4987899959087372,-0.02138485200703144,0.4811529219150543,0.7772197723388672,0.040948860347270966,0.4034159779548645,-3.384091854095459,-3.5370562076568604,-4.264048099517822,-1.5259760618209839,-1.2543525695800781,-0.5025827288627625,-1.508188247680664
0.6699862480163574,0.5551081299781799,-0.06475412845611572,0.9524499177932739,0.10756509006023407,0.1422225832939148,0.24706608057022095,-3.2938244342803955,-4.283492088317871,-4.705674648284912,-2.4039554595947266,-0.6420201659202576,-0.02664443477988243,-0.5724382996559143
0.633489191532135,0.5510263442993164,-0.06615370512008667,0.3766797184944153,0.863299548625946,0.2918153405189514,-0.16634327173233032,-3.53434681892395,-5.12462854385376,-5.934045791625977,-2.225795030593872,-0.2668578028678894,0.4379476308822632,0.10241346806287766
0.6629278659820557,0.5411791801452637,-0.10263831913471222,0.09746046364307404,0.7848089933395386,0.1914648860692978,-0.5813067555427551,-7.018558025360107,-10.55550765991211,-5.7030487060546875,-1.4873905181884766,-0.18767161667346954,0.465703547000885,-1.7724539041519165
0.7267537117004395,0.5549747943878174,-0.11310230940580368,0.7589569687843323,0.520110547542572,-0.1276862770318985,-0.3703586161136627,-4.6354146003723145,-5.555920600891113,-6.339649200439453,0.2953907251358032,-0.24564529955387115,0.7423012256622314,-0.5778515338897705
0.7066666483879089,0.5861732959747314,-0.0862305536866188,0.6032381653785706,-0.056289758533239365,-0.6118295192718506,0.5085271000862122,-3.650273323059082,-4.307550430297852,-4.9606099128723145,-1.5575352907180786,-1.2919397354125977,-0.8019267320632935,-1.6893577575683594
0.691699206829071,0.6019107699394226,-0.08690179139375687,0.6979792714118958,0.6545036435127258,0.08680349588394165,0.27733564376831055,-3.6455330848693848,-4.219543933868408,-4.379072666168213,-2.856550931930542,1.2641913890838623,1.6342180967330933,1.4605982303619385
0.692983090877533,0.5787484049797058,-0.08746447414159775,0.7381680607795715,0.33112990856170654,0.2228168398141861,0.5438874959945679,-3.96993088722229,-4.912258148193359,-5.2049360275268555,-1.928157091140747,-1.5286756753921509,-1.4816102981567383,-1.7619714736938477
0.6310133934020996,0.5138868689537048,0.0009063525358214974,0.8962165117263794,0.2650297284126282,-0.3450835049152374,0.08644381165504456,-3.442413091659546,-4.697621822357178,-4.755873680114746,-1.6159580945968628,1.0067163705825806,1.5811071395874023,1.395500898361206
0.6560715436935425,0.5076831579208374,-0.015999210998415947,0.651580274105072,0.698574960231781,-0.2886831760406494,-0.06401696056127548,-4.262197017669678,-5.661591529846191,-6.694929122924805,1.9381972551345825,0.0830347090959549,0.897904634475708,0.5221835374832153
-0.391424298286438,0.8007757067680359,-0.5072088241577148,0.48854613304138184,0.8659432530403137,0.09600837528705597,0.04740609973669052,-3.6529383659362793,-4.1962080001831055,-5.258267879486084,16.11809539794922,-1.482595443725586,-0.9205699563026428,-1.681993007659912
-0.3718051314353943,0.8073132634162903,-0.5136586427688599,0.6525756120681763,0.7503812909126282,-0.018845928832888603,0.10352683812379837,-3.1265974044799805,-3.6646039485931396,-4.355480194091797,-1.3671854734420776,-0.18271464109420776,0.41434919834136963,-0.55913245677948
-0.6755604147911072,0.8248513340950012,-0.21386997401714325,0.8225262761116028,0.14101745188236237,-0.548130989074707,0.055830445140600204,-3.1201682090759277,-4.597687244415283,-5.5250115394592285,-1.555793285369873,-1.4997609853744507,-1.1149067878723145,-1.7079535722732544
-0.6847900748252869,0.8576608896255493,-0.23948271572589874,0.814431369304657,0.5090378522872925,0.21820762753486633,-0.17311111092567444,-3.819878339767456,-4.537095546722412,-5.213523864746094,-0.2967284619808197,-1.4878281354904175,-0.8125433325767517,-1.655703067779541
-0.3368876874446869,0.8035922050476074,-0.500130832195282,-0.46066588163375854,0.5514235496520996,0.16198137402534485,0.6763734817504883,-3.825863838195801,-4.377713203430176,-4.600921630859375,16.11809539794922,-1.219406008720398,-0.6819323897361755,-1.3429920673370361
-0.09769958257675171,0.6803783774375916,-0.5193213224411011,0.9332164525985718,0.21100950241088867,0.2151305079460144,0.19570618867874146,-3.5010030269622803,-4.477188587188721,-5.4461989402771,-1.6951982975006104,-1.7107911109924316,-1.59153151512146,-1.7685060501098633
-0.0767609030008316,0.7249497771263123,-0.5267357230186462,0.04918224737048149,0.8002685904502869,0.5966882109642029,0.03338289633393288,-3.188776969909668,-4.9656782150268555,-5.420456886291504,-0.8988984227180481,-1.1893388032913208,-1.0385280847549438,-1.4991188049316406
-0.04357046261429787,0.6947122812271118,-0.490468829870224,0.44181421399116516,0.2005840241909027,0.35236191749572754,0.8002545237541199,-4.195356845855713,-4.439549446105957,-5.378629684448242,2.438918352127075,-1.5417275428771973,-0.8498874306678772,-1.2542061805725098
-0.053532931953668594,0.7021039128303528,-0.4884493350982666,0.6785518527030945,0.21816402673721313,0.3407328724861145,0.6130847930908203,-4.077444553375244,-4.317176818847656,-6.1831254959106445,3.181225538253784,-1.7366796731948853,-1.070918321609497,-1.667805790901184
-0.045626550912857056,0.675064742565155,-0.4844045042991638,-0.043141160160303116,0.6964239478111267,0.6329377293586731,-0.33544349670410156,-3.986438751220703,-4.788328647613525,-5.335938453674316,0.6192743182182312,-0.7683512568473816,-0.1358979195356369,-1.2620943784713745
-0.04845982417464256,0.6751289367675781,-0.4753921329975128,-0.14106136560440063,0.617871105670929,0.7221190333366394,-0.27727434039115906,-4.016925811767578,-4.956636905670166,-5.6087565422058105,16.11809539794922,-1.7324563264846802,-1.0165901184082031,-1.7574729919433594
-0.055912263691425323,0.7328369617462158,-0.4935302436351776,-0.4461469054222107,-0.17177438735961914,0.8524726033210754,-0.21151107549667358,-4.743897914886475,-4.9895782470703125,-7.25746488571167,16.11809539794922,-1.3318010568618774,-0.7466006875038147,-1.1922358274459839
-0.06454787403345108,0.7997758984565735,-0.5288625359535217,0.17035962641239166,0.666390061378479,0.7247952222824097,-0.039670679718256,-4.151181221008301,-6.255046844482422,-6.588947296142578,0.5252342224121094,-1.4500880241394043,-1.3091802597045898,-1.7724539041519165
-0.051580145955085754,0.698630154132843,-0.47975996136665344,0.8093781471252441,-0.06259553879499435,-0.5435269474983215,0.2134648710489273,-4.13937520980835,-4.459227561950684,-5.793352127075195,-1.5953238010406494,-0.05577051267027855,0.995032787322998,-0.20523282885551453
-0.04512406513094902,0.9119396209716797,-0.4964025914669037,-0.0011995971435680985,0.6882368922233582,0.6095625758171082,-0.39339810609817505,-3.508331775665283,-4.308595657348633,-5.009461402893066,1.878599762916565,-1.5555826425552368,-0.9304883480072021,-1.653297781944275
-0.12293976545333862,0.6529408693313599,-0.2867404520511627,0.7872475385665894,0.21422521770000458,-0.5583038926124573,-0.15048478543758392,-4.477513313293457,-5.375054836273193,-5.678831100463867,2.2112460136413574,-0.5495478510856628,0.285279244184494,-0.6771836280822754
-0.053173355758190155,1.0869945287704468,-0.5292248129844666,-0.24469749629497528,0.6515440344810486,0.6811567544937134,-0.22724215686321259,-3.513593912124634,-5.555612087249756,-5.908773422241211,1.1271871328353882,-1.238664984703064,-1.1624796390533447,-1.517836332321167
-0.08309464901685715,1.1300498247146606,-0.49896931648254395,0.5716896653175354,-0.37834566831588745,-0.5525553226470947,-0.4740338921546936,-4.058160781860352,-4.265575408935547,-4.815979480743408,0.14957986772060394,-1.6379261016845703,-1.3249852657318115,-1.6991519927978516
-0.0975111648440361,1.131988286972046,-0.4787057638168335,0.5415229797363281,0.27950844168663025,-0.7902219891548157,0.06463061273097992,-4.102499961853027,-4.789505481719971,-5.388673782348633,16.11809539794922,-1.3773632049560547,-1.032863974571228,-1.4741312265396118
-0.05691962316632271,1.1376113891601562,-0.5175299048423767,0.718829333782196,0.10897532850503922,-0.5812045335769653,-0.36552706360816956,-4.202797889709473,-4.981832504272461,-5.169036865234375,-1.907303810119629,0.37043842673301697,0.7856369614601135,0.7293419241905212
-0.08025714755058289,1.1399017572402954,-0.5063654780387878,0.5358816385269165,-0.6447497010231018,-0.4198359251022339,-0.34765857458114624,-4.316295146942139,-4.693425178527832,-5.276037693023682,-0.0032187667675316334,-0.3815774917602539,0.27276501059532166,-0.254046767950058
-0.06467502564191818,1.1351540088653564,-0.4961502254009247,-0.4413706362247467,0.3973012864589691,0.33494487404823303,0.7315433025360107,-3.981881856918335,-4.341709136962891,-5.097433090209961,-0.06147358566522598,-1.4802542924880981,-1.024570345878601,-1.3382213115692139
-0.0703965350985527,1.118796944618225,-0.47314658761024475,-0.31233397126197815,0.4090254604816437,0.4192391037940979,0.7479199171066284,-3.9983363151550293,-4.579479694366455,-5.428396224975586,16.11809539794922,-1.3314448595046997,-0.9743407964706421,-1.1863410472869873
-0.008890649303793907,1.1263272762298584,-0.5138098001480103,0.6922308802604675,0.6882652044296265,-0.09626150876283646,-0.1945280283689499,-3.9833502769470215,-4.26459264755249,-5.252374172210693,-0.8851649165153503,-1.6776959896087646,-1.2324191331863403,-1.6904271841049194
-0.006248936988413334,1.127152681350708,-0.5173256993293762,-0.4113442003726959,0.7162801623344421,0.32974326610565186,0.45717400312423706,-4.046501159667969,-4.40818977355957,-5.220429420471191,-0.7255560159683228,-1.068875789642334,-0.6596521139144897,-0.9735155701637268
-0.004358528647571802,1.127277135848999,-0.5043908357620239,0.6935784220695496,0.6834855079650879,-0.1775989681482315,-0.14232075214385986,-4.102941036224365,-4.745442867279053,-5.8207783699035645,-2.451746702194214,0.8614131212234497,1.3675670623779297,1.4359761476516724
0.020421497523784637,1.1082353591918945,-0.492886483669281,0.5848677158355713,0.7779213786125183,-0.22605034708976746,-0.04085802659392357,-4.235263824462891,-5.057985782623291,-5.7722063064575195,0.13571998476982117,-1.5480455160140991,-1.071053385734558,-1.4837315082550049
-0.09846048802137375,1.115162968635559,-0.4440636932849884,0.06993420422077179,0.4646058976650238,0.7615623474121094,-0.4464004337787628,-4.589972496032715,-5.097865581512451,-5.7953972816467285,1.4860889911651611,-1.2193552255630493,-0.8548884391784668,-1.2041375637054443
-0.08916280418634415,1.1233429908752441,-0.4294131100177765,-0.09385290741920471,0.5636646151542664,0.5284255146980286,0.6278855800628662,-2.6260735988616943,-4.849272727966309,-5.209280014038086,-3.0082974433898926,-0.3270041346549988,0.4421524107456207,0.009594528004527092
-0.14555731415748596,1.2407166957855225,-0.2556276321411133,-0.3683512210845947,-0.33785152435302734,0.8575590252876282,0.1215163916349411,-3.93418288230896,-4.548163414001465,-5.706386566162109,16.11809539794922,-1.291101098060608,-0.8983904719352722,-1.2085827589035034
-0.14796917140483856,1.250511884689331,-0.2533964514732361,-0.40157464146614075,-0.20528794825077057,0.8917152285575867,-0.03792913630604744,-3.87431263923645,-4.7809906005859375,-6.126350402832031,-0.17166514694690704,-1.5207414627075195,-1.3170121908187866,-1.7034963369369507
-0.6980062127113342,0.7265153527259827,-0.16354039311408997,-0.3796950876712799,0.8024815917015076,0.3372824192047119,0.3132021129131317,-3.4215128421783447,-3.478708028793335,-4.374558925628662,-0.3716853857040405,-1.7724539041519165,-1.7724539041519165,-1.7590227127075195
-0.5855227112770081,0.7726003527641296,-0.21457913517951965,0.41923654079437256,0.3812863528728485,0.8004834055900574,0.1951608955860138,-4.7589111328125,-5.109108924865723,-5.539731025695801,1.5150182247161865,-1.685718297958374,-1.3423182964324951,-1.7466912269592285
-0.5708445310592651,0.7754616737365723,-0.2111925184726715,0.1836579293012619,0.8040688633918762,0.49947601556777954,-0.2650787830352783,-4.531460285186768,-5.024254322052002,-6.623178005218506,-2.611659526824951,-0.5146104693412781,-0.31073421239852905,-1.3342607021331787
-0.7189760208129883,0.7557582855224609,-0.14129020273685455,0.9013198018074036,0.2395784556865692,0.3057933747768402,0.1916120946407318,-3.075526714324951,-4.240110397338867,-4.624964237213135,0.34074047207832336,-1.5414010286331177,-1.2562791109085083,-1.7722454071044922
-0.6907697916030884,0.7372480630874634,-0.11001213639974594,0.5089633464813232,-0.46622446179389954,-0.49629250168800354,-0.526578426361084,-3.2175872325897217,-3.767319679260254,-4.645325183868408,1.733216404914856,-1.747487187385559,-1.7319316864013672,-1.7262580394744873
-0.7023775577545166,0.6885426044464111,-0.12513762712478638,0.4639224410057068,0.5875819325447083,0.508500337600708,0.42538321018218994,-3.892160177230835,-4.284304618835449,-4.4014058113098145,-0.3015064001083374,-0.10135972499847412,-0.5884290337562561,-1.6795262098312378
-0.7245193719863892,0.7689188718795776,-0.13976268470287323,0.5250507593154907,0.6884347200393677,0.492058664560318,0.09087130427360535,-3.52516770362854,-4.076455593109131,-4.9077067375183105,-2.167301654815674,0.06725306063890457,0.7002596259117126,-1.7724539041519165
-0.6842817068099976,0.792304515838623,-0.13950109481811523,0.6456606984138489,0.2698090970516205,0.3592313826084137,0.6174772381782532,-3.782259464263916,-4.483870983123779,-5.025955677032471,-0.3511316776275635,-1.7019344568252563,-1.7479671239852905,-1.7724539041519165
-0.6821812987327576,0.799164891242981,-0.15112492442131042,-0.03723238781094551,0.7192974090576172,0.6767302751541138,-0.1525159776210785,-3.1086153984069824,-4.107976913452148,-4.345221996307373,3.3001821041107178,-0.6330893635749817,-0.7521944046020508,-0.7932655215263367
-0.6902958750724792,0.8062595725059509,-0.14952078461647034,0.14581257104873657,0.5269444584846497,0.8349083065986633,-0.06321709603071213,-3.7373342514038086,-4.104915618896484,-4.731186389923096,-0.04806680604815483,0.35413798689842224,1.0953503847122192,0.8975827693939209
-0.6507863402366638,0.8452640771865845,-0.20949815213680267,0.9583513140678406,0.24297183752059937,0.08779262006282806,-0.12173684686422348,-3.9636645317077637,-4.0813422203063965,-4.308989524841309,-0.7910358905792236,0.3217800557613373,0.7228703498840332,0.05668485164642334
-0.6793646812438965,0.8229220509529114,-0.18689006567001343,0.7479081749916077,0.23310139775276184,0.37977612018585205,0.4920032322406769,-3.8736493587493896,-4.818657398223877,-5.025672435760498,16.11809539794922,-1.5848435163497925,-1.0768516063690186,-1.6953864097595215
-0.5966675877571106,0.8575663566589355,-0.23817983269691467,0.8511881828308105,0.2591497600078583,-0.3925355076789856,0.23288604617118835,-4.213210582733154,-4.58543062210083,-6.64715576171875,1.0234653949737549,-1.0335661172866821,-0.5612820386886597,-0.7992422580718994
-0.6042064428329468,0.8099682331085205,-0.20827831327915192,-0.12921757996082306,0.7997217178344727,0.48659756779670715,0.3270638585090637,-4.097101211547852,-4.572659015655518,-4.844493865966797,-1.4268978834152222,-0.5766637921333313,-0.3607874810695648,-0.5714454650878906
-0.6170430779457092,0.8269842267036438,-0.1869252324104309,0.24898022413253784,0.4601084887981415,0.30203309655189514,0.7969222068786621,-3.708939790725708,-4.797288417816162,-5.068821907043457,0.23039308190345764,-1.6504801511764526,-1.2557604312896729,-1.7426739931106567
-0.5905157923698425,0.8013063073158264,-0.19761529564857483,0.4450744092464447,0.16996441781520844,0.7852257490158081,0.3955267667770386,-4.140888690948486,-4.437015533447266,-5.308099746704102,16.11809539794922,-1.4544957876205444,-1.075115442276001,-1.5321470499038696
-0.6362521648406982,0.8437908887863159,-0.20806844532489777,-0.05282878503203392,0.41427966952323914,0.9085105657577515,0.013786331750452518,-4.520130634307861,-4.731817722320557,-5.077458381652832,16.11809539794922,-1.4038500785827637,-1.0287058353424072,-1.5707861185073853
-0.6838260293006897,0.8630639314651489,-0.21227118372917175,0.6473199725151062,-0.6585295796394348,-0.256216824054718,-0.28577712178230286,-4.296109676361084,-4.843803405761719,-5.232106685638428,0.47573694586753845,-1.5115084648132324,-1.2170846462249756,-1.7416102886199951
-0.6401616930961609,0.865608811378479,-0.1982346773147583,0.4877030551433563,0.015122829005122185,0.6029338836669922,0.6311796307563782,-3.9404454231262207,-4.617428302764893,-5.326000690460205,-0.5038893818855286,-1.5709404945373535,-1.353907823562622,-1.7080615758895874
-0.6490594148635864,0.8971670866012573,-0.2225075513124466,0.7011802792549133,0.6117265224456787,0.12237950414419174,-0.34519585967063904,-3.863360643386841,-4.6037163734436035,-5.9036478996276855,-2.218015432357788,1.4676649570465088,1.615341067314148,1.2553341388702393
-0.6484560370445251,0.8999788165092468,-0.2085564285516739,0.8292846083641052,0.373275488615036,-0.4030781090259552,0.10237425565719604,-4.449700832366943,-4.7856574058532715,-5.722616195678711,-1.6530883312225342,-0.14683130383491516,0.13652953505516052,-0.057737696915864944
-0.6610623598098755,0.9045516848564148,-0.21181686222553253,0.7994301319122314,0.44849851727485657,-0.32749488949775696,0.22914542257785797,-4.516030788421631,-4.7527971267700195,-6.1122236251831055,-0.3760457932949066,-1.6772289276123047,-1.3986784219741821,-1.6588774919509888
-0.6380146145820618,0.8964343070983887,-0.20859842002391815,0.723080039024353,0.6638000011444092,-0.14692074060440063,-0.12222539633512497,-3.7889556884765625,-5.005931854248047,-5.422584533691406,0.26625972986221313,-0.7969349026679993,-0.37474748492240906,-0.72459876537323
-0.6268681883811951,0.8934950232505798,-0.23171573877334595,-0.4182119369506836,0.5392013788223267,0.5646688342094421,0.46423032879829407,-4.557555675506592,-4.959670543670654,-5.744120121002197,1.4231880903244019,-1.3650929927825928,-0.9943788051605225,-1.2675561904907227
-0.6272420287132263,0.8949078321456909,-0.23795051872730255,-0.2538871169090271,0.5883661508560181,0.5027101635932922,0.5802147388458252,-4.636678695678711,-5.113030433654785,-6.251057147979736,1.8895078897476196,-0.24159863591194153,0.12081407010555267,0.00803474523127079
-0.6085641384124756,0.8692402243614197,-0.23456566035747528,-0.35844385623931885,0.7267685532569885,0.43303853273391724,0.39471906423568726,-4.488606929779053,-5.0187177658081055,-5.884767055511475,0.5595122575759888,-1.7697049379348755,-1.3427387475967407,-1.627145767211914
-0.6454726457595825,0.87691730260849,-0.2030436396598816,0.763399064540863,0.12699444591999054,-0.5366764664649963,0.3362627923488617,-4.160985469818115,-4.915693759918213,-5.898331165313721,-0.20358547568321228,-0.801164448261261,-0.24262447655200958,-0.6530807018280029
-0.6248058676719666,0.8755188584327698,-0.20107601583003998,0.3676535189151764,0.297812819480896,0.8138574361801147,0.3373047709465027,-4.44635534286499,-4.953158378601074,-5.207854747772217,2.29415225982666,-1.5272300243377686,-1.1968392133712769,-1.643183708190918
-0.6450612545013428,0.8623995780944824,-0.19715231657028198,0.6207032203674316,0.6854692697525024,0.1698593944311142,0.3405982255935669,-4.684726238250732,-5.108242034912109,-6.684191703796387,0.6273189783096313,-1.0366467237472534,-0.5574815273284912,-1.5243314504623413
-0.5958320498466492,0.874554455280304,-0.1796644777059555,0.5440367460250854,-0.6017065644264221,-0.12172752618789673,-0.5719752311706543,-3.709263563156128,-4.940550804138184,-5.608283042907715,0.10137619823217392,-1.3714485168457031,-0.986757218837738,-1.4181939363479614
-0.596904993057251,0.8821038603782654,-0.19382886588573456,-0.2484329491853714,0.5648362040519714,0.4490094780921936,0.6462442278862,-4.070974826812744,-4.770356178283691,-5.438756942749023,-2.4474854469299316,0.6411530375480652,1.021299123764038,0.9925580620765686
-0.707867443561554,0.8085514307022095,-0.15238012373447418,0.6913368701934814,0.3027574419975281,0.4214174151420593,0.5027908086776733,-3.5103611946105957,-4.413613319396973,-5.316576957702637,1.5661578178405762,0.04427097737789154,-0.4390060007572174,-1.6563552618026733
-0.6538398861885071,0.8152351975440979,-0.1712387651205063,0.5213464498519897,0.3643856346607208,0.4626908004283905,0.6175258755683899,-3.9094760417938232,-4.537696838378906,-4.98344612121582,0.7371610999107361,-1.7336126565933228,-1.512746810913086,-1.7724539041519165
-0.7091138958930969,0.8522264361381531,-0.15250396728515625,0.5031670331954956,0.6285990476608276,0.5093892216682434,0.3036590814590454,-3.437058448791504,-3.9220988750457764,-4.055298328399658,0.038970399647951126,-1.3627774715423584,-1.2831976413726807,-1.7017375230789185
-0.6471946835517883,0.7960852384567261,-0.17187683284282684,0.3094825744628906,0.5871076583862305,0.6151573061943054,0.42556625604629517,-5.082703113555908,-5.675660610198975,-6.294571399688721,-0.04210766777396202,-1.7724539041519165,0.5561151504516602,-1.7724539041519165
-0.5921653509140015,0.8390007019042969,-0.1637306958436966,0.38686928153038025,0.2469170093536377,0.6435617208480835,0.6125295758247375,-3.6367554664611816,-4.401654243469238,-5.319025993347168,0.15643875300884247,-1.6158121824264526,-1.2504209280014038,-1.6578340530395508
-0.598120927810669,0.8460742831230164,-0.16057290136814117,-0.09880845993757248,0.5847774744033813,0.6389846205711365,-0.48986825346946716,-4.215271949768066,-4.525371551513672,-5.255074501037598,16.11809539794922,-1.0367133617401123,-0.689843475818634,-0.88520348072052
-0.5947283506393433,0.8419012427330017,-0.1600881665945053,0.6975961923599243,0.4548027217388153,-0.5468098521232605,-0.08667735755443573,-4.412677764892578,-4.922492980957031,-5.563271522521973,1.2010072469711304,-0.0037288228049874306,0.5579246878623962,0.6521314382553101
-0.6725190281867981,0.8923611044883728,-0.15899036824703217,0.3357597887516022,0.6317086815834045,0.5928324460983276,0.36980968713760376,-3.965787887573242,-4.555000305175781,-5.25239896774292,-0.45817750692367554,0.7432120442390442,0.6916117072105408,1.0940295457839966
-0.7150958180427551,0.9566735625267029,-0.16198542714118958,0.6185279488563538,0.2844626307487488,0.3967227637767792,0.6157233715057373,-3.914376974105835,-4.882320404052734,-5.73469877243042,16.11809539794922,-1.4294140338897705,-1.4555896520614624,-1.7724539041519165
-0.7132879495620728,0.9537843465805054,-0.15905354917049408,0.5738843083381653,0.323771595954895,0.39669913053512573,0.6391075849533081,-3.6154191493988037,-4.655785083770752,-5.161046028137207,3.3296148777008057,-0.6969459652900696,-0.7206705212593079,-1.6223387718200684
-0.6745720505714417,0.9454925656318665,-0.16367250680923462,0.32611942291259766,0.6639429330825806,0.5542437434196472,0.38162773847579956,-4.119147777557373,-5.0847015380859375,-5.58474588394165,0.30653515458106995,-1.3258777856826782,-1.6403794288635254,-1.7194920778274536
-0.7090654969215393,0.886233389377594,-0.15398770570755005,-0.16481949388980865,0.6855427622795105,0.64727783203125,-0.2896498441696167,-3.5118706226348877,-4.829148292541504,-5.386204242706299,16.11809539794922,-0.8164389133453369,-0.9422237873077393,-1.6046807765960693
-0.7045465707778931,0.8810076713562012,-0.14322534203529358,-0.2143847942352295,0.6668707728385925,0.6442056894302368,-0.3071180284023285,-3.068713903427124,-4.617270469665527,-5.088860511779785,-1.7857356071472168,1.7145366668701172,1.487072229385376,0.4178054928779602
-0.6717756390571594,0.9184186458587646,-0.15300379693508148,0.4667550027370453,0.5202673673629761,0.5300611853599548,0.4801008105278015,-3.7431514263153076,-4.681884765625,-5.220056533813477,16.11809539794922,-0.5753473043441772,-0.7646033763885498,-0.9709327816963196
-0.6707280874252319,0.9329673051834106,-0.15574899315834045,0.5405361652374268,0.34363824129104614,0.45860210061073303,0.6159687638282776,-3.5281574726104736,-5.179819583892822,-5.668598651885986,1.0542300939559937,0.024256672710180283,-0.1875929832458496,-0.24616441130638123
-0.6736812591552734,0.9449002146720886,-0.15700027346611023,0.27214503288269043,0.7035167813301086,0.629145622253418,0.18755531311035156,-3.656442403793335,-4.717391490936279,-5.5117878913879395,0.2764805555343628,0.54940265417099,0.3914499580860138,0.46581172943115234
-0.35794147849082947,0.7124266028404236,-0.05108843371272087,0.6073363423347473,0.6649309992790222,0.35393670201301575,0.2524641752243042,-3.841470956802368,-4.191277980804443,-4.491176605224609,-0.16368001699447632,-1.763833999633789,-1.195891261100769,-1.7724539041519165
-0.35086607933044434,0.7099969983100891,-0.07119164615869522,-0.4479914903640747,0.10689077526330948,0.5328195095062256,0.7099164128303528,-3.484379529953003,-4.099717617034912,-4.513697624206543,-1.4780468940734863,-0.9543635249137878,-0.3752397894859314,-1.7724539041519165
-0.3409658670425415,0.7724083065986633,-0.05013220012187958,0.42356255650520325,0.7697387933731079,0.4725201427936554,0.06943836063146591,-3.2312731742858887,-4.281912803649902,-5.188266754150391,-1.8239555358886719,-0.5279220938682556,0.1508021503686905,-0.21302098035812378
-0.3426764905452728,0.8202937245368958,-0.06511048972606659,0.8456484079360962,-0.30061760544776917,-0.31265220046043396,-0.3110570013523102,-4.013288497924805,-4.361744403839111,-5.186221599578857,0.06225341558456421,-1.5002487897872925,-0.7426105737686157,-1.6192399263381958
-0.2874184250831604,0.7283326387405396,-0.13855589926242828,-0.22994138300418854,0.83524489402771,0.4622023105621338,0.18937255442142487,-2.8803629875183105,-3.735757350921631,-4.200839996337891,-0.24953727424144745,-1.4131542444229126,-0.7195302844047546,-1.6053296327590942
-0.0038547117728739977,0.7848851084709167,-0.20399068295955658,0.9665683507919312,0.15636879205703735,0.19928930699825287,-0.03972642123699188,-3.634113073348999,-4.670733451843262,-5.254680633544922,-0.6077956557273865,-1.5036615133285522,-1.162244200706482,-1.5921664237976074
0.03497682511806488,0.6925367712974548,-0.17816515266895294,0.8115333914756775,0.48473432660102844,0.015507846139371395,0.3258921504020691,-3.455876588821411,-4.480867385864258,-4.713017463684082,-2.140472888946533,0.5145354866981506,1.0877444744110107,0.574176549911499
0.05991751700639725,0.7247434258460999,-0.1341010183095932,0.915588915348053,0.18141956627368927,0.09053872525691986,0.3472558856010437,-3.3611483573913574,-3.8017139434814453,-4.412563323974609,2.116267204284668,-1.705409288406372,-1.2487967014312744,-1.7722822427749634
-0.21829432249069214,0.9718208312988281,-0.16579598188400269,0.7820518612861633,0.5233396291732788,0.25226330757141113,-0.225552037358284,-3.8841230869293213,-3.9461944103240967,-4.747793197631836,-1.3693327903747559,0.36411863565444946,1.247225046157837,1.2052732706069946
-0.19336296617984772,0.937777042388916,-0.21800266206264496,-0.3347768187522888,0.7361326217651367,0.2672671675682068,0.5240243673324585,-4.217790126800537,-4.858177185058594,-6.464287281036377,3.537430763244629,-1.0181450843811035,-0.33818233013153076,-0.866686224937439
-0.19518330693244934,0.940524697303772,-0.20798274874687195,0.6862358450889587,0.6239181756973267,-0.018017908558249474,-0.3734726309776306,-4.286267280578613,-4.387551307678223,-5.729190826416016,0.4510422348976135,-1.4881737232208252,-0.8039335608482361,-1.5480083227157593
-0.2892644703388214,0.8299137949943542,-0.16081398725509644,-0.22486919164657593,0.8840057253837585,0.39055371284484863,0.1242399662733078,-4.335391998291016,-4.63114070892334,-6.297089099884033,16.11809539794922,-1.7724539041519165,-0.6525113582611084,-1.7724539041519165
-0.28368496894836426,0.870394766330719,-0.1314472258090973,0.8343649506568909,0.4919542670249939,0.08918916434049606,-0.23208074271678925,-3.775994300842285,-4.316592216491699,-4.872113227844238,-0.4911026358604431,-1.7329837083816528,-1.0469605922698975,-1.7449779510498047
-0.266924113035202,0.9211666584014893,-0.1450057029724121,0.6824007034301758,0.7122134566307068,-0.05926244333386421,0.15352262556552887,-3.4351742267608643,-4.235466003417969,-5.613653659820557,-1.4033023118972778,-1.4373117685317993,-1.0217961072921753,-1.5682952404022217
-0.2947630286216736,0.9036474227905273,-0.13148076832294464,0.5437815189361572,0.7208787798881531,0.38998547196388245,0.18040727078914642,-3.5579590797424316,-4.283775329589844,-4.800236225128174,-0.9868996739387512,-0.06926228851079941,0.45677533745765686,0.3095265030860901
-0.2039732038974762,0.8862935900688171,-0.15827006101608276,0.18099486827850342,0.3767509460449219,0.6865550875663757,0.5949299931526184,-4.474322319030762,-4.91528844833374,-5.319354057312012,16.11809539794922,-1.3350448608398438,-0.6415911316871643,-1.4907499551773071
-0.24775291979312897,0.9198305010795593,-0.1562473475933075,0.5440449714660645,0.8065956830978394,-0.11418534070253372,0.2009480893611908,-3.6190431118011475,-4.825675010681152,-5.284598350524902,-0.6772698760032654,-0.9190986752510071,-0.41192489862442017,-0.8525238633155823
-0.20777122676372528,0.8902482986450195,-0.11726470291614532,0.7000802755355835,0.7013116478919983,-0.06429535150527954,-0.11796488612890244,-3.6058523654937744,-4.010573863983154,-5.011139392852783,-0.39008376002311707,-1.7525492906570435,-1.1747074127197266,-1.717764973640442
-0.2133644074201584,0.9215285778045654,-0.13186486065387726,0.7657133936882019,-0.07548023015260696,-0.4825858771800995,-0.4184454083442688,-3.992295265197754,-4.579598426818848,-5.343591690063477,-1.4742000102996826,-1.7026177644729614,-1.2897648811340332,-1.6945091485977173
-0.18989457190036774,0.9406186938285828,-0.1538955718278885,-0.4816179871559143,-0.06193450465798378,0.8603605628013611,-0.15488030016422272,-4.0667924880981445,-4.952247619628906,-5.22337007522583,-1.1620975732803345,-0.38357552886009216,0.21038958430290222,-0.2896067202091217
-0.19463829696178436,0.8934232592582703,-0.10301332175731659,0.45849695801734924,0.11280328035354614,0.7575697898864746,0.45071497559547424,-3.8323886394500732,-4.436972618103027,-5.200238227844238,-1.4448286294937134,-0.3336809575557709,0.3409470319747925,-0.06910433620214462
-0.18012461066246033,0.9349689483642578,-0.13069194555282593,0.8598077297210693,0.483934223651886,-0.15726178884506226,0.04250926524400711,-4.36802339553833,-4.432444095611572,-5.05596923828125,0.6634397506713867,-1.616382122039795,-1.0799798965454102,-1.6418710947036743
-0.21042542159557343,0.8883564472198486,-0.09494151920080185,0.43426987528800964,0.820090115070343,0.3723936975002289,0.013594708405435085,-3.621790885925293,-4.001041412353516,-4.56113862991333,0.05819913372397423,-0.9884623289108276,-0.46893301606178284,-0.9171415567398071
-0.0015624716179445386,0.8147851824760437,-0.122341088950634,-0.4212837517261505,0.5145575404167175,0.5854914784431458,0.46362727880477905,-3.0695323944091797,-4.266925811767578,-4.656947135925293,-1.5334265232086182,-0.10760235786437988,0.6488465070724487,0.5791799426078796
-0.04325319826602936,0.8265137076377869,-0.10205238312482834,0.4749205410480499,0.8006395101547241,0.11938674747943878,-0.345215380191803,-2.8766367435455322,-4.46466064453125,-4.716676712036133,-0.8279110789299011,-1.437448263168335,-0.8643969893455505,-1.364944338798523
-0.17898675799369812,0.9355050921440125,-0.16052241623401642,0.3718579411506653,0.1753348708152771,0.5815744400024414,0.7019619345664978,-4.167763710021973,-4.740298271179199,-5.794390678405762,-0.7705990672111511,-1.5220649242401123,-0.937233030796051,-1.7095189094543457
-0.14294151961803436,0.9038617014884949,-0.12603427469730377,-0.03413261100649834,0.6951915621757507,0.6149538159370422,-0.37064188718795776,-3.4065940380096436,-4.563225269317627,-5.380636215209961,-1.1797293424606323,-1.45222008228302,-0.949674129486084,-1.5068691968917847
-0.1287195086479187,0.9068371057510376,-0.12685705721378326,-0.03349461406469345,0.5274545550346375,0.6585842967033386,-0.5356645584106445,-3.6620843410491943,-4.481914043426514,-5.372750759124756,1.303267002105713,-0.8096341490745544,-0.2410210371017456,-0.552677571773529
-0.15788890421390533,0.9557772278785706,-0.16314426064491272,0.5668449401855469,-0.5327407121658325,-0.13312776386737823,-0.6141263246536255,-3.873156785964966,-4.504755020141602,-5.4264750480651855,-0.3645859360694885,-1.271849274635315,-0.7656899094581604,-1.354036808013916
-0.15601946413516998,0.9273505210876465,-0.12222234904766083,0.5342313647270203,0.7778959274291992,-0.24666762351989746,-0.2205219268798828,-3.5857341289520264,-4.104987144470215,-4.926339626312256,-1.3370743989944458,0.9450058937072754,1.4635562896728516,1.4563422203063965
-0.3203136920928955,0.743724524974823,-0.07065989077091217,0.5905442833900452,0.6393129825592041,0.2657061219215393,0.41465240716934204,-3.0526235103607178,-4.343861103057861,-4.605226039886475,-1.2457189559936523,-1.709275484085083,-1.3388971090316772,-1.7706810235977173
-0.2828123867511749,0.6856252551078796,-0.061871785670518875,0.8147329092025757,0.3933285176753998,-0.4239090383052826,-0.04247494414448738,-3.286634922027588,-3.864659070968628,-4.369261264801025,-0.8043515086174011,-0.4573405981063843,0.4606211185455322,-0.34209901094436646
-0.2814019024372101,0.6733551025390625,-0.06479647755622864,0.5403114557266235,0.7692478895187378,-0.3186804950237274,0.12150703370571136,-4.0249128341674805,-4.375827312469482,-5.10753870010376,1.3757421970367432,-1.7724539041519165,-1.2396271228790283,-1.7724539041519165
-0.2664129137992859,0.6576677560806274,-0.0590193010866642,-0.47700560092926025,0.16471976041793823,0.8495885133743286,-0.1534029245376587,-2.8493077754974365,-3.731229066848755,-4.2712321281433105,-0.8266003131866455,-1.7106090784072876,-1.032963752746582,-1.7724539041519165
-0.2764294743537903,0.7387397885322571,-0.08973830938339233,0.594810426235199,0.45447292923927307,0.6159176230430603,0.2455613911151886,-3.6461658477783203,-4.2716875076293945,-4.527327060699463,2.313159465789795,-1.716167688369751,-1.203315019607544,-1.7494908571243286
-0.2689022123813629,0.7645916938781738,-0.07969623059034348,-0.43807166814804077,0.5603018403053284,0.5752217769622803,0.40407297015190125,-3.3398635387420654,-4.369911193847656,-4.900646686553955,-2.1221070289611816,-0.5847098231315613,0.033421821892261505,-1.0427008867263794
-0.2512241005897522,0.6808435320854187,-0.02667125314474106,0.526796817779541,0.31462976336479187,-0.7885792255401611,0.04044755920767784,-3.402712345123291,-3.654496908187866,-4.367094993591309,0.8838586211204529,-1.6623377799987793,-1.0774691104888916,-1.7693427801132202
-0.24572809040546417,0.6553935408592224,-0.019654052332043648,-0.4898586869239807,0.038219477981328964,0.8572418689727783,-0.15399399399757385,-4.315930366516113,-4.348085403442383,-5.297636985778809,0.7880707383155823,-1.2236419916152954,-0.5174734592437744,-1.0347822904586792
-0.3475317060947418,0.7432006001472473,-0.05184750631451607,0.36903923749923706,0.7834980487823486,0.47079533338546753,0.16820400953292847,-3.849665641784668,-4.546649932861328,-5.841353416442871,0.0568368136882782,-1.6338999271392822,-0.931182324886322,-1.7594152688980103
-0.3294825851917267,0.7856407165527344,-0.04543312266469002,0.3190990388393402,0.6070523262023926,0.6861814260482788,0.24252499639987946,-3.8355658054351807,-4.189160346984863,-4.41475772857666,-2.80081844329834,0.40841108560562134,1.186302661895752,0.4409347176551819
-0.20148621499538422,0.7931978106498718,-0.051245469599962234,0.0767071321606636,0.46678268909454346,0.8461178541183472,-0.24559016525745392,-3.4904847145080566,-4.049235820770264,-4.270001411437988,-0.5965012311935425,-1.5800197124481201,-1.2155401706695557,-1.6932111978530884
-0.25503009557724,0.7505311369895935,-0.03067849762737751,0.40088221430778503,0.18641480803489685,0.6818656325340271,0.5827540159225464,-4.146356582641602,-4.528977394104004,-4.650786399841309,1.59161376953125,-1.5914454460144043,-0.9837560057640076,-1.7394970655441284
-0.2627546787261963,0.7798143625259399,-0.03404151648283005,0.08583924919366837,0.7032752633094788,0.5754431486129761,-0.40853482484817505,-3.782447576522827,-4.834975242614746,-5.665343761444092,0.11185847222805023,-1.4048131704330444,-0.805164098739624,-1.4683136940002441
-0.21138235926628113,0.75037682056427,0.012646769173443317,0.9911515116691589,-0.027692580595612526,-0.03197314590215683,0.12581519782543182,-3.3978524208068848,-4.081184387207031,-4.4839067459106445,-0.7439518570899963,-1.6747124195098877,-1.195163607597351,-1.730547308921814
-0.1388951987028122,0.6153750419616699,-0.12660539150238037,0.4223286807537079,0.6540630459785461,0.39882758259773254,0.4845374822616577,-5.62318229675293,-4.680645942687988,-9.039246559143066,-2.1335086822509766,0.5159128904342651,1.7724539041519165,1.4527170658111572
-0.10217633098363876,0.6680675148963928,-0.041352324187755585,-0.4478533864021301,0.5654675960540771,0.1591976433992386,0.674039900302887,-3.3778152465820312,-3.9734995365142822,-4.0338006019592285,-0.4042503237724304,-1.6090970039367676,-1.2797179222106934,-1.7294155359268188
-0.07576651126146317,0.6631771326065063,0.01776602864265442,0.274399995803833,0.782123327255249,0.27078455686569214,0.48955437541007996,-3.901052951812744,-4.497709274291992,-4.915848731994629,-0.1392502784729004,-0.8034256100654602,-0.32887712121009827,-0.5774781107902527
-0.09880421310663223,0.673229992389679,-0.010888121090829372,0.4361528754234314,0.521862804889679,0.6872963905334473,0.25505611300468445,-4.104561805725098,-9.38826847076416,-4.859829902648926,-0.03922071307897568,-1.6106501817703247,-0.9522595405578613,-1.661241054534912
-0.05234196037054062,0.631040632724762,-0.02155342325568199,0.5650424361228943,0.8155127167701721,0.046774785965681076,0.11609578132629395,-4.245910167694092,-4.3286919593811035,-4.497150421142578,16.11809539794922,-1.7198011875152588,-1.239745855331421,-1.760611653327942
-0.05441184714436531,0.6832325458526611,-0.011261703446507454,0.9725306630134583,0.016715077683329582,0.1356542557477951,0.18842141330242157,-3.181161403656006,-3.9238173961639404,-4.640742301940918,-0.7868340611457825,-1.7191652059555054,-1.1718220710754395,-1.7067441940307617
-0.039043255150318146,0.652685821056366,0.003721402958035469,0.475848525762558,0.7543910145759583,-0.01121770404279232,-0.4520360231399536,-3.4880788326263428,-3.840031862258911,-4.772895336151123,-2.187828302383423,0.45075544714927673,1.1042200326919556,1.0973291397094727
0.01825932413339615,0.653333842754364,-0.009516806341707706,0.9863142371177673,0.15246960520744324,-0.02301136776804924,0.0583755224943161,-3.7534501552581787,-4.335633754730225,-4.911853313446045,-1.3870078325271606,-1.0293877124786377,-0.4490077793598175,-1.0545694828033447
-0.03859703242778778,0.6527566313743591,0.028777673840522766,0.9455108642578125,0.13649486005306244,0.07126481831073761,-0.28687915205955505,-3.632901430130005,-4.075901985168457,-4.319958209991455,-0.6785776019096375,-1.721440076828003,-1.2067762613296509,-1.7314932346343994
-0.32468441128730774,0.8157440423965454,-0.08537597954273224,0.8189376592636108,0.4808681011199951,0.04167254641652107,-0.31043580174446106,-3.727957248687744,-4.692417144775391,-4.796859264373779,0.37517035007476807,-1.643646240234375,-1.0860563516616821,-1.7157481908798218
-0.33069276809692383,0.8346061706542969,-0.07384935766458511,0.3589547574520111,0.7402244210243225,0.5625526905059814,-0.08218133449554443,-4.2419819831848145,-4.493095874786377,-4.945915222167969,16.11809539794922,-0.7907200455665588,-0.35017555952072144,-0.7019245028495789
-0.3348503112792969,0.8424732089042664,-0.07958997040987015,0.8966851234436035,0.35025787353515625,-0.2604747712612152,-0.07367604970932007,-5.327829837799072,-5.543221950531006,-8.473878860473633,0.4212184250354767,-0.13866163790225983,0.4421826899051666,0.3621116280555725
-0.3115975856781006,0.8390811681747437,-0.07573726773262024,0.4563845098018646,0.7995944619178772,0.36373770236968994,-0.14162197709083557,-4.197956562042236,-4.61787223815918,-4.827653884887695,-0.3056485652923584,-1.71768057346344,-1.1082812547683716,-1.74751615524292
-0.28323546051979065,0.8237722516059875,-0.09656991809606552,0.8884759545326233,0.2991757392883301,0.015288423746824265,-0.3476645350456238,-3.980774164199829,-5.898723125457764,-6.704061985015869,-0.8792060613632202,-1.7653530836105347,-1.3720709085464478,-1.7724539041519165
-0.2973521053791046,0.8657580614089966,-0.09167885780334473,0.8683807253837585,-0.3800538182258606,0.03619692474603653,0.3164866268634796,-3.8970179557800293,-4.463111400604248,-5.015008926391602,-1.2874951362609863,0.7484298348426819,0.9119184017181396,0.9156852960586548
-0.3075125217437744,0.8637749552726746,-0.08407758176326752,-0.47499439120292664,0.12171962857246399,0.49331822991371155,0.7184718251228333,-4.138965606689453,-4.621913433074951,-5.158018112182617,0.8710674047470093,-1.13527512550354,-0.6434906125068665,-1.0479403734207153
-0.21927368640899658,0.8060081601142883,-0.06943781673908234,0.6768665313720703,0.6294066309928894,-0.3284301161766052,-0.19450631737709045,-3.376087188720703,-4.022091865539551,-4.810744285583496,-0.7540863752365112,-1.4849199056625366,-0.37713611125946045,-1.0578014850616455
-0.24509142339229584,0.8230122327804565,-0.05558786913752556,0.7015203833580017,-0.4031466245651245,-0.5289261937141418,-0.2560841143131256,-3.339726686477661,-3.7639684677124023,-4.422207355499268,-2.4606778621673584,0.21119798719882965,0.810085117816925,0.4095821976661682
-0.21241798996925354,0.8544753789901733,-0.07051150500774384,0.43567031621932983,0.8745917677879333,0.16590823233127594,-0.13324794173240662,-3.8410022258758545,-4.659055709838867,-4.983614921569824,-2.775838613510132,1.5005840063095093,1.612051010131836,1.5715053081512451
-0.2145434319972992,0.8431782126426697,-0.053983066231012344,0.6479002237319946,-0.5374889969825745,-0.033895451575517654,-0.5386853814125061,-4.326345920562744,-4.659473896026611,-6.038452625274658,16.11809539794922,-1.0919407606124878,-0.541492760181427,-0.9592102766036987
-0.2758334279060364,0.9194731712341309,-0.11737950891256332,0.4807744026184082,0.8418998718261719,-0.232410728931427,0.0777546688914299,-4.424535751342773,-4.8673577308654785,-5.809869289398193,16.11809539794922,-0.9957090616226196,-0.5399481654167175,-0.9159515500068665
-0.25618162751197815,0.9135798811912537,-0.11579463630914688,0.941359281539917,-0.1202695369720459,0.2535712718963623,0.18729539215564728,-4.336252689361572,-4.793492317199707,-5.783998489379883,0.9077037572860718,-0.6299697160720825,-0.07424293458461761,-0.3704625070095062
-0.19036909937858582,0.8845548629760742,-0.08255024999380112,0.39652931690216064,0.8532025218009949,-0.3071543574333191,-0.14306002855300903,-3.3782293796539307,-4.570192813873291,-4.954160690307617,-2.5026156902313232,0.4039289057254791,0.9562705159187317,1.0971059799194336
-0.2779567539691925,0.8102157115936279,-0.04934351518750191,0.5726223587989807,0.76201331615448,0.15491090714931488,-0.25969579815864563,-4.065741539001465,-5.010210037231445,-5.595905780792236,-0.23068420588970184,-0.8200490474700928,-0.29264217615127563,-0.6132285594940186
-0.24401403963565826,0.8299993276596069,-0.043254509568214417,0.5058309435844421,0.7991834282875061,-0.23976878821849823,0.21897901594638824,-4.629238128662109,-5.2531819343566895,-5.776943683624268,3.0079877376556396,-1.4050350189208984,-0.8116194605827332,-1.5914173126220703
-0.2028805911540985,0.772168755531311,0.019492575898766518,0.22234581410884857,0.47841575741767883,0.8425089716911316,0.10890043526887894,-3.348444700241089,-4.200890064239502,-4.629275321960449,-1.0361251831054688,-1.0674209594726562,-0.11101555824279785,-1.3218353986740112
-0.22550827264785767,0.8124992251396179,0.0010242274729534984,0.8572450876235962,0.266986221075058,-0.3767409026622772,0.2278497815132141,-4.513732433319092,-4.868830680847168,-5.895560264587402,16.11809539794922,-1.4194384813308716,-0.7806118130683899,-1.6084299087524414
-0.23831596970558167,0.8255459666252136,0.009097584523260593,0.9515172243118286,0.24324211478233337,-0.17973120510578156,-0.05607990920543671,-4.521664619445801,-5.078925132751465,-5.613387584686279,16.11809539794922,-1.161200761795044,-0.4312308132648468,-1.384695291519165
-0.2379838079214096,0.8314359188079834,0.027281571179628372,-0.24578742682933807,0.47948986291885376,0.5904465913772583,0.6008750200271606,-4.106348991394043,-4.580624103546143,-5.468200206756592,1.8166046142578125,-1.5313717126846313,-0.8774607181549072,-1.644993782043457
-0.18396057188510895,0.9303464889526367,0.020326491445302963,-0.2902924418449402,0.5412552952766418,0.5310766100883484,0.583721399307251,-3.531116247177124,-4.9563679695129395,-5.964605808258057,-0.079818956553936,-1.163898229598999,-0.3721282482147217,-1.473932147026062
-0.16027435660362244,0.8579384684562683,-0.08487782627344131,0.5122336745262146,0.7758319973945618,-0.3468480706214905,-0.12408778816461563,-4.223576068878174,-4.62855863571167,-5.475396633148193,16.11809539794922,-0.9169206619262695,-0.4644947052001953,-0.8646113276481628
-0.06635438650846481,0.8341145515441895,-0.070527084171772,-0.33218643069267273,0.27436986565589905,0.6126312613487244,0.6626132130622864,-3.5379035472869873,-4.56038236618042,-4.9494500160217285,-1.0022170543670654,0.19267632067203522,0.9539687037467957,0.9397772550582886
-0.024658072739839554,0.8203049898147583,-0.07994174212217331,-0.4518965780735016,0.5757019519805908,0.37735480070114136,0.5674152970314026,-3.8700828552246094,-4.437110900878906,-5.0051751136779785,-0.7150929570198059,-1.5723320245742798,-1.0470609664916992,-1.5985742807388306
-0.05352501571178436,0.8288232088088989,-0.06509830057621002,0.5620126724243164,0.7848415970802307,0.13264743983745575,-0.22487780451774597,-3.3421523571014404,-4.272329330444336,-5.407373905181885,-1.073608160018921,-0.9148473143577576,-0.414340078830719,-0.7322441935539246
-0.2083246409893036,0.9544938206672668,-0.1389092355966568,0.34936997294425964,0.8855334520339966,-0.25399619340896606,0.17104703187942505,-3.340837001800537,-4.611924171447754,-5.3236236572265625,-0.10473432391881943,-0.971843957901001,-0.4433315098285675,-0.8997502326965332
-0.019888702780008316,0.8100956678390503,-0.053286854177713394,-0.38500338792800903,0.7113097906112671,0.5799243450164795,0.09746046364307404,-11.918763160705566,-5.702667236328125,-3.9303762912750244,-0.4382549226284027,-1.473814845085144,-0.9244563579559326,-1.577831506729126
0.019781019538640976,0.7557080388069153,-0.032585807144641876,-0.004984128288924694,0.5642800331115723,0.7083501815795898,-0.4240321218967438,-3.011091947555542,-3.9035494327545166,-3.9719326496124268,-2.664559841156006,0.8287731409072876,1.5757912397384644,1.4076948165893555
-0.17205223441123962,0.9216087460517883,0.021326730027794838,0.7037747502326965,0.6036884188652039,-0.26169249415397644,-0.26791492104530334,-4.015244960784912,-4.250970840454102,-5.047290802001953,-1.6348779201507568,0.9260643720626831,1.5646454095840454,1.0972414016723633
-0.7132679224014282,0.9858030676841736,-0.16771343350410461,0.12127643823623657,0.7299519777297974,0.6710648536682129,0.04619618505239487,-4.183910846710205,-4.90432071685791,-5.253946304321289,16.11809539794922,-1.0219645500183105,-1.0639088153839111,-1.716522216796875
-0.6737484335899353,0.9560213088989258,-0.15954053401947021,-0.1875169575214386,0.6856887936592102,0.6622647047042847,-0.23679879307746887,-3.7113821506500244,-5.1181111335754395,-5.162001132965088,-0.3346969783306122,1.094252586364746,0.5610693693161011,0.5239796042442322
-0.6744499206542969,0.993934690952301,-0.16464169323444366,0.5179423093795776,0.42858392000198364,0.6120225191116333,0.41650936007499695,-4.0708208084106445,-4.802875995635986,-5.753917694091797,0.8073770999908447,-1.4743995666503906,-1.5056504011154175,-1.6907624006271362
-0.6694520711898804,1.0018575191497803,-0.16490846872329712,0.3153325021266937,0.6163608431816101,0.6681830883026123,0.27238956093788147,-3.6299047470092773,-5.074466705322266,-5.643360614776611,2.114888906478882,0.0971672311425209,-0.00032927418942563236,-0.005560045130550861
-0.7159473299980164,1.0220966339111328,-0.1729785054922104,-0.11800089478492737,0.7141196131706238,0.5679522156715393,-0.3918409049510956,-4.0615458488464355,-4.560375690460205,-5.451172351837158,16.11809539794922,-1.5759022235870361,-1.5624916553497314,-1.7552766799926758
-0.7034033536911011,0.9928591251373291,-0.1675754189491272,0.29883554577827454,0.6531487107276917,0.6798487305641174,0.14798566699028015,-3.7755227088928223,-4.7236247062683105,-5.50161600112915,0.011228001676499844,0.3106202185153961,0.36855316162109375,-1.504115104675293
-0.7184293866157532,1.033329963684082,-0.16542835533618927,-0.15863950550556183,0.682336688041687,0.6396611332893372,-0.3163601756095886,-3.6506946086883545,-4.954763889312744,-5.321856498718262,16.11809539794922,-0.5795228481292725,-0.7291781902313232,-1.6506370306015015
-0.6699246764183044,0.9847448468208313,-0.16082386672496796,0.3756014108657837,0.5620315074920654,0.6513009071350098,0.3447481095790863,-3.7843081951141357,-4.847855567932129,-5.4235005378723145,2.0500378608703613,-0.7302490472793579,-0.9994311332702637,-1.278801441192627
-0.6699146032333374,1.0410301685333252,-0.16671667993068695,0.6410004496574402,0.33779922127723694,0.4125673770904541,0.5520853996276855,-3.4397666454315186,-5.354581832885742,-5.454309463500977,16.11809539794922,-0.194360613822937,-0.381048321723938,-0.4735836088657379
-0.6993870139122009,1.0323212146759033,-0.17547617852687836,0.6514719128608704,0.18027672171592712,0.5148875713348389,0.5272337794303894,-4.2094244956970215,-5.318382740020752,-6.061675548553467,0.8197370171546936,-1.1747783422470093,-1.2238051891326904,-1.7421714067459106
-0.7194135785102844,1.0656489133834839,-0.1805092692375183,0.724453330039978,0.2754993438720703,0.4383575916290283,0.45509350299835205,-4.317908763885498,-4.812157154083252,-5.321536540985107,0.4223872721195221,-1.413745641708374,-1.3860597610473633,-1.7724539041519165
-0.7253974080085754,1.0828025341033936,-0.18019571900367737,0.32819095253944397,0.5769153237342834,0.7077615857124329,0.24193580448627472,-3.4008405208587646,-4.7516045570373535,-5.698582172393799,-1.3250325918197632,1.6346169710159302,1.6013453006744385,0.9610165953636169
-0.7182304263114929,1.0449168682098389,-0.1668568253517151,0.3846670389175415,0.5713879466056824,0.6614104509353638,0.2967882752418518,-3.538492202758789,-4.834785461425781,-5.72869348526001,3.1570377349853516,0.9559009075164795,0.7967655658721924,-0.28583282232284546
-0.7182355523109436,1.0409741401672363,-0.16473065316677094,0.1489741951227188,0.6565839648246765,0.7382915616035461,0.04037065431475639,-3.7089850902557373,-5.132979393005371,-5.4085693359375,1.35992431640625,0.009332690387964249,-0.1510937660932541,-0.8359239101409912
-0.6890939474105835,1.0462676286697388,-0.16089293360710144,0.37158575654029846,0.6131783127784729,0.25674816966056824,0.6480869650840759,-3.7447397708892822,-4.327071666717529,-5.2328643798828125,-1.0617519617080688,-1.7033600807189941,-1.7130223512649536,-1.7712489366531372
-0.6712833046913147,1.0555939674377441,-0.16771134734153748,0.4731568694114685,0.5619072318077087,0.539606511592865,0.4113485813140869,-3.6224441528320312,-5.05332612991333,-5.2351555824279785,1.5680080652236938,0.519585371017456,0.4137510061264038,0.6065548658370972
-0.6771130561828613,1.073738694190979,-0.1679554134607315,0.4325261116027832,0.5428538918495178,0.6513786315917969,0.3064909875392914,-3.861602544784546,-4.926280498504639,-5.649474143981934,-0.03662934526801109,-1.1839275360107422,-1.4903886318206787,-1.6470485925674438
-0.6771365404129028,1.0377280712127686,-0.17569175362586975,-0.27717480063438416,0.339383602142334,-0.5661001205444336,0.6982288360595703,-6.052240371704102,-10.839693069458008,-5.544836044311523,-1.2679531574249268,-0.7715387940406799,-0.8966531753540039,0.8827515244483948
-0.7182245254516602,1.1202723979949951,-0.18512554466724396,0.30652907490730286,0.630812406539917,0.49597522616386414,0.5119807124137878,-3.8388562202453613,-4.658299446105957,-5.508038520812988,-1.1673332452774048,-1.4626797437667847,-1.5088376998901367,-1.740755319595337
-0.71588134765625,1.0880615711212158,-0.17542225122451782,-0.17552806437015533,0.622750461101532,0.6647693514823914,-0.3734346926212311,-4.272200107574463,-4.917619228363037,-5.5915727615356445,16.11809539794922,-1.1864380836486816,-1.204721212387085,-1.728584885597229
-0.7009942531585693,1.0827488899230957,-0.17526987195014954,0.36270877718925476,0.6540741324424744,0.6291822195053101,0.21156348288059235,-3.895739793777466,-4.9989471435546875,-5.970660209655762,0.6514003276824951,-1.0048595666885376,-1.025733232498169,-1.6676443815231323
-0.7063038945198059,1.133095383644104,-0.19034810364246368,-0.061803098767995834,0.7170341610908508,0.6791475415229797,-0.14422541856765747,-3.834702491760254,-4.9063544273376465,-5.387081146240234,16.11809539794922,-1.0024917125701904,-1.0479999780654907,-1.5995553731918335
-0.7068859338760376,1.1027582883834839,-0.1789064258337021,-0.03854629024863243,0.8333209156990051,0.4441722333431244,-0.3268049657344818,-4.100821018218994,-4.799042701721191,-5.075094223022461,0.679885745048523,0.13008546829223633,-0.10551299154758453,-1.086557149887085
-0.6790773868560791,1.1251912117004395,-0.17600029706954956,0.4786224067211151,0.5536378622055054,0.5347791910171509,0.4223942458629608,-3.80846905708313,-5.039610862731934,-5.546062469482422,2.823350667953491,0.8256040811538696,0.6711061596870422,0.6488014459609985
-0.6766927242279053,1.095885157585144,-0.1709628850221634,0.6222952008247375,0.28180697560310364,0.4013882279396057,0.6100991368293762,-3.526651382446289,-5.255249977111816,-5.619086265563965,16.11809539794922,-0.5029280781745911,-0.6804648637771606,-0.8634475469589233
-0.7254165410995483,1.166168451309204,-0.19069361686706543,0.48487743735313416,0.5364289879798889,0.5589818954467773,0.40580418705940247,-4.071500301361084,-4.466639995574951,-5.073095798492432,-0.732867419719696,0.9340716600418091,0.5724616646766663,0.28923699259757996
-0.7171861529350281,1.1500451564788818,-0.19406436383724213,0.553608775138855,0.16766659915447235,0.4206600785255432,0.6988922357559204,-4.365472793579102,-5.4687676429748535,-5.752015590667725,1.7358120679855347,-1.558260440826416,-1.5500694513320923,-1.710951566696167
-0.6927905678749084,1.208422064781189,-0.18567867577075958,0.2350909262895584,0.7785050868988037,0.5575843453407288,0.16661854088306427,-3.5349299907684326,-4.522274017333984,-4.912608623504639,-1.8071157932281494,-1.4216395616531372,-1.4312034845352173,-1.6892600059509277
-0.711503267288208,1.1917006969451904,-0.1950940489768982,-0.11909009516239166,0.6969637870788574,0.6844243407249451,-0.1778266429901123,-3.8607594966888428,-5.035989284515381,-5.911707401275635,16.11809539794922,-1.2263739109039307,-1.2987027168273926,-1.6688052415847778
-0.7070075869560242,1.1878355741500854,-0.19051286578178406,-0.08370345085859299,0.6928070187568665,0.711804986000061,-0.07966069132089615,-3.724954843521118,-4.628327369689941,-4.982399940490723,0.7685829997062683,-0.1292114108800888,-0.27206772565841675,-1.3218703269958496
-0.6888508200645447,1.2161242961883545,-0.18864014744758606,0.10675633698701859,0.4647682309150696,0.8786836266517639,-0.02255454659461975,-3.5533432960510254,-3.981982707977295,-4.999972343444824,-0.6542870998382568,0.08455143123865128,-0.12954309582710266,-0.38947349786758423
-0.7153348326683044,1.2346367835998535,-0.19415947794914246,0.6953084468841553,0.21371103823184967,0.3339430093765259,0.5994629263877869,-3.672189235687256,-5.024886608123779,-5.9515910148620605,16.11809539794922,-1.186840295791626,-1.274784803390503,-1.5901637077331543
-0.7054674029350281,1.2207826375961304,-0.19133099913597107,0.13659928739070892,0.7775434255599976,0.6058807969093323,-0.09836325794458389,-3.4705183506011963,-5.06605863571167,-5.674233436584473,0.20612049102783203,-0.9431279301643372,-1.0270271301269531,-1.5007150173187256
-0.7150418758392334,1.1461924314498901,-0.18655438721179962,-0.18399614095687866,0.7163887619972229,0.5904589295387268,-0.3229409456253052,-3.9401464462280273,-4.858733177185059,-5.990261554718018,16.11809539794922,-0.858024537563324,-0.9233947396278381,-1.601746678352356
-0.6743372082710266,1.1318341493606567,-0.1767902821302414,0.3219735324382782,0.6338964104652405,0.654317319393158,0.2576376795768738,-4.212540149688721,-4.971485137939453,-5.226604461669922,16.11809539794922,0.024864548817276955,-0.09489341080188751,-0.2079823762178421
-0.6748430728912354,1.1315991878509521,-0.169115349650383,0.37639984488487244,0.5583876371383667,0.7169479131698608,0.18031112849712372,-3.8210537433624268,-4.9156904220581055,-5.42142915725708,-0.7244651913642883,-1.1249295473098755,-1.289452314376831,-1.5276820659637451
-0.7344660758972168,1.1847052574157715,-0.1645427793264389,0.8271690607070923,0.463255375623703,0.12952160835266113,-0.2905339002609253,-4.624885559082031,-5.818755626678467,-6.681741237640381,0.3597649037837982,-0.4031302034854889,-0.4846158027648926,-1.0582895278930664
-0.6777364015579224,1.167211890220642,-0.18314538896083832,0.6778700351715088,0.20160484313964844,0.3721701204776764,0.6011132001876831,-4.489100456237793,-5.254693031311035,-6.4542741775512695,16.11809539794922,-0.4598917067050934,-0.75203537940979,-1.000255823135376
-0.6754279136657715,1.2089741230010986,-0.18513450026512146,0.4279746115207672,0.5629082322120667,0.5984585285186768,0.37658917903900146,-3.8191659450531006,-4.791545867919922,-5.413429260253906,-0.9996459484100342,0.7928721904754639,0.6410689353942871,0.6656928062438965
-0.677705705165863,1.2072720527648926,-0.18364617228507996,-0.12268171459436417,0.6743980050086975,0.6555934548377991,-0.31675493717193604,-3.4966447353363037,-5.318586826324463,-5.404860496520996,2.2038304805755615,-0.9438987374305725,-1.16252601146698,-1.4062755107879639
-0.6733391880989075,1.1744848489761353,-0.17798632383346558,0.06907486915588379,0.7296448349952698,0.675042450428009,-0.08464480191469193,-4.008355617523193,-5.162853240966797,-5.63378381729126,16.11809539794922,-0.3967423141002655,-0.56108158826828,-0.6972189545631409
-0.7388554811477661,1.186435341835022,-0.16028854250907898,0.7685873508453369,0.6115889549255371,0.07200752198696136,-0.17334167659282684,-4.724556922912598,-5.269381999969482,-6.490894317626953,-0.3975408971309662,-1.5515469312667847,-1.527809500694275,-1.7061219215393066
-0.7112812399864197,1.180372714996338,-0.17379096150398254,0.8850305676460266,0.10070875287055969,-0.38560765981674194,-0.24059374630451202,-5.496510982513428,-5.676973342895508,-6.434545040130615,-1.2108962535858154,1.7724539041519165,1.5557070970535278,1.12221360206604
-0.6756975054740906,1.228493571281433,-0.1861640214920044,0.003018296090885997,0.7326242923736572,0.6750198006629944,-0.08718225359916687,-3.9610180854797363,-5.219419479370117,-5.4332966804504395,16.11809539794922,-0.5217045545578003,-0.7122021317481995,-0.8683903813362122
-0.7380266785621643,1.0074741840362549,-0.032858707010746,0.37702494859695435,0.4946290850639343,0.5223401188850403,0.5833995342254639,-3.442601442337036,-4.030796051025391,-5.180861473083496,-0.2174057513475418,-1.6831475496292114,-1.4527637958526611,-1.688826322555542
-0.7399124503135681,1.0056074857711792,-0.04840797185897827,0.36167168617248535,0.41169819235801697,0.2453468143939972,0.7996894121170044,-4.794808864593506,-5.1134796142578125,-5.770264625549316,1.8848340511322021,-0.9103333353996277,-0.49981561303138733,-1.0150185823440552
-0.7441601753234863,1.0337300300598145,-0.028062919154763222,0.6744754910469055,0.17655354738235474,-0.7138126492500305,0.0662052258849144,-3.930144786834717,-4.247610569000244,-5.3287835121154785,16.11809539794922,-1.4453637599945068,-0.9935441613197327,-1.3322519063949585
-0.744621753692627,1.0179623365402222,-0.03624698892235756,0.6477248668670654,-0.0016594630433246493,-0.6362000107765198,-0.4191649556159973,-4.408492088317871,-4.679243087768555,-5.243309497833252,-1.1201001405715942,-0.8829675912857056,0.10616083443164825,0.13815838098526
-0.1914137601852417,0.9758477807044983,-0.16407370567321777,0.5456731915473938,-0.6054112911224365,-0.3556200861930847,-0.4574410021305084,-4.185389041900635,-4.2957329750061035,-5.716427803039551,0.2092050164937973,-1.371350884437561,-0.8810252547264099,-1.368435025215149
-0.16682420670986176,0.9713178277015686,-0.17650605738162994,-0.4191425144672394,0.5594019293785095,0.39108309149742126,0.5987011194229126,-3.9225096702575684,-4.505788326263428,-5.869462490081787,-0.01750657707452774,-0.9720578789710999,-0.47993922233581543,-0.8587388396263123
-0.16530689597129822,0.9705313444137573,-0.16831007599830627,-0.260647714138031,0.5504411458969116,0.38759133219718933,0.691990077495575,-3.8258397579193115,-4.981258392333984,-5.780486106872559,-2.003615140914917,-0.12886837124824524,0.5709680318832397,0.3591823875904083
-0.29492589831352234,1.2553783655166626,-0.17098022997379303,0.006668090354651213,0.8958290815353394,0.43868398666381836,-0.07072606682777405,-5.694821357727051,-6.032010078430176,-7.419949054718018,-0.007424316834658384,-1.3437838554382324,-1.2366987466812134,-1.4844566583633423
0.2913295328617096,0.7636505961418152,-0.5254775285720825,0.3977871537208557,0.8581525683403015,-0.3021180033683777,-0.11859272420406342,-4.275668621063232,-4.960566997528076,-5.875187873840332,16.11809539794922,-1.228576421737671,-0.6302071213722229,-1.336303949356079
0.2861464321613312,0.7721423506736755,-0.5263809561729431,0.8830226063728333,-0.2860078513622284,-0.007467319257557392,-0.3720414638519287,-3.9530773162841797,-4.814605236053467,-5.058837413787842,-1.32046639919281,-0.3563362956047058,0.4851631820201874,-0.2974812090396881
0.2819954752922058,0.913695216178894,-0.5203499794006348,0.8818182945251465,-0.2734205424785614,-0.09617556631565094,0.37200528383255005,-3.179382801055908,-3.9617526531219482,-4.680570125579834,-2.1519110202789307,-1.5321348905563354,-0.6544489860534668,-1.6344239711761475
0.0993267074227333,0.8043656945228577,-0.2797243893146515,0.32023534178733826,0.2257569432258606,0.6577097177505493,0.6433513760566711,-3.0165324211120605,-4.554365158081055,-5.7721967697143555,-0.444611132144928,-0.8320868611335754,-0.26699942350387573,-0.5517914891242981
0.09241395443677902,0.825187623500824,-0.28966325521469116,0.5915919542312622,0.6699017286300659,0.0411357656121254,-0.4467196762561798,-4.4337286949157715,-5.006050109863281,-6.715084075927734,16.11809539794922,-0.9627591967582703,-0.3814030885696411,-0.7557831406593323
0.06773309409618378,0.8251127600669861,-0.2460859715938568,0.7886609435081482,0.5971649885177612,-0.14074422419071198,-0.03998734802007675,-3.586059093475342,-4.283270359039307,-4.599145889282227,-1.2589246034622192,-1.4241231679916382,-0.8729780316352844,-1.4997509717941284
0.03346864879131317,0.7748576402664185,-0.22500109672546387,0.8150827884674072,0.4976302981376648,0.20639358460903168,0.2130863517522812,-3.191232919692993,-3.5489680767059326,-4.178896903991699,-1.312620759010315,-1.2489824295043945,-0.612025797367096,-1.205454707145691
0.057669930160045624,0.8473686575889587,-0.28422173857688904,0.6717252731323242,0.6584901809692383,-0.32673192024230957,-0.09177194535732269,-4.363549709320068,-4.727652549743652,-6.583902835845947,-1.8295687437057495,-1.5142345428466797,-1.1230671405792236,-1.5857785940170288
0.05442779138684273,0.8274702429771423,-0.229151651263237,0.4135715067386627,0.8369062542915344,0.235460564494133,-0.2703791558742523,-3.525035858154297,-4.190802097320557,-5.311517715454102,-0.8446959853172302,-0.7231827974319458,-0.13136820495128632,-0.43759676814079285
0.06287570297718048,0.8472838401794434,-0.24695207178592682,0.6691392064094543,0.6584311127662659,0.1330522745847702,-0.31783369183540344,-4.0471272468566895,-5.217396259307861,-6.044961929321289,-0.4083980321884155,-1.0404541492462158,-0.5574169754981995,-0.894936203956604
0.05256250500679016,0.8518598079681396,-0.25433987379074097,-0.3793882429599762,0.673640251159668,0.21687868237495422,0.5960176587104797,-3.78731107711792,-4.983386516571045,-5.6857099533081055,-1.4943091869354248,-0.048289790749549866,0.6145754456520081,0.6182162165641785
0.6389478445053101,0.7407621145248413,-0.5179999470710754,0.03329836577177048,0.7526659369468689,0.6520509719848633,0.0849393829703331,-2.448362112045288,-4.015401363372803,-4.81272554397583,3.590815305709839,-0.7061826586723328,-0.7025486826896667,-0.9377174973487854
0.637194037437439,0.67482990026474,-0.5286630988121033,0.5262290835380554,0.5146617293357849,0.4681834280490875,0.4888870120048523,-3.489393472671509,-4.966365814208984,-5.207845211029053,1.7493447065353394,0.03380103036761284,0.273547500371933,0.039141349494457245
0.6255888342857361,0.7301019430160522,-0.49150562286376953,0.24853189289569855,0.7077800035476685,0.6055347323417664,0.2657198905944824,-2.7027063369750977,-4.514308452606201,-5.264581680297852,16.11809539794922,-1.283862829208374,-1.2771903276443481,-1.562022089958191
0.640742301940918,0.7569398283958435,-0.5155255198478699,-0.1643272340297699,0.738128662109375,0.648800790309906,-0.08497180044651031,-3.320096969604492,-4.095456123352051,-4.401662826538086,3.013047218322754,0.07867652922868729,-0.004531017504632473,-0.2940956950187683
0.6509820818901062,0.7628167271614075,-0.5054120421409607,0.0890972688794136,0.7257291078567505,0.6448508501052856,0.22258999943733215,-3.771605968475342,-4.112370014190674,-4.668528079986572,16.11809539794922,-1.4669691324234009,-1.4973406791687012,-1.6441360712051392
0.6584867238998413,0.8421601057052612,-0.49699917435646057,0.1761545091867447,0.8062371611595154,0.5325706005096436,0.18793563544750214,-3.465404748916626,-4.051314353942871,-4.461480617523193,2.636894464492798,-1.4350918531417847,-1.45240318775177,-1.630362629890442
0.6522551774978638,0.8190345168113708,-0.5180910229682922,0.9250327944755554,0.23950903117656708,-0.2943311631679535,-0.017858153209090233,-4.263853549957275,-4.8856353759765625,-6.166100978851318,-2.4078528881073,1.6644200086593628,1.4731955528259277,1.2815914154052734
0.6716670989990234,0.879509449005127,-0.4969637095928192,-0.07357791811227798,0.7070356011390686,0.6720033288002014,-0.20760180056095123,-3.0733463764190674,-4.458446025848389,-4.748645782470703,16.11809539794922,-1.2444276809692383,-1.30803382396698,-1.5255355834960938
0.6544206142425537,0.92685467004776,-0.4845077693462372,0.5825290679931641,0.4844026267528534,0.4222177565097809,0.49774104356765747,-2.9986302852630615,-4.281924724578857,-4.504668712615967,16.11809539794922,-1.0546290874481201,-1.1613582372665405,-1.3861651420593262
0.6697772741317749,0.8538656830787659,-0.5006521344184875,0.4928235113620758,0.488292932510376,0.544390857219696,0.47152265906333923,-3.4783191680908203,-4.260692119598389,-5.647487640380859,3.1410605907440186,0.1822228878736496,-0.039790257811546326,-0.3672958016395569
0.6470171213150024,0.9030027389526367,-0.5081052780151367,-0.19887225329875946,0.8705430030822754,0.41549208760261536,-0.17312131822109222,-3.893847942352295,-4.337913513183594,-5.448782444000244,0.04996805265545845,0.49388357996940613,0.2612062394618988,0.1587875336408615
0.685691237449646,0.9884169697761536,-0.49906426668167114,0.16560126841068268,0.6598401665687561,0.7252793312072754,0.10562695562839508,-2.967599391937256,-4.316657543182373,-4.809236526489258,5.884929180145264,-1.2621451616287231,-1.351539969444275,-1.5515769720077515
0.6707081198692322,0.910264790058136,-0.49450618028640747,0.20805390179157257,-0.5619528889656067,0.6860328316688538,-0.41265174746513367,-3.175830841064453,-4.457819938659668,-9.970254898071289,-0.7646061182022095,-1.577831506729126,-1.7585523128509521,-1.7724539041519165
0.035502977669239044,1.1018041372299194,-0.5106412172317505,-0.4048874080181122,0.6225844621658325,0.20707301795482635,0.6368481516838074,-3.9853615760803223,-4.6976189613342285,-6.002101421356201,-0.27557244896888733,-1.3042081594467163,-0.5616593956947327,-1.1992337703704834
0.030075525864958763,1.1026691198349,-0.5019770264625549,0.7175952196121216,0.6224666237831116,-0.2776811420917511,-0.14312800765037537,-4.416862964630127,-4.6622819900512695,-5.706058025360107,-0.11954262852668762,-0.6549474000930786,-0.1083715632557869,-0.37130478024482727
0.02294296585023403,1.1106109619140625,-0.5174329876899719,0.6173880696296692,0.6985996961593628,-0.32658255100250244,-0.1553521305322647,-4.203619003295898,-4.73492431640625,-5.745584964752197,-0.8151726722717285,-0.012445627711713314,0.5727993845939636,0.39260295033454895
0.03422904014587402,1.1019591093063354,-0.5080342888832092,0.42788615822792053,0.08392069488763809,0.6580914258956909,0.6138293743133545,-3.9836666584014893,-4.895710468292236,-5.8854899406433105,-0.31430062651634216,-1.553619146347046,-1.018330693244934,-1.5342676639556885
0.028686828911304474,1.1044175624847412,-0.49682798981666565,0.7261791825294495,0.6130271553993225,-0.2498967945575714,-0.1855076104402542,-4.2774128913879395,-4.697255611419678,-6.312813758850098,-2.1508047580718994,0.5576812028884888,1.0231927633285522,1.110029935836792
0.6631990075111389,0.9803877472877502,-0.478382408618927,0.2816990911960602,0.6540244817733765,0.6133430600166321,0.3416253328323364,-3.080592155456543,-4.476672172546387,-4.851335048675537,1.5359199047088623,-1.4604418277740479,-1.5510362386703491,-1.657750129699707
0.6553230285644531,1.010428786277771,-0.4865725338459015,0.38205307722091675,0.6377394199371338,0.5460590124130249,0.3861909508705139,-3.365133047103882,-4.403327465057373,-5.483639717102051,1.047822117805481,-0.3030625879764557,-0.5271256566047668,-0.7886267304420471
0.7043834328651428,1.0305650234222412,-0.4761523902416229,0.5111376643180847,0.5167875289916992,0.42879775166511536,0.5364713072776794,-3.208008050918579,-4.54482889175415,-5.064537525177002,0.3108562231063843,-1.515555739402771,-1.624894380569458,-1.7264044284820557
0.6927666068077087,0.9926382899284363,-0.5077934861183167,0.15745507180690765,0.6749727129936218,0.702204167842865,0.16287729144096375,-3.3436477184295654,-4.453111171722412,-5.420041084289551,-1.406819462776184,1.7198575735092163,1.4580817222595215,1.332322597503662
0.6682671308517456,1.0816279649734497,-0.4814164638519287,0.5143147110939026,0.6161606907844543,0.45254334807395935,0.38862699270248413,-3.668323516845703,-4.082850933074951,-5.411468982696533,-1.898423433303833,1.0554977655410767,0.4855656921863556,-0.42903566360473633
0.6895346641540527,1.1167954206466675,-0.4980131685733795,0.14999151229858398,0.7938077449798584,0.5771018862724304,0.11968807131052017,-2.988809108734131,-4.322338104248047,-4.557240962982178,-0.83232581615448,1.5858678817749023,1.1976734399795532,1.0444341897964478
0.6672746539115906,1.1041693687438965,-0.48814067244529724,0.6007049679756165,0.3965131640434265,0.33989813923835754,0.6053099632263184,-3.2166099548339844,-4.689121723175049,-5.454495429992676,16.11809539794922,-0.8033574223518372,-0.9622682332992554,-1.193156123161316
0.6828981041908264,1.1369249820709229,-0.4768850803375244,0.5760263800621033,0.45014017820358276,0.4935966730117798,0.47109419107437134,-3.105687379837036,-4.297170162200928,-4.615656852722168,16.11809539794922,-1.357219934463501,-1.459830641746521,-1.5270195007324219
0.7000520825386047,1.1078718900680542,-0.4809536039829254,-0.250393271446228,0.6741725206375122,0.6623952388763428,-0.2098265439271927,-3.0204367637634277,-4.279006004333496,-4.505176544189453,16.11809539794922,-1.0585014820098877,-1.1733660697937012,-1.382627010345459
0.7162632942199707,1.2057908773422241,-0.472560316324234,-0.1891121119260788,0.6940645575523376,0.6468299627304077,-0.253223180770874,-2.899407148361206,-4.392721176147461,-4.934338569641113,4.3530426025390625,-1.3086183071136475,-1.4328378438949585,-1.577836275100708
0.712480902671814,1.2007490396499634,-0.4907756745815277,0.3817128539085388,0.6332876086235046,0.5724031329154968,0.35439634323120117,-3.3601138591766357,-4.001177787780762,-5.129092693328857,-0.7444443702697754,1.0258344411849976,0.6459136605262756,0.3589124381542206
0.7129608392715454,1.183477520942688,-0.48207423090934753,0.526755690574646,0.509105384349823,0.45574748516082764,0.505603015422821,-3.217003107070923,-4.409330368041992,-4.96575403213501,16.11809539794922,0.02171305939555168,-0.28193366527557373,-0.5419990420341492
0.6891491413116455,1.212609887123108,-0.47478586435317993,-0.16378599405288696,0.7274590730667114,0.6527396440505981,-0.1338222771883011,-2.841334104537964,-4.512275218963623,-4.981342315673828,0.3053087294101715,-1.4318344593048096,-1.5021740198135376,-1.6289371252059937
0.7279146909713745,1.2089118957519531,-0.45955777168273926,-0.26014742255210876,0.6707214713096619,0.6546630859375,-0.23210397362709045,-3.4536631107330322,-4.561569690704346,-5.847168445587158,-0.3119557499885559,-1.6031529903411865,-1.6992521286010742,-1.7692087888717651
0.7032154202461243,1.2408201694488525,-0.47417816519737244,-0.03174501284956932,0.8155096173286438,0.5778414607048035,0.005962390918284655,-3.5637078285217285,-4.131832599639893,-4.427775859832764,1.1641085147857666,-0.8410836458206177,-1.049448013305664,-1.3303744792938232
0.703993558883667,1.1997028589248657,-0.4506259858608246,-0.016255216673016548,0.6992879509925842,0.7133147716522217,0.04375176504254341,-3.7556254863739014,-4.52689266204834,-5.542139053344727,-0.5948556661605835,-1.6836267709732056,-1.7422900199890137,-1.754128336906433
0.7226330041885376,1.2371987104415894,-0.44826868176460266,-0.1700609177350998,0.6654282808303833,0.7147954106330872,-0.1317269653081894,-4.215779781341553,-4.7612128257751465,-6.3434367179870605,0.6396629214286804,-1.5873764753341675,-1.6435261964797974,-1.7308131456375122
0.05607511103153229,0.6659696102142334,-0.1768718659877777,0.5229135751724243,-0.1878148913383484,-0.44737571477890015,-0.7008152008056641,-3.251955032348633,-3.5247626304626465,-4.150362491607666,-2.0290679931640625,-0.8653687834739685,-0.3319889307022095,-0.9482425451278687
0.11345001310110092,0.7714468240737915,-0.1709839105606079,0.8963744640350342,0.40941229462623596,0.1627049446105957,0.049208518117666245,-2.942899703979492,-3.2604026794433594,-3.9840283393859863,-1.397220492362976,-1.6738214492797852,-0.7246822714805603,-1.5806647539138794
0.22147442400455475,0.7822949290275574,-0.1788114607334137,0.6690322160720825,-0.617681086063385,-0.40712735056877136,-0.07150712609291077,-3.0409841537475586,-3.7932541370391846,-4.832185745239258,-2.671884298324585,-0.011099617928266525,0.7385976910591125,0.6195167303085327
0.05920816957950592,0.6592678427696228,-0.13264182209968567,0.2299046814441681,0.8952935934066772,0.3512466251850128,0.14906060695648193,-3.8423619270324707,-4.191437721252441,-5.1481828689575195,0.5840644836425781,-1.7278228998184204,-1.356133222579956,-1.7612196207046509
0.10618361085653305,0.6864033341407776,-0.09098148345947266,0.9076195359230042,0.36184927821159363,-0.14217963814735413,-0.1583566963672638,-3.455022096633911,-3.9828708171844482,-4.6364426612854,-0.5889158248901367,-1.4495997428894043,-0.8928681015968323,-1.7724539041519165
0.2110377550125122,0.7675504088401794,-0.16452398896217346,0.5958575010299683,-0.4027344584465027,-0.6325551271438599,-0.28745922446250916,-3.1579418182373047,-3.7146713733673096,-3.9686121940612793,-1.9961713552474976,-0.8401790857315063,-0.02432723343372345,-0.3372401297092438
0.21137632429599762,0.7657122611999512,-0.1458229124546051,0.7790037393569946,0.5227220058441162,0.33995941281318665,-0.06589775532484055,-3.276057243347168,-4.096155166625977,-4.696866035461426,-1.4256647825241089,-1.6264755725860596,-1.1779178380966187,-1.7451627254486084
0.26388320326805115,0.7941973805427551,-0.1510404348373413,0.7544792890548706,0.20450885593891144,-0.5586212873458862,0.2772712707519531,-3.301542043685913,-3.9087328910827637,-4.4531707763671875,-2.6332359313964844,0.616065263748169,1.3108677864074707,1.4736032485961914
0.27690979838371277,0.79929518699646,-0.1634715050458908,-0.1596851795911789,0.6982467770576477,0.554349422454834,0.4238499402999878,-3.9217898845672607,-4.291165351867676,-5.141660690307617,0.17751562595367432,-0.7863776683807373,-0.2146441638469696,-0.5487633943557739
0.19652415812015533,0.8321398496627808,-0.19801372289657593,-0.28593578934669495,0.8522751331329346,0.3468951880931854,0.2674538791179657,-4.962243556976318,-5.446810722351074,-7.060565948486328,1.3957114219665527,-1.0939366817474365,-0.5042054057121277,-1.3345917463302612
0.1750606894493103,0.81546950340271,-0.06726484000682831,0.6529507637023926,-0.42472004890441895,-0.34959980845451355,-0.5206228494644165,-3.25041127204895,-3.598372459411621,-4.402834415435791,-0.5958409905433655,-0.7856504917144775,-0.26361432671546936,-0.5715741515159607
0.1609361618757248,0.7906585335731506,-0.05696265399456024,0.6112905144691467,0.26463350653648376,0.6265426874160767,0.4046447277069092,-3.008765697479248,-3.7714202404022217,-3.943178415298462,-0.6407952904701233,0.1934032142162323,0.9139732122421265,0.7328816056251526
0.2082955539226532,0.8058291077613831,-0.11053178459405899,0.2207632213830948,0.32766440510749817,0.8569731712341309,0.3309027850627899,-3.638340950012207,-3.804229974746704,-4.329290866851807,-0.48922979831695557,-1.6247897148132324,-1.147422432899475,-1.6781493425369263
0.2160750925540924,0.875328004360199,-0.1329454928636551,0.6096993684768677,0.7219006419181824,-0.3139081299304962,0.09267068654298782,-3.5388457775115967,-5.156867027282715,-5.8890910148620605,-0.3545639216899872,-1.4094514846801758,-1.0101728439331055,-1.404810905456543
0.22043104469776154,0.8826072812080383,-0.13233588635921478,0.5300776362419128,0.8262234926223755,-0.15148697793483734,0.11586256325244904,-3.4600048065185547,-4.97283935546875,-5.718367099761963,-0.18313312530517578,-0.8605968356132507,-0.4854932129383087,-0.7268458604812622
0.23102514445781708,0.8748085498809814,-0.11930795013904572,0.5619799494743347,-0.6884878277778625,-0.10930687934160233,-0.4452134668827057,-3.3228940963745117,-3.8800179958343506,-4.702214241027832,-2.4201879501342773,0.40890535712242126,0.8638247847557068,0.9426310658454895
0.24099797010421753,0.8112503290176392,-0.1440153568983078,0.7930564284324646,0.5357956290245056,-0.16653122007846832,-0.2371748834848404,-4.203959941864014,-4.384791851043701,-4.93856954574585,-0.6095345616340637,-1.6231060028076172,-1.1398569345474243,-1.6542123556137085
0.27335089445114136,0.8024011850357056,-0.1340787261724472,0.5002214908599854,-0.6718136072158813,-0.15185599029064178,-0.5247710943222046,-3.7160086631774902,-4.280712604522705,-4.971363067626953,-1.3756409883499146,-1.5124330520629883,-0.998572587966919,-1.582516074180603
0.2143794298171997,0.8417278528213501,-0.1691904067993164,-0.3623817563056946,0.8414374589920044,0.13990333676338196,0.3756188452243805,-3.7258243560791016,-4.791007995605469,-5.7974371910095215,-1.9984585046768188,-0.04581182822585106,0.4998076856136322,0.42873960733413696
0.25190865993499756,0.8584534525871277,-0.16076727211475372,-0.11664517223834991,0.4163150489330292,0.7541372776031494,0.49432042241096497,-4.589779376983643,-5.01738977432251,-6.136869430541992,1.620730996131897,-1.4197063446044922,-0.8095930218696594,-1.4748306274414062
0.2666819989681244,0.7890995740890503,-0.12037985771894455,0.8979920744895935,-0.2845528721809387,-0.31606054306030273,-0.11289676278829575,-3.7028799057006836,-5.257979393005371,-6.655452251434326,0.1350608468055725,-1.3741601705551147,-1.0976972579956055,-1.5198891162872314
0.2473112791776657,0.829818606376648,-0.14437907934188843,0.8228027820587158,0.49027150869369507,-0.26960447430610657,-0.09971392899751663,-3.8740954399108887,-5.46604585647583,-6.169853687286377,-0.18802663683891296,-1.1556824445724487,-0.5944048762321472,-1.1214194297790527
0.21925567090511322,0.8596738576889038,-0.12553861737251282,0.8156005144119263,0.5091581344604492,0.27474722266197205,-0.00823144055902958,-4.06947660446167,-4.731316089630127,-5.000129699707031,-1.3133041858673096,-1.7057065963745117,-1.0782591104507446,-1.747523307800293
0.24995847046375275,0.8549148440361023,-0.10136750340461731,0.6445574164390564,-0.5723493099212646,-0.21693727374076843,-0.45814868807792664,-3.539881706237793,-4.161581039428711,-5.521450996398926,-2.0880041122436523,-0.08596241474151611,0.33182668685913086,0.20357850193977356
0.18762320280075073,0.8783953785896301,-0.12057805061340332,0.6394991874694824,-0.04328487440943718,-0.7497990727424622,-0.16422109305858612,-3.888274908065796,-4.464020729064941,-4.966910362243652,-1.554962396621704,1.2362370491027832,1.7383004426956177,1.7679661512374878
0.2323073297739029,0.8883005976676941,-0.13211750984191895,0.5855922698974609,-0.5809702277183533,-0.18195439875125885,-0.5352082848548889,-5.0531392097473145,-5.660395622253418,-6.731172561645508,4.110754013061523,-0.4246746599674225,-0.0037727588787674904,-0.12881439924240112
0.06333723664283752,0.6555483937263489,-0.123314768075943,0.1475464403629303,0.42065611481666565,0.8947890400886536,0.025121379643678665,-4.569986820220947,-5.358234405517578,-5.718739032745361,16.11809539794922,-1.4588744640350342,-1.1198029518127441,-1.571176290512085
0.07725230604410172,0.6890189051628113,-0.06271133571863174,-0.4806206524372101,0.3940488398075104,0.5332340002059937,0.573925793170929,-3.603353500366211,-4.293931484222412,-4.936930179595947,-0.9500870704650879,-1.7647749185562134,-1.556242823600769,-1.7724539041519165
0.08607732504606247,0.6586817502975464,-0.054145731031894684,0.17173346877098083,0.5689993500709534,0.7766797542572021,-0.2086048275232315,-4.007052421569824,-4.804656505584717,-5.248472213745117,1.953277349472046,-1.7724539041519165,-1.4683948755264282,-1.7724539041519165
0.09565261006355286,0.7182074785232544,-0.05584219470620155,-0.4561133086681366,0.2890356779098511,0.840831458568573,-0.03770289570093155,-4.291902542114258,-4.394590377807617,-4.623904228210449,1.008631944656372,-1.7138558626174927,-1.39398992061615,-1.7445634603500366
0.12777931988239288,0.7813186645507812,-0.07582312822341919,0.9127167463302612,0.39832088351249695,-0.0266612209379673,0.08705071359872818,-3.410102128982544,-3.705575704574585,-4.006210803985596,0.05297821760177612,-1.5737906694412231,-1.1619378328323364,-1.6260567903518677
0.18632137775421143,0.7284319400787354,-0.08515805751085281,0.15828685462474823,0.8092232942581177,0.5619528889656067,0.0656648501753807,-4.859318256378174,-4.9146037101745605,-10.085845947265625,0.11778303235769272,-1.7724539041519165,-1.2163898944854736,-1.7585523128509521
0.17657800018787384,0.7293810844421387,-0.04377030208706856,-0.4751639664173126,-0.25237199664115906,0.8092423677444458,-0.23591174185276031,-3.25142765045166,-4.42341423034668,-4.937093257904053,-0.23478776216506958,-1.7057520151138306,-1.270214557647705,-1.767163872718811
0.04350971803069115,0.6305115222930908,0.0030629371758550406,0.5441600680351257,-0.08441237360239029,-0.49240612983703613,-0.6740182042121887,-4.082087993621826,-4.313147068023682,-4.690460205078125,0.09697217494249344,-1.0389662981033325,-0.18661092221736908,-0.8298636078834534
0.07866362482309341,0.6410892605781555,-0.055699996650218964,0.954658031463623,-0.20900413393974304,-0.09802744537591934,0.18797864019870758,-4.165339469909668,-4.77204704284668,-5.559483528137207,-2.441787004470825,-1.7724539041519165,-0.3239215910434723,-1.7724539041519165
0.09897974878549576,0.6482213735580444,-0.03606153279542923,0.5349925756454468,0.6893920302391052,0.2554088830947876,0.41627857089042664,-4.082642555236816,-5.196780204772949,-5.374306678771973,-1.6065912246704102,-0.4611782729625702,0.2726782262325287,0.05035891383886337
0.05536559224128723,0.6891172528266907,-0.019774179905653,0.6756751537322998,-0.04873252287507057,-0.7154603600502014,-0.1708938479423523,-3.6227948665618896,-4.44913387298584,-4.842210292816162,-0.44676798582077026,-1.730966329574585,-1.0399134159088135,-1.7712846994400024
0.07056068629026413,0.6767494678497314,-0.05921125039458275,-0.05875276401638985,0.43891769647598267,0.3615022897720337,0.8204970955848694,-10.027189254760742,-4.393342018127441,-4.975984573364258,-0.2762533724308014,-1.7724539041519165,-1.2719963788986206,-1.7724539041519165
0.05719318985939026,0.6857783794403076,-0.04297023266553879,-0.5743946433067322,0.3324715197086334,-0.36426714062690735,0.6533321738243103,-4.859318256378174,-11.535737037658691,-4.104661464691162,-0.03922071307897568,-1.4290026426315308,-1.188586711883545,-1.7724539041519165
0.04366787150502205,0.6359661817550659,0.0009526998619548976,0.344753235578537,0.5871498584747314,0.606229305267334,0.41095778346061707,-4.14733362197876,-4.654183387756348,-5.121888637542725,0.56157386302948,-1.7467657327651978,-1.2797441482543945,-1.7181507349014282
0.040974054485559464,0.6339491605758667,0.0037603143136948347,0.6250483393669128,0.7272775769233704,-0.27929675579071045,0.04873639717698097,-4.157778263092041,-4.496026992797852,-4.959790229797363,0.398716539144516,0.17272146046161652,0.733220636844635,0.6784010529518127
0.08429756760597229,0.6526414752006531,-0.01732458546757698,-0.12645241618156433,0.4039575755596161,0.9055748581886292,0.02760937437415123,-4.225706577301025,-5.164090633392334,-5.418790817260742,0.13796226680278778,-1.7608423233032227,-1.351839542388916,-1.7585225105285645
0.07126772403717041,0.6472419500350952,-0.005057141184806824,0.5196982622146606,0.21195650100708008,0.3753393590450287,0.7376371026039124,-4.479036331176758,-4.896158695220947,-5.782371997833252,1.5435525178909302,-1.500277042388916,-0.9896836280822754,-1.4134477376937866
0.10877186805009842,0.6840226054191589,-0.03823123499751091,0.0012664926471188664,0.8405669331550598,0.4137977659702301,-0.3495955467224121,-3.954474449157715,-4.073483943939209,-5.1556782722473145,-0.6892743706703186,-1.764972448348999,-1.4350379705429077,-1.7724539041519165
0.019395504146814346,0.7035457491874695,-0.024303670972585678,0.9275025725364685,0.135643869638443,-0.30956101417541504,0.15972387790679932,-3.636150360107422,-4.134597301483154,-4.403321266174316,-1.9008738994598389,-0.2632596492767334,0.4066108465194702,0.6876192688941956
0.1087452694773674,0.6578972339630127,-0.03879109397530556,0.5885012745857239,0.26992902159690857,0.351028174161911,0.6764494180679321,-4.453828811645508,-5.20413064956665,-6.3978471755981445,2.0171091556549072,-1.7213189601898193,-1.0175284147262573,-1.6704330444335938
0.10681034624576569,0.6416674852371216,-0.026079686358571053,0.40007176995277405,0.2883477509021759,0.4598219394683838,0.7384862303733826,-4.8194756507873535,-5.20782470703125,-6.281802654266357,16.11809539794922,-1.7724539041519165,-1.1726505756378174,-1.7724539041519165
0.12340492755174637,0.7648916840553284,-0.04029596596956253,0.3494855761528015,0.378603994846344,0.8509713411331177,0.10181638598442078,-2.933580160140991,-3.6669628620147705,-3.9866063594818115,-1.9635131359100342,0.34916844964027405,1.1799509525299072,1.3774023056030273
0.12524674832820892,0.7277780771255493,-0.04373423382639885,0.1333664357662201,0.4711390435695648,0.8288900256156921,-0.2705230116844177,-3.8791110515594482,-4.648114204406738,-4.7257256507873535,16.11809539794922,-1.658799409866333,-1.3752775192260742,-1.717822551727295
0.09586260467767715,0.7356405258178711,-0.019363481551408768,-0.0462409146130085,0.4835999310016632,0.8042008280754089,-0.34242352843284607,-3.6819891929626465,-4.358104228973389,-5.0714287757873535,-0.5257764458656311,-1.6774982213974,-1.4759907722473145,-1.7015388011932373
0.0716540738940239,0.723071277141571,0.003487728536128998,-0.3906507194042206,0.17367300391197205,0.5504169464111328,0.7171267867088318,-4.292190074920654,-4.963566303253174,-5.805307388305664,-0.4164751172065735,-0.9772652983665466,-0.3190303444862366,-0.7787676453590393
0.08306590467691422,0.8023326992988586,-0.034283701330423355,-0.16030196845531464,0.6070736050605774,0.7324629426002502,-0.26317858695983887,-3.409515142440796,-4.117688179016113,-4.721916675567627,-0.9249008297920227,-0.3184850513935089,0.20500876009464264,0.18085116147994995
0.1665320098400116,0.7509897947311401,-0.036124758422374725,-0.4314195215702057,0.3900185525417328,0.06831483542919159,0.8106144666671753,-3.3511135578155518,-4.218968391418457,-5.970792293548584,-0.02773713320493698,-1.259502649307251,-0.6638050079345703,-1.3765264749526978
0.26266077160835266,0.7805687785148621,-0.09247655421495438,-0.40790197253227234,0.14197738468647003,0.4348807632923126,0.7901500463485718,-3.5981478691101074,-4.238303184509277,-5.320490837097168,0.2266533076763153,-1.1125386953353882,-0.6618331670761108,-1.0404967069625854
0.2714466154575348,0.7703136801719666,-0.07587482035160065,0.46608203649520874,0.7808322906494141,0.40461406111717224,-0.09672632068395615,-3.644824981689453,-4.892034530639648,-5.613600730895996,-1.0236320495605469,-0.4428870379924774,0.1994539350271225,-0.12084716558456421
0.0740591436624527,0.7996894121170044,-0.09927235543727875,-0.6891353726387024,0.7040291428565979,-0.13616816699504852,-0.1043725535273552,-14.376970291137695,-4.395410537719727,-5.50545597076416,-0.5890069007873535,-0.5908179879188538,0.7020307183265686,0.4935067296028137
0.006852154619991779,0.7960350513458252,-0.04965811222791672,-0.3974451720714569,0.69663405418396,-0.5702474117279053,-0.17764070630073547,-5.200695991516113,-4.972603797912598,-6.555791854858398,-1.0726368427276611,-1.285897970199585,-0.8688499927520752,-1.2163898944854736
0.2709040641784668,0.8441522717475891,-0.08627194166183472,0.7302592396736145,-0.23787236213684082,-0.3061728775501251,-0.5624911785125732,-3.9756133556365967,-4.947896480560303,-6.1137919425964355,-2.8767597675323486,-1.5036542415618896,-1.2980363368988037,-1.5150855779647827
0.251828670501709,0.8513010144233704,-0.08299939334392548,0.5213183164596558,0.7406895160675049,-0.4176843464374542,-0.07173614948987961,-3.8721206188201904,-4.487445831298828,-5.765770435333252,0.34687623381614685,-0.9788654446601868,-0.5529032945632935,-0.8897478580474854
0.24213175475597382,0.8706054091453552,-0.0988098606467247,0.48894262313842773,0.7783612608909607,-0.39256709814071655,0.031303636729717255,-3.569272994995117,-4.032526016235352,-5.047943592071533,-2.962876558303833,0.10101115703582764,0.5412266254425049,0.36616501212120056
0.7143268585205078,0.6350122094154358,-0.06362967193126678,0.8509228825569153,0.4818960130214691,-0.0733504444360733,0.19577069580554962,-4.319802284240723,-5.954949378967285,-6.072096824645996,-1.4413325786590576,-0.293728232383728,0.41805699467658997,-0.9571323990821838
0.7439706325531006,0.6401692628860474,-0.0568247027695179,0.43891769647598267,0.7712575793266296,0.4002099931240082,0.22879016399383545,-14.530489921569824,-6.394417762756348,-5.431915283203125,-0.9328200221061707,0.5630147457122803,1.3276026248931885,0.9383578896522522
-0.5322052240371704,0.12066727131605148,0.10110312700271606,0.9473598599433899,0.003431512275710702,-0.15963076055049896,-0.2775167226791382,-3.1812384128570557,-3.344372510910034,-8.243047714233398,-1.2681721448898315,-1.770037055015564,-1.772424578666687,-1.7724539041519165
-0.4717688262462616,0.11566536873579025,0.11807750910520554,0.0635705292224884,0.8440141081809998,0.4743105173110962,0.24213320016860962,-2.5535008907318115,-3.338336944580078,-3.5789637565612793,-2.1006453037261963,-1.7708287239074707,-1.772162675857544,-1.7724539041519165
-0.6149826049804688,0.1718408614397049,0.06620076298713684,-0.3797280192375183,0.7122660279273987,0.5311874747276306,0.25753360986709595,-3.4548792839050293,-3.8944225311279297,-4.697017192840576,-1.8682146072387695,1.2939530611038208,0.8906938433647156,0.30253899097442627
-0.6116924285888672,0.1644463986158371,0.036219581961631775,0.4275900721549988,0.5481342673301697,0.3014930188655853,0.6525469422340393,-3.2099390029907227,-3.6570162773132324,-4.495603561401367,-0.9154145121574402,-1.475041151046753,-1.7360495328903198,-1.7472230195999146
-0.6435169577598572,0.17974679172039032,0.021574243903160095,0.4850928485393524,0.6155717968940735,0.5428870916366577,0.30171167850494385,-3.211529493331909,-3.724529266357422,-5.128383159637451,-1.1106001138687134,0.38236063718795776,-0.035405293107032776,-0.34533873200416565
-0.6395874619483948,0.17573948204517365,0.04188110679388046,0.8524070382118225,0.13786283135414124,-0.5041066408157349,0.016509730368852615,-2.968487501144409,-4.097851753234863,-4.8169121742248535,-0.7658027410507202,-1.6364784240722656,-1.7660075426101685,-1.770086646080017
-0.5707566738128662,0.18995623290538788,0.0735899806022644,-0.4904575049877167,0.5620959997177124,0.3887345790863037,0.540726363658905,-3.946838855743408,-4.922616481781006,-5.212366580963135,-0.4360380470752716,1.5632902383804321,1.3491603136062622,0.7045853734016418
-0.5970285534858704,0.1478339582681656,0.09847162663936615,0.8033030033111572,-0.4349365234375,-0.37745678424835205,-0.15185809135437012,-3.4372718334198,-3.895249366760254,-4.997951507568359,0.5259467959403992,-1.4835857152938843,-1.7401381731033325,-1.7599495649337769
-0.6216021776199341,0.18284396827220917,0.10375908017158508,0.6173452734947205,-0.4116829037666321,-0.47393274307250977,-0.47411999106407166,-3.8833794593811035,-3.969702959060669,-4.902877330780029,-1.6465561389923096,1.6686888933181763,1.4315797090530396,0.9004780650138855
-0.6970869898796082,0.17904351651668549,0.16719970107078552,0.7056137919425964,-0.4960358440876007,-0.4242432415485382,-0.2758174240589142,-3.072333335876465,-3.438969373703003,-4.203485488891602,0.40901702642440796,-1.5605919361114502,-1.5777482986450195,-1.6832987070083618
-0.6987696886062622,0.2259543389081955,0.10150925070047379,0.3189527690410614,0.6193240880966187,0.7048009634017944,0.13402408361434937,-3.914302110671997,-4.697118759155273,-5.496731758117676,1.1151046752929688,-0.1797967553138733,-0.11530232429504395,-1.4427928924560547
-0.7009962201118469,0.1920376718044281,0.10572881251573563,0.476815402507782,0.18162207305431366,0.39083132147789,0.7661014199256897,-3.8701717853546143,-4.278892993927002,-4.67399787902832,-1.7206737995147705,1.142487645149231,1.0175652503967285,0.6441786885261536
-0.6945330500602722,0.20927396416664124,0.10822311043739319,0.19297882914543152,0.7484749555587769,0.6341681480407715,0.01937023364007473,-3.9622597694396973,-5.366422653198242,-5.907309055328369,-0.9921659231185913,1.137326717376709,1.0521048307418823,-1.3856366872787476
-0.5848555564880371,0.15770697593688965,0.10818106681108475,0.8082534670829773,0.4940139353275299,0.32030031085014343,0.009182100184261799,-4.244312763214111,-4.390735626220703,-5.051613807678223,-0.5305205583572388,1.352766513824463,1.3655929565429688,0.7833195328712463
-0.603284478187561,0.15675802528858185,0.08977779746055603,0.4720957279205322,0.7936328053474426,-0.23846709728240967,-0.3006758987903595,-4.568121910095215,-7.169625759124756,-6.2025275230407715,0.023530498147010803,0.6742275357246399,1.5361266136169434,0.22937636077404022
-0.5829758644104004,0.17666658759117126,0.11049529910087585,-0.2568735182285309,0.710435688495636,0.6382470726966858,0.1481143683195114,-3.894057035446167,-4.298164367675781,-4.825284957885742,-1.5118796825408936,0.46030017733573914,0.17425742745399475,-0.30092209577560425
-0.6443033218383789,0.17789767682552338,0.09716026484966278,0.9096245169639587,-0.003486978355795145,-0.34940317273139954,-0.22469642758369446,-4.1736602783203125,-4.9577507972717285,-6.104773998260498,-0.9812033176422119,0.8163013458251953,0.5696893334388733,0.12674397230148315
-0.5718215703964233,0.18557864427566528,0.10248549282550812,0.8040459752082825,0.5511985421180725,0.014309062622487545,0.2224532961845398,-4.097672462463379,-4.6227521896362305,-4.913898944854736,-0.20527468621730804,-1.7099465131759644,-1.765303611755371,-1.7646409273147583
-0.5776181817054749,0.1536470502614975,0.12354295700788498,0.6085221171379089,0.17746862769126892,-0.7676365375518799,-0.09455087780952454,-4.615326881408691,-5.739073276519775,-6.366514205932617,-0.016341963782906532,1.0055010318756104,0.521112322807312,0.21741147339344025
-0.586816668510437,0.1788979172706604,0.12512174248695374,0.9275853037834167,-0.21339048445224762,0.19211724400520325,0.2390417754650116,-4.687111854553223,-5.0408549308776855,-5.281321048736572,0.47924888134002686,-1.7720413208007812,-1.7724539041519165,-1.7724539041519165
-0.5426660180091858,0.1858035922050476,0.08164630085229874,-0.300132155418396,0.2589437961578369,0.6033268570899963,0.6920011043548584,-4.5470662117004395,-4.823702812194824,-5.31121826171875,0.1605878323316574,1.5599726438522339,1.0909568071365356,0.5283423066139221
-0.5512429475784302,0.16689550876617432,0.11696341633796692,0.6606484055519104,0.22203180193901062,-0.6480928063392639,-0.306954950094223,-3.818002700805664,-4.754872798919678,-5.34764289855957,-0.8233624696731567,0.9465035796165466,0.8943526744842529,0.4733133316040039
-0.6277655363082886,0.18598702549934387,0.14597970247268677,0.5896134972572327,0.7998778223991394,0.07602973282337189,-0.08228520303964615,-3.300664186477661,-4.957446575164795,-5.381777763366699,-1.6277791261672974,1.126541018486023,0.7614282369613647,0.32593849301338196
-0.5713797807693481,0.18605145812034607,0.12450864911079407,0.8115324974060059,0.5702234506607056,-0.047056250274181366,0.1185155063867569,-5.032567501068115,-6.503778457641602,-7.037972450256348,-1.4547189474105835,-0.2595595419406891,-0.7351289391517639,-1.2318183183670044
-0.5340761542320251,0.18621444702148438,0.1616707593202591,-0.2565041780471802,0.37761765718460083,0.7779344320297241,0.43177366256713867,-3.2012999057769775,-4.104704856872559,-4.645566463470459,-0.797416090965271,-1.721988320350647,-1.7607649564743042,-1.7570807933807373
-0.581877589225769,0.22860220074653625,0.07245680689811707,0.05045825615525246,0.7876310348510742,0.5232452154159546,-0.32141217589378357,-5.3138108253479,-6.12824010848999,-4.04500150680542,-0.7108467817306519,-0.7715387940406799,1.0634722709655762,0.5352115631103516
-0.5005019903182983,0.1829303652048111,0.07202564179897308,-0.41986212134361267,-0.1216723620891571,0.8953563570976257,-0.08513905107975006,-3.676515579223633,-4.345501899719238,-4.8119096755981445,0.5938358902931213,-1.769523024559021,-1.7724332809448242,-1.7724539041519165
-0.5285179018974304,0.21708151698112488,0.06359546631574631,0.589730441570282,0.6090025901794434,0.3822280466556549,0.36774390935897827,-3.4124815464019775,-3.8564939498901367,-4.398525238037109,0.23354840278625488,-1.704711675643921,-1.7709050178527832,-1.7724539041519165
-0.5236182808876038,0.16953609883785248,0.0883226990699768,0.5050155520439148,0.42718860507011414,0.749423086643219,0.028881816193461418,-3.4271745681762695,-3.471142530441284,-4.891601085662842,-0.7876592874526978,-0.01553428266197443,-0.1997259110212326,-1.4225635528564453
-0.4964020550251007,0.20398937165737152,0.08425965160131454,0.5002362132072449,0.5093753933906555,0.7001405954360962,0.010177717544138432,-3.2824699878692627,-4.0658464431762695,-4.2159576416015625,-1.1244795322418213,0.7779324650764465,0.3726741671562195,-0.18367543816566467
-0.4842700958251953,0.28307029604911804,0.07856514304876328,0.9016470909118652,0.4231267273426056,-0.021061096340417862,0.08690635114908218,-3.5947024822235107,-4.469054698944092,-4.730479717254639,-0.6230980753898621,-0.9001290798187256,-0.11499612778425217,-0.3891196548938751
-0.47245675325393677,0.30156391859054565,0.10400579124689102,0.43106091022491455,0.7273085117340088,0.31812578439712524,0.42895781993865967,-3.7482707500457764,-4.67533016204834,-5.2353410720825195,1.0352120399475098,-1.6721104383468628,-1.4162744283676147,-1.7724539041519165
-0.5304215550422668,0.14041945338249207,0.1214221715927124,0.8784149289131165,-0.34765586256980896,-0.30009275674819946,-0.13216270506381989,-4.175436973571777,-4.39687967300415,-7.624665260314941,0.02275657467544079,-1.7724539041519165,-1.772119164466858,-1.7724539041519165
-0.487093985080719,0.18541522324085236,0.13553397357463837,0.6601651310920715,0.7348314523696899,-0.08828102052211761,0.12810617685317993,-3.357401132583618,-4.683315753936768,-6.040224552154541,-1.710368275642395,1.5287737846374512,1.1359641551971436,0.7200038433074951
-0.5385655164718628,0.19383670389652252,0.12859702110290527,0.9515900015830994,0.21955394744873047,0.2052081823348999,-0.06451446563005447,-4.133118152618408,-4.412238121032715,-5.453033447265625,0.09864724427461624,-1.7259000539779663,-1.730336308479309,-1.7459911108016968
-0.5095639228820801,0.2398596853017807,0.14324502646923065,-0.3905668258666992,0.5568653345108032,0.6953534483909607,0.23203913867473602,-3.621730089187622,-4.209904193878174,-4.782705783843994,-1.1425859928131104,-1.4827983379364014,-1.0680946111679077,-1.7686280012130737
-0.5107528567314148,0.18840359151363373,0.14701901376247406,0.7850167155265808,0.6082763075828552,0.05285611376166344,-0.1046658605337143,-3.7218971252441406,-4.385886192321777,-5.0265727043151855,-2.1991474628448486,1.0978848934173584,0.6500909924507141,0.3450874090194702
-0.4960823953151703,0.2240590751171112,0.11371484398841858,0.1635500192642212,0.8973868489265442,0.40197449922561646,0.07977917045354843,-3.8717288970947266,-4.243840217590332,-4.6935505867004395,0.8391202092170715,-1.701387643814087,-1.6503055095672607,-1.7724539041519165
-0.48718032240867615,0.22198182344436646,0.13863420486450195,0.56355881690979,0.6829071640968323,0.39285188913345337,0.24840819835662842,-3.7905378341674805,-4.7071967124938965,-5.65202522277832,-0.45251452922821045,-1.7724539041519165,-1.7713631391525269,-1.7724539041519165
-0.5359307527542114,0.2767874598503113,0.10668996721506119,0.9288041591644287,0.33376699686050415,-0.05694159120321274,-0.15059904754161835,-3.5464768409729004,-3.9722683429718018,-4.428497314453125,-2.1431870460510254,0.11159532517194748,0.8174170255661011,0.09624313563108444
-0.48440277576446533,0.2764606475830078,0.11567088961601257,0.9152572751045227,-0.022665617987513542,-0.3843989670276642,-0.11843912303447723,-3.9472761154174805,-4.089799404144287,-4.826554298400879,1.0465779304504395,-1.6962792873382568,-1.544690728187561,-1.7724539041519165
-0.4757624864578247,0.302813857793808,0.11672461032867432,0.43069395422935486,0.6733319759368896,0.5431463718414307,0.2571357190608978,-3.163132905960083,-4.417136192321777,-5.197270393371582,-1.232132077217102,-0.8869887590408325,0.06512411683797836,-1.724132776260376
-0.47966843843460083,0.23041072487831116,0.1416524052619934,0.28540050983428955,0.7040243148803711,0.5679354071617126,0.3167738914489746,-3.838407278060913,-4.500341415405273,-5.723807334899902,-1.9719244241714478,0.026852896437048912,0.924190104007721,-1.7724539041519165
-0.49815455079078674,0.3150178790092468,0.10150329768657684,0.765836775302887,0.59445720911026,-0.21116450428962708,-0.12459628283977509,-3.5526068210601807,-5.0914483070373535,-5.235629081726074,-1.2787889242172241,0.011629887856543064,0.8236919641494751,0.25475403666496277
-0.35155150294303894,0.2538909912109375,0.1158924326300621,0.27358007431030273,0.4999506175518036,0.7897928953170776,-0.2267829030752182,-2.6244616508483887,-3.2524242401123047,-3.5658934116363525,0.6740988492965698,-1.5870108604431152,-1.6924220323562622,-1.7675206661224365
-0.7324551343917847,0.0695904791355133,0.2613478899002075,0.14814525842666626,0.8993498682975769,0.38954412937164307,0.132205069065094,-3.166633367538452,-3.2648298740386963,-4.538531303405762,-1.3117384910583496,-1.231780767440796,-0.8785879611968994,-1.6796537637710571
-0.6102368831634521,0.1172240599989891,0.2614836096763611,-0.1436922401189804,0.8209801912307739,0.5521419644355774,0.02198505960404873,-2.291944742202759,-3.229182243347168,-3.5677554607391357,-0.32093238830566406,-1.413806438446045,-1.2135870456695557,-1.548250436782837
-0.5011546611785889,-0.004507591016590595,0.2333245873451233,0.39867091178894043,0.9014932513237,-0.11991680413484573,0.11828503757715225,-3.2071075439453125,-3.503464460372925,-3.9123077392578125,-2.1305224895477295,-1.4793633222579956,-1.226179838180542,-1.1666020154953003
-0.4846407473087311,0.035382404923439026,0.2688382863998413,-0.1352468878030777,0.9027777910232544,0.4078183174133301,0.01961570419371128,-2.740119218826294,-3.3127081394195557,-3.478663206100464,0.747742772102356,-1.771565318107605,-1.771565318107605,-1.7648788690567017
-0.3736593425273895,0.0023741526529192924,0.2614501416683197,0.8165533542633057,0.3092319071292877,0.2428971529006958,0.42263132333755493,-3.195570230484009,-3.447443962097168,-3.7315855026245117,0.5662188529968262,-1.7724539041519165,-1.7435637712478638,-1.7724539041519165
-0.7276054620742798,0.20634816586971283,0.19167566299438477,-0.3858592212200165,0.6351875066757202,0.52588951587677,0.413629949092865,-3.1397197246551514,-4.17402458190918,-5.130129337310791,-2.2886953353881836,0.3025137186050415,0.24495825171470642,-0.02373969741165638
-0.7370389103889465,0.17804831266403198,0.2343256175518036,0.6047780513763428,0.2171747237443924,0.47080811858177185,0.6044984459877014,-3.0601375102996826,-3.7294628620147705,-3.899479627609253,0.5731082558631897,-0.8733131289482117,-0.8916575908660889,-1.0321143865585327
-0.6443421840667725,0.16608409583568573,0.23529309034347534,0.04963915795087814,0.38705477118492126,0.8805995583534241,-0.2688288688659668,-2.958699941635132,-3.3225595951080322,-4.173040866851807,16.11809539794922,-0.9484125375747681,-0.8858046531677246,-1.0536197423934937
-0.6439160108566284,0.1836308389902115,0.14449506998062134,0.5941030383110046,0.7933734059333801,-0.12340662628412247,0.04869259521365166,-5.189099311828613,-5.859601020812988,-7.377669811248779,0.15404260158538818,1.6973382234573364,1.2518160343170166,0.7941661477088928
-0.5490130186080933,0.1867065131664276,0.16636252403259277,-0.40597647428512573,0.44153544306755066,0.6861814260482788,0.4115636646747589,-3.9716906547546387,-4.315765380859375,-5.356020927429199,-2.0346338748931885,1.596590518951416,1.0078946352005005,0.3816867172718048
-0.7151999473571777,0.17599275708198547,0.27714383602142334,0.8388975858688354,0.41862019896507263,0.26066023111343384,0.23035666346549988,-3.767487049102783,-4.328730583190918,-4.689443111419678,0.7883291244506836,-1.7426254749298096,-1.770432710647583,-1.7307674884796143
-0.7441768646240234,0.20037542283535004,0.25380802154541016,0.52253657579422,0.4124003052711487,0.7350717782974243,0.12865068018436432,-3.687591791152954,-4.6178765296936035,-5.615050792694092,-2.8923933506011963,0.6644099354743958,0.31254974007606506,-0.10292305797338486
-0.7299161553382874,0.20681187510490417,0.2647620737552643,0.49350371956825256,0.8664286136627197,0.07525409758090973,0.009608413092792034,-3.9343366622924805,-4.43088436126709,-5.291834354400635,-1.282497763633728,-1.7624402046203613,-1.76341712474823,-1.7452101707458496
-0.6808778643608093,0.20843499898910522,0.26270848512649536,-0.16658136248588562,0.9453270435333252,0.2757923901081085,-0.05045825615525246,-8.112288475036621,-5.120471477508545,-5.626543045043945,-1.3143208026885986,1.3554059267044067,1.2163898944854736,1.0078659057617188
-0.6511704325675964,0.17506274580955505,0.2829052805900574,0.9885700941085815,-0.12843585014343262,-0.043547555804252625,-0.06585603952407837,-3.849036931991577,-4.157150745391846,-4.990124225616455,-0.4263203740119934,-1.7724539041519165,-1.7241129875183105,-1.7116806507110596
-0.681127667427063,0.20940281450748444,0.26176515221595764,0.4572283923625946,0.8511801958084106,-0.2538734972476959,0.044527120888233185,-3.630795955657959,-4.36608362197876,-5.340083122253418,-1.8894625902175903,0.6060527563095093,0.6102492809295654,0.3779352307319641
-0.5798590183258057,0.20306390523910522,0.24206525087356567,0.6292625665664673,-0.6377962231636047,-0.23440754413604736,-0.3772237300872803,-3.5142624378204346,-4.5182390213012695,-4.88731050491333,-1.9982060194015503,1.0015413761138916,0.8373110890388489,0.321692556142807
-0.5586045384407043,0.20546597242355347,0.2584323585033417,0.4606145918369293,0.8626880049705505,-0.1997593194246292,0.06082618236541748,-3.8064143657684326,-4.371184825897217,-5.219207286834717,-1.3857232332229614,1.5176498889923096,1.4224138259887695,0.5091391801834106
-0.7243401408195496,0.21367426216602325,0.25559893250465393,-0.4781903922557831,0.4384859800338745,0.2053147405385971,0.7327413558959961,-4.300236225128174,-4.824977397918701,-5.09197473526001,-2.196131706237793,1.1906214952468872,1.137461543083191,0.7085890769958496
-0.6954140067100525,0.22440682351589203,0.2668999433517456,-0.38962098956108093,0.021593021228909492,0.9166272282600403,-0.08673924952745438,-3.836240291595459,-4.789792537689209,-5.161170482635498,-2.099395990371704,-1.5355256795883179,-1.4932355880737305,-1.5188990831375122
-0.6205878853797913,0.1914461851119995,0.2670873701572418,0.6716665029525757,-0.52821284532547,-0.10730022937059402,-0.5082734823226929,-3.338193655014038,-3.9650092124938965,-4.878293991088867,-2.07292103767395,0.20738373696804047,0.39153093099594116,-0.033247221261262894
-0.5594261884689331,0.3168896436691284,0.21480384469032288,0.0008898132364265621,0.8266985416412354,0.5137569308280945,-0.2293960005044937,-3.2443156242370605,-3.9610166549682617,-4.332681179046631,-1.1709448099136353,-1.634222149848938,-1.514194130897522,-1.7045280933380127
-0.6338548064231873,0.20515663921833038,0.2707843482494354,0.9303097724914551,-0.2751542925834656,0.04703594371676445,0.237910658121109,-3.5351994037628174,-4.7457804679870605,-5.8173723220825195,-2.0118560791015625,1.6200757026672363,1.6728391647338867,1.2233195304870605
-0.4900076985359192,0.18318209052085876,0.14137811958789825,0.5116957426071167,0.8380690813064575,0.03418567404150963,-0.18611566722393036,-4.369808197021484,-5.687229633331299,-5.8284125328063965,-1.4714012145996094,-1.0599517822265625,1.4136943817138672,-0.6316772699356079
-0.4978949725627899,0.1865401417016983,0.15873229503631592,0.49772948026657104,0.10827502608299255,0.5339550971984863,0.6748583912849426,-4.999355316162109,-5.548433780670166,-6.133533000946045,-1.943396806716919,1.5918827056884766,1.329969882965088,1.1467818021774292
-0.4639809727668762,0.1886003315448761,0.15423080325126648,-0.40671002864837646,0.3169945776462555,0.7400718927383423,0.4317348301410675,-4.416464328765869,-5.332184791564941,-6.155319690704346,-0.6551229357719421,1.648489236831665,0.639522910118103,0.2048594057559967
-0.30420759320259094,0.18254654109477997,0.17072699964046478,-0.35441306233406067,0.29266080260276794,0.5559527277946472,0.6925731897354126,-2.6920509338378906,-2.9575610160827637,-3.7945199012756348,0.0769866332411766,-1.7199857234954834,-1.686273217201233,-1.7525981664657593
-0.40577250719070435,0.28326916694641113,0.19328267872333527,0.7261278033256531,-0.3930417597293854,-0.38282835483551025,-0.41436585783958435,-3.950300455093384,-4.379080295562744,-5.219937324523926,-1.0120843648910522,0.4716269075870514,1.730506181716919,1.1670773029327393
-0.3914748728275299,0.30316001176834106,0.1548609435558319,0.623616635799408,0.6086512207984924,0.4803912937641144,0.09934890270233154,-3.5322813987731934,-4.1316118240356445,-4.771854400634766,-1.112423062324524,-0.5923352837562561,0.06944642215967178,-0.9991679191589355
-0.5168018341064453,0.18881428241729736,0.2448667287826538,0.9930839538574219,0.014070606790482998,-0.08968842774629593,0.07444676756858826,-3.4036636352539062,-3.5017473697662354,-3.946728467941284,0.017043668776750565,-0.7299541234970093,-0.5206218957901001,-0.8049726486206055
-0.4347417950630188,0.19498614966869354,0.24677534401416779,0.7539545297622681,-0.1350458562374115,-0.5036232471466064,-0.3995983600616455,-2.952133893966675,-3.27854323387146,-3.982177257537842,0.7411099076271057,-1.3029500246047974,-1.0879323482513428,-1.4071369171142578
-0.5127336978912354,0.1830035001039505,0.2680967152118683,0.9534885883331299,-0.12234800308942795,-0.00999424047768116,-0.2753008306026459,-3.9322621822357178,-4.377402305603027,-4.527963161468506,-0.5471069812774658,-1.7444366216659546,-1.685807704925537,-1.7493799924850464
-0.5249173641204834,0.21469739079475403,0.23780445754528046,-0.3349699378013611,0.25067460536956787,0.6282918453216553,0.6559014320373535,-3.6947381496429443,-4.490075588226318,-5.216053009033203,-0.489608496427536,0.37977394461631775,0.7639199495315552,-0.1553725153207779
-0.4881027340888977,0.21939437091350555,0.2386402189731598,0.5902143716812134,0.8037370443344116,0.006811854895204306,0.07488227635622025,-3.815033197402954,-4.440203666687012,-5.2953643798828125,-1.8081727027893066,1.4389468431472778,1.4274287223815918,0.42983588576316833
-0.39693450927734375,0.21183285117149353,0.24307920038700104,0.7341435551643372,0.6531476378440857,0.14856620132923126,-0.11117292195558548,-3.022231101989746,-4.067358493804932,-5.08283805847168,-1.4567854404449463,0.42483896017074585,1.05307936668396,0.06558690220117569
-0.4889521300792694,0.15608994662761688,0.28854671120643616,0.8889458179473877,0.38234248757362366,0.22643226385116577,0.11098628491163254,-3.5391924381256104,-3.6074635982513428,-4.076709270477295,0.7902925610542297,-1.4475058317184448,-1.3929487466812134,-1.4010624885559082
-0.5533131957054138,0.2511146366596222,0.23042118549346924,0.02004506066441536,0.12096156924962997,-0.6822232604026794,0.7207897901535034,-5.544407844543457,-5.193051815032959,-7.519311428070068,-1.1569843292236328,0.4100971519947052,0.7715387344360352,0.1459667682647705
-0.23121918737888336,0.24958591163158417,0.13690303266048431,0.3437823951244354,0.5602925419807434,0.7221078872680664,0.21551372110843658,-3.2979915142059326,-3.9108846187591553,-4.580023288726807,-2.2886276245117188,0.6360021829605103,1.363964557647705,0.43546995520591736
-0.2674533724784851,0.26300281286239624,0.1361578106880188,0.06819604337215424,0.3930429220199585,0.8814501166343689,-0.25280871987342834,-3.6485536098480225,-3.7512893676757812,-5.450878620147705,1.277968168258667,1.591450572013855,1.7247934341430664,1.7466034889221191
-0.23151178658008575,0.2662120759487152,0.1316559612751007,0.06591984629631042,0.4093974828720093,0.8656952977180481,-0.2803924083709717,-3.8805243968963623,-4.189361572265625,-5.3305344581604,1.6338107585906982,1.6923296451568604,1.746374487876892,1.7707304954528809
-0.2544936537742615,0.36365076899528503,0.08276792615652084,0.9853173494338989,-0.09518416225910187,-0.12950165569782257,0.057610996067523956,-2.4906513690948486,-3.084804058074951,-4.2935471534729,0.4744616150856018,-1.752925992012024,-1.4507863521575928,-1.7723398208618164
-0.12573210895061493,0.24004638195037842,0.07331988215446472,0.4974382817745209,0.8360822200775146,0.03084951639175415,0.229281485080719,-2.7508182525634766,-2.9158265590667725,-4.119213104248047,4.0009446144104,-1.764024019241333,-1.705126166343689,-1.7471641302108765
-0.009279184974730015,0.28455886244773865,0.0834084004163742,0.25613006949424744,0.805367648601532,0.5098473429679871,-0.16073593497276306,-2.261059284210205,-2.774527072906494,-3.9202675819396973,16.11809539794922,-1.7322263717651367,-1.7460062503814697,-1.7723522186279297
-0.3114214837551117,0.06261127442121506,0.2802874445915222,0.9868408441543579,0.11677565425634384,-0.0010373330442234874,0.11183693259954453,-3.1903223991394043,-3.438377857208252,-4.1375956535339355,1.4779034852981567,-1.7657471895217896,-1.7579621076583862,-1.7724539041519165
-0.09813735634088516,0.07409721612930298,0.22090034186840057,0.988789975643158,-0.01947803795337677,-0.025941327214241028,0.1457463949918747,-2.5076746940612793,-2.877293825149536,-3.354336977005005,1.3708492517471313,-1.7596220970153809,-1.7707042694091797,-1.7671802043914795
-0.1453908234834671,0.027506014332175255,0.2774534821510315,-0.14100557565689087,0.8295368552207947,0.5381735563278198,-0.048530787229537964,-3.018205404281616,-3.9508309364318848,-4.718955993652344,0.7438961863517761,-1.6499460935592651,-1.6849794387817383,-1.704235315322876
-0.05161111801862717,-0.00351871270686388,0.20991620421409607,0.9515430331230164,-0.09862866997718811,-0.12433573603630066,0.263398677110672,-2.6214911937713623,-3.227684497833252,-3.840240716934204,-1.4854810237884521,-1.760302186012268,-1.7613887786865234,-1.7699278593063354
-0.08332640677690506,-0.004024913534522057,0.2767331898212433,0.9894091486930847,0.03194164112210274,0.04979434609413147,0.13255096971988678,-3.415058135986328,-3.6695570945739746,-5.633791923522949,0.14273296296596527,-1.7360013723373413,-1.7675390243530273,-1.7721000909805298
0.005609458312392235,0.044138867408037186,0.2543889284133911,-0.041696470230817795,0.6522905826568604,0.7519204020500183,-0.0859893187880516,-3.1400768756866455,-4.146895408630371,-4.934500217437744,0.9099575877189636,-1.6836345195770264,-1.7506269216537476,-1.7714860439300537
0.0032649398781359196,-0.007668283302336931,0.2536765933036804,0.9580528736114502,-0.09669476747512817,0.13061608374118805,-0.23605990409851074,-3.611018419265747,-3.9110920429229736,-4.509590148925781,-0.5477414727210999,-0.5523601770401001,-0.9095568060874939,-1.535557746887207
-0.31757470965385437,0.1979139745235443,0.2824873924255371,-0.39361390471458435,0.18963301181793213,0.852765679359436,-0.2861785292625427,-2.970956802368164,-3.3850510120391846,-3.5963134765625,-0.9153865575790405,-1.5746791362762451,-1.5244845151901245,-1.613109827041626
-0.1742887794971466,0.17702457308769226,0.22818651795387268,0.466313898563385,0.7947410941123962,0.29897356033325195,0.248098224401474,-2.735569715499878,-3.053689956665039,-3.772279977798462,16.11809539794922,-1.7559679746627808,-1.7474324703216553,-1.7557148933410645
-0.21661409735679626,0.20965702831745148,0.2480250746011734,0.5846040844917297,0.8085726499557495,-0.06450420618057251,-0.016957556828856468,-3.4321324825286865,-3.655280351638794,-4.637894153594971,-1.6708648204803467,-0.8082455396652222,-0.5493645668029785,-0.8035051226615906
-0.24294140934944153,0.3026556372642517,0.24593022465705872,0.3635627031326294,0.6799980401992798,0.6349784135818481,0.04719378426671028,-2.881561756134033,-3.3829092979431152,-4.27175760269165,-0.3524492084980011,-1.7116144895553589,-1.5862784385681152,-1.7140740156173706
-0.09312352538108826,0.2719469666481018,0.20317436754703522,0.6737926602363586,0.6904121041297913,-0.25068050622940063,0.0805845633149147,-4.442468643188477,-5.020153999328613,-5.645287036895752,0.0008158084820024669,-0.4268489181995392,0.7045226097106934,-0.18028001487255096
-0.022000592201948166,0.21642553806304932,0.20790699124336243,0.4001986086368561,0.8441570401191711,0.3238443434238434,-0.1495487540960312,-2.6114890575408936,-2.9753360748291016,-4.138064384460449,1.895034909248352,-1.7673759460449219,-1.7128639221191406,-1.7664086818695068
-0.15171220898628235,0.2312743365764618,0.27496305108070374,-0.4168863594532013,0.13461464643478394,0.897051215171814,0.05817011743783951,-3.5446386337280273,-4.529363632202148,-5.021459102630615,-2.238959550857544,-0.42889314889907837,0.24352838099002838,-0.4853454828262329
0.022806918248534203,0.2736501693725586,0.24527448415756226,0.5605406165122986,0.8071287870407104,-0.184081569314003,0.021244646981358528,-3.6106793880462646,-4.045798301696777,-4.633920192718506,16.11809539794922,-1.7599616050720215,-1.471030592918396,-1.7615540027618408
-0.026235388591885567,0.3110464811325073,0.24524088203907013,0.572891891002655,0.28978583216667175,-0.7629122138023376,-0.07605265825986862,-3.7964284420013428,-4.189166069030762,-4.6052775382995605,-0.19494576752185822,-1.75099515914917,-1.4925751686096191,-1.771285891532898
-0.00647771218791604,0.29187965393066406,0.29435425996780396,0.2759951055049896,0.6555228233337402,0.5182905793190002,0.4748593866825104,-3.5645153522491455,-4.0013933181762695,-4.547501087188721,-1.6584993600845337,-0.0942048728466034,0.9351242780685425,0.3872700333595276
-0.5177304744720459,0.32015639543533325,0.07749074697494507,0.5156718492507935,0.836587131023407,-0.1226777583360672,0.138400599360466,-3.704011917114258,-4.662165641784668,-6.029336929321289,-0.19403818249702454,-1.7724539041519165,-1.7463983297348022,-1.7724539041519165
-0.6006681323051453,0.3341228663921356,0.08759107440710068,-0.0939980298280716,0.8030278086662292,0.5618816614151001,0.17492768168449402,-3.4625847339630127,-4.38482141494751,-5.048325061798096,-1.8878921270370483,-0.4336131513118744,0.6204255819320679,0.10982076823711395
-0.5576387643814087,0.32258984446525574,0.10885554552078247,0.30656898021698,0.6617172956466675,0.6197437047958374,0.28993695974349976,-3.885542869567871,-4.081377029418945,-4.496589660644531,-0.7204762101173401,-1.4329595565795898,-0.5674787163734436,-1.444955825805664
-0.6079471111297607,0.33778026700019836,0.1218830794095993,0.7811374068260193,-0.41763120889663696,-0.357176274061203,-0.2963673174381256,-3.6140942573547363,-4.368818283081055,-5.28347110748291,-0.9357686638832092,-1.3999724388122559,-0.6579671502113342,-1.2154321670532227
-0.5879954099655151,0.3560829162597656,0.09585503488779068,0.6811211109161377,-0.4485110342502594,-0.3777635395526886,-0.43841373920440674,-3.704155921936035,-3.75848388671875,-5.664373874664307,-0.4955330491065979,-0.8808018565177917,0.011808113195002079,-0.48595115542411804
-0.5666831135749817,0.3395976126194,0.12080151587724686,0.42321154475212097,0.8317107558250427,0.17517967522144318,-0.3137853741645813,-3.485788106918335,-3.9818568229675293,-5.2042646408081055,-2.0689902305603027,0.6561231017112732,1.3082454204559326,1.2258847951889038
-0.544331967830658,0.32042741775512695,0.1372741162776947,0.8634951710700989,0.38113075494766235,0.07831180840730667,0.3209092319011688,-3.9121804237365723,-4.632933616638184,-4.763385772705078,-1.1320762634277344,-1.7647589445114136,-1.768370270729065,-1.7724539041519165
-0.5702769756317139,0.34650734066963196,0.12555833160877228,0.508233368396759,0.8389996886253357,-0.0877789780497551,0.173416405916214,-3.565426826477051,-4.118972301483154,-6.287281036376953,-1.52384352684021,0.04892631992697716,0.7404188513755798,0.5917612910270691
-0.5913152694702148,0.3325822949409485,0.14812588691711426,-0.393174946308136,0.212718203663826,0.5079280734062195,0.7363243103027344,-4.51742696762085,-4.6948065757751465,-6.445202350616455,16.11809539794922,-0.5470312833786011,0.22244875133037567,-0.009514137171208858
-0.5255721807479858,0.32848817110061646,0.045750487595796585,0.7316673994064331,0.6752662062644958,0.02059774287045002,0.09085193276405334,-3.844048500061035,-3.918661594390869,-4.281247615814209,0.16874563694000244,-1.674106478691101,-0.7307756543159485,-1.4599182605743408
-0.5092974901199341,0.2915779948234558,0.029963035136461258,0.5075715780258179,-0.6757148504257202,-0.15987978875637054,-0.5101166367530823,-3.4464001655578613,-3.4961862564086914,-5.519567966461182,-0.8977693319320679,0.6455948948860168,1.7222291231155396,0.9550925493240356
-0.5248834490776062,0.35859641432762146,0.03581979498267174,0.6998051404953003,-0.3014085590839386,-0.3731759488582611,-0.5293064713478088,-3.724439859390259,-4.092643737792969,-4.6625518798828125,-1.3678724765777588,0.009170443750917912,0.6512746810913086,0.6114869117736816
-0.4699056148529053,0.3807982802391052,0.01232243049889803,0.1336221545934677,0.5816211700439453,0.5346807837486267,0.5983129739761353,-3.884455680847168,-4.578978538513184,-4.7962327003479,-1.8085650205612183,-0.7114115953445435,0.5774263143539429,0.8298213481903076
-0.4685978591442108,0.37485262751579285,0.04928784444928169,0.12327747792005539,0.9024071097373962,0.3885267376899719,-0.13968198001384735,-3.3688881397247314,-3.9371178150177,-3.987840175628662,-0.283963143825531,-1.753996729850769,-1.5700829029083252,-1.7668278217315674
-0.5120337009429932,0.31833821535110474,0.09491632133722305,0.5827310085296631,0.6857740879058838,0.4139123260974884,-0.13716790080070496,-4.02981424331665,-4.079164028167725,-4.539673805236816,0.40774837136268616,-1.7058120965957642,-1.592670202255249,-1.744981050491333
-0.5061752796173096,0.3780398368835449,0.014409496448934078,-0.23017258942127228,-0.05875276401638985,-0.5273924469947815,0.8157364130020142,-5.199937343597412,-7.097992420196533,-6.474641799926758,-0.7108467817306519,0.048655569553375244,1.7724539041519165,-1.0078659057617188
-0.4109801650047302,0.4609869122505188,0.06646975129842758,0.6697738170623779,0.7201451063156128,-0.07608755677938461,0.16433127224445343,-3.441507339477539,-4.510819911956787,-4.890467166900635,-1.9626041650772095,0.2851397693157196,1.633543610572815,-1.7724539041519165
-0.5030853152275085,0.33551937341690063,0.09514196962118149,0.22974994778633118,0.5158469676971436,0.8157458901405334,0.12520183622837067,-4.696932792663574,-4.772727966308594,-5.7468976974487305,-1.5738295316696167,-0.42691659927368164,1.3953394889831543,-0.6422984600067139
-0.47906070947647095,0.34436458349227905,0.08923421055078506,0.4079478979110718,0.904223620891571,-0.11163128912448883,0.059131935238838196,-4.072525501251221,-4.665404319763184,-5.3395466804504395,-0.2923124134540558,0.33019930124282837,1.4339125156402588,1.1090447902679443
-0.5048263669013977,0.34365206956863403,0.09573954343795776,0.9308758974075317,-0.3369276225566864,0.13768339157104492,0.0315132811665535,-3.9109597206115723,-4.517597675323486,-5.386447429656982,-1.5408439636230469,-0.43974655866622925,0.3450677692890167,-0.10299144685268402
-0.37608739733695984,0.37194788455963135,0.12109559774398804,0.6277535557746887,0.7279905080795288,-0.27542245388031006,-0.009886464104056358,-3.701692819595337,-4.41804313659668,-4.670292377471924,-1.203742265701294,0.24453012645244598,1.0165573358535767,0.621869683265686
-0.46187925338745117,0.3773713707923889,0.12179209291934967,0.9153350591659546,0.12496478855609894,0.3547248840332031,0.14392971992492676,-3.777684211730957,-4.0355730056762695,-5.766729831695557,-0.954191267490387,-1.5052062273025513,-1.2419002056121826,-1.7724539041519165
-0.4331206679344177,0.4190737307071686,0.09732604026794434,0.21406996250152588,0.4392835795879364,0.870202898979187,-0.0628560408949852,-3.3401782512664795,-3.6184592247009277,-4.69009256362915,-0.5141825079917908,-1.75642728805542,-1.6482512950897217,-1.7724539041519165
-0.33675625920295715,0.39364081621170044,0.14194387197494507,0.3994697630405426,0.8868508338928223,0.13028156757354736,0.19221390783786774,-2.8986809253692627,-4.075497627258301,-4.728709697723389,-1.3174147605895996,-1.5795869827270508,-1.012474775314331,-1.6557873487472534
-0.3925729990005493,0.351014107465744,0.1303359419107437,0.9137075543403625,-0.2902899980545044,0.1873190850019455,-0.2139667421579361,-4.040309429168701,-5.181832790374756,-5.777173042297363,-2.4141628742218018,0.12054972350597382,1.4410264492034912,-1.0203028917312622
-0.4789634048938751,0.3803348243236542,0.07646626234054565,0.6770881414413452,0.3324715197086334,-0.6545748710632324,-0.05045825615525246,-4.281059265136719,-12.898794174194336,-4.862184524536133,-0.9135472178459167,-1.285897970199585,-0.03475402295589447,-1.7724539041519165
-0.4698463976383209,0.4830629825592041,0.12194699794054031,0.26917868852615356,0.807555079460144,0.41469892859458923,0.3215935528278351,-3.4007773399353027,-4.234792709350586,-4.697579383850098,-1.8717080354690552,-0.3549656271934509,0.9335001111030579,-0.8871016502380371
-0.4593150019645691,0.39272749423980713,0.0772726833820343,-0.488684743642807,-0.43338802456855774,0.7303822636604309,0.19975939393043518,-4.571743011474609,-10.728023529052734,-4.740972995758057,-1.5953861474990845,-0.39619559049606323,-1.7724539041519165,-1.7724539041519165
-0.37752318382263184,0.38276806473731995,0.11681967228651047,0.7181230783462524,-0.014044619165360928,-0.6816064119338989,0.13969509303569794,-3.829669952392578,-4.907894134521484,-5.3522629737854,-0.8250904679298401,-1.7724539041519165,-1.7724539041519165,-1.7724539041519165
-0.4510849714279175,0.46898889541625977,0.10892955213785172,0.9160543084144592,0.10671783238649368,-0.3236476480960846,0.21144258975982666,-3.64831280708313,-3.7302870750427246,-4.562307834625244,0.285094678401947,-1.6777206659317017,-1.1304898262023926,-1.7715086936950684
-0.46313607692718506,0.4559732675552368,0.1423310935497284,0.8309212923049927,-0.4057075083255768,-0.3805062770843506,0.01364543940871954,-3.9583914279937744,-4.582274436950684,-5.200970649719238,-0.19082681834697723,-1.4297206401824951,-0.5615100860595703,-1.6912720203399658
-0.45269083976745605,0.526842474937439,0.12298602610826492,0.5072410702705383,-0.6895992159843445,-0.5005344152450562,-0.12893693149089813,-3.5096771717071533,-4.599175930023193,-4.812276840209961,-1.595051646232605,0.6355652809143066,1.4307148456573486,1.5923148393630981
-0.4774731993675232,0.5138393640518188,0.1665254682302475,0.8182148933410645,-0.30670300126075745,-0.3267228305339813,-0.36015257239341736,-3.680713415145874,-4.3433637619018555,-5.305627346038818,0.00762789836153388,-1.0293647050857544,0.14215588569641113,-0.8541055917739868
-0.42709651589393616,0.5098129510879517,0.14243149757385254,0.872667670249939,0.10548387467861176,-0.35967573523521423,-0.31298181414604187,-3.494288206100464,-4.105432510375977,-4.373349666595459,-0.2485756278038025,-1.7523428201675415,-1.637545108795166,-1.7723946571350098
-0.4552878737449646,0.5705554485321045,0.0983324721455574,0.904448926448822,-0.25498586893081665,-0.12870566546916962,-0.31684261560440063,-2.7179954051971436,-3.204723358154297,-3.3582496643066406,-0.5477265119552612,-1.5058850049972534,-1.1530990600585938,-1.684159755706787
-0.44406425952911377,0.5361426472663879,0.1348467469215393,0.4671742916107178,0.4419449269771576,0.7653980255126953,-0.024469034746289253,-3.7628469467163086,-3.9788501262664795,-4.7173261642456055,-0.4852496087551117,-1.4762821197509766,-0.5273962020874023,-1.6908020973205566
-0.49570393562316895,0.5416560769081116,0.11226335912942886,0.6265125274658203,-0.3698166310787201,-0.5542874336242676,-0.40433043241500854,-3.835114002227783,-4.4288177490234375,-5.61677360534668,-0.831943929195404,0.2673315703868866,1.5180317163467407,1.1933716535568237
-0.4767165184020996,0.5552144050598145,0.12723253667354584,0.4041287302970886,0.7319967150688171,0.5354098677635193,-0.11915142089128494,-3.272805690765381,-4.0927863121032715,-4.878737449645996,-1.8723657131195068,-0.15721428394317627,0.8324951529502869,0.36546698212623596
-0.4789562225341797,0.5657920837402344,0.13118544220924377,0.6215197443962097,0.4603317975997925,0.2296486347913742,0.5908209681510925,-3.792494535446167,-3.998772144317627,-5.359739303588867,-3.4865739345550537,0.9738865494728088,1.5757591724395752,0.040098369121551514
-0.4412137269973755,0.5718051791191101,0.11167394369840622,0.5155499577522278,0.7857998013496399,0.18743731081485748,-0.28564703464508057,-3.4123644828796387,-5.061467170715332,-5.98922061920166,-1.668922781944275,0.7195889353752136,1.7106767892837524,1.3254154920578003
-0.4313957393169403,0.6018581390380859,0.09122413396835327,0.42955946922302246,0.8808556199073792,0.15989035367965698,-0.11835181713104248,-4.041653156280518,-4.5495285987854,-5.000481128692627,-0.900330662727356,-0.2546144127845764,0.5013342499732971,-0.3575840890407562
-0.42972564697265625,0.6017898321151733,0.10608219355344772,0.7258657813072205,-0.4837436378002167,-0.19854861497879028,-0.4468662142753601,-3.812669515609741,-4.21006965637207,-5.171499729156494,-1.2258949279785156,0.4802398383617401,1.4190218448638916,1.2305948734283447
-0.44475969672203064,0.529233455657959,0.15759526193141937,0.6323046088218689,0.7456839680671692,0.15732720494270325,-0.13926391303539276,-4.1113104820251465,-4.545197010040283,-5.517498970031738,-0.4829064905643463,-0.2657415568828583,0.49314984679222107,0.18264329433441162
-0.5903680324554443,0.31301674246788025,0.22804394364356995,0.8139473795890808,-0.16770097613334656,-0.4773521423339844,-0.285483717918396,-4.0693678855896,-4.641240119934082,-5.350055694580078,1.3125667572021484,-1.7724539041519165,-0.9350711107254028,-1.7724539041519165
-0.5531113147735596,0.35363781452178955,0.22397594153881073,0.5669596195220947,0.7971482276916504,-0.1274218112230301,0.163936585187912,-3.670261859893799,-4.471065521240234,-5.959847927093506,-0.7232197523117065,-0.743863046169281,0.19482512772083282,-0.5700714588165283
-0.5699341893196106,0.31567639112472534,0.23854534327983856,-0.08424296975135803,0.4475700557231903,0.6508710980415344,0.6074133515357971,-3.628586769104004,-4.317887306213379,-4.428140640258789,-0.9174689054489136,-1.0870896577835083,0.1915290653705597,-1.3527591228485107
-0.5894364714622498,0.2996102571487427,0.2316623479127884,0.43614327907562256,0.35375624895095825,0.5919010639190674,0.5781770348548889,-5.261285305023193,-5.365365505218506,-5.872796535491943,0.5002233982086182,0.5410819053649902,0.046259984374046326,-1.7724539041519165
-0.5740513205528259,0.3544689416885376,0.21661685407161713,0.5124876499176025,0.792956531047821,-0.2194831222295761,0.24577124416828156,-4.5208821296691895,-4.966623783111572,-6.062731742858887,16.11809539794922,-0.2804349958896637,0.6366239190101624,0.11196240782737732
-0.5682274699211121,0.3529582619667053,0.2232239991426468,0.5327169299125671,0.8290039300918579,-0.08070579916238785,0.14983904361724854,-4.28432559967041,-5.274345874786377,-6.206117153167725,-0.3097403943538666,0.8127453327178955,1.3093866109848022,1.371528148651123
-0.5892565846443176,0.34752732515335083,0.22007031738758087,-0.3924877941608429,0.736283004283905,0.11855995655059814,0.538316011428833,-5.1173415184021,-6.1946120262146,-6.553313255310059,-2.0266878604888916,1.670175313949585,1.6896568536758423,0.7615068554878235
-0.5656933784484863,0.33830150961875916,0.255618691444397,0.5199571847915649,0.8335968852043152,0.17179587483406067,0.07243528217077255,-3.944458484649658,-4.3372015953063965,-5.374021530151367,-1.251588225364685,0.7570454478263855,1.4551610946655273,1.3868886232376099
-0.5722646713256836,0.33407607674598694,0.2588770091533661,0.14356562495231628,0.8694410920143127,0.4117579162120819,-0.23219937086105347,-4.277669906616211,-5.280736446380615,-5.393176078796387,0.43500491976737976,-0.30427393317222595,0.4185088872909546,0.2168271541595459
-0.5392000079154968,0.35837966203689575,0.20185759663581848,0.5889769792556763,-0.3528001308441162,-0.4651264250278473,-0.5588341355323792,-4.764542102813721,-5.2302165031433105,-6.312745094299316,16.11809539794922,-0.43116748332977295,0.28083422780036926,0.05053481459617615
-0.528420090675354,0.3343944251537323,0.249076247215271,0.7165822982788086,0.370562344789505,-0.5880354046821594,-0.058375705033540726,-3.3542511463165283,-4.589874267578125,-4.995339870452881,-1.637734293937683,0.4458656907081604,1.353767991065979,1.1032652854919434
-0.38856664299964905,0.29789772629737854,0.18133331835269928,0.5807953476905823,0.7855729460716248,0.21282470226287842,-0.016048777848482132,-4.801194667816162,-5.4024810791015625,-6.196691989898682,2.038494825363159,-0.2750491499900818,0.40080735087394714,-0.02041216939687729
-0.5514764785766602,0.34577327966690063,0.2318783700466156,0.45319637656211853,0.4043806195259094,0.5168482661247253,0.6032886505126953,-4.351301670074463,-5.520003795623779,-5.791144371032715,-1.7461800575256348,0.6430018544197083,1.3724114894866943,-0.42305007576942444
-0.5336252450942993,0.3478841483592987,0.25574514269828796,0.5868269801139832,-0.4780372679233551,-0.35293686389923096,-0.5500454902648926,-3.7409508228302,-4.949502468109131,-6.116127967834473,0.10685733705759048,0.1082131564617157,0.793621838092804,0.5451428294181824
-0.5220360159873962,0.3360728919506073,0.26096177101135254,0.45583653450012207,0.3364546597003937,0.587364912033081,0.5779392719268799,-4.302437782287598,-4.574795246124268,-5.169347286224365,-1.132089614868164,-0.6557291746139526,0.8092150688171387,0.17346715927124023
-0.4703007936477661,0.3484499156475067,0.2736324667930603,0.7934651970863342,0.5844826102256775,0.006454912479966879,0.1695624440908432,-3.5193562507629395,-4.983381748199463,-5.316035747528076,-0.7827152609825134,-1.5315701961517334,-0.9999718070030212,-1.509090781211853
-0.49712231755256653,0.3204183876514435,0.25749385356903076,0.5224035978317261,0.6528812646865845,0.4830397963523865,0.25983282923698425,-4.436769485473633,-5.340333461761475,-6.009461879730225,-1.9254895448684692,-1.6739245653152466,-1.7063539028167725,-1.7724539041519165
-0.42882218956947327,0.3577922582626343,0.24363699555397034,0.8901368379592896,0.29604777693748474,0.1092047318816185,-0.32876500487327576,-4.271243095397949,-5.110274314880371,-5.701010227203369,1.1129035949707031,-1.6091820001602173,-1.1238703727722168,-1.6222631931304932
-0.4138863682746887,0.36978790163993835,0.25595054030418396,0.8698465824127197,0.33591482043266296,-0.14142608642578125,0.33245575428009033,-3.8278257846832275,-4.538265705108643,-5.190637588500977,-0.6334661841392517,-1.2186411619186401,-0.12804487347602844,-0.981822669506073
-0.40074872970581055,0.3680991232395172,0.27675822377204895,0.48580610752105713,0.8563169240951538,-0.13403767347335815,0.11290545761585236,-3.6008167266845703,-4.433602333068848,-4.80552339553833,-1.562654733657837,0.531984269618988,1.5168488025665283,0.8922123908996582
-0.43343880772590637,0.37574508786201477,0.2621220052242279,0.708232045173645,0.6553003787994385,-0.15780581533908844,-0.20996686816215515,-4.623967170715332,-5.157259941101074,-6.1868977546691895,0.19209258258342743,-0.3262672424316406,0.2654292583465576,-0.04185071215033531
-0.386809378862381,0.36833617091178894,0.27786171436309814,0.6396538615226746,0.35943272709846497,-0.6760696768760681,0.06768204271793365,-3.8238131999969482,-4.486611843109131,-5.11501407623291,-1.1187033653259277,-0.09850534051656723,0.6775088906288147,0.34690022468566895
-0.4229304790496826,0.3745315968990326,0.290071964263916,-0.45231735706329346,0.0764889046549797,0.7338157296180725,0.5010717511177063,-4.075275421142578,-4.491704940795898,-5.319124221801758,-0.3592654764652252,-0.9372227191925049,-0.2678307294845581,-0.6979622840881348
-0.47526758909225464,0.5179476737976074,0.16463838517665863,0.7415494322776794,-0.3354528844356537,-0.20436102151870728,-0.5438863635063171,-3.9869329929351807,-4.857222080230713,-5.351716041564941,-0.5868188738822937,0.7355638742446899,1.212123155593872,1.3250339031219482
-0.4831584692001343,0.4878978729248047,0.189632847905159,0.592004656791687,0.6627305150032043,0.1578529328107834,0.4305824339389801,-4.914445400238037,-6.729157447814941,-7.301668167114258,-1.8200193643569946,1.4534603357315063,1.7619329690933228,1.1457452774047852
-0.4873359203338623,0.5054712295532227,0.17371608316898346,-0.6725463271141052,0.7263468503952026,0.12096156924962997,0.0739593580365181,-5.354643821716309,-10.438576698303223,-4.799920558929443,-1.0520923137664795,-1.4944219589233398,-0.24327801167964935,-1.4805203676223755
-0.47021207213401794,0.4939996898174286,0.18103636801242828,0.6976518630981445,0.196783185005188,0.3857012689113617,0.5707826018333435,-4.175553321838379,-5.133556365966797,-5.661982536315918,-1.7949976921081543,0.5459719300270081,-0.16291548311710358,-0.605419397354126
-0.41744276881217957,0.5094091892242432,0.16919384896755219,0.23308949172496796,0.6132904887199402,0.5347649455070496,0.5325133800506592,-4.4247894287109375,-4.721953392028809,-4.8207106590271,-0.6768643260002136,-0.675265371799469,0.5137506127357483,-0.4303252696990967
-0.43774887919425964,0.5246785283088684,0.1660580188035965,0.5540340542793274,-0.4345565736293793,-0.3078128397464752,-0.639889121055603,-4.067922592163086,-4.405119895935059,-5.448077201843262,-0.6385906338691711,0.42962756752967834,1.2655130624771118,1.0050179958343506
-0.3927317261695862,0.5154649019241333,0.1647547483444214,0.8776445388793945,0.38966354727745056,0.03164895251393318,-0.277309775352478,-3.6961894035339355,-4.216903209686279,-4.507388591766357,-0.8525505661964417,-1.6637847423553467,-1.476580262184143,-1.7134730815887451
-0.43409451842308044,0.5071389675140381,0.1807953119277954,0.6227070093154907,0.7668193578720093,0.1500956267118454,-0.04117546230554581,-3.9634695053100586,-4.632765769958496,-5.032626152038574,-1.026657223701477,-1.472690463066101,-1.0728480815887451,-1.542787790298462
-0.4140777587890625,0.5198105573654175,0.18080368638038635,0.596675455570221,-0.6125009655952454,-0.13831622898578644,-0.4996894896030426,-4.9245924949646,-6.29060697555542,-6.583713531494141,-0.07883520424365997,1.157840609550476,1.7724539041519165,1.4637870788574219
-0.40276509523391724,0.5437874794006348,0.15138958394527435,0.9667380452156067,0.0318080298602581,0.14251239597797394,-0.2099904716014862,-4.406713962554932,-5.3221964836120605,-6.238705635070801,-1.9659096002578735,-1.026816725730896,-0.3510645925998688,-0.8932269811630249
-0.16006805002689362,0.4014333188533783,0.024585852399468422,0.9478235244750977,-0.24745851755142212,-0.19245798885822296,0.05791996419429779,-2.8278446197509766,-4.343452453613281,-4.871058464050293,0.6758272051811218,-1.7720509767532349,-1.66295325756073,-1.7724539041519165
-0.22155161201953888,0.4308139681816101,0.12998373806476593,0.765854001045227,0.058187685906887054,-0.5346919894218445,-0.3524007201194763,-3.348276138305664,-3.929780960083008,-4.1273040771484375,0.19608156383037567,-1.7476454973220825,-1.2865228652954102,-1.7604511976242065
-0.25179439783096313,0.3816359043121338,0.15607410669326782,0.4343738257884979,0.6702995896339417,0.36640897393226624,0.47724449634552,-3.7848806381225586,-3.989319324493408,-4.452092170715332,0.3226010799407959,-1.728529691696167,-1.5766892433166504,-1.7370282411575317
-0.03337499126791954,0.36336278915405273,0.024283548817038536,0.7626389861106873,0.6465627551078796,-0.017938582226634026,0.004073447547852993,-2.976752758026123,-3.8847756385803223,-4.65350866317749,2.078646421432495,-1.7724539041519165,-1.4634060859680176,-1.7724539041519165
-0.015933381393551826,0.3705408275127411,0.05197538062930107,0.7315753698348999,0.6079697012901306,0.3082727789878845,0.011756897903978825,-3.424435615539551,-3.6541502475738525,-3.8241634368896484,16.11809539794922,-1.6618818044662476,-0.6384767293930054,-1.5805213451385498
-0.04849971458315849,0.3788664638996124,0.06449297070503235,0.5624980330467224,0.775469958782196,0.2856442332267761,0.025489484891295433,-3.340024471282959,-3.979933738708496,-4.306357383728027,1.7823859453201294,-1.7724539041519165,-1.7610470056533813,-1.7724539041519165
-0.04272869974374771,0.3557707369327545,0.06372500956058502,0.05264022946357727,0.730100154876709,0.626356303691864,-0.2680681347846985,-2.7058913707733154,-3.812119722366333,-4.455648422241211,2.317676305770874,-1.5326417684555054,-1.5482337474822998,-1.7724539041519165
-0.01512134913355112,0.3728746771812439,0.059195902198553085,0.9249091744422913,0.18562819063663483,0.22620166838169098,0.24273020029067993,-4.52338171005249,-5.77283239364624,-6.20197868347168,0.38042324781417847,-0.31834876537323,0.6915659308433533,-1.7724539041519165
-0.0948132649064064,0.45381954312324524,0.04527577757835388,0.9185601472854614,-0.16543322801589966,-0.2336224913597107,0.27257952094078064,-3.9430603981018066,-4.380372047424316,-5.7279767990112305,16.11809539794922,-1.7724539041519165,-1.4488147497177124,-1.7724539041519165
-0.17930874228477478,0.49504438042640686,0.05025041103363037,0.9737715125083923,0.028333131223917007,-0.1706097275018692,-0.1478465050458908,-2.983638286590576,-3.4313738346099854,-4.584989547729492,-0.9618356823921204,-1.7614763975143433,-1.3973578214645386,-1.7724539041519165
-0.04318908601999283,0.38893502950668335,0.048981159925460815,-0.4605846405029297,-0.17540645599365234,0.8509837985038757,0.1814413070678711,-3.974830389022827,-4.583304405212402,-4.801553726196289,-0.4969348907470703,-1.2333869934082031,0.7613791823387146,0.8158608675003052
0.011087680235505104,0.4101727306842804,0.03131968155503273,0.11615529656410217,0.3687876760959625,0.9158341884613037,-0.10840363800525665,-3.999817132949829,-4.224375247955322,-4.898337364196777,-1.2154549360275269,-0.8969516754150391,-0.05799562856554985,0.028805295005440712
-0.04753356799483299,0.4458339512348175,0.044465258717536926,0.9356309771537781,-0.23605753481388092,-0.2624109387397766,-0.003459133207798004,-3.9166274070739746,-4.1768622398376465,-5.7378435134887695,0.07711713016033173,-1.7717128992080688,-1.7346174716949463,-1.7724539041519165
0.010395627468824387,0.3857067823410034,0.060406170785427094,0.5191466808319092,-0.22399693727493286,-0.3977389931678772,-0.7225757837295532,-3.6592137813568115,-4.269859313964844,-4.552497863769531,-1.1041390895843506,-0.3598598539829254,0.8867867588996887,0.603407621383667
-0.022494416683912277,0.41172119975090027,0.06638611853122711,0.9590249061584473,-0.002266999101266265,-0.15428365767002106,-0.2376185953617096,-4.121793270111084,-4.731882095336914,-5.118571758270264,-0.4915822744369507,-0.3751267194747925,0.6244207620620728,0.326456218957901
-0.0807512104511261,0.45889610052108765,0.0635923519730568,0.5926433801651001,0.6106091141700745,0.5085294842720032,0.13163608312606812,-3.6767311096191406,-4.0601806640625,-4.849503993988037,1.4489846229553223,-1.7724539041519165,-1.5212092399597168,-1.7724539041519165
-0.09337033331394196,0.4597245752811432,0.06574774533510208,-0.41996756196022034,0.2092341184616089,0.8687377572059631,-0.15856540203094482,-3.977330446243286,-4.760698318481445,-5.302478790283203,-1.1287561655044556,-0.9365337491035461,0.06697766482830048,-0.46498093008995056
-0.06751272827386856,0.416817843914032,0.09712576121091843,0.7978401780128479,0.41651949286460876,0.4357117712497711,-0.010853591375052929,-3.6893277168273926,-3.9536263942718506,-4.783930778503418,1.4471473693847656,-1.7724539041519165,-1.7301846742630005,-1.7724539041519165
-0.014223785139620304,0.4229239225387573,0.0772126093506813,0.1174253597855568,0.6143255233764648,0.7000038623809814,0.3446882963180542,-3.9749226570129395,-4.15165901184082,-4.9100422859191895,16.11809539794922,-1.7061853408813477,-1.2932915687561035,-1.7724539041519165
-0.03878585249185562,0.4669327139854431,0.09129125624895096,0.5002948045730591,0.2272946834564209,-0.8035140633583069,0.22892670333385468,-3.700883150100708,-4.492949962615967,-5.174654483795166,-1.8711386919021606,0.2673085331916809,0.8846632242202759,1.2886711359024048
-0.10167799144983292,0.3504008948802948,0.10915548354387283,0.2734088599681854,0.734449028968811,0.46976903080940247,0.4063856601715088,-3.6686642169952393,-4.336816787719727,-5.617875099182129,-0.5646616220474243,-1.7724539041519165,-0.9830837249755859,-1.7724539041519165
-0.12865912914276123,0.3532774746417999,0.1447494626045227,0.4577200412750244,0.8209587931632996,-0.25796374678611755,0.22354795038700104,-3.821106195449829,-4.608154296875,-5.711241722106934,-1.8747437000274658,-0.31794172525405884,0.2243349850177765,-0.6934979557991028
-0.13003726303577423,0.3751482665538788,0.15353430807590485,-0.19017012417316437,0.37530311942100525,0.8814560770988464,0.2145182192325592,-3.1747334003448486,-3.954176187515259,-4.440288543701172,-1.9652191400527954,-1.0991096496582031,-0.1805533915758133,-1.385050654411316
-0.0035786207299679518,0.35028913617134094,0.10480283200740814,0.7867621183395386,0.18442752957344055,0.3605614900588989,0.4658189117908478,-3.211106061935425,-4.126893043518066,-4.509335994720459,0.7252486944198608,-1.7717701196670532,-1.7372325658798218,-1.7724539041519165
-0.05971789360046387,0.36675310134887695,0.06946172565221786,-0.6545748710632324,0.7088741660118103,-0.261968195438385,0.02004506066441536,-4.454095363616943,-12.047144889831543,-3.1745402812957764,0.7827593684196472,-1.7724539041519165,-1.6621134281158447,-1.491150975227356
-0.09715425223112106,0.36785393953323364,0.14834316074848175,0.3760059177875519,0.39691677689552307,0.24825704097747803,0.7996531128883362,-3.721184015274048,-4.046104431152344,-4.482946872711182,-0.73198002576828,-1.563875436782837,-1.3828139305114746,-1.6464608907699585
-0.01707695610821247,0.33746281266212463,0.1290425956249237,0.20587141811847687,0.8561921715736389,0.4108037054538727,-0.23620378971099854,-3.932868719100952,-4.945197582244873,-5.344845771789551,-0.2733873724937439,-1.5463107824325562,-0.4997945725917816,-1.7724539041519165
-0.14727850258350372,0.408532977104187,0.1774139404296875,0.5937317609786987,0.07849616557359695,-0.7622874975204468,0.24543575942516327,-3.7358622550964355,-3.8973262310028076,-4.691270351409912,-2.188715934753418,-0.16636601090431213,0.6423838138580322,0.35778751969337463
-0.13832876086235046,0.4574676752090454,0.1288096010684967,0.6758901476860046,-0.2189369648694992,-0.7031793594360352,0.027890125289559364,-3.904107093811035,-4.072973728179932,-4.3821940422058105,0.15443994104862213,-1.7182989120483398,-1.1703784465789795,-1.7629601955413818
-0.10059541463851929,0.47366005182266235,0.11380820721387863,0.33196383714675903,0.4627188444137573,0.7976593971252441,0.1985718309879303,-3.42233943939209,-3.95371675491333,-4.559514999389648,-0.48120826482772827,-1.72910737991333,-1.3603187799453735,-1.722971796989441
-0.045461684465408325,0.4351465702056885,0.09531377255916595,0.8269698619842529,0.35691994428634644,-0.06232299283146858,-0.4299357831478119,-3.987483501434326,-4.153578758239746,-4.712810039520264,0.406587153673172,-1.7677797079086304,-1.3460845947265625,-1.7579174041748047
-0.07444962114095688,0.4650934338569641,0.06762233376502991,-0.4723893404006958,-0.0608443059027195,0.7914930582046509,-0.38299477100372314,-4.220698833465576,-4.657731533050537,-5.093008995056152,0.04796985536813736,-1.5829941034317017,-0.8395311236381531,-1.614232063293457
-0.025031158700585365,0.4429479241371155,0.12401219457387924,0.45179077982902527,0.80568528175354,-0.37757670879364014,0.06474693864583969,-3.9583306312561035,-4.43325138092041,-5.260262966156006,-1.2718569040298462,-0.22124366462230682,0.6611334681510925,0.33820006251335144
-0.06300726532936096,0.3888639211654663,0.14598491787910461,0.9056051969528198,-0.1001070886850357,-0.3592105209827423,-0.20205354690551758,-3.6733808517456055,-4.067079067230225,-5.290497303009033,-1.5380045175552368,-1.7724539041519165,-1.6303696632385254,-1.7724539041519165
-0.06462141126394272,0.43084201216697693,0.14158616960048676,-0.16715095937252045,0.8935762643814087,0.3665926158428192,-0.19796933233737946,-3.798452138900757,-4.138375759124756,-4.387426376342773,-0.4923688471317291,-1.6442667245864868,-1.01279616355896,-1.459855079650879
-0.20086148381233215,0.5295284986495972,0.09017603099346161,-0.35932546854019165,0.5516860485076904,0.5377547740936279,0.5266379714012146,-3.1604905128479004,-3.9484987258911133,-4.297531604766846,-1.9633500576019287,-1.2011384963989258,-0.24216870963573456,-1.476853609085083
-0.2040959894657135,0.5346142053604126,0.04559795930981636,0.5544627904891968,-0.34061554074287415,-0.5158119201660156,-0.5572164058685303,-4.478570461273193,-4.724677085876465,-4.843027114868164,-0.7868486046791077,0.021714910864830017,0.9671335220336914,-0.0022058652248233557
-0.31145530939102173,0.6743009090423584,0.05406181886792183,-0.08921439945697784,0.8823477029800415,0.43036171793937683,-0.16820254921913147,-3.0758793354034424,-3.1039741039276123,-3.9938509464263916,-3.715071201324463,0.47575366497039795,1.308097243309021,0.5820084810256958
-0.1843368262052536,0.6431841850280762,0.04372972622513771,0.6350169777870178,-0.40840908885002136,-0.6521701812744141,-0.06804035604000092,-3.439002513885498,-3.8762354850769043,-4.352191925048828,-1.514074683189392,-1.7409257888793945,-1.327746033668518,-1.7724539041519165
-0.3158743381500244,0.5037966370582581,0.13155025243759155,0.703903079032898,0.31705114245414734,0.5794849991798401,0.26114392280578613,-3.2987945079803467,-3.5385401248931885,-3.9447131156921387,-0.673805296421051,-1.7365809679031372,-1.299586296081543,-1.765019416809082
-0.3079492449760437,0.5184431076049805,0.13150663673877716,0.675767719745636,0.7272549867630005,0.1189061775803566,0.017303865402936935,-4.15083646774292,-4.632827281951904,-5.470054626464844,-1.6646536588668823,0.5466334819793701,1.5589625835418701,1.3556108474731445
-0.3254474997520447,0.538471519947052,0.1326097995042801,0.9012641906738281,0.14921127259731293,-0.3339172899723053,0.2322889268398285,-3.4561636447906494,-3.883993625640869,-4.331239223480225,-2.7688846588134766,-0.5011059045791626,0.425478994846344,-0.6207801699638367
-0.23155975341796875,0.520490825176239,0.1252400130033493,0.7265369296073914,0.6818163990974426,-0.07859145849943161,0.03307430073618889,-3.8082127571105957,-3.9951088428497314,-4.653056621551514,-1.8546348810195923,0.40242141485214233,1.4639394283294678,0.6948087215423584
-0.19002927839756012,0.51320880651474,0.111017145216465,0.6268367767333984,0.35773375630378723,0.6467339992523193,0.24665239453315735,-3.6238396167755127,-3.8022327423095703,-4.817207336425781,0.1824008822441101,-1.703611969947815,-1.2054179906845093,-1.7701529264450073
-0.2881768047809601,0.4950833022594452,0.15625563263893127,0.241359680891037,0.8114951848983765,0.465798020362854,-0.2573970556259155,-3.5764098167419434,-4.213515758514404,-5.054000377655029,-1.9261541366577148,-0.3316601514816284,0.6457703113555908,0.02987648919224739
-0.22683152556419373,0.5143152475357056,0.14539776742458344,-0.43542686104774475,0.456660658121109,0.5940017104148865,0.49902552366256714,-3.999114751815796,-4.87397575378418,-5.446935653686523,-1.7153958082199097,0.898671567440033,1.350656270980835,1.4026230573654175
-0.24152790009975433,0.49997422099113464,0.14592967927455902,0.7884971499443054,0.4387871026992798,0.3370237648487091,0.26861321926116943,-3.35788893699646,-4.410787582397461,-4.77052640914917,-0.22424393892288208,-1.6809712648391724,-1.110080361366272,-1.7449214458465576
-0.294797420501709,0.5872611999511719,0.12946823239326477,0.6355965733528137,-0.5045298337936401,-0.106098972260952,-0.5746387243270874,-3.007967948913574,-3.8968312740325928,-4.776705741882324,-2.0653395652770996,-1.3974344730377197,-0.7717931270599365,-1.5018165111541748
-0.08292313665151596,0.4695071876049042,0.04941527545452118,0.7164257168769836,-0.5479747653007507,-0.11620688438415527,-0.415877103805542,-4.668065547943115,-4.820129871368408,-5.346752643585205,-1.054174542427063,-0.2258158177137375,0.4729359447956085,0.8356435298919678
-0.0798305869102478,0.5146071910858154,0.04074956104159355,0.9196743369102478,-0.21855878829956055,0.30463701486587524,0.11673662066459656,-4.095562934875488,-4.173105716705322,-4.85820198059082,1.5108860731124878,-1.765053629875183,-1.496888518333435,-1.7598063945770264
-0.029525673016905785,0.4979459345340729,0.016342533752322197,0.9414541125297546,0.19522669911384583,-0.18803298473358154,-0.20048506557941437,-4.147073745727539,-4.405804634094238,-5.148454189300537,2.1507298946380615,-1.7724539041519165,-1.5496463775634766,-1.7724539041519165
-0.02685578539967537,0.49055561423301697,0.03161619231104851,0.864290714263916,0.43933629989624023,-0.24117031693458557,0.04268541932106018,-3.780069589614868,-4.000818729400635,-4.715798854827881,-1.3947879076004028,-1.630605697631836,-0.1580388993024826,-1.7724539041519165
-0.057740338146686554,0.5109724402427673,0.04126809537410736,-0.1784215271472931,0.4635472297668457,0.6990661025047302,0.5143892168998718,-4.002071857452393,-4.669756889343262,-5.752840042114258,0.6175948977470398,-1.7724539041519165,-1.374441146850586,-1.7724539041519165
-0.03887543827295303,0.48367947340011597,0.04855329543352127,0.1630912870168686,0.7590814232826233,0.5832910537719727,0.23868001997470856,-4.080639362335205,-4.41935396194458,-5.4237189292907715,-0.09982697665691376,-1.7724539041519165,-1.6959400177001953,-1.7724539041519165
-0.04293833300471306,0.5061699151992798,0.0727498009800911,0.9218542575836182,-0.33440473675727844,0.18614080548286438,0.060908086597919464,-3.610630512237549,-4.443498134613037,-5.684966564178467,-1.212786078453064,-1.739472508430481,-1.3663997650146484,-1.7565062046051025
-0.0002940028498414904,0.555016279220581,0.06466922909021378,-0.23895210027694702,0.7081900238990784,0.6637176871299744,0.029112890362739563,-3.7814042568206787,-4.233210563659668,-5.824541091918945,-0.6368008852005005,-1.7724539041519165,-1.594617247581482,-1.7724539041519165
-0.07587222009897232,0.5986347198486328,0.07534224539995193,0.8389967083930969,0.042318426072597504,-0.45204150676727295,-0.29992029070854187,-3.7669448852539062,-4.153674125671387,-4.695736885070801,-0.8689239025115967,-1.7724539041519165,-1.3547836542129517,-1.7685946226119995
-0.04608604311943054,0.5867182612419128,0.0726182609796524,0.7786056995391846,0.5988599061965942,0.15231017768383026,-0.10927761346101761,-3.1481423377990723,-3.66898250579834,-4.394993782043457,-2.3679702281951904,-0.5750837326049805,0.3995809555053711,0.03988470137119293
-0.004702746402472258,0.5758023858070374,0.06169331073760986,0.7251535654067993,0.645034909248352,0.1545933485031128,-0.18488691747188568,-3.650047540664673,-4.062166213989258,-4.4573655128479,0.09104549139738083,-1.7609188556671143,-1.339824914932251,-1.7724539041519165
-0.1463303565979004,0.44364309310913086,0.14732275903224945,-0.45983991026878357,0.4046516418457031,0.29401275515556335,0.7337307333946228,-3.593883991241455,-4.44832706451416,-5.912026405334473,-1.571747064590454,0.3934154808521271,1.14735746383667,1.0953999757766724
-0.12515713274478912,0.4674997925758362,0.10467080771923065,0.7514227032661438,-0.45436498522758484,-0.20742098987102509,-0.43115299940109253,-4.502806186676025,-5.298595905303955,-6.03028678894043,-1.285803198814392,1.1181457042694092,1.7724539041519165,0.5477913022041321
-0.06954781711101532,0.46036496758461,0.14927594363689423,0.5471058487892151,0.7463350296020508,-0.31046926975250244,0.217412069439888,-3.7074484825134277,-4.414193630218506,-5.234483242034912,-1.5844160318374634,-0.7831669449806213,0.13869236409664154,-1.3758233785629272
-0.15646332502365112,0.507494330406189,0.1508718580007553,0.5577315092086792,-0.4997144341468811,-0.05749829113483429,-0.6602386236190796,-4.200814723968506,-4.326569557189941,-4.623968601226807,-0.011019141413271427,-1.6363577842712402,-1.0890473127365112,-1.7724539041519165
-0.08734462410211563,0.5379661321640015,0.15022313594818115,0.9496285319328308,-0.19777755439281464,0.21522550284862518,0.11299408227205276,-3.3164777755737305,-3.981590747833252,-4.341479301452637,-1.3058514595031738,-1.6125035285949707,-1.1551674604415894,-1.6609910726547241
0.00016268434410449117,0.5133411884307861,0.10648505389690399,-0.15904055535793304,0.45432889461517334,0.8697789907455444,0.10851681977510452,-3.7625653743743896,-4.567437648773193,-5.394952297210693,-2.156493902206421,-0.13942064344882965,0.9908711314201355,0.4538467228412628
0.012916713953018188,0.5029099583625793,0.1102028340101242,-0.01410710159689188,0.4073491394519806,0.8824613690376282,-0.23479700088500977,-4.349047660827637,-4.967126846313477,-5.465075969696045,3.6600747108459473,-1.6577306985855103,-1.0165565013885498,-1.7724539041519165
-0.008719271048903465,0.5367111563682556,0.1337750256061554,-0.4465349316596985,0.4668988883495331,0.5692899227142334,0.5084495544433594,-3.9299123287200928,-4.4910888671875,-5.281324863433838,-0.9971601963043213,-1.7372835874557495,-1.469964623451233,-1.7511271238327026
-0.13827313482761383,0.64798504114151,0.10000979900360107,0.23989644646644592,0.3542179465293884,0.502362072467804,0.7514064908027649,-3.328860282897949,-3.6841864585876465,-4.225719928741455,-1.8633204698562622,-1.6893905401229858,-1.2438836097717285,-1.7724539041519165
-0.06401598453521729,0.6236518025398254,0.08205121755599976,0.5936267971992493,0.7131022810935974,0.3226146101951599,-0.18711534142494202,-3.2914395332336426,-3.960456609725952,-4.824220180511475,-1.8700218200683594,0.8789587616920471,1.4039969444274902,1.614678144454956
-0.0069070239551365376,0.5545398592948914,0.11490023136138916,0.9276881217956543,-0.290090411901474,0.1666700839996338,-0.16572080552577972,-4.3383307456970215,-4.697337627410889,-5.624790191650391,2.943159818649292,-1.7358169555664062,-1.3841958045959473,-1.7724539041519165
-0.07905644923448563,0.5517234206199646,0.14604926109313965,0.5196537375450134,0.851487934589386,0.00826398003846407,-0.06971348077058792,-3.317263603210449,-4.21729850769043,-5.196495532989502,-2.618227243423462,0.954561173915863,1.6912002563476562,1.5942010879516602
-0.03279329463839531,0.591596245765686,0.1271219104528427,0.4553983807563782,0.7273991107940674,0.3973808288574219,0.32494816184043884,-3.681403875350952,-4.464408874511719,-5.32490348815918,-1.4957937002182007,-1.227433681488037,-0.5961721539497375,-1.2840309143066406
0.002141486154869199,0.6014376282691956,0.14080440998077393,0.9114537239074707,0.0337873138487339,0.31354820728302,0.2641931176185608,-4.076484203338623,-4.497774124145508,-4.77786922454834,2.6128878593444824,-1.7078746557235718,-1.1263779401779175,-1.7097069025039673
-0.33901846408843994,0.3507138788700104,0.19387286901474,0.8943998217582703,0.21323661506175995,-0.23791080713272095,0.3130137026309967,-3.710632085800171,-5.441786289215088,-6.025540351867676,0.2006472647190094,-1.177559494972229,-0.8865401744842529,-1.3134676218032837
-0.2787151038646698,0.384260892868042,0.20415757596492767,0.8792847394943237,-0.25221437215805054,-0.3985444903373718,-0.06639654189348221,-3.8844730854034424,-4.461682319641113,-5.390770435333252,0.6942201852798462,-1.5418808460235596,-1.1675479412078857,-1.5982533693313599
-0.29554903507232666,0.3828446865081787,0.1971818506717682,0.19979307055473328,0.7005558609962463,0.6156123876571655,-0.3005422055721283,-4.5961198806762695,-4.816975116729736,-5.016910552978516,2.0978994369506836,-1.1343789100646973,-0.5703063011169434,-1.0466972589492798
-0.2966814339160919,0.41713467240333557,0.16331639885902405,0.7856691479682922,-0.3501225709915161,-0.5066022872924805,0.05909591540694237,-4.035950660705566,-5.411887168884277,-5.428349494934082,-1.3861382007598877,-1.0737216472625732,-0.4654324948787689,-0.7399415373802185
-0.2863038182258606,0.4063210189342499,0.18139266967773438,0.08305232226848602,0.4634183943271637,0.7739832997322083,-0.4234330654144287,-3.8398404121398926,-4.472937107086182,-5.21751594543457,-2.5921435356140137,0.6396104097366333,1.346756935119629,1.1658518314361572
-0.287003755569458,0.41925370693206787,0.17614926397800446,0.3492112159729004,0.8697875738143921,0.31731662154197693,-0.1443304419517517,-3.452850580215454,-4.2899298667907715,-5.35207462310791,-1.6446198225021362,-0.2332230508327484,0.6040154695510864,0.3489382863044739
-0.2950509190559387,0.4248860776424408,0.2115250676870346,0.6034854054450989,0.7518318295478821,-0.22611281275749207,0.13938170671463013,-3.651874542236328,-4.029456615447998,-4.291348457336426,-1.718071699142456,-1.7656766176223755,-1.7236363887786865,-1.7649511098861694
-0.2558920383453369,0.4011750817298889,0.19751006364822388,0.6185328960418701,-0.4073842465877533,-0.4565495550632477,-0.49296820163726807,-3.925197124481201,-5.067044258117676,-5.952187538146973,-2.254286289215088,-0.39103394746780396,0.3865242898464203,-0.21940651535987854
-0.21557925641536713,0.42697879672050476,0.18017902970314026,0.41421276330947876,0.85772305727005,-0.1737375259399414,0.2501083016395569,-4.351192951202393,-5.367979049682617,-5.584319114685059,-0.3039434254169464,-1.3194571733474731,-0.8784155249595642,-1.0773576498031616
-0.20886150002479553,0.4197086989879608,0.20938456058502197,0.6964997053146362,-0.6004421710968018,-0.2426590919494629,-0.3089885711669922,-3.4254555702209473,-4.274759769439697,-5.024603366851807,-1.9882755279541016,0.52495276927948,1.2538566589355469,1.3140339851379395
-0.20471873879432678,0.42895737290382385,0.15573017299175262,-0.13726699352264404,0.466352641582489,0.3861786723136902,0.7839254140853882,-3.656475067138672,-4.322041988372803,-5.7553253173828125,-2.451875686645508,-1.0371421575546265,-0.03138478100299835,-0.4880574345588684
-0.1539708971977234,0.43197500705718994,0.17014218866825104,0.6865088939666748,-0.5036385655403137,-0.2433750480413437,-0.46456682682037354,-3.634685516357422,-4.102329254150391,-5.660500526428223,-2.3444337844848633,1.049363613128662,1.7417439222335815,1.5735774040222168
-0.25660207867622375,0.3948885500431061,0.20922833681106567,-0.3212132453918457,0.24106915295124054,0.7883583307266235,0.46604597568511963,-3.8819618225097656,-4.820939064025879,-5.293806076049805,1.5560052394866943,-1.4462482929229736,-0.8214271664619446,-1.3724719285964966
-0.18930387496948242,0.3625168800354004,0.2199290692806244,0.37894052267074585,0.8386414647102356,0.3911312520503998,0.010043619200587273,-4.009216785430908,-4.285218238830566,-4.842496395111084,1.1399377584457397,-1.7724332809448242,-1.336740255355835,-1.7724332809448242
-0.19776630401611328,0.41578927636146545,0.19490574300289154,0.9517312049865723,-0.13108958303928375,0.2651640772819519,0.08192197233438492,-3.5605831146240234,-4.305573463439941,-4.349324703216553,-0.3917366564273834,-1.6224446296691895,-1.4406744241714478,-1.5865381956100464
-0.2039046734571457,0.4204044044017792,0.1924080103635788,0.21879050135612488,0.6406248807907104,0.731148898601532,-0.08456794917583466,-4.181909084320068,-4.9037322998046875,-5.308704853057861,-1.2497550249099731,-0.15216150879859924,0.5731161832809448,0.39198824763298035
-0.3192777633666992,0.35662344098091125,0.20989832282066345,0.9826098084449768,0.08687713742256165,-0.15061397850513458,-0.06515930593013763,-4.138345241546631,-4.628322601318359,-5.352015972137451,-2.355067729949951,-0.3268454074859619,0.2081422656774521,-0.6163532733917236
-0.30801519751548767,0.3672046363353729,0.26039403676986694,0.5571607351303101,-0.3984088897705078,-0.5389856696128845,-0.49024149775505066,-3.727457046508789,-4.31520414352417,-5.549046993255615,-2.9299728870391846,0.5097576379776001,1.4420039653778076,0.2176806777715683
-0.24023979902267456,0.3152984082698822,0.215611532330513,0.36786189675331116,0.8056192994117737,0.40508323907852173,0.2270742952823639,-2.778926134109497,-2.8289339542388916,-6.084277629852295,-0.7233638167381287,-1.5673727989196777,-1.5597864389419556,-1.6442782878875732
-0.27798348665237427,0.3659583330154419,0.2751066982746124,0.9933079481124878,0.10522207617759705,0.015547278337180614,0.04500988498330116,-3.3449158668518066,-3.791071891784668,-4.392848491668701,-0.8213797211647034,-1.667239785194397,-1.5743029117584229,-1.7545299530029297
-0.2841261029243469,0.38530972599983215,0.2876299023628235,0.8585099577903748,0.4179131090641022,0.29702621698379517,0.00920445192605257,-3.4588491916656494,-3.932465076446533,-4.384958267211914,-2.0509302616119385,-0.2501295804977417,0.48576033115386963,-0.13301968574523926
-0.2634143531322479,0.4388304650783539,0.24389605224132538,0.8924243450164795,0.3711671829223633,0.09327012300491333,-0.23898613452911377,-3.8296279907226562,-4.983958721160889,-5.918575763702393,-0.9197419881820679,-1.258679986000061,-0.7765823602676392,-1.215420126914978
-0.25660932064056396,0.3859424889087677,0.27023401856422424,-0.41965562105178833,0.38833653926849365,0.787662148475647,0.22950421273708344,-3.8777451515197754,-4.684098243713379,-4.726238250732422,-2.0519556999206543,-0.9243070483207703,0.2733006477355957,-1.192333459854126
-0.24945174157619476,0.40664783120155334,0.2830539345741272,0.9808868169784546,0.06383362412452698,0.17487533390522003,0.05661231651902199,-3.322986602783203,-4.267641067504883,-4.789909362792969,-1.0073390007019043,-1.5835617780685425,-0.8609721064567566,-1.695693016052246
-0.2457011342048645,0.45067334175109863,0.2877262830734253,0.9563783407211304,0.1030510887503624,-0.21195146441459656,0.17261971533298492,-3.576899766921997,-3.6935677528381348,-4.147322177886963,-2.09464430809021,0.1491296887397766,0.9231776595115662,1.0552594661712646
0.04295521229505539,0.3262183964252472,0.13513816893100739,0.9412974715232849,0.27040761709213257,0.19224144518375397,-0.062306176871061325,-3.469209671020508,-4.249090194702148,-4.6575775146484375,-0.9677133560180664,0.08469747751951218,1.0867046117782593,1.2117828130722046
0.011404251679778099,0.3258974254131317,0.19538116455078125,0.5231321454048157,-0.278103768825531,-0.5524479150772095,-0.5863380432128906,-3.7065963745117188,-4.217737197875977,-5.0290141105651855,-0.6853947043418884,-0.4091583490371704,0.20909342169761658,-0.1970132291316986
0.038505468517541885,0.31656184792518616,0.18233585357666016,-0.0237786415964365,0.43372491002082825,0.8836256861686707,-0.1747080385684967,-3.6681582927703857,-4.008495330810547,-4.906955718994141,-1.517064094543457,-0.8401350975036621,-0.44518551230430603,-1.2059329748153687
-0.03695465624332428,0.38849055767059326,0.17165742814540863,0.05678405240178108,0.6312711834907532,0.612006664276123,-0.47299060225486755,-4.218991756439209,-5.279991149902344,-6.141149044036865,16.11809539794922,-1.4171353578567505,-0.8830848932266235,-1.328190803527832
-0.10887172818183899,0.40336742997169495,0.16777591407299042,0.7537764310836792,0.5905787944793701,0.226121187210083,0.1786251813173294,-4.17240047454834,-5.135164737701416,-5.63261604309082,-1.43744957447052,-0.7982969880104065,-0.13983888924121857,-0.20819514989852905
-0.05824074149131775,0.3993673026561737,0.1597549170255661,0.9270240068435669,-0.30083194375038147,-0.18184079229831696,0.13061609864234924,-3.934980630874634,-4.179166793823242,-5.17634391784668,-2.086042642593384,0.29431241750717163,0.5927665829658508,0.7288578748703003
-0.11547614634037018,0.4121013283729553,0.17777574062347412,-0.3870745897293091,0.13492920994758606,0.6938096284866333,0.5921111106872559,-3.5833606719970703,-4.634528160095215,-4.7921271324157715,-0.3876144289970398,-1.683898687362671,-1.3794397115707397,-1.6396764516830444
-0.057251036167144775,0.4551054537296295,0.1765904724597931,0.7851338982582092,-0.39187347888946533,-0.4795622229576111,-0.0044769588857889175,-4.050509452819824,-4.585777759552002,-4.921727657318115,-0.3924122154712677,-1.7468277215957642,-1.479233980178833,-1.7724539041519165
-0.006259166169911623,0.4299007058143616,0.14987300336360931,0.7389787435531616,0.5553766489028931,-0.38129255175590515,-0.00912222359329462,-4.16785192489624,-5.030852317810059,-6.0009846687316895,16.11809539794922,-1.6288193464279175,-0.9900071620941162,-1.5653108358383179
-0.005074241664260626,0.42847687005996704,0.15705937147140503,0.7152135968208313,0.6289727687835693,-0.2291535586118698,-0.2008766382932663,-4.239233493804932,-5.0750813484191895,-6.125268459320068,-1.3738479614257812,-0.8511475920677185,-0.1299411505460739,-0.6744654178619385
0.002951672999188304,0.43919751048088074,0.16929715871810913,-0.12839379906654358,0.5090033411979675,0.5978975892066956,0.6057632565498352,-3.4972970485687256,-4.016566753387451,-4.496382713317871,-2.0196895599365234,-1.7252707481384277,-1.4207898378372192,-1.7636421918869019
0.009712438099086285,0.3621329069137573,0.15465441346168518,-0.3535582721233368,0.530377984046936,0.46560296416282654,0.6139296889305115,-2.841981887817383,-3.9912939071655273,-5.979979038238525,-2.112957000732422,-1.7718722820281982,-1.6390776634216309,-1.7724539041519165
-0.009609038941562176,0.4532761871814728,0.20862604677677155,0.5811213850975037,-0.06378711760044098,-0.7120176553726196,-0.3889216184616089,-4.874653339385986,-5.109213829040527,-5.3323259353637695,16.11809539794922,-1.6519241333007812,-0.896727442741394,-1.7724539041519165
-0.03374185413122177,0.335897833108902,0.24440622329711914,0.823129415512085,0.5339135527610779,-0.15690280497074127,-0.11303016543388367,-3.740098237991333,-4.090622901916504,-5.064720630645752,-0.34600383043289185,-1.1521596908569336,-0.5615888833999634,-1.053516149520874
-0.03882932290434837,0.3367231786251068,0.2430514246225357,0.6729269027709961,0.6265047192573547,-0.3631444573402405,0.15095464885234833,-3.978508710861206,-4.2787580490112305,-5.435122966766357,-0.6502617001533508,-0.5946895480155945,0.06759270280599594,-0.2630155086517334
0.025196624919772148,0.3094615042209625,0.22240248322486877,-0.4709259271621704,0.24464014172554016,0.44887351989746094,0.7189524173736572,-3.507584571838379,-4.334127902984619,-4.946197032928467,-0.21203356981277466,-1.7647311687469482,-1.5434386730194092,-1.7616267204284668
0.007355184759944677,0.3051363527774811,0.2424931526184082,0.7109659910202026,0.596819281578064,-0.1437441110610962,-0.3430331349372864,-3.4247965812683105,-4.015807151794434,-5.03203821182251,-1.667371392250061,0.40544334053993225,1.1331182718276978,0.6335062384605408
-0.03908134996891022,0.3399426341056824,0.26886996626853943,0.5889966487884521,0.788129448890686,0.03409283235669136,-0.1754211038351059,-3.5107619762420654,-4.113925457000732,-5.417479038238525,-1.2533035278320312,-1.6404963731765747,-1.3212978839874268,-1.721342921257019
-0.13454212248325348,0.4215947389602661,0.26645776629447937,0.8885478377342224,0.41562649607658386,-0.013838347978889942,0.1937675178050995,-3.771838665008545,-3.917210578918457,-4.123902797698975,-0.4466301202774048,-1.6420563459396362,-1.2648568153381348,-1.6776587963104248
-0.1419677436351776,0.3622138202190399,0.28519195318222046,0.8426236510276794,0.3350847363471985,0.39452114701271057,0.14851491153240204,-3.067100763320923,-4.217371463775635,-4.421773433685303,-1.4848947525024414,-1.6909706592559814,-1.5340157747268677,-1.7653758525848389
-0.022710714489221573,0.40494340658187866,0.26989370584487915,0.5155577063560486,-0.6090909838676453,-0.3639351725578308,-0.48037445545196533,-3.719228744506836,-4.079819679260254,-5.1985764503479,-1.6832740306854248,-0.4923150837421417,0.37972745299339294,0.017878029495477676
-0.028439238667488098,0.46585240960121155,0.2023574858903885,0.9173918962478638,-0.14523041248321533,-0.10176942497491837,-0.35629087686538696,-3.6050074100494385,-4.680713653564453,-4.7786688804626465,-1.2165549993515015,-1.2645277976989746,-0.297450989484787,-1.7494993209838867
-0.03744213655591011,0.41570261120796204,0.26492777466773987,0.8094239234924316,0.54524827003479,-0.18689970672130585,-0.11227522790431976,-3.5861563682556152,-4.896113872528076,-5.4706244468688965,-1.297805666923523,-1.7296640872955322,-1.4515888690948486,-1.7489290237426758
-0.010057306848466396,0.39323943853378296,0.28675374388694763,-0.241534024477005,0.7575116157531738,0.4821932017803192,0.36786845326423645,-4.288896560668945,-5.237659931182861,-5.565818786621094,0.4536154866218567,-1.6970170736312866,-1.2627599239349365,-1.70792555809021
-0.02557513304054737,0.41682034730911255,0.2846687138080597,0.6034145951271057,-0.5749175548553467,-0.4807366728782654,-0.27249380946159363,-4.154773712158203,-4.654787063598633,-5.808248519897461,-2.116370439529419,0.5519087910652161,1.0390918254852295,1.4764361381530762
-0.2993333637714386,0.48668578267097473,0.15581217408180237,0.6285903453826904,0.7760168313980103,-0.011333653703331947,0.05043402686715126,-3.8825221061706543,-5.355384826660156,-5.8778157234191895,-1.930295467376709,0.9736108779907227,1.5757193565368652,1.5869563817977905
-0.325090229511261,0.4834951162338257,0.16030818223953247,-0.23833562433719635,0.358700156211853,0.6076627969741821,0.667290210723877,-5.4781670570373535,-5.580725193023682,-5.740395545959473,1.6961928606033325,-0.097697414457798,0.364729106426239,0.46568238735198975
-0.28406408429145813,0.49535515904426575,0.16126468777656555,-0.2949281930923462,-0.3704182803630829,0.8535435199737549,-0.21741916239261627,-3.8031673431396484,-4.700384616851807,-5.337244510650635,-1.9154499769210815,0.5683894157409668,1.373954176902771,0.7325996160507202
-0.2184818536043167,0.4895378351211548,0.16190925240516663,-0.23881042003631592,0.5328981876373291,0.3000876307487488,0.7542787790298462,-4.093332767486572,-5.290796279907227,-5.846774101257324,-2.200920343399048,-0.5674808025360107,0.41696712374687195,-1.7724539041519165
-0.20318163931369781,0.4772908389568329,0.157610684633255,0.43767690658569336,0.8556939959526062,-0.10614968091249466,-0.2548705041408539,-3.7927117347717285,-5.0064191818237305,-5.258183002471924,-0.11914761364459991,-1.733492374420166,-1.2566945552825928,-1.7724539041519165
-0.21184413135051727,0.5112835168838501,0.1693188101053238,0.9885826110839844,-0.1268550604581833,0.020322659984230995,-0.07873471826314926,-4.00308084487915,-4.182907581329346,-5.287568092346191,-0.9023145437240601,-1.7609491348266602,-1.3678768873214722,-1.7724539041519165
-0.162154883146286,0.5004425644874573,0.17555202543735504,0.9603310823440552,-0.2669515013694763,-0.039082203060388565,-0.07052447646856308,-3.792384624481201,-4.660952091217041,-5.632700443267822,-1.7486732006072998,0.2218485325574875,0.9440324902534485,0.7682181000709534
-0.17787669599056244,0.5485826134681702,0.14783988893032074,0.5263571739196777,-0.5140329003334045,-0.6759224534034729,-0.04297899082303047,-5.014735221862793,-5.144245147705078,-5.515400409698486,16.11809539794922,-1.5289489030838013,-0.7820643782615662,-1.7724539041519165
-0.2436080276966095,0.4815658628940582,0.3043561279773712,0.5535776019096375,-0.3564857840538025,-0.3753869831562042,-0.6523452401161194,-3.6140122413635254,-4.030837059020996,-5.071949481964111,-1.3812001943588257,0.8903948068618774,1.553712248802185,1.6428673267364502
-0.14749379456043243,0.4984968900680542,0.15919345617294312,-0.35650211572647095,0.4429773986339569,0.2496132254600525,0.7838178873062134,-3.9585626125335693,-4.435400009155273,-5.199700832366943,-2.0549776554107666,1.1921839714050293,1.7390553951263428,1.642387866973877
-0.14893321692943573,0.49453115463256836,0.17404265701770782,0.41346535086631775,0.47490155696868896,0.7750939130783081,-0.05238617956638336,-4.0394978523254395,-4.856523036956787,-5.458097457885742,-0.9092375040054321,-0.3318803608417511,0.4416828751564026,-0.43042057752609253
-0.05531145632266998,0.45958244800567627,0.16677263379096985,0.5498116612434387,-0.6202833652496338,-0.21335195004940033,-0.5171427726745605,-4.948439598083496,-5.6783528327941895,-6.958058834075928,-1.597141146659851,0.810262143611908,1.5418682098388672,1.670695185661316
-0.034443199634552,0.5172989964485168,0.19250327348709106,0.5966547727584839,-0.3645458221435547,-0.38072121143341064,-0.6051121950149536,-3.37499737739563,-4.2271647453308105,-4.471288204193115,-2.1193783283233643,-0.47620880603790283,0.27025625109672546,-0.060077134519815445
-0.05839713290333748,0.4813319742679596,0.19783198833465576,0.7917277216911316,0.5313481092453003,0.29348209500312805,0.06859037280082703,-4.668253421783447,-5.079911231994629,-5.85804557800293,3.231961727142334,-1.691923975944519,-1.096824288368225,-1.7724539041519165
-0.02917376160621643,0.5535447597503662,0.23379315435886383,0.5994127988815308,-0.5565515756607056,-0.5424814820289612,-0.1914902627468109,-3.5330822467803955,-4.408748149871826,-5.6846795082092285,-0.020852623507380486,-1.2205172777175903,-0.5050680637359619,-1.0750312805175781
-0.030929362401366234,0.4933987855911255,0.21639032661914825,0.961098313331604,-0.14612121880054474,0.1399288922548294,0.18803875148296356,-3.756572961807251,-4.312777996063232,-4.7997283935546875,-1.2273939847946167,-1.6854568719863892,-1.2735408544540405,-1.6779290437698364
-0.1084330752491951,0.6204822063446045,0.18466506898403168,0.18715323507785797,0.6741326451301575,0.43806639313697815,0.5644614100456238,-3.537348508834839,-3.7545273303985596,-4.45538854598999,-2.2838327884674072,0.10551463812589645,0.9210163354873657,0.8868480920791626
-0.07696543633937836,0.6295635104179382,0.161695197224617,0.39616015553474426,0.5767262578010559,0.3729752004146576,0.6093713045120239,-4.117425918579102,-4.385900020599365,-4.714917182922363,-0.8605958223342896,-0.434556782245636,0.4652077853679657,-0.5932648181915283
-0.09170424193143845,0.6302551031112671,0.16371853649616241,0.5973299741744995,-0.34072989225387573,-0.2132977992296219,-0.6939769983291626,-3.676774024963379,-4.586723327636719,-4.769222259521484,-0.2543707489967346,-1.6180846691131592,-0.9127612113952637,-1.6205263137817383
0.010175923816859722,0.5322823524475098,0.14472852647304535,0.5339013934135437,0.8212471604347229,-0.0895112082362175,-0.1802501678466797,-4.506534576416016,-4.733747959136963,-5.63125467300415,-1.7326741218566895,0.7108803987503052,1.1601766347885132,1.3099886178970337
0.01399435568600893,0.5321155190467834,0.15398786962032318,0.8947551250457764,-0.3665871024131775,0.24347546696662903,0.07580778747797012,-3.9786319732666016,-4.548512935638428,-6.037786960601807,-1.2704129219055176,-1.3547749519348145,-0.5643197298049927,-1.0791839361190796
-0.09421078860759735,0.6289156675338745,0.17426693439483643,0.4340655505657196,0.835349440574646,-0.2885417342185974,-0.17470575869083405,-3.571017026901245,-4.06766414642334,-4.9250006675720215,-1.8239880800247192,-1.7615559101104736,-1.3962801694869995,-1.7724539041519165
-0.14140684902668,0.4654946029186249,0.2551177144050598,-0.4943268895149231,0.3434603214263916,0.5678451657295227,0.5614514946937561,-4.4486165046691895,-5.098825931549072,-6.245697975158691,-1.5677767992019653,-0.19464991986751556,0.4325215816497803,0.15833690762519836
-0.14178477227687836,0.4444389343261719,0.2845662832260132,0.7037986516952515,0.2118661105632782,-0.657906711101532,-0.16413109004497528,-3.5011699199676514,-4.9091691970825195,-6.0922112464904785,-0.9497776627540588,-1.280922293663025,-0.8641160130500793,-1.2614003419876099
-0.17082864046096802,0.4312986433506012,0.2964145541191101,0.32738107442855835,0.8453879356384277,0.40924206376075745,0.10325585305690765,-3.530829429626465,-3.8865718841552734,-4.177112102508545,-1.74721097946167,1.0007084608078003,1.507943868637085,1.3934576511383057
-0.14399291574954987,0.42765384912490845,0.2953492999076843,0.03558081388473511,0.5880481004714966,0.6646299958229065,-0.4595654308795929,-3.3109474182128906,-4.6193156242370605,-4.824110984802246,-1.514708399772644,0.24347934126853943,1.0276514291763306,1.2647852897644043
-0.034688711166381836,0.5477264523506165,0.22413885593414307,-0.49767011404037476,0.5581420063972473,0.6119858026504517,0.25743991136550903,-3.8798630237579346,-4.520222187042236,-5.625427722930908,0.03846227750182152,-1.6976981163024902,-1.1752687692642212,-1.7032482624053955
-0.05799533799290657,0.4918549060821533,0.2779589891433716,0.4331567883491516,0.630963921546936,0.5225863456726074,0.3757169842720032,-4.250660419464111,-4.685362815856934,-4.985152244567871,-0.6781905293464661,-1.686866283416748,-0.9691169261932373,-1.7287063598632812
-0.08957132697105408,0.4802584648132324,0.2785012423992157,0.9418855905532837,-0.1773846596479416,0.2558998763561249,-0.12610098719596863,-3.908658742904663,-4.410597324371338,-6.272877216339111,-1.6527998447418213,-1.7456597089767456,-1.255797028541565,-1.7724539041519165
-0.05785209685564041,0.49486616253852844,0.28142982721328735,0.36887142062187195,0.8041437864303589,0.2710586488246918,0.37922796607017517,-3.630779504776001,-4.188618183135986,-4.642171382904053,-1.5022659301757812,0.1324753314256668,0.6908027529716492,0.3143305480480194
0.0015506319468840957,0.5209360122680664,0.26402249932289124,0.8421816825866699,0.518212616443634,-0.07866743952035904,-0.12647971510887146,-4.346355438232422,-4.462031841278076,-5.309481620788574,-0.4147792458534241,-1.756416916847229,-1.5630465745925903,-1.7637336254119873
-0.015177400782704353,0.5682687759399414,0.2536203861236572,-0.30960655212402344,0.6121189594268799,0.5523877143859863,0.47362640500068665,-3.713350772857666,-4.4947309494018555,-5.354973793029785,-0.8049854636192322,-0.04720577970147133,0.5020716786384583,0.03044954687356949
-0.014292052946984768,0.586381196975708,0.2689608931541443,0.6988866329193115,-0.06296509504318237,-0.6061463952064514,-0.37440547347068787,-4.713085651397705,-5.323722839355469,-6.996871471405029,-1.8579097986221313,-1.7724539041519165,1.1183905601501465,-1.1685092449188232
0.004048196133226156,0.5854638814926147,0.276516318321228,0.715965747833252,-0.5649590492248535,-0.3304706811904907,-0.24290624260902405,-3.7904162406921387,-4.328507423400879,-5.558895587921143,-1.7921326160430908,-1.7724539041519165,-0.8249438405036926,-1.4579147100448608
-0.6794052720069885,0.031311966478824615,0.27785131335258484,0.9867666959762573,0.08848222345113754,-0.024957939982414246,0.13356469571590424,-2.94492244720459,-3.00722599029541,-4.255352973937988,0.6252779960632324,-1.730863332748413,-1.7297751903533936,-1.7718216180801392
-0.6649119853973389,0.009660368785262108,0.27642548084259033,0.9449701905250549,-0.32186242938041687,-0.02823881059885025,0.051365867257118225,-3.90413761138916,-6.087431907653809,-7.752060890197754,-2.8553524017333984,1.7724539041519165,1.7639497518539429,1.3081464767456055
-0.6089672446250916,-0.010240799747407436,0.276562362909317,0.9991709589958191,0.01378084160387516,0.012684518471360207,0.03614671155810356,-3.5684802532196045,-4.1907806396484375,-6.055595874786377,-2.4519155025482178,1.4473512172698975,1.456636667251587,0.48277655243873596
-0.7306213974952698,0.07988110184669495,0.28750795125961304,-0.026066098362207413,0.5575119853019714,0.8259997963905334,0.07890044152736664,-4.139875888824463,-4.483489513397217,-6.289602756500244,-1.6427651643753052,0.09976635128259659,0.3454100489616394,-0.5074728727340698
-0.6785756349563599,0.1021922305226326,0.28899186849594116,0.9965701103210449,-0.004369255620986223,0.029397767037153244,-0.07723121345043182,-3.3916358947753906,-4.3102545738220215,-6.308846950531006,-1.9231643676757812,0.9744923710823059,1.2279800176620483,0.31662341952323914
-0.7085274457931519,0.13214272260665894,0.2894091010093689,0.9786810874938965,0.07018044590950012,-0.005154549144208431,-0.1929546296596527,-4.152864933013916,-5.2111496925354,-6.348165512084961,0.07108615338802338,-1.7688345909118652,-1.7724539041519165,-1.7724539041519165
-0.682296097278595,0.12001447379589081,0.2826951742172241,0.18083567917346954,0.5742601752281189,0.6915038228034973,0.3991818130016327,-3.9000089168548584,-4.589915752410889,-5.1306586265563965,-2.867204189300537,0.6957439184188843,0.7176305651664734,-0.0016344065079465508
-0.6793400645256042,0.11815322190523148,0.2819809019565582,-0.040162280201911926,0.42187991738319397,0.4845520257949829,0.7652539610862732,-4.920617580413818,-5.626115798950195,-7.147383213043213,-2.3734092712402344,1.7724539041519165,1.7724539041519165,0.9943037033081055
-0.5827282071113586,0.14134763181209564,0.2851506173610687,0.9973137378692627,-0.055360544472932816,0.01213082391768694,-0.0464039146900177,-3.2793400287628174,-3.6558659076690674,-5.787376403808594,-2.7761213779449463,1.250154733657837,1.3054736852645874,0.18394652009010315
-0.6871114373207092,0.16155678033828735,0.28391706943511963,0.9672871828079224,-0.14789551496505737,0.06959372758865356,-0.19400820136070251,-4.236261367797852,-4.49091100692749,-5.679259777069092,-1.768288493156433,0.31180334091186523,0.38457754254341125,-0.21123622357845306
-0.7406160831451416,0.18012849986553192,0.30643314123153687,0.12925608456134796,0.8177931308746338,0.09746046364307404,-0.5522759556770325,-11.654745101928711,-3.175830841064453,-2.9820070266723633,-1.9414358139038086,-1.7585523128509521,-1.716847538948059,-1.7724539041519165
-0.45735275745391846,0.1813778281211853,0.2750479280948639,0.9240437150001526,-0.10127120465040207,0.23984810709953308,-0.27992895245552063,-4.212956428527832,-4.7333149909973145,-5.055137634277344,-1.9432339668273926,0.443066269159317,0.46397891640663147,0.20383016765117645
-0.35516467690467834,0.18692775070667267,0.27834343910217285,0.11241099238395691,0.6656070947647095,0.7310820817947388,-0.09924696385860443,-3.693274974822998,-4.446626663208008,-5.614001274108887,-2.2365610599517822,-0.16757598519325256,0.06697588413953781,-0.4231518805027008
-0.27815893292427063,0.014600596390664577,0.28037598729133606,-0.053489070385694504,0.784113883972168,0.618106484413147,0.01577152870595455,-3.425009250640869,-3.777857780456543,-5.491296768188477,-0.7680063843727112,-0.7261291742324829,-0.8419609069824219,-1.5783379077911377
-0.1912422478199005,0.12178586423397064,0.2835336923599243,-0.04551205784082413,0.4433027505874634,0.8946377635002136,0.03216437250375748,-2.907611131668091,-3.4047598838806152,-4.725520133972168,16.11809539794922,-1.7112547159194946,-1.7254488468170166,-1.7543565034866333
-0.2989175617694855,0.143842414021492,0.28764867782592773,-0.009696883149445057,0.5410135388374329,0.8404555916786194,-0.029063623398542404,-3.5302581787109375,-4.319742679595947,-5.971866130828857,-2.3138720989227295,0.8253677487373352,0.8876933455467224,-0.02361905574798584
-0.24638205766677856,0.17517153918743134,0.33567896485328674,0.1780608594417572,0.9001314043998718,0.3573940098285675,-0.17414748668670654,-4.5852227210998535,-4.7325897216796875,-5.487483501434326,0.9141544699668884,-1.7724539041519165,-1.365574836730957,-1.7724539041519165
-0.18762457370758057,0.16468609869480133,0.34480318427085876,0.8826009035110474,0.010055332444608212,-0.2796099781990051,0.377799928188324,-4.393662929534912,-4.768304824829102,-4.993911266326904,-2.3526339530944824,1.4931390285491943,1.5184974670410156,1.6158435344696045
-0.22635066509246826,0.1652631312608719,0.332585871219635,-0.12210225313901901,0.4005175828933716,0.9004395008087158,-0.11783640086650848,-4.462514877319336,-5.235507965087891,-5.615950584411621,0.8299605250358582,-1.0433354377746582,-0.9681084156036377,-1.7724539041519165
-0.21033327281475067,0.17679239809513092,0.33033719658851624,-0.22396238148212433,0.5283234119415283,0.6943943500518799,0.4342023730278015,-4.17146110534668,-4.926123142242432,-5.475434303283691,-1.2830291986465454,-0.3967440128326416,0.42421573400497437,-0.6917192339897156
-0.19229356944561005,0.1825171262025833,0.32788485288619995,0.6766988635063171,-0.20575936138629913,-0.6783375144004822,0.198997363448143,-4.119997501373291,-4.591217994689941,-4.814718723297119,-0.07242250442504883,-1.5522563457489014,-1.2255116701126099,-1.6239970922470093
-0.2147151231765747,0.2062637358903885,0.34967753291130066,0.44314315915107727,0.641607940196991,0.4956537187099457,0.38247978687286377,-3.9158451557159424,-4.670015335083008,-5.181930065155029,-0.5890828967094421,-1.7487566471099854,-1.4483964443206787,-1.7171459197998047
-0.193632110953331,0.21006962656974792,0.3288567066192627,0.9526767134666443,-0.10227794945240021,-0.1619863212108612,-0.23602281510829926,-4.212506294250488,-4.574610233306885,-4.969204902648926,-0.3807569742202759,-1.7693709135055542,-1.6111210584640503,-1.7724539041519165
-0.17023813724517822,0.2502861022949219,0.33060476183891296,-0.4992203116416931,0.3804149627685547,0.5073493719100952,0.590474545955658,-3.8408381938934326,-4.07076358795166,-5.140905857086182,-1.4516104459762573,0.43023020029067993,1.2138359546661377,0.9557318091392517
-0.1986950933933258,0.2530510723590851,0.2737347483634949,0.13722780346870422,0.646704912185669,0.739260196685791,0.12820148468017578,-2.8466076850891113,-3.105616331100464,-4.713339328765869,-0.15399445593357086,-1.6311007738113403,-1.5204126834869385,-1.6312506198883057
-0.23885713517665863,0.21298979222774506,0.3107689321041107,0.8200685381889343,0.1801154911518097,-0.5431810617446899,0.000560652173589915,-3.8092594146728516,-4.860965251922607,-6.4548420906066895,-1.9121700525283813,0.23367194831371307,0.7150623798370361,-0.03602875396609306
-0.19725462794303894,0.25421029329299927,0.3289932608604431,0.5910416841506958,-0.6424242258071899,-0.423311322927475,-0.242421954870224,-4.599918842315674,-5.0910820960998535,-5.323435306549072,16.11809539794922,-0.7721712589263916,-0.379745215177536,-0.5761790871620178
-0.28059351444244385,0.20122811198234558,0.391604483127594,0.5566003918647766,0.734396755695343,0.05568618327379227,0.38439103960990906,-4.084297180175781,-4.68550443649292,-5.824894905090332,-0.0798492580652237,-0.4304348826408386,0.2688899338245392,-0.18382225930690765
-0.26444879174232483,0.19899369776248932,0.38607311248779297,0.8661506175994873,0.448835164308548,0.21875645220279694,-0.02181082032620907,-3.8693366050720215,-4.431635856628418,-5.010079383850098,-0.4480738043785095,-1.388797640800476,-0.8778438568115234,-1.4139238595962524
-0.2522142827510834,0.16822713613510132,0.39087799191474915,0.9741337299346924,-0.175678089261055,0.12121458351612091,-0.0742136687040329,-3.790705919265747,-4.8113908767700195,-5.389711856842041,-0.09925467520952225,-1.6973414421081543,-1.420715093612671,-1.6856935024261475
-0.30256882309913635,0.2033754587173462,0.38860857486724854,0.9286730289459229,-0.3062777519226074,0.20702014863491058,-0.030049407854676247,-4.292050838470459,-4.6645612716674805,-5.480464935302734,-0.851031482219696,-1.2137690782546997,-0.6205887794494629,-1.1851061582565308
-0.24077598750591278,0.21909606456756592,0.3721805214881897,-0.40433469414711,-0.2078658491373062,0.8791972994804382,-0.1425388902425766,-3.7915470600128174,-4.329151630401611,-4.798081398010254,-0.7742927670478821,-1.7335858345031738,-1.5419052839279175,-1.7088950872421265
-0.19970059394836426,0.22031402587890625,0.35204750299453735,0.6537075042724609,0.7420443892478943,-0.11794519424438477,-0.09014179557561874,-3.776730537414551,-4.514092922210693,-4.8644938468933105,-1.0533901453018188,-0.18828652799129486,0.9879385828971863,0.3145647644996643
-0.2492402344942093,0.15336459875106812,0.40151503682136536,0.3155467212200165,0.8030362129211426,0.5048575401306152,-0.026114465668797493,-4.764876365661621,-5.2294020652771,-5.461902141571045,16.11809539794922,-1.4907188415527344,-1.1946706771850586,-1.6226974725723267
-0.2529100477695465,0.15540462732315063,0.3944259583950043,0.3506006896495819,0.763792097568512,0.5305359363555908,-0.11060008406639099,-4.535373210906982,-4.686563968658447,-6.789393901824951,-0.07750958949327469,-0.19963696599006653,0.5689539909362793,-0.10221454501152039
-0.2346050888299942,0.1938689947128296,0.38893377780914307,0.9542809128761292,0.1325986534357071,0.03841591998934746,-0.26512208580970764,-3.6110000610351562,-4.305480480194092,-5.097918510437012,-1.222175121307373,-1.7351057529449463,-1.5194025039672852,-1.7383242845535278
-0.23943094909191132,0.2310025840997696,0.38149788975715637,0.645717978477478,0.6385080814361572,0.03265002742409706,0.41748011112213135,-3.582115411758423,-4.119399070739746,-4.842308044433594,-1.7508258819580078,0.43652936816215515,1.1693962812423706,0.7953763008117676
-0.19454658031463623,0.20220504701137543,0.38328033685684204,0.6217607259750366,0.7828063368797302,-0.010612014681100845,0.022698326036334038,-3.6414623260498047,-4.391742706298828,-4.743502616882324,-0.6401645541191101,-0.9563223719596863,0.0465073436498642,-0.698073148727417
-0.18771551549434662,0.1939430683851242,0.3820449113845825,0.35801684856414795,0.8002302646636963,0.28555506467819214,0.38718703389167786,-4.35737943649292,-5.523859024047852,-6.937423229217529,-0.9533699154853821,-1.7724539041519165,-1.7260452508926392,-1.7724539041519165
-0.18636055290699005,0.20122423768043518,0.40191343426704407,0.5365338921546936,0.7976772785186768,-0.2659824788570404,-0.07138379663228989,-4.307558536529541,-4.914848804473877,-5.790158271789551,1.2054576873779297,-1.6563950777053833,-1.1214423179626465,-1.743125557899475
-0.15194207429885864,0.24497944116592407,0.33776435256004333,0.5579501986503601,0.7532335519790649,0.28167054057121277,-0.20492061972618103,-3.764492988586426,-4.589084148406982,-4.880280017852783,-0.6922132968902588,-1.7679105997085571,-1.6962225437164307,-1.7687530517578125
-0.22706355154514313,0.25038865208625793,0.4078557789325714,0.8184739947319031,0.4429984390735626,-0.3296942114830017,0.15860150754451752,-4.596301078796387,-4.78724479675293,-5.316535472869873,-0.5073897838592529,-1.7103239297866821,-1.443088173866272,-1.6315686702728271
-0.16438178718090057,0.19718998670578003,0.38822364807128906,0.659553050994873,0.6853922605514526,-0.2831612229347229,-0.12266623973846436,-4.144652843475342,-4.698759078979492,-5.119246482849121,-0.6254058480262756,-1.6150963306427002,-1.2096930742263794,-1.7146327495574951
-0.17241270840168,0.19441132247447968,0.38888663053512573,0.4732701778411865,0.857659101486206,-0.0027712967712432146,-0.20106859505176544,-3.712664842605591,-4.4813008308410645,-5.129580497741699,-0.23677508533000946,0.44675809144973755,1.0524667501449585,1.0621380805969238
-0.2038460224866867,0.23659609258174896,0.40551134943962097,0.4450554847717285,0.03716481477022171,0.4348098039627075,0.7819749712944031,-4.5973124504089355,-5.130320072174072,-5.951268196105957,0.6847589015960693,-1.1745549440383911,-0.5181291699409485,-1.1362431049346924
-0.2133907526731491,0.24637667834758759,0.40950000286102295,-0.49499186873435974,0.013758065178990364,0.7932496070861816,-0.3543287217617035,-4.275186061859131,-4.648228645324707,-5.194828987121582,-1.6812421083450317,-0.5809506773948669,0.17274731397628784,-0.1233111321926117
-0.15074676275253296,0.19509448111057281,0.2794741690158844,0.9864963889122009,-0.13129892945289612,-0.020231498405337334,-0.09579228609800339,-5.170083522796631,-5.954200744628906,-6.360898494720459,-0.6580561995506287,0.8440603613853455,0.31474265456199646,-0.39830926060676575
-0.11645184457302094,0.2562374770641327,0.3398114740848541,0.2120121717453003,0.8498950004577637,0.41149720549583435,-0.251792311668396,-3.5679574012756348,-4.485334873199463,-4.982632637023926,-2.0470523834228516,-0.54671311378479,0.41901326179504395,-0.22483192384243011
-0.0668151006102562,0.2777394950389862,0.3181235194206238,-0.2131374478340149,0.46025314927101135,0.6013305187225342,0.6173662543296814,-3.793626546859741,-4.242526054382324,-4.870629787445068,0.10826811194419861,-1.7724539041519165,-1.6450942754745483,-1.7670550346374512
0.04344555363059044,0.2913438677787781,0.3307841122150421,0.9924489855766296,0.004564446397125721,-0.09065398573875427,0.0824989378452301,-3.5548741817474365,-4.151421546936035,-4.656495094299316,-0.02388930693268776,-1.7192035913467407,-1.4408247470855713,-1.7145508527755737
-0.0618935190141201,0.2884497344493866,0.31650128960609436,0.7474792003631592,-0.4762553870677948,-0.12283602356910706,-0.44650524854660034,-3.6119940280914307,-4.537142276763916,-5.846755504608154,-1.1907620429992676,-1.7724539041519165,-1.2813661098480225,-1.7724539041519165
-0.15085852146148682,0.1781536042690277,0.3548988103866577,0.8805897235870361,0.2817814350128174,0.04381052032113075,-0.3784727156162262,-4.215500354766846,-4.6093621253967285,-4.904029846191406,2.37762188911438,-1.6380192041397095,-1.277304768562317,-1.667191743850708
-0.1344497799873352,0.1830800622701645,0.3844982385635376,0.9538459777832031,-0.15073533356189728,-0.25668513774871826,-0.03961563482880592,-4.703399658203125,-5.220963478088379,-5.841970920562744,0.40671470761299133,-1.6136868000030518,-1.3839294910430908,-1.7724539041519165
-0.16678111255168915,0.1946684569120407,0.4055314362049103,-0.3884305953979492,0.26645979285240173,0.8342310786247253,0.2866693437099457,-4.734875679016113,-5.068710803985596,-5.731621265411377,-2.102390766143799,0.33798107504844666,0.745032012462616,0.16510656476020813
-0.12994596362113953,0.23427002131938934,0.3555906414985657,0.5619878768920898,0.815101683139801,-0.12476465106010437,-0.06490497291088104,-3.974278688430786,-4.771972179412842,-5.528133869171143,-0.6991519331932068,-1.033252477645874,-0.5456007122993469,-0.937044084072113
-0.047881171107292175,0.2997501790523529,0.32127514481544495,0.5156099796295166,-0.5158431529998779,-0.5190415978431702,-0.44569945335388184,-3.787433624267578,-4.386234283447266,-5.302539825439453,0.0031974127050489187,-1.7724539041519165,-1.749481201171875,-1.7724539041519165
0.0036202978808432817,0.2998826801776886,0.36044520139694214,0.961004376411438,-0.17636306583881378,0.12006112933158875,0.17593185603618622,-4.340532302856445,-4.720249176025391,-5.596316814422607,-1.3843811750411987,-0.9384897351264954,-0.019050471484661102,-1.7634689807891846
-0.23992352187633514,0.2620486617088318,0.4063725173473358,0.9488795399665833,-0.2539297938346863,0.18739837408065796,0.005398296285420656,-3.0477805137634277,-3.913987874984741,-5.847875118255615,-2.162238121032715,-1.7596030235290527,-1.5860358476638794,-1.7272145748138428
-0.23352564871311188,0.2538558840751648,0.4500610828399658,0.9277405738830566,0.36515840888023376,0.05694539099931717,-0.052096154540777206,-4.28816032409668,-4.488006591796875,-5.534315586090088,-1.445629358291626,-1.6988930702209473,-1.5921751260757446,-1.747251272201538
-0.2170904576778412,0.24151475727558136,0.4402344524860382,0.20212599635124207,0.6492993235588074,0.6794761419296265,-0.2754407823085785,-4.29000997543335,-4.855079650878906,-5.511251926422119,-0.1503223031759262,-1.5465764999389648,-1.0143436193466187,-1.50180983543396
-0.19505804777145386,0.2507490813732147,0.42136064171791077,0.8591099977493286,0.40865418314933777,0.2664165198802948,0.15477077662944794,-5.046460151672363,-5.851694107055664,-6.111989974975586,-1.1826092004776,0.7830231785774231,1.2434090375900269,1.660334825515747
-0.24354694783687592,0.2340008020401001,0.43793272972106934,0.23908409476280212,0.8394084572792053,0.48807376623153687,-0.004028857219964266,-4.194210529327393,-5.314564228057861,-6.351310729980469,-0.9518153071403503,-1.7003923654556274,-1.6410003900527954,-1.695046067237854
-0.20084039866924286,0.24601635336875916,0.4407588839530945,0.7363682985305786,0.6120603084564209,0.2876289188861847,0.020334497094154358,-4.312961578369141,-4.791153430938721,-5.054462909698486,-0.06938681751489639,-0.2112962156534195,0.12865497171878815,-0.13596269488334656
-0.2568366825580597,0.22382155060768127,0.4444162845611572,0.9514948725700378,-0.23835992813110352,-0.023529356345534325,0.19310207664966583,-4.741281032562256,-5.107391834259033,-5.652764797210693,16.11809539794922,-1.2962509393692017,-0.6003501415252686,-1.6580214500427246
-0.25302040576934814,0.2309882491827011,0.44211888313293457,0.9863558411598206,-0.11097274720668793,0.057272061705589294,0.10727119445800781,-4.691770076751709,-4.968040466308594,-5.570627212524414,16.11809539794922,-0.7052722573280334,-0.0291276928037405,-0.5384937524795532
-0.24782228469848633,0.2599245607852936,0.4668065309524536,-0.494720458984375,0.6028760075569153,0.5736199021339417,0.2505042850971222,-3.9087932109832764,-4.447457313537598,-5.818801403045654,0.019529609009623528,0.08844981342554092,0.6059858202934265,0.6295842528343201
-0.26169270277023315,0.2336341142654419,0.4569336175918579,0.6962202191352844,-0.37027135491371155,-0.25041109323501587,-0.5616679191589355,-4.114801406860352,-4.439627170562744,-5.239168643951416,-1.187105655670166,-1.62721586227417,-1.2946666479110718,-1.6941090822219849
-0.26966962218284607,0.2110692709684372,0.47130846977233887,0.3080597519874573,0.6931491494178772,0.6340080499649048,-0.15058976411819458,-4.627612113952637,-5.29529333114624,-5.940647125244141,2.6400952339172363,-0.43528473377227783,0.048165686428546906,-0.21853989362716675
-0.2625577747821808,0.21231189370155334,0.4739703834056854,0.35131725668907166,0.8220525979995728,0.442331999540329,0.07175008207559586,-4.232914924621582,-5.193565845489502,-5.792385578155518,5.684876918792725,-1.4492570161819458,-0.9134024977684021,-1.6010348796844482
-0.20705412328243256,0.25668829679489136,0.45011916756629944,-0.27532297372817993,0.33645132184028625,0.528141438961029,0.7294274568557739,-5.0047712326049805,-5.189245223999023,-5.630340099334717,2.0610504150390625,-1.6741046905517578,-1.1526581048965454,-1.680666208267212
-0.20650231838226318,0.23529300093650818,0.4500928223133087,0.5029106736183167,-0.39250752329826355,-0.2338331639766693,-0.7337170839309692,-4.740229606628418,-5.3720269203186035,-6.781771659851074,16.11809539794922,-1.4023754596710205,-1.0708951950073242,-1.399246096611023
-0.19902373850345612,0.2559031546115875,0.4540676772594452,-0.3658373951911926,0.6533556580543518,0.3906579315662384,0.5354210734367371,-4.060702800750732,-4.741332054138184,-5.553709030151367,-0.18464477360248566,-1.2082371711730957,-0.7009406089782715,-1.1456462144851685
-0.17281915247440338,0.2151995152235031,0.4660082459449768,0.051101185381412506,0.5355892777442932,0.7149459719657898,-0.44652554392814636,-4.110807418823242,-4.925771236419678,-5.683785915374756,0.7939922213554382,-0.959252119064331,-0.5221088528633118,-0.9645570516586304
-0.1680300533771515,0.2405242919921875,0.44868704676628113,0.5793084502220154,0.7652601599693298,-0.2803341746330261,-0.013834486715495586,-3.7863104343414307,-4.514804363250732,-5.218446731567383,-1.8867666721343994,-1.5331305265426636,-1.3723387718200684,-1.594370722770691
-0.1800009161233902,0.22045636177062988,0.4644242525100708,0.045501768589019775,0.3911708891391754,0.8717953562736511,-0.29135504364967346,-4.469832897186279,-4.830259323120117,-5.722343444824219,3.5482404232025146,0.21807821094989777,0.6244886517524719,0.6492270827293396
-0.18194614350795746,0.22018824517726898,0.46878668665885925,0.8544356226921082,-0.3503378927707672,0.10530941933393478,-0.3689350485801697,-3.9370429515838623,-4.756536960601807,-5.813643932342529,-0.6608509421348572,-1.661666989326477,-1.507972002029419,-1.6896862983703613
-0.18248438835144043,0.22192420065402985,0.4675673246383667,0.4203316867351532,0.06536990404129028,0.39291003346443176,0.8152728080749512,-4.332400798797607,-5.139918804168701,-6.2733941078186035,1.6755002737045288,-0.5808062553405762,-0.0648910403251648,-0.2197778970003128
-0.2479875385761261,0.25743454694747925,0.46650806069374084,0.6440776586532593,0.7498257160186768,0.14873094856739044,0.028364211320877075,-3.8588438034057617,-4.783022403717041,-5.224572658538818,1.1958781480789185,-0.7386552691459656,-0.11398585885763168,-0.5315908193588257
-0.2332475483417511,0.26579686999320984,0.46648159623146057,0.6207696795463562,0.7728437185287476,0.1198868528008461,0.05463317036628723,-4.0576066970825195,-4.797977924346924,-5.381359577178955,-1.1411954164505005,1.0201284885406494,1.413508415222168,1.4297293424606323
-0.18561331927776337,0.2539879083633423,0.429004043340683,0.7507227063179016,0.5625213384628296,0.18213693797588348,-0.2946375906467438,-3.911647081375122,-5.406814098358154,-5.976816177368164,-2.1297290325164795,0.29468727111816406,0.8812696933746338,0.884812593460083
-0.20588752627372742,0.28542956709861755,0.45203059911727905,0.5799040198326111,0.8066394925117493,0.08530718088150024,0.0759388729929924,-4.4954681396484375,-4.825133323669434,-6.241875171661377,0.9924606680870056,0.4922223687171936,0.7888821959495544,0.8627721071243286
-0.19931069016456604,0.28375229239463806,0.4536764323711395,-0.39367008209228516,0.22799234092235565,0.5868934988975525,0.6697756052017212,-4.322520732879639,-4.878361225128174,-6.056110858917236,-1.6437180042266846,-1.1300795078277588,-1.0370808839797974,-1.2037428617477417
-0.22395969927310944,0.2633402347564697,0.4746580123901367,-0.21658962965011597,0.4591653645038605,0.6999948620796204,0.5022582411766052,-4.542104721069336,-5.079283237457275,-5.520975589752197,-0.5670854449272156,-1.6030261516571045,-1.273942232131958,-1.6461206674575806
-0.1940111368894577,0.3313194811344147,0.43343013525009155,0.04963064566254616,0.7202965617179871,0.6708739399909973,-0.16922712326049805,-3.306276798248291,-4.461660861968994,-4.89371395111084,-2.2138566970825195,-0.18437013030052185,0.32147714495658875,0.16053004562854767
-0.250396192073822,0.239277645945549,0.5069900751113892,0.5076536536216736,-0.17245890200138092,-0.49942633509635925,-0.680528461933136,-4.237580299377441,-4.9964399337768555,-6.592259883880615,16.11809539794922,0.22706513106822968,0.6178767681121826,0.5681688785552979
-0.2399689257144928,0.24225735664367676,0.50534588098526,0.62287837266922,-0.30285578966140747,-0.41762131452560425,-0.5881269574165344,-3.9325172901153564,-4.721129417419434,-5.955704212188721,-0.7266470789909363,-1.2594722509384155,-1.1518186330795288,-1.3705530166625977
-0.19643953442573547,0.2648965120315552,0.4940590560436249,0.6537697315216064,0.7006232142448425,-0.24721907079219818,0.14350950717926025,-4.368143081665039,-5.027532577514648,-6.043959140777588,1.153584599494934,0.13293185830116272,0.5700366497039795,0.5976417064666748
-0.26100558042526245,0.22556033730506897,0.5269054770469666,0.5302983522415161,-0.15083540976047516,-0.44205987453460693,-0.707541823387146,-4.977521896362305,-5.82420015335083,-7.318602085113525,1.1621203422546387,-0.21157251298427582,-0.1101345643401146,-0.6272252798080444
-0.45524606108665466,0.36278730630874634,0.2896367311477661,0.8043904900550842,0.5509973168373108,0.11900567263364792,0.18760475516319275,-3.5357117652893066,-4.460770130157471,-5.511608600616455,-1.8211028575897217,-0.6662916541099548,0.008587505668401718,-0.34430328011512756
-0.45709389448165894,0.3612326681613922,0.2863994240760803,0.33305197954177856,0.91007399559021,0.1878775954246521,-0.15982407331466675,-4.6737847328186035,-4.884197235107422,-5.193539142608643,-0.09165745973587036,-0.13261008262634277,0.5504316091537476,0.49267062544822693
-0.4397781193256378,0.36769580841064453,0.302961528301239,0.5359595417976379,0.8067798018455505,0.02245143987238407,0.2476886510848999,-3.7258358001708984,-4.503665924072266,-5.5243096351623535,-1.6749085187911987,0.36291077733039856,1.0979540348052979,1.2497309446334839
-0.432376503944397,0.3471206724643707,0.2930465638637543,0.6681810021400452,-0.2656468451023102,-0.683995246887207,-0.12294898927211761,-3.9041872024536133,-4.727177143096924,-5.6829352378845215,-1.56851065158844,-0.11126284301280975,0.6505246758460999,0.3833736479282379
-0.42969244718551636,0.3581964075565338,0.2919374108314514,0.5549919605255127,0.4604175090789795,0.6836414933204651,0.11240074783563614,-4.243894100189209,-4.306427955627441,-4.942409515380859,-0.531576931476593,-1.5321232080459595,-1.0765666961669922,-1.5601425170898438
-0.4123934805393219,0.35021233558654785,0.31528714299201965,0.7861659526824951,0.6116933822631836,0.08393121510744095,0.027017034590244293,-4.058750152587891,-4.514819145202637,-5.619512557983398,-2.397862672805786,-0.7164658308029175,-0.05124693363904953,-0.5705848932266235
-0.44398826360702515,0.377591997385025,0.2815222442150116,0.3957841992378235,0.8944594264030457,-0.14694690704345703,-0.1473221629858017,-4.602936744689941,-5.423514366149902,-6.059587478637695,-2.2526135444641113,-0.08111891150474548,1.1566935777664185,-1.1035455465316772
-0.32439371943473816,0.3738342523574829,0.29801908135414124,0.8932614922523499,-0.3242567181587219,-0.2344696819782257,-0.20485463738441467,-4.495822429656982,-5.036491870880127,-5.394172191619873,-0.8464879989624023,0.20819203555583954,1.1661795377731323,0.8956959843635559
-0.32110169529914856,0.36686208844184875,0.3068222999572754,-0.397706538438797,0.3258989155292511,0.46689319610595703,0.7194651961326599,-4.510108470916748,-5.358367919921875,-5.946561336517334,-2.1969969272613525,-0.6441863179206848,1.72603440284729,-1.660903811454773
-0.32416072487831116,0.35060635209083557,0.32342764735221863,0.9393657445907593,-0.26637083292007446,0.1356782466173172,-0.16801784932613373,-4.286262035369873,-4.935709476470947,-5.716544151306152,0.003930838778614998,-1.5906785726547241,-0.9855839610099792,-1.7724539041519165
-0.291805624961853,0.44808122515678406,0.3313082456588745,0.6585178971290588,0.7335582971572876,0.15797226130962372,-0.057368598878383636,-3.678229808807373,-4.687402248382568,-5.510141849517822,-1.364757776260376,-1.7724539041519165,-1.5122520923614502,-1.7724539041519165
-0.26614129543304443,0.4504096508026123,0.3747665286064148,0.6695955395698547,0.7256783843040466,0.13504379987716675,0.08243705332279205,-3.4777865409851074,-3.750678777694702,-4.543293476104736,-1.7700586318969727,0.954481303691864,1.5204055309295654,1.5388826131820679
-0.23143479228019714,0.4060644805431366,0.33995330333709717,0.09778675436973572,0.6074344515800476,0.787634551525116,-0.03306008130311966,-3.9566147327423096,-4.3434858322143555,-4.505526542663574,-0.7503679394721985,-1.7724539041519165,-1.5196527242660522,-1.7724539041519165
-0.18202902376651764,0.3962564468383789,0.32198500633239746,-0.16044370830059052,0.6318377256393433,0.7463597655296326,-0.13411197066307068,-3.776387929916382,-4.230578899383545,-4.818100452423096,-0.8654908537864685,-1.3872969150543213,-1.0191434621810913,-1.3558095693588257
-0.2240423709154129,0.452511727809906,0.29637664556503296,0.35866254568099976,0.519332766532898,0.7734671235084534,0.05833781883120537,-3.664996862411499,-4.216508865356445,-5.056687355041504,-0.6348444819450378,-0.8131809234619141,-0.20499196648597717,-0.27512285113334656
-0.2703225612640381,0.45706167817115784,0.3573460280895233,-0.27729281783103943,0.5389028787612915,0.2966844141483307,0.7380180954933167,-3.521894693374634,-4.985893249511719,-5.615789413452148,-1.2264676094055176,-1.7527192831039429,-1.5657408237457275,-1.7610275745391846
-0.21967343986034393,0.4577362835407257,0.3100099563598633,-0.09015006572008133,0.9077656865119934,0.3672550618648529,-0.1815437376499176,-4.242015838623047,-4.4749932289123535,-4.675114154815674,-0.7309886813163757,-1.758884072303772,-1.4752072095870972,-1.7459226846694946
-0.28966036438941956,0.3574453294277191,0.41385215520858765,-0.4497316777706146,0.1993625909090042,0.5061215162277222,0.708404541015625,-4.041902542114258,-5.211828231811523,-5.694448471069336,-1.3300553560256958,-1.2246493101119995,0.034043919295072556,-1.7724539041519165
-0.2439655065536499,0.39061424136161804,0.37073761224746704,0.5046736598014832,0.19505228102207184,0.7718477249145508,0.33393141627311707,-3.5646743774414062,-3.8146097660064697,-4.574286937713623,-0.9483892321586609,-0.7783094644546509,0.18784798681735992,-0.0811978429555893
-0.25961199402809143,0.3459993004798889,0.4051773250102997,-0.3610678017139435,0.5529840588569641,0.16578955948352814,0.7323608994483948,-3.431199073791504,-4.308175563812256,-4.446855545043945,-1.4794620275497437,-1.6613792181015015,-1.385306477546692,-1.6860214471817017
-0.20281395316123962,0.35099467635154724,0.41381219029426575,0.8306105732917786,0.5001400709152222,-0.14620205760002136,-0.19639475643634796,-3.7774910926818848,-3.907543897628784,-4.889161586761475,-1.5578993558883667,-0.907569944858551,-0.4678276479244232,-0.8271955251693726
-0.1874387115240097,0.34065017104148865,0.3865286111831665,0.9619749188423157,-0.11229043453931808,0.12628068029880524,0.2145887315273285,-3.8947713375091553,-4.288405418395996,-5.454944133758545,-1.6239497661590576,-1.6994941234588623,-1.5550603866577148,-1.768036127090454
-0.21825742721557617,0.34162384271621704,0.40401509404182434,0.4525772035121918,0.8312845826148987,-0.018269984051585197,-0.3221893608570099,-3.7641265392303467,-5.1884002685546875,-5.3853888511657715,-0.6243126392364502,-1.4626173973083496,-0.5443266034126282,-1.6825777292251587
-0.27199605107307434,0.34911131858825684,0.43211790919303894,0.4160920977592468,0.7029788494110107,0.5668925642967224,-0.10639982670545578,-3.60258150100708,-4.28230094909668,-4.76792573928833,-1.2216507196426392,0.47198382019996643,1.084852695465088,1.0482292175292969
-0.29869648814201355,0.3509219288825989,0.41792747378349304,0.4923036992549896,0.8366284370422363,0.2124703973531723,-0.11200986057519913,-3.7603557109832764,-4.387896537780762,-4.980312347412109,-1.182577133178711,-1.7253718376159668,-1.3660752773284912,-1.6942635774612427
-0.22320397198200226,0.3726729154586792,0.40521523356437683,0.9870880842208862,0.10706165432929993,0.01160570327192545,0.1185757964849472,-3.9285361766815186,-4.598172187805176,-4.670372486114502,-1.5109134912490845,-1.6039608716964722,-1.405801773071289,-1.7724539041519165
-0.26825830340385437,0.4205489754676819,0.36089789867401123,-0.3922780752182007,0.7366593480110168,0.5508638024330139,0.00013570277951657772,-3.5885658264160156,-4.363962650299072,-4.962652206420898,-0.23911473155021667,-1.6399661302566528,-1.075518012046814,-1.717441439628601
-0.20755252242088318,0.4647272229194641,0.3380737602710724,0.6123491525650024,-0.3837360739707947,-0.31920409202575684,-0.6130937337875366,-3.20525860786438,-4.425285339355469,-4.976095676422119,-1.7035748958587646,-1.4810327291488647,-1.0918149948120117,-1.4583563804626465
-0.24428658187389374,0.396121621131897,0.3939281105995178,0.6046450138092041,-0.4863702654838562,-0.10920058190822601,-0.621227502822876,-4.006241321563721,-4.799924373626709,-5.892197608947754,-0.5512474775314331,-1.7724539041519165,-1.1306706666946411,-1.7724539041519165
-0.20689359307289124,0.38112378120422363,0.4034392535686493,-0.16706562042236328,0.3554343283176422,0.4346342086791992,0.8104619979858398,-4.076142311096191,-4.173426151275635,-4.797820091247559,-1.887500286102295,0.9733343720436096,1.6217111349105835,1.6072194576263428
-0.2561497092247009,0.4499819576740265,0.3832273781299591,0.4892195463180542,0.8513150215148926,-0.09857304394245148,0.16189594566822052,-5.024006366729736,-5.116395950317383,-5.759792327880859,-0.6005560159683228,0.05896688625216484,1.5331335067749023,0.07119200378656387
-0.09104952216148376,0.3721790611743927,0.3442709147930145,-0.39881518483161926,0.40294840931892395,0.33334848284721375,0.7532979846000671,-3.7881388664245605,-4.165079116821289,-4.606400966644287,-0.23728381097316742,-1.6892738342285156,-1.3653937578201294,-1.7635420560836792
0.00864270981401205,0.3482604920864105,0.31701645255088806,0.8884432315826416,0.029790177941322327,-0.3147875666618347,0.33270105719566345,-4.007716655731201,-4.165663242340088,-5.069150447845459,-0.5832934379577637,-1.2492643594741821,-0.6172361373901367,-1.1810663938522339
-0.009054768830537796,0.32746192812919617,0.31043151021003723,0.21158267557621002,0.8439914584159851,0.40656334161758423,0.2785991132259369,-4.082210540771484,-4.681166172027588,-4.8993425369262695,0.36955419182777405,-1.7717430591583252,-1.5501885414123535,-1.7724539041519165
-0.049499791115522385,0.36064034700393677,0.3067331612110138,0.9006078243255615,0.23553556203842163,-0.30875056982040405,-0.19519636034965515,-3.8359246253967285,-4.776090621948242,-5.7362961769104,-0.6957175135612488,-1.5988503694534302,-1.2468701601028442,-1.6754335165023804
-0.008048944175243378,0.3377430737018585,0.3359922170639038,-0.11574505269527435,0.80308598279953,0.5597783327102661,0.1682385951280594,-3.863760471343994,-4.013420581817627,-4.601265907287598,0.7497533559799194,-1.663153886795044,-1.1803230047225952,-1.699176549911499
0.03721117600798607,0.30313053727149963,0.3193311095237732,-0.07893649488687515,0.495461642742157,0.8402280211448669,0.20567846298217773,-3.6389272212982178,-3.970534086227417,-5.2570905685424805,-2.020643949508667,0.5084875822067261,1.293872594833374,0.9809439182281494
-0.007077062036842108,0.3666590750217438,0.31453174352645874,0.2691158354282379,0.5584868788719177,0.5185585618019104,0.5888684988021851,-4.603521823883057,-5.208049774169922,-6.8699469566345215,-2.9122393131256104,0.8926784992218018,1.595962405204773,0.9215161800384521
0.005046679638326168,0.3741474747657776,0.34644487500190735,0.07779547572135925,0.5071744322776794,0.5685067176818848,0.6430568099021912,-3.6105196475982666,-4.258784770965576,-5.097524642944336,-0.5146076679229736,-0.5968242287635803,-0.031383316963911057,-0.28911930322647095
0.004063322674483061,0.31312504410743713,0.3660823404788971,0.4143145978450775,0.34128108620643616,0.4901908338069916,0.6867194175720215,-3.572268486022949,-4.021698951721191,-4.29428768157959,-1.8439263105392456,-0.1413724720478058,0.5548292994499207,0.2163529396057129
-0.11370700597763062,0.396100789308548,0.282344251871109,0.6866682171821594,0.2526237964630127,-0.6673765182495117,-0.13884004950523376,-4.891757965087891,-5.03544807434082,-6.139440536499023,-1.7552963495254517,1.7724539041519165,1.7724539041519165,1.168902039527893
-0.10398243367671967,0.4071265757083893,0.29742082953453064,0.46406346559524536,0.8759230375289917,0.05410606414079666,-0.12031806260347366,-4.2806572914123535,-4.791951656341553,-4.935588836669922,0.5821300745010376,-1.738748550415039,-1.6776537895202637,-1.7714812755584717
-0.1405336707830429,0.42183536291122437,0.311280757188797,-0.3792952299118042,0.5858936905860901,0.22287610173225403,0.6805805563926697,-4.45161247253418,-4.691751480102539,-4.773189544677734,2.137126922607422,-1.5745779275894165,-1.168643832206726,-1.5957224369049072
-0.13661688566207886,0.41002777218818665,0.3106261193752289,0.5185559391975403,-0.6898537278175354,-0.024588456377387047,-0.5045760869979858,-4.312135696411133,-4.681095123291016,-5.426458358764648,0.7733408212661743,-0.7609813213348389,-0.2520512640476227,-0.39569851756095886
-0.08729568123817444,0.3888833224773407,0.32002946734428406,0.7143698930740356,-0.18060187995433807,-0.6619230508804321,-0.13753728568553925,-3.9001212120056152,-4.677870273590088,-5.006152153015137,-0.7614533305168152,0.24341021478176117,0.8436461687088013,0.21487729251384735
-0.11679362505674362,0.39415839314460754,0.3238435685634613,0.5450320243835449,-0.422191321849823,-0.18319913744926453,-0.700808584690094,-3.746189594268799,-4.3458662033081055,-5.871863842010498,-0.45375218987464905,-1.7482863664627075,-1.3819172382354736,-1.7724539041519165
-0.04581739380955696,0.4015997052192688,0.2795571982860565,0.786697506904602,0.5252787470817566,0.29105350375175476,0.14309823513031006,-4.2957048416137695,-4.775328159332275,-5.131263256072998,1.0315169095993042,-1.6963516473770142,-1.386960744857788,-1.7176463603973389
-0.026115376502275467,0.3908187448978424,0.28538236021995544,0.9550237059593201,0.23275010287761688,0.1837288737297058,0.0009025713661685586,-4.379295825958252,-5.0167317390441895,-5.194155216217041,-1.5634690523147583,-0.7246779799461365,0.28319963812828064,-1.236001968383789
-0.030765652656555176,0.4049718379974365,0.2968127131462097,0.12520179152488708,0.5988004803657532,0.6016358733177185,0.5136114954948425,-3.991467237472534,-4.58543062210083,-5.061301231384277,-0.8964167833328247,-1.748573660850525,-1.46799635887146,-1.7724539041519165
-0.021566204726696014,0.41448602080345154,0.30280226469039917,0.7875893115997314,0.5592221617698669,0.11907629668712616,-0.22977066040039062,-3.9710254669189453,-4.090312957763672,-4.829528331756592,-1.4662843942642212,-1.3312746286392212,-0.7146408557891846,-1.218422770500183
-0.0064273737370967865,0.4214090406894684,0.3177837133407593,-0.36002638936042786,0.28620103001594543,0.5607976317405701,0.6884591579437256,-4.074998378753662,-4.2264509201049805,-5.190450191497803,-1.3668826818466187,-1.652625322341919,-1.1913378238677979,-1.609540343284607
-0.007337183691561222,0.4213257431983948,0.29386189579963684,0.5847039222717285,-0.03487476333975792,-0.8078892827033997,-0.06496172398328781,-4.221500396728516,-5.396793365478516,-5.7196946144104,-2.1938259601593018,1.2126476764678955,1.7505897283554077,1.741353988647461
-0.02288486436009407,0.39435702562332153,0.35132429003715515,0.8429977297782898,0.48356202244758606,-0.10334194451570511,-0.21176166832447052,-3.860581636428833,-4.397290229797363,-5.093946933746338,-0.6783128976821899,-1.5257341861724854,-1.184238076210022,-1.5781886577606201
-0.04743240773677826,0.4089501202106476,0.36149144172668457,0.6021508574485779,-0.6307445168495178,-0.416198194026947,-0.25759416818618774,-3.806152820587158,-4.652914524078369,-5.280911445617676,-0.7171245217323303,1.1243053674697876,1.683021903038025,1.5151134729385376
0.006708432454615831,0.39976388216018677,0.3135389983654022,0.529800295829773,0.8168850541114807,-0.21963368356227875,-0.06141294166445732,-5.155029296875,-5.609665870666504,-6.184573173522949,0.10656321793794632,-1.7013996839523315,-1.3207570314407349,-1.7467923164367676
-0.030968546867370605,0.41271162033081055,0.34742456674575806,-0.4640892446041107,0.632768988609314,0.2535545825958252,0.5656276345252991,-3.813587188720703,-4.495784759521484,-5.283595561981201,-1.328543782234192,0.32065922021865845,0.9786394834518433,0.966288685798645
-0.013721012510359287,0.41486111283302307,0.3363804221153259,0.5529024600982666,-0.30949994921684265,-0.5174462795257568,-0.5751156210899353,-4.105187892913818,-4.93597412109375,-5.477128505706787,-0.6599043011665344,-0.18838636577129364,0.3097403943538666,0.06303881853818893
-0.09371862560510635,0.3785648047924042,0.36809590458869934,-0.4073086977005005,0.6023357510566711,0.6804074645042419,0.09130655229091644,-3.572897434234619,-4.278425693511963,-4.633512496948242,-0.8156399726867676,-1.143011212348938,-0.46381646394729614,-1.2178547382354736
-0.0037835154216736555,0.3138604760169983,0.3616674542427063,0.8991112112998962,-0.11509086936712265,-0.2652782201766968,-0.32860392332077026,-4.048449993133545,-4.386239528656006,-5.182114601135254,-0.5159127116203308,-1.7717636823654175,-1.6151880025863647,-1.7724539041519165
0.00922502763569355,0.2903219759464264,0.36407843232154846,0.23095853626728058,0.5590545535087585,0.7960918545722961,-0.0188120249658823,-4.794232368469238,-5.0906500816345215,-5.698640823364258,16.11809539794922,-1.7637786865234375,-1.6118406057357788,-1.7716230154037476
0.02586119808256626,0.3256324529647827,0.4002615213394165,0.89341139793396,-0.281135231256485,-0.338351845741272,-0.09108833968639374,-3.4603521823883057,-4.115055561065674,-4.755727767944336,-1.4467297792434692,-1.7078919410705566,-1.5108188390731812,-1.693790316581726
-0.02872864529490471,0.35792890191078186,0.3786078095436096,0.8855782747268677,-0.3621785342693329,0.29068437218666077,-0.008970684371888638,-3.740013360977173,-4.121423244476318,-4.5881452560424805,-2.143665313720703,0.6340305209159851,1.1675617694854736,0.994499146938324
0.045111190527677536,0.3535125255584717,0.37735095620155334,0.5571683049201965,0.7943981885910034,-0.2417798787355423,-0.0061245569959282875,-3.522874116897583,-4.535140037536621,-5.050304412841797,-1.4650518894195557,-0.17877954244613647,0.6262359619140625,0.534392774105072
-0.0338096022605896,0.3577363193035126,0.3882642090320587,0.8741083741188049,0.32872915267944336,-0.11455659568309784,-0.33874544501304626,-3.755106210708618,-4.553627967834473,-4.7664265632629395,-0.5825492143630981,-1.487672209739685,-0.9408431053161621,-1.7702056169509888
-0.039641790091991425,0.37526845932006836,0.40141651034355164,0.7513468265533447,0.033310502767562866,-0.6186546087265015,0.22723309695720673,-3.977752923965454,-4.855749130249023,-5.239559173583984,-1.2480756044387817,-0.13914990425109863,0.48704755306243896,0.15597277879714966
-0.09252750128507614,0.4001331031322479,0.38878586888313293,0.6685463786125183,-0.5852692723274231,-0.29807451367378235,-0.34879395365715027,-3.6884639263153076,-3.9732298851013184,-4.658845901489258,-1.4151439666748047,0.8822109699249268,1.510595440864563,1.4668793678283691
-0.06907903403043747,0.40121081471443176,0.39235052466392517,0.7392781972885132,0.6584877967834473,0.11821717768907547,0.07672205567359924,-3.6594762802124023,-4.092428207397461,-4.812310218811035,-1.9130018949508667,-1.7222503423690796,-1.4233589172363281,-1.7235713005065918
-0.08443767577409744,0.3932953178882599,0.41413789987564087,0.5317481160163879,0.7946342825889587,0.29094067215919495,0.03396907076239586,-3.395766019821167,-4.251526832580566,-4.845942974090576,-0.7871496081352234,-0.3917010724544525,0.20332127809524536,-0.20481795072555542
-0.10048633068799973,0.3838644325733185,0.41501665115356445,0.1520417332649231,0.8536112308502197,0.3764364421367645,-0.32638445496559143,-4.0561323165893555,-4.155946731567383,-5.34781551361084,-0.3813396990299225,-1.5495356321334839,-1.1975716352462769,-1.5332529544830322
-0.03930354490876198,0.3965980112552643,0.4089452922344208,0.15958534181118011,0.6480108499526978,0.6921626329421997,-0.27481868863105774,-3.8185267448425293,-4.803488731384277,-5.456050872802734,0.5006564855575562,-0.8743048310279846,-0.36697089672088623,-0.790855884552002
-0.25494423508644104,0.47504866123199463,0.2965759336948395,0.8289388418197632,0.45784834027290344,-0.13635827600955963,0.2909325063228607,-4.147526741027832,-4.742469787597656,-5.302591800689697,-1.474129557609558,-1.7724539041519165,-1.712979793548584,-1.7724539041519165
-0.27012792229652405,0.45055991411209106,0.39844340085983276,0.5068246126174927,0.7669225335121155,0.29735249280929565,-0.25795385241508484,-3.185987949371338,-3.8849616050720215,-5.569045066833496,-0.6648064255714417,-0.0036460612900555134,0.451422780752182,0.4542231261730194
-0.2729282081127167,0.4617520570755005,0.3972272276878357,0.653401255607605,0.7368393540382385,-0.08395582437515259,0.15194079279899597,-3.7999320030212402,-5.0225629806518555,-5.970630168914795,0.03634084761142731,0.4266672730445862,0.9384591579437256,1.1390273571014404
-0.2610943913459778,0.46279725432395935,0.38024798035621643,0.6625056266784668,-0.2191125601530075,-0.5792464017868042,-0.4213663637638092,-4.0922532081604,-4.790409564971924,-5.158885478973389,-2.1468253135681152,-0.9731542468070984,-0.5203592777252197,-0.8969169855117798
-0.0667826235294342,0.47392386198043823,0.28192374110221863,0.4944571256637573,0.7733957767486572,-0.021370552480220795,0.3961241841316223,-4.603410720825195,-5.368299961090088,-5.752400875091553,3.001143455505371,-1.2619608640670776,-0.4040096402168274,-1.7724539041519165
-0.07393420487642288,0.4779394268989563,0.2804359495639801,0.954015851020813,-0.2409888058900833,-0.17325644195079803,-0.04195640608668327,-4.662166118621826,-4.895040988922119,-5.453341007232666,16.11809539794922,-1.7523046731948853,-0.9593274593353271,-1.7724539041519165
-0.0459018349647522,0.4745080769062042,0.2843456268310547,0.9736403822898865,-0.2273523509502411,-0.00009148914978140965,-0.01831214316189289,-3.9291481971740723,-4.619209289550781,-5.094261169433594,-2.4393162727355957,-0.12636488676071167,0.9274308085441589,-0.5527004599571228
-0.05417412891983986,0.4924992620944977,0.2828531265258789,0.4010176658630371,0.8382951021194458,-0.2012566775083542,0.30974486470222473,-4.490776062011719,-4.86766242980957,-5.430025100708008,16.11809539794922,-1.1533480882644653,-0.3214741051197052,-1.1798670291900635
0.0009783721761777997,0.5149796605110168,0.2963973879814148,0.9005632996559143,-0.2202879786491394,0.001140457228757441,-0.3747767508029938,-3.561856508255005,-4.169830799102783,-5.104893207550049,-1.298618197441101,-1.6335923671722412,-1.200273871421814,-1.639678955078125
-0.022121688351035118,0.5180354714393616,0.3033734858036041,0.5815699696540833,-0.172263503074646,-0.5438786149024963,-0.5799118280410767,-3.845787525177002,-4.938872337341309,-6.000850677490234,-0.006925569847226143,-1.3283413648605347,-0.5577306151390076,-1.3245470523834229
-0.051516443490982056,0.5170555710792542,0.30782976746559143,-0.41906628012657166,0.09169495105743408,0.6527122855186462,0.6244535446166992,-4.618052005767822,-5.520035743713379,-6.569586753845215,1.2054201364517212,-0.9907165169715881,-0.1717124730348587,-0.8949844837188721
-0.038089875131845474,0.5133848786354065,0.31308749318122864,0.3872322738170624,0.8750565648078918,-0.28725534677505493,-0.04256165400147438,-4.0908284187316895,-4.751533031463623,-5.055037021636963,-0.7372972369194031,-1.6558136940002441,-1.2011322975158691,-1.6089529991149902
-0.030905773863196373,0.4946731925010681,0.327043354511261,0.3107178807258606,0.45511892437934875,0.8236740231513977,0.133724644780159,-3.8137893676757812,-5.234235763549805,-5.477485656738281,-1.339518427848816,-0.5316452980041504,-0.12948322296142578,-0.5849406719207764
-0.02683452144265175,0.5410201549530029,0.3399990499019623,0.44197848439216614,0.6473518013954163,0.6169437170028687,0.0705060213804245,-4.041967391967773,-4.65191650390625,-4.959305286407471,0.5228506326675415,-1.7007254362106323,-1.1586657762527466,-1.7423261404037476
-0.010540812276303768,0.564205527305603,0.3375578820705414,0.6721575260162354,-0.00037597259506583214,-0.6057640910148621,-0.4257393777370453,-4.170672416687012,-4.564011573791504,-5.613688945770264,-1.444453477859497,0.5072656273841858,1.3659391403198242,1.0214818716049194
-0.0038514905609190464,0.5042028427124023,0.3654018044471741,0.3693597614765167,0.8661205768585205,0.3320809006690979,0.05595306679606438,-4.062066078186035,-4.639644622802734,-5.7538533210754395,1.0988950729370117,-1.6384376287460327,-0.9726351499557495,-1.6764335632324219
0.003328311024233699,0.49342960119247437,0.36977601051330566,0.37007954716682434,0.8098025918006897,0.4288642406463623,0.15276238322257996,-4.2388224601745605,-5.010104656219482,-5.6048383712768555,0.7200688719749451,-1.7187989950180054,-1.1876872777938843,-1.7699023485183716
-0.018065432086586952,0.49728158116340637,0.36373773217201233,0.27827656269073486,0.6692931056022644,0.6884639859199524,0.02502569369971752,-4.257499694824219,-4.717770576477051,-5.681809425354004,-0.564078688621521,-0.9474266171455383,-0.29540297389030457,-1.1664706468582153
0.008894932456314564,0.5329378843307495,0.38693127036094666,0.6151745915412903,-0.20205824077129364,-0.7207121849060059,-0.24760188162326813,-3.7829084396362305,-4.08487606048584,-4.679007053375244,-1.558395504951477,-0.20040065050125122,1.0011178255081177,0.4720771610736847
-0.018018335103988647,0.5415704250335693,0.3509645462036133,0.12474077194929123,0.7261478900909424,0.6204680800437927,-0.26864176988601685,-4.3253397941589355,-4.934055328369141,-5.92980432510376,-1.0784908533096313,-1.7565593719482422,-1.3450332880020142,-1.7512611150741577
-0.022231480106711388,0.5510818362236023,0.3434807360172272,0.3565111756324768,0.8720442652702332,0.23895768821239471,0.2352398931980133,-4.056644916534424,-4.540891647338867,-5.015270233154297,-0.5168685913085938,-0.48493465781211853,0.1501164436340332,-0.18360787630081177
0.010872923769056797,0.558936595916748,0.3440379202365875,0.93412846326828,-0.2456066906452179,0.043487709015607834,0.25532376766204834,-3.8254971504211426,-4.270044326782227,-5.017947196960449,0.06238735467195511,-1.3297380208969116,-0.5582523345947266,-1.2099039554595947
0.03262188285589218,0.556316614151001,0.34688493609428406,0.5016060471534729,0.8417729139328003,0.17476357519626617,-0.09626758098602295,-3.716144323348999,-4.498526096343994,-4.9930267333984375,-0.8521179556846619,-1.6769107580184937,-1.2597589492797852,-1.6006217002868652
0.015792619436979294,0.5728997588157654,0.3543277978897095,0.4731685221195221,0.8483427166938782,-0.21380062401294708,0.1035153791308403,-4.074382781982422,-4.747399806976318,-5.442537784576416,0.5227718949317932,-1.6041045188903809,-0.9174643754959106,-1.543702483177185
-0.29553455114364624,0.34635448455810547,0.41539862751960754,0.541168749332428,0.8404690027236938,-0.024579644203186035,0.012003511190414429,-3.5716166496276855,-4.751546859741211,-5.30323600769043,-0.365538090467453,-0.6969698667526245,-0.16605144739151,-0.4572463631629944
-0.3161677420139313,0.3551814556121826,0.41161292791366577,0.5231443643569946,-0.1842242181301117,-0.5873167514801025,-0.5894407629966736,-4.681859016418457,-5.094645977020264,-5.909177780151367,0.35637161135673523,-0.13276095688343048,0.3986300528049469,0.49471333622932434
0.34964892268180847,0.06003419682383537,0.01927587389945984,0.9620111584663391,0.18187975883483887,-0.14042088389396667,-0.14743223786354065,-3.037224054336548,-3.1727123260498047,-4.893806457519531,1.0817501544952393,-1.7724539041519165,-1.7724539041519165,-1.7724539041519165
0.36198702454566956,0.014702606946229935,0.04645403474569321,0.7154666185379028,0.3589620590209961,0.3806113600730896,0.46302130818367004,-3.666137933731079,-4.5570292472839355,-5.407893657684326,1.891403079032898,-1.7706778049468994,-1.7724539041519165,-1.7724539041519165
0.33140435814857483,0.029888642951846123,0.07570841163396835,0.8345857858657837,0.19478288292884827,0.3530224561691284,0.37536823749542236,-3.82951021194458,-3.9754140377044678,-4.971260070800781,16.11809539794922,-1.7713847160339355,-1.765267014503479,-1.7261043787002563
0.29888102412223816,0.08924213796854019,0.06601127982139587,-0.24337835609912872,0.574339747428894,0.7777486443519592,-0.07751067727804184,-3.003955364227295,-3.491049289703369,-4.143526554107666,0.4450644850730896,-0.7495174407958984,-0.970766544342041,-1.7623783349990845
0.3177075684070587,-0.004508135374635458,0.08227711915969849,0.4482766091823578,0.3318369686603546,0.212924063205719,0.8022441267967224,-3.841165542602539,-4.244479179382324,-5.010045051574707,1.8410162925720215,-1.7712372541427612,-1.7712440490722656,-1.7724539041519165
0.3500586748123169,0.018961923196911812,0.056489285081624985,-0.16005398333072662,0.81966233253479,0.4446522295475006,-0.32376033067703247,-3.5830724239349365,-4.2348246574401855,-5.82706356048584,-4.213067054748535,1.2989574670791626,0.8854809403419495,-0.4528863728046417
0.33408671617507935,0.13211342692375183,0.06511978805065155,0.03244287148118019,0.6702260971069336,0.7270200252532959,0.14555507898330688,-3.251568555831909,-3.6749775409698486,-4.019462585449219,0.6842352151870728,-1.7693663835525513,-1.7712136507034302,-1.7720310688018799
0.3366509675979614,0.09732146561145782,0.0740932822227478,0.9190170168876648,-0.07096854597330093,0.2961287498474121,0.2503575384616852,-3.3102962970733643,-5.528863906860352,-5.824314594268799,-2.5402469635009766,0.597009003162384,0.414047509431839,-1.4447553157806396
0.24070872366428375,0.03783362731337547,0.13455939292907715,0.6471877098083496,0.23995205760002136,0.3143095374107361,0.6517519354820251,-3.0759713649749756,-3.4879581928253174,-4.08598518371582,0.3429435193538666,-0.8885395526885986,-1.2110888957977295,-1.771235704421997
0.2187284231185913,0.042020197957754135,0.16005228459835052,-0.19120672345161438,0.5714564919471741,0.7916119694709778,-0.10113344341516495,-3.0254549980163574,-3.9057095050811768,-4.632617950439453,0.0811878964304924,-1.7242928743362427,-1.747254490852356,-1.7724539041519165
0.26016825437545776,-0.0009958998998627067,0.13588999211788177,-0.1452406942844391,0.8283305764198303,0.45189547538757324,-0.297597199678421,-3.685056686401367,-4.058379650115967,-5.7816267013549805,-2.1951119899749756,1.5637149810791016,0.9904780983924866,-0.1508740484714508
0.2867327630519867,-0.0064149643294513226,0.1105307787656784,0.49596548080444336,0.34534910321235657,0.2480420023202896,0.7571178078651428,-3.9617505073547363,-4.08626127243042,-5.183053493499756,0.008148581720888615,-1.3888803720474243,-1.4932197332382202,-1.7724539041519165
0.2930135726928711,0.050235241651535034,0.11147498339414597,-0.27741900086402893,0.7882862091064453,0.5363858938217163,-0.118041031062603,-2.9830825328826904,-3.8401882648468018,-4.40590763092041,0.1391046941280365,-1.7531274557113647,-1.7593097686767578,-1.7724539041519165
0.2683273255825043,0.1061982735991478,0.12894950807094574,-0.23771093785762787,0.5102005004882812,0.8214368224143982,-0.09181779623031616,-3.784010887145996,-4.419495582580566,-4.802304744720459,16.11809539794922,-1.7724539041519165,-1.7693519592285156,-1.7724539041519165
0.2910829484462738,0.1826225370168686,0.11300895363092422,0.32426679134368896,0.4898306727409363,0.7951387166976929,0.1505700647830963,-3.4950950145721436,-3.809802293777466,-4.6745476722717285,1.5145061016082764,-1.769822120666504,-1.7562003135681152,-1.7724539041519165
0.26207834482192993,0.15261110663414001,0.10416161268949509,0.08327040821313858,0.439297616481781,0.8523011803627014,0.2714153826236725,-3.071516990661621,-3.2079102993011475,-4.905068874359131,-0.9348164200782776,-1.310255527496338,-1.3843384981155396,-1.7724539041519165
0.14791961014270782,0.24338404834270477,0.09523899853229523,0.9144508838653564,0.38954755663871765,0.08420401066541672,0.07029903680086136,-3.66707181930542,-3.961855888366699,-4.531363010406494,0.2582075297832489,-1.2581835985183716,0.18921659886837006,-1.5741921663284302
0.09467918425798416,0.24103185534477234,0.09914735704660416,0.5404638648033142,0.7284678816795349,0.42097046971321106,-0.00415061553940177,-2.9835526943206787,-3.406465530395508,-3.878077507019043,0.41170448064804077,-1.6414741277694702,-0.8263429403305054,-1.6578881740570068
0.11057118326425552,0.29270023107528687,0.08133935183286667,-0.46028751134872437,0.24792437255382538,0.8520971536636353,0.024481263011693954,-3.8096837997436523,-3.996310234069824,-4.746496200561523,-1.6398001909255981,-0.28331950306892395,1.2059476375579834,-0.19254142045974731
0.09027538448572159,0.23864716291427612,0.10352920740842819,0.22863000631332397,0.8274180889129639,0.4713858366012573,0.2022448480129242,-3.1469993591308594,-3.6984479427337646,-4.308125972747803,-1.6836471557617188,0.2161778062582016,1.2078150510787964,0.7436949610710144
0.07134165614843369,0.2330651581287384,0.09485673159360886,0.8337922692298889,0.4221068024635315,-0.20644471049308777,0.28982219099998474,-3.526963472366333,-3.961343765258789,-5.027308464050293,-3.309258222579956,0.9001994729042053,1.7246423959732056,1.4799680709838867
0.012519272044301033,0.26129651069641113,0.11302369087934494,0.45550671219825745,-0.5025089383125305,0.6978674530982971,-0.23017258942127228,-4.451381683349609,-5.033059120178223,-4.802238941192627,-1.6817585229873657,-1.7724539041519165,1.7724539041519165,-1.7724539041519165
0.11621227860450745,0.17123377323150635,0.14069458842277527,0.03441977500915527,0.8927679657936096,0.40220460295677185,-0.20003032684326172,-2.0204379558563232,-2.9217324256896973,-4.787773609161377,0.7110984921455383,-1.7545549869537354,-1.7486228942871094,-1.6716952323913574
0.22175265848636627,0.18660756945610046,0.08757876604795456,0.3576871454715729,0.7234769463539124,0.5849716067314148,0.08030713349580765,-2.7497010231018066,-3.169355630874634,-5.1059675216674805,-0.2689693570137024,-1.7723195552825928,-1.7588406801223755,-1.7724539041519165
0.15944001078605652,0.2827571928501129,0.09044019132852554,0.7349472641944885,-0.5611187815666199,-0.17860250174999237,-0.3363024890422821,-4.057446002960205,-4.26986026763916,-5.081267356872559,-0.8340774774551392,0.5564298629760742,1.623725414276123,0.6640027165412903
0.19837678968906403,0.28154733777046204,0.09615575522184372,0.9141183495521545,-0.30569133162498474,0.01071738451719284,0.26613083481788635,-3.477123737335205,-4.124582767486572,-4.225085258483887,-0.19124741852283478,-1.7636901140213013,-1.6663652658462524,-1.7724539041519165
0.3681561350822449,0.18707746267318726,0.046968720853328705,0.4282386302947998,0.24906809628009796,0.3263932764530182,0.8050119280815125,-3.8037617206573486,-4.423216342926025,-4.720992088317871,-0.3450474441051483,-0.18928004801273346,0.3130841553211212,-1.602242350578308
0.22486521303653717,0.2821885645389557,0.06566884368658066,0.424654096364975,0.4851766526699066,0.26837435364723206,0.7157148122787476,-3.562589168548584,-4.228038787841797,-4.638716697692871,0.7576000094413757,-0.9328608512878418,0.05254237353801727,-0.9431139230728149
0.27370062470436096,0.24442940950393677,0.0831935703754425,0.5730313658714294,0.3393867015838623,-0.7388224005699158,-0.10292325168848038,-3.3558661937713623,-3.7510690689086914,-4.424795150756836,1.0311113595962524,-1.694088101387024,-1.6389572620391846,-1.7672022581100464
0.34212881326675415,0.2253541201353073,0.08115338534116745,0.7051703333854675,0.6021478772163391,-0.33726274967193604,-0.16250105202198029,-4.028200149536133,-4.614011764526367,-5.1981377601623535,-1.1986050605773926,-0.6151995658874512,1.2903448343276978,-0.8967822194099426
0.33089154958724976,0.21733206510543823,0.08561932295560837,0.9699766039848328,-0.057208508253097534,0.2333977222442627,-0.03739100694656372,-3.745401620864868,-4.0826287269592285,-4.630266189575195,3.4518628120422363,-1.7639994621276855,-1.7472376823425293,-1.7724539041519165
0.3435949683189392,0.3243027627468109,0.07938753813505173,-0.04640470817685127,0.8015442490577698,0.5949570536613464,0.03741123154759407,-3.5222177505493164,-4.277229309082031,-4.77036714553833,0.010464168153703213,-1.7724539041519165,-1.7314311265945435,-1.7724539041519165
0.35034018754959106,0.30704352259635925,0.055071696639060974,0.945296049118042,-0.037012550979852676,0.303372859954834,0.11406306177377701,-4.360142230987549,-4.811111927032471,-5.521456718444824,1.2976875305175781,-1.7724539041519165,-0.9293277263641357,-1.7724539041519165
0.20269663631916046,0.1777392327785492,0.16856873035430908,0.9620278477668762,-0.07710438966751099,0.25531578063964844,-0.058061633259058,-3.450551986694336,-3.7837517261505127,-4.883200645446777,3.776712417602539,-1.7724539041519165,-1.7709987163543701,-1.7701443433761597
0.27513957023620605,0.2093236744403839,0.11904823035001755,0.32336580753326416,0.5535687208175659,0.44723647832870483,0.6236792206764221,-4.187318325042725,-4.693055629730225,-5.384650230407715,-1.9793905019760132,0.2983759343624115,0.8726692199707031,0.10852278023958206
0.2682396173477173,0.21617867052555084,0.11601608246564865,-0.04725636914372444,0.6787746548652649,0.636867344379425,-0.362535297870636,-4.017658233642578,-4.9877848625183105,-5.038763523101807,-0.238108828663826,-1.0881203413009644,1.05884850025177,-1.6485360860824585
0.27955561876296997,0.22736750543117523,0.11663764715194702,0.857751727104187,0.1207781434059143,-0.39483460783958435,-0.30623558163642883,-4.160699367523193,-4.7450666427612305,-5.425782680511475,0.37355199456214905,-1.6676231622695923,-0.4876837432384491,-1.7647544145584106
0.25947389006614685,0.3189249336719513,0.09921370446681976,-0.2146986424922943,0.7525783777236938,0.6064004898071289,-0.1407434344291687,-3.1864163875579834,-4.027196884155273,-4.776262283325195,-0.786256730556488,-1.420610785484314,-0.6984787583351135,-1.7358312606811523
0.2534805238246918,0.2665623426437378,0.11316683143377304,-0.017029304057359695,0.6574895977973938,0.7150226831436157,-0.2369810938835144,-3.376701831817627,-4.366824150085449,-4.952176570892334,-1.7142442464828491,0.7144627571105957,1.5253826379776,0.7036423683166504
0.2808118760585785,0.217569038271904,0.12328163534402847,0.733817458152771,0.12392321228981018,0.503682017326355,0.43870195746421814,-4.8840508460998535,-5.82609224319458,-6.234931945800781,-2.2887518405914307,0.172393336892128,1.7724539041519165,-1.676179051399231
0.25135162472724915,0.24949602782726288,0.12519066035747528,0.5404648184776306,0.8181782364845276,0.195936918258667,0.009531036019325256,-3.9771366119384766,-4.511581897735596,-5.4112229347229,-1.143898606300354,-0.03371436521410942,0.7740542888641357,-0.8489864468574524
0.2858906388282776,0.2271350473165512,0.08963517099618912,0.5894207954406738,-0.2363707721233368,-0.5014936923980713,-0.5875508785247803,-4.924385070800781,-5.400503635406494,-6.330229759216309,-1.3134739398956299,-1.4238626956939697,1.0706120729446411,-0.3284001350402832
0.34104615449905396,0.22896477580070496,0.08452346175909042,-0.14210820198059082,0.6319383978843689,0.5505696535110474,0.5266233682632446,-4.238462924957275,-4.611171245574951,-5.518555641174316,-1.4936673641204834,0.5081626772880554,1.2954869270324707,0.7164263129234314
0.308587908744812,0.2989751696586609,0.0983964055776596,0.8815370798110962,0.19457748532295227,-0.26459410786628723,-0.3391489088535309,-3.4866466522216797,-3.6902551651000977,-4.323093891143799,-1.2759711742401123,-1.6802711486816406,-1.4656519889831543,-1.7713992595672607
0.32800987362861633,0.25194939970970154,0.09113477170467377,-0.34767812490463257,-0.6048078536987305,0.6128240823745728,0.3711792230606079,-6.284850120544434,-5.237947463989258,-9.678601264953613,-2.1335086822509766,1.6484297513961792,1.0078659057617188,0.9661611318588257
0.3587151765823364,0.2762410640716553,0.08281657099723816,0.08749507367610931,0.5642118453979492,0.6831097602844238,0.4553796648979187,-3.5902609825134277,-4.771403789520264,-4.836474895477295,-1.0100895166397095,-0.6317306160926819,0.48004254698753357,-0.6942039132118225
0.36693722009658813,0.30750778317451477,0.08855150640010834,0.7279561161994934,0.5898556113243103,0.22795222699642181,0.2649301588535309,-3.9353694915771484,-4.536462306976318,-4.847283363342285,-0.24713604152202606,-1.7724539041519165,-1.4801955223083496,-1.7724539041519165
0.35091206431388855,0.27657070755958557,0.1301843672990799,0.4134453535079956,0.9046452045440674,0.08466635644435883,-0.05925861373543739,-3.583061456680298,-4.540605545043945,-5.591670036315918,-1.0063613653182983,0.23613208532333374,1.1614657640457153,0.41484177112579346
0.35460588335990906,0.2658674716949463,0.14084886014461517,0.6579306125640869,-0.24936653673648834,-0.31439194083213806,-0.6372607946395874,-4.701767921447754,-5.130737781524658,-5.685751438140869,16.11809539794922,-0.45653319358825684,0.28385424613952637,-0.412644624710083
0.17103703320026398,-0.012000585906207561,0.1974458545446396,0.9776206016540527,0.010567895136773586,0.20925600826740265,-0.01892578974366188,-4.031381130218506,-4.2754621505737305,-5.391218185424805,3.8533031940460205,-1.7434824705123901,-1.7601710557937622,-1.757625699043274
0.20585285127162933,-0.0206928588449955,0.1769002377986908,-0.08521230518817902,0.7011641263961792,0.6933410167694092,-0.1427793800830841,-3.8738927841186523,-4.138853549957275,-4.889658451080322,-0.15556670725345612,-1.7479310035705566,-1.7724539041519165,-1.7724539041519165
0.13898900151252747,0.005571803078055382,0.2120141237974167,-0.0906461626291275,0.807197093963623,0.5578908324241638,-0.17021726071834564,-3.819594621658325,-4.274045944213867,-5.531753063201904,-2.3680622577667236,0.3469398319721222,-0.07470239698886871,-0.8831563591957092
0.1744326800107956,0.023310605436563492,0.19337214529514313,0.9592021107673645,0.06272435933351517,0.2626650631427765,-0.0836898535490036,-4.079040050506592,-4.443547248840332,-5.128970146179199,16.11809539794922,-1.7543983459472656,-1.761399507522583,-1.76263427734375
0.15113510191440582,0.05836274102330208,0.2043214589357376,0.9789757132530212,0.031349215656518936,0.19318091869354248,-0.05748846381902695,-3.647230863571167,-4.1944661140441895,-4.99787712097168,1.0059256553649902,-1.7605193853378296,-1.7664467096328735,-1.756015658378601
0.12247451394796371,0.13126853108406067,0.21211957931518555,0.9620013236999512,-0.11625877767801285,0.22352072596549988,-0.10524197667837143,-2.6665616035461426,-3.3572049140930176,-4.657074451446533,0.71648108959198,-1.7688219547271729,-1.7683442831039429,-1.7724539041519165
0.1919756829738617,0.13085150718688965,0.17552295327186584,0.005427244585007429,0.9106278419494629,0.3636240065097809,-0.19622717797756195,-4.737939357757568,-5.414453029632568,-6.294882297515869,-1.1101711988449097,1.3593688011169434,0.602621853351593,-0.7387220859527588
0.0858498215675354,-0.02339829131960869,0.23435451090335846,0.8867663741111755,0.16572211682796478,-0.2641257345676422,-0.3412025272846222,-3.2978432178497314,-3.517800807952881,-4.140509605407715,-0.5868574380874634,-1.0449527502059937,-1.2922533750534058,-1.4608436822891235
0.07934881746768951,-0.004617864266037941,0.23771141469478607,0.9220292568206787,-0.05996883660554886,0.18000707030296326,-0.3374361991882324,-3.4451589584350586,-3.9175117015838623,-5.483516216278076,-0.6603939533233643,-1.713124394416809,-1.7457919120788574,-1.7619680166244507
0.07756372541189194,0.04947236180305481,0.22930504381656647,-0.021498974412679672,0.8141377568244934,0.5780619978904724,-0.050615206360816956,-3.403801918029785,-3.758544445037842,-4.496831893920898,1.8182086944580078,-1.7593135833740234,-1.7633802890777588,-1.7713679075241089
0.13018140196800232,0.034431155771017075,0.21623127162456512,-0.0806460976600647,0.5235703587532043,0.8469753265380859,0.04475615173578262,-4.031518936157227,-4.838433265686035,-5.652158260345459,0.7270488739013672,-1.761452317237854,-1.7724539041519165,-1.7724539041519165
0.22712793946266174,0.04137539863586426,0.16142785549163818,-0.20242831110954285,0.7114077806472778,0.625937283039093,-0.24723327159881592,-3.5834569931030273,-4.183188438415527,-5.9612274169921875,-2.644443988800049,1.7127071619033813,1.0738580226898193,-0.3560587763786316
0.10728257894515991,0.21923395991325378,0.18396280705928802,0.6225888729095459,0.7781731486320496,-0.018947966396808624,0.08043971657752991,-3.3417747020721436,-4.297902584075928,-5.6295857429504395,-2.59555721282959,0.8932616710662842,0.8103535175323486,0.13538888096809387
0.035121168941259384,0.268050879240036,0.1966177225112915,0.9591946005821228,-0.2702627182006836,-0.08225386589765549,0.01175055280327797,-3.928840398788452,-5.4717864990234375,-9.157190322875977,3.567518711090088,-1.6890443563461304,-1.1329803466796875,-1.7724539041519165
0.08215167373418808,0.2871926724910736,0.19510477781295776,0.9372659921646118,0.33831852674484253,-0.04096570983529091,0.07344970107078552,-3.6292738914489746,-4.129306793212891,-4.546292304992676,-1.3252954483032227,-0.25104793906211853,0.8700391054153442,0.5419012308120728
0.12907037138938904,0.2348075658082962,0.14628644287586212,0.7837945222854614,-0.4374542236328125,-0.20799314975738525,-0.38863706588745117,-3.9518580436706543,-5.04844331741333,-5.916412830352783,-1.3394578695297241,-0.1770264059305191,1.112305760383606,-0.010531284846365452
0.16977079212665558,0.21945831179618835,0.17523427307605743,0.5647194981575012,0.8013689517974854,0.05951406806707382,-0.1880365014076233,-3.7986631393432617,-4.665469646453857,-5.25956392288208,0.25310760736465454,-1.6074506044387817,-1.5895297527313232,-1.5776773691177368
0.11820775270462036,0.3022903800010681,0.15600605309009552,0.7413627505302429,0.6394450068473816,-0.1744094341993332,-0.10522682219743729,-3.7027180194854736,-3.9151785373687744,-4.581617832183838,0.590644896030426,-1.73831045627594,-1.410207986831665,-1.7677388191223145
0.12492287158966064,0.2702922224998474,0.2023622691631317,-0.27608415484428406,0.4731350839138031,0.8356168270111084,0.040807321667671204,-4.2602362632751465,-4.887907028198242,-5.127080917358398,0.2221156656742096,-1.7724539041519165,-1.7724539041519165,-1.7724539041519165
0.0830434113740921,0.30471399426460266,0.17405718564987183,0.23640364408493042,0.6962085366249084,0.6749284863471985,0.06227785721421242,-4.1371564865112305,-4.469645023345947,-5.441443920135498,-1.9138336181640625,0.0374254547059536,1.117103934288025,1.4426029920578003
0.11611911654472351,0.27238619327545166,0.22720545530319214,0.5385363101959229,-0.4819444417953491,-0.2552875578403473,-0.6422899961471558,-3.427539348602295,-4.516788959503174,-5.0505194664001465,-1.120924711227417,-0.6151543855667114,0.22510531544685364,-0.13217531144618988
0.020440805703401566,0.2593483030796051,0.2404482662677765,0.6444486975669861,0.4105600118637085,0.5430717468261719,0.34813711047172546,-3.9136548042297363,-4.4723334312438965,-5.536057949066162,-0.5228956341743469,1.2694592475891113,1.6642886400222778,1.437954306602478
0.053498275578022,0.28630784153938293,0.2198241651058197,-0.09452150017023087,0.7722241282463074,0.5880874991416931,-0.22110781073570251,-4.22395658493042,-4.91306209564209,-5.4130072593688965,0.39483195543289185,-1.757156252861023,-1.727564811706543,-1.7724539041519165
0.06812254339456558,0.30494293570518494,0.18999670445919037,0.49921926856040955,0.7934432625770569,-0.34780561923980713,0.01609748788177967,-3.942464828491211,-4.688039779663086,-5.1731133460998535,0.834844172000885,-1.7680997848510742,-1.5688809156417847,-1.768737554550171
0.10703609138727188,0.26716670393943787,0.24732306599617004,0.3931626081466675,0.1444820910692215,0.6582081913948059,0.6255478262901306,-4.015591621398926,-4.830962657928467,-4.959923267364502,-0.21767377853393555,-0.04786761477589607,1.00519597530365,0.7281957268714905
0.12640997767448425,0.2714931070804596,0.24139457941055298,0.8978233933448792,-0.16736191511154175,-0.18437835574150085,-0.36319103837013245,-3.5248000621795654,-4.206667423248291,-4.59227180480957,-0.17633169889450073,-1.6619952917099,-1.5126639604568481,-1.7213293313980103
0.10493280738592148,0.28008824586868286,0.26494425535202026,0.946901261806488,-0.002259177388623357,-0.3112097978591919,-0.08075475692749023,-2.8804585933685303,-4.138165473937988,-5.747246265411377,-1.127346396446228,-1.4374959468841553,-1.1375524997711182,-1.7677172422409058
0.07918932288885117,0.2871771454811096,0.29446449875831604,-0.3968639671802521,0.33197635412216187,0.1915799081325531,0.8340190649032593,-2.324967384338379,-3.7782957553863525,-4.783806324005127,-1.5236566066741943,-1.693596601486206,-1.4272624254226685,-1.7262269258499146
0.08435498178005219,0.2876218259334564,0.27318814396858215,-0.40767478942871094,-0.1835240125656128,0.8392717838287354,-0.3094238042831421,-4.045689582824707,-4.298646450042725,-5.003716468811035,-0.3351108133792877,-0.15673945844173431,0.47257572412490845,0.5845708250999451
0.1063561886548996,0.2736828327178955,0.20980271697044373,0.5080385804176331,0.7422873377799988,0.0739593580365181,0.43062320351600647,-7.877664566040039,-6.555787563323975,-5.704732418060303,-1.9061697721481323,0.048655569553375244,1.7724539041519165,-0.563014805316925
0.11473225802183151,0.26099085807800293,0.288605660200119,0.7323275804519653,0.5895236134529114,-0.333058625459671,0.07232004404067993,-3.6637356281280518,-3.8355114459991455,-4.605736255645752,-0.2348581850528717,-1.764151692390442,-1.7246953248977661,-1.7717251777648926
0.11989502608776093,0.25437405705451965,0.259627103805542,0.5058103799819946,0.7955365777015686,-0.33303308486938477,-0.01914151757955551,-4.630086898803711,-5.0529465675354,-5.968822956085205,0.2671641707420349,-1.178368330001831,-0.29589712619781494,-0.661618173122406
0.4772901237010956,0.1559249758720398,0.06597727537155151,0.5983319282531738,0.6264677047729492,0.31096524000167847,0.39094460010528564,-3.3763418197631836,-4.474295616149902,-5.394387245178223,-0.8870888352394104,-1.7592211961746216,-1.7372615337371826,-1.7677559852600098
0.47364822030067444,0.15522079169750214,0.06040620431303978,0.8512977361679077,0.4953320622444153,-0.05333223193883896,-0.1646023839712143,-3.8660531044006348,-4.087386131286621,-4.682145595550537,-0.6301448345184326,-0.7979544997215271,0.975490391254425,-1.6920653581619263
0.46646204590797424,0.1557132601737976,0.07389603555202484,0.9381980299949646,0.018230775371193886,-0.1945127695798874,0.28568658232688904,-4.269673824310303,-4.693480491638184,-5.930153846740723,-0.020344845950603485,-1.7724539041519165,-1.7646313905715942,-1.7724539041519165
0.46573925018310547,0.20985795557498932,0.05792658030986786,0.4885528087615967,0.5189515352249146,0.5038270354270935,0.48802024126052856,-4.431029796600342,-5.067478656768799,-5.319929599761963,-0.21825313568115234,-1.7724539041519165,-1.7724539041519165,-1.7724539041519165
0.5498313307762146,0.17531216144561768,0.035975612699985504,0.7879862189292908,0.34041887521743774,0.31310173869132996,0.40639880299568176,-3.796762704849243,-4.217228889465332,-5.144482612609863,-0.4860813319683075,-1.737988829612732,-1.771120309829712,-1.7724539041519165
0.5334160923957825,0.22234611213207245,0.03467441722750664,0.3550441861152649,0.897164523601532,-0.20552636682987213,-0.16370204091072083,-4.141355037689209,-4.478042125701904,-4.685104846954346,1.3826220035552979,-1.7724539041519165,-1.6748048067092896,-1.7724539041519165
0.5803929567337036,0.1772533357143402,0.02636340633034706,0.06593907624483109,0.6859182715415955,0.7216156125068665,0.06662634760141373,-4.2607951164245605,-4.390254497528076,-5.5031819343566895,3.715773820877075,-1.7724539041519165,-1.7724539041519165,-1.7724539041519165
0.5532630681991577,0.21052186191082,0.04107411205768585,0.11709582805633545,0.7487891316413879,0.6505431532859802,0.04895950108766556,-3.859752655029297,-4.19352912902832,-4.702328681945801,0.219837486743927,-1.405961275100708,-0.17705538868904114,-1.7659302949905396
0.4865027964115143,0.16784636676311493,0.04756726697087288,-0.4904938042163849,0.013201518915593624,0.8685436844825745,-0.06981009244918823,-3.9099504947662354,-4.658769607543945,-5.0921735763549805,-0.7925272583961487,-1.2671500444412231,-1.0678722858428955,-1.6472876071929932
0.531711995601654,0.2116623967885971,0.0711466372013092,0.9238491654396057,-0.19418631494045258,0.26808929443359375,-0.1921522319316864,-3.737349510192871,-4.355315208435059,-4.574710845947266,-1.395505666732788,-0.5591970682144165,1.0184520483016968,-1.6642704010009766
0.5589404702186584,0.20462141931056976,0.061809271574020386,0.6512667536735535,0.292337030172348,0.433318167924881,0.5501145720481873,-4.01182222366333,-4.16447114944458,-4.88516902923584,-0.38536134362220764,-1.7260785102844238,-1.7537554502487183,-1.7724539041519165
0.4971931576728821,0.15642398595809937,0.06383801251649857,0.8953737020492554,0.10159628093242645,-0.3087387979030609,-0.30440837144851685,-3.454714775085449,-5.359177112579346,-5.645686626434326,-2.8034496307373047,0.42023059725761414,1.599478006362915,-0.6619285941123962
0.5583610534667969,0.1841052621603012,0.0387917160987854,0.08225386589765549,0.938927173614502,-0.26888027787208557,-0.19837696850299835,-5.544909477233887,-6.207057476043701,-7.287407875061035,-1.3862943649291992,0.7455891370773315,1.4249138832092285,-0.8441541790962219
0.5694043636322021,0.18308667838573456,0.047745320945978165,0.9092898368835449,-0.1727951169013977,0.039980433881282806,-0.37647759914398193,-4.179819107055664,-5.34159517288208,-5.883240699768066,-1.0045160055160522,-0.39241480827331543,0.195400208234787,0.030714398249983788
0.5710437893867493,0.2009117752313614,0.06722883880138397,0.8409755229949951,0.15727461874485016,-0.5093244910240173,-0.0928085669875145,-4.153666019439697,-5.0327229499816895,-6.0776472091674805,-1.76333749294281,0.18001678586006165,1.07118558883667,0.6023930907249451
0.5699038505554199,0.22143135964870453,0.07127759605646133,0.007880968041718006,0.8613868355751038,0.4764622747898102,0.1758815050125122,-3.650071859359741,-4.444741249084473,-5.065896511077881,2.237577199935913,-1.5033127069473267,-1.1050609350204468,-1.7203975915908813
0.5828534960746765,0.17344114184379578,0.04761888086795807,0.9489110708236694,-0.2091955691576004,0.04289756715297699,-0.23230315744876862,-4.247031211853027,-4.89977502822876,-5.449010372161865,0.3765144944190979,-0.5451857447624207,0.23910462856292725,-1.2634423971176147
0.47255441546440125,0.28701022267341614,0.03410355746746063,0.950508177280426,-0.06689908355474472,-0.27122148871421814,-0.13600580394268036,-3.855023145675659,-4.483584403991699,-5.165855407714844,-1.6045500040054321,-0.8727574348449707,1.5476254224777222,-1.1371551752090454
0.4121394455432892,0.2968529760837555,0.05130587890744209,0.36344534158706665,0.3591376841068268,0.5230934619903564,0.6821296215057373,-4.120754241943359,-5.1625776290893555,-5.5970659255981445,-0.7144632935523987,-0.6681226491928101,1.5735077857971191,-0.9930121302604675
0.4381101429462433,0.26597365736961365,0.06314735114574432,0.048009272664785385,0.874776303768158,0.4634707570075989,-0.1328771561384201,-3.5422263145446777,-4.345452308654785,-4.858017444610596,0.40656179189682007,-1.7724539041519165,-1.66793954372406,-1.7724539041519165
0.4675758183002472,0.2876123785972595,0.066707544028759,0.7945354580879211,-0.3078553080558777,-0.44867244362831116,-0.26950234174728394,-4.101719379425049,-5.3014445304870605,-5.909418106079102,-1.0608407258987427,1.2403539419174194,1.7289214134216309,0.49466025829315186
0.4398665726184845,0.2999570071697235,0.06700360029935837,0.14939376711845398,0.8473097681999207,0.36483028531074524,0.355874240398407,-3.9303627014160156,-4.481112480163574,-4.965273857116699,-0.7920988202095032,-0.30581963062286377,0.8574538826942444,-0.34629902243614197
0.5406899452209473,0.24701233208179474,0.0374363474547863,0.9580929279327393,0.20677103102207184,-0.18799059092998505,-0.06295433640480042,-3.7472100257873535,-4.540621757507324,-4.925304889678955,0.42088231444358826,-1.7677634954452515,-1.7528895139694214,-1.7724539041519165
0.5826632380485535,0.2263064682483673,0.030496397987008095,0.9563270211219788,-0.24099349975585938,-0.02294640615582466,0.1638115793466568,-4.071866989135742,-4.743453502655029,-4.7810282707214355,1.2788320779800415,-1.7087451219558716,-0.9762828350067139,-1.753231406211853
0.5678032636642456,0.2807502746582031,0.032590556889772415,0.5373933911323547,0.8280786871910095,0.10326778888702393,0.12177771329879761,-3.7022547721862793,-4.189814567565918,-4.812719345092773,0.17140640318393707,-1.6948909759521484,-1.6599349975585938,-1.7724539041519165
0.5121853947639465,0.2563121020793915,0.09201042354106903,0.28347858786582947,0.7941809892654419,0.5330886244773865,0.06879628449678421,-3.485520839691162,-4.3218674659729,-4.825732707977295,-1.6635371446609497,-1.2825651168823242,-0.5680760741233826,-1.5917000770568848
0.4839852452278137,0.29278695583343506,0.04539380222558975,0.6375444531440735,0.06724467873573303,-0.6824093461036682,-0.35118746757507324,-4.220887184143066,-4.33632230758667,-4.901368618011475,-1.5762271881103516,-0.19730204343795776,0.5875413417816162,0.25339439511299133
0.5094574689865112,0.2841254770755768,0.059182148426771164,0.5801589488983154,-0.48874059319496155,-0.6412736773490906,-0.11539623886346817,-4.0254902839660645,-4.483032703399658,-5.146247863769531,-1.841335654258728,0.6256042122840881,1.541186809539795,0.34500187635421753
0.4914490580558777,0.3129698932170868,0.0423583909869194,0.48497048020362854,0.4498738944530487,0.5557718276977539,0.5035223364830017,-3.411072254180908,-4.1310577392578125,-4.5627923011779785,0.19807760417461395,-1.6212506294250488,-0.8011091947555542,-1.716373324394226
0.48160320520401,0.2565682828426361,0.08004525303840637,0.9427412152290344,-0.192345529794693,0.1233343780040741,0.24296268820762634,-3.778374433517456,-4.779569625854492,-5.147648811340332,-0.20786981284618378,-1.724928617477417,-1.5114954710006714,-1.7724539041519165
0.4882728159427643,0.283317893743515,0.08675186336040497,0.662598192691803,-0.160881906747818,-0.5150376558303833,-0.5194390416145325,-4.2406325340271,-4.625308990478516,-4.740217685699463,-0.06045454740524292,-0.6745612621307373,1.4529101848602295,-0.2930271625518799
0.5276586413383484,0.26764023303985596,0.03759170323610306,0.01175055280327797,0.8893039226531982,0.43891769647598267,0.12787365913391113,-6.4745893478393555,-7.440384387969971,-5.033602714538574,2.1756255626678467,1.7446506023406982,0.5213099122047424,0.3266875445842743
0.550105631351471,0.27457505464553833,0.0587528832256794,-0.22311004996299744,0.8674136400222778,0.4425913393497467,0.0439133383333683,-4.0304646492004395,-4.367916107177734,-4.96762228012085,16.11809539794922,-1.7067835330963135,-1.7443983554840088,-1.770162582397461
0.5380712151527405,0.2798718214035034,0.06621671468019485,0.9165254831314087,-0.33442601561546326,-0.193003311753273,-0.1043551117181778,-4.061169147491455,-4.121926784515381,-4.621999740600586,-0.5021833181381226,-1.3227018117904663,0.1478232741355896,-1.7656073570251465
0.46665018796920776,0.2019115686416626,0.09210635721683502,0.3561282753944397,0.5092783570289612,0.7136648893356323,0.3232501149177551,-3.593953847885132,-4.287139415740967,-5.00196647644043,-1.0246764421463013,-1.634539246559143,-1.5885353088378906,-1.7724539041519165
0.43052706122398376,0.20516303181648254,0.0957631766796112,0.6208184957504272,0.7408838868141174,0.24164560437202454,0.08533988893032074,-3.9650466442108154,-4.549790859222412,-5.555948257446289,-0.6446908712387085,-1.5930609703063965,0.03339232876896858,-1.6847341060638428
0.43756189942359924,0.21904172003269196,0.09804900735616684,0.7242395877838135,-0.13619737327098846,-0.4109734296798706,-0.5366825461387634,-3.6261093616485596,-4.440188884735107,-4.754681587219238,-1.0656071901321411,-0.7815890312194824,1.4358965158462524,-1.5690032243728638
0.4678404629230499,0.2167571783065796,0.11043455451726913,0.15909908711910248,0.8716071248054504,0.45356494188308716,-0.09626723825931549,-3.914820671081543,-4.2189483642578125,-5.130970478057861,-1.2712950706481934,0.24654541909694672,1.384535789489746,0.21120116114616394
0.5633076429367065,0.22865831851959229,0.09222104400396347,0.6041078567504883,0.7657063603401184,0.21915696561336517,0.026789704337716103,-3.4734714031219482,-4.5008111000061035,-4.733628749847412,-1.7968313694000244,0.8069310784339905,1.5302048921585083,0.9700311422348022
0.45066696405410767,0.2843146324157715,0.09431750327348709,-0.4299948513507843,0.17494934797286987,0.7499005794525146,0.47132399678230286,-3.7290985584259033,-4.43639612197876,-4.91316556930542,-0.5299382209777832,-1.4332844018936157,0.6265361905097961,-1.735103726387024
0.4641466736793518,0.2958218455314636,0.09748018532991409,0.9641197919845581,-0.18648761510849,-0.0354217030107975,0.18558207154273987,-3.9905757904052734,-4.313596248626709,-4.678138732910156,-1.5249264240264893,0.31791040301322937,1.4477919340133667,0.046707309782505035
0.42452847957611084,0.31478238105773926,0.09697230905294418,-0.3948374390602112,0.6854831576347351,0.46023231744766235,0.4029918611049652,-3.5915701389312744,-3.89264178276062,-4.095279216766357,-0.15333108603954315,-1.7192274332046509,-1.6814824342727661,-1.770613193511963
0.43361812829971313,0.2817325294017792,0.13085101544857025,0.5989820957183838,0.6558509469032288,0.35746029019355774,0.2886210083961487,-3.8383705615997314,-4.3105950355529785,-5.259711265563965,-1.014613389968872,-1.5084096193313599,-0.2889886796474457,-1.6259984970092773
0.42926138639450073,0.2619903087615967,0.13382980227470398,0.39315396547317505,0.8080857992172241,0.39610183238983154,0.18849565088748932,-4.02793550491333,-5.108151435852051,-5.626690864562988,-1.3879637718200684,-1.4565634727478027,-1.5157350301742554,-1.5927517414093018
0.5850656032562256,0.25030574202537537,0.0921495333313942,0.7553185820579529,0.4835347533226013,0.3626367747783661,0.25334271788597107,-3.614753246307373,-4.655632972717285,-4.969149589538574,-0.26688438653945923,-1.25700044631958,-0.5399913787841797,-1.7699803113937378
0.4773130416870117,0.2937893271446228,0.09850531816482544,-0.1951841562986374,0.35236111283302307,0.5696593523025513,0.7164028286933899,-4.2360358238220215,-4.937895774841309,-5.65896463394165,-0.5497010946273804,0.42264077067375183,1.373809576034546,1.1764838695526123
0.48997125029563904,0.3008827567100525,0.08206907659769058,0.8257520794868469,0.48296698927879333,-0.2874356806278229,-0.04750920087099075,-4.158712863922119,-4.3627028465271,-4.867614269256592,0.47014230489730835,-1.724183201789856,-1.4722881317138672,-1.7724539041519165
0.5578448176383972,0.2898874282836914,0.08679859340190887,-0.3029246926307678,0.7389902472496033,0.49963298439979553,0.3354056179523468,-4.174662113189697,-4.590351581573486,-5.053883075714111,-0.7961540222167969,-0.8608989119529724,0.9856047034263611,-1.6183310747146606
0.5452165603637695,0.2952512502670288,0.08331594616174698,-0.3645703196525574,0.17132514715194702,0.442981094121933,0.8009393811225891,-4.1826252937316895,-4.3443169593811035,-5.360172271728516,-1.015305995941162,0.6991547346115112,1.5574138164520264,0.8866026997566223
0.5694893002510071,0.30010104179382324,0.11156647652387619,0.8769655227661133,0.3224841356277466,0.08863583207130432,-0.3450784385204315,-3.5817620754241943,-4.1064348220825195,-4.81426477432251,-0.9456119537353516,-1.653045892715454,-1.6108053922653198,-1.715065598487854
0.5786166191101074,0.25011372566223145,0.09523875266313553,0.04846743866801262,0.7178947329521179,0.6305997371673584,-0.2908986806869507,-3.5317180156707764,-4.08157205581665,-4.9373016357421875,-0.9329456686973572,-1.5666176080703735,-1.542855978012085,-1.7724539041519165
0.601327657699585,0.22182205319404602,0.02455800026655197,0.6102185249328613,-0.5797815322875977,-0.5386900305747986,-0.03605261072516441,-4.009150505065918,-4.665929794311523,-4.880779266357422,0.17630483210086823,-1.1929398775100708,-0.34814316034317017,-1.6249488592147827
0.5999658107757568,0.18970070779323578,0.04556307941675186,0.26974236965179443,0.7796193957328796,0.4387766122817993,0.3562411665916443,-4.178988933563232,-4.843434810638428,-5.4469099044799805,-0.8075494170188904,-1.565761923789978,-0.27373167872428894,-1.721920371055603
0.6282908916473389,0.19236429035663605,0.043423742055892944,0.9277098774909973,0.1524767279624939,-0.011196309700608253,-0.34055814146995544,-3.664090633392334,-4.280234336853027,-4.920129299163818,0.30532440543174744,-1.5038412809371948,-1.3337208032608032,-1.7431018352508545
0.6236513257026672,0.1884097307920456,0.04255038499832153,0.9158175587654114,-0.15255063772201538,0.1239907294511795,-0.35018959641456604,-4.540886402130127,-4.993339538574219,-5.451423645019531,3.933892250061035,-0.29377567768096924,0.6056303977966309,-0.23222284018993378
0.6343859434127808,0.19683776795864105,0.03771023824810982,0.9134158492088318,0.3454538881778717,-0.05301329493522644,-0.2086208462715149,-4.4937238693237305,-5.396456718444824,-5.841443061828613,16.11809539794922,-0.8114110827445984,-0.1151658296585083,-0.9737675189971924
0.5996176600456238,0.1776769757270813,0.07177353650331497,0.117030069231987,0.4579482078552246,0.6472863554954529,0.5980031490325928,-3.8726754188537598,-4.141012191772461,-5.005859375,-0.5913020372390747,-1.6710647344589233,-1.5406209230422974,-1.7724539041519165
0.6060948967933655,0.2130461186170578,0.049441076815128326,0.3737557828426361,0.5468692779541016,0.5348017811775208,0.5246214866638184,-4.163397789001465,-4.8489670753479,-5.320089817047119,-2.250744581222534,0.48047101497650146,1.5269536972045898,0.5558453798294067
0.6096699833869934,0.23287194967269897,0.042443450540304184,0.12293857336044312,0.5570488572120667,0.7990437746047974,0.190031036734581,-3.9017677307128906,-3.949627161026001,-5.443990230560303,0.15719150006771088,-1.523431420326233,-1.5678656101226807,-1.7426351308822632
0.623051106929779,0.24200637638568878,0.019221583381295204,-0.1914648860692978,0.932512104511261,0.24537917971611023,0.1831703782081604,-3.804705858230591,-3.4954631328582764,-11.986595153808594,-0.7286538481712341,-1.7724539041519165,-1.661241054534912,-1.7724539041519165
0.6106301546096802,0.2831113040447235,0.050873663276433945,0.34767642617225647,0.857643723487854,0.21077007055282593,-0.3148719072341919,-3.762519359588623,-5.3768815994262695,-5.845606327056885,-1.1447902917861938,-0.4719618260860443,0.34824275970458984,-0.9275180697441101
0.6040143966674805,0.22600317001342773,0.055167101323604584,0.6513503193855286,-0.5916879773139954,-0.05884775146842003,-0.4713650941848755,-4.67238187789917,-5.97511625289917,-6.380506992340088,0.6484852433204651,-0.47832685708999634,0.4763251841068268,-0.34940779209136963
0.5851796269416809,0.23745150864124298,0.06198855862021446,0.23643174767494202,0.6375018358230591,0.5143236517906189,0.5226495862007141,-4.685755252838135,-6.283380031585693,-6.45277738571167,2.301835060119629,0.4094623625278473,0.8535817861557007,0.4594646096229553
0.6137096881866455,0.3439386487007141,0.0409238301217556,0.12299948930740356,0.8096118569374084,0.5356345176696777,0.2061440497636795,-3.608659267425537,-3.963839530944824,-4.981378555297852,-1.071078896522522,-1.224114179611206,-0.9323535561561584,-1.6001428365707397
0.5870689153671265,0.2987833619117737,0.0483357273042202,0.6969587206840515,0.6922245025634766,-0.09750960767269135,-0.159892737865448,-3.660970687866211,-4.272519111633301,-5.529247283935547,-1.8944284915924072,0.19596973061561584,1.2830086946487427,0.7000574469566345
0.6014159917831421,0.2531757950782776,0.08637899160385132,0.911117672920227,0.2962571382522583,-0.24247469007968903,-0.1526511013507843,-3.76531982421875,-4.409310340881348,-5.115963459014893,-0.5359607934951782,-0.7519606351852417,-0.17135591804981232,-1.6055582761764526
0.5886185169219971,0.28963857889175415,0.06881926953792572,0.5789104104042053,-0.6782504320144653,-0.39855051040649414,-0.21446822583675385,-4.149641036987305,-4.433967590332031,-5.053138732910156,-0.17177727818489075,-0.09310756623744965,0.5600602030754089,-0.0983959510922432
0.6005458831787109,0.28965213894844055,0.06346992403268814,0.9403678774833679,-0.0000181034738488961,-0.20789386332035065,0.26923665404319763,-4.884729862213135,-5.078222274780273,-5.476466655731201,3.0757181644439697,-1.4559760093688965,-1.1781355142593384,-1.7724539041519165
0.5960198640823364,0.2749435305595398,0.09954537451267242,-0.4954254627227783,0.19507820904254913,0.8160527944564819,0.22484657168388367,-3.8486804962158203,-4.505703449249268,-5.253081321716309,-0.8536354303359985,-0.19417673349380493,0.4003986716270447,-0.5077264904975891
0.5949903130531311,0.29073062539100647,0.06725100427865982,0.8016640543937683,0.022829001769423485,-0.5333195328712463,-0.2690425217151642,-4.196542263031006,-4.7507805824279785,-4.997957229614258,-0.38714560866355896,-1.7021903991699219,-1.761108160018921,-1.769515037536621
0.6121905446052551,0.24490061402320862,0.10033070296049118,0.06355142593383789,0.6383619904518127,0.5989517569541931,0.47928279638290405,-3.9179697036743164,-4.853387832641602,-4.9141974449157715,-0.5885676741600037,0.006097800098359585,0.8778406381607056,-0.7336450815200806
0.6134932637214661,0.24131737649440765,0.09348946064710617,-0.015119388699531555,0.6247065663337708,0.7366144061088562,0.25867411494255066,-3.730867385864258,-4.909534454345703,-5.505441665649414,-0.8020774722099304,-1.4023675918579102,-0.8642297387123108,-1.6939811706542969
0.5984424948692322,0.2783944010734558,0.095761738717556,0.5332310795783997,-0.32462480664253235,-0.7147302627563477,-0.3153473436832428,-3.9522111415863037,-5.1953887939453125,-5.9282050132751465,-0.5092943906784058,0.5728690028190613,1.3530088663101196,0.4337531626224518
0.5662363767623901,0.31169015169143677,0.08484487980604172,0.918039858341217,0.27131888270378113,0.03101339563727379,-0.2874492406845093,-3.4361915588378906,-3.599836826324463,-4.676664352416992,-0.1928880512714386,-1.4050122499465942,-1.2497400045394897,-1.647875428199768
0.6014737486839294,0.2674383521080017,0.10859739780426025,0.8961988091468811,0.06072022020816803,-0.38452696800231934,-0.2127903550863266,-4.215782165527344,-4.978312015533447,-5.904018878936768,-0.9889400601387024,0.9374467134475708,1.515523910522461,1.2388819456100464
0.13311251997947693,0.31423965096473694,0.03723668307065964,0.8979976177215576,0.3582521080970764,-0.08788339048624039,-0.2398587167263031,-3.6341912746429443,-4.836503505706787,-5.297314643859863,-1.3249675035476685,0.07080935686826706,1.373439908027649,0.5496242642402649
0.04009046405553818,0.35889050364494324,0.07303553819656372,0.3171924948692322,0.5047472715377808,0.7684444785118103,0.2326202243566513,-3.474379539489746,-4.162870407104492,-4.787710189819336,1.5729511976242065,-1.758100152015686,-1.5346481800079346,-1.75167977809906
0.11789071559906006,0.3357642889022827,0.05780288577079773,-0.00311431847512722,0.5951411128044128,0.5684430003166199,0.5680404305458069,-5.069197177886963,-5.3680925369262695,-6.294545650482178,0.5841861963272095,-0.5404825806617737,0.35359522700309753,0.11786153167486191
0.15910370647907257,0.32342660427093506,0.08668361604213715,0.5454660654067993,0.7728825807571411,-0.3166177570819855,0.06980302184820175,-3.532832384109497,-4.657223701477051,-5.2405104637146,-1.2993993759155273,0.1256609708070755,1.2792493104934692,0.22692905366420746
0.13716097176074982,0.33262696862220764,0.0761534795165062,0.670670747756958,0.6868541240692139,0.05611994490027428,-0.2743769884109497,-4.347117900848389,-5.2308244705200195,-5.688175201416016,-2.864670753479004,0.014019425958395004,1.7724539041519165,-1.635891079902649
0.027337050065398216,0.40317195653915405,0.036711983382701874,0.1808171421289444,0.5924674868583679,0.7636392712593079,-0.18205080926418304,-3.642195224761963,-4.622820854187012,-4.980071544647217,-1.6534146070480347,0.07602361589670181,1.1134231090545654,1.3620270490646362
0.023071413859725,0.36046329140663147,0.09261351823806763,0.9206080436706543,-0.3282628357410431,0.046988628804683685,0.20619507133960724,-4.205018520355225,-4.304047584533691,-4.651140213012695,0.3980315327644348,-0.49425259232521057,0.5959588885307312,0.637248158454895
0.033764827996492386,0.3306633532047272,0.1160501167178154,0.8208969831466675,0.1751672327518463,0.4282434582710266,0.3347418010234833,-3.6701366901397705,-4.30196475982666,-4.497592449188232,16.11809539794922,-1.6925417184829712,-1.4092726707458496,-1.7724539041519165
0.11115320771932602,0.30673420429229736,0.13855049014091492,-0.2792707681655884,0.6444027423858643,0.3066837787628174,0.6424157619476318,-3.9905409812927246,-4.533507347106934,-4.977814674377441,0.31584641337394714,-0.6876744031906128,0.20098531246185303,-0.17884846031665802
0.071458600461483,0.3350231349468231,0.13020168244838715,0.6258824467658997,0.23334535956382751,-0.684394359588623,0.29227638244628906,-4.521337032318115,-5.086787223815918,-5.237983226776123,16.11809539794922,-1.6134705543518066,-0.5784822106361389,-1.6989521980285645
0.056894756853580475,0.33242136240005493,0.1468646228313446,0.0021237169858068228,0.6920779347419739,0.5657041668891907,0.44833293557167053,-3.841252088546753,-4.682117462158203,-4.771028995513916,-1.221146583557129,-0.09599065780639648,0.6494441628456116,0.304659366607666
0.09896881133317947,0.33042261004447937,0.11810331046581268,0.10873377323150635,0.36580824851989746,0.8976758718490601,0.2203163057565689,-3.881970167160034,-4.443967819213867,-4.755150318145752,-0.01776246353983879,-1.764404535293579,-1.589112639427185,-1.7724539041519165
0.014512366615235806,0.3665268123149872,0.11445999890565872,0.33412232995033264,0.6558367609977722,0.6638188362121582,0.13260844349861145,-4.0732951164245605,-4.592910289764404,-5.928617000579834,1.3658475875854492,-1.7724539041519165,-1.6157469749450684,-1.7724539041519165
0.02871168777346611,0.36495551466941833,0.14818225800991058,0.6589028239250183,0.6620970964431763,-0.25053709745407104,0.254373162984848,-4.482479095458984,-4.7568888664245605,-6.262639999389648,16.11809539794922,-0.31321007013320923,0.04625055566430092,-0.8200610876083374
0.0328948013484478,0.364157110452652,0.15904928743839264,0.5403689742088318,-0.6198797225952148,-0.28326764702796936,-0.49346724152565,-4.1700849533081055,-4.896734237670898,-5.60808801651001,0.09725754708051682,0.5508970022201538,0.8908647298812866,-0.047066330909729004
0.06036575511097908,0.3504311740398407,0.13514208793640137,0.6450991630554199,0.7032837867736816,-0.1721828728914261,-0.24411484599113464,-4.049978256225586,-4.859219551086426,-5.3457722663879395,-0.4226891100406647,-1.6587485074996948,-1.072085976600647,-1.7432445287704468
0.12328236550092697,0.34239432215690613,0.08217652142047882,0.5704496502876282,0.4249299466609955,0.2810057997703552,0.6442495584487915,-6.211367130279541,-6.396814346313477,-6.890096664428711,-1.5818811655044556,1.5940742492675781,1.7724539041519165,0.6235423684120178
0.23591193556785583,0.3446473479270935,0.088416188955307,0.7388063073158264,-0.5190105438232422,-0.4289933443069458,0.027531392872333527,-3.0197131633758545,-4.00098991394043,-4.645482063293457,-2.539699077606201,1.2430757284164429,1.7167209386825562,1.430519700050354
0.4172861874103546,0.3346540331840515,0.05353627726435661,0.9551851153373718,0.27086013555526733,-0.11698754876852036,0.02387692593038082,-3.5438742637634277,-3.9816672801971436,-5.409921169281006,0.839923083782196,-1.7617851495742798,-1.1391352415084839,-1.7724539041519165
0.29821693897247314,0.31582993268966675,0.05688582733273506,0.5864709615707397,0.0037453442346304655,-0.6891318559646606,-0.4255996644496918,-3.834960460662842,-4.224184989929199,-4.873782157897949,-1.5572766065597534,0.492596834897995,1.2840827703475952,-0.23798976838588715
0.3157987594604492,0.359811931848526,0.049654241651296616,-0.4332621097564697,0.5206398963928223,0.4575209617614746,0.5761011838912964,-3.846775531768799,-4.349461078643799,-5.256991386413574,-0.6555699706077576,-1.6417776346206665,-0.9038476347923279,-1.7096589803695679
0.3792566955089569,0.34849655628204346,0.07072021812200546,0.11191637068986893,0.6369941830635071,0.5893298983573914,0.48415225744247437,-3.82535457611084,-4.280667781829834,-4.490988731384277,-0.5739889740943909,-1.751510500907898,-1.6378552913665771,-1.7718021869659424
0.40395593643188477,0.32364463806152344,0.04561936855316162,-0.20535463094711304,0.7729949951171875,0.486939936876297,0.35099533200263977,-3.603153944015503,-3.814520835876465,-4.265108108520508,-0.9135950207710266,-1.42832350730896,0.11459925025701523,-1.4949390888214111
0.40542370080947876,0.3199191093444824,0.09578201174736023,0.753551721572876,0.6362341642379761,-0.0841309055685997,-0.1424354612827301,-3.7445712089538574,-4.168430805206299,-5.08699369430542,-0.8889021277427673,0.0837244912981987,1.4231446981430054,0.6236975789070129
0.32241061329841614,0.3800503611564636,0.1069156602025032,-0.18682537972927094,0.8760871887207031,0.3952537178993225,0.20332737267017365,-3.239036798477173,-4.052901268005371,-4.897296905517578,-1.0081270933151245,-0.9808415174484253,-0.39094048738479614,-1.0477216243743896
0.3318099081516266,0.3984271287918091,0.05747484788298607,0.3531188666820526,0.87621009349823,-0.2015424221754074,-0.2587345242500305,-3.7066800594329834,-3.97674560546875,-4.8237223625183105,-1.5983139276504517,-1.7487343549728394,-1.295514464378357,-1.7710201740264893
0.2789376974105835,0.4005562663078308,0.05455615743994713,0.5812373757362366,-0.44862186908721924,-0.36329469084739685,-0.5735141634941101,-3.4976277351379395,-3.9937288761138916,-4.543692588806152,-1.7056663036346436,-0.7915393114089966,0.36990612745285034,-1.1520073413848877
0.3006765842437744,0.4439232349395752,0.04155962914228439,0.6141766905784607,0.7153134942054749,0.08958332985639572,-0.32107388973236084,-3.959580898284912,-4.362415790557861,-5.153248310089111,-0.775901734828949,-1.24674654006958,-0.5055747628211975,-1.5503286123275757
0.2431376725435257,0.3750620484352112,0.04557820037007332,-0.41679900884628296,0.2923814058303833,0.8316019773483276,-0.2218780815601349,-10.03187084197998,-5.1574015617370605,-4.102154731750488,-0.133531391620636,-1.577831506729126,-0.7715387940406799,-1.7724539041519165
0.30564433336257935,0.44556760787963867,0.06026279926300049,0.8510326743125916,0.47388336062431335,-0.21348342299461365,-0.074851393699646,-3.688184976577759,-4.604654312133789,-5.694118976593018,-1.9836416244506836,0.8345233798027039,1.4715591669082642,1.4251430034637451
0.28464043140411377,0.44480255246162415,0.04093519225716591,0.7891679406166077,0.5404165387153625,-0.07814231514930725,-0.2811719477176666,-4.230374336242676,-4.998058319091797,-6.069546699523926,-0.9132313132286072,-0.03410262241959572,0.8810974955558777,0.16747334599494934
0.29451611638069153,0.40780752897262573,0.00979669950902462,0.03525165840983391,0.9414253830909729,-0.11266706138849258,-0.31588250398635864,-5.036163806915283,-9.626957893371582,-6.164749622344971,-0.9135472178459167,-0.1459668129682541,-0.8688499927520752,-1.0495707988739014
0.3607041835784912,0.42070242762565613,0.05976108834147453,0.5110874772071838,0.7937968969345093,-0.2946767508983612,-0.14778929948806763,-3.403452157974243,-4.176492691040039,-4.748887062072754,-1.6403741836547852,-1.6964646577835083,-1.1101855039596558,-1.768858551979065
0.33498409390449524,0.3632909655570984,0.0878593772649765,0.807631254196167,-0.4385274350643158,-0.34861505031585693,-0.18410058319568634,-4.2141852378845215,-4.317934036254883,-4.919727325439453,-0.2112722545862198,-0.24312615394592285,0.5375599265098572,0.10793320089578629
0.3640698492527008,0.3941221833229065,0.07133207470178604,0.5516926050186157,-0.33329448103904724,-0.33334723114967346,-0.6880622506141663,-3.6830947399139404,-4.539997100830078,-4.786416530609131,-1.5151572227478027,-1.158821702003479,-0.37356022000312805,-1.4043192863464355
0.36305171251296997,0.3893323242664337,0.07554726302623749,0.09942292422056198,0.4844661355018616,0.8406633138656616,-0.22066454589366913,-3.862001657485962,-4.983820915222168,-5.211758136749268,-2.3455212116241455,0.15888766944408417,0.748841404914856,0.7903168797492981
0.32337334752082825,0.440682053565979,0.07336041331291199,0.6324562430381775,0.7149839401245117,-0.21189327538013458,-0.20951931178569794,-3.8434319496154785,-4.620009899139404,-6.191328525543213,-1.0809705257415771,-0.4433044493198395,0.6607362031936646,-0.4116879105567932
0.3052586019039154,0.3890952169895172,0.11884212493896484,0.5441608428955078,-0.6761011481285095,-0.3135547637939453,-0.3853045403957367,-3.5539793968200684,-4.5053887367248535,-4.8480095863342285,-1.3556021451950073,0.21096768975257874,1.0131076574325562,0.4428224265575409
0.3479698598384857,0.35144898295402527,0.10550388693809509,0.6168744564056396,-0.6272140741348267,-0.41810595989227295,-0.22639760375022888,-3.7551681995391846,-4.564042091369629,-5.097241401672363,-2.1809661388397217,0.5348756313323975,1.5694257020950317,1.343263030052185
0.31952065229415894,0.368246465921402,0.09132631868124008,0.6966426968574524,0.6124924421310425,-0.3725024461746216,-0.027997568249702454,-4.945674896240234,-5.366067409515381,-6.242759704589844,0.9070870876312256,0.0937819704413414,0.9496885538101196,0.6138483881950378
0.33793577551841736,0.35988160967826843,0.0929219201207161,0.05076476186513901,0.595717191696167,0.8015825748443604,-0.0030541541054844856,-4.089615345001221,-4.205965995788574,-4.86140251159668,-0.3657231628894806,-1.666550636291504,-0.9205710887908936,-1.7574015855789185
0.33456578850746155,0.3645103871822357,0.12215810269117355,0.9860514402389526,-0.007929525338113308,-0.04121605306863785,-0.16106200218200684,-3.8747565746307373,-4.54241943359375,-4.744010925292969,1.12212336063385,-1.5407819747924805,-1.0294464826583862,-1.6918443441390991
0.3625156581401825,0.3590952157974243,0.12958142161369324,0.8192741870880127,0.541804850101471,0.08206366747617722,-0.16882793605327606,-4.051866054534912,-4.972059726715088,-5.6497039794921875,-0.3529486060142517,-0.22754383087158203,0.7743213772773743,0.24653102457523346
0.34010234475135803,0.3678189218044281,0.1400277465581894,0.8865928053855896,-0.14644300937652588,-0.2591494917869568,-0.35404685139656067,-3.8930437564849854,-4.415434837341309,-4.916103363037109,-1.1985530853271484,-1.5779085159301758,-1.4160884618759155,-1.7724539041519165
0.27081140875816345,0.4496498107910156,0.08313693851232529,0.5267834663391113,0.8439149856567383,0.08135180920362473,-0.06073316931724548,-3.6493546962738037,-4.723513126373291,-5.784762382507324,-1.6933233737945557,0.5339277386665344,1.6324129104614258,0.6564116477966309
0.30496931076049805,0.36556747555732727,0.18361997604370117,-0.4781697988510132,0.28080621361732483,0.4245361089706421,0.7157307863235474,-3.4766948223114014,-4.300837516784668,-4.902632713317871,-1.8232271671295166,0.9785142540931702,1.730825424194336,1.368870496749878
0.3348754942417145,0.37468549609184265,0.1386869251728058,0.4213830530643463,0.11557291448116302,0.4487014412879944,0.77958083152771,-4.0967326164245605,-4.311328411102295,-4.679516315460205,0.06003623083233833,-1.338862419128418,-0.29701030254364014,-1.7369410991668701
0.058741141110658646,0.6086023449897766,0.05117015168070793,0.2507743537425995,0.8274971842765808,0.48413658142089844,-0.13406138122081757,-4.131292819976807,-4.591412544250488,-4.889913558959961,2.230374813079834,-1.756102204322815,-1.2596529722213745,-1.7724539041519165
0.05425829440355301,0.6299105286598206,0.06156323477625847,0.02489566057920456,0.8311873078346252,0.5311422944068909,0.16246750950813293,-4.4465484619140625,-4.721221923828125,-5.100327968597412,-1.2344006299972534,-0.671739935874939,0.2777414619922638,-1.7724539041519165
0.15648192167282104,0.5984815359115601,0.06606962531805038,-0.4758983850479126,0.7214211225509644,0.44436636567115784,0.23581942915916443,-3.663825750350952,-4.105973720550537,-5.66508674621582,-1.9505925178527832,-1.1794016361236572,-0.34054476022720337,-0.780608594417572
0.11717166751623154,0.6095380187034607,0.07454764097929001,0.5907384157180786,0.3519193232059479,0.2663034200668335,0.6754727363586426,-4.425734519958496,-4.550834655761719,-4.777247905731201,16.11809539794922,-1.7070952653884888,-1.1728744506835938,-1.7088923454284668
0.10096226632595062,0.5869036316871643,0.10373105108737946,0.6784749627113342,0.7013682723045349,0.16016137599945068,-0.1486693173646927,-3.3220672607421875,-4.017556667327881,-4.513461589813232,-1.336155652999878,-1.7481249570846558,-1.3407588005065918,-1.751560926437378
0.10424403101205826,0.619032084941864,0.07921401411294937,0.7140563130378723,-0.2872945964336395,-0.6249583959579468,0.13043145835399628,-4.006583213806152,-4.6666107177734375,-4.805910587310791,0.911874532699585,-1.6545377969741821,-0.7664825320243835,-1.666953206062317
0.12746562063694,0.6284813284873962,0.10087770968675613,-0.3958113491535187,0.7090174555778503,0.4347737431526184,0.38935771584510803,-3.4697225093841553,-3.878740072250366,-4.43343448638916,-2.223963737487793,0.23611168563365936,0.9004380106925964,0.6787459850311279
0.04117121919989586,0.5066219568252563,0.10142716020345688,0.9705479145050049,-0.06829170882701874,0.011721876449882984,0.23072847723960876,-4.33822774887085,-4.450122833251953,-5.152153968811035,-0.7178309559822083,-1.7374881505966187,-1.2469310760498047,-1.7700756788253784
0.038563430309295654,0.5553460121154785,0.13316573202610016,-0.014744912274181843,0.5159939527511597,0.8300021290779114,-0.21125642955303192,-3.950683116912842,-4.71134614944458,-5.744136810302734,1.2380707263946533,-1.770713448524475,-1.2120391130447388,-1.7724539041519165
0.022728733718395233,0.6116542220115662,0.08830679208040237,0.9631277918815613,0.2338804006576538,-0.042919039726257324,0.1258680671453476,-3.954604387283325,-4.2777557373046875,-5.308460712432861,-0.11899588257074356,-1.7724539041519165,-1.2854585647583008,-1.7724539041519165
0.011327282525599003,0.6194394826889038,0.0754617229104042,-0.40699735283851624,0.3972417116165161,0.2684932053089142,0.7774725556373596,-4.023675918579102,-4.689041614532471,-5.5083208084106445,-1.2544385194778442,1.056418538093567,1.5308550596237183,1.7724539041519165
0.07180112600326538,0.625985860824585,0.08298401534557343,0.9825865030288696,0.17360857129096985,0.03733308985829353,-0.054681554436683655,-4.028476238250732,-4.418449878692627,-4.9643168449401855,0.5878530144691467,-1.769948959350586,-1.390907883644104,-1.7724539041519165
0.0884089469909668,0.5864235162734985,0.14336688816547394,0.21923746168613434,0.5946462154388428,0.41061684489250183,0.6555338501930237,-4.0093092918396,-4.378704071044922,-5.34179162979126,-1.7173559665679932,-1.267315149307251,-0.7806608080863953,-0.9040272235870361
0.10878510773181915,0.5720496773719788,0.1026623472571373,0.04131736233830452,0.48150554299354553,0.45682233572006226,0.7468324303627014,-3.4605510234832764,-4.047272205352783,-4.93367338180542,-1.7640275955200195,0.44477275013923645,1.2150609493255615,1.3294711112976074
0.12448667734861374,0.5606435537338257,0.09218446910381317,0.9596407413482666,0.1309606432914734,0.10920325666666031,-0.2236371785402298,-4.1097564697265625,-4.6227874755859375,-5.057263374328613,16.11809539794922,-1.7152988910675049,-1.1240379810333252,-1.7050222158432007
0.13295897841453552,0.5466222763061523,0.08388179540634155,0.17665588855743408,0.47029727697372437,0.3437011241912842,0.793399453163147,-5.080179214477539,-5.678577899932861,-6.047797679901123,1.090396761894226,-0.769802987575531,-0.061327412724494934,-0.4861542880535126
0.15420778095722198,0.6165022253990173,0.08221276849508286,0.8841200470924377,0.46615761518478394,-0.014061586931347847,-0.028827670961618423,-4.280238151550293,-4.588470458984375,-5.123068809509277,16.11809539794922,-1.7242714166641235,-1.1988741159439087,-1.7198593616485596
0.13710762560367584,0.6263237595558167,0.10877616703510284,-0.35481134057044983,0.5057761073112488,0.5639250874519348,0.547985315322876,-3.46142578125,-3.9729983806610107,-4.633325576782227,-1.421387791633606,-0.820400059223175,-0.1429494172334671,-0.4566570818424225
0.1787291169166565,0.6121799349784851,0.12940265238285065,-0.4223150610923767,0.747032105922699,0.13233737647533417,0.49606433510780334,-4.027246952056885,-4.922058582305908,-6.33534049987793,-1.9032466411590576,-0.3602028489112854,0.4376896619796753,0.3449729382991791
0.15778705477714539,0.6242515444755554,0.08888570219278336,0.051581401377916336,0.830315351486206,0.5088451504707336,0.2213423103094101,-4.245555400848389,-4.455618858337402,-5.029893398284912,-0.3987087309360504,-1.2720786333084106,-0.6001393795013428,-1.3020033836364746
0.14758814871311188,0.6040840744972229,0.12586139142513275,-0.15137477219104767,0.9512459635734558,0.2605857849121094,-0.0656648501753807,-4.5705413818359375,-5.31307315826416,-11.839070320129395,-1.0317493677139282,-1.6334378719329834,-1.4805203676223755,-1.7724539041519165
0.19103296101093292,0.6170746088027954,0.12767243385314941,0.4733507037162781,0.815072238445282,-0.3295619785785675,0.05463744327425957,-4.554065227508545,-4.646833419799805,-5.25661563873291,-0.6087556481361389,-1.6716761589050293,-1.305379867553711,-1.6510623693466187
0.056363433599472046,0.30670541524887085,0.1740145981311798,0.180376797914505,0.8002986311912537,0.5345600247383118,-0.2030564397573471,-2.9144463539123535,-4.261919021606445,-4.361076831817627,-1.2293097972869873,-1.570821762084961,-1.5253770351409912,-1.7724539041519165
0.04948626458644867,0.31837141513824463,0.18660566210746765,0.92373126745224,-0.2412433624267578,0.28689631819725037,0.07882056385278702,-3.78792142868042,-3.859744071960449,-4.703704833984375,0.142902210354805,-1.7082351446151733,-0.7407726645469666,-1.750279188156128
0.07430503517389297,0.33831244707107544,0.16882838308811188,0.7459923028945923,0.550392746925354,-0.31666404008865356,-0.20071657001972198,-4.458455562591553,-4.617215633392334,-5.08096981048584,16.11809539794922,-1.7215559482574463,-0.8211506009101868,-1.7503082752227783
0.09261245280504227,0.32749104499816895,0.16669107973575592,0.5504937171936035,-0.7314751148223877,-0.11843131482601166,-0.3845450282096863,-4.361798286437988,-5.179315567016602,-5.808178901672363,-2.7439064979553223,0.4232954978942871,1.724273920059204,1.1688176393508911
0.014965569600462914,0.3179166913032532,0.1699347347021103,0.11865915358066559,0.8470320701599121,0.4997716248035431,-0.13669292628765106,-3.3384041786193848,-4.160531520843506,-5.612625598907471,1.2759134769439697,-1.6996691226959229,-1.1290546655654907,-1.7724539041519165
0.0642198845744133,0.35371133685112,0.16426780819892883,-0.3129652142524719,0.4580271542072296,0.33881106972694397,0.7599151134490967,-4.300228595733643,-5.169110298156738,-5.682342052459717,1.6475019454956055,-0.5122932195663452,-0.000018863414879888296,-0.40251368284225464
0.05648444592952728,0.36035773158073425,0.1622646301984787,-0.30046406388282776,0.5012490153312683,0.341682493686676,0.7360188961029053,-4.867771625518799,-5.688137054443359,-6.6483049392700195,2.7222671508789062,-1.1545747518539429,-0.7881726622581482,-1.1813955307006836
0.08889444917440414,0.34296613931655884,0.1869526505470276,0.5901821255683899,0.753506600856781,-0.27416038513183594,-0.09353591501712799,-4.341204643249512,-4.686161041259766,-5.540792942047119,16.11809539794922,-0.5702723860740662,-0.029581857845187187,-0.7255908250808716
0.03254987671971321,0.3312050998210907,0.2028416246175766,0.5335492491722107,0.8333976864814758,0.046412549912929535,0.1364527940750122,-4.056634902954102,-4.442290306091309,-5.479785919189453,-0.41058826446533203,0.07401163876056671,0.6970243453979492,0.5137325525283813
0.049990441650152206,0.3526727557182312,0.19936519861221313,0.7583521008491516,0.5417095422744751,0.13184316456317902,-0.3377428352832794,-4.264729976654053,-4.835011005401611,-5.0902533531188965,-0.2709644138813019,-1.5788615942001343,-1.149858832359314,-1.6518603563308716
0.04909547418355942,0.359235018491745,0.20968367159366608,0.5192291140556335,-0.5309377908706665,-0.47771206498146057,-0.4693584740161896,-4.243890285491943,-4.93386173248291,-5.692174911499023,1.547011375427246,-0.5307744145393372,0.00998086016625166,-0.470069944858551
0.08600326627492905,0.342952162027359,0.18424762785434723,0.5109227895736694,0.8361141681671143,-0.1970398873090744,-0.032347388565540314,-4.456851482391357,-4.9508585929870605,-5.202492713928223,2.4427330493927,0.4191197156906128,0.7696043848991394,-0.15652810037136078
0.05845800042152405,0.32308143377304077,0.21337144076824188,0.7539647817611694,0.145772784948349,0.47502538561820984,0.42969557642936707,-4.325770854949951,-4.954099178314209,-6.001491546630859,-1.2868565320968628,-1.1681509017944336,-0.709514856338501,-0.9729912281036377
0.11274320632219315,0.3285899758338928,0.19047753512859344,0.3134627938270569,0.7022335529327393,0.6213533878326416,-0.15009665489196777,-4.765746593475342,-5.178383827209473,-5.854536056518555,-0.5087643265724182,-0.9686542749404907,-0.5874491930007935,-1.413755178451538
0.08837063610553741,0.30280208587646484,0.24604657292366028,-0.2564142644405365,0.43017250299453735,0.3726455271244049,0.7812417149543762,-4.098084926605225,-4.494719982147217,-5.1090850830078125,0.3617010712623596,-1.7316255569458008,-1.3205317258834839,-1.7658199071884155
0.06512599438428879,0.30390456318855286,0.2570915222167969,0.557697594165802,0.04145341366529465,-0.726798415184021,-0.3987719416618347,-3.5579869747161865,-4.525225639343262,-4.938743591308594,-0.9343783259391785,-0.7371847629547119,-0.12131528556346893,-0.4398288130760193
0.046678993850946426,0.31823375821113586,0.2373580038547516,0.3578663766384125,0.8468691110610962,0.2859542667865753,-0.27013805508613586,-3.623128890991211,-4.932290554046631,-5.455440044403076,-1.6118714809417725,-1.534299373626709,-1.2862625122070312,-1.7396143674850464
0.09078960865736008,0.30827921628952026,0.24400608241558075,0.8725326061248779,-0.3571833074092865,0.308024138212204,0.12738946080207825,-3.97009015083313,-4.769546985626221,-5.153576374053955,1.9248303174972534,-0.9133094549179077,-0.19071747362613678,-0.7173656821250916
0.07715204358100891,0.30268168449401855,0.259141206741333,0.15596288442611694,0.6293790340423584,0.5494520664215088,0.5269345045089722,-5.132655143737793,-5.621328830718994,-6.142102241516113,-0.7876357436180115,0.8902268409729004,1.6898621320724487,0.35453590750694275
0.08457761257886887,0.26188305020332336,0.29700252413749695,0.11470295488834381,0.7216991186141968,0.6394506096839905,-0.2389487326145172,-3.430136203765869,-4.441705703735352,-5.17584228515625,-0.4001467525959015,-1.0353771448135376,-0.44208911061286926,-0.7559797167778015
0.279428094625473,0.3592207729816437,0.16977830231189728,0.5190399289131165,0.8480322957038879,0.007216287311166525,0.1067083552479744,-3.965693473815918,-4.347535610198975,-4.6900835037231445,-1.129382610321045,-1.647147297859192,-1.3746393918991089,-1.7207098007202148
0.2957231402397156,0.368070125579834,0.17065410315990448,0.8833547830581665,-0.08153638243675232,0.2553931176662445,0.38446125388145447,-4.44465970993042,-4.578486919403076,-4.941716194152832,-1.5649199485778809,-1.1354924440383911,-0.3797842264175415,-1.7724539041519165
0.29958319664001465,0.3749910593032837,0.18376798927783966,0.9357236623764038,-0.3040443956851959,-0.09347338229417801,0.15244995057582855,-3.7774438858032227,-4.30194616317749,-4.916915416717529,-2.23034405708313,0.5377219319343567,1.2508182525634766,0.6735062003135681
0.3437004089355469,0.3733169138431549,0.16790670156478882,0.5354940891265869,-0.6972686052322388,-0.4529390335083008,-0.14801621437072754,-4.250021457672119,-4.617135524749756,-5.673468589782715,-1.0319231748580933,-0.695702075958252,0.15217149257659912,-0.7108051776885986
0.31137964129447937,0.34501656889915466,0.20221099257469177,0.09419301897287369,0.8558645844459534,0.43257996439933777,-0.26739126443862915,-3.514040946960449,-4.372830867767334,-5.259472846984863,-0.272804319858551,-1.4873496294021606,-0.8367958664894104,-1.7286931276321411
0.3196689486503601,0.36474648118019104,0.18394626677036285,0.5181202292442322,-0.29729053378105164,-0.33320412039756775,-0.7294825315475464,-3.4003207683563232,-4.116748809814453,-4.68181037902832,-0.9850192666053772,-0.7224031686782837,0.5396178364753723,-1.2628780603408813
0.3242107331752777,0.35588058829307556,0.20061856508255005,0.036767296493053436,0.46097028255462646,0.858479380607605,-0.2217380255460739,-3.7718682289123535,-4.452065467834473,-5.292309284210205,-0.5042538642883301,-0.2729838192462921,0.6477882862091064,-0.1518624871969223
0.2998228371143341,0.3885572850704193,0.15967957675457,0.40297484397888184,0.6762775778770447,-0.5287748575210571,0.3172649145126343,-5.93571662902832,-8.524078369140625,-6.747656345367432,-1.513692855834961,0.8000506162643433,1.188586711883545,-0.6603260040283203
0.055631354451179504,0.5395018458366394,0.2477683424949646,0.6926010251045227,0.6806476712226868,0.08401763439178467,-0.22352540493011475,-4.024882793426514,-4.271452903747559,-4.760852336883545,1.0234313011169434,-1.74724543094635,-1.1858391761779785,-1.7653636932373047
0.05366569012403488,0.46033018827438354,0.2858196198940277,0.9279670715332031,0.05170518159866333,0.2595578730106354,0.2623611390590668,-4.409482002258301,-4.636137008666992,-5.166569232940674,16.11809539794922,-1.7724539041519165,-1.4211617708206177,-1.7724539041519165
0.06194241717457771,0.5533947944641113,0.25386694073677063,0.8364039659500122,0.3948970437049866,-0.022517478093504906,0.3794439733028412,-3.785090684890747,-4.178747653961182,-4.8020172119140625,-1.9817262887954712,-0.11948204785585403,0.5826239585876465,0.11810844391584396
0.0576544888317585,0.5526116490364075,0.26014867424964905,0.7544581890106201,0.5770560503005981,0.11170487105846405,-0.29209789633750916,-3.5879576206207275,-3.9441134929656982,-4.433845520019531,-1.0137168169021606,-1.0656802654266357,-0.31241974234580994,-0.8625826239585876
0.06449755281209946,0.552348256111145,0.25522762537002563,0.6183612942695618,0.660404622554779,-0.01522089820355177,-0.42575034499168396,-4.417063236236572,-4.9278950691223145,-5.452264785766602,0.4151749312877655,-1.7724539041519165,-1.3581637144088745,-1.7724539041519165
0.07001439481973648,0.5742847323417664,0.27579018473625183,0.5199440717697144,0.7872751355171204,0.14561188220977783,-0.2977469265460968,-3.772566080093384,-4.311473846435547,-5.331092834472656,-0.8215457201004028,-1.531480312347412,-0.9535531997680664,-1.4430005550384521
0.4040204882621765,0.34471574425697327,0.028858838602900505,0.3705063462257385,0.7978053092956543,0.11343652755022049,0.46191325783729553,-3.9667606353759766,-4.0699357986450195,-4.783028602600098,-1.7968685626983643,0.6225452423095703,1.5405073165893555,1.1674233675003052
0.4457167983055115,0.3120337724685669,0.026566453278064728,0.9531019926071167,-0.04560421034693718,0.20878866314888,-0.2142992913722992,-4.563813209533691,-4.673287868499756,-5.370568752288818,-1.6027592420578003,0.7600274085998535,1.7236870527267456,0.8260732293128967
0.46392226219177246,0.3051941990852356,0.05130956321954727,0.7110201120376587,0.17322970926761627,-0.6592650413513184,-0.17265979945659637,-4.4724040031433105,-4.75897216796875,-5.377440452575684,-0.7511795163154602,0.3178427815437317,1.5789016485214233,0.7301080226898193
0.4312650263309479,0.33681538701057434,0.05309097096323967,0.820370078086853,0.36979544162750244,-0.4361382722854614,-0.005254880525171757,-4.032432556152344,-4.866074562072754,-5.518702983856201,0.4349205791950226,-0.18463508784770966,0.9168792366981506,0.3902677595615387
0.3989293873310089,0.3558029234409332,0.04312097653746605,0.6709831357002258,0.3103022277355194,0.402654230594635,0.5397811532020569,-3.565986394882202,-4.663877964019775,-4.705973148345947,-1.333191990852356,-0.004269505385309458,1.1016476154327393,0.5762366056442261
0.4006260931491852,0.36487454175949097,0.02077295258641243,0.23017258942127228,0.9170941710472107,-0.23017258942127228,-0.23017258942127228,-6.360483169555664,-10.263030052185059,-6.397718906402588,0.023530498147010803,-1.0795000791549683,1.4249138832092285,0.3544907569885254
0.43126705288887024,0.37802696228027344,0.02864092029631138,0.9464002847671509,0.26435765624046326,-0.14294081926345825,0.11836152523756027,-4.069728374481201,-4.894114017486572,-5.190603733062744,-0.9886513948440552,-1.7724539041519165,-1.4058388471603394,-1.7724539041519165
0.4164445102214813,0.3806416690349579,0.05451783537864685,0.8210156559944153,0.4447126090526581,-0.3557874262332916,-0.03974055498838425,-4.005092144012451,-4.4921183586120605,-4.6873087882995605,-1.804053783416748,-0.362981915473938,-0.054273124784231186,-0.8261688351631165
0.4537394642829895,0.3666536211967468,0.04167402908205986,0.8525165915489197,0.4479864835739136,0.03460225462913513,-0.26706981658935547,-3.863180160522461,-4.174396991729736,-5.217764854431152,1.7101999521255493,-1.5877987146377563,-1.1590009927749634,-1.7249220609664917
0.4523008167743683,0.3640282154083252,0.025642309337854385,0.9294081330299377,0.12590937316417694,0.19790147244930267,-0.2849251925945282,-4.081718921661377,-5.337015151977539,-5.408546447753906,0.11583788692951202,0.17464414238929749,1.1731348037719727,0.8489306569099426
0.43768444657325745,0.3825266361236572,0.031208248808979988,0.5402187705039978,0.20357456803321838,-0.816185712814331,0.02370428666472435,-3.9168481826782227,-4.42591667175293,-5.12129545211792,-3.2697126865386963,1.108707308769226,1.7262656688690186,0.6909317374229431
0.38067710399627686,0.32501310110092163,0.04539643973112106,-0.36271238327026367,0.39434707164764404,0.6896438002586365,0.48715656995773315,-4.750216007232666,-5.794527053833008,-6.489141464233398,-1.3989309072494507,1.1586976051330566,0.8271668553352356,0.6836788058280945
0.4344863295555115,0.3549248278141022,0.07849090546369553,0.7777430415153503,-0.007012747693806887,-0.50178462266922,0.37852177023887634,-3.88350772857666,-4.297389507293701,-5.160607814788818,-0.11705437302589417,-1.2905104160308838,-0.48619580268859863,-1.3861082792282104
0.44311636686325073,0.3019023835659027,0.09806656837463379,0.6779763698577881,-0.26929014921188354,-0.3746708333492279,-0.5722347497940063,-4.22867488861084,-5.154543876647949,-5.67212438583374,-1.2741448879241943,1.2137854099273682,1.7383676767349243,1.432366967201233
0.42239898443222046,0.34319648146629333,0.04761168733239174,-0.16658136248588562,0.9748112559318542,0.13616816699504852,0.05875276401638985,-8.403717041015625,-6.665116786956787,-5.235794544219971,0.4218320846557617,0.7298339009284973,1.188586711883545,0.3544907569885254
0.4072848856449127,0.32926180958747864,0.09826796501874924,0.5243198275566101,-0.22561927139759064,-0.339519202709198,-0.7476037740707397,-3.4873807430267334,-5.310965538024902,-5.5777268409729,-1.6332528591156006,0.23160679638385773,0.8966293931007385,0.1405927985906601
0.43181556463241577,0.3599778711795807,0.08938819169998169,0.4941122829914093,0.6505991816520691,0.48316749930381775,0.3148379325866699,-3.927326202392578,-4.4655375480651855,-5.361881732940674,0.35364940762519836,-0.4160880148410797,0.4314271807670593,-0.2879655361175537
0.4686000645160675,0.37301504611968994,0.06651701778173447,0.9541196823120117,-0.23175553977489471,-0.10617731511592865,-0.15707111358642578,-3.886659860610962,-5.356058120727539,-5.7491326332092285,-0.6996528506278992,0.8878474831581116,1.662817120552063,1.1517192125320435
0.5062990784645081,0.31339120864868164,0.03173234313726425,0.6568824052810669,0.7171190977096558,0.033023227006196976,0.2305539846420288,-4.110858917236328,-4.997143745422363,-5.317354202270508,0.24808594584465027,0.4266730844974518,1.353855013847351,1.0278533697128296
0.5302114486694336,0.31912729144096375,0.0018934342078864574,-0.462418794631958,0.7128234505653381,-0.13616816699504852,0.5094209909439087,-6.86199426651001,-5.356118679046631,-8.63557243347168,-1.5953861474990845,1.7446506023406982,1.7724539041519165,0.048655569553375244
0.5638819336891174,0.34771618247032166,0.05543479695916176,0.5643255710601807,-0.5431881546974182,-0.621648371219635,-0.006045325193554163,-3.8305792808532715,-4.378143310546875,-5.513830661773682,-0.5529109239578247,-0.888359785079956,0.2645131051540375,-1.2853269577026367
0.5454707741737366,0.33070677518844604,0.04016426205635071,0.7224124073982239,0.5825871825218201,0.3290993571281433,0.17437361180782318,-3.8224101066589355,-4.056132793426514,-4.423796653747559,-0.6018349528312683,-1.5344512462615967,-0.9550896883010864,-1.7675925493240356
0.5458966493606567,0.32240772247314453,0.06322947889566422,-0.04407550022006035,0.41209113597869873,0.8465214371681213,0.33412519097328186,-2.5126547813415527,-2.61920428276062,-6.416484832763672,-2.115987539291382,-1.440590739250183,-1.3924639225006104,-1.5074280500411987
0.5277234315872192,0.3240813612937927,0.06293433904647827,-0.49504998326301575,0.33506348729133606,0.6389715075492859,0.4841212034225464,-4.947439193725586,-5.845719814300537,-6.84918212890625,0.06332448124885559,-0.4797733724117279,0.7533337473869324,-0.33729684352874756
0.4613584578037262,0.37817081809043884,0.06414324790239334,0.686855137348175,0.6990679502487183,-0.19590088725090027,-0.03401252627372742,-4.123703956604004,-5.612151622772217,-5.793511867523193,-0.6148226261138916,-0.30383145809173584,0.8797144293785095,-0.3980478048324585
0.5028445720672607,0.37786582112312317,0.06964626908302307,0.3786033093929291,0.6490248441696167,0.5772905945777893,0.319627583026886,-4.6903462409973145,-4.991464138031006,-5.543170928955078,-1.5184184312820435,-0.9746522307395935,-0.46237674355506897,-1.2052159309387207
0.4179026484489441,0.3253849148750305,0.10445774346590042,-0.4164636731147766,-0.08161359280347824,0.8994742035865784,0.10413172096014023,-3.969052314758301,-4.222385406494141,-4.74931001663208,-0.6195355653762817,-1.3605328798294067,0.008317314088344574,-1.5807254314422607
0.43600907921791077,0.3778393268585205,0.09124228358268738,0.7565532922744751,-0.19165514409542084,-0.5629636645317078,-0.2719693183898926,-4.709039688110352,-5.038372993469238,-5.64693546295166,0.7575700283050537,0.27211326360702515,1.3385781049728394,1.2591601610183716
0.3940812051296234,0.3200702369213104,0.11120238900184631,0.404234379529953,0.9013709425926208,0.14438080787658691,-0.05726410448551178,-4.700563430786133,-4.930712699890137,-6.4075164794921875,-1.0308884382247925,-1.2461692094802856,1.0814439058303833,-1.3980647325515747
0.39991044998168945,0.3178328275680542,0.11477544158697128,0.5680707693099976,-0.31484535336494446,-0.34851333498954773,-0.675800621509552,-4.205874919891357,-4.873227596282959,-5.263540744781494,-2.2915265560150146,0.9366058707237244,1.6637846231460571,1.1439123153686523
0.44347110390663147,0.2965450882911682,0.11385256797075272,-0.20667147636413574,0.9761336445808411,0.01175055280327797,0.0656648501753807,-5.389819145202637,-14.993587493896484,-3.9883575439453125,-1.8718022108078003,-0.8410467505455017,1.4527170658111572,-1.7724539041519165
0.550527036190033,0.3384881615638733,0.15435335040092468,0.9294282793998718,0.19793544709682465,-0.1700584441423416,0.2608923316001892,-1.4466756582260132,-3.1613593101501465,-4.922482967376709,-1.7246721982955933,-1.1094932556152344,-1.0227080583572388,-1.5887011289596558
0.4939998984336853,0.30520859360694885,0.09953053295612335,-0.13495054841041565,0.4439420700073242,0.8053125143051147,0.36901968717575073,-4.311427116394043,-4.686372756958008,-5.076653957366943,-0.3017745614051819,-1.4752510786056519,-0.006559513043612242,-1.72996187210083
0.5090495347976685,0.31803470849990845,0.10378267616033554,0.9777746796607971,0.19344982504844666,-0.06747440248727798,-0.04450899362564087,-4.489587306976318,-4.756678104400635,-5.549277305603027,-1.171980619430542,-0.6514750719070435,0.5732401013374329,-0.8181155920028687
0.5728669166564941,0.31133079528808594,0.07221674919128418,0.9576625823974609,-0.0667150616645813,-0.09866464883089066,-0.2621007561683655,-4.255239486694336,-5.257185459136963,-5.930517673492432,-1.2490816116333008,0.6222444772720337,1.2883979082107544,1.070657730102539
0.4881038963794708,0.31459173560142517,0.10871538519859314,0.9514772891998291,0.28862571716308594,-0.07354510575532913,-0.07731274515390396,-3.178487777709961,-3.1788763999938965,-8.753677368164062,-2.0400826930999756,-1.4270280599594116,-1.5789308547973633,-1.5790153741836548
0.5177434086799622,0.3248123824596405,0.13659979403018951,0.6616910696029663,-0.5213718414306641,-0.428954154253006,-0.3260899782180786,-3.9206857681274414,-4.271686553955078,-5.430819511413574,-1.0955824851989746,0.809063196182251,1.4192966222763062,1.1632992029190063
0.5457971096038818,0.30759191513061523,0.10921773314476013,0.810888409614563,0.5731619596481323,-0.07795445621013641,-0.08870432525873184,-4.582146167755127,-5.881363868713379,-6.0101704597473145,-0.5188500881195068,0.9411988258361816,1.7172118425369263,1.602087378501892
0.5485711693763733,0.3146512508392334,0.11938153952360153,-0.06931275874376297,0.38671764731407166,0.8032891154289246,0.4476291239261627,-4.241410732269287,-4.546848773956299,-5.802682876586914,0.3992149531841278,0.19213731586933136,1.021178126335144,0.5354152321815491
0.5270794630050659,0.32962659001350403,0.13695113360881805,0.71490478515625,0.6781676411628723,0.16876307129859924,-0.02277849055826664,-4.308358192443848,-4.922170639038086,-6.154483795166016,-0.39404618740081787,-0.28266358375549316,1.3994834423065186,-1.338957667350769
0.5733205080032349,0.37430697679519653,0.06789866089820862,-0.4147432744503021,0.19106259942054749,0.5888187885284424,0.6669149398803711,-4.279149055480957,-5.479828357696533,-6.087289810180664,0.42369696497917175,0.36644160747528076,1.146785020828247,0.8610514402389526
0.6128210425376892,0.361612468957901,0.03107241354882717,0.6244475245475769,0.675873875617981,-0.3913939595222473,0.008398895151913166,-3.884504556655884,-5.668168544769287,-6.544051170349121,0.19541731476783752,-0.14098642766475677,0.7496877312660217,0.03685127943754196
0.577803909778595,0.30855661630630493,0.08753680437803268,0.727126955986023,0.11966022849082947,-0.6589784622192383,0.15071578323841095,-4.0668768882751465,-4.568233966827393,-4.736633777618408,-1.556698203086853,-1.2214386463165283,-0.007948153652250767,-1.654629111289978
0.6295695304870605,0.34386971592903137,0.04374854266643524,0.5048457384109497,0.14899304509162903,0.5699570178985596,0.6309365034103394,-4.418788909912109,-5.482854843139648,-6.152617454528809,16.11809539794922,-0.5648975968360901,0.4085765779018402,-0.8145256638526917
0.6076728105545044,0.374582439661026,0.051332712173461914,-0.4800971746444702,0.7228872776031494,0.28157472610473633,0.40945863723754883,-4.2078962326049805,-5.162943363189697,-5.672358512878418,-1.7264695167541504,1.1227891445159912,1.6960052251815796,1.3353004455566406
0.6223207116127014,0.3670487403869629,0.06472837924957275,0.7259050011634827,0.27684521675109863,-0.6194204688072205,0.1128578782081604,-4.041051387786865,-4.790604114532471,-6.195041656494141,-1.38633394241333,0.5024603009223938,1.1744760274887085,0.7010787129402161
0.6246580481529236,0.3646398186683655,0.07588165253400803,0.5626147985458374,-0.606800377368927,-0.14954873919487,-0.5411959290504456,-4.293712615966797,-5.352432727813721,-6.2247514724731445,16.11809539794922,-0.10562396794557571,0.716871976852417,-0.37044134736061096
0.6375738978385925,0.5068694949150085,0.009005829691886902,0.4144209027290344,0.8840909600257874,0.17010493576526642,0.13305194675922394,-3.9719486236572266,-4.776226043701172,-6.23472785949707,-1.2805644273757935,0.1867171674966812,0.8135891556739807,0.4573213756084442
0.5151894688606262,0.31864118576049805,0.15949063003063202,0.726545512676239,-0.47722503542900085,-0.36237797141075134,-0.33625906705856323,-4.338030815124512,-5.286092281341553,-5.841569900512695,16.11809539794922,0.08858723938465118,0.980867326259613,-0.042008306831121445
0.07665392011404037,0.23569795489311218,0.3122920095920563,0.46237409114837646,0.10494392365217209,0.707252562046051,0.5243956446647644,-4.530790328979492,-4.8291015625,-5.251457691192627,-1.1204712390899658,0.2910284101963043,1.0443118810653687,0.6231810450553894
0.08645766228437424,0.23279927670955658,0.3132914900779724,0.9461453557014465,-0.19258712232112885,0.21048521995544434,-0.153019979596138,-3.56126070022583,-4.38966178894043,-5.545779705047607,2.868753671646118,-1.6691416501998901,-1.4842660427093506,-1.7189958095550537
0.08111990243196487,0.25280773639678955,0.3050374984741211,0.7754914164543152,0.1406220644712448,0.38387370109558105,0.4811231791973114,-3.790912389755249,-5.213967323303223,-5.345560550689697,0.12417487800121307,-0.43827009201049805,0.15449391305446625,-0.1950627714395523
0.09515569359064102,0.3247672915458679,0.340371698141098,0.3034641444683075,0.42244863510131836,0.3832288682460785,0.7632707953453064,-3.5450732707977295,-4.115443229675293,-4.595626354217529,-0.9195629358291626,-1.5435329675674438,-1.0391970872879028,-1.569844126701355
0.024181559681892395,0.2842634916305542,0.365616112947464,0.14609090983867645,0.8735366463661194,0.4637535810470581,-0.02288677915930748,-4.379988670349121,-5.354867935180664,-5.654648780822754,1.7481149435043335,-1.5764280557632446,-1.4219430685043335,-1.6555572748184204
0.05847831070423126,0.31587255001068115,0.3517540693283081,0.48100629448890686,0.8503982424736023,-0.02156183496117592,-0.2121104747056961,-4.0382304191589355,-4.321982383728027,-4.979020595550537,0.6152360439300537,-1.7396228313446045,-1.3443683385849,-1.7724539041519165
0.046642791479825974,0.29764941334724426,0.38383492827415466,0.9653654098510742,-0.19369615614414215,0.09779556840658188,-0.14487063884735107,-3.8884639739990234,-4.487176895141602,-5.474511623382568,0.1541760414838791,-1.667986273765564,-1.1659501791000366,-1.6508018970489502
0.08024022728204727,0.3190942108631134,0.3417612314224243,-0.2862831652164459,0.7758611440658569,0.5592871904373169,-0.05726488307118416,-3.799008369445801,-4.423460006713867,-4.488655090332031,-0.9269731044769287,-0.22026710212230682,0.5073422193527222,0.3828990161418915
0.08000326156616211,0.34965285658836365,0.34148094058036804,0.6473062634468079,0.689988374710083,0.12794972956180573,-0.2975558042526245,-4.172478675842285,-4.480859756469727,-5.4965314865112305,0.8656296730041504,-0.875596284866333,-0.2926400601863861,-0.6953529119491577
0.07574745267629623,0.3157791197299957,0.33608126640319824,0.2563566267490387,0.358462393283844,0.669066309928894,0.5984448790550232,-3.8475680351257324,-4.988653182983398,-5.347238540649414,-0.21322616934776306,-0.8432801365852356,-0.45977428555488586,-0.856256902217865
0.10391930490732193,0.3254373371601105,0.3275817334651947,0.05875276401638985,0.43753528594970703,0.8853474855422974,0.14584510028362274,-4.799707889556885,-4.161271095275879,-9.681010246276855,-1.0726368427276611,-1.5253870487213135,-1.4527171850204468,-1.7724539041519165
0.040357135236263275,0.46920284628868103,0.2904261350631714,0.35973501205444336,0.38443973660469055,0.20350046455860138,0.8254600763320923,-4.386241912841797,-4.695516586303711,-5.380423545837402,16.11809539794922,-1.6078866720199585,-0.6521246433258057,-1.7594186067581177
0.0337921604514122,0.31949564814567566,0.3450582027435303,0.6070281267166138,0.14483454823493958,0.595678448677063,0.5056747794151306,-4.497584819793701,-4.6234540939331055,-5.919845104217529,1.3549933433532715,-0.806465208530426,0.1751989871263504,-0.6726387739181519
0.05935749411582947,0.3438475728034973,0.3658563792705536,0.9322026968002319,0.10753636062145233,-0.33291929960250854,-0.09272988885641098,-3.885023593902588,-4.4979658126831055,-5.088369846343994,-0.44517484307289124,-1.732469916343689,-1.417345404624939,-1.7596628665924072
0.049626778811216354,0.35436350107192993,0.36523857712745667,0.5861773490905762,-0.33059805631637573,-0.7170355916023254,0.18155160546302795,-4.199951171875,-5.028872013092041,-5.168108940124512,-1.0217008590698242,-0.5819578170776367,-0.059145670384168625,-0.21982687711715698
0.07865536212921143,0.3496164381504059,0.36495599150657654,-0.3324715197086334,0.19975939393043518,0.9187430739402771,-0.0739593580365181,-10.43710708618164,-5.778181076049805,-4.568203926086426,-2.1335086822509766,-0.7993419766426086,-1.7724539041519165,-1.7724539041519165
0.05661514773964882,0.3419477343559265,0.3933163285255432,-0.2923588156700134,0.306875079870224,0.3788727819919586,0.8226842880249023,-3.997654676437378,-4.170487880706787,-4.955872058868408,-1.322587013244629,0.871184229850769,1.4363332986831665,1.462397575378418
0.045002251863479614,0.47975489497184753,0.28899818658828735,0.9749905467033386,-0.04697506129741669,0.1574707329273224,0.14963194727897644,-4.063456058502197,-4.548783779144287,-5.094919681549072,16.11809539794922,-1.7724539041519165,-1.3739908933639526,-1.7724539041519165
0.051663149148225784,0.46457889676094055,0.27767351269721985,-0.2283063679933548,0.6782590746879578,0.6793795824050903,-0.16212408244609833,-4.604457855224609,-5.516366481781006,-5.868733882904053,0.40444332361221313,-0.5927727818489075,0.08716095238924026,-0.5553256273269653
0.11149671673774719,0.5232608318328857,0.2909751832485199,-0.14853554964065552,0.6489816308021545,0.7409952282905579,0.08767038583755493,-3.7553868293762207,-4.247783184051514,-4.69608211517334,0.4516034722328186,-1.4829647541046143,-0.8006199598312378,-1.6104501485824585
0.09634602814912796,0.5417654514312744,0.2949684262275696,0.9682299494743347,-0.04357736185193062,0.006799899507313967,-0.24614131450653076,-3.5659432411193848,-4.296262741088867,-4.82106876373291,3.3990845680236816,-1.6946007013320923,-1.3046176433563232,-1.7304754257202148
0.11293604969978333,0.5164505839347839,0.2718525230884552,-0.11377761512994766,0.5707291960716248,0.747449517250061,-0.32037797570228577,-4.732453346252441,-5.8310394287109375,-8.049686431884766,-1.5263949632644653,0.6728156805038452,1.6721147298812866,0.9195714592933655
0.10907014459371567,0.5396939516067505,0.29412123560905457,-0.3549792766571045,0.5445674061775208,0.7507555484771729,-0.11748256534337997,-3.5959270000457764,-4.477380752563477,-4.877318859100342,-0.2824680507183075,-0.9191702008247375,0.04535450041294098,-0.6617614030838013
0.11121730506420135,0.5400124788284302,0.28855791687965393,0.3448754847049713,0.45664602518081665,0.6639044284820557,0.4814210832118988,-4.065420150756836,-4.594415187835693,-5.139907360076904,-0.7349929213523865,-0.050722990185022354,0.7892976403236389,0.9724320769309998
0.0275264885276556,0.5645347833633423,0.31528499722480774,0.6165908575057983,0.6886101365089417,0.3812065124511719,0.017704715952277184,-3.9539265632629395,-4.949240207672119,-5.537553787231445,-1.753057837486267,0.3035297691822052,0.6983128190040588,0.8259057402610779
0.041081514209508896,0.6239386796951294,0.3238469660282135,0.560481071472168,0.7767112255096436,0.17898918688297272,-0.22481873631477356,-3.6631174087524414,-4.134065628051758,-4.848337650299072,-0.6893134713172913,1.021181344985962,1.580991268157959,1.5923277139663696
0.08716293424367905,0.6007380485534668,0.32628336548805237,0.7256714701652527,0.6011222004890442,-0.16502980887889862,-0.2912355959415436,-4.050226211547852,-4.280674457550049,-4.755270004272461,-0.46786031126976013,-1.637412667274475,-1.1310524940490723,-1.7062969207763672
0.0823180228471756,0.5825172066688538,0.3128618597984314,0.6335088014602661,-0.1433997005224228,-0.6671770215034485,-0.36466142535209656,-5.2916059494018555,-5.380706787109375,-6.877688884735107,-1.9923574924468994,1.4607539176940918,1.4546513557434082,1.7375609874725342
0.12571193277835846,0.5880435705184937,0.31317171454429626,0.9645378589630127,-0.22041760385036469,0.07115393131971359,0.12656961381435394,-3.5091466903686523,-5.140563488006592,-5.865549564361572,-2.511178731918335,0.3209143877029419,0.8372484445571899,0.9448034167289734
0.16929146647453308,0.6288537383079529,0.3409804701805115,-0.21872113645076752,0.38968876004219055,0.8365275859832764,0.3170572519302368,-3.2759408950805664,-3.871255397796631,-4.632115840911865,-1.252228021621704,-1.5818694829940796,-1.2150657176971436,-1.6572902202606201
0.15937255322933197,0.6194867491722107,0.3407420814037323,-0.42263397574424744,0.6352555751800537,0.38428500294685364,0.5197652578353882,-3.6124987602233887,-4.297533988952637,-4.726161003112793,-1.0805749893188477,0.041652385145425797,0.7050817012786865,0.6328087449073792
0.15302999317646027,0.6178942918777466,0.3197103440761566,0.6235127449035645,0.7383694052696228,-0.0899387001991272,-0.24073530733585358,-3.8721044063568115,-4.905267715454102,-5.087788105010986,16.11809539794922,-1.0265616178512573,-0.4082944691181183,-0.7462405562400818
0.010046682320535183,0.6186555027961731,0.34272336959838867,0.6326207518577576,-0.3111574947834015,-0.5436087250709534,-0.4554794430732727,-3.559892177581787,-4.659500598907471,-6.347689628601074,-1.187276840209961,-0.1564144790172577,0.6684422492980957,0.571276068687439
0.07223266363143921,0.6230555176734924,0.35423585772514343,0.47872769832611084,0.8551681041717529,-0.16206924617290497,0.1150689497590065,-3.708190441131592,-4.134854793548584,-4.890671730041504,-1.4025812149047852,-1.7152127027511597,-1.2277966737747192,-1.6777864694595337
0.027136143296957016,0.622931718826294,0.38580015301704407,0.5422479510307312,0.7302122712135315,0.4133569002151489,0.04351166635751724,-4.046299934387207,-4.476101875305176,-5.718082904815674,16.11809539794922,-0.9199855327606201,-0.11155183613300323,-0.8261014223098755
0.023896977305412292,0.6158148646354675,0.36821484565734863,0.5961073040962219,0.7811685800552368,0.11968153715133667,0.14180298149585724,-4.499979496002197,-5.4401631355285645,-6.331271171569824,-1.448231816291809,-1.6229699850082397,-0.49069494009017944,-1.7020201683044434
0.02307213842868805,0.612334132194519,0.3872469961643219,0.4451018273830414,0.8703641891479492,0.16334453225135803,0.132925346493721,-3.9183361530303955,-4.1244893074035645,-4.919925689697266,-2.49884033203125,-1.6833893060684204,-1.2432423830032349,-1.6954377889633179
0.028448104858398438,0.617047131061554,0.40078848600387573,0.826935887336731,-0.3757972717285156,-0.4091155529022217,-0.08705102652311325,-3.6031503677368164,-4.1806721687316895,-5.951715469360352,-2.872520923614502,0.03798641264438629,1.062265157699585,-0.558229386806488
0.10295218974351883,0.6285692453384399,0.36774614453315735,0.9403511881828308,-0.015325793996453285,0.25633373856544495,0.2231542468070984,-3.6410951614379883,-4.044797897338867,-4.7755126953125,-1.904295563697815,-0.5215522646903992,0.2498190701007843,-0.26110565662384033
0.1802104115486145,0.6119560599327087,0.377583384513855,0.5860536098480225,0.7313085794448853,-0.23685336112976074,-0.25618237257003784,-4.124467849731445,-4.720100402832031,-5.2425336837768555,16.11809539794922,-0.8673058748245239,-0.2812783122062683,-0.6433282494544983
0.18547169864177704,0.60777747631073,0.3728216290473938,0.21039240062236786,0.40760377049446106,0.5226939916610718,0.7185994982719421,-4.2044830322265625,-4.852957725524902,-5.765287399291992,16.11809539794922,-0.0512317456305027,0.666632354259491,0.7538519501686096
0.19577112793922424,0.5993648171424866,0.3692043721675873,0.6544033288955688,-0.41782185435295105,-0.14907415211200714,-0.6123381853103638,-4.509608745574951,-4.6977152824401855,-5.334015846252441,1.6953352689743042,-1.5047067403793335,-1.0391727685928345,-1.6090048551559448
0.2098464071750641,0.5810392498970032,0.3711317479610443,0.8357877135276794,-0.5052737593650818,0.09746046364307404,0.1914648860692978,-13.757765769958496,-6.361664295196533,-6.090506553649902,0.07061756402254105,-1.1329803466796875,0.7437354922294617,-1.7724539041519165
0.19539502263069153,0.5988574624061584,0.38648897409439087,-0.1831703782081604,0.9830048680305481,-0.0034560449421405792,0.01175055280327797,-4.450042247772217,-4.91527795791626,-13.366486549377441,0.3405072093009949,-1.7724539041519165,-1.285897970199585,-1.7724539041519165
0.040213264524936676,0.3256886303424835,0.4175354242324829,0.6027303338050842,-0.19923166930675507,-0.41467079520225525,-0.6519747376441956,-4.3321123123168945,-5.1302103996276855,-6.564402103424072,16.11809539794922,-0.6322299838066101,-0.12325986474752426,-0.7946556210517883
0.07521975040435791,0.5412218570709229,0.4326043426990509,0.2819872498512268,0.7641385197639465,0.5714032053947449,-0.10036874562501907,-4.224100589752197,-4.71813440322876,-6.13096809387207,3.2160542011260986,-1.0794652700424194,-0.46494895219802856,-1.3864291906356812
0.07502143085002899,0.5563652515411377,0.42416495084762573,0.25820258259773254,0.6032360196113586,0.7358769774436951,-0.16710121929645538,-3.9599318504333496,-4.527615547180176,-6.234781742095947,-0.40173423290252686,0.29900458455085754,0.7194571495056152,0.6652607321739197
0.07389456778764725,0.5647111535072327,0.4148830473423004,0.1954731047153473,0.6567964553833008,0.7152464985847473,-0.13722655177116394,-4.437039375305176,-4.6088032722473145,-6.875725746154785,-0.09331963956356049,-1.1697030067443848,-0.6824474930763245,-1.156066656112671
-0.4242325723171234,0.7709433436393738,0.11818147450685501,0.891226053237915,-0.3097425401210785,0.3158986568450928,-0.09991826862096786,-2.7122106552124023,-3.0978610515594482,-5.9655609130859375,-0.8664367198944092,-1.5783441066741943,-1.350663423538208,-1.7724539041519165
-0.3371068835258484,0.7109709978103638,0.04976729676127434,0.40775904059410095,0.716805100440979,0.25495919585227966,0.5048948526382446,-2.9172024726867676,-3.8609108924865723,-4.816068649291992,-0.7662339806556702,-1.2348182201385498,-0.3895752429962158,-1.4063005447387695
-0.23035962879657745,0.6785717606544495,0.044157203286886215,0.40135934948921204,0.41202211380004883,0.4757694900035858,0.6654260754585266,-4.3578572273254395,-4.60329008102417,-6.226621627807617,2.2939743995666504,-1.3916215896606445,-0.38408854603767395,-1.7604190111160278
-0.23275381326675415,0.6890636682510376,0.05309293791651726,0.57143634557724,0.36335381865501404,-0.7337859869003296,-0.054704662412405014,-3.67524790763855,-3.9998393058776855,-4.50687837600708,-0.23798950016498566,-1.6668784618377686,-1.2427150011062622,-1.7643290758132935
-0.2293800264596939,0.6875724196434021,0.05266366899013519,0.7194294929504395,0.5774034261703491,-0.3794853389263153,0.07083369046449661,-3.44734787940979,-4.244265556335449,-4.709367275238037,-1.733816385269165,-0.5840709805488586,0.1446005254983902,-0.1542963683605194
-0.2904600501060486,0.7357313632965088,0.04922054708003998,0.9616854190826416,0.016186580061912537,0.024410918354988098,-0.2725861370563507,-2.9813146591186523,-4.477969646453857,-4.818093776702881,-0.43969714641571045,-1.365248203277588,-0.7701178789138794,-1.5617873668670654
-0.2958363890647888,0.7564932703971863,0.07029908895492554,0.8491284251213074,0.4014083743095398,0.2300390750169754,0.2548220157623291,-3.304964542388916,-4.126601219177246,-4.503842353820801,-0.6607871055603027,-1.6983548402786255,-1.263812780380249,-1.7690975666046143
-0.2068493813276291,0.7744147181510925,0.039736516773700714,0.956954836845398,-0.25896337628364563,-0.12507857382297516,0.03912515193223953,-3.924124240875244,-4.309889793395996,-4.995471000671387,0.3294605016708374,-1.598264217376709,-1.131784200668335,-1.708711862564087
-0.1678277552127838,0.6617620587348938,0.06581778079271317,-0.20899304747581482,0.5394356846809387,0.5710695385932922,0.582417905330658,-3.641716957092285,-4.519009113311768,-4.676381587982178,-2.414682626724243,0.034355003386735916,1.0325995683670044,0.22188225388526917
-0.17347204685211182,0.6616780757904053,0.08593360334634781,0.5112435817718506,0.1617289036512375,0.6160959601402283,0.5769744515419006,-3.82712459564209,-4.4326276779174805,-4.92288064956665,-2.0327677726745605,0.9595332145690918,1.718471646308899,1.3078433275222778
-0.29645636677742004,0.8037949204444885,0.12493779510259628,0.5306466221809387,0.5149388313293457,0.029332607984542847,0.6726007461547852,-3.581066131591797,-4.116633892059326,-4.628269672393799,-1.368401050567627,0.02208898961544037,0.6350102424621582,0.15696682035923004
-0.2613769769668579,0.768398642539978,0.09133981168270111,0.439786434173584,0.8856304287910461,-0.12986056506633759,-0.07336778193712234,-3.539477825164795,-3.71003794670105,-4.791199207305908,-1.132554054260254,-1.4306102991104126,-0.8970159292221069,-1.5223842859268188
-0.20950160920619965,0.7947786450386047,0.09274449199438095,-0.04675000160932541,0.7423903942108154,0.4428211450576782,0.5005800127983093,-3.7491185665130615,-4.350100517272949,-5.811525344848633,-2.255279302597046,-0.0794738158583641,0.6188602447509766,0.6382579803466797
-0.15060915052890778,0.6567174792289734,0.02288934215903282,-0.21242797374725342,0.4560883045196533,0.5205565690994263,0.6898396015167236,-4.7875213623046875,-5.061908721923828,-6.25862455368042,-1.2011809349060059,0.700926661491394,1.6932424306869507,0.7066131234169006
-0.16217805445194244,0.6597980856895447,0.04635971412062645,0.6026894450187683,0.2540874481201172,0.3281785249710083,0.6815451979637146,-3.6628756523132324,-4.1120758056640625,-5.5595831871032715,-1.894557237625122,-1.3000669479370117,-0.6897013187408447,-1.5061405897140503
-0.16407988965511322,0.7933740615844727,0.04818031191825867,0.25622546672821045,0.3461996018886566,0.8738518953323364,0.22555984556674957,-3.412484884262085,-4.296663284301758,-5.206010818481445,-2.30659556388855,0.44965651631355286,1.2985025644302368,0.7074187397956848
-0.0878179520368576,0.6502696871757507,0.1714586764574051,-0.4594901204109192,0.4429544508457184,0.4271028935909271,0.640502393245697,-3.8386144638061523,-4.144535541534424,-5.198014736175537,-1.8374848365783691,1.153185486793518,1.6653088331222534,1.628798246383667
-0.3253154158592224,0.7891479730606079,0.058704107999801636,0.5551160573959351,0.771460771560669,0.2020455002784729,0.23637260496616364,-4.305008888244629,-4.577028751373291,-6.73445463180542,16.11809539794922,-1.2581135034561157,-0.5808572173118591,-1.4323077201843262
-0.23136310279369354,0.8220950961112976,0.047811295837163925,0.9103804230690002,0.2517610490322113,0.3154473900794983,0.09119664877653122,-4.0760698318481445,-4.238058567047119,-5.1592864990234375,-0.7508211731910706,-1.3771588802337646,-0.8094223141670227,-1.4948265552520752
-0.21353663504123688,0.8134447932243347,0.01613958179950714,0.8870963454246521,0.34624606370925903,-0.1663442701101303,-0.25593623518943787,-3.545067548751831,-4.36765718460083,-5.026822090148926,-1.5483474731445312,-0.30952149629592896,0.5091227293014526,-0.41657164692878723
-0.19151660799980164,0.860732913017273,0.07370806485414505,-0.3318045139312744,0.6953485012054443,0.3443640172481537,0.5364789962768555,-3.753013849258423,-4.469460964202881,-4.892570495605469,-0.11939394474029541,-1.6131948232650757,-1.0594969987869263,-1.6263701915740967
-0.2035849690437317,0.8593308925628662,0.031675878912210464,0.9441924691200256,-0.27654972672462463,-0.0077209374867379665,0.17877689003944397,-3.844548225402832,-5.157559871673584,-5.758508682250977,-2.0232839584350586,0.932895839214325,1.5642942190170288,1.4461947679519653
-0.23142234981060028,0.7945009469985962,0.05608036369085312,0.5703674554824829,0.7908380627632141,-0.14349454641342163,-0.1693086326122284,-3.7764909267425537,-4.603466033935547,-4.841535568237305,-2.132422924041748,-0.7119002938270569,-0.12133865058422089,-0.6577830910682678
-0.2209082692861557,0.7979353070259094,0.07958508282899857,0.7902207970619202,0.4800635576248169,-0.3107552230358124,-0.22027549147605896,-3.653787851333618,-4.441053867340088,-5.014309883117676,-0.04381978139281273,-1.6130990982055664,-1.1526100635528564,-1.648009181022644
-0.22127635776996613,0.878082275390625,0.08954306691884995,-0.24877625703811646,0.7543362975120544,0.5048210024833679,0.33799824118614197,-3.625317096710205,-4.287685871124268,-4.900178909301758,-0.8596203327178955,-1.681705117225647,-1.2911169528961182,-1.7603176832199097
-0.24461504817008972,0.8434369564056396,0.060157425701618195,0.4482558071613312,0.7482256889343262,0.027550524100661278,0.48832979798316956,-4.972036361694336,-5.290282726287842,-6.139886379241943,-1.526119589805603,0.43192994594573975,0.9244126677513123,0.3999486267566681
-0.27402639389038086,0.8684800863265991,0.08038515597581863,0.3730594515800476,0.8996130228042603,-0.11501170694828033,0.19569195806980133,-3.7622790336608887,-4.301725387573242,-5.3265814781188965,0.3690880239009857,-0.9503186345100403,-0.4166264235973358,-1.002361536026001
-0.22788973152637482,0.908060610294342,0.027148453518748283,0.47591111063957214,0.8469756245613098,-0.023642823100090027,-0.23575811088085175,-3.3007900714874268,-4.605095386505127,-5.400478363037109,-1.9765082597732544,-1.6212854385375977,-1.3585721254348755,-1.7302829027175903
-0.18499962985515594,0.9037827849388123,0.024837063625454903,0.5087724924087524,0.847295343875885,0.1512916535139084,-0.018760567530989647,-3.8149006366729736,-4.679459571838379,-4.969383716583252,0.06486615538597107,-1.2191694974899292,-0.6133338809013367,-1.3358063697814941
-0.20603623986244202,0.9036663770675659,0.04759063944220543,-0.4536992311477661,0.5073066353797913,0.47081100940704346,0.561367928981781,-3.9416086673736572,-4.473520278930664,-5.515573024749756,-1.558838963508606,0.04687418416142464,0.7234841585159302,0.28263649344444275
-0.18543337285518646,0.8993170857429504,0.03540441021323204,0.8085363507270813,0.4967288076877594,-0.2851410508155823,-0.13499632477760315,-3.4243385791778564,-4.629637718200684,-5.2247314453125,-1.6478418111801147,0.4788207411766052,1.0651921033859253,1.0976197719573975
-0.21468402445316315,0.904405415058136,0.05110825225710869,-0.2808896005153656,0.479601114988327,0.5697991251945496,0.6053203344345093,-4.50308895111084,-4.576574325561523,-5.727482318878174,2.128462791442871,-1.3952443599700928,-0.8099764585494995,-1.3848074674606323
-0.20912398397922516,0.921464741230011,0.025592412799596786,-0.19390030205249786,0.3539526164531708,0.5220581889152527,0.7513824105262756,-4.713134765625,-5.398935794830322,-7.135175704956055,0.6688497066497803,-1.0480087995529175,-0.37862762808799744,-1.01492440700531
-0.19544103741645813,0.9385752081871033,0.03131363168358803,0.5712534189224243,-0.7257800102233887,-0.12346360087394714,-0.36286309361457825,-4.015021800994873,-4.552455425262451,-6.32161808013916,0.9338804483413696,-0.5044094920158386,0.23741862177848816,-0.4992995858192444
-0.18354547023773193,0.8448177576065063,0.07051560282707214,0.6998696327209473,0.6140219569206238,-0.3175539970397949,-0.17977483570575714,-3.6648545265197754,-4.64129638671875,-5.459906101226807,0.386109858751297,-1.4025737047195435,-0.7535263299942017,-1.5059168338775635
-0.18567414581775665,0.9002763032913208,0.06846948713064194,0.5446749925613403,-0.5548442602157593,-0.4837591350078583,-0.4018135070800781,-4.188223361968994,-4.5120744705200195,-5.376226425170898,-0.056484829634428024,-1.342137336730957,-0.6433617472648621,-1.5617245435714722
-0.26784998178482056,0.7943745255470276,0.08174154907464981,0.41451674699783325,0.8522655963897705,0.30812525749206543,-0.08293402194976807,-3.6342570781707764,-5.141014099121094,-5.759825706481934,-3.371372699737549,0.7174963355064392,1.3401424884796143,1.4898591041564941
-0.2985752522945404,0.8102496862411499,0.1322455257177353,0.4364721477031708,0.6962445974349976,0.5667749643325806,-0.059174563735723495,-4.089383602142334,-4.408687591552734,-5.3464508056640625,16.11809539794922,-1.086321234703064,-0.5986588001251221,-1.0994131565093994
-0.26737868785858154,0.8030336499214172,0.1307835429906845,-0.1600285917520523,0.41802072525024414,0.8325188159942627,-0.32643821835517883,-3.3937411308288574,-4.192501544952393,-5.006739139556885,-1.615454912185669,-1.7009779214859009,-1.418548583984375,-1.727721929550171
-0.26815080642700195,0.8634127974510193,0.09531848877668381,0.7468445897102356,-0.4531679153442383,-0.2604818642139435,-0.41110968589782715,-3.6498422622680664,-4.603346824645996,-5.176253318786621,-0.5572786927223206,-0.44887059926986694,0.10818469524383545,-0.13216745853424072
-0.27527812123298645,0.8386661410331726,0.13811421394348145,0.4840725362300873,0.8124579191207886,0.32167744636535645,0.04592909663915634,-4.858575820922852,-5.223229885101318,-5.833935260772705,16.11809539794922,-1.5561405420303345,-0.9894064664840698,-1.545776128768921
-0.2644294798374176,0.8433606624603271,0.10005491226911545,0.5299374461174011,-0.4923006296157837,-0.6660353541374207,-0.18221759796142578,-3.969813108444214,-5.16355037689209,-5.862407684326172,-2.738295316696167,0.9568946361541748,1.3286418914794922,1.0400456190109253
-0.23411762714385986,0.8334367275238037,0.11273976415395737,0.6184335947036743,0.745223343372345,-0.21388669312000275,-0.12819719314575195,-4.0179643630981445,-4.69469690322876,-4.990406513214111,0.07985670119524002,-1.6492178440093994,-1.2274701595306396,-1.5724509954452515
-0.2203025370836258,0.8376129865646362,0.12925846874713898,0.1533517688512802,0.371707946062088,0.7022494077682495,0.5875051021575928,-3.747419834136963,-5.113070011138916,-5.716167449951172,-0.7214862108230591,-1.330546498298645,-0.7417974472045898,-1.1930360794067383
-0.22061797976493835,0.9321743249893188,0.08864402025938034,0.6837953329086304,0.7197605967521667,0.09705393761396408,-0.07035060971975327,-3.625833034515381,-4.446281909942627,-6.075765132904053,-0.5286003351211548,-0.9731649160385132,-0.42364779114723206,-0.9307634234428406
-0.19147109985351562,0.9145199656486511,0.0977918952703476,0.4560362696647644,0.8445132374763489,0.11589278280735016,-0.25572869181632996,-4.40956449508667,-4.825076580047607,-5.7735676765441895,-0.4832741320133209,-1.5780655145645142,-1.0863661766052246,-1.7361971139907837
-0.20409463346004486,0.9184982776641846,0.11139160394668579,0.4054133892059326,0.8605342507362366,-0.1315644085407257,0.27894723415374756,-3.620415687561035,-4.107271671295166,-4.78412389755249,-1.8246874809265137,-0.052718453109264374,0.44162848591804504,0.0727621465921402
-0.26084017753601074,0.8853432536125183,0.14281028509140015,0.5121643543243408,-0.21232618391513824,-0.4021698832511902,-0.7286045551300049,-4.526416778564453,-4.718408107757568,-6.08770227432251,16.11809539794922,-1.0564297437667847,-0.6183441877365112,-0.9926403164863586
-0.21378301084041595,0.8873552083969116,0.15745191276073456,0.8711602687835693,-0.32234063744544983,-0.3694782257080078,0.025732580572366714,-3.3746795654296875,-4.061628341674805,-4.812764644622803,-1.9048882722854614,-1.647687554359436,-1.2700915336608887,-1.6068408489227295
-0.15423543751239777,0.9036496877670288,0.10297288745641708,0.9423719048500061,0.3292820155620575,0.03524383530020714,-0.04760679602622986,-3.795597553253174,-4.966070652008057,-5.1296210289001465,-0.8151337504386902,-1.3500721454620361,-0.8515714406967163,-1.3742750883102417
-0.1710364669561386,0.8833665251731873,0.11640087515115738,0.8953155875205994,-0.3855530619621277,0.2208816111087799,-0.031146883964538574,-4.195690631866455,-5.043304920196533,-6.398765563964844,1.5313607454299927,-1.3741739988327026,-0.9024507999420166,-1.3695130348205566
-0.22519773244857788,0.8994001746177673,0.13489222526550293,0.6219177842140198,-0.47445496916770935,-0.44603580236434937,-0.4349285066127777,-3.673938274383545,-4.580708980560303,-5.713133811950684,0.04458841308951378,-1.1655067205429077,-0.6860330700874329,-1.16215980052948
-0.1776556819677353,0.9171737432479858,0.13359078764915466,0.5792557001113892,0.7070080041885376,0.0010265113087370992,-0.4057110846042633,-4.291486740112305,-4.434096813201904,-4.846252918243408,-1.281876564025879,-1.732616901397705,-1.346335530281067,-1.7665507793426514
-0.18637309968471527,0.9093146324157715,0.16495224833488464,0.7559809684753418,-0.42587220668792725,-0.4657326638698578,-0.1738353669643402,-3.717743396759033,-4.196833610534668,-4.802246570587158,-2.3692121505737305,1.1428252458572388,1.67991042137146,1.5807387828826904
-0.1690645068883896,0.9312641620635986,0.13116464018821716,0.516082763671875,0.8123264312744141,0.24068646132946014,0.12591399252414703,-4.600687503814697,-4.8733134269714355,-5.6075439453125,-0.0493464320898056,-1.4326767921447754,-0.9654015898704529,-1.6353236436843872
-0.1452631801366806,0.8834570646286011,0.04029607027769089,0.801943302154541,0.48991942405700684,-0.18812701106071472,-0.285436749458313,-4.292616844177246,-4.491555690765381,-4.952188014984131,0.10025210678577423,-1.5956088304519653,-1.064650058746338,-1.5937944650650024
-0.16013644635677338,0.8177862167358398,0.06737165153026581,0.3118135929107666,0.3380340337753296,0.622043251991272,0.633693516254425,-4.327192306518555,-4.822448253631592,-6.198505878448486,16.11809539794922,-1.1054644584655762,-0.3792308270931244,-1.2109107971191406
-0.13844411075115204,0.8767184019088745,0.03467462956905365,0.23005987703800201,0.43167397379875183,0.5553461909294128,0.6725478768348694,-4.489404678344727,-5.383584976196289,-6.198906898498535,4.535765171051025,-0.9945565462112427,-0.30691319704055786,-1.0211446285247803
-0.14562559127807617,0.8958844542503357,0.028908157721161842,0.3421419858932495,0.2858254611492157,0.8162722587585449,0.3673449456691742,-3.689556121826172,-4.795399188995361,-5.058053016662598,-0.6183847188949585,-0.8386901617050171,-0.052325084805488586,-0.7208690643310547
-0.15818442404270172,0.8942257761955261,0.057736366987228394,0.7695620656013489,0.23392276465892792,-0.5759982466697693,0.14587797224521637,-4.493642807006836,-4.6445794105529785,-5.480349063873291,16.11809539794922,-1.4110889434814453,-0.638043999671936,-1.4268043041229248
-0.15906989574432373,0.8988201022148132,0.051532551646232605,0.6116202473640442,0.2171715646982193,-0.7455042600631714,0.15159352123737335,-5.058393478393555,-5.41254997253418,-5.849884986877441,0.7695373892784119,-0.36878296732902527,0.47716575860977173,0.21401488780975342
-0.1481056660413742,0.8914615511894226,0.060935381799936295,0.5646098852157593,0.8136206865310669,-0.13020311295986176,-0.04779332876205444,-4.263761520385742,-5.106276512145996,-5.388522624969482,0.16269738972187042,-0.8616015911102295,-0.23679563403129578,-0.7052947282791138
-0.18521328270435333,0.9350893497467041,0.06348144263029099,0.5603780746459961,0.7265270948410034,-0.07555504888296127,-0.3904179632663727,-4.452060222625732,-4.9955244064331055,-6.56724739074707,-2.904233694076538,1.6681419610977173,1.7724539041519165,1.7724539041519165
-0.17251838743686676,0.9317003488540649,0.0780184268951416,-0.31393682956695557,0.4793491065502167,0.49474042654037476,0.6533758640289307,-4.493460178375244,-4.903679847717285,-6.535128116607666,16.11809539794922,-0.8187555074691772,-0.21779321134090424,-0.5451339483261108
-0.16568320989608765,0.8409267067909241,0.0912124365568161,0.1328461617231369,0.6637149453163147,0.49835747480392456,0.5417326092720032,-3.7262816429138184,-4.903287887573242,-5.773985862731934,-1.934918761253357,-0.5536235570907593,0.12027207762002945,-0.3245067596435547
-0.1156361997127533,0.8994091153144836,0.10583522915840149,0.9000223875045776,0.2940312325954437,-0.29095423221588135,0.1372988224029541,-3.8808417320251465,-4.892075061798096,-5.350405216217041,-2.119682788848877,-1.5911277532577515,-1.1633381843566895,-1.589319109916687
-0.13427700102329254,0.9107818603515625,0.11419039964675903,-0.27948644757270813,0.8104601502418518,0.4183119535446167,0.3000946044921875,-3.792429208755493,-4.276625156402588,-4.740539073944092,-2.239025831222534,1.0839694738388062,1.5726865530014038,1.6042249202728271
-0.15457993745803833,0.8998787999153137,0.09580381959676743,0.6223047971725464,0.7431399822235107,-0.2434295266866684,-0.03495373576879501,-4.619826316833496,-5.208807945251465,-5.794421195983887,-0.02767077088356018,-0.6350186467170715,-0.01899585872888565,-0.31600815057754517
-0.1441907435655594,0.9179125428199768,0.10982657223939896,0.8464837074279785,0.5022141933441162,-0.17357449233531952,-0.03343896567821503,-3.599713087081909,-4.1877641677856445,-4.906862258911133,-1.8758714199066162,0.23249249160289764,0.8821741342544556,0.8048068881034851
-0.13795365393161774,0.9294406771659851,0.1178964376449585,0.519380509853363,0.7843924164772034,-0.2535235285758972,-0.2251628190279007,-3.498321294784546,-4.619669437408447,-5.7549662590026855,-0.7719503045082092,-1.012948989868164,-0.48627132177352905,-0.8180776238441467
-0.15035077929496765,0.9233596324920654,0.1197248324751854,0.5675488114356995,0.7899370789527893,-0.08436132967472076,-0.21626591682434082,-4.367685794830322,-4.961216449737549,-5.958247661590576,1.5505653619766235,-1.3974360227584839,-0.8188831806182861,-1.4995077848434448
-0.17045079171657562,0.9337713718414307,0.16805528104305267,0.5926918983459473,-0.5385856628417969,-0.2741914391517639,-0.5324103832244873,-3.64739727973938,-4.438949108123779,-5.530346870422363,-2.560426712036133,-1.6493629217147827,-1.2058477401733398,-1.590700626373291
-0.09774129092693329,0.6471952199935913,0.1597563773393631,0.8923320174217224,-0.1002509593963623,-0.384054571390152,-0.2149311900138855,-3.914926528930664,-5.068203926086426,-5.557463645935059,-2.2598419189453125,0.5922456979751587,1.6996642351150513,-0.5851834416389465
-0.04026782512664795,0.6388792991638184,0.16227087378501892,-0.3083495497703552,0.5338528752326965,0.5043278932571411,0.6046279668807983,-4.041436195373535,-4.140039920806885,-4.838982582092285,-0.917849063873291,-1.5247873067855835,-0.9885689616203308,-1.5161592960357666
-0.05563772842288017,0.6262199878692627,0.18532031774520874,0.6670799851417542,0.6672845482826233,-0.31545189023017883,0.10112200677394867,-4.533315658569336,-5.4711480140686035,-6.520534992218018,16.11809539794922,-1.210666298866272,-0.5316054224967957,-1.1136313676834106
-0.061638280749320984,0.6417975425720215,0.1897219866514206,0.3879125118255615,0.33397239446640015,0.8070464730262756,0.29438456892967224,-4.222705841064453,-4.82130765914917,-5.459634304046631,-0.9596190452575684,0.4163893461227417,1.1480753421783447,1.1893994808197021
0.017958693206310272,0.6442179083824158,0.1722642034292221,0.9485900402069092,-0.22670571506023407,0.21381379663944244,0.05536390095949173,-4.2985029220581055,-4.698766708374023,-6.242906093597412,-0.8853532671928406,-1.7247720956802368,-1.1372982263565063,-1.750903606414795
-0.2691325843334198,0.8846207857131958,0.14470891654491425,0.5887961387634277,0.7449401617050171,0.30952098965644836,-0.050793714821338654,-4.316751480102539,-5.463648319244385,-6.297216892242432,-0.8899953961372375,0.761955201625824,1.379398226737976,0.7943711280822754
-0.2919807434082031,0.8728271126747131,0.1632647067308426,0.9465916752815247,-0.1839960813522339,0.2644443213939667,0.013373831287026405,-3.549166679382324,-4.63847541809082,-5.985265731811523,-1.1779448986053467,-1.3923194408416748,-1.1106404066085815,-1.4549362659454346
-0.2773686945438385,0.8736822009086609,0.1589106321334839,0.4203299582004547,0.890373945236206,0.17464107275009155,-0.00757999811321497,-4.291038513183594,-4.933645248413086,-6.411067962646484,16.11809539794922,-0.5629404783248901,-0.09396469593048096,-0.3788326680660248
-0.20080523192882538,0.9041895270347595,0.17310363054275513,0.4785826802253723,0.8406756520271301,0.12737111747264862,0.21908816695213318,-3.799065351486206,-4.2280426025390625,-5.701999664306641,-1.9690983295440674,0.0441826656460762,0.5131293535232544,0.4803032875061035
-0.18943989276885986,0.9020370841026306,0.18306918442249298,0.5768918991088867,-0.318725049495697,-0.3727927803993225,-0.6531735062599182,-3.9732749462127686,-4.594973564147949,-6.139808177947998,0.4612191617488861,-0.6657158136367798,-0.17161741852760315,-0.4151999056339264
-0.18306532502174377,0.9021795988082886,0.18472827970981598,0.43486255407333374,0.7090134024620056,0.5451277494430542,-0.10502535849809647,-4.133744716644287,-4.658093452453613,-5.354765892028809,0.8662726283073425,-1.1534397602081299,-0.7031062841415405,-1.1023892164230347
-0.7432659864425659,1.1729412078857422,0.04913004860281944,0.5781958699226379,0.37094801664352417,-0.7198502421379089,-0.09951234608888626,-4.276945114135742,-4.80244255065918,-5.325153350830078,4.296412944793701,-1.4208697080612183,-0.875665009021759,-1.3911446332931519
-0.7481607794761658,1.148817539215088,0.0716438889503479,0.4816809296607971,0.5090583562850952,0.44080913066864014,0.5608300566673279,-4.073087215423584,-4.859714984893799,-6.301629066467285,-0.32201260328292847,-1.6762311458587646,-1.2597424983978271,-1.6979992389678955
-0.7426345944404602,1.1574039459228516,0.05646151304244995,0.5123938322067261,-0.1428641825914383,-0.8460557460784912,-0.035100534558296204,-4.7591400146484375,-4.997161865234375,-5.479562759399414,16.11809539794922,-1.766021966934204,-1.5870294570922852,-1.7724539041519165
-0.19223983585834503,0.9501350522041321,0.12588682770729065,0.5613133311271667,0.8234999179840088,-0.08231056481599808,-0.0004895087331533432,-4.127000331878662,-4.7737345695495605,-5.8026251792907715,0.7343640923500061,-0.8276658058166504,-0.3377707302570343,-0.5992382168769836
-0.18773338198661804,0.951073408126831,0.1215604692697525,0.6165454983711243,0.7721021771430969,0.12283030897378922,-0.09296562522649765,-4.000223636627197,-4.750830173492432,-5.594792366027832,-1.8442306518554688,1.082321047782898,1.4985854625701904,1.6396799087524414
-0.16742663085460663,0.9531747698783875,0.10910306125879288,0.27992913126945496,0.866304337978363,0.36895033717155457,-0.18716874718666077,-4.524291038513184,-5.808782577514648,-6.459275245666504,-1.505078673362732,-1.376781702041626,-1.244193196296692,-1.3736919164657593
-0.16016966104507446,0.9571104049682617,0.10832086205482483,0.6179414987564087,-0.5440928339958191,-0.1597709059715271,-0.5445957779884338,-4.640466213226318,-5.367568016052246,-6.751987457275391,-0.6767193078994751,0.01625177636742592,0.4442085325717926,0.36169421672821045
0.009726318530738354,0.6274140477180481,0.28720787167549133,0.7057210803031921,0.7051347494125366,-0.06775693595409393,0.012320057488977909,-3.605272054672241,-4.943692207336426,-5.814849376678467,-0.6688236594200134,-1.0292255878448486,-0.3745594024658203,-0.8540869355201721
0.04544447362422943,0.6336439251899719,0.056141383945941925,0.7645502090454102,0.5616827011108398,0.10739989578723907,-0.29739004373550415,-4.215423107147217,-4.581305980682373,-5.432060718536377,4.657902717590332,-1.6891237497329712,-0.9756186008453369,-1.7724539041519165
0.023286746814846992,0.649752676486969,0.10737572610378265,0.5994634628295898,0.685242772102356,0.15814979374408722,0.38219693303108215,-4.141727924346924,-4.631776809692383,-4.791998386383057,0.8217010498046875,-1.6722484827041626,-0.9792280793190002,-1.733432412147522
0.02636016719043255,0.6530557870864868,0.10415638983249664,0.8543980121612549,0.09648046642541885,-0.3928045630455017,0.326190322637558,-4.546168327331543,-4.701287269592285,-4.9640679359436035,16.11809539794922,-0.7835498452186584,-0.06116155534982681,-0.7298803329467773
0.09869536012411118,0.7044350504875183,0.13583149015903473,-0.4620968699455261,0.5328071117401123,0.695536732673645,0.13715584576129913,-3.513331890106201,-4.284379482269287,-5.0198493003845215,-1.1369733810424805,-0.2613442540168762,0.3632933795452118,-0.1308213323354721
0.05658877268433571,0.6761086583137512,0.11137161403894424,0.6707521080970764,0.6847347021102905,0.007264838088303804,0.28491613268852234,-3.904116153717041,-4.639508247375488,-5.251399040222168,-1.2067304849624634,1.3279298543930054,1.5701429843902588,1.7237157821655273
0.09560080617666245,0.6826676726341248,0.10000191628932953,0.8270812034606934,0.5403726696968079,-0.13338470458984375,0.07837478816509247,-4.415879249572754,-5.000233173370361,-5.9388251304626465,0.30665111541748047,-1.6825830936431885,-1.1795713901519775,-1.7526655197143555
0.09987539798021317,0.698733925819397,0.12631580233573914,-0.4096900522708893,0.5924925804138184,0.6238290071487427,0.3032225966453552,-3.4919204711914062,-4.695156574249268,-5.143703460693359,0.04298144578933716,-0.8758621215820312,-0.1847587376832962,-1.082615852355957
0.10366589576005936,0.6830714344978333,0.12149498611688614,0.9771391153335571,0.206611767411232,0.02228252962231636,-0.044880062341690063,-4.080589294433594,-4.5042033195495605,-4.999042510986328,0.7386688590049744,-1.6473000049591064,-1.0344586372375488,-1.7512025833129883
0.0466882698237896,0.6605430245399475,0.1559295356273651,0.529952883720398,0.6949593424797058,0.10288167744874954,0.4749703109264374,-3.615969181060791,-4.213465690612793,-4.707159996032715,-0.8727779388427734,-0.025647133588790894,0.6802234649658203,0.33997640013694763
0.04801931604743004,0.6398440003395081,0.15867018699645996,-0.38226592540740967,0.2106260508298874,0.6908530592918396,0.5763952136039734,-4.021049499511719,-4.4335174560546875,-5.024877071380615,-0.49950918555259705,-1.7374382019042969,-1.279897928237915,-1.753758192062378
0.1600162237882614,0.6728283762931824,0.10466005653142929,-0.15314672887325287,0.6749159097671509,0.6022440195083618,0.3979155421257019,-4.242213249206543,-4.670988082885742,-5.6561055183410645,16.11809539794922,-1.4349451065063477,-0.819706380367279,-1.593629240989685
0.15769363939762115,0.6885361671447754,0.11683052778244019,-0.24950410425662994,0.6460383534431458,0.6170892715454102,0.3736080229282379,-3.6419622898101807,-4.351581573486328,-5.267453193664551,-2.104506254196167,-0.20908083021640778,0.42540687322616577,-0.0447956807911396
0.11721338331699371,0.6701655983924866,0.08328922092914581,0.8635365962982178,0.37939584255218506,-0.15427984297275543,0.29421260952949524,-3.964735984802246,-4.992400169372559,-5.743247032165527,0.026852784678339958,-1.4673383235931396,-0.9163205027580261,-1.6663806438446045
0.1520579755306244,0.6341519355773926,0.12703391909599304,0.5715133547782898,0.7369500994682312,-0.3609274625778198,0.00289840716868639,-3.783888101577759,-4.709111213684082,-4.8655781745910645,0.3938121497631073,-1.4998489618301392,-0.9860004782676697,-1.4474742412567139
0.16043446958065033,0.6795864701271057,0.10441572219133377,-0.14098331332206726,0.7246319055557251,0.5787020921707153,0.34660667181015015,-4.033344745635986,-4.618134498596191,-5.657087802886963,0.25751736760139465,-0.74957674741745,-0.1510602831840515,-0.9541036486625671
0.10475137829780579,0.7095389366149902,0.14716178178787231,-0.27190402150154114,0.29620128870010376,0.5267654061317444,0.7488999962806702,-3.7866718769073486,-4.3536200523376465,-4.758496284484863,-1.3993008136749268,-1.7169173955917358,-1.2563652992248535,-1.6916711330413818
0.20752018690109253,0.6806532740592957,0.1396591067314148,0.8405035138130188,0.3320087492465973,-0.2593950033187866,0.34064385294914246,-3.579320192337036,-4.552913188934326,-5.0173563957214355,-0.27876046299934387,-1.4719706773757935,-0.8643457889556885,-1.579698085784912
0.1902732104063034,0.7156917452812195,0.09781064093112946,0.6738941073417664,0.6486979722976685,0.06092311069369316,-0.34834763407707214,-4.245993137359619,-4.8512372970581055,-6.344935417175293,-0.21232862770557404,-1.3301805257797241,-0.7513498663902283,-1.3886785507202148
0.18650327622890472,0.7223554253578186,0.13347041606903076,-0.31092751026153564,0.5044208765029907,0.5375915169715881,0.599899172782898,-3.758104085922241,-4.451344966888428,-4.9141740798950195,-1.443218469619751,0.8949029445648193,1.3396039009094238,1.1792744398117065
0.1915428191423416,0.7147034406661987,0.14880657196044922,0.6114538908004761,0.7804808020591736,-0.10074051469564438,0.08261437714099884,-4.039395809173584,-4.462972640991211,-5.43226432800293,-1.3804259300231934,-1.1092157363891602,-0.6427192091941833,-1.1473159790039062
0.19260013103485107,0.725466787815094,0.13306549191474915,-0.31112027168273926,0.48619014024734497,0.6295378804206848,0.5201013088226318,-3.5646440982818604,-4.536171913146973,-5.959824562072754,-1.1269474029541016,-0.36769846081733704,0.16012845933437347,-0.3363272547721863
0.23084484040737152,0.6907093524932861,0.1579379141330719,0.12888392806053162,0.5229921936988831,0.6787333488464355,0.49918848276138306,-4.070521354675293,-4.754846572875977,-5.038595199584961,0.4562488794326782,-1.733363389968872,-1.237856388092041,-1.7233632802963257
0.21825848519802094,0.6800341010093689,0.12974192202091217,0.8981927633285522,0.23256351053714752,-0.34650301933288574,0.13820143043994904,-4.392202854156494,-4.698820114135742,-5.374406337738037,-2.0029165744781494,1.5464030504226685,1.746165156364441,1.7703958749771118
0.22839561104774475,0.6912522912025452,0.15504121780395508,-0.057283516973257065,0.7133642435073853,0.4877573549747467,0.49992281198501587,-4.080953121185303,-4.519903659820557,-5.445405006408691,-0.47872215509414673,-0.19186639785766602,0.63744056224823,0.2819274365901947
0.22872374951839447,0.6837540864944458,0.1508791297674179,0.7535941004753113,0.04650101810693741,-0.49207520484924316,0.43335384130477905,-4.177646160125732,-4.829599857330322,-5.423465728759766,16.11809539794922,-0.9600023031234741,-0.23778291046619415,-0.8211910128593445
0.04267405346035957,0.6584045886993408,0.16923750936985016,0.4094139635562897,0.8030303120613098,0.35558754205703735,0.24714362621307373,-3.767603874206543,-4.633680820465088,-5.705568790435791,0.3191297650337219,-0.9820279479026794,-0.17355065047740936,-1.0014660358428955
0.052629344165325165,0.6482276320457458,0.16729220747947693,-0.4067573547363281,0.7486013770103455,0.5002909898757935,0.1544453650712967,-4.119402885437012,-4.443515777587891,-5.099431037902832,-0.03150894120335579,-1.439562201499939,-0.6708841919898987,-1.6353100538253784
0.05926791951060295,0.6631202101707458,0.1712634116411209,0.512980580329895,0.8381698131561279,0.16223585605621338,0.08945286273956299,-4.26120662689209,-4.783548355102539,-5.17618465423584,16.11809539794922,-1.6698899269104004,-0.9723848700523376,-1.742720127105713
0.0651688277721405,0.6776745915412903,0.16379262506961823,0.48074889183044434,0.7893312573432922,-0.25222307443618774,0.2867406904697418,-4.311321258544922,-4.9593987464904785,-5.383979320526123,0.20284725725650787,-1.4105629920959473,-0.7672622203826904,-1.4692327976226807
0.08754940330982208,0.6935111880302429,0.18213610351085663,0.5237719416618347,0.7824525833129883,0.3057519495487213,-0.14123272895812988,-3.796640396118164,-4.796318531036377,-5.289763450622559,-1.8050851821899414,0.4948394000530243,1.207252860069275,1.2859019041061401
0.0595899261534214,0.6888680458068848,0.20247013866901398,0.6723305583000183,0.6963773965835571,0.2509708106517792,-0.006613881792873144,-4.372125625610352,-5.104328632354736,-6.455646991729736,1.0173296928405762,-0.8128403425216675,0.01321439165621996,-0.5310372114181519
0.1189536452293396,0.6362857222557068,0.15007856488227844,0.361685574054718,0.8615219593048096,0.33464083075523376,0.12238870561122894,-4.007242202758789,-4.742905139923096,-5.086624622344971,-1.2537424564361572,-1.6636310815811157,-1.104250192642212,-1.6807432174682617
0.1295522302389145,0.6222392320632935,0.1732780486345291,0.6778071522712708,-0.4805421829223633,-0.08840771019458771,-0.5494003891944885,-4.656447887420654,-5.023531436920166,-7.187751770019531,16.11809539794922,-1.2728227376937866,-0.7106353044509888,-1.2056324481964111
0.11525867134332657,0.6903576850891113,0.1545308381319046,0.6460150480270386,0.6310401558876038,-0.04922128841280937,0.42664989829063416,-4.01978063583374,-4.860429286956787,-5.958464622497559,-0.9604819416999817,-1.6137100458145142,-1.2551054954528809,-1.7714362144470215
0.186814546585083,0.707943856716156,0.15873031318187714,0.9948972463607788,-0.06485425680875778,0.06604806333780289,0.040138278156518936,-3.775029182434082,-4.74318790435791,-5.211227893829346,-0.7136109471321106,-1.7139250040054321,-1.2468676567077637,-1.755346655845642
0.11379425972700119,0.67898029088974,0.20840434730052948,0.6736105680465698,0.7364835143089294,0.03606942668557167,-0.05039627104997635,-4.478389263153076,-4.738572597503662,-5.544320106506348,-0.6331915855407715,-1.6202067136764526,-1.2105536460876465,-1.6601858139038086
0.07634784281253815,0.7053143978118896,0.14172106981277466,-0.45135945081710815,-0.33385393023490906,-0.4361528754234314,0.7032687067985535,-10.087583541870117,-4.046408176422119,-5.2397332191467285,-1.4615178108215332,-1.4944219589233398,-1.1607835292816162,-1.7724539041519165
0.09544572234153748,0.7149376273155212,0.22269384562969208,-0.38000690937042236,0.8381085395812988,0.36525821685791016,0.14055326581001282,-4.291033744812012,-4.4206743240356445,-4.461697101593018,-0.08041940629482269,-1.7197792530059814,-1.3355119228363037,-1.7389353513717651
0.133633553981781,0.7254658341407776,0.16583210229873657,0.5306459069252014,0.8063532710075378,0.06872325390577316,-0.25196516513824463,-3.738661050796509,-4.744187831878662,-5.838406085968018,-0.9575191140174866,-1.4839353561401367,-0.9247567057609558,-1.643216609954834
0.12388651818037033,0.7320177555084229,0.17069602012634277,0.6543902158737183,-0.6497878432273865,-0.23016633093357086,-0.31076133251190186,-4.4519548416137695,-4.746156215667725,-5.831743240356445,-0.8751572966575623,1.213228702545166,1.6334846019744873,1.762367606163025
0.16548535227775574,0.7207234501838684,0.19733189046382904,0.5434544086456299,0.7953723669052124,-0.05553938448429108,-0.26259368658065796,-3.6701595783233643,-4.152868270874023,-4.415730953216553,-1.6732337474822998,-1.65904700756073,-1.1965824365615845,-1.7040411233901978
0.15733487904071808,0.7341238260269165,0.18197977542877197,0.6423304677009583,0.7365641593933105,0.1679222136735916,-0.12917795777320862,-3.6563644409179688,-4.644467353820801,-5.27877950668335,-1.6453139781951904,0.17361761629581451,0.6661561131477356,0.5863984227180481
0.08971871435642242,0.7066802978515625,0.2297205775976181,-0.31769445538520813,0.8464763164520264,0.4266204535961151,0.023303309455513954,-4.105877876281738,-4.894078731536865,-4.938302993774414,1.3844105005264282,-1.3846243619918823,-0.5477680563926697,-1.43958580493927
0.08018066734075546,0.7056863903999329,0.21946756541728973,0.16654595732688904,0.8774186372756958,0.4404047727584839,0.09188355505466461,-4.414783954620361,-4.760826110839844,-5.877879619598389,-0.8648843169212341,-1.679060697555542,-1.1378874778747559,-1.7012525796890259
0.07646526396274567,0.7112435102462769,0.23027005791664124,0.20698460936546326,0.6940716505050659,0.5259189009666443,0.4459049701690674,-4.083642959594727,-4.594220161437988,-5.086170673370361,-1.0855464935302734,-0.5066748857498169,0.30746614933013916,-0.6977220773696899
0.11267678439617157,0.6717972755432129,0.22734463214874268,0.4735131859779358,0.7952606081962585,-0.2842397093772888,-0.25010713934898376,-4.023347854614258,-5.764725685119629,-6.214277267456055,-2.3852975368499756,0.19998328387737274,0.8305702209472656,0.7354094982147217
0.11578842997550964,0.6734476685523987,0.21034090220928192,0.5607107877731323,-0.4977666437625885,-0.20202329754829407,-0.6300939321517944,-4.944827079772949,-5.047451019287109,-6.594364166259766,16.11809539794922,-1.067818522453308,-0.4066033363342285,-0.746681272983551
0.09779783338308334,0.7201857566833496,0.2227647751569748,0.6729718446731567,0.6706479787826538,0.01829276606440544,0.31145715713500977,-4.0353102684021,-4.986542701721191,-5.7982177734375,0.8497209548950195,-1.271767258644104,-0.478630006313324,-1.1466007232666016
0.12248767912387848,0.7323229908943176,0.22271783649921417,0.6298789978027344,-0.6207243800163269,-0.4441535770893097,-0.14381009340286255,-3.5385630130767822,-4.307584762573242,-5.729536056518555,-1.5261319875717163,-0.8682507872581482,-0.11359460651874542,-0.8510599732398987
0.10664571076631546,0.7397857308387756,0.25219452381134033,0.7395702004432678,0.572405219078064,-0.14881275594234467,0.32131442427635193,-3.940385103225708,-4.687782287597656,-5.242047309875488,-1.3281042575836182,1.4364954233169556,1.6686586141586304,1.6074860095977783
0.12070038169622421,0.7370162010192871,0.27321770787239075,0.5608823299407959,0.7585065960884094,-0.20832699537277222,0.25822198390960693,-3.603468418121338,-4.335232734680176,-5.400549411773682,-1.9721856117248535,-1.6511019468307495,-1.3089098930358887,-1.4977757930755615
0.1956808716058731,0.7516405582427979,0.20866557955741882,0.6835904717445374,0.7096844911575317,0.09884758293628693,-0.1388566493988037,-3.6189587116241455,-4.420222282409668,-4.987067222595215,-0.7965764403343201,1.0379565954208374,1.5279866456985474,1.64197838306427
0.13072140514850616,0.7351013422012329,0.25037553906440735,0.6672570705413818,0.7430659532546997,-0.04306241497397423,-0.027688290923833847,-4.457228660583496,-4.848107814788818,-5.207581996917725,-0.144775852560997,-1.5458176136016846,-1.086682677268982,-1.6986624002456665
0.15391753613948822,0.7279588580131531,0.2626916766166687,0.3096516728401184,0.8800196051597595,-0.26724210381507874,0.24137738347053528,-3.3521616458892822,-4.611482620239258,-5.008551597595215,-0.8047980666160583,0.22326745092868805,0.7529365420341492,0.7722637057304382
0.1992301195859909,0.7499666213989258,0.2064494490623474,0.5415094494819641,0.7810233235359192,-0.27346470952033997,0.14828041195869446,-4.532869338989258,-4.780562877655029,-5.147998332977295,0.8879450559616089,0.20360016822814941,0.7585428953170776,0.45877915620803833
0.2082938551902771,0.7442275881767273,0.20615164935588837,0.9413271546363831,-0.337269127368927,-0.007203708868473768,0.010044521652162075,-4.429511070251465,-4.805774688720703,-5.394118309020996,1.3831729888916016,-1.5841217041015625,-1.338181972503662,-1.7537117004394531
0.17668522894382477,0.7558595538139343,0.229614719748497,0.7300865650177002,0.6648592948913574,-0.0740598663687706,0.13946637511253357,-4.226809501647949,-4.877646446228027,-5.349950313568115,-1.745725393295288,-1.7631826400756836,-1.0945392847061157,-1.7590807676315308
0.18088653683662415,0.7394335269927979,0.2634207308292389,0.40410664677619934,0.8629266619682312,0.20763307809829712,-0.2212325930595398,-3.1149401664733887,-4.311842918395996,-5.1443681716918945,-1.7798752784729004,1.1123580932617188,1.5082178115844727,1.4563754796981812
0.22100438177585602,0.7139720320701599,0.16760370135307312,-0.23643915355205536,0.5598052740097046,0.614323616027832,0.5033100843429565,-4.110247611999512,-5.181217670440674,-5.503609657287598,-1.8582011461257935,0.6476559042930603,1.2860349416732788,1.2695554494857788
0.2725004255771637,0.7275069952011108,0.16473373770713806,0.7182152271270752,0.6212154626846313,0.08462934195995331,-0.3018212914466858,-4.036764144897461,-4.670147895812988,-6.031865119934082,0.11067557334899902,-1.4501701593399048,-0.7757642269134521,-1.3952434062957764
0.2636810541152954,0.744002640247345,0.17936190962791443,-0.11047256737947464,0.5345962047576904,0.6047313809394836,0.5799160599708557,-3.561347246170044,-4.31639289855957,-5.373583793640137,-2.0115158557891846,0.6700192093849182,1.1901307106018066,1.2868245840072632
0.2813780605792999,0.7346437573432922,0.1901887059211731,-0.22576309740543365,0.7003141045570374,0.34566807746887207,0.5823270082473755,-3.2674057483673096,-4.477675437927246,-5.685807704925537,-1.7435115575790405,-0.14421473443508148,0.435773104429245,0.2665697932243347
0.2804957330226898,0.7381563782691956,0.20832028985023499,-0.42266324162483215,0.7440522313117981,0.25283998250961304,0.4514576196670532,-3.2029905319213867,-4.481112003326416,-5.256573677062988,-1.3208372592926025,-0.9908148050308228,-0.418700635433197,-0.8442783355712891
0.22665594518184662,0.7482278943061829,0.20333708822727203,0.6495579481124878,0.6697791218757629,-0.266735315322876,0.24150080978870392,-4.128000259399414,-4.4288010597229,-5.279591083526611,0.6510339975357056,-0.6210892796516418,-0.00037143420195207,-0.30262309312820435
0.2004326730966568,0.7616056799888611,0.19524633884429932,-0.4697117209434509,0.5513888597488403,0.3089938759803772,0.6163310408592224,-4.312880992889404,-5.044623851776123,-7.052473068237305,-1.0569409132003784,-0.9526389837265015,-0.46203964948654175,-0.8393201231956482
0.21695785224437714,0.7465475797653198,0.21197247505187988,-0.11683599650859833,0.4057101011276245,0.38491547107696533,0.8207245469093323,-3.998497486114502,-5.1475067138671875,-5.396091938018799,-0.04744132235646248,-1.4499263763427734,-0.9476441740989685,-1.6518758535385132
0.2739422917366028,0.7445297837257385,0.20635834336280823,0.6587753891944885,0.6826488375663757,-0.06487644463777542,-0.309510201215744,-4.654616355895996,-5.086666584014893,-5.485947132110596,1.0295096635818481,-1.6578993797302246,-1.0658384561538696,-1.6857476234436035
0.24134942889213562,0.7365164160728455,0.2216860055923462,0.7801952362060547,0.5854302644729614,0.18876126408576965,0.11373651027679443,-3.9261014461517334,-4.7721076011657715,-5.18858528137207,-0.5514634251594543,-1.6835172176361084,-1.4512017965316772,-1.7380213737487793
0.22899402678012848,0.729968786239624,0.2525234818458557,0.5624083280563354,-0.5442467927932739,-0.35387125611305237,-0.5121205449104309,-3.6063575744628906,-4.8132171630859375,-5.630229949951172,-1.235906958580017,1.0314284563064575,1.5469046831130981,1.4928481578826904
0.2472127079963684,0.743179440498352,0.22227123379707336,0.8933902978897095,-0.30651047825813293,0.30866745114326477,0.11238102614879608,-4.198415279388428,-4.830454349517822,-5.346038818359375,-0.6488264203071594,-1.3163877725601196,-0.7617660760879517,-1.513109803199768
0.23805855214595795,0.7455660700798035,0.23082704842090607,0.10463779419660568,0.5614839196205139,0.7517217397689819,-0.3296986520290375,-4.281559944152832,-5.153611660003662,-5.202300071716309,-0.9777018427848816,0.00040771858766674995,0.6213434338569641,0.5185255408287048
0.24322989583015442,0.7313576340675354,0.23729771375656128,0.6883915066719055,0.6686201691627502,-0.2799268364906311,-0.026555724442005157,-4.520463466644287,-5.08306884765625,-6.225773334503174,-1.0412102937698364,-1.768904685974121,-1.3430893421173096,-1.7497260570526123
0.22798949480056763,0.7239730358123779,0.27243638038635254,0.7385021448135376,-0.3898161053657532,-0.29126647114753723,-0.46671387553215027,-4.134864807128906,-4.559004783630371,-6.073747634887695,0.5846672654151917,-1.5937647819519043,-1.200048804283142,-1.5418728590011597
0.2887890338897705,0.743791937828064,0.24774664640426636,0.6268488168716431,0.7113314270973206,-0.3158465027809143,0.03618215397000313,-3.735544443130493,-4.911942958831787,-5.842310905456543,-1.1146187782287598,1.014003872871399,1.4161936044692993,1.5586504936218262
0.28939318656921387,0.7430218458175659,0.23953251540660858,0.6297566890716553,0.714798092842102,-0.2989220917224884,0.05581948906183243,-4.407275199890137,-5.095499515533447,-5.972478866577148,-1.0467462539672852,-1.5451796054840088,-1.092222809791565,-1.5593656301498413
0.21773843467235565,0.7218416929244995,0.27814313769340515,0.5365926623344421,0.7943502068519592,0.25384023785591125,-0.1290009617805481,-3.868701457977295,-4.500075817108154,-6.3486199378967285,0.7035382390022278,-0.5572401881217957,0.0572759248316288,-0.418880432844162
0.06015806272625923,0.6299754977226257,0.3005278408527374,0.8505090475082397,0.403533935546875,-0.13239313662052155,0.3102687895298004,-3.5110692977905273,-4.730187892913818,-5.359017372131348,-2.4142343997955322,-1.735821008682251,-1.454862356185913,-1.4989267587661743
0.06428615003824234,0.636471152305603,0.3222629725933075,-0.49476295709609985,0.2693503797054291,0.730193555355072,0.38662296533584595,-3.9257402420043945,-4.3625102043151855,-4.962977886199951,-1.1556490659713745,-0.5279826521873474,0.1373482644557953,-0.0981869027018547
0.09087606519460678,0.6614726185798645,0.34491071105003357,0.6823578476905823,-0.5191942453384399,-0.4457797408103943,-0.2571099102497101,-4.427736282348633,-4.752484321594238,-6.2469353675842285,1.6885184049606323,-0.9576892256736755,-0.13223962485790253,-0.8560155630111694
0.0908978134393692,0.6613990664482117,0.34481146931648254,0.683365523815155,-0.5502641797065735,-0.4179319143295288,-0.2356984168291092,-4.3660383224487305,-4.958568572998047,-6.028600692749023,-1.3916946649551392,-1.594714641571045,-1.1696542501449585,-1.5858170986175537
0.08320596814155579,0.6371985673904419,0.3589980900287628,-0.3483316898345947,0.4428660571575165,0.7229271531105042,0.39988869428634644,-4.000090599060059,-4.791347980499268,-5.556312561035156,-1.3887362480163574,0.48235413432121277,1.0747195482254028,1.320064902305603
0.12698224186897278,0.7289717793464661,0.3102045953273773,-0.4729281961917877,0.3228103220462799,0.4050331115722656,0.7127977013587952,-5.114466667175293,-5.655066013336182,-7.009947299957275,1.1712342500686646,-0.2300964742898941,0.33521130681037903,0.3036001920700073
0.10115107148885727,0.64793860912323,0.37922534346580505,-0.4809565246105194,0.7477900385856628,0.41614481806755066,0.1905633509159088,-3.7801759243011475,-4.181029319763184,-5.301461696624756,-1.025589108467102,-0.9866819381713867,-0.39619648456573486,-1.0181106328964233
0.11523385345935822,0.6328481435775757,0.3649357557296753,-0.29462432861328125,0.4132283329963684,0.6122345924377441,0.6063065528869629,-3.7754979133605957,-4.375668525695801,-5.0085768699646,-0.17232954502105713,-1.6609212160110474,-1.1162619590759277,-1.741951584815979
0.09880341589450836,0.660075306892395,0.3705695569515228,0.628037691116333,0.7507787942886353,0.1961386501789093,0.05856186896562576,-3.6604974269866943,-4.244268417358398,-5.329734802246094,-1.8253413438796997,1.3145323991775513,1.6305930614471436,1.7029452323913574
0.08044494688510895,0.6406955122947693,0.3832677900791168,0.5394344925880432,-0.45621979236602783,-0.3947782814502716,-0.5873875021934509,-4.503210544586182,-4.669228553771973,-5.4074883460998535,-0.004343072418123484,-1.690309762954712,-1.0494135618209839,-1.7169526815414429
0.1098199114203453,0.6816881895065308,0.4254060387611389,0.6068705320358276,-0.5773345828056335,-0.4258813261985779,-0.3420790433883667,-3.9276294708251953,-4.948554515838623,-6.077801704406738,-0.7768867611885071,1.1244311332702637,1.6752901077270508,1.7517441511154175
0.14389273524284363,0.6508840322494507,0.39403948187828064,-0.1549311727285385,0.7667394280433655,0.4432334303855896,0.4377797245979309,-3.301414966583252,-4.111356735229492,-4.955890655517578,-2.012909412384033,0.8910610675811768,1.4812121391296387,1.4489498138427734
0.12296722084283829,0.6748844385147095,0.3596504032611847,-0.3534902334213257,0.305608332157135,0.5878385901451111,0.6603741645812988,-4.542517185211182,-4.884483814239502,-6.44011116027832,-0.9292583465576172,0.1522092968225479,0.7414318323135376,0.9446043372154236
0.13588333129882812,0.6597501039505005,0.40081775188446045,0.8870834708213806,0.3687743544578552,-0.25443634390830994,0.1111329197883606,-4.030550479888916,-4.55636739730835,-4.982532024383545,0.07401461154222488,-1.6360862255096436,-1.2659716606140137,-1.707758903503418
0.13523373007774353,0.6668092012405396,0.4059789478778839,0.8365241885185242,0.4618183672428131,-0.19951805472373962,0.21712572872638702,-4.064726829528809,-4.630041122436523,-4.845005512237549,-0.9275790452957153,-0.40732064843177795,0.26675868034362793,-0.13492660224437714
0.0782075822353363,0.6425158977508545,0.4292624592781067,0.32264459133148193,0.6096888780593872,0.6927033066749573,-0.21057559549808502,-3.9836838245391846,-4.162428855895996,-5.198480129241943,-0.4049815237522125,-1.4443590641021729,-1.0020115375518799,-1.518484115600586
0.07537311315536499,0.6538280248641968,0.419620156288147,0.35103535652160645,0.7433933019638062,0.5499269366264343,-0.14738018810749054,-3.817368507385254,-4.6960883140563965,-5.499442100524902,-0.9466108679771423,0.3619869351387024,0.7838689684867859,0.8290749788284302
0.0716218650341034,0.6415033936500549,0.43273118138313293,0.4524683952331543,0.6852623820304871,0.5702283978462219,-0.022964144125580788,-4.469150066375732,-4.841360569000244,-6.195479869842529,1.5251158475875854,-0.9707738161087036,-0.2817342281341553,-0.8375982642173767
0.11793602257966995,0.6804827451705933,0.4282751977443695,0.5253584980964661,-0.5461777448654175,-0.4353386163711548,-0.4859718382358551,-4.437196731567383,-5.049536228179932,-6.215288162231445,-2.035677433013916,-1.6280975341796875,-1.4381351470947266,-1.6516940593719482
0.12140857428312302,0.681415319442749,0.42406266927719116,-0.39862605929374695,0.2673443555831909,0.7373178601264954,0.4753805100917816,-4.372656345367432,-5.426625728607178,-6.057076454162598,0.6719846725463867,-1.0644880533218384,-0.5612685084342957,-0.9718772768974304
0.16609185934066772,0.6619520783424377,0.43139874935150146,0.6217095255851746,-0.6207764744758606,-0.20534077286720276,-0.4312179982662201,-4.451918601989746,-4.94992208480835,-6.087772846221924,-0.35983049869537354,0.152105450630188,0.677361249923706,0.8581386208534241
