x,y,z,rot_0,rot_1,rot_2,rot_3,scale_0,scale_1,scale_2,opacity,f_dc_0,f_dc_1,f_dc_2
-1.078683853149414,-0.044276900589466095,-0.5688425898551941,0.8113396167755127,0.5655516386032104,0.09078779071569443,-0.11677733808755875,-3.0493969917297363,-3.1422460079193115,-4.1350603103637695,-0.491333544254303,-1.117845892906189,-1.1741909980773926,-1.1944228410720825
-1.0648897886276245,-0.00297166989184916,-0.5602574348449707,0.7315853834152222,0.6651124358177185,-0.10406550019979477,0.10760384798049927,-2.5186362266540527,-4.687653541564941,-5.741149425506592,-0.06568055599927902,-1.7107014656066895,-1.7724539041519165,-1.7724539041519165
-1.1657891273498535,-0.008528401143848896,-0.4076140224933624,-0.48628753423690796,0.44782933592796326,0.5134875774383545,0.5470867156982422,-2.3695194721221924,-2.981360912322998,-4.71799898147583,-1.7208237648010254,-0.6636339426040649,-0.8226783871650696,-0.8510878086090088
-0.9347009062767029,0.0016264856094494462,-0.5877872705459595,0.6983482837677002,0.7154955863952637,-0.011859328486025333,0.015334110707044601,-2.477747917175293,-4.494348049163818,-6.548873424530029,-1.662952184677124,-1.7707788944244385,-1.7699201107025146,-1.771580696105957
-1.06594979763031,-0.00019322788284625858,-0.4616965353488922,0.6968614459037781,0.692143440246582,-0.1269669234752655,0.13856756687164307,-2.435779571533203,-3.6136281490325928,-6.498382091522217,-2.57747745513916,-1.7283692359924316,-1.7568979263305664,-1.7706842422485352
-1.0060142278671265,0.0017280702013522387,-0.5142160654067993,0.696212649345398,0.7111895084381104,-0.06545905023813248,0.07219801843166351,-2.352524995803833,-3.9682061672210693,-6.442898273468018,-2.4667489528656006,0.6672019958496094,0.41709569096565247,0.39605456590652466
-0.8801962733268738,-0.022958172485232353,-0.5616781115531921,0.6702570915222168,0.7323686480522156,-0.09911362081766129,0.0675877258181572,-2.313041925430298,-3.7789433002471924,-4.077271461486816,-0.11202351748943329,-0.885623037815094,-0.9176687598228455,-0.9253310561180115
-0.8085159063339233,0.002766659948974848,-0.5342239141464233,0.7101887464523315,0.6986106038093567,-0.05924965813755989,0.0637543573975563,-2.5552964210510254,-3.321342706680298,-5.572806358337402,-3.8675780296325684,1.3070483207702637,1.0277783870697021,0.8771436214447021
-0.8509573936462402,0.0037714550271630287,-0.5112483501434326,0.6811175346374512,0.6811602115631104,0.19521883130073547,-0.18436190485954285,-2.819049835205078,-3.288227081298828,-6.671710014343262,-2.4414193630218506,-1.7721097469329834,-1.7710773944854736,-1.7724539041519165
-0.8730037212371826,0.002126255538314581,-0.49450066685676575,0.6707245111465454,0.66618412733078,-0.21538351476192474,0.2448209822177887,-3.050619125366211,-3.552649736404419,-5.930420875549316,-2.383145570755005,-1.7690563201904297,-1.7344305515289307,-1.7599201202392578
-1.1410293579101562,-0.000032755346182966605,-0.47671568393707275,0.7104024887084961,0.6910484433174133,-0.09310335665941238,0.09545733034610748,-3.376211166381836,-4.493128776550293,-6.4301276206970215,-2.2027487754821777,1.6623387336730957,0.9634926319122314,0.5549564361572266
-1.12273371219635,-0.00032874371390789747,-0.4023197293281555,0.7119468450546265,0.6663546562194824,-0.15492138266563416,0.15843772888183594,-2.8686742782592773,-3.943056344985962,-6.660958766937256,-1.215816855430603,-1.6942745447158813,-1.7655348777770996,-1.7700570821762085
-0.9921088814735413,0.0025645673740655184,-0.4087490439414978,0.5915293097496033,-0.6043688654899597,-0.38481053709983826,-0.3698002099990845,-2.833017110824585,-2.9180965423583984,-6.2058939933776855,-3.3538646697998047,1.2885479927062988,1.0329481363296509,0.9018969535827637
-0.9623267650604248,-0.009295905008912086,-0.3797616958618164,0.7488564252853394,0.6486963629722595,-0.10469882935285568,0.08628585934638977,-2.5813944339752197,-3.10591983795166,-4.103302955627441,-1.7220596075057983,-0.542393684387207,-0.6838633418083191,-0.6653058528900146
-0.9181261658668518,0.0037121365312486887,-0.3877130448818207,-0.46156537532806396,0.4628645181655884,0.5427401065826416,0.5273964405059814,-2.78456449508667,-2.994948148727417,-6.009254455566406,-3.1588900089263916,1.618577480316162,1.1328283548355103,0.841923177242279
-0.7087385058403015,-0.007322247140109539,-0.5667446851730347,0.8162879943847656,0.5763095021247864,-0.006853519007563591,-0.038656242191791534,-2.789552688598633,-3.7884597778320312,-4.684217929840088,-1.2950526475906372,-1.7660324573516846,-1.7704466581344604,-1.756010890007019
-0.6729418635368347,0.004030159208923578,-0.455522358417511,0.5973347425460815,-0.6616925001144409,-0.3259105980396271,-0.314859539270401,-2.4188907146453857,-3.407672643661499,-4.971317768096924,-2.4591453075408936,0.5488379597663879,0.3093699514865875,0.2365025132894516
-0.6982098817825317,-0.041582148522138596,-0.518648624420166,0.9120905995368958,0.3257460594177246,-0.1896449625492096,0.16129176318645477,-2.4231388568878174,-3.5984933376312256,-3.998811960220337,0.9246569275856018,-1.4659243822097778,-1.588090181350708,-1.6203560829162598
-0.626822829246521,0.004507432226091623,-0.5667212605476379,0.6913684010505676,0.6880869269371033,-0.15252068638801575,0.15900792181491852,-3.2522430419921875,-3.645144462585449,-6.2480926513671875,-1.1150875091552734,-0.07761811465024948,-0.16461382806301117,-0.13812033832073212
-0.6424403190612793,0.00614207424223423,-0.47322916984558105,0.6703629493713379,0.6419921517372131,-0.2613837420940399,0.26483598351478577,-2.858802080154419,-3.695591688156128,-6.30108642578125,-2.7372519969940186,1.656592607498169,1.328184723854065,1.1111478805541992
-0.5934075713157654,0.004926017951220274,-0.5211071968078613,0.5790709257125854,-0.5800438523292542,-0.41075262427330017,-0.39938488602638245,-2.9237453937530518,-3.3378946781158447,-5.932087421417236,-2.0757029056549072,1.0609604120254517,0.7801439166069031,0.6759024858474731
-0.5888941287994385,0.004522944334894419,-0.5013906359672546,0.6768942475318909,0.6978967785835266,-0.15218108892440796,0.1777500957250595,-3.0854947566986084,-4.157318115234375,-5.834814071655273,-1.8864171504974365,1.7620118856430054,1.571150779724121,1.3531289100646973
-0.580559492111206,0.0006937150028534234,-0.5181344747543335,0.5384448170661926,-0.5274346470832825,-0.4774124026298523,-0.45162737369537354,-3.0212764739990234,-3.7363502979278564,-5.105069637298584,-1.3208258152008057,-1.264970064163208,-1.2857660055160522,-1.2173521518707275
-0.7602627873420715,0.005674729589372873,-0.41375601291656494,0.707585871219635,0.6921075582504272,-0.09820867329835892,0.10326875746250153,-3.1245322227478027,-3.4891724586486816,-6.675879955291748,-1.8053104877471924,-1.772359848022461,-1.7724539041519165,-1.7700715065002441
-0.6569427847862244,-0.031397610902786255,-0.3807884156703949,0.7149317264556885,0.6632508039474487,0.2201901078224182,-0.022075744345784187,-2.9605207443237305,-3.0419583320617676,-3.868504762649536,1.3437293767929077,-1.0670045614242554,-1.2252157926559448,-1.2490837574005127
-1.0287386178970337,-0.0019843578338623047,-0.3889043629169464,0.5339574813842773,0.8347408771514893,-0.05509805306792259,0.12272436171770096,-3.156449556350708,-5.329211235046387,-5.8156938552856445,-0.6349473595619202,-1.7645049095153809,-1.766998291015625,-1.7683390378952026
-0.8951677083969116,0.0022011359687894583,-0.3639165461063385,0.7000077962875366,0.7103958129882812,-0.0368378646671772,0.06300681829452515,-2.7976186275482178,-3.8624939918518066,-6.186960697174072,-1.1629726886749268,-1.7625188827514648,-1.7698793411254883,-1.7717710733413696
-1.1231523752212524,0.001148062408901751,-0.2768065631389618,0.6850865483283997,0.6963017582893372,-0.13976533710956573,0.16212928295135498,-2.96663236618042,-3.3128292560577393,-5.895428657531738,-1.7460440397262573,-1.7250018119812012,-1.7536163330078125,-1.7549934387207031
-1.1699196100234985,0.005926481913775206,-0.12091419100761414,0.5278236269950867,-0.526344895362854,-0.4796954393386841,-0.462877482175827,-2.432931900024414,-3.3733928203582764,-5.649649143218994,-3.201427936553955,0.5120656490325928,0.09657195210456848,-0.11059186607599258
-0.9752274751663208,0.0037732203491032124,-0.25458627939224243,0.6880261898040771,0.6851925253868103,-0.16430339217185974,0.17359602451324463,-2.704984188079834,-3.8796117305755615,-6.058903694152832,-1.715817928314209,-1.758209228515625,-1.7638696432113647,-1.764731764793396
-0.8318771123886108,0.0061016869731247425,-0.2655825912952423,0.6803945899009705,0.7026783227920532,-0.13908430933952332,0.1547965258359909,-2.881091594696045,-3.909010648727417,-6.321302890777588,-1.8581537008285522,-1.7350337505340576,-1.7714296579360962,-1.7547259330749512
-0.6271841526031494,-0.04098690673708916,-0.2934096157550812,0.7767096757888794,-0.1158306673169136,-0.47074317932128906,-0.40212705731391907,-3.3031907081604004,-3.5314700603485107,-3.9854466915130615,0.7475952506065369,-1.7611496448516846,-1.732140064239502,-1.772361159324646
-0.6531497836112976,0.0027781734243035316,-0.3758015036582947,-0.34812289476394653,0.3844977021217346,0.6133987307548523,0.595578670501709,-2.885962724685669,-3.562033176422119,-5.301339149475098,-2.6332969665527344,0.013230756856501102,-0.21389654278755188,-0.2424267679452896
-0.6059412956237793,0.0017036552308127284,-0.42317870259284973,0.7880827784538269,0.5870725512504578,-0.08333038538694382,0.16531002521514893,-4.376054286956787,-5.437365531921387,-6.375114917755127,-0.18119637668132782,1.688335657119751,0.667614758014679,-0.16750270128250122
-0.557776927947998,0.004699339158833027,-0.4034443795681,-0.3448978066444397,0.41447871923446655,0.5449590682983398,0.6420844793319702,-3.661801338195801,-3.920670509338379,-4.760011672973633,-1.2198635339736938,1.7205102443695068,1.565136194229126,1.0844731330871582
-0.8326792120933533,0.0029598844703286886,-0.321081280708313,0.8828846216201782,0.42036890983581543,-0.1946723312139511,0.07685986161231995,-4.475136756896973,-5.434109210968018,-6.455913543701172,-0.6185759902000427,1.7724539041519165,1.7724539041519165,1.5917413234710693
-0.9143373370170593,-0.020267684012651443,-0.24047712981700897,0.7174908518791199,0.6828092336654663,0.1377117931842804,0.0037342768628150225,-2.976736068725586,-3.2895612716674805,-3.912075996398926,-2.452733039855957,-0.5141843557357788,-0.5540775060653687,-0.5167674422264099
-0.7482021450996399,0.005413120612502098,-0.3117317855358124,0.6471827030181885,0.7478331923484802,-0.1106639876961708,0.09825246781110764,-3.1334917545318604,-4.230434894561768,-5.361304759979248,-0.22847744822502136,-1.6365591287612915,-1.7610419988632202,-1.745101809501648
-0.7294872403144836,0.006274789106100798,-0.2620985507965088,0.6919736266136169,0.6864926218986511,-0.1471056193113327,0.16810807585716248,-2.555565357208252,-3.718022584915161,-5.784633159637451,-2.7281384468078613,1.0068883895874023,0.7050597071647644,0.6665787696838379
-0.641887903213501,0.009670007042586803,-0.256611168384552,-0.46570080518722534,0.4633149802684784,0.5339993238449097,0.5322656631469727,-2.9066426753997803,-3.45157790184021,-6.449646949768066,-2.7959656715393066,1.6113154888153076,1.2952988147735596,1.275573492050171
-0.5306032299995422,-0.02159235253930092,-0.29520612955093384,0.782706081867218,-0.3525257408618927,-0.4132203459739685,-0.3038844168186188,-2.656728506088257,-3.725288152694702,-4.157099723815918,-1.190632700920105,-1.7677510976791382,-1.7724539041519165,-1.7720764875411987
-0.5182979702949524,0.003006870625540614,-0.5755254626274109,0.7456978559494019,0.6578541994094849,0.08937883377075195,-0.05633817985653877,-3.7859039306640625,-3.884950876235962,-6.389281749725342,-2.0548970699310303,1.667372465133667,1.6458090543746948,1.5419762134552002
-0.43367674946784973,0.004350086208432913,-0.5613575577735901,0.6995032429695129,0.700835108757019,-0.09798609465360641,0.0996197983622551,-3.01017165184021,-3.748711585998535,-5.671998977661133,-1.7085447311401367,0.4324702024459839,0.15433305501937866,0.09790154546499252
-0.4359548091888428,0.005060670897364616,-0.5557751655578613,0.705903172492981,0.6871746182441711,-0.12252773344516754,0.12032739818096161,-3.6846745014190674,-3.9395341873168945,-6.102980613708496,-0.963654100894928,1.7678142786026,1.6510593891143799,1.6064785718917847
-0.47797691822052,-0.0028730512131005526,-0.5114627480506897,0.5182595252990723,-0.48191142082214355,-0.486675500869751,-0.5121673941612244,-3.331181526184082,-3.7678627967834473,-4.849058151245117,-1.0263773202896118,-1.0007628202438354,-1.2510881423950195,-1.3482835292816162
-0.5375471115112305,0.012713893316686153,-0.45710501074790955,-0.4010295271873474,0.5562542080879211,0.5193286538124084,0.5099551677703857,-2.8465335369110107,-3.92693829536438,-4.972633361816406,-1.1907958984375,0.49580228328704834,0.20043396949768066,-0.0773235335946083
-0.4073648154735565,0.004386553540825844,-0.5419349074363708,0.6827282905578613,0.6802324652671814,0.1889299750328064,-0.18833833932876587,-2.8614919185638428,-3.9374794960021973,-5.6668620109558105,-1.4500062465667725,1.7156606912612915,1.5493210554122925,1.4244065284729004
-0.4135047495365143,0.004890641663223505,-0.546127438545227,0.6697260141372681,0.6581933498382568,0.24385994672775269,-0.24244779348373413,-2.6204655170440674,-3.682274103164673,-6.032904148101807,-2.2944371700286865,1.4677265882492065,1.0039204359054565,0.8223272562026978
-0.3388814330101013,-0.01152133010327816,-0.5299461483955383,0.6792536377906799,0.6570227146148682,0.1451636552810669,-0.2930242121219635,-2.6215689182281494,-3.1728997230529785,-3.518329381942749,-0.9867543578147888,-1.3667532205581665,-1.3470672369003296,-1.5810208320617676
-0.487949937582016,-0.02488076686859131,-0.41089752316474915,-0.44783174991607666,0.4062483608722687,0.5756812691688538,0.5504544377326965,-3.299441337585449,-3.608691453933716,-3.8750386238098145,-0.22808341681957245,-1.6904679536819458,-1.6033637523651123,-1.769881010055542
-0.335510790348053,-0.003787486581131816,-0.43641582131385803,0.6979790925979614,0.6402699947357178,0.30928412079811096,0.08498729765415192,-3.7627551555633545,-4.554555416107178,-6.557814121246338,1.133094310760498,1.2585738897323608,1.770660161972046,0.28796109557151794
-0.3170127868652344,0.013055464252829552,-0.422000914812088,-0.4345495104789734,0.13158884644508362,0.7230196595191956,0.5206665396690369,-3.8776063919067383,-4.310684680938721,-6.614647388458252,-0.07357033342123032,1.1869847774505615,1.7488043308258057,0.4229676425457001
0.10737629979848862,0.04502931609749794,-0.5614199638366699,0.9442503452301025,-0.08837065100669861,-0.10562124848365784,0.2990419864654541,-2.087214231491089,-3.6377713680267334,-3.9187912940979004,-2.40993070602417,0.8228629231452942,1.4121921062469482,-0.002464951016008854
0.29020094871520996,0.011429897509515285,-0.4558810591697693,0.7367716431617737,0.6476090550422668,-0.1465306580066681,0.1276668757200241,-1.8792015314102173,-2.607130765914917,-3.1309549808502197,-1.2147494554519653,-1.575351357460022,-1.5482783317565918,-1.679520845413208
0.11774620413780212,0.038529619574546814,-0.5634201765060425,0.9609936475753784,-0.23457759618759155,-0.11941831558942795,0.08487541228532791,-2.2451117038726807,-4.11226224899292,-4.577808380126953,-0.8839683532714844,-0.48475316166877747,0.2844129800796509,-0.7506122589111328
0.015630122274160385,-0.008621380664408207,-0.43969422578811646,0.8558374047279358,-0.35759836435317993,-0.35919827222824097,-0.10316178947687149,-2.258090019226074,-3.2637009620666504,-4.193256378173828,-2.2168803215026855,1.5734678506851196,1.7243982553482056,1.0883779525756836
-0.36173081398010254,0.24649208784103394,-0.4890265166759491,0.8861271739006042,0.36413493752479553,0.27381035685539246,-0.08492517471313477,-2.256274938583374,-4.443903923034668,-5.4335737228393555,-2.374595880508423,1.4951846599578857,1.459444522857666,1.503182291984558
-0.17405007779598236,0.29700785875320435,-0.56953364610672,-0.1894904375076294,0.8948151469230652,0.39696377515792847,0.07628224045038223,-3.276961326599121,-4.9012837409973145,-6.515541076660156,-0.9639827013015747,1.5883461236953735,1.648695707321167,0.23649491369724274
-0.18942834436893463,0.286274790763855,-0.564456045627594,0.8909017443656921,0.3522237241268158,0.047172438353300095,0.28285568952560425,-2.744812250137329,-3.9423296451568604,-4.691715240478516,-1.6189911365509033,-0.3202730417251587,0.13027475774288177,-1.2845344543457031
-0.21065020561218262,0.2866669297218323,-0.573225200176239,-0.13525281846523285,0.8650683760643005,0.4780291020870209,-0.06965307146310806,-3.063485622406006,-3.153520107269287,-5.575601100921631,-1.9345488548278809,-1.3492655754089355,-1.0168818235397339,-1.6423115730285645
-0.16395626962184906,0.3033933937549591,-0.5665580630302429,0.9250178933143616,0.20984941720962524,-0.04896363988518715,0.3129020929336548,-3.166114091873169,-4.924598693847656,-5.994001388549805,0.03157062828540802,1.2335350513458252,1.5356374979019165,-0.8502712845802307
-0.07980801910161972,0.352174311876297,-0.5258951783180237,0.9290106296539307,-0.28394684195518494,-0.22777411341667175,0.0665765330195427,-2.6196508407592773,-3.8369877338409424,-4.4494948387146,-0.9091513156890869,1.737666130065918,1.7640180587768555,1.4799708127975464
-0.5447549819946289,0.13202592730522156,-0.3862485885620117,0.6037107706069946,0.4119398593902588,0.39922213554382324,0.5535887479782104,-2.890899658203125,-4.673837661743164,-5.276520252227783,1.9226480722427368,0.7708261609077454,0.8261133432388306,0.5223224759101868
-0.5391726493835449,0.08713839948177338,-0.37425240874290466,0.5905278325080872,0.4034748673439026,0.389194130897522,0.5805280804634094,-2.4331817626953125,-3.9907541275024414,-4.7501654624938965,0.19461993873119354,-0.40524470806121826,-0.20613974332809448,-0.6247634291648865
-0.3583669662475586,-0.03396452218294144,-0.30084729194641113,-0.4335569739341736,0.35963648557662964,0.6264011263847351,0.5388057231903076,-3.415635347366333,-4.113636493682861,-4.684027194976807,-2.649790048599243,1.0390781164169312,1.6651161909103394,0.6198565363883972
-0.2714293301105499,-0.038280799984931946,-0.40123462677001953,0.3998456299304962,0.8722532391548157,0.15269939601421356,-0.23660221695899963,-3.020566463470459,-3.4815173149108887,-4.359567165374756,-2.3598155975341797,0.9170674681663513,1.4398131370544434,-1.297853708267212
-0.37385374307632446,-0.03374849259853363,-0.313017874956131,0.8033286929130554,0.5694873929023743,-0.04798871651291847,-0.1674639731645584,-2.811906099319458,-3.4807651042938232,-4.559925079345703,-1.9394298791885376,-0.7451656460762024,0.9781153202056885,-1.1749281883239746
-0.27146151661872864,-0.048909977078437805,-0.391312837600708,0.7582147717475891,0.60693359375,0.23485572636127472,-0.03980940580368042,-2.923781156539917,-4.503411769866943,-5.901399612426758,-2.408223867416382,1.7122806310653687,1.7662630081176758,0.9434419870376587
-0.5428324937820435,0.19944238662719727,-0.37246981263160706,0.5190413594245911,0.4669199585914612,0.3886772692203522,0.6012585163116455,-2.8272852897644043,-3.4332804679870605,-5.187783718109131,0.018921228125691414,1.5752795934677124,1.5755538940429688,1.4128471612930298
-0.5262090563774109,0.0849166139960289,-0.3788479268550873,0.41092851758003235,0.554127037525177,0.611227810382843,0.387919545173645,-3.32991886138916,-4.595014572143555,-4.865907192230225,16.11809539794922,-1.2474592924118042,-0.9947103261947632,-1.5969735383987427
-0.6099908947944641,0.0024486554320901632,-0.25403812527656555,0.5303534865379333,0.3027173578739166,-0.7637337446212769,0.20928005874156952,-3.2572154998779297,-4.843710422515869,-5.492556571960449,-2.769836664199829,1.0874027013778687,0.5246590375900269,0.3948718011379242
-0.4825866222381592,-0.007397224195301533,-0.24375876784324646,0.652826726436615,-0.25297778844833374,-0.6140947341918945,-0.36428990960121155,-3.3423373699188232,-3.931699752807617,-5.62709903717041,-1.092349886894226,-0.4506285786628723,1.497316598892212,-0.09386695921421051
-0.5175405144691467,0.22248689830303192,-0.37809252738952637,0.531131386756897,0.48544377088546753,0.4654436707496643,0.515369713306427,-2.7524497509002686,-4.609141826629639,-5.132338047027588,1.5103645324707031,-1.1839938163757324,-1.0757263898849487,-1.2712815999984741
-0.25600457191467285,0.009260722436010838,-0.407306969165802,-0.34671518206596375,0.7532575130462646,0.550262987613678,-0.09799160808324814,-2.448474645614624,-5.451693534851074,-6.662160396575928,-1.5013374090194702,1.7724539041519165,1.7724539041519165,1.700408697128296
-0.04757392778992653,0.2116018533706665,-0.35291361808776855,0.9894595146179199,0.06578344106674194,-0.02497362717986107,0.12656491994857788,-2.212881565093994,-3.5992443561553955,-5.056159496307373,-2.5529422760009766,1.739372730255127,1.7724539041519165,0.002856471575796604
-0.5375369787216187,0.32611048221588135,-0.38041797280311584,0.5578103065490723,0.4029189944267273,0.40704065561294556,0.6006844639778137,-3.1006758213043213,-4.124500274658203,-5.203869819641113,1.4122835397720337,1.6355046033859253,1.6522754430770874,1.6826257705688477
-0.5246474742889404,0.30132684111595154,-0.3701319098472595,0.6736106276512146,0.29916051030158997,0.3672525882720947,0.567342221736908,-3.187932252883911,-4.354322910308838,-4.815046310424805,5.015957355499268,-0.751433789730072,-0.6434659957885742,-0.8252823948860168
-0.28519970178604126,0.6348369717597961,-0.5371817350387573,0.5127437710762024,0.8037285804748535,0.15629856288433075,-0.2582343518733978,-2.31040620803833,-5.489964008331299,-6.1669745445251465,-0.5760177373886108,1.7537410259246826,1.7584192752838135,1.7584192752838135
0.06138155981898308,0.561068058013916,-0.5334956049919128,0.4884655177593231,0.7646044492721558,-0.4108666479587555,0.0892750695347786,-2.424616813659668,-4.509949684143066,-5.374490261077881,0.7164856195449829,-1.1148930788040161,-0.21693795919418335,-1.7625632286071777
0.057951558381319046,0.6003788113594055,-0.41772887110710144,0.7310415506362915,0.07404421269893646,-0.6098575592041016,0.2969334125518799,-2.6308345794677734,-2.7908034324645996,-3.3743820190429688,-2.0052695274353027,1.2725656032562256,1.6923433542251587,-1.7650718688964844
0.136675626039505,0.5733201503753662,-0.50410395860672,0.9700315594673157,0.09666053205728531,-0.21941152215003967,-0.0394219346344471,-2.1818699836730957,-3.3680903911590576,-3.871371030807495,-3.0323264598846436,0.42303359508514404,0.9442504644393921,-1.1350270509719849
-0.5368015766143799,0.42664965987205505,-0.3741376996040344,0.4868726134300232,0.5156066417694092,0.4201275110244751,0.5662134885787964,-3.1353728771209717,-4.435754776000977,-5.046513080596924,-0.11021505296230316,0.65221107006073,0.8346475958824158,1.016924262046814
-0.5164874196052551,0.41365838050842285,-0.3684670031070709,0.6193894743919373,0.3273594379425049,0.34710729122161865,0.623465359210968,-3.2052903175354004,-4.824923038482666,-4.988461494445801,16.11809539794922,-0.9387317299842834,-0.8390395045280457,-0.8894687294960022
-0.5318526029586792,0.44361039996147156,-0.3679458498954773,0.4471195340156555,0.5533856153488159,0.5471878051757812,0.4409467577934265,-3.046539068222046,-4.575602054595947,-4.937926292419434,0.9689234495162964,-0.33407875895500183,-0.22601871192455292,-0.08981975167989731
-0.5278171896934509,0.5003559589385986,-0.38735824823379517,-0.18112631142139435,0.7164566516876221,0.6479337811470032,-0.18456700444221497,-3.269761800765991,-4.641748428344727,-5.352241039276123,16.11809539794922,1.5551528930664062,1.5822434425354004,1.6124608516693115
-0.5176833271980286,0.5301910638809204,-0.3720080256462097,-0.24559053778648376,0.650317907333374,0.6605260372161865,-0.2836851477622986,-3.213148355484009,-4.430959701538086,-4.713381767272949,16.11809539794922,-0.7046087384223938,-0.5804210305213928,-0.7350738048553467
-0.5358546376228333,0.5710577964782715,-0.3742222189903259,0.5679506659507751,0.4451057016849518,0.43546003103256226,0.538226306438446,-2.8757569789886475,-4.402198314666748,-5.525620460510254,16.11809539794922,1.7345138788223267,1.7336444854736328,1.7414283752441406
-0.5142472982406616,0.6397566795349121,-0.37033072113990784,0.10025855153799057,0.6566038727760315,0.73114013671875,0.15573588013648987,-3.3974599838256836,-4.5087666511535645,-5.122131824493408,16.11809539794922,-0.8761128783226013,-0.7441253662109375,-0.7946956157684326
-0.5364647507667542,0.6436247825622559,-0.34752172231674194,0.6139454245567322,0.026179131120443344,-0.7876406311988831,-0.044809337705373764,-2.9467036724090576,-3.8638641834259033,-5.156552314758301,-1.4228534698486328,0.6220886707305908,0.7353110313415527,0.9231275320053101
-0.5294533967971802,0.636106550693512,-0.31659677624702454,-0.3667685091495514,0.35815876722335815,0.6276595592498779,0.5858725309371948,-2.571352481842041,-4.308488845825195,-5.511061668395996,-3.39070200920105,-1.3578979969024658,-1.4025366306304932,-1.5725001096725464
-0.519690215587616,0.7427838444709778,-0.3635441064834595,0.60960453748703,0.32922184467315674,0.29608389735221863,0.6575177311897278,-2.8626599311828613,-4.1351823806762695,-4.647393703460693,0.6883834600448608,-0.36487406492233276,-0.24528004229068756,-0.4435715973377228
-0.5246073603630066,0.7407850623130798,-0.377824604511261,0.6432670950889587,0.33858492970466614,0.3372224271297455,0.5982046127319336,-3.297652244567871,-4.4896674156188965,-5.092959403991699,16.11809539794922,1.5468664169311523,1.5258445739746094,1.5609705448150635
-0.5097031593322754,0.7500290274620056,-0.36913010478019714,0.691997230052948,0.25087860226631165,0.3049834072589874,0.6043053269386292,-3.083141803741455,-4.126688003540039,-4.605494499206543,1.566164493560791,-1.0301133394241333,-0.9977246522903442,-1.0749703645706177
-0.5237591862678528,0.7452968955039978,-0.35569483041763306,0.7186625003814697,0.25647804141044617,0.44499003887176514,0.46875056624412537,-3.23100209236145,-3.9009575843811035,-4.735241413116455,-1.0574527978897095,-0.00043199482024647295,0.05416856333613396,0.05193148925900459
-1.1294636726379395,-0.012238254770636559,-0.1709933578968048,0.6501495838165283,-0.5973860025405884,-0.3299046456813812,-0.3340633809566498,-2.904365062713623,-3.302222728729248,-4.401350975036621,0.2569390535354614,-0.5544190406799316,-0.6600895524024963,-0.6872044801712036
-1.075195074081421,0.0035356497392058372,-0.18711592257022858,0.676859974861145,0.6650890111923218,-0.21377834677696228,0.2319827824831009,-2.789395570755005,-3.604621410369873,-6.053333282470703,-2.3013830184936523,1.682593822479248,1.4984430074691772,1.224112868309021
-1.1237717866897583,0.0033302083611488342,-0.15538571774959564,0.7076498866081238,0.7045568227767944,0.040987975895404816,-0.0339307077229023,-2.992698907852173,-3.3165245056152344,-6.811733245849609,-1.4992364645004272,-1.7652497291564941,-1.7641021013259888,-1.7665064334869385
-0.8035148978233337,0.007198272738605738,-0.14615082740783691,0.7019867897033691,0.6951690316200256,-0.10548590868711472,0.1132572814822197,-3.0109100341796875,-3.8070597648620605,-6.062136173248291,-1.7622265815734863,1.0631892681121826,0.8102258443832397,0.5686782002449036
-0.9668271541595459,0.00533619150519371,-0.11036661267280579,0.7062273621559143,0.7021068930625916,0.06813755631446838,-0.0603829100728035,-2.9572253227233887,-3.074747085571289,-6.044583320617676,-2.6159870624542236,1.7554060220718384,1.6448334455490112,1.4888297319412231
-0.9862350225448608,0.0028156964108347893,-0.10033725947141647,0.6491162776947021,0.6861546635627747,-0.2319115251302719,0.23250143229961395,-3.046142578125,-3.372349977493286,-5.790170669555664,-1.75530207157135,-1.722078561782837,-1.7660012245178223,-1.771741509437561
-0.9860934615135193,0.00453200563788414,-0.11947347223758698,0.7220224738121033,0.6732898950576782,-0.1103198379278183,0.11486419290304184,-2.9241063594818115,-4.069555759429932,-6.198762893676758,-1.8282948732376099,1.1446398496627808,0.719742476940155,0.39083969593048096
-0.7238198518753052,-0.04790352284908295,-0.16308914124965668,-0.3846767246723175,0.4249858260154724,0.7151652574539185,0.3999369740486145,-2.88284969329834,-3.1699352264404297,-3.7396838665008545,-0.29444000124931335,-1.2342145442962646,-1.386946678161621,-1.3750935792922974
-0.793804407119751,0.007182368077337742,-0.1929134726524353,0.38005179166793823,0.913776695728302,-0.04599299654364586,0.1358581781387329,-3.2717299461364746,-6.477118968963623,-7.166644096374512,0.5465865731239319,-1.7678828239440918,-1.770175814628601,-1.7719533443450928
-0.7245219945907593,0.0076375799253582954,-0.14729441702365875,0.6259033679962158,-0.6337985992431641,-0.32388070225715637,-0.3188190758228302,-2.750351905822754,-3.5506842136383057,-5.168196201324463,-3.05365252494812,1.4686411619186401,1.1980689764022827,1.2750271558761597
-0.8586052060127258,0.0061554210260510445,-0.08501109480857849,0.6678609848022461,0.6628088355064392,-0.23686228692531586,0.24195536971092224,-2.8465757369995117,-3.3169121742248535,-6.9032392501831055,-2.2502784729003906,-1.7724539041519165,-1.7635974884033203,-1.7715492248535156
-0.640084981918335,-0.03503862023353577,-0.12975510954856873,0.5082806944847107,-0.6524898409843445,-0.5605722069740295,0.04082350432872772,-3.23470139503479,-3.6911563873291016,-3.791320562362671,1.6661114692687988,-1.7570362091064453,-1.7434591054916382,-1.7652403116226196
-0.7246189117431641,0.007633257191628218,-0.10375523567199707,0.704926073551178,0.6917384266853333,-0.0981931984424591,0.12220985442399979,-2.9987475872039795,-3.755223035812378,-6.079746723175049,-1.8156309127807617,0.0936499610543251,0.11532729864120483,0.016683833673596382
-1.1765354871749878,0.002267250558361411,-0.05103180184960365,0.5214914679527283,-0.5076293349266052,-0.4888122081756592,-0.4810631275177002,-2.993419885635376,-3.5940330028533936,-5.968677997589111,-2.7581024169921875,1.7224111557006836,1.5805388689041138,1.287766456604004
-1.1065512895584106,-0.0036425066646188498,-0.07507044821977615,0.6649308800697327,0.7330560684204102,0.09953974187374115,-0.10289578884840012,-3.1537327766418457,-3.7336864471435547,-5.0078325271606445,-0.8918040990829468,-1.7307571172714233,-1.769723653793335,-1.7673499584197998
-1.1174445152282715,0.004225581418722868,-0.06126796081662178,0.6692199110984802,0.7177812457084656,-0.1318402737379074,0.13983170688152313,-3.535032272338867,-4.32546854019165,-6.665047645568848,-2.129671573638916,1.249937891960144,0.7168935537338257,0.5143070816993713
-1.0476833581924438,0.004230849910527468,-0.029249325394630432,0.7100109457969666,0.696479856967926,-0.07325462996959686,0.07371605187654495,-2.9545164108276367,-3.8022708892822266,-6.172084331512451,-2.243040084838867,1.7572866678237915,1.5791250467300415,1.2443374395370483
-0.9663512706756592,-0.015841910615563393,-0.10071570426225662,0.6524963974952698,0.7493781447410583,0.09893754869699478,-0.05377911031246185,-3.124436378479004,-3.3155431747436523,-4.148738861083984,-1.5185641050338745,-0.741732656955719,-0.9155392646789551,-1.0322104692459106
-1.198655605316162,0.0022929678671061993,-0.06715841591358185,0.5986588597297668,0.7651258111000061,-0.14039461314678192,0.19099600613117218,-4.141931533813477,-5.501186847686768,-6.548214912414551,-1.417159080505371,-1.4015871286392212,-0.9229499697685242,-0.5697864890098572
-1.0587081909179688,0.005422375164926052,-0.0001786699576769024,0.5950796008110046,-0.6113051772117615,-0.3674291968345642,-0.37038084864616394,-3.171320915222168,-3.4405922889709473,-5.734285354614258,-2.081118583679199,0.678263247013092,0.2433081418275833,0.1203891709446907
-1.1895796060562134,-0.03637329116463661,0.03998842462897301,0.5848331451416016,0.7652679085731506,-0.0018420739797875285,0.2689457833766937,-2.4952805042266846,-3.3118643760681152,-4.1650567054748535,-0.53517085313797,-0.6146177053451538,-0.9024496674537659,-1.1685245037078857
-1.0546579360961914,0.004311056341975927,0.035960402339696884,0.7177013754844666,0.6646648049354553,-0.14890246093273163,0.14475326240062714,-2.9320452213287354,-4.207213401794434,-5.929221153259277,-1.2800285816192627,1.552190899848938,1.0079866647720337,0.7390565872192383
-0.9326836466789246,-0.01452419999986887,0.011517658829689026,0.5867944955825806,-0.6636101007461548,-0.39063525199890137,-0.25039559602737427,-3.1244637966156006,-3.3567264080047607,-4.046139717102051,-1.8833210468292236,-1.5387626886367798,-1.5377812385559082,-1.6593888998031616
-0.8627945184707642,0.00718989223241806,-0.03133504092693329,0.7064976096153259,0.7060838341712952,0.037761181592941284,-0.029678624123334885,-2.6522250175476074,-3.195986032485962,-6.136491775512695,-2.321024179458618,1.080788016319275,0.9657478928565979,0.9434942603111267
-0.7576422095298767,-0.015359640121459961,-0.06563320010900497,0.6895067095756531,0.7199416160583496,0.029666677117347717,0.07337847352027893,-3.050929546356201,-3.4381473064422607,-4.829961776733398,-1.1608507633209229,-1.7724539041519165,-0.9636398553848267,-1.126949667930603
-0.7163875102996826,0.008954407647252083,-0.02999473176896572,0.546981930732727,-0.5450789332389832,-0.4532586336135864,-0.44525986909866333,-2.977694034576416,-3.7033772468566895,-6.416771411895752,-1.9302984476089478,0.9711369872093201,0.7155261635780334,0.579220712184906
-0.7740390300750732,-0.013816756196320057,0.013610955327749252,0.7823823690414429,0.6152567267417908,-0.07066364586353302,0.06590621918439865,-2.8326778411865234,-3.7653212547302246,-4.417835235595703,-0.0386299192905426,-1.5114758014678955,-1.557349443435669,-1.6271380186080933
-0.6752960085868835,-0.04169971123337746,0.07601604610681534,-0.3636068105697632,0.48519596457481384,0.553917407989502,0.5705702900886536,-2.6281046867370605,-3.186967372894287,-3.501110553741455,-0.1688832938671112,-1.7016140222549438,-1.6543874740600586,-1.7724539041519165
-0.5723263621330261,0.026963016018271446,-0.017604012042284012,0.6595020890235901,0.5915895104408264,0.4348132312297821,0.16129565238952637,-2.94547176361084,-4.110245704650879,-5.026424884796143,-1.7370859384536743,0.7363675236701965,1.7159614562988281,0.02375265397131443
-0.5729929208755493,-0.03060906007885933,0.074124775826931,0.5671842098236084,-0.37491509318351746,-0.535545289516449,-0.5009311437606812,-3.0492026805877686,-3.2898590564727783,-4.586605072021484,-2.289959192276001,-0.5772563815116882,1.6130294799804688,-1.562835454940796
-0.42159461975097656,-0.052049361169338226,0.07974264025688171,0.5550275444984436,-0.5632944107055664,-0.4138173758983612,-0.45099779963493347,-1.9316859245300293,-2.7666964530944824,-4.534704685211182,-4.1137003898620605,0.9172917604446411,1.771445393562317,0.4203962981700897
-0.5567805767059326,0.12941855192184448,-0.13464534282684326,0.6270325779914856,-0.5066340565681458,-0.5625789165496826,-0.1834585964679718,-3.6188302040100098,-4.121635437011719,-5.2709808349609375,-0.8894156217575073,0.061959948390722275,1.5693682432174683,0.2921941876411438
-0.5254074931144714,0.14689293503761292,-0.1391833871603012,0.6742051243782043,-0.5005478858947754,-0.5224342346191406,-0.14819499850273132,-3.4554100036621094,-4.800207138061523,-6.393999099731445,0.10841314494609833,-0.7309586405754089,0.24924293160438538,-0.7291128635406494
-0.5518347024917603,0.1430089920759201,-0.05828867107629776,0.5247059464454651,-0.26914507150650024,-0.7013214826583862,-0.4004906117916107,-2.603883981704712,-4.096238613128662,-5.07760763168335,-2.2740321159362793,1.3636314868927002,1.7044633626937866,0.7506538033485413
-0.5158571600914001,0.02022073045372963,0.010454056784510612,0.435721218585968,0.5578725934028625,0.7059246301651001,-0.02440468966960907,-2.6459555625915527,-3.660862445831299,-4.526243686676025,-0.4070040285587311,-1.2811989784240723,-0.29887351393699646,-1.6463021039962769
-0.5290036797523499,0.06477038562297821,-0.04911826550960541,-0.45717310905456543,0.428846538066864,0.7791014313697815,0.00918522384017706,-3.2547447681427,-3.8984367847442627,-3.9474923610687256,-2.242243766784668,0.19050300121307373,0.8380745053291321,-0.8891299962997437
-0.3952160179615021,-0.06838301569223404,0.179120272397995,0.5003226399421692,-0.2879343628883362,-0.7086241841316223,-0.40573734045028687,-2.876072406768799,-3.83479642868042,-5.788980484008789,-1.7090363502502441,-0.5506209135055542,0.8826350569725037,-0.8008394241333008
-0.18722158670425415,-0.03716664016246796,0.11333800107240677,-0.43750104308128357,0.4785020351409912,0.5281397700309753,0.5483584403991699,-2.3938615322113037,-2.61922025680542,-3.2777013778686523,-1.6259105205535889,-1.678510069847107,-1.668472409248352,-1.7671127319335938
-0.5783658623695374,0.14100340008735657,0.02310531958937645,-0.3831324279308319,0.08383126556873322,0.7950391173362732,0.4627036154270172,-3.5775060653686523,-4.022261142730713,-5.657419204711914,2.112001657485962,-0.9928432106971741,0.26320940256118774,-0.9087889790534973
-0.4916519224643707,0.6979003548622131,-0.24604278802871704,0.9421836733818054,-0.28996896743774414,-0.12692482769489288,0.10999075323343277,-2.7293083667755127,-3.327547550201416,-4.749151229858398,-2.338660478591919,1.215554118156433,1.3081579208374023,-0.27952882647514343
-0.6465144157409668,0.639512300491333,0.025990692898631096,0.5952015519142151,-0.02178315445780754,-0.802860677242279,-0.025986988097429276,-1.9563289880752563,-6.269637107849121,-6.525642395019531,-0.5081209540367126,1.6254712343215942,1.5728094577789307,1.5731128454208374
-0.4164946675300598,0.7229906916618347,-0.23286305367946625,0.8885670304298401,0.2779288589954376,0.28504765033721924,0.22792983055114746,-2.667994976043701,-3.6644446849823,-4.083706855773926,-1.1519198417663574,-0.9340829849243164,-0.4698384702205658,-1.478744387626648
-0.506001889705658,0.7521409392356873,-0.2716982662677765,0.7770841717720032,0.5207920670509338,0.18285192549228668,0.302458256483078,-3.245558738708496,-5.1269636154174805,-6.566428184509277,16.11809539794922,1.7142208814620972,1.7473180294036865,1.5732814073562622
-0.4655457139015198,0.6876071691513062,-0.22323134541511536,0.8084273934364319,0.4275526702404022,0.2531431317329407,0.31553515791893005,-3.11230731010437,-4.66481351852417,-5.892941474914551,0.9134745001792908,1.6595364809036255,1.7051301002502441,1.1305192708969116
-0.46446025371551514,0.6825612783432007,-0.2251288741827011,-0.28845420479774475,0.8731856346130371,0.3277606666088104,-0.21659636497497559,-2.776503801345825,-4.723173141479492,-6.069936275482178,-0.5793343186378479,0.21644003689289093,0.6299736499786377,-1.258017897605896
-0.3087182939052582,0.8231533169746399,-0.26506784558296204,0.7772235870361328,0.5189480781555176,0.31095561385154724,0.17298270761966705,-3.4640936851501465,-4.351869583129883,-5.8559980392456055,0.08389347046613693,0.9745042324066162,1.4292640686035156,0.07384965568780899
-0.3662039041519165,0.7806342244148254,-0.2419341802597046,0.8095123767852783,0.47794973850250244,0.2637324035167694,0.2160995602607727,-3.463848352432251,-4.494990825653076,-6.0654401779174805,16.11809539794922,-0.19979292154312134,0.49256134033203125,-0.9144784212112427
0.0987088605761528,0.5747752785682678,-0.20703768730163574,0.7953839302062988,0.5420045256614685,-0.2300039678812027,-0.14385291934013367,-2.1261682510375977,-3.3510184288024902,-3.900418519973755,-0.6794632077217102,1.5180838108062744,1.734959602355957,0.5773795247077942
-0.1225508376955986,0.7261984348297119,-0.24451763927936554,-0.030914530158042908,0.8050340414047241,0.5909014940261841,-0.04242459312081337,-2.776014566421509,-3.4570794105529785,-4.536269664764404,-2.9637603759765625,0.3983381390571594,0.8548070192337036,-0.7665786743164062
-0.23053766787052155,0.6625736355781555,0.06174303591251373,0.6144627928733826,0.2918870151042938,0.4088185429573059,0.6083623766899109,-2.330944538116455,-3.398607015609741,-4.448309898376465,-1.3901022672653198,1.7574843168258667,1.7599037885665894,1.4940621852874756
0.10102720558643341,0.04525388404726982,-0.535874605178833,0.7982734441757202,0.4629935324192047,-0.013754461891949177,0.3849770724773407,-2.8353357315063477,-3.574328660964966,-4.976467132568359,-2.3204007148742676,1.5684115886688232,1.715741753578186,1.3894002437591553
0.32325780391693115,0.02394421212375164,-0.1996924877166748,0.6879680156707764,0.18121425807476044,-0.6839667558670044,0.16140277683734894,-1.9066481590270996,-2.2353177070617676,-2.616048574447632,-0.9278992414474487,1.133621096611023,1.5737762451171875,-0.3707817792892456
0.7035050392150879,0.0044423178769648075,-0.570337176322937,0.9663578867912292,0.1711321771144867,-0.059831418097019196,-0.18244551122188568,-2.013531446456909,-3.062861204147339,-3.4437568187713623,-2.4587936401367188,1.6607729196548462,1.5635932683944702,0.4712978005409241
0.45492637157440186,0.22541914880275726,-0.5898107290267944,-0.01639069803059101,0.6687244176864624,0.7410499453544617,-0.05817230045795441,-2.522057294845581,-3.8007192611694336,-4.9238457679748535,-1.6021414995193481,-0.4583317041397095,0.496513694524765,-1.6630842685699463
0.4463195204734802,0.16568394005298615,-0.5243166089057922,-0.012482789345085621,0.45471665263175964,0.8792892694473267,0.14116397500038147,-2.915971517562866,-3.318516254425049,-3.3969130516052246,0.9152010083198547,-1.706551194190979,-1.6507134437561035,-1.763696551322937
0.707871675491333,0.2905340790748596,-0.5465511679649353,-0.10231461375951767,0.7786197662353516,0.6179596781730652,-0.03753383085131645,-1.9508012533187866,-2.5173420906066895,-3.539097547531128,-2.3832013607025146,1.2101774215698242,1.5899487733840942,-1.5604552030563354
0.4981827735900879,0.14768537878990173,-0.5838764309883118,-0.22655849158763885,0.7858948111534119,0.5164879560470581,-0.25353652238845825,-3.617067575454712,-4.3015971183776855,-4.879795551300049,-2.6654491424560547,1.142472267150879,0.46673527359962463,0.8385918736457825
0.8460650444030762,0.23534536361694336,-0.48914265632629395,-0.036907900124788284,0.8827012181282043,0.4635942578315735,0.06750352680683136,-1.7024517059326172,-1.9876649379730225,-2.6315512657165527,-1.23659348487854,-1.3885316848754883,-0.7489175200462341,-1.7724539041519165
0.5425878167152405,0.13796013593673706,-0.4551597833633423,0.9555596709251404,0.18529768288135529,-0.10649387538433075,-0.20305059850215912,-1.805397868156433,-2.6706550121307373,-3.108459949493408,-0.523378312587738,-0.9875531792640686,-0.4132973253726959,-1.7724539041519165
0.24459679424762726,0.33954811096191406,-0.3851039409637451,0.17261987924575806,0.497140109539032,0.7946904301643372,0.3025246858596802,-1.9288679361343384,-2.7614145278930664,-2.9765870571136475,1.1519941091537476,-0.8167694211006165,0.17515380680561066,-1.7724539041519165
0.27436715364456177,0.3189657926559448,-0.33810755610466003,0.31389039754867554,0.4483397305011749,0.6356080770492554,0.5444875359535217,-1.9422916173934937,-2.743948459625244,-3.1219072341918945,-1.0094071626663208,-1.7395942211151123,-1.630663514137268,-1.7724539041519165
0.46601900458335876,0.4606114625930786,-0.564372718334198,0.008102934807538986,0.780117928981781,0.6254963874816895,-0.010227403603494167,-2.234678030014038,-3.1337993144989014,-3.6418306827545166,-1.8159676790237427,0.45701444149017334,1.2754548788070679,-1.747800350189209
0.2823474109172821,0.3791433572769165,-0.427421510219574,-0.2243034690618515,0.49878165125846863,0.473653107881546,0.6903314590454102,-2.077623128890991,-2.5419259071350098,-3.1439666748046875,-0.0699457898736,-1.5657869577407837,-0.8093584179878235,-1.7724539041519165
0.6898596286773682,0.32888877391815186,-0.21084998548030853,-0.14950032532215118,0.6893050670623779,0.672308623790741,0.22474275529384613,-1.5333995819091797,-2.267212390899658,-2.968515634536743,-0.3048912286758423,-1.6848042011260986,-1.5744932889938354,-1.7724539041519165
0.6068306565284729,0.36968374252319336,-0.47258397936820984,-0.23179891705513,0.3337489366531372,0.6477705240249634,0.6444177627563477,-2.341432571411133,-3.085660219192505,-3.3164892196655273,-0.16988587379455566,-0.9005565047264099,-0.2936069369316101,-1.7592049837112427
0.8124682903289795,0.4565943777561188,-0.5595495700836182,-0.031710557639598846,0.41872790455818176,0.9074839353561401,-0.011590497568249702,-1.8035136461257935,-3.300236701965332,-3.5934479236602783,-3.420478582382202,1.409019112586975,1.7002243995666504,0.6447864174842834
0.6760318279266357,0.3461405634880066,-0.4003005623817444,0.5039856433868408,-0.5527404546737671,-0.21659909188747406,-0.6273446679115295,-2.5475053787231445,-2.9242935180664062,-3.1995139122009277,-0.12473727762699127,-1.6057066917419434,-1.4524165391921997,-1.7724539041519165
0.256714403629303,0.49036622047424316,-0.5518645644187927,0.315653920173645,0.8617551326751709,0.3490374982357025,0.18950867652893066,-2.3116257190704346,-3.199239492416382,-3.7710115909576416,-2.427306652069092,0.9707501530647278,1.540945053100586,-0.5493669509887695
0.33675751090049744,0.5477875471115112,-0.5818768739700317,0.07776813954114914,0.8232730627059937,0.5572636127471924,0.07503850013017654,-2.6453890800476074,-3.324441909790039,-4.23679780960083,-0.5739607810974121,-0.6618350148200989,0.31069862842559814,-1.7607125043869019
0.300459086894989,0.5503618121147156,-0.5583226680755615,0.2581951320171356,0.6063135266304016,0.7394568920135498,-0.13755987584590912,-3.394782304763794,-4.119901180267334,-4.432380676269531,0.30688250064849854,1.6869529485702515,1.7360780239105225,1.370720386505127
0.328231543302536,0.6575983166694641,-0.43603795766830444,0.9302211403846741,0.08620855957269669,-0.04298434406518936,0.3541313409805298,-2.6300930976867676,-3.5637831687927246,-4.206184387207031,-1.3074942827224731,-1.3143192529678345,-0.42183917760849,-1.7724539041519165
0.3235938549041748,0.4770408570766449,-0.4615711271762848,0.5739588141441345,-0.12117301672697067,-0.8098678588867188,-0.0015518262516707182,-2.451720714569092,-3.3208515644073486,-3.710937738418579,-2.419167995452881,1.6113085746765137,1.7596590518951416,-1.7402437925338745
0.5272860527038574,0.42731812596321106,-0.5403167605400085,0.5793128609657288,0.2571428716182709,0.46691110730171204,0.6166589260101318,-3.573824882507324,-5.282156944274902,-5.935760974884033,-0.9120671153068542,1.7724539041519165,1.7724539041519165,-1.7724539041519165
0.49961358308792114,0.5116881728172302,-0.5878828763961792,-0.04462864249944687,0.575831413269043,0.7945742607116699,-0.18729184567928314,-2.932565927505493,-3.355325222015381,-4.107203483581543,-1.9182066917419434,1.701184868812561,1.7409913539886475,1.3888297080993652
0.4027159810066223,0.5577732920646667,-0.5760616064071655,0.9197320938110352,0.11974673718214035,0.13797667622566223,0.3474421203136444,-2.7077808380126953,-3.7859160900115967,-4.492455005645752,-0.27405089139938354,-1.1745980978012085,-0.09116192907094955,-1.724892497062683
0.395702600479126,0.5283138155937195,-0.5634936690330505,0.6474401950836182,0.4573949873447418,0.40949586033821106,0.45157966017723083,-3.0741631984710693,-3.3770406246185303,-4.8467488288879395,-0.39639046788215637,-0.5964698195457458,0.47791948914527893,-1.7724539041519165
0.4740258753299713,0.5837697386741638,-0.5759773850440979,0.5015595555305481,0.08283931016921997,0.4527789056301117,0.7325072884559631,-3.2877461910247803,-3.7159876823425293,-4.2651567459106445,-1.900678277015686,-1.757405161857605,-0.9356110095977783,-1.7724539041519165
0.49425965547561646,0.5542129874229431,-0.5307661890983582,0.562563955783844,0.8149358630180359,-0.0475163608789444,-0.13093341886997223,-3.036397933959961,-3.3431012630462646,-4.5642781257629395,-0.7058950066566467,-1.2195500135421753,-0.3215169310569763,-1.7724539041519165
0.5713330507278442,0.49579861760139465,-0.4565718173980713,0.5682322978973389,0.20852801203727722,-0.7838457226753235,-0.13861477375030518,-2.8893961906433105,-3.3452911376953125,-4.6183695793151855,-1.3177775144577026,1.1198548078536987,1.5223760604858398,0.773854672908783
0.5111456513404846,0.5024776458740234,-0.3665851056575775,0.46890315413475037,0.491466760635376,0.3997475802898407,0.6154609322547913,-2.839822292327881,-2.9747323989868164,-3.5156142711639404,-1.6313225030899048,0.7938409447669983,1.6697787046432495,-1.6335170269012451
0.3835318386554718,0.6271990537643433,-0.4887957274913788,0.5563309788703918,0.4642701745033264,0.36839088797569275,0.5824407339096069,-3.09016489982605,-4.574348449707031,-5.876339435577393,-1.1874103546142578,0.8754996657371521,1.4273055791854858,-0.3704747259616852
0.3845009207725525,0.611991822719574,-0.4911450743675232,0.5766984224319458,0.4698695242404938,0.412126362323761,0.5261116027832031,-2.849827289581299,-4.8677897453308105,-5.238856792449951,-1.0874937772750854,1.4588512182235718,1.6820931434631348,0.590552031993866
0.5951348543167114,0.5393381118774414,-0.44131073355674744,0.023250367492437363,0.5934264063835144,0.7772409915924072,-0.2078484296798706,-2.7752685546875,-3.3248939514160156,-3.8024208545684814,-0.07189411669969559,-1.758410096168518,-1.2185043096542358,-1.7708169221878052
0.5964599251747131,0.5437654256820679,-0.483859121799469,-0.37821128964424133,-0.2564855217933655,0.8803209066390991,-0.1273045539855957,-3.05289363861084,-3.2958309650421143,-3.9283053874969482,-0.9743662476539612,0.5160201191902161,1.4527767896652222,-1.7190446853637695
0.2283642292022705,0.7409321665763855,-0.35138100385665894,-0.12208949774503708,0.6140284538269043,0.6839775443077087,0.37448355555534363,-2.647496223449707,-3.1673402786254883,-4.300428867340088,-1.8881951570510864,1.771523356437683,1.7706495523452759,1.5940660238265991
0.23659184575080872,0.6979097723960876,-0.4562245011329651,0.7571669816970825,0.5430563688278198,0.11006629467010498,0.34593838453292847,-3.205728769302368,-5.036151885986328,-5.546237468719482,-0.4819928705692291,1.6002295017242432,1.6543351411819458,1.6856539249420166
0.2703234851360321,0.670058012008667,-0.3129807114601135,0.7508728504180908,0.2557242512702942,-0.5769016146659851,0.19488349556922913,-2.5360324382781982,-2.9647910594940186,-3.189742088317871,-0.9429921507835388,0.7557405233383179,1.2511723041534424,-1.5976035594940186
0.5901376605033875,0.6575878262519836,-0.5422496795654297,0.8269880414009094,-0.38428255915641785,-0.3233962953090668,-0.2526509761810303,-3.1342921257019043,-4.106895446777344,-5.237483501434326,-0.8344484567642212,-1.247881293296814,-0.025554584339261055,-1.7724539041519165
0.42759937047958374,0.6845282912254333,-0.48372218012809753,0.7567458152770996,-0.39340272545814514,-0.2511759102344513,-0.45769065618515015,-2.7539827823638916,-3.7199676036834717,-4.089942932128906,-0.0382445864379406,-0.8388161063194275,0.30410799384117126,-1.7724539041519165
0.3863510489463806,0.7130823135375977,-0.4954928159713745,0.7222023010253906,0.3435487747192383,-0.5702282190322876,0.1877175271511078,-2.949894666671753,-3.3599212169647217,-3.812784194946289,-3.5734310150146484,1.2427393198013306,1.715254783630371,-1.0102330446243286
0.4087315797805786,0.7022069692611694,-0.5009967684745789,0.6402645707130432,-0.231123149394989,-0.4321141541004181,-0.5915409922599792,-2.8268182277679443,-3.4171247482299805,-3.756448984146118,-1.1787571907043457,0.05137611925601959,1.0775749683380127,-1.6501951217651367
0.40655848383903503,0.6892926096916199,-0.5050593018531799,0.35991159081459045,0.8707848191261292,-0.29284530878067017,0.162601038813591,-3.903576374053955,-4.617177963256836,-5.035772323608398,0.9631437063217163,-1.487762689590454,-0.4901876449584961,-1.7724539041519165
0.63764488697052,0.622520923614502,-0.5493566393852234,0.06896347552537918,0.6847456097602844,0.6628895998001099,-0.29486408829689026,-2.84916090965271,-3.622685432434082,-3.900348663330078,-1.1677913665771484,-0.5470819473266602,0.5624256730079651,-1.699765920639038
0.737561047077179,0.620610237121582,-0.49315881729125977,0.4730255603790283,0.8728325366973877,0.11178918927907944,-0.043741948902606964,-2.8319034576416016,-3.0865204334259033,-3.661133289337158,-1.1228771209716797,1.114680290222168,1.646733045578003,-1.7373077869415283
0.6074123382568359,0.6298896074295044,-0.43890008330345154,0.9376345872879028,-0.3264250159263611,-0.04744614660739899,-0.1097131073474884,-3.203341484069824,-4.198362827301025,-4.700972080230713,-1.4424464702606201,1.409981369972229,1.4678800106048584,0.7297385334968567
0.45639511942863464,0.6284128427505493,-0.4286525547504425,0.18338121473789215,0.5202144384384155,0.8255341053009033,-0.11933863908052444,-2.6474807262420654,-3.4754106998443604,-4.61260461807251,-0.6662134528160095,-1.4925569295883179,-0.3121219277381897,-1.7724539041519165
0.3560459017753601,0.770928680896759,-0.43344810605049133,0.1993245631456375,0.4671383798122406,0.8593944311141968,0.059098806232213974,-3.4596095085144043,-4.215517044067383,-5.297194004058838,0.4695006310939789,-0.9618414044380188,0.26313769817352295,-1.7724539041519165
0.47720152139663696,0.8123332262039185,-0.5283911824226379,0.6000281572341919,-0.6042202115058899,-0.08919084817171097,-0.5166518688201904,-2.6737356185913086,-4.141859531402588,-4.414338111877441,-0.8279517292976379,-1.2512933015823364,-0.106820248067379,-1.665852665901184
0.5446862578392029,0.7512158155441284,-0.5105900168418884,0.692203938961029,0.2891339361667633,0.5995914340019226,0.278828501701355,-3.125854969024658,-5.04226541519165,-5.828267574310303,16.11809539794922,0.5826329588890076,1.3266985416412354,-1.7724539041519165
0.5047096610069275,0.6864383816719055,-0.39372432231903076,0.9034922122955322,-0.24471163749694824,0.31753385066986084,-0.15162555873394012,-2.8775415420532227,-3.164118766784668,-3.7730178833007812,0.6265478134155273,-1.59145987033844,-0.4026639461517334,-1.7724202871322632
0.4906156361103058,0.6924679279327393,-0.41714179515838623,0.9068979024887085,-0.2365501970052719,0.1793590486049652,0.2990158796310425,-2.9268243312835693,-3.54255747795105,-4.176064968109131,-1.4739371538162231,1.552565097808838,1.7162107229232788,-1.5601242780685425
0.5800287127494812,0.8130872249603271,-0.40898647904396057,0.5498400330543518,0.4470682144165039,-0.7042650580406189,-0.042622022330760956,-3.1810710430145264,-3.5205395221710205,-3.8651907444000244,0.28071555495262146,-0.7513759136199951,0.14302773773670197,-1.7724539041519165
0.5393449664115906,0.7360667586326599,-0.4220518469810486,0.26064378023147583,0.7076839208602905,0.6551901698112488,-0.0444318950176239,-3.5729119777679443,-3.7636592388153076,-4.0060858726501465,-0.4088563621044159,0.2684011459350586,1.166868805885315,-1.7655686140060425
0.2883382737636566,0.47540536522865295,-0.37547600269317627,0.7440242171287537,0.3288952112197876,0.4177454710006714,0.4046536684036255,-2.6971664428710938,-4.520028114318848,-5.690745830535889,-1.916837215423584,1.7417078018188477,1.3382197618484497,1.0864503383636475
0.21876363456249237,0.4655059576034546,-0.13279107213020325,0.6601280570030212,0.6485496759414673,-0.3779793679714203,0.027309909462928772,-2.1648991107940674,-2.3636250495910645,-3.012617826461792,-1.7975897789001465,0.7724512219429016,1.5416194200515747,-1.769343614578247
0.47436121106147766,0.4733239710330963,-0.35527387261390686,0.5692365169525146,0.48984554409980774,0.5178212523460388,0.40973442792892456,-0.6487842202186584,-2.573678731918335,-4.809108734130859,-1.1401982307434082,-1.543260931968689,-1.2345178127288818,-1.7724539041519165
0.6042225360870361,0.5479037761688232,-0.29516151547431946,0.02063278667628765,0.5826013088226318,0.8123809099197388,-0.013684100471436977,-2.3318886756896973,-2.5951080322265625,-3.155393600463867,-0.12403310090303421,-1.7724539041519165,-1.4519380331039429,-1.7724539041519165
0.3865610957145691,0.5593416690826416,-0.2957606911659241,0.4181396961212158,0.16505734622478485,0.7384847402572632,0.5025491118431091,-2.3151049613952637,-2.904221534729004,-3.4408276081085205,-0.481013685464859,-1.0805951356887817,-0.41390514373779297,-1.7704390287399292
0.1160370409488678,0.6867319941520691,-0.30889198184013367,0.8957748413085938,0.06210406869649887,-0.3518817126750946,0.2644044756889343,-2.732931137084961,-3.9695253372192383,-4.092016220092773,-0.9005239009857178,-1.2585482597351074,-0.15525583922863007,-1.7724539041519165
0.3486221134662628,0.6309328079223633,-0.3661060035228729,0.939340353012085,-0.026791654527187347,-0.25855201482772827,-0.22376945614814758,-2.948904037475586,-3.8840224742889404,-3.923959493637085,0.09478443115949631,-1.7681479454040527,-1.0922378301620483,-1.7724539041519165
0.03408769890666008,0.7648127675056458,-0.2988964915275574,0.2804930508136749,0.45514655113220215,0.5338268280029297,0.6551291346549988,-2.943943977355957,-3.8664133548736572,-5.189535140991211,-1.5483542680740356,1.7197411060333252,1.7212024927139282,1.3938261270523071
0.12904536724090576,0.759882390499115,-0.4354422390460968,0.9058411717414856,0.34264737367630005,-0.143787682056427,-0.2033952921628952,-2.940431594848633,-4.16749906539917,-5.518604278564453,-0.4505102336406708,1.37577223777771,1.6547907590866089,0.15956911444664001
0.13607972860336304,0.7788329720497131,-0.4037381112575531,0.9645568132400513,-0.08629394322633743,-0.06458857655525208,-0.2408563792705536,-3.169522762298584,-4.553023815155029,-5.3942718505859375,16.11809539794922,1.0583548545837402,1.5307124853134155,-1.1709346771240234
0.11188815534114838,0.610588014125824,-0.32286179065704346,-0.20465463399887085,0.5574381351470947,0.7647014856338501,-0.25022152066230774,-2.8343663215637207,-3.6237072944641113,-4.666045665740967,-1.4740079641342163,1.4233633279800415,1.7569310665130615,-1.750878930091858
0.09614512324333191,0.6365417242050171,-0.33844634890556335,0.2529577910900116,0.34161198139190674,0.8045474290847778,0.4147493243217468,-3.4633219242095947,-4.290716171264648,-4.954176902770996,-0.15868142247200012,1.537050485610962,1.7315073013305664,0.18988452851772308
0.15055042505264282,0.7037751078605652,-0.2788832485675812,0.9701286554336548,0.13703472912311554,-0.20009338855743408,-0.00587723171338439,-2.8017210960388184,-3.4919779300689697,-4.19984245300293,0.15846793353557587,0.27468836307525635,0.712010383605957,-1.7724539041519165
0.08004087209701538,0.6936387419700623,-0.3155249357223511,0.9392358660697937,-0.13245849311351776,0.29224005341529846,0.12201027572154999,-3.790029287338257,-4.138003826141357,-4.9110212326049805,-1.7613099813461304,-1.6414302587509155,-1.1242908239364624,-1.7724539041519165
0.1589909791946411,0.7588815689086914,-0.2759055495262146,0.39560288190841675,0.8882773518562317,-0.23330837488174438,0.005372988060116768,-2.7252447605133057,-3.486117124557495,-3.9994759559631348,-0.02234012819826603,1.7201786041259766,1.7565209865570068,1.4312593936920166
0.21760955452919006,0.7600220441818237,-0.2561318576335907,0.6003332138061523,0.7124326825141907,-0.3626560866832733,0.022808369249105453,-2.9550132751464844,-3.0736942291259766,-4.393953323364258,-0.8089102506637573,-0.8743332028388977,0.11274021863937378,-1.6270960569381714
0.5928317308425903,0.6516419649124146,-0.42447713017463684,0.8102114796638489,-0.37383154034614563,-0.36378470063209534,-0.2673349976539612,-3.697361946105957,-4.060611248016357,-4.3937883377075195,-0.6398720145225525,1.0154684782028198,1.6475272178649902,-1.7497317790985107
0.5242655873298645,0.6770864129066467,-0.2966853976249695,0.08666294813156128,0.5006704330444336,0.4863221049308777,0.71085125207901,-2.8211209774017334,-3.2887744903564453,-3.937340021133423,-0.1425107717514038,-1.6638466119766235,-1.5657618045806885,-1.7159781455993652
0.4414740800857544,0.7531598806381226,-0.3609592020511627,0.29315438866615295,0.38778677582740784,0.43823865056037903,0.7560613751411438,-2.7905750274658203,-3.4319653511047363,-3.743098020553589,-0.8779095411300659,-0.6004137992858887,0.585817813873291,-1.7724539041519165
0.6270145773887634,0.7320634126663208,-0.42786332964897156,0.5567208528518677,0.5179072618484497,0.5596008896827698,0.32966768741607666,-3.181871175765991,-3.434535503387451,-3.8976595401763916,-0.7875686883926392,-1.6896225214004517,-1.2536557912826538,-1.7724539041519165
0.6367385983467102,0.6976964473724365,-0.4612060785293579,0.8487908840179443,0.3495657742023468,0.28056055307388306,-0.2804345488548279,-3.285050630569458,-3.8714590072631836,-4.469231128692627,-0.9630790948867798,0.16752047836780548,1.0691112279891968,-1.5931239128112793
0.49142298102378845,0.8040561676025391,-0.3908492922782898,0.26440566778182983,0.4761474132537842,0.2536417245864868,0.7993992567062378,-3.029956817626953,-4.1816935539245605,-4.45585823059082,-2.2701618671417236,1.4706952571868896,1.6915550231933594,1.0783257484436035
0.5208366513252258,0.7886407375335693,-0.4236871600151062,0.5350010395050049,0.5507734417915344,0.06996966153383255,0.6368098855018616,-3.799569845199585,-5.070367813110352,-5.775163173675537,0.09370693564414978,1.6566351652145386,1.701722502708435,1.6327418088912964
0.6252345442771912,0.6891849040985107,-0.4842677712440491,-0.4593828022480011,0.24170026183128357,0.8528881072998047,-0.05594896897673607,-3.285217761993408,-4.603481769561768,-5.412917137145996,-0.37487542629241943,1.2012767791748047,1.4228980541229248,0.5609433650970459
0.5418960452079773,0.7188408374786377,-0.3199891448020935,0.3168334364891052,0.6173763871192932,0.7058027386665344,0.14249716699123383,-2.7774572372436523,-2.9318315982818604,-3.622776508331299,-0.7657590508460999,-0.5996063947677612,-0.34892240166664124,-1.4650113582611084
0.40656688809394836,0.6979303956031799,-0.2836415767669678,0.8953105211257935,0.3925545811653137,-0.1052074283361435,0.18234960734844208,-3.0395665168762207,-3.346233367919922,-3.8317830562591553,-2.104315757751465,1.1630257368087769,1.2825042009353638,0.18099211156368256
0.513565182685852,0.7631542086601257,-0.2862901985645294,0.8051568269729614,-0.3799489438533783,-0.40386292338371277,-0.21037109196186066,-2.6730620861053467,-3.0092880725860596,-3.3587958812713623,-1.2343618869781494,0.9641520380973816,1.7238483428955078,-1.3247816562652588
0.3184047043323517,0.787346601486206,-0.2153412252664566,-0.211530864238739,0.5264773964881897,0.4076851010322571,0.7154502868652344,-2.5634560585021973,-3.226076126098633,-3.7351441383361816,-1.498988151550293,1.3037643432617188,1.706148624420166,-1.644614338874817
0.5461714863777161,0.8291495442390442,-0.3291890323162079,0.7974025011062622,-0.10058849304914474,-0.585364818572998,-0.10667363554239273,-2.908304214477539,-3.1995677947998047,-3.5819272994995117,-1.9304231405258179,1.1969267129898071,1.526569128036499,-0.1488715410232544
0.590524435043335,0.6640686988830566,-0.2174314707517624,0.9392797350883484,-0.1457890272140503,-0.22624996304512024,-0.21286176145076752,-2.409329652786255,-2.6586661338806152,-3.392221212387085,1.931962013244629,-1.7454255819320679,-0.06301095336675644,-1.7724539041519165
0.6877005696296692,0.4661262631416321,-0.5404554009437561,0.590846061706543,0.2161000818014145,0.5409717559814453,0.5581678152084351,-2.5713868141174316,-3.2890710830688477,-3.911652088165283,-2.843345880508423,1.7464349269866943,1.7120615243911743,-0.5006304383277893
0.8437060713768005,0.5278704166412354,-0.3697666525840759,0.15358492732048035,0.8414791226387024,0.5081080794334412,0.10075107216835022,-2.0072808265686035,-2.340460777282715,-2.738050937652588,-1.4707204103469849,-0.6969148516654968,0.2549569606781006,-1.6913228034973145
0.8508471846580505,0.6018142700195312,-0.568913459777832,-0.11528685688972473,0.9060238003730774,0.3995593786239624,-0.0786266103386879,-2.2342541217803955,-2.9215259552001953,-3.921527147293091,-1.3668497800827026,-1.6844068765640259,-1.1765451431274414,-1.7543864250183105
0.6935505270957947,0.6202527284622192,-0.5504578948020935,0.44790396094322205,0.8426067233085632,-0.154644176363945,-0.255892813205719,-2.8619885444641113,-3.102569103240967,-4.442723274230957,-2.5177767276763916,1.721121907234192,1.718794584274292,1.111872673034668
0.8115904331207275,0.5404747724533081,-0.4269063472747803,0.7914301753044128,0.44098278880119324,0.02576378732919693,-0.42250287532806396,-2.3410909175872803,-3.2141759395599365,-3.975574016571045,0.922476589679718,-1.7683138847351074,-1.5954972505569458,-1.7724539041519165
0.8806807994842529,0.7115496397018433,-0.5538887977600098,-0.07411681860685349,0.7705283164978027,0.6320479512214661,-0.03616895154118538,-2.2528791427612305,-2.672715425491333,-3.4009110927581787,-2.390035629272461,0.24946679174900055,1.5273196697235107,-1.3650850057601929
0.6878116726875305,0.7431460618972778,-0.5575537085533142,0.5159733891487122,0.7078269124031067,0.31397223472595215,0.3662976920604706,-2.938868999481201,-3.6802902221679688,-5.543389320373535,-2.9422733783721924,-1.138771414756775,0.10052759945392609,-1.6894594430923462
0.994773268699646,0.5524277687072754,-0.3206568658351898,-0.04526626691222191,0.7103469967842102,0.5424796342849731,-0.44617703557014465,-2.1460647583007812,-2.691404342651367,-3.004868745803833,-0.9573209881782532,1.6537975072860718,1.3942989110946655,0.9065158367156982
0.7601361274719238,0.7488343715667725,-0.5166559219360352,0.4482826292514801,0.8704557418823242,0.1974186897277832,-0.04873735457658768,-2.8378825187683105,-3.7726500034332275,-4.248859882354736,-2.8605005741119385,1.7478289604187012,1.7405993938446045,1.7372856140136719
0.8114373683929443,0.7744829654693604,-0.48760613799095154,-0.1408596783876419,0.9004438519477844,0.36063843965530396,-0.198240727186203,-2.715524673461914,-3.4283556938171387,-3.5059421062469482,-0.3142031133174896,-1.7336878776550293,-0.9595323801040649,-1.7724539041519165
0.7793827652931213,0.7501780986785889,-0.4871617257595062,0.5705693960189819,0.6734890341758728,0.4697033166885376,0.015552472323179245,-2.543393850326538,-2.985175609588623,-3.481468677520752,-2.477412223815918,1.4165239334106445,1.607832908630371,-0.494925320148468
0.7400926351547241,0.7521689534187317,-0.5077790021896362,0.9372700452804565,0.021990811452269554,0.2332543432712555,0.25813496112823486,-2.5251660346984863,-3.5033421516418457,-4.2275824546813965,-2.1503047943115234,1.4339839220046997,1.5591455698013306,0.5737609267234802
0.6417624950408936,0.6732147932052612,-0.38279566168785095,0.7276236414909363,0.1488238126039505,-0.6680824756622314,-0.04561929404735565,-3.1927216053009033,-3.471423387527466,-4.228000164031982,-0.7768409848213196,-1.3376210927963257,-0.25863710045814514,-1.7724539041519165
0.6028618216514587,0.813645601272583,-0.3986739218235016,0.36039286851882935,0.4485430121421814,0.7247047424316406,0.3791162669658661,-3.138960123062134,-3.265839099884033,-3.788032054901123,-0.4609098732471466,1.264479160308838,1.7415114641189575,-1.7623721361160278
0.6922867894172668,0.8054773807525635,-0.4132271409034729,0.31260374188423157,0.8445678949356079,0.38071078062057495,0.20986486971378326,-2.7746694087982178,-3.113861322402954,-3.5883665084838867,-0.6859607100486755,-1.3361722230911255,-0.40228769183158875,-1.7658796310424805
1.0742733478546143,0.6536650657653809,-0.5228864550590515,0.30530789494514465,0.5883702635765076,0.7447351813316345,-0.07731131464242935,-2.4499082565307617,-2.5229287147521973,-3.2688825130462646,-1.049928069114685,-1.6132432222366333,-1.3900834321975708,-1.6256756782531738
0.7330089211463928,0.36885252594947815,-0.32289931178092957,0.13755059242248535,-0.09746046364307404,0.7640204429626465,0.6227793097496033,-3.8590409755706787,-8.430597305297852,-2.0020205974578857,-0.5549968481063843,-1.3832091093063354,-1.7307491302490234,-1.7724539041519165
0.8821472525596619,0.7023076415061951,-0.2613689601421356,0.9307556748390198,0.09532361477613449,-0.34689635038375854,0.06534683704376221,-2.126892328262329,-3.2848384380340576,-3.4467201232910156,-0.5384913086891174,-1.615678310394287,-1.1169906854629517,-1.7724539041519165
0.7076489329338074,0.7744550108909607,-0.36435702443122864,0.595858097076416,0.621515154838562,0.39932703971862793,0.3149760365486145,-2.957996129989624,-3.3390378952026367,-4.219095230102539,-1.2848970890045166,0.4707587957382202,1.1831601858139038,-1.6963682174682617
0.9244502782821655,0.8139255046844482,-0.2725769579410553,-0.48199284076690674,0.43699225783348083,0.15577858686447144,0.7432723045349121,-2.069279432296753,-2.3491108417510986,-2.9169321060180664,-2.4683830738067627,0.3418411612510681,0.9859499335289001,0.18516291677951813
0.8642082810401917,0.8931013345718384,-0.26115694642066956,-0.0438963808119297,0.6969419121742249,0.713506281375885,0.05704276263713837,-2.3564603328704834,-3.312140464782715,-3.6845648288726807,-1.961474895477295,0.6387378573417664,1.2147876024246216,1.3465619087219238
0.9597623348236084,0.7163625359535217,-0.41386112570762634,0.2757923901081085,0.43891769647598267,-0.2909989655017853,0.8041202425956726,-4.029381275177002,-2.136307954788208,-11.109415054321289,-1.773577094078064,-1.7724539041519165,0.21547475457191467,-1.7724539041519165
1.1562303304672241,0.9195973873138428,-0.17315928637981415,-0.09435154497623444,0.6817243099212646,0.5780528783798218,0.4384114444255829,-2.294567584991455,-2.9471938610076904,-3.2367892265319824,0.18242834508419037,-1.612978458404541,-1.1724244356155396,-1.7724539041519165
0.5686303377151489,0.2613740861415863,-0.14274904131889343,0.612006425857544,0.3999020755290985,0.24147585034370422,0.6381347179412842,-2.822877883911133,-3.3115992546081543,-4.957551002502441,-0.4157399833202362,1.5253809690475464,1.7262024879455566,-1.7724539041519165
0.404263436794281,0.30518507957458496,-0.12731686234474182,0.8896884322166443,0.2894541025161743,-0.34786295890808105,0.06051577627658844,-2.2000088691711426,-2.367609977722168,-2.969909191131592,-0.27430209517478943,-1.1146690845489502,-0.04320914298295975,-1.7724539041519165
0.24595236778259277,0.22521519660949707,-0.0212070532143116,0.28956231474876404,0.6187828183174133,0.6808570623397827,0.2639983296394348,-2.0482189655303955,-2.9609014987945557,-4.30466365814209,-0.76153963804245,-1.7724539041519165,-1.6804108619689941,-1.7724539041519165
0.009283025749027729,0.01983802206814289,0.13753551244735718,0.08860351145267487,0.699654221534729,0.6185019016265869,-0.3465383052825928,-2.5275862216949463,-2.839491367340088,-3.296389102935791,0.583172619342804,-1.5805566310882568,-1.6184165477752686,-1.759463906288147
0.19236114621162415,0.21169748902320862,-0.020289499312639236,0.5062888860702515,0.673539400100708,0.27924844622612,0.46047428250312805,-2.0651798248291016,-2.841386556625366,-4.205002784729004,-1.5039323568344116,1.3816238641738892,1.6997511386871338,-1.5364307165145874
0.5352038145065308,0.30259132385253906,-0.052960366010665894,0.5480714440345764,0.5122924447059631,0.656216025352478,0.0809611901640892,-2.0934479236602783,-3.1552388668060303,-3.3124876022338867,-1.5008471012115479,1.5989793539047241,1.6325799226760864,0.5641424655914307
0.5735395550727844,0.33840489387512207,0.024448411539196968,-0.4534347653388977,0.6383090615272522,0.4117584824562073,0.4662761092185974,-2.6614460945129395,-2.8572182655334473,-3.1630074977874756,-0.9528926610946655,-0.0026864742394536734,1.540869116783142,-1.7612500190734863
0.5386046171188354,0.40127021074295044,-0.0021765478886663914,0.7520431280136108,0.3227033019065857,0.28619900345802307,0.49838119745254517,-2.477292537689209,-2.6645562648773193,-3.8822999000549316,-1.4239485263824463,1.0001983642578125,1.730703592300415,-1.6955926418304443
0.49985525012016296,0.22960253059864044,-0.009839293546974659,0.6625986099243164,0.7183719873428345,-0.03275686129927635,0.20936034619808197,-2.591447353363037,-3.1644437313079834,-3.9882020950317383,0.5114535689353943,-1.7533320188522339,-1.667898178100586,-1.7700636386871338
0.4622679054737091,0.23263441026210785,0.006104139611124992,0.9677087664604187,-0.23375821113586426,0.08578436821699142,-0.03921541944146156,-3.0521788597106934,-4.213309288024902,-4.6361894607543945,-0.8375219702720642,1.715325951576233,1.743923544883728,1.5399760007858276
0.4475874602794647,0.13701707124710083,0.10400813072919846,0.6723151803016663,0.3381493091583252,0.5823926329612732,0.30735349655151367,-2.165811777114868,-2.7934730052948,-3.6729581356048584,-1.6348594427108765,0.8788443207740784,1.481802225112915,-0.9379691481590271
0.7322957515716553,0.057681649923324585,0.2923433184623718,0.5330120921134949,0.40110644698143005,0.6117523908615112,0.425171434879303,0.07710517942905426,-1.2745577096939087,-3.1352968215942383,-1.1746515035629272,-1.58219313621521,-1.5109891891479492,-1.7721976041793823
0.41712236404418945,0.6004949808120728,-0.20139874517917633,0.5792415738105774,-0.2698850631713867,-0.7690315842628479,0.015221991576254368,-2.3850412368774414,-2.925194263458252,-3.8301033973693848,-1.9939931631088257,1.501960277557373,1.6397827863693237,-1.7344343662261963
0.1675666719675064,0.7884966731071472,-0.26886123418807983,0.36014488339424133,0.9101839065551758,0.16570818424224854,0.12000732868909836,-2.900846481323242,-3.5212981700897217,-3.979348659515381,-0.5875843167304993,1.4122161865234375,1.6823883056640625,0.3263604938983917
0.08012282103300095,0.8000732660293579,-0.24244581162929535,0.9629834890365601,-0.1464424431324005,0.050771135836839676,-0.22054404020309448,-3.195755958557129,-3.666595935821533,-4.659422874450684,-0.21226845681667328,1.5701918601989746,1.6447374820709229,-1.6357853412628174
0.37769487500190735,0.7780365347862244,-0.19393591582775116,0.9650936722755432,0.1749446839094162,-0.19383691251277924,0.020391102880239487,-2.526341199874878,-2.742743492126465,-3.5235884189605713,-0.414197713136673,-0.25233370065689087,0.5325550436973572,-1.7724539041519165
0.3630474805831909,0.7856483459472656,-0.2487858533859253,0.9910298585891724,0.07717268168926239,0.104263074696064,0.03214610368013382,-2.5073583126068115,-3.2840735912323,-3.4602644443511963,-0.5588347911834717,-1.6071985960006714,-0.8582698702812195,-1.7724539041519165
0.5087198615074158,0.7331523299217224,-0.07676209509372711,0.3516421318054199,0.7514118552207947,0.36628031730651855,0.4213867485523224,-2.4333391189575195,-2.900177240371704,-3.4448275566101074,-0.646605908870697,-1.770232081413269,-1.6764782667160034,-1.7724539041519165
0.07386310398578644,0.44327038526535034,0.1023234948515892,-0.2837713062763214,0.6585699319839478,0.3135262429714203,0.6224635243415833,-2.3088412284851074,-3.3602280616760254,-4.138665676116943,-2.3638525009155273,1.4246759414672852,1.4014121294021606,0.31258195638656616
0.2843795716762543,0.4058765769004822,0.06709201633930206,0.6995399594306946,0.5205252766609192,0.39006394147872925,0.2958841323852539,-2.3860185146331787,-3.8975417613983154,-5.156533241271973,-0.5528025031089783,1.7264941930770874,1.7433897256851196,1.735374093055725
0.26555630564689636,0.4210902452468872,0.061296358704566956,-0.3678106665611267,0.28639885783195496,0.877345085144043,-0.11382704228162766,-2.618844985961914,-3.6083059310913086,-4.298357009887695,-2.0146098136901855,1.3975658416748047,1.6890063285827637,0.28475454449653625
0.5921869277954102,0.5498813390731812,0.04086131602525711,0.2930052876472473,0.7537817358970642,0.4993951618671417,0.3107498288154602,-2.048633337020874,-2.988839864730835,-3.2502927780151367,-1.1038408279418945,-1.7724539041519165,-1.4493118524551392,-1.7724539041519165
0.3162577152252197,0.4769185781478882,0.032614946365356445,0.792572557926178,0.33207955956459045,0.31429359316825867,0.4034494161605835,-2.5320301055908203,-3.944061040878296,-4.915322303771973,-1.0873818397521973,1.203460931777954,1.5533370971679688,1.5056778192520142
0.20953308045864105,0.8088856935501099,-0.020524265244603157,0.7227866649627686,0.5799487829208374,-0.16667701303958893,-0.3368346691131592,-2.542398452758789,-3.4807116985321045,-3.855668067932129,-0.6996703147888184,1.3691370487213135,1.7014477252960205,-0.6755931377410889
0.25149261951446533,0.7109434008598328,0.020024413242936134,0.503673791885376,-0.40987536311149597,-0.10876667499542236,-0.7526517510414124,-2.443830728530884,-3.1224570274353027,-3.7634289264678955,-2.1693613529205322,1.7143051624298096,1.7574517726898193,1.0045233964920044
0.2649812400341034,0.7566169500350952,-0.028209123760461807,0.6831471920013428,0.6672054529190063,-0.06376344710588455,-0.2899673283100128,-3.065171241760254,-4.364614486694336,-4.982290744781494,-0.04785558208823204,-0.2972353398799896,0.5638399720191956,-1.6618525981903076
0.27179160714149475,0.8821263313293457,-0.0601392537355423,0.6500508189201355,0.38727840781211853,0.4712529480457306,0.45317769050598145,-2.768618106842041,-3.6575615406036377,-3.9393787384033203,-0.8632382154464722,-1.5131782293319702,-0.6617463231086731,-1.7724539041519165
0.38885441422462463,0.6732764840126038,-0.06554665416479111,0.909376323223114,0.20878079533576965,-0.34946441650390625,-0.08555644005537033,-2.445896863937378,-3.0846359729766846,-3.901933431625366,-3.138737201690674,1.1393507719039917,1.4383344650268555,0.3815883994102478
0.6275618076324463,0.7538092732429504,-0.09456242620944977,-0.023934902623295784,0.5343329310417175,0.8385859727859497,-0.10338784009218216,-3.350983142852783,-3.516972303390503,-3.8543174266815186,-0.353921502828598,-1.7724539041519165,-1.609802007675171,-1.7724539041519165
0.42000311613082886,0.6236203908920288,0.031632497906684875,0.5283276438713074,0.6293834447860718,0.22907008230686188,0.5217980742454529,-2.7635576725006104,-3.3294625282287598,-4.356749534606934,-1.7211753129959106,1.5249016284942627,1.752755045890808,1.4957462549209595
0.6604926586151123,0.6911463141441345,0.06682341545820236,0.10167991369962692,0.882181704044342,0.4289490580558777,0.1655879020690918,-2.4983322620391846,-3.0788745880126953,-3.610339879989624,-0.5868152379989624,-0.5077127814292908,0.7067707777023315,-1.7691848278045654
0.5580956935882568,0.5498589873313904,0.03029780276119709,0.895754873752594,0.05754014849662781,0.20500417053699493,-0.3902379274368286,-2.655775308609009,-3.0561459064483643,-3.5872161388397217,-0.43797555565834045,-1.1299431324005127,-0.16587164998054504,-1.7724539041519165
0.4513170123100281,0.6592349410057068,0.12824863195419312,0.7553836703300476,0.6061214208602905,-0.21753256022930145,-0.12121033668518066,-2.500453233718872,-3.113096237182617,-4.042957305908203,-1.58575439453125,-1.6914163827896118,-1.3092533349990845,-1.7709110975265503
0.481163889169693,0.8078520894050598,-0.06945106387138367,0.8162658214569092,0.08310306817293167,-0.4602612257003784,-0.33906289935112,-2.54313063621521,-3.027071952819824,-3.3034048080444336,-0.6056337356567383,-0.97688227891922,0.4678015112876892,-1.7724539041519165
0.7428690791130066,0.7288557887077332,-0.2665986716747284,0.06479644030332565,0.8378249406814575,0.5200380682945251,0.1530071198940277,-2.6285207271575928,-3.9500396251678467,-4.946756839752197,0.8502256870269775,-1.7709696292877197,-1.4456690549850464,-1.7724539041519165
1.105031132698059,0.794198751449585,-0.10533016175031662,0.22053353488445282,0.5582383275032043,0.720151424407959,0.3480185270309448,-2.186896562576294,-2.4453682899475098,-3.568341016769409,-0.7900157570838928,-1.559580683708191,-1.0995601415634155,-1.7720924615859985
0.8115444779396057,0.5573499202728271,0.04921022802591324,-0.24119573831558228,0.4379945397377014,0.8616049885749817,0.08730573207139969,-2.457183837890625,-3.09570574760437,-3.7356069087982178,1.5522682666778564,-1.753407597541809,-1.6765116453170776,-1.7689783573150635
0.809582531452179,0.7204728722572327,0.06648613512516022,-0.34743571281433105,0.5005001425743103,0.7561081051826477,0.23893223702907562,-2.457134246826172,-3.182913303375244,-3.487440824508667,-2.1709389686584473,1.5858068466186523,1.0143632888793945,-0.17168933153152466
0.6852301955223083,0.8497881293296814,-0.0540974922478199,0.3524101972579956,0.6548187732696533,0.4473869204521179,0.4968544840812683,-2.8100268840789795,-3.826314926147461,-4.817942142486572,-0.02534654550254345,-1.7724539041519165,-1.1494112014770508,-1.7724539041519165
1.0195772647857666,0.6845249533653259,0.062447044998407364,-0.3543999493122101,0.5147550106048584,0.5893153548240662,0.5119916200637817,-2.4931466579437256,-3.03190541267395,-3.400611162185669,-2.0450806617736816,1.3010057210922241,1.7605544328689575,1.0482003688812256
-0.30108118057250977,0.8747501969337463,-0.5407524108886719,0.8843298554420471,0.37042462825775146,0.26132091879844666,-0.11161406338214874,-3.0654819011688232,-5.151823997497559,-5.666090488433838,0.4163329005241394,-0.8354480862617493,-1.0655511617660522,-1.3923299312591553
-0.2826538383960724,0.8808684349060059,-0.5567768216133118,0.8984668850898743,0.32973283529281616,0.2758151888847351,-0.08921580761671066,-3.1938631534576416,-4.91592264175415,-5.513132572174072,-0.1411983072757721,1.464194655418396,1.136936068534851,0.43158209323883057
-0.2838486433029175,0.8830481767654419,-0.561637818813324,0.9295817613601685,0.2200976312160492,0.2924480736255646,-0.04369141161441803,-2.9096338748931885,-5.048961162567139,-5.524604320526123,3.2447094917297363,1.7063976526260376,1.6376163959503174,1.5296430587768555
-0.32162293791770935,0.8793808221817017,-0.5220283269882202,0.943733274936676,0.1420542448759079,0.2957891523838043,-0.04119322448968887,-2.8214592933654785,-5.258143424987793,-5.922860145568848,-0.1796846091747284,0.08881570398807526,-0.2950142025947571,-1.3061813116073608
-0.38510632514953613,0.8822305202484131,-0.49089062213897705,0.9224276542663574,0.24664267897605896,0.2892959415912628,-0.06784136593341827,-3.036262273788452,-5.130662441253662,-5.499666213989258,16.11809539794922,1.7240086793899536,1.6646915674209595,1.53834068775177
-0.5038264393806458,0.8959750533103943,-0.4204401969909668,0.9346523880958557,-0.013299407437443733,0.34462252259254456,-0.08650657534599304,-3.750570058822632,-4.017844200134277,-4.582545280456543,0.6392119526863098,1.562639594078064,1.029892086982727,0.41093236207962036
-0.4511682093143463,0.8708900809288025,-0.43753623962402344,0.9044724106788635,-0.30333614349365234,0.23820357024669647,0.18214242160320282,-3.368107557296753,-4.105831146240234,-4.826449871063232,-0.7162528038024902,0.2915082275867462,-0.34622788429260254,-1.1679667234420776
-0.3628476560115814,0.8706855773925781,-0.5101160407066345,0.7380089163780212,0.5992781519889832,-0.057370346039533615,0.3048231601715088,-6.606329441070557,-5.020182132720947,-11.402793884277344,-1.2909841537475586,1.3276026248931885,-0.5213099718093872,-1.3832091093063354
-0.4508568048477173,0.8637580871582031,-0.437162309885025,-0.33949577808380127,0.25306856632232666,0.43939974904060364,0.7922289967536926,-3.1946208477020264,-4.32624626159668,-4.527606964111328,-1.8151928186416626,1.6791168451309204,1.377469539642334,0.538204550743103
-0.4723246097564697,0.8671479821205139,-0.416778564453125,0.16111990809440613,0.4872451424598694,0.8206883072853088,-0.25120365619659424,-3.930988073348999,-4.5177693367004395,-4.873819828033447,-0.585111141204834,-0.9024099707603455,-1.367855191230774,-1.6969243288040161
-0.5042145252227783,0.8803505897521973,-0.4205511212348938,0.9166405200958252,-0.06377241015434265,0.10989854484796524,0.37897956371307373,-3.7490546703338623,-4.233360767364502,-4.769700050354004,-0.6901533007621765,1.059799313545227,0.18961220979690552,-0.6315915584564209
-0.5069739818572998,0.9007852077484131,-0.40444880723953247,-0.43906810879707336,0.7122997641563416,0.546943724155426,0.026472486555576324,-3.7923407554626465,-4.173096179962158,-4.354043006896973,-0.7791469097137451,1.7663527727127075,1.7442829608917236,1.699278712272644
-0.5466454029083252,0.8788716197013855,-0.38011395931243896,0.5956808924674988,-0.0564790740609169,-0.8010552525520325,-0.016878405585885048,-4.125103950500488,-4.425369739532471,-5.152073860168457,-0.480336457490921,1.7509925365447998,1.7109706401824951,1.5797595977783203
-0.5306772589683533,0.8158907294273376,-0.3653600513935089,0.5311523079872131,0.5261090397834778,0.49310824275016785,0.4448941648006439,-3.686152458190918,-4.522754192352295,-5.762106418609619,1.0501487255096436,0.9589164853096008,1.0270901918411255,1.0672959089279175
-0.5144026875495911,0.877107560634613,-0.371246874332428,0.5713783502578735,0.200405091047287,0.48486343026161194,0.6310880184173584,-3.813856601715088,-4.027919292449951,-4.491987228393555,2.2183163166046143,0.2353030890226364,-0.2539956867694855,-1.1988990306854248
-0.5359217524528503,0.8710137009620667,-0.36037731170654297,0.3824985921382904,0.6137218475341797,0.48775508999824524,0.48901456594467163,-4.134261131286621,-4.41289758682251,-4.751990795135498,-0.6637983322143555,1.2295299768447876,0.6298567652702332,0.046440210193395615
-0.49632689356803894,0.8712547421455383,-0.36030542850494385,0.8685116171836853,-0.01836351677775383,0.31583908200263977,-0.3815705180168152,-3.8062057495117188,-4.252729892730713,-5.035029888153076,16.11809539794922,-1.1022953987121582,-1.3256577253341675,-1.684604287147522
-0.5208337903022766,0.9104995131492615,-0.39735984802246094,0.5381724238395691,0.004038811661303043,-0.8305825591087341,-0.14313183724880219,-3.7556569576263428,-4.338485240936279,-4.654962539672852,16.11809539794922,1.7504057884216309,1.5992556810379028,1.2748078107833862
-0.5023214817047119,0.8908267617225647,-0.43663206696510315,0.9023274779319763,-0.2521517872810364,-0.003671421203762293,0.34958702325820923,-4.43143367767334,-5.541818618774414,-5.854856014251709,-1.5867785215377808,0.16178765892982483,-1.1542302370071411,-1.6787161827087402
-0.4668138027191162,0.8865143060684204,-0.41426876187324524,0.4177427887916565,0.8686061501502991,-0.20298391580581665,-0.17266100645065308,-3.6978366374969482,-4.180220127105713,-4.7423906326293945,-0.4304330348968506,-1.5422861576080322,-1.6593023538589478,-1.7543203830718994
-0.49788224697113037,0.9012523889541626,-0.3978880047798157,0.5998398661613464,-0.033182043582201004,-0.7240756750106812,0.33882957696914673,-4.03924560546875,-4.085914134979248,-5.161873817443848,1.405253291130066,-0.6936617493629456,-1.0234800577163696,-1.7689805030822754
-0.47481459379196167,0.9015227556228638,-0.39364126324653625,0.6085928678512573,0.24025742709636688,-0.7544981241226196,-0.05122169479727745,-4.242649555206299,-4.4494147300720215,-5.406369209289551,0.17924346029758453,-0.6191458106040955,-1.130994200706482,-1.6750926971435547
-0.5139930844306946,0.9043947458267212,-0.3727918267250061,0.22182819247245789,0.5744233131408691,0.7376413345336914,-0.2769754230976105,-4.107308864593506,-4.26019811630249,-4.958111763000488,-0.7428911328315735,1.1735191345214844,-0.03189109265804291,-1.363829255104065
-0.5380235910415649,0.8988150358200073,-0.3825293481349945,0.7431101202964783,-0.3458734452724457,-0.5672961473464966,0.0795864537358284,-3.850735664367676,-4.817230224609375,-5.554551124572754,-1.4979591369628906,-0.04990363121032715,-1.1144001483917236,-1.6614023447036743
-0.5384873151779175,0.8692641258239746,-0.37139686942100525,0.6225618720054626,0.7222664952278137,0.14349041879177094,-0.264874130487442,-4.06982421875,-4.922914028167725,-5.172094345092773,-1.0138188600540161,-1.0057289600372314,-1.6715242862701416,-1.7722487449645996
-0.49419304728507996,0.9087576866149902,-0.3645898699760437,0.5562123656272888,-0.4891771078109741,-0.2868751585483551,-0.6074835062026978,-4.127448558807373,-4.487807273864746,-5.029407024383545,1.3074603080749512,0.1881832331418991,-0.4097442030906677,-0.9928880333900452
-0.502260684967041,0.9179648756980896,-0.3840947151184082,0.506643533706665,0.10568737238645554,-0.754019558429718,0.4044712781906128,-4.362450122833252,-4.681109428405762,-5.187122344970703,2.0255353450775146,1.289226770401001,0.5192146301269531,0.03559621423482895
-0.4358760118484497,0.8838328719139099,-0.4197101593017578,-0.02004506066441536,0.8885084986686707,-0.4582715630531311,0.01175055280327797,-11.329864501953125,-4.960138320922852,-6.381066799163818,-0.03922071307897568,-0.3822939991950989,-0.7576372027397156,-1.285897970199585
-0.5289928317070007,0.8934370279312134,-0.30929869413375854,0.577065110206604,-0.3026845157146454,-0.6885517239570618,-0.31823647022247314,-3.4405839443206787,-4.4830522537231445,-5.308136463165283,-1.2856979370117188,-0.6819217801094055,-1.149499773979187,-1.6373608112335205
-0.5286794900894165,0.8999959826469421,-0.3301987946033478,0.6165714859962463,0.025531399995088577,-0.7805478572845459,-0.09966307133436203,-3.875737190246582,-4.760740756988525,-5.504312038421631,16.11809539794922,1.7555009126663208,1.7069423198699951,1.4567646980285645
-0.5407530069351196,0.9054149985313416,-0.2565656006336212,0.5864182710647583,-0.05562018230557442,-0.8019638061523438,-0.09936806559562683,-3.023951292037964,-5.252087593078613,-5.468600273132324,0.06658009439706802,1.2634297609329224,0.6808278560638428,0.09374359995126724
-0.573449432849884,0.902994692325592,-0.19777880609035492,0.5880091786384583,-0.10761081427335739,-0.7904137372970581,-0.13383276760578156,-2.434114456176758,-4.841780185699463,-5.679873943328857,1.1463223695755005,1.7366584539413452,1.6707931756973267,1.5818880796432495
-0.5501365661621094,0.9018775224685669,-0.24353724718093872,0.5781949758529663,-0.06500650197267532,-0.8012319207191467,-0.13961395621299744,-3.103753089904785,-5.072995185852051,-5.446949005126953,0.5611189007759094,1.440218448638916,0.42961883544921875,-0.76949143409729
-0.5490948557853699,0.895559549331665,-0.2291477769613266,0.6047513484954834,-0.043478988111019135,-0.7913151383399963,-0.07877689599990845,-3.017879009246826,-5.073009967803955,-5.325728893280029,-0.15173691511154175,-0.0546969510614872,-0.4758531153202057,-1.1360024213790894
-0.558369517326355,0.900719940662384,-0.22959880530834198,0.5787498950958252,-0.09381600469350815,-0.7846203446388245,-0.20153921842575073,-2.7312395572662354,-4.781992435455322,-5.522953987121582,-0.1827618032693863,1.6294562816619873,1.3680331707000732,0.790802538394928
-0.39341360330581665,0.840700089931488,-0.26614418625831604,0.6219313144683838,0.714407205581665,0.2650783658027649,0.18043619394302368,-2.9161853790283203,-4.4560546875,-6.153552532196045,-0.857942521572113,1.1130614280700684,1.4950515031814575,-0.8429099917411804
-0.35332295298576355,0.8695708513259888,-0.27533721923828125,0.6407955288887024,0.7432366609573364,0.11627474427223206,0.15316836535930634,-3.581587791442871,-4.274173736572266,-5.374812602996826,-0.09679315239191055,1.71237051486969,1.7541583776474,1.5782837867736816
-0.30738314986228943,0.8834080696105957,-0.29938286542892456,0.9970503449440002,0.07579733431339264,-0.012058213353157043,-0.00006442628364311531,-4.050729274749756,-6.007684707641602,-6.334781646728516,-0.019571740180253983,1.4695305824279785,1.7071075439453125,0.8709561824798584
-0.2968222200870514,0.8819996118545532,-0.27544331550598145,0.7258681058883667,0.676304042339325,0.10366644710302353,-0.0705803856253624,-3.6331369876861572,-4.160100936889648,-5.505099773406982,0.25251084566116333,1.1089401245117188,1.524298071861267,0.16862551867961884
-0.2868710160255432,0.8644518256187439,-0.26850247383117676,0.6629785299301147,-0.6271185874938965,-0.11590532958507538,-0.3921067714691162,-3.7261078357696533,-4.1948394775390625,-4.832058429718018,-1.553296685218811,0.046445611864328384,0.819709300994873,-0.9430477023124695
-0.14423668384552002,0.8800119757652283,-0.2763464152812958,0.811373770236969,0.5270124077796936,0.06860052049160004,-0.24336084723472595,-3.278135299682617,-4.280028820037842,-4.953220367431641,-0.12870949506759644,1.3541152477264404,1.6113134622573853,-0.10776576399803162
-0.05550425499677658,0.8790329694747925,-0.2866995632648468,0.5343433618545532,0.8105148077011108,-0.21237775683403015,-0.11152862757444382,-3.2219505310058594,-3.7401790618896484,-4.092365264892578,-0.7582117915153503,1.688748836517334,1.7639262676239014,1.46640944480896
-0.21879416704177856,0.8805721998214722,-0.2863389849662781,0.7110973596572876,0.670640766620636,0.12256111949682236,-0.17193113267421722,-3.2842185497283936,-3.992025375366211,-4.792491436004639,-0.31685733795166016,1.6864817142486572,1.7524638175964355,1.3629292249679565
-0.17302235960960388,0.8835461735725403,-0.2775532305240631,0.7620649933815002,0.6151268482208252,0.05459508299827576,-0.19466713070869446,-3.2040810585021973,-4.268100738525391,-5.015376091003418,0.1859634667634964,1.6178162097930908,1.698836088180542,1.0972825288772583
-0.19079835712909698,0.8775001168251038,-0.26706597208976746,0.831017792224884,0.523259162902832,0.12341462820768356,-0.14275196194648743,-3.169327735900879,-4.270836353302002,-5.568516731262207,-0.23143614828586578,-0.046614255756139755,0.7191309332847595,-1.5794258117675781
-0.7779743671417236,1.355965256690979,-0.28322935104370117,0.8481168746948242,0.4674709439277649,0.12974154949188232,-0.21292218565940857,-3.1730263233184814,-3.969601631164551,-4.9566969871521,-1.2416810989379883,1.4042168855667114,1.6887911558151245,1.1065936088562012
-0.7530274391174316,1.3653212785720825,-0.2786729037761688,0.8379157185554504,0.5345038771629333,0.043116725981235504,-0.1017041951417923,-3.30600905418396,-3.552309513092041,-4.463278770446777,-2.22818922996521,-0.9910842180252075,-0.4371323585510254,-1.6267023086547852
-0.7319814562797546,1.3479512929916382,-0.30161693692207336,0.5123310685157776,-0.5531108379364014,-0.6309919357299805,-0.1828508973121643,-3.679511547088623,-4.750823974609375,-5.557163238525391,1.1263030767440796,0.3971816301345825,1.2531427145004272,-0.9260706305503845
-0.7376248240470886,1.4148615598678589,-0.30597010254859924,0.5058369040489197,0.008893199265003204,-0.7352957129478455,-0.4509879946708679,-4.240469455718994,-5.135491371154785,-6.391891956329346,16.11809539794922,1.4771791696548462,1.745081901550293,1.1002181768417358
-0.7349951267242432,1.4120628833770752,-0.2992993891239166,0.5296135544776917,0.0438745953142643,-0.6843351721763611,-0.4992693066596985,-3.8584227561950684,-4.935584545135498,-5.854830741882324,1.7741916179656982,0.38828128576278687,1.2214579582214355,-1.2951626777648926
-0.7301856279373169,1.4178813695907593,-0.3000340461730957,-0.47972702980041504,-0.14498990774154663,0.8332045674324036,0.23368801176548004,-3.7989161014556885,-4.837463855743408,-5.281527996063232,-0.8864148855209351,-0.7454244494438171,0.2912984788417816,-1.5324921607971191
-0.7410120964050293,1.4059950113296509,-0.2965824007987976,0.6658326983451843,0.566555380821228,0.4791009724140167,0.0783839151263237,-3.8478569984436035,-5.019091606140137,-5.857810020446777,-0.9641866683959961,1.1124690771102905,1.5825495719909668,-0.42789530754089355
-0.7866432070732117,1.3770302534103394,-0.2751407027244568,0.6200766563415527,0.7410811185836792,0.2177816778421402,0.1373858004808426,-3.5588693618774414,-4.763437271118164,-5.332214832305908,0.1956212967634201,0.2342558205127716,1.1442683935165405,-0.9168280959129333
-0.5966553688049316,0.8935707807540894,-0.07959268987178802,0.500046968460083,-0.2955130934715271,-0.6928094625473022,-0.42736414074897766,-3.1150195598602295,-4.854467868804932,-5.355040550231934,0.9163261651992798,-0.3631419241428375,-0.6435046195983887,-1.3492788076400757
-0.6355661749839783,0.8953502774238586,0.016566863283514977,0.5427613258361816,-0.2316356897354126,-0.7379494309425354,-0.3273923397064209,-2.800980567932129,-4.729034423828125,-5.263959884643555,-0.3736034035682678,1.4235895872116089,0.7868783473968506,0.10851637274026871
-0.601779043674469,0.9043347835540771,-0.09695548564195633,0.5581826567649841,-0.18770089745521545,-0.762108325958252,-0.2690564692020416,-2.390842914581299,-4.859612464904785,-5.3949737548828125,1.465456247329712,1.6818615198135376,1.515670895576477,1.3440899848937988
-0.6285536289215088,0.8860332369804382,-0.003539745230227709,-0.4324807822704315,0.3945661783218384,0.5765761137008667,0.5699455142021179,-3.0156219005584717,-4.5404839515686035,-5.749882698059082,-2.4043517112731934,-1.3377047777175903,-1.4777647256851196,-1.6911964416503906
-0.6110544204711914,0.9000387787818909,-0.03806646168231964,0.572841227054596,0.10447617620229721,-0.8025164604187012,0.130018949508667,-2.4952409267425537,-5.159940242767334,-5.319852352142334,0.41632208228111267,0.7216680645942688,0.10972142964601517,-0.5551509261131287
-0.46229517459869385,0.7860621809959412,-0.2715419828891754,0.694936215877533,0.6190974712371826,0.13931924104690552,0.3381895422935486,-3.5450620651245117,-4.929567813873291,-6.040464401245117,-0.3783731758594513,1.6120554208755493,1.7290425300598145,0.9964379668235779
-0.40800365805625916,0.8308457732200623,-0.2773807644844055,0.6944921016693115,0.6326134204864502,0.30445998907089233,0.15743280947208405,-3.456854820251465,-4.606235027313232,-6.06392240524292,-0.011116938665509224,1.0782053470611572,1.3815475702285767,0.42788130044937134
-0.404655396938324,0.8295385241508484,-0.2635275423526764,0.6071428060531616,0.7289020419120789,0.17618431150913239,0.26275190711021423,-3.6403372287750244,-4.712327480316162,-6.281694412231445,-0.02991683967411518,-0.13775667548179626,0.5404275059700012,-1.137339472770691
-0.3299422264099121,0.8117650747299194,-0.24497906863689423,0.749993085861206,0.5718260407447815,0.29543545842170715,0.15245750546455383,-3.2710824012756348,-4.1691508293151855,-5.867409706115723,-1.3020907640457153,1.5868632793426514,1.724750280380249,1.189460277557373
-0.3978671431541443,0.8358014225959778,-0.2759813368320465,0.6515191793441772,0.6594623923301697,0.17975154519081116,0.3291223347187042,-3.9104368686676025,-4.878265380859375,-6.58176326751709,0.17948384582996368,0.7398828268051147,1.2927005290985107,-1.3718738555908203
-0.29209133982658386,0.8385921120643616,-0.25269559025764465,0.7317649722099304,0.5895286798477173,0.22274819016456604,0.2595365643501282,-3.528167486190796,-4.125491619110107,-5.7642292976379395,0.5546994209289551,-0.03293192759156227,0.806203305721283,-1.5940333604812622
-0.2346494495868683,0.8767382502555847,-0.24782657623291016,0.9568011164665222,-0.1720411479473114,-0.06395500898361206,0.2254844307899475,-3.3404088020324707,-4.523820400238037,-4.9451680183410645,-0.6901943683624268,-1.2770508527755737,-0.6907907128334045,-1.4520695209503174
-0.2409670054912567,0.8698402643203735,-0.25667375326156616,-0.42995768785476685,0.2744925618171692,0.6917919516563416,0.5110911130905151,-3.967771291732788,-4.612908840179443,-5.634723663330078,-0.8353885412216187,1.0679316520690918,1.3752976655960083,0.3706135153770447
-0.04372963681817055,0.8598329424858093,-0.2674941122531891,0.7109442949295044,0.6983842253684998,-0.0510130450129509,-0.06492552906274796,-2.8800859451293945,-4.020766258239746,-4.533673286437988,-0.7614423632621765,-0.6955240368843079,0.2720247209072113,-1.5927807092666626
-0.008566419593989849,0.8428469300270081,-0.26606011390686035,0.9520642757415771,-0.2677764296531677,0.02657875418663025,-0.14547504484653473,-3.1709399223327637,-3.86323618888855,-4.252224922180176,0.8951689600944519,1.3436403274536133,1.6538090705871582,-0.23161502182483673
-0.016325639560818672,0.8337327241897583,-0.2510989308357239,0.9458335041999817,0.15564626455307007,0.07047251611948013,-0.27605578303337097,-3.418759822845459,-4.286926746368408,-4.714439392089844,0.16987201571464539,-1.2029856443405151,-0.5187948942184448,-1.6415376663208008
0.03902491182088852,0.8330129384994507,-0.24828869104385376,0.9965193867683411,-0.06912718713283539,-0.0265875905752182,-0.03825812414288521,-3.3910489082336426,-3.716156244277954,-4.430900573730469,0.36063799262046814,0.7062119841575623,1.3828125,-1.3844882249832153
0.07112496346235275,0.814422607421875,-0.23949570953845978,0.995685338973999,-0.04377814009785652,0.03616456314921379,0.07339107990264893,-3.356576681137085,-3.8545351028442383,-4.726729869842529,2.8338468074798584,-0.4476269483566284,0.1742776483297348,-1.5999455451965332
-0.19348236918449402,0.8891263008117676,-0.2521701157093048,0.9868212938308716,-0.15106971561908722,0.03384595364332199,0.04707556962966919,-3.1545121669769287,-4.943691730499268,-5.356941223144531,-0.3633768558502197,0.9576008915901184,1.499536395072937,-1.115227460861206
-0.1349867433309555,0.8819292187690735,-0.24888843297958374,0.6712101101875305,0.6998817324638367,-0.23710604012012482,0.05850832536816597,-3.591564416885376,-4.551545143127441,-5.108665943145752,-0.12373782694339752,-1.3182823657989502,-0.5932888388633728,-1.607681393623352
-0.09100829064846039,0.8807514309883118,-0.24967838823795319,0.5629428029060364,0.8212090134620667,-0.09281640499830246,-0.009812891483306885,-3.47810959815979,-4.740400791168213,-5.476409912109375,0.34953397512435913,-0.26204878091812134,0.5680780410766602,-1.4384406805038452
-0.37778958678245544,0.7722342610359192,-0.1094641163945198,0.27372169494628906,0.39390701055526733,0.7267516255378723,0.4916764795780182,-4.993510723114014,-5.713379383087158,-6.149906158447266,0.4621647000312805,-0.05387372151017189,-0.7444068789482117,-0.9498983025550842
-0.32934173941612244,0.8013334274291992,-0.09265020489692688,0.8880245089530945,0.34570616483688354,-0.006198855582624674,0.3030862510204315,-3.55271315574646,-4.100593090057373,-4.532931327819824,-0.9651764035224915,1.6243761777877808,1.6546188592910767,1.5354646444320679
-0.3650103211402893,0.7827762961387634,-0.08984696120023727,-0.39272984862327576,0.3520054519176483,0.812835693359375,0.2472923845052719,-3.974696397781372,-4.248325824737549,-4.849645137786865,-0.010737837292253971,-0.3809965252876282,0.38729339838027954,-1.6191202402114868
-0.3430637717247009,0.7849504947662354,-0.09455548971891403,0.5778330564498901,-0.5639793872833252,-0.5829654932022095,-0.09048448503017426,-3.7701141834259033,-4.028354167938232,-4.688257217407227,-0.5818710923194885,-1.3855319023132324,-0.6083770394325256,-1.6330223083496094
-0.3133401572704315,0.8172963857650757,-0.07652241736650467,0.7639548182487488,0.5321863293647766,0.029269807040691376,0.36372238397598267,-3.239117383956909,-4.427981376647949,-4.95479679107666,0.8616427183151245,1.536868691444397,1.7349255084991455,-0.6159020662307739
-0.36922526359558105,0.7639567255973816,-0.10775461047887802,0.36200034618377686,0.2947210371494293,0.8007588982582092,0.37534043192863464,-5.259617328643799,-5.91909646987915,-6.517110347747803,4.454312324523926,1.0494558811187744,0.8419091105461121,-1.5640593767166138
-0.2866714894771576,0.8215843439102173,-0.08151738345623016,0.739661455154419,0.5852051973342896,0.11119783669710159,0.3131626546382904,-3.542720079421997,-4.972235202789307,-5.759016036987305,0.07875879853963852,-1.6996970176696777,-1.1255089044570923,-1.6955429315567017
-0.27242833375930786,0.8505541086196899,-0.04688598960638046,0.8336494565010071,0.41716766357421875,-0.03290515020489693,0.3604400157928467,-2.903505802154541,-4.32956075668335,-5.163496971130371,0.11148642003536224,-0.2094132900238037,0.9935173988342285,-1.5403109788894653
-0.2694781720638275,0.8449680805206299,-0.0574515201151371,0.8754318356513977,0.3801892101764679,-0.006036193110048771,0.29839369654655457,-3.116528034210205,-4.298353672027588,-5.1309428215026855,0.08309613168239594,-0.9936913251876831,-0.03542289137840271,-1.75439453125
-0.2502332329750061,0.8099700808525085,0.03765527158975601,0.6803327202796936,0.281921923160553,0.5360936522483826,0.4126391112804413,-3.3008265495300293,-4.137567043304443,-5.121737480163574,16.11809539794922,1.7493869066238403,1.633996605873108,1.1379296779632568
-0.2253788262605667,0.888935387134552,-0.027292225509881973,0.7246123552322388,0.592102587223053,-0.0033678330946713686,0.35261887311935425,-3.052574396133423,-4.145387172698975,-4.766541004180908,0.0640997439622879,1.5968782901763916,1.6660784482955933,1.5160000324249268
-0.22046662867069244,0.9519292712211609,0.03036525472998619,0.5482555627822876,0.26942190527915955,0.5703074932098389,0.5491603016853333,-3.002863883972168,-3.8013925552368164,-4.469298839569092,-1.278597116470337,-0.8670490980148315,-0.9114648699760437,-1.6665966510772705
-0.18123972415924072,0.9105662703514099,0.015224281698465347,-0.44163885712623596,0.02797376550734043,0.7978924512863159,0.4093168377876282,-3.827895402908325,-4.778387546539307,-5.515420436859131,1.6086074113845825,-1.0257915258407593,-0.23418046534061432,-1.7347385883331299
-0.26884725689888,0.9336338639259338,0.019207242876291275,0.6309528946876526,0.2924599349498749,0.5618991255760193,0.4479230046272278,-3.0895438194274902,-4.091488361358643,-5.18681526184082,-0.04175461828708649,1.4773417711257935,1.3224478960037231,0.9139934778213501
-0.26198408007621765,0.9745083451271057,0.00007534694304922596,-0.04597898945212364,0.5795075297355652,0.7927635312080383,-0.1832563728094101,-3.516389846801758,-4.360964298248291,-4.91218900680542,2.0057647228240967,1.7724539041519165,1.72200608253479,1.604931354522705
-0.2193484753370285,0.9315510392189026,0.05988446623086929,-0.21532176434993744,0.6810797452926636,0.6454259157180786,-0.27054086327552795,-3.3238301277160645,-4.210143089294434,-4.649381160736084,2.52197265625,-1.5239711999893188,-1.6419792175292969,-1.6443034410476685
-0.2937708795070648,1.1760972738265991,-0.005200995597988367,0.20825950801372528,0.6318085193634033,0.7244873642921448,0.18045492470264435,-2.86311674118042,-4.011674880981445,-4.4383544921875,1.8593004941940308,1.5089983940124512,1.3539782762527466,1.3950611352920532
-0.28284752368927,1.1281168460845947,-0.005221161525696516,0.6347402334213257,0.14565789699554443,0.4124477207660675,0.637005090713501,-3.056735038757324,-4.079591274261475,-4.465034008026123,16.11809539794922,0.7564946413040161,0.41820621490478516,-0.029383990913629532
0.07373790442943573,1.122287631034851,-0.11119140684604645,0.4811287522315979,0.8548805117607117,-0.019323891028761864,-0.19318661093711853,-3.299835681915283,-5.3100266456604,-5.882960319519043,3.8586246967315674,1.3994935750961304,1.6793816089630127,0.1057095006108284
-0.27609291672706604,1.014769196510315,-0.02116314508020878,0.9382641911506653,0.11753302812576294,-0.008364833891391754,0.32523268461227417,-4.724791049957275,-4.884710788726807,-5.591382026672363,2.721248149871826,-1.2371779680252075,-1.4288357496261597,-1.7161099910736084
-0.2728896737098694,1.008111834526062,-0.015337289310991764,0.8947518467903137,0.23194052278995514,0.0022843703627586365,-0.3815986216068268,-4.073163986206055,-4.893560886383057,-5.053342819213867,-1.1132030487060547,-0.5884541273117065,-1.017968773841858,-1.6577874422073364
-0.2536471486091614,1.0274168252944946,0.005859628319740295,-0.2403857409954071,0.555388331413269,0.320419579744339,0.7287590503692627,-3.852306604385376,-4.191855430603027,-4.569605827331543,0.39154425263404846,-1.288968801498413,-1.1901237964630127,-1.7513196468353271
-0.2785681188106537,1.0215849876403809,0.010338052175939083,0.7871258854866028,0.017490020021796227,-0.614376962184906,0.05165128409862518,-3.568197727203369,-4.334380626678467,-4.623636245727539,-1.2594566345214844,0.21982961893081665,-0.28031542897224426,-0.9007430076599121
-0.23459979891777039,1.0489141941070557,0.03900163620710373,0.40687766671180725,0.4971325993537903,0.42221787571907043,0.639563798904419,-3.4613428115844727,-3.8366520404815674,-4.604650020599365,0.8654155135154724,-1.4693554639816284,-1.5767531394958496,-1.7458258867263794
-0.2657206654548645,1.0343668460845947,-0.00667885085567832,0.48545485734939575,0.4505118131637573,0.5155258178710938,0.5436964631080627,-3.7531070709228516,-4.127843856811523,-4.345131874084473,0.821443498134613,1.100904107093811,0.8286712765693665,0.17423772811889648
-0.2592342495918274,1.0649373531341553,0.009785624220967293,0.47632941603660583,0.3304769694805145,0.32304856181144714,0.7480206489562988,-3.5926973819732666,-3.978740692138672,-4.722947597503662,1.1599500179290771,0.7748082280158997,0.6017420291900635,-0.5198929905891418
-0.2928581237792969,1.0286834239959717,-0.022547373548150063,0.5794742703437805,0.5380212068557739,0.11817226558923721,0.600648045539856,-4.350628852844238,-4.99833345413208,-5.694969654083252,-0.2862316966056824,1.4604675769805908,1.3394575119018555,1.1276206970214844
-0.28493592143058777,1.0539332628250122,0.008287246339023113,0.6065637469291687,0.2649327218532562,0.44872942566871643,0.6004440188407898,-3.0701634883880615,-4.186776161193848,-4.630400657653809,0.01916642300784588,1.7050594091415405,1.5635839700698853,1.3396250009536743
-0.23769475519657135,1.052358865737915,0.005640103947371244,0.4963988661766052,0.3436378836631775,0.7358778119087219,0.30656978487968445,-3.76334285736084,-3.9921536445617676,-5.247411727905273,-0.15916447341442108,-1.0799798965454102,-1.1918977499008179,-1.6631537675857544
-0.2511174976825714,1.143022894859314,0.008005933836102486,0.2742367684841156,0.5336316823959351,0.6374143362045288,0.48346084356307983,-3.430636167526245,-4.119832515716553,-4.6099934577941895,4.670473575592041,-1.2089773416519165,-1.308345913887024,-1.695166826248169
-0.27722543478012085,1.2057445049285889,-0.0410517156124115,-0.08536122739315033,0.7423790097236633,0.6623320579528809,-0.05388069152832031,-4.17956018447876,-4.865993022918701,-5.212368011474609,1.5960551500320435,-0.9464187026023865,-1.0975595712661743,-1.6774814128875732
-0.2641776502132416,1.128880500793457,-0.02395697496831417,0.036287106573581696,0.7460219264030457,0.6639490723609924,-0.03614135459065437,-3.6550490856170654,-4.2855753898620605,-4.821671962738037,-1.1303247213363647,-0.09980706125497818,-0.4206452965736389,-1.136950969696045
-0.2860807776451111,1.1297810077667236,0.020648401230573654,0.5520887970924377,-0.08919845521450043,-0.8272468447685242,0.05389149859547615,-3.5208446979522705,-3.859278440475464,-4.823577880859375,-2.3808224201202393,1.0428129434585571,1.1776834726333618,0.39526525139808655
-0.26523318886756897,1.2083921432495117,-0.008314522914588451,0.4612524211406708,0.40813103318214417,0.20361508429050446,0.761062502861023,-3.704042673110962,-4.655881881713867,-4.869786262512207,1.6229643821716309,-1.2924503087997437,-1.3925647735595703,-1.681050181388855
-0.7600255608558655,1.4112330675125122,-0.1978670209646225,-0.41451311111450195,0.46333521604537964,0.7827830910682678,-0.027386674657464027,-3.050584316253662,-4.266602993011475,-4.7814459800720215,-0.7274492979049683,1.1137598752975464,1.6147358417510986,0.9131660461425781
-0.76218581199646,1.3940216302871704,-0.20538923144340515,-0.13211172819137573,0.6052033305168152,0.7568547129631042,0.2084379494190216,-3.039916515350342,-4.264510154724121,-4.748851299285889,-0.7092591524124146,0.25932392477989197,0.9858891367912292,-0.15526710450649261
-0.7564114332199097,1.3504811525344849,-0.22166110575199127,0.7866140007972717,0.5993070006370544,0.058752499520778656,0.1364465206861496,-3.696157932281494,-4.888161659240723,-6.199023246765137,-0.8710281252861023,0.1992717832326889,0.9956738352775574,-1.7724539041519165
-0.729884147644043,1.3191392421722412,-0.2027565836906433,0.7874586582183838,-0.41127848625183105,-0.4086480140686035,-0.20920246839523315,-4.266353130340576,-4.867151737213135,-6.498723030090332,1.775617003440857,-1.0102559328079224,-0.24027690291404724,-1.199092984199524
-0.7041353583335876,1.3330957889556885,-0.20246969163417816,0.4677843153476715,0.8113441467285156,-0.07731281965970993,0.34193745255470276,-3.9361939430236816,-4.487131118774414,-5.623148441314697,4.529423236846924,-1.3474475145339966,-0.607218861579895,-1.5794978141784668
-0.7212108969688416,1.3454035520553589,-0.215900257229805,0.9328076839447021,-0.3597509562969208,-0.01860395260155201,0.010147318243980408,-3.7901127338409424,-4.384349822998047,-4.817105770111084,-1.0679042339324951,-1.4931639432907104,-0.8948506116867065,-1.7655832767486572
-0.7281142473220825,1.3571912050247192,-0.21820566058158875,0.84758061170578,0.5140408277511597,0.12488487362861633,0.04210571199655533,-4.424403667449951,-5.085568428039551,-6.899278163909912,16.11809539794922,-0.7116670608520508,0.19050298631191254,-1.7724539041519165
-0.5717458128929138,1.2370442152023315,-0.1422157883644104,0.8736897110939026,0.14536859095096588,-0.4613136649131775,0.052191559225320816,-3.611539125442505,-4.465698719024658,-5.685539722442627,-0.6746070981025696,-0.5076590180397034,-0.6960875988006592,-1.0636526346206665
-0.6039219498634338,1.3002430200576782,-0.16969308257102966,0.20476403832435608,0.6861782670021057,0.6347070336341858,0.29047897458076477,-3.3569350242614746,-4.252520561218262,-5.575132846832275,-1.8824033737182617,-1.2040120363235474,-1.3175718784332275,-1.6676017045974731
-0.7028212547302246,1.3309382200241089,-0.18701785802841187,0.5242294073104858,0.8234385848045349,0.17836959660053253,0.12376070022583008,-3.75382661819458,-4.252301216125488,-5.516510009765625,-1.4607367515563965,-0.3204580247402191,0.27391162514686584,-0.8027970790863037
-0.7069046497344971,1.2720508575439453,-0.14427602291107178,0.7221850156784058,0.37723925709724426,-0.5736008882522583,-0.08438841253519058,-3.701043128967285,-4.340360164642334,-4.818850040435791,-2.1003923416137695,1.434919834136963,1.6892229318618774,1.443529486656189
-0.6176846027374268,1.3223353624343872,-0.16856031119823456,0.6983059048652649,-0.5869985222816467,-0.38585925102233887,-0.1375288963317871,-3.2608160972595215,-4.715803623199463,-5.166967868804932,-0.23455043137073517,-1.1128270626068115,-0.6111456751823425,-1.6893993616104126
-0.622075617313385,1.3557841777801514,-0.19201891124248505,0.93379807472229,0.13030441105365753,0.08841429650783539,0.32128623127937317,-3.3453457355499268,-4.053037166595459,-4.333063125610352,-2.618236780166626,1.3334567546844482,1.5941141843795776,0.6675071120262146
-0.6107355952262878,1.363236427307129,-0.19989261031150818,0.37118223309516907,0.7971181869506836,0.46334126591682434,-0.11018725484609604,-3.6923112869262695,-3.8937172889709473,-4.489356517791748,-1.0453498363494873,-0.7383038997650146,-0.180592879652977,-1.1325136423110962
-0.6694971323013306,1.397486686706543,-0.24106140434741974,-0.4960986077785492,0.001851603970862925,0.7366971373558044,0.4595215916633606,-3.64162015914917,-4.718567371368408,-5.721846580505371,-1.6500266790390015,1.2716565132141113,1.5129084587097168,1.1018587350845337
-0.6464778184890747,1.3809417486190796,-0.18221116065979004,0.23207326233386993,0.8278630375862122,0.45445749163627625,0.232923224568367,-3.3048019409179688,-4.205589771270752,-4.678600788116455,-0.9254832863807678,-1.2571457624435425,-0.9016603827476501,-1.7114250659942627
-0.6222785711288452,1.3708080053329468,-0.20729567110538483,0.6348872780799866,0.7373918890953064,0.22023361921310425,-0.06832647323608398,-3.708446502685547,-4.351807117462158,-5.850195407867432,-1.7840348482131958,0.37131160497665405,0.9668042659759521,0.03356218710541725
-0.5936455726623535,1.3672083616256714,-0.1955554187297821,0.688417375087738,-0.3942978084087372,-0.44041571021080017,-0.42029130458831787,-4.033812999725342,-4.3225884437561035,-5.229884147644043,-1.0935323238372803,-1.5193541049957275,-1.188525676727295,-1.5484851598739624
-0.6961607336997986,1.2927782535552979,-0.14538493752479553,0.5812709927558899,0.5072352290153503,0.6298643350601196,0.09004095196723938,-3.2728257179260254,-4.6129350662231445,-4.8342742919921875,-0.948112428188324,-1.1672025918960571,-0.368452787399292,-1.6074252128601074
-0.5822914838790894,1.3802767992019653,-0.20781856775283813,0.5418382883071899,-0.1707361787557602,-0.6041444540023804,-0.5588111281394958,-3.818462371826172,-4.789416313171387,-5.309174060821533,-0.3817344903945923,0.21607378125190735,0.9568222165107727,-0.747550904750824
-0.6086954474449158,1.354578971862793,-0.11715594679117203,0.7097585797309875,-0.3797948956489563,-0.5846348404884338,0.10099849104881287,-3.895642042160034,-4.19992733001709,-5.903720855712891,0.0296737439930439,-0.11408960074186325,0.7292083501815796,-0.9600381851196289
-0.6115259528160095,1.3511168956756592,-0.1179313212633133,0.6842246055603027,-0.44229140877723694,-0.5631237030029297,0.13822676241397858,-4.101859092712402,-4.592668533325195,-5.8864030838012695,1.6667362451553345,0.94415283203125,1.4408466815948486,-0.14863857626914978
-0.5601924061775208,1.4464584589004517,-0.13415051996707916,0.9274851679801941,0.10497178882360458,-0.027299245819449425,0.3577805161476135,-3.3853399753570557,-4.5494384765625,-4.676420211791992,-1.259059190750122,0.9125593900680542,1.485855221748352,-1.7686270475387573
-0.6733035445213318,1.3935562372207642,-0.24629466235637665,0.5739501714706421,-0.12161938846111298,-0.6500793695449829,-0.4828941226005554,-4.209041595458984,-4.7913641929626465,-5.970067024230957,0.40645766258239746,-1.1799663305282593,-0.4631187617778778,-1.4144189357757568
-0.6609689593315125,1.4220998287200928,-0.2176569402217865,-0.4137919247150421,0.5683510303497314,0.5417755842208862,0.4606870114803314,-3.3076510429382324,-4.165975570678711,-4.646214485168457,-0.3348211348056793,0.18684059381484985,0.6765092015266418,-0.09448086470365524
-0.649441123008728,1.4132581949234009,-0.2592083811759949,-0.4983689785003662,0.0686497911810875,0.8102328181266785,0.3007296323776245,-4.373821258544922,-5.511081218719482,-6.39011287689209,1.5710830688476562,-0.4840340316295624,0.5587255358695984,-1.5303727388381958
-0.6714983582496643,1.397292137145996,-0.2502858638763428,-0.49240925908088684,0.0012585327494889498,0.7251033782958984,0.48141103982925415,-4.139401435852051,-4.876730442047119,-5.953248023986816,2.8837475776672363,-0.09628292918205261,0.9126935005187988,-1.092749834060669
-0.6639130115509033,1.4050863981246948,-0.2720944285392761,0.314500093460083,0.05045825615525246,-0.44721221923828125,0.8357899785041809,-13.31737232208252,-6.325043678283691,-5.952864170074463,-0.8010361194610596,1.3276026248931885,1.7724539041519165,-0.7854403853416443
-0.664269208908081,1.4071526527404785,-0.250177264213562,0.6872228980064392,0.616713285446167,0.37419945001602173,0.08581502735614777,-4.198334693908691,-4.732391357421875,-6.361918926239014,0.0325501449406147,0.5332762002944946,1.167406678199768,0.09021422266960144
-0.7983527779579163,1.4540053606033325,-0.16995388269424438,0.030196089297533035,0.44734084606170654,0.7776704430580139,0.4406847059726715,-2.9278228282928467,-3.8322362899780273,-4.510583877563477,-1.6623772382736206,-0.5582581758499146,0.35090139508247375,-1.3554823398590088
-0.7590395212173462,1.4590071439743042,-0.17864958941936493,0.6529507637023926,0.6081085205078125,-0.032264336943626404,0.45035359263420105,-3.790374994277954,-4.519367218017578,-5.671847820281982,-1.8233630657196045,-1.7724539041519165,-1.464669108390808,-1.7724539041519165
-0.7690353393554688,1.4621111154556274,-0.15246911346912384,0.5630124807357788,-0.49051931500434875,-0.6329231858253479,-0.20448967814445496,-3.944413423538208,-4.6603312492370605,-6.086455821990967,16.11809539794922,-0.17936478555202484,0.8058967590332031,-1.6664775609970093
-0.7935856580734253,1.5125880241394043,-0.15874655544757843,0.6976529359817505,0.6658321619033813,0.1591051071882248,0.21126632392406464,-2.987774610519409,-4.743887901306152,-5.869314193725586,-0.3184567987918854,1.290272831916809,1.6212750673294067,0.5279914736747742
-0.7596083283424377,1.4758766889572144,-0.12016688287258148,0.6421737670898438,-0.35471126437187195,-0.6476491093635559,-0.20577500760555267,-3.6994051933288574,-4.935942649841309,-5.213705539703369,-0.20589587092399597,-1.1793363094329834,-0.6620545387268066,-1.702472448348999
-0.6161441206932068,1.491925597190857,-0.1610877960920334,0.530232846736908,-0.18854059278964996,-0.3965078294277191,-0.7253186702728271,-4.0959062576293945,-4.813982009887695,-5.3245110511779785,0.8191883563995361,-1.2888468503952026,-0.8144614696502686,-1.6826900243759155
-0.7452563643455505,1.5410298109054565,-0.14791715145111084,0.7406541109085083,0.5875555276870728,0.24133001267910004,0.2190200686454773,-3.6273891925811768,-5.121117115020752,-5.872419357299805,-2.3987619876861572,1.566717505455017,1.7029279470443726,1.7414249181747437
-0.7470384240150452,1.5347610712051392,-0.14951825141906738,0.9500194191932678,0.22043916583061218,0.14624270796775818,0.16577915847301483,-3.5540993213653564,-4.730212211608887,-5.0058369636535645,-0.8726495504379272,0.9581801891326904,1.5257385969161987,-1.4894449710845947
-0.7101332545280457,1.5467557907104492,-0.150779128074646,0.921642005443573,0.36500802636146545,0.11578567326068878,0.06276019662618637,-3.459798812866211,-4.458146095275879,-5.0752034187316895,0.6137052774429321,-0.5394699573516846,0.17762984335422516,-1.5241917371749878
-0.6099076867103577,1.5145230293273926,-0.18996435403823853,0.7502021789550781,-0.44228890538215637,-0.37231168150901794,-0.32087576389312744,-4.220977783203125,-4.842785835266113,-6.283677101135254,1.374083161354065,-0.16903391480445862,0.7288513779640198,-1.0608773231506348
-0.6241538524627686,1.501862645149231,-0.18364952504634857,0.5549784302711487,-0.19309362769126892,-0.4639333188533783,-0.6629326343536377,-3.8347203731536865,-4.802236080169678,-6.098750114440918,2.1899092197418213,-0.6403428912162781,0.19671474397182465,-1.337342619895935
-0.672657310962677,1.543705701828003,-0.1649501472711563,0.8292616009712219,0.4154811501502991,0.08512616902589798,-0.3639424741268158,-3.3084144592285156,-4.115578651428223,-4.66580867767334,-2.307664155960083,0.9254767298698425,1.505998969078064,0.5477026700973511
-0.6153336763381958,1.4973843097686768,-0.16253410279750824,0.49076005816459656,0.7608031630516052,0.42465075850486755,-0.002203380223363638,-4.158644199371338,-5.10003137588501,-6.063163757324219,-0.6560006737709045,0.8741909265518188,1.1466981172561646,-0.37651586532592773
-0.5928040146827698,1.5289536714553833,-0.1349714994430542,-0.2848581373691559,0.8202717304229736,0.38751867413520813,0.30957940220832825,-3.034564256668091,-5.099642753601074,-5.285739421844482,-1.0627391338348389,-0.02271999418735504,0.6191181540489197,-0.5353533625602722
-0.649250328540802,1.5494495630264282,-0.06759797781705856,-0.2727923095226288,0.40431445837020874,0.7495403289794922,0.44755271077156067,-2.838874340057373,-4.1886773109436035,-4.510472774505615,-3.0815515518188477,1.1390689611434937,1.3427780866622925,1.2573552131652832
-0.6095292568206787,1.480202317237854,-0.10370009392499924,-0.1918979436159134,0.4448462724685669,0.6682816743850708,0.5645233392715454,-3.324700117111206,-4.110854625701904,-4.346400260925293,-1.041144847869873,-0.6795778274536133,-0.11470790952444077,-1.303599238395691
-0.6930806040763855,1.5346752405166626,-0.10751563310623169,0.6888896822929382,-0.14144818484783173,-0.5560696721076965,-0.442955881357193,-3.241427183151245,-3.4292454719543457,-4.1652655601501465,-2.4356677532196045,-1.4803144931793213,-1.2782096862792969,-1.7700681686401367
-0.687113881111145,1.5664446353912354,-0.13953232765197754,0.7241629958152771,0.6440597772598267,-0.0829295739531517,0.23215878009796143,-3.682363271713257,-4.5209269523620605,-6.022961139678955,-1.1930670738220215,0.21772262454032898,0.904573380947113,-0.35409021377563477
-0.6623317003250122,1.2787266969680786,-0.10883039981126785,0.6170485615730286,0.7461645603179932,-0.11628773808479309,0.22128409147262573,-3.5385611057281494,-4.423503875732422,-5.589272499084473,-0.9917581677436829,-0.32108375430107117,0.43752697110176086,-0.8731556534767151
-0.6306392550468445,1.2844300270080566,-0.09081350266933441,0.4659246802330017,0.833888828754425,-0.00019076772150583565,-0.2958775758743286,-3.155763626098633,-3.3945629596710205,-5.440426826477051,-2.7690248489379883,-1.1521072387695312,-1.2084252834320068,-1.5314604043960571
-0.6715904474258423,1.3170063495635986,-0.09853088110685349,0.9934170246124268,0.037416718900203705,-0.10774572938680649,0.01065288670361042,-3.214068651199341,-3.708314895629883,-4.5599870681762695,-2.314362049102783,1.538684606552124,1.6310664415359497,0.6488339900970459
-0.5993411540985107,1.3087164163589478,-0.1200580969452858,0.5844900012016296,0.08927760273218155,-0.6643072366714478,-0.4572710692882538,-4.007476806640625,-4.770482540130615,-6.024834156036377,-0.004111562855541706,-0.44434428215026855,0.17542055249214172,-1.303998351097107
-0.5933807492256165,1.3284332752227783,-0.11903975158929825,0.6178528666496277,0.38889339566230774,0.3837648034095764,0.5654594302177429,-3.519899606704712,-4.509458541870117,-5.092884063720703,-1.5805217027664185,-1.3711292743682861,-1.0969823598861694,-1.6682592630386353
-0.6028538942337036,1.359097957611084,-0.11152035742998123,0.43971630930900574,0.6572134494781494,0.23922604322433472,0.5634633302688599,-3.9492030143737793,-4.258263111114502,-5.1786112785339355,0.7531815767288208,-0.9084630012512207,-0.323113352060318,-1.4713256359100342
-0.6686088442802429,1.2871317863464355,-0.0559253916144371,0.7280360460281372,0.6088968515396118,0.1673591434955597,-0.26683148741722107,-3.7986831665039062,-4.8567328453063965,-5.337510585784912,0.1628606766462326,-0.8341448903083801,-0.2681693136692047,-1.745793342590332
-0.6143830418586731,1.263817548751831,-0.057271040976047516,0.7265022993087769,-0.47139835357666016,-0.1130332425236702,-0.48703333735466003,-4.298890590667725,-6.1393842697143555,-6.663965225219727,0.6925727725028992,-0.2043623924255371,-0.559046745300293,-0.9354652762413025
-0.6884844303131104,1.2969095706939697,-0.03459484502673149,0.9231089949607849,0.11739882826805115,-0.11130258440971375,-0.34885385632514954,-3.134675979614258,-3.8865067958831787,-4.3250732421875,-1.1409963369369507,0.21483685076236725,0.9738548398017883,-0.4637276232242584
-0.6427851319313049,1.2308834791183472,-0.00791388563811779,0.7296271324157715,-0.326360821723938,-0.5632216930389404,-0.20955704152584076,-3.724224328994751,-4.737006664276123,-5.373672962188721,0.29447638988494873,-0.6428312659263611,-0.04718254506587982,-1.2536646127700806
-0.6042107343673706,1.209362506866455,0.0024497483391314745,0.7006317973136902,-0.40961354970932007,-0.31804537773132324,-0.4900805652141571,-2.9616637229919434,-4.4702863693237305,-4.813178539276123,-1.885675072669983,-1.3284761905670166,-1.3966933488845825,-1.6871702671051025
-0.7554643154144287,1.3879958391189575,-0.050683148205280304,0.625042200088501,0.7227102518081665,-0.0074318693950772285,0.2948845326900482,-3.9732463359832764,-4.37364387512207,-5.297176361083984,1.6496422290802002,-1.3064299821853638,-0.6258633136749268,-1.5807613134384155
-0.7764679193496704,1.3787261247634888,-0.05751059576869011,0.2659802734851837,0.46544885635375977,0.8175288438796997,0.21037685871124268,-3.1699342727661133,-3.8402340412139893,-4.439721584320068,-1.6172045469284058,1.1673530340194702,1.5308974981307983,1.0945285558700562
-0.7896008491516113,1.4923585653305054,-0.05217289179563522,0.5135968923568726,-0.30175209045410156,-0.7547734975814819,-0.27473780512809753,-3.075654983520508,-4.450620651245117,-5.35196590423584,-0.716428279876709,0.797346293926239,1.3123090267181396,0.2387828379869461
-0.773415207862854,1.4158645868301392,-0.058472082018852234,0.41933348774909973,0.804543137550354,0.33684948086738586,0.2517979145050049,-3.5774319171905518,-4.1583943367004395,-4.9126105308532715,-0.40305790305137634,0.08400017023086548,0.7589350342750549,-0.910269558429718
-0.596632719039917,1.388893961906433,-0.10196185857057571,0.5323829650878906,0.687960684299469,0.08515121787786484,0.48582684993743896,-5.006087779998779,-5.087526321411133,-6.843008995056152,16.11809539794922,0.6473655104637146,1.2478342056274414,-0.2913465201854706
-0.6754247546195984,1.5174568891525269,-0.0873856320977211,0.966363787651062,0.2296128123998642,-0.011917824856936932,0.11522576212882996,-3.1059298515319824,-3.8963327407836914,-3.909492254257202,-2.062406539916992,0.17741821706295013,0.7166878581047058,-0.0427180677652359
-0.7864826321601868,1.500288724899292,-0.02897675521671772,-0.4859606623649597,0.17125244438648224,0.7533634901046753,0.40860530734062195,-3.8894848823547363,-4.837952613830566,-5.600083827972412,16.11809539794922,0.18168383836746216,0.8846238851547241,-1.1353107690811157
-0.6841214299201965,1.5118545293807983,-0.09452637284994125,0.7872993350028992,0.5862027406692505,0.18643854558467865,-0.04203321784734726,-3.9434425830841064,-4.614076137542725,-6.221920013427734,0.37202343344688416,-1.150634765625,-0.6930462121963501,-1.4982032775878906
-0.6075966358184814,1.5496606826782227,-0.10931835323572159,0.9592706561088562,0.24546918272972107,-0.12105543166399002,-0.06993048638105392,-3.282787799835205,-4.492975234985352,-4.617964744567871,-0.21711546182632446,-0.8569408655166626,-0.3623765707015991,-1.292055368423462
-0.6708111763000488,1.5634464025497437,-0.04006138816475868,-0.43836289644241333,0.2335045486688614,0.6617580056190491,0.5615959167480469,-3.8421900272369385,-4.503942489624023,-5.977392196655273,0.02227080799639225,0.0005517536774277687,0.7425499558448792,-0.94711834192276
-0.6649670004844666,1.5610222816467285,-0.01598922722041607,0.5465224981307983,-0.24688705801963806,-0.6496710181236267,-0.4672124981880188,-3.543281078338623,-4.7052998542785645,-5.899265289306641,-0.6576846837997437,-0.7809613943099976,-0.09024146944284439,-1.4001667499542236
-0.7455275058746338,1.3941761255264282,-0.03180006891489029,0.900928795337677,-0.32373812794685364,-0.28548696637153625,0.04492359608411789,-4.155693531036377,-4.221898078918457,-4.609433650970459,1.2525699138641357,-1.021367073059082,-0.3611152172088623,-1.33525550365448
-0.6571976542472839,1.4346672296524048,-0.015489225275814533,0.9205686450004578,-0.22775588929653168,-0.3096478283405304,-0.06927362829446793,-3.8643414974212646,-4.508065700531006,-5.087513446807861,0.5750817656517029,-1.4125016927719116,-0.9529744386672974,-1.7724539041519165
-0.6737232804298401,1.447039246559143,-0.001371535356156528,-0.49475449323654175,0.46575337648391724,0.5140853524208069,0.5234577655792236,-3.6071889400482178,-4.204031467437744,-5.197149753570557,-0.785984456539154,-0.41827595233917236,0.25826483964920044,-1.1901111602783203
-0.6987655758857727,1.4307173490524292,0.013305261731147766,0.6162968277931213,0.6102309823036194,0.4853077530860901,0.11078239232301712,-3.710986375808716,-4.030051231384277,-5.450324058532715,-0.3642788529396057,0.14746664464473724,0.6370773911476135,0.02999330870807171
-0.7758620977401733,1.5069327354431152,-0.03963245823979378,0.6366068720817566,0.620262861251831,-0.06618018448352814,0.45345988869667053,-4.187522888183594,-4.459458351135254,-5.984186172485352,-2.2886054515838623,1.6840723752975464,1.6712862253189087,1.7251684665679932
-0.7879009246826172,1.494097352027893,-0.010497366078197956,-0.44694384932518005,-0.046265359967947006,0.8031512498855591,0.391214519739151,-3.6213605403900146,-4.834963798522949,-5.37778377532959,-0.8532003164291382,-1.3606656789779663,-0.9632724523544312,-1.7416476011276245
-0.664325475692749,1.5618579387664795,-0.027387235313653946,-0.4581550359725952,0.2549760639667511,0.617301344871521,0.5865323543548584,-3.9028666019439697,-4.363517761230469,-5.591745376586914,-0.5422122478485107,-1.15216064453125,-0.5903871059417725,-1.597400188446045
-0.5389502048492432,1.2023221254348755,-0.05479992553591728,0.7884286642074585,0.06465646624565125,-0.5686344504356384,-0.22550970315933228,-2.9197254180908203,-4.7030768394470215,-6.08243465423584,-2.3961069583892822,0.8835064768791199,0.5231216549873352,-0.13488098978996277
-0.558586597442627,1.2381558418273926,-0.11838037520647049,0.8083916306495667,-0.12354181706905365,-0.5734017491340637,-0.0495053268969059,-3.9186229705810547,-5.119909763336182,-6.177976608276367,-2.4912209510803223,1.7724539041519165,1.6711907386779785,1.164908766746521
-0.555263102054596,1.238907814025879,-0.12461265921592712,-0.4306705892086029,0.7078104615211487,0.4534662961959839,0.32847458124160767,-4.265106678009033,-5.461573123931885,-5.8261237144470215,-0.6639148592948914,-1.3370919227600098,-1.525046706199646,-1.7285093069076538
-0.5539412498474121,1.2111413478851318,-0.046152617782354355,-0.3535010814666748,0.4463180601596832,0.30033180117607117,0.7652698755264282,-2.8922202587127686,-4.239808559417725,-6.119534492492676,-1.7957613468170166,-0.24525399506092072,-0.42871084809303284,-1.0513973236083984
-0.5171401500701904,1.1407077312469482,0.03959573432803154,0.5612456202507019,-0.4889240860939026,-0.16976802051067352,-0.6458601951599121,-3.083179473876953,-5.041933059692383,-5.9441938400268555,-0.22218859195709229,-0.2175932377576828,-0.3176681697368622,-1.2627475261688232
-0.2940675616264343,1.209694266319275,-0.01887158490717411,0.5063168406486511,0.5051785707473755,0.5773465633392334,0.39383864402770996,-2.5948591232299805,-4.008598327636719,-5.215571880340576,-0.09857205301523209,1.7700912952423096,1.7596590518951416,1.7356014251708984
-0.28738102316856384,1.2030870914459229,-0.041426900774240494,0.66311115026474,0.30460256338119507,0.6035816073417664,0.3212321400642395,-4.037580490112305,-4.6021952629089355,-4.7224650382995605,-0.18322856724262238,0.24661941826343536,-0.11911901086568832,-1.1813883781433105
-0.27568498253822327,1.2382831573486328,-0.031581249088048935,0.22718819975852966,0.6613966822624207,0.6226016283035278,0.35115116834640503,-4.029316425323486,-4.139748573303223,-4.763813018798828,0.6019180417060852,-0.8214040398597717,-1.018163800239563,-1.6373229026794434
-0.30126214027404785,1.237658143043518,-0.026176562532782555,0.664239764213562,0.20498095452785492,0.36146724224090576,0.6213773488998413,-3.60024356842041,-4.2548747062683105,-4.717966079711914,1.5696580410003662,0.9280898571014404,0.5273725390434265,0.2553899586200714
-0.3177819848060608,1.272521734237671,-0.015559790655970573,-0.24372772872447968,0.7427998185157776,0.5609441995620728,-0.2723725140094757,-3.834160566329956,-4.397027969360352,-4.61604118347168,1.760249137878418,1.4472426176071167,1.0670629739761353,1.0210283994674683
-0.29584190249443054,1.2499209642410278,-0.033976778388023376,-0.21429184079170227,0.6178010702133179,0.7365757822990417,-0.17279163002967834,-3.9390532970428467,-4.20044469833374,-5.1615471839904785,0.8227373957633972,0.299874871969223,-0.07336453348398209,-0.5833860039710999
-0.3298633098602295,1.2937633991241455,-0.01412438414990902,0.5647767782211304,0.423671692609787,0.540405809879303,0.4577018916606903,-3.3275086879730225,-4.447046756744385,-4.611687660217285,-0.26223093271255493,1.7584179639816284,1.7358821630477905,1.7038553953170776
-0.3134864866733551,1.2806735038757324,0.0011053790803998709,-0.029222192242741585,0.6019983887672424,0.7103642225265503,-0.36349233984947205,-3.4153687953948975,-4.201836109161377,-4.4711594581604,1.251391887664795,-0.129216730594635,-0.4441342055797577,-0.8170350193977356
-0.3110046684741974,1.3386061191558838,-0.026587901636958122,0.2755414843559265,0.6087021827697754,0.6992372274398804,0.2542162239551544,-3.415996789932251,-3.8886327743530273,-4.364199638366699,2.770210027694702,1.3425368070602417,1.0533674955368042,0.24892687797546387
-0.3324185609817505,1.3757805824279785,-0.03313301131129265,-0.24613691866397858,0.6201003789901733,0.6914938688278198,-0.27699872851371765,-3.4820196628570557,-4.413967132568359,-4.85288143157959,16.11809539794922,1.4450522661209106,1.1448535919189453,1.316027045249939
-0.3101535439491272,1.3223873376846313,-0.029439743608236313,-0.30195388197898865,0.5346528887748718,0.7829564809799194,-0.099745973944664,-3.539705276489258,-3.9709596633911133,-4.674202919006348,1.9092481136322021,0.43157127499580383,0.01562171708792448,-0.6659243106842041
-0.28422558307647705,1.2931063175201416,-0.030976086854934692,0.5316713452339172,0.4714697599411011,0.4100007712841034,0.5717877149581909,-3.7819714546203613,-4.247901916503906,-5.587810516357422,0.27577292919158936,1.7694727182388306,1.7583301067352295,1.734436273574829
-0.32577088475227356,1.3594001531600952,-0.0053544435650110245,0.5406461954116821,0.32226136326789856,0.5219248533248901,0.5757114887237549,-3.4220407009124756,-3.9747486114501953,-4.531181335449219,-0.3763023912906647,-0.6218769550323486,-0.890424907207489,-1.2392512559890747
-0.32396984100341797,1.3725838661193848,-0.02899283729493618,-0.08877823501825333,0.5866843461990356,0.7934773564338684,-0.13532774150371552,-3.681685447692871,-4.174071311950684,-4.459695816040039,16.11809539794922,1.760273814201355,1.681944489479065,1.5801947116851807
-0.2869938015937805,1.2892249822616577,0.0005204296903684735,-0.22524021565914154,0.7019571661949158,0.6310250163078308,-0.24151676893234253,-3.6765174865722656,-4.136882305145264,-4.480665683746338,16.11809539794922,-1.2360292673110962,-1.3893345594406128,-1.6449179649353027
-0.3192178010940552,1.3537225723266602,-0.005225427448749542,0.37889206409454346,0.5076196789741516,0.7631533145904541,0.12790663540363312,-3.0178041458129883,-4.981694221496582,-7.117583274841309,-0.8942124247550964,0.4402690529823303,-0.21928533911705017,-1.203827142715454
-0.29847943782806396,1.3568042516708374,-0.003698990447446704,-0.2659023702144623,0.49074679613113403,0.7959247827529907,-0.2344508320093155,-3.3054258823394775,-4.096843719482422,-4.600090026855469,1.357103705406189,-1.483921766281128,-1.6238495111465454,-1.7102382183074951
-0.2702215015888214,1.2228295803070068,-0.050550851970911026,0.4481116235256195,0.46669313311576843,0.7102801203727722,0.27730071544647217,-4.081891059875488,-4.382379531860352,-5.070867538452148,-0.43499550223350525,-1.5816491842269897,-1.6241849660873413,-1.7459158897399902
-0.2688653767108917,1.2615641355514526,-0.050142187625169754,0.9616444110870361,0.15247264504432678,-0.13380323350429535,-0.1846315711736679,-3.9785027503967285,-4.102557182312012,-5.318540096282959,-1.3187992572784424,-1.3878892660140991,-1.5290755033493042,-1.6951656341552734
-0.27437907457351685,1.3041490316390991,-0.018681444227695465,0.44410377740859985,0.5467164516448975,0.45981869101524353,0.5407769680023193,-3.5548484325408936,-3.9565770626068115,-4.582620143890381,-0.6417090892791748,-0.569614827632904,-0.6731591820716858,-1.2072087526321411
-0.28693878650665283,1.211572527885437,0.014974751509726048,0.20124225318431854,0.6190031170845032,0.7589071989059448,-0.019912878051400185,-3.7081243991851807,-3.958495616912842,-4.851768970489502,1.2242590188980103,-0.8081492185592651,-0.9796134233474731,-1.4507646560668945
-0.31328362226486206,1.408115029335022,-0.016219694167375565,-0.2782212495803833,0.44363459944725037,0.8224090933799744,-0.22231628000736237,-3.472991704940796,-4.144003868103027,-4.339615821838379,1.0099817514419556,0.032199934124946594,-0.3235085904598236,-0.9495822191238403
-0.2825542688369751,1.3954023122787476,-0.037138089537620544,0.7256180644035339,0.21554525196552277,0.36623597145080566,0.5411930084228516,-3.537407875061035,-4.411863803863525,-4.999054908752441,-0.22999988496303558,-1.4512734413146973,-1.4779198169708252,-1.5916141271591187
-0.2940642833709717,1.449326753616333,-0.01624852791428566,-0.23656752705574036,0.5688331127166748,0.7497148513793945,-0.24164505302906036,-3.365107536315918,-4.156680583953857,-4.638697147369385,1.6345099210739136,-1.361989140510559,-1.5344611406326294,-1.6725190877914429
-0.3289663791656494,1.548743486404419,-0.02917458489537239,-0.4588368237018585,-0.03395942598581314,0.8619898557662964,0.21281211078166962,-3.829371929168701,-4.165208339691162,-4.383046627044678,-0.22063633799552917,-0.3037050664424896,-0.6209496855735779,-1.1349745988845825
-0.3360527455806732,1.565985918045044,-0.05156996473670006,0.905098557472229,0.06383585184812546,0.22607207298278809,0.35441917181015015,-3.852445363998413,-4.008691787719727,-4.659274578094482,1.8651127815246582,1.2189573049545288,0.8698086738586426,0.7327860593795776
-0.3365231156349182,1.5547332763671875,-0.05088622868061066,0.33661240339279175,0.7279106974601746,0.5371995568275452,0.26125603914260864,-3.9780702590942383,-4.407282829284668,-4.615207195281982,16.11809539794922,1.7090274095535278,1.6721301078796387,1.6547753810882568
-0.32634490728378296,1.4311776161193848,-0.037419386208057404,-0.1453341394662857,0.6513512134552002,0.653480052947998,-0.35718825459480286,-3.745100975036621,-4.291951656341553,-4.717389106750488,1.2384908199310303,1.6849578619003296,1.6321849822998047,1.4562636613845825
-0.3152315020561218,1.457118034362793,-0.028533536940813065,-0.4224207401275635,0.2796662151813507,0.8484668135643005,-0.15313921868801117,-3.531156063079834,-4.128747463226318,-4.725149154663086,0.750380277633667,-0.26595574617385864,-0.5882285237312317,-0.9431484937667847
-0.3320874273777008,1.4529069662094116,-0.011679201386868954,0.8063427209854126,-0.11941259354352951,-0.5069310665130615,0.2803085446357727,-3.731580972671509,-4.285661220550537,-4.572145938873291,-1.3051813840866089,1.0104222297668457,0.772488534450531,0.6340163350105286
-0.3316549062728882,1.5015032291412354,-0.014884069561958313,0.17074552178382874,0.7700508832931519,0.6147045493125916,-0.0024292287416756153,-3.826324939727783,-4.0388264656066895,-4.596580982208252,-0.3000616729259491,-0.16083839535713196,-0.573369026184082,-1.0307248830795288
-0.3447691798210144,1.4669694900512695,-0.03638032451272011,0.5732839107513428,0.24689708650112152,0.48456740379333496,0.6128472685813904,-3.699131965637207,-4.288947582244873,-5.306860446929932,16.11809539794922,1.4300259351730347,1.1570661067962646,1.193902850151062
-0.3435593843460083,1.5140893459320068,-0.046573273837566376,0.5406994819641113,0.22018888592720032,0.46857795119285583,0.6630200743675232,-3.4286482334136963,-4.063354969024658,-4.680379390716553,-2.320817232131958,0.3468758761882782,-0.015255668200552464,-1.0766334533691406
-0.3211737871170044,1.4844636917114258,-0.0480957105755806,-0.08112065494060516,0.6884634494781494,0.6571937799453735,-0.29586124420166016,-3.5974233150482178,-4.0085768699646,-4.973752498626709,16.11809539794922,0.9255397319793701,0.4504157602787018,-0.11826421320438385
-0.3277141749858856,1.4993895292282104,-0.04255766421556473,0.7777935862541199,0.23124639689922333,0.39875125885009766,0.4272700250148773,-3.823462724685669,-4.302628517150879,-4.742740631103516,1.6813786029815674,1.5246325731277466,1.2665464878082275,1.2605899572372437
-0.2980329990386963,1.5068362951278687,-0.024087976664304733,0.47339099645614624,0.3793546259403229,0.15984943509101868,0.7787420749664307,-3.661595106124878,-4.155838966369629,-4.756661891937256,1.8801823854446411,-1.513258457183838,-1.6119582653045654,-1.722550392150879
-0.3575645089149475,1.530395746231079,-0.033905476331710815,0.47372716665267944,0.42576685547828674,0.5555416345596313,0.5344891548156738,-3.4235920906066895,-4.430103302001953,-5.302603721618652,-0.7794433832168579,1.7333056926727295,1.682995319366455,1.643816590309143
-0.3460817337036133,1.5312846899032593,-0.030139395967125893,0.1826411932706833,0.8253659605979919,0.5234653949737549,0.1067577376961708,-3.9182753562927246,-4.66064977645874,-4.725301265716553,1.1448068618774414,0.6803737878799438,0.4003361165523529,0.1097969263792038
-0.30298903584480286,1.516008973121643,-0.0675896555185318,0.09838398545980453,0.4678073227405548,0.8774827122688293,0.038742560893297195,-3.9479074478149414,-4.42468786239624,-6.71148157119751,-3.0104596614837646,1.75883948802948,0.8727923631668091,-0.5931527614593506
-0.31213805079460144,1.5686441659927368,-0.030542096123099327,0.9357497692108154,0.12424933910369873,0.2053815722465515,-0.25836580991744995,-3.4553236961364746,-3.9071831703186035,-4.2440009117126465,0.07546152919530869,-1.4907172918319702,-1.6943994760513306,-1.724135398864746
-0.30138176679611206,1.5500081777572632,-0.05271337553858757,0.3928656578063965,0.37855562567710876,0.7604306936264038,0.3522745370864868,-4.027708053588867,-4.204814434051514,-4.9874114990234375,-0.021658457815647125,0.4711953103542328,0.021633410826325417,-0.36987629532814026
-0.32138219475746155,1.5451630353927612,-0.016029762104153633,0.9765748977661133,-0.19427204132080078,-0.016042592003941536,0.09111811220645905,-3.942347764968872,-3.9803824424743652,-4.81187105178833,1.7450989484786987,-1.020967960357666,-1.157008171081543,-1.4570425748825073
-0.2767486274242401,1.4676837921142578,-0.02172038145363331,0.8110812902450562,0.17778736352920532,-0.5150837302207947,-0.21266786754131317,-3.6866812705993652,-4.699336528778076,-5.755119800567627,-2.1936936378479004,0.17160402238368988,0.4206639528274536,-1.7724539041519165
0.2908143103122711,0.9281628727912903,-0.5644473433494568,0.7772678732872009,0.5635245442390442,-0.25577491521835327,-0.11346323788166046,-2.9088385105133057,-4.408978462219238,-4.988037109375,-0.6720725297927856,-0.5044891238212585,0.4261096119880676,-1.7292619943618774
0.2513963580131531,0.949394941329956,-0.5677651762962341,0.7044468522071838,0.6734429597854614,-0.22078603506088257,0.038505375385284424,-3.245220422744751,-3.633594512939453,-4.937063217163086,-0.7988030910491943,-0.6082921624183655,0.30873021483421326,-1.5183312892913818
0.33203157782554626,0.9038828015327454,-0.513827383518219,0.8229567408561707,0.3831472098827362,-0.4138835668563843,-0.06812325865030289,-2.8532235622406006,-3.9589438438415527,-5.177193641662598,-0.7578962445259094,1.4950697422027588,1.7070306539535522,0.29372137784957886
0.23821935057640076,0.9670091867446899,-0.5459932684898376,-0.2657119631767273,0.7168197631835938,0.3425253629684448,0.546116292476654,-2.9726221561431885,-3.7915613651275635,-5.34814977645874,-2.3007869720458984,1.686583161354065,1.7566839456558228,0.7561987638473511
0.21683204174041748,0.9707823395729065,-0.5757277607917786,-0.48446905612945557,0.7745652794837952,0.029347354546189308,0.40555769205093384,-3.5412650108337402,-4.704370498657227,-5.465331077575684,0.8157644271850586,0.9345256686210632,1.3723978996276855,-0.3775677978992462
0.3060324192047119,0.9229004383087158,-0.5450916886329651,0.7456353902816772,0.5688402056694031,-0.34613507986068726,-0.025282150134444237,-3.142394781112671,-4.3197479248046875,-5.046003341674805,1.8367128372192383,0.5617783069610596,1.194639801979065,-1.2801893949508667
0.24347296357154846,0.9649202227592468,-0.5533832311630249,0.5578563809394836,0.7527050971984863,-0.34488967061042786,0.05729267746210098,-2.9681363105773926,-5.322164535522461,-5.734885215759277,1.140810489654541,0.29995521903038025,0.9551702737808228,-0.9946715235710144
0.0960247665643692,0.792407751083374,-0.42460665106773376,0.9284034371376038,0.2656341791152954,-0.19221624732017517,-0.17480988800525665,-3.409156322479248,-4.265884876251221,-5.544805526733398,-1.6920310258865356,1.705962896347046,1.680684208869934,1.459368109703064
0.2508975863456726,0.9785199165344238,-0.4836900532245636,0.6923313736915588,0.49393022060394287,-0.5260125994682312,0.004577739164233208,-3.621814250946045,-5.033406734466553,-5.667272567749023,-0.4392293691635132,0.8330237865447998,1.5571361780166626,-1.569139003753662
0.287731796503067,0.9637724757194519,-0.4325454533100128,0.8724331259727478,-0.18369771540164948,-0.43009254336357117,0.14190137386322021,-3.742579698562622,-4.568735599517822,-4.9529032707214355,-0.4232315719127655,0.2384900152683258,1.2023558616638184,-1.6536095142364502
0.2875713109970093,0.9501741528511047,-0.4269767999649048,0.8634957075119019,-0.22974571585655212,-0.3281455338001251,-0.30645158886909485,-3.9195034503936768,-4.653356552124023,-5.114612102508545,-0.4725378155708313,1.7012618780136108,1.7592170238494873,1.2196437120437622
0.2503460943698883,0.9818771481513977,-0.4880768656730652,-0.4935967028141022,0.6927472949028015,0.053465671837329865,0.5230725407600403,-3.5356619358062744,-5.202630519866943,-5.4429168701171875,0.9451363682746887,-0.2344968318939209,0.7920822501182556,-1.6381572484970093
0.36159148812294006,0.9947412014007568,-0.29908108711242676,0.018160361796617508,0.7585833668708801,0.45050063729286194,0.47039419412612915,-2.566563606262207,-3.1777265071868896,-4.00109338760376,-1.7076911926269531,0.5094202160835266,1.1433348655700684,-1.0305275917053223
0.45306268334388733,0.8177685737609863,-0.5069321393966675,0.46451789140701294,0.8189677000045776,0.0939255878329277,-0.3235630691051483,-2.894789457321167,-3.2759599685668945,-4.316897392272949,-0.7531970143318176,0.1964898705482483,0.9319911003112793,-1.3673052787780762
0.37326350808143616,0.8637368679046631,-0.49292242527008057,0.6525656580924988,0.6097050309181213,-0.44805648922920227,-0.040782198309898376,-3.1751275062561035,-4.106930732727051,-5.2093939781188965,0.17919395864009857,0.9304502010345459,1.4001152515411377,-0.584183931350708
0.3895358145236969,0.8557555675506592,-0.48686695098876953,0.6633786559104919,0.6076824069023132,-0.4346221685409546,-0.04188573732972145,-2.905780076980591,-4.203580379486084,-4.864737033843994,0.00041975348722189665,-0.6264325976371765,0.29006722569465637,-1.599865436553955
0.5840324759483337,0.8414888381958008,-0.4632273316383362,0.4169648289680481,0.45282086730003357,0.5693841576576233,0.5448809266090393,-3.2201485633850098,-4.097522258758545,-4.673025608062744,0.3949831426143646,-0.9315898418426514,-0.14448152482509613,-1.7676156759262085
0.5946923494338989,0.7820884585380554,-0.4894922375679016,0.9257714748382568,-0.04290628433227539,0.3234938085079193,0.19093984365463257,-3.5538060665130615,-4.610568046569824,-5.111572742462158,-1.1259628534317017,1.3735843896865845,1.4993438720703125,0.132051482796669
0.5668063163757324,0.8664380311965942,-0.43427786231040955,0.46977055072784424,0.507322371006012,0.5395610928535461,0.4804304838180542,-2.9395289421081543,-3.6797142028808594,-4.37387752532959,1.33491051197052,0.39055392146110535,1.151917576789856,-1.741188645362854
0.5713529586791992,0.8328114748001099,-0.46552038192749023,0.7756043672561646,0.21940340101718903,-0.5808940529823303,-0.11341144144535065,-4.056018829345703,-4.533833026885986,-4.949814319610596,-0.4086264371871948,1.4566938877105713,1.3610728979110718,1.5609409809112549
0.5803574323654175,0.8172730803489685,-0.4620102047920227,0.03352094069123268,0.7177267074584961,0.6388472318649292,-0.27498897910118103,-3.105062484741211,-4.515676975250244,-4.999224662780762,-0.02102520875632763,1.7038524150848389,1.7524797916412354,0.8410866856575012
0.6396955847740173,0.848031222820282,-0.4199647903442383,0.9070946574211121,-0.23329176008701324,-0.19753530621528625,0.28936833143234253,-3.0847127437591553,-3.706310749053955,-4.459216117858887,-0.9287328720092773,-1.6821151971817017,-1.058225154876709,-1.7724539041519165
0.566920816898346,0.8479710221290588,-0.4535892903804779,0.5454888939857483,0.4928490221500397,-0.6771378517150879,-0.0320315845310688,-3.386695623397827,-4.245803356170654,-4.655209541320801,-0.6050596833229065,1.7501378059387207,1.7279635667800903,1.5095751285552979
0.551727294921875,0.9172630906105042,-0.4559996426105499,0.6496090292930603,0.16149751842021942,-0.698718249797821,-0.2524271309375763,-3.2118020057678223,-3.648474931716919,-4.7980523109436035,-0.4005819857120514,1.7312307357788086,1.697806477546692,1.5910696983337402
0.5490946173667908,0.9358171224594116,-0.4517435133457184,0.5233389735221863,0.439143568277359,0.5881068706512451,0.4328966736793518,-2.948208808898926,-3.827836275100708,-4.792627811431885,0.469275563955307,1.4374185800552368,1.6334799528121948,0.4075336456298828
0.5475425124168396,0.9907325506210327,-0.49681219458580017,0.19422908127307892,0.6407976150512695,0.4989009201526642,0.550228476524353,-3.3431203365325928,-3.6033360958099365,-5.101943016052246,-0.9101419448852539,1.01553213596344,1.4890170097351074,-1.5206685066223145
0.6502007842063904,1.0434614419937134,-0.4823805093765259,0.029824519529938698,0.8203712701797485,0.5159043073654175,-0.24483519792556763,-2.833766222000122,-3.3810529708862305,-3.778515577316284,-1.0617892742156982,1.6455761194229126,1.7492899894714355,-1.7724539041519165
0.56987464427948,1.0257158279418945,-0.42939725518226624,0.5306593179702759,0.4339865446090698,0.40524962544441223,0.6048380732536316,-2.7024354934692383,-3.1030004024505615,-4.300447940826416,-0.8282052278518677,-0.18807703256607056,0.6877071857452393,-1.7724539041519165
0.6589627265930176,0.933077871799469,-0.44749975204467773,0.1825610250234604,0.5535762310028076,0.8102699518203735,-0.06072384864091873,-2.9187610149383545,-3.5369977951049805,-4.592063903808594,-0.2175319790840149,-1.1650333404541016,-0.3684476613998413,-1.7724539041519165
0.2786709666252136,0.9875380992889404,-0.4393055737018585,0.8690348267555237,0.08882710337638855,-0.4560195505619049,0.17010103166103363,-3.5919735431671143,-3.9916274547576904,-4.995327472686768,0.6300471425056458,-0.9929680228233337,0.22947771847248077,-1.6125953197479248
0.2504918575286865,0.9732035398483276,-0.449938029050827,-0.026957150548696518,0.12096156924962997,-0.2135835736989975,0.969032347202301,-15.674412727355957,-5.734308242797852,-3.799314498901367,0.22843924164772034,-0.21547481417655945,0.8413193225860596,-1.7724539041519165
0.31494706869125366,0.9496610760688782,-0.4193357229232788,0.9252268075942993,0.21625496447086334,-0.29159560799598694,-0.1102774366736412,-3.5608739852905273,-4.6168951988220215,-4.833443641662598,16.11809539794922,-1.474276065826416,-0.5486515164375305,-1.6999008655548096
0.21671031415462494,1.0382014513015747,-0.4482485055923462,0.8770889043807983,-0.33375516533851624,0.08706218749284744,-0.33427947759628296,-3.1577508449554443,-5.074638366699219,-5.278481483459473,-1.3793401718139648,1.0123844146728516,1.7142256498336792,-0.9003684520721436
0.14060059189796448,1.126059889793396,-0.4335295855998993,0.4799173176288605,0.651108980178833,0.17838609218597412,0.5602810382843018,-3.900129556655884,-4.23512601852417,-4.267163276672363,-0.7271147966384888,1.748436450958252,1.7653249502182007,1.586808681488037
0.14043450355529785,1.1318917274475098,-0.37829986214637756,0.7069570422172546,-0.26470309495925903,-0.6517259478569031,-0.07346656173467636,-2.8443305492401123,-4.02420711517334,-4.815585613250732,-0.7214903235435486,1.1661049127578735,1.677248239517212,0.6498189568519592
0.15498296916484833,1.1242694854736328,-0.42902374267578125,0.9895480275154114,-0.004421378951519728,0.02413928136229515,-0.14210018515586853,-3.5935192108154297,-4.124805927276611,-4.500969409942627,-0.6085094213485718,-0.38213175535202026,0.6808136105537415,-1.3915215730667114
0.23319987952709198,1.0421900749206543,-0.4332813322544098,0.05863277241587639,0.38698720932006836,0.9202181100845337,0.0012986427173018456,-2.8344223499298096,-4.645398139953613,-4.832756519317627,-0.27742111682891846,-1.3958156108856201,-0.4609335958957672,-1.7457187175750732
0.5140464305877686,1.0427148342132568,-0.5448066592216492,0.4658004641532898,0.1760183870792389,0.5286924839019775,0.6874094605445862,-3.5717029571533203,-4.026822566986084,-4.884289741516113,-0.3382742702960968,-0.8764325380325317,-0.07751557976007462,-1.7546664476394653
0.5220462679862976,1.012129783630371,-0.5073013305664062,0.5289667248725891,0.236044779419899,0.6217851638793945,0.5271245837211609,-3.157412052154541,-4.103102207183838,-5.520120620727539,5.498862266540527,1.4421324729919434,1.6295546293258667,0.4720080494880676
0.5048195719718933,1.060065746307373,-0.5591151714324951,0.4688471853733063,0.1975191980600357,0.6310553550720215,0.5856087803840637,-2.9183716773986816,-4.189197063446045,-5.147648811340332,-0.027458220720291138,-0.23523853719234467,0.6350609064102173,-1.6962065696716309
0.4889770746231079,1.085092544555664,-0.5613237619400024,0.41339585185050964,0.2707357406616211,0.7031975388526917,0.5111939311027527,-3.039900064468384,-4.275788307189941,-5.443510055541992,3.2256548404693604,0.7179270386695862,1.3923689126968384,-1.5939812660217285
0.46374326944351196,1.122314453125,-0.5715309977531433,0.41730502247810364,0.28275811672210693,0.6599256992340088,0.5571377277374268,-2.8325343132019043,-4.3412957191467285,-5.033870220184326,0.6507974863052368,1.1588667631149292,1.501415491104126,-0.823037326335907
0.46154242753982544,1.124786376953125,-0.5914017558097839,0.23242062330245972,0.47678107023239136,0.7973442673683167,0.28792810440063477,-3.5920512676239014,-4.988414764404297,-5.837718963623047,-0.013231557793915272,-1.180389165878296,-0.33958715200424194,-1.7724539041519165
0.4539518356323242,1.1457206010818481,-0.589117169380188,0.320308655500412,0.4273654520511627,0.7623052597045898,0.36558419466018677,-3.723060131072998,-4.499552249908447,-5.099136829376221,16.11809539794922,-0.1801777333021164,0.7232887744903564,-1.7724539041519165
0.47070571780204773,1.1383651494979858,-0.5621514320373535,0.2856947183609009,0.6120162606239319,0.702628493309021,0.22389240562915802,-3.188720464706421,-3.5132486820220947,-4.417619705200195,-0.11285430192947388,1.2844116687774658,1.446582317352295,1.1648800373077393
0.5357281565666199,1.1284539699554443,-0.5273860096931458,0.5398969054222107,0.24350447952747345,0.5767422318458557,0.5626590847969055,-2.995405435562134,-4.589659214019775,-5.152093410491943,-0.5285277366638184,-1.2050671577453613,-0.3005704879760742,-1.7679816484451294
0.5358667373657227,1.132399320602417,-0.5174875855445862,0.3681982159614563,0.4755156636238098,0.7649408578872681,0.23060885071754456,-3.2679474353790283,-4.502379894256592,-4.842134952545166,16.11809539794922,0.535171389579773,1.2854664325714111,-1.566353678703308
0.5869438648223877,1.1505937576293945,-0.5248872637748718,0.9420655369758606,-0.07282666862010956,-0.05014313757419586,-0.3235653042793274,-3.124234199523926,-3.5918447971343994,-4.692037105560303,-0.1488579511642456,-0.6196645498275757,0.32521334290504456,-1.7665507793426514
0.6061489582061768,1.2162222862243652,-0.552486777305603,-0.024357009679079056,0.7213267683982849,0.6701066493988037,-0.17335361242294312,-2.873675584793091,-4.32805871963501,-4.59547233581543,-0.6660051941871643,-1.5131269693374634,-0.6601966023445129,-1.7724539041519165
0.5773206949234009,1.0915964841842651,-0.4777296185493469,0.13374552130699158,0.7193291783332825,0.6810611486434937,0.02886936627328396,-2.9794747829437256,-3.788008213043213,-4.216616630554199,1.0556834936141968,-0.7316597700119019,0.14200586080551147,-1.7713236808776855
0.5095045566558838,1.2180778980255127,-0.532845675945282,0.5238850116729736,0.34715160727500916,0.652796745300293,0.4229499399662018,-3.262784242630005,-4.302531719207764,-5.192457675933838,16.11809539794922,0.990166962146759,1.4869478940963745,-0.8358978629112244
0.11667879670858383,0.7760403156280518,-0.4114548861980438,0.7826277613639832,0.5139188766479492,-0.27131369709968567,-0.2230920046567917,-3.4649407863616943,-4.320862770080566,-4.72609806060791,2.333885908126831,-0.19524581730365753,0.5696660876274109,-1.3194366693496704
0.2968367040157318,0.950092613697052,-0.4269051253795624,0.605034351348877,0.7405695915222168,-0.014544656500220299,-0.2920248806476593,-4.2557220458984375,-4.452574253082275,-5.946940898895264,-1.8066191673278809,1.6191954612731934,1.7364028692245483,-1.577330231666565
0.15984149277210236,0.7900846004486084,-0.2688586413860321,0.5556084513664246,-0.30305641889572144,-0.32075387239456177,-0.7046793699264526,-3.1830432415008545,-3.477363348007202,-4.227570533752441,-0.11851157248020172,-0.24232156574726105,0.9780641794204712,-1.653684139251709
0.4121920168399811,0.8637979030609131,-0.38135623931884766,0.33030059933662415,0.20637251436710358,0.6188603043556213,0.6821464896202087,-2.6617214679718018,-4.213386535644531,-4.274637699127197,-0.08626705408096313,-1.593907356262207,-0.2607673108577728,-1.751354455947876
0.5845828652381897,0.8412919044494629,-0.39745810627937317,-0.12096156924962997,0.08916595578193665,0.35459020733833313,0.9228670001029968,-3.19771671295166,-2.7375898361206055,-10.027362823486328,0.1808837354183197,-0.8410467505455017,0.7020307183265686,-1.7724539041519165
0.3015648424625397,0.9917358160018921,-0.40331903100013733,0.3817935585975647,0.16398002207279205,0.4670725166797638,0.7805046439170837,-3.4070675373077393,-4.493706703186035,-4.655934810638428,1.055675745010376,-1.6125819683074951,-0.4694220721721649,-1.7334394454956055
0.38137882947921753,0.8959786295890808,-0.3515784442424774,0.9300023317337036,0.12276045978069305,-0.1799752414226532,-0.29603123664855957,-3.3033287525177,-3.5601885318756104,-4.181128025054932,0.18492291867733002,-1.6727179288864136,-0.5856382846832275,-1.7608044147491455
0.6358000636100769,0.9310729503631592,-0.4353471100330353,0.1666785180568695,0.8268226981163025,0.5276041030883789,-0.10107611119747162,-2.7609105110168457,-3.1867873668670654,-4.176013469696045,0.13903893530368805,-0.4388901889324188,0.47868984937667847,-1.7724539041519165
0.39660507440567017,0.9660717248916626,-0.2708400785923004,0.8234131336212158,0.3223591148853302,-0.46590593457221985,-0.03173481673002243,-2.724947452545166,-3.342653512954712,-4.005622863769531,0.6273329257965088,-0.755612313747406,0.27092793583869934,-1.7031476497650146
0.39694157242774963,0.9470617175102234,-0.27508899569511414,0.46084925532341003,0.09703676402568817,0.7254741191864014,0.5018855929374695,-2.7451491355895996,-3.048719644546509,-4.118899345397949,-1.076310157775879,-1.4963228702545166,-0.4461199641227722,-1.7598310708999634
0.3420908749103546,1.0201880931854248,-0.3639112710952759,0.35957422852516174,0.47937464714050293,0.5929786562919617,0.5378499627113342,-3.0094854831695557,-3.190807342529297,-3.94895339012146,-2.235382318496704,1.3071969747543335,1.5569535493850708,1.0438857078552246
0.15176105499267578,1.1349902153015137,-0.34543660283088684,0.5323625802993774,-0.5057840943336487,-0.6362162232398987,-0.23664620518684387,-2.8445003032684326,-3.8417298793792725,-4.8282294273376465,0.7825998663902283,-0.5910170078277588,0.6668486595153809,-1.501486897468567
0.14437004923820496,1.114499568939209,-0.39169013500213623,0.6076074242591858,0.6636097431182861,0.4234672486782074,0.1054079532623291,-3.807128429412842,-3.8666298389434814,-4.813560962677002,16.11809539794922,0.5847252607345581,1.398897647857666,-0.9155972599983215
0.14407072961330414,1.0689703226089478,-0.33507707715034485,0.5483514666557312,0.36454278230667114,0.7356923222541809,0.15866948664188385,-3.3345694541931152,-4.325089454650879,-4.891814708709717,0.762049674987793,1.6577643156051636,1.7724539041519165,0.7016733884811401
0.15910157561302185,1.1317673921585083,-0.41324856877326965,0.15966928005218506,0.4485946297645569,-0.3310891091823578,0.814646303653717,-4.138604640960693,-5.016912460327148,-11.84103775024414,-0.9718605875968933,-1.4805203676223755,-0.2759876549243927,-1.7724539041519165
0.14390793442726135,1.0857988595962524,-0.32483547925949097,0.7563912272453308,-0.09290669113397598,-0.5899742841720581,-0.26677897572517395,-3.4641530513763428,-4.235726356506348,-5.028380870819092,16.11809539794922,1.7647216320037842,1.768173098564148,1.5664769411087036
0.14274124801158905,1.0531611442565918,-0.3230450451374054,0.7912960052490234,-0.18885187804698944,-0.5385082960128784,0.219532310962677,-3.3575031757354736,-3.9237382411956787,-4.504762172698975,0.7681963443756104,0.0930505320429802,0.9145870804786682,-1.2735283374786377
0.15254034101963043,1.0445460081100464,-0.3229962885379791,0.5520958304405212,0.81680828332901,0.05360467731952667,0.15855899453163147,-3.623194694519043,-3.960578680038452,-4.116274356842041,0.15255425870418549,-1.2909384965896606,-0.5229185223579407,-1.5415250062942505
0.18511556088924408,0.9935353994369507,-0.23170264065265656,-0.37435993552207947,0.5724331736564636,0.35170939564704895,0.6391208171844482,-2.8833999633789062,-3.7290728092193604,-4.488799095153809,-0.6159143447875977,-1.103163242340088,-0.04400257766246796,-1.659347414970398
0.23400041460990906,1.1123350858688354,-0.31279122829437256,0.06439311057329178,0.4603955149650574,0.6687785387039185,0.5801936984062195,-2.925295829772949,-3.7145419120788574,-4.82744836807251,-0.5517241358757019,-1.2447006702423096,-0.3387373089790344,-1.7259242534637451
0.2848668098449707,1.099033236503601,-0.3033090829849243,0.2115362584590912,0.6606441736221313,0.6092686057090759,0.38417893648147583,-2.9989888668060303,-3.270758867263794,-4.171216011047363,-1.349394679069519,-0.5299531817436218,0.4508810341358185,-1.5323034524917603
0.23056089878082275,1.120050072669983,-0.3183765113353729,0.9236245155334473,0.33805394172668457,-0.13548217713832855,-0.11950653791427612,-2.8838045597076416,-3.8126296997070312,-4.970638275146484,-2.069786310195923,1.7724539041519165,1.7724539041519165,1.5349183082580566
0.1608700305223465,1.1532673835754395,-0.2741251289844513,0.7211596965789795,0.06104230508208275,-0.6482096314430237,-0.23669983446598053,-3.601853609085083,-4.338284015655518,-4.771389961242676,16.11809539794922,1.652882695198059,1.7438664436340332,1.64633047580719
0.1513913869857788,1.1197642087936401,-0.26081305742263794,0.5419484972953796,0.46480458974838257,0.5065807700157166,0.4833471477031708,-3.099302053451538,-3.5826659202575684,-4.9966583251953125,-0.43191924691200256,1.0221261978149414,1.6002482175827026,0.012123873457312584
0.19103102385997772,1.1280773878097534,-0.3271772563457489,0.15956996381282806,0.7745101451873779,0.5850871205329895,0.17984570562839508,-2.8390891551971436,-3.4092013835906982,-3.8285129070281982,-1.8691545724868774,1.0233328342437744,1.5953004360198975,-1.4019767045974731
0.6160188913345337,0.9997456669807434,-0.4341146647930145,-0.3968713879585266,-0.29513630270957947,0.8689327836036682,0.018534347414970398,-2.9559743404388428,-3.264988660812378,-4.1082611083984375,-0.5816439390182495,-1.0769672393798828,-0.1970241218805313,-1.7724539041519165
0.5528416037559509,1.1755062341690063,-0.40897250175476074,-0.003915367182344198,0.7289292216300964,0.6845569610595703,-0.005354900378733873,-2.7437236309051514,-3.923926591873169,-4.864142894744873,0.15400491654872894,-1.1603059768676758,-0.10921814292669296,-1.7648231983184814
0.5573776960372925,1.1652648448944092,-0.4102992117404938,-0.014094716869294643,0.6969243288040161,0.7163700461387634,-0.030194973573088646,-2.694812536239624,-4.363478183746338,-5.586755275726318,1.1257208585739136,0.7012492418289185,1.4301413297653198,-1.749822735786438
0.5620082020759583,1.0331724882125854,-0.2713809609413147,0.46275854110717773,0.5056995153427124,0.6543645262718201,0.31926411390304565,-2.4309699535369873,-3.655412197113037,-5.047403812408447,-0.24755576252937317,0.11552136391401291,1.067143440246582,-1.5662941932678223
0.5607912540435791,1.1093071699142456,-0.29387274384498596,0.7634031772613525,0.07469573616981506,-0.5514962673187256,-0.32785362005233765,-3.0830836296081543,-3.6163156032562256,-5.056193828582764,-1.9521301984786987,1.6943964958190918,1.7375167608261108,1.413802146911621
1.1224274635314941,0.8018391132354736,-0.5508819818496704,0.8463742733001709,0.4618895649909973,-0.20153363049030304,0.1723160594701767,-2.810891628265381,-5.429939270019531,-5.774831771850586,0.003530580783262849,-1.7724539041519165,-0.29097551107406616,-1.7724539041519165
0.7285175919532776,1.158194661140442,-0.5612654089927673,-0.051018472760915756,0.8487737774848938,0.42973026633262634,-0.3038291037082672,-2.860379219055176,-3.79416823387146,-4.010809898376465,-0.30715686082839966,-1.5323705673217773,-0.8382763266563416,-1.7608590126037598
0.7333444952964783,1.1864360570907593,-0.5539569854736328,0.15323910117149353,0.7690836191177368,0.5963025689125061,-0.1716141700744629,-3.025646448135376,-3.1364431381225586,-3.9889609813690186,-0.42238694429397583,0.7348286509513855,1.0679004192352295,0.722374677658081
0.7007014751434326,1.0996640920639038,-0.5284107327461243,0.6387646198272705,0.5172421932220459,0.47581955790519714,0.31310710310935974,-2.901122570037842,-4.3411784172058105,-4.7408976554870605,-0.9812073111534119,0.3827722370624542,1.1994682550430298,-1.7724539041519165
0.7641134262084961,1.2201836109161377,-0.5769542455673218,0.5435019731521606,0.6385499835014343,0.5107235312461853,0.18979214131832123,-3.172255039215088,-4.709798812866211,-5.539270401000977,1.022145390510559,-0.7977743148803711,0.1197158694267273,-1.6168304681777954
0.83169025182724,1.1533079147338867,-0.5094132423400879,0.5488168001174927,0.7216891646385193,0.2980731427669525,0.2985251247882843,-3.115927219390869,-3.8390004634857178,-5.112301349639893,0.13714106380939484,-1.255439281463623,-0.442898690700531,-1.7519645690917969
0.8987168073654175,1.0924739837646484,-0.5050538182258606,-0.4780036211013794,0.33413687348365784,0.7954802513122559,-0.1645485907793045,-2.752110719680786,-3.1840453147888184,-4.390738487243652,-1.8625401258468628,-1.6647640466690063,-0.999818742275238,-1.7721401453018188
0.7729923129081726,1.0614866018295288,-0.4680595397949219,0.5976471304893494,0.6252047419548035,0.46140018105506897,0.19760280847549438,-2.8585262298583984,-3.9833691120147705,-5.060540199279785,1.8488383293151855,-1.0543121099472046,-0.28550267219543457,-1.7471826076507568
0.8653531074523926,1.053989052772522,-0.41247063875198364,0.5919898152351379,-0.2628580629825592,-0.7613348364830017,-0.028686679899692535,-3.5653645992279053,-4.04492712020874,-5.650284767150879,-1.411978840827942,-0.4108958840370178,0.8106287121772766,-1.5081809759140015
0.7615614533424377,1.0144269466400146,-0.4377656579017639,0.6521906852722168,0.3725121021270752,0.5836614370346069,0.3085797131061554,-2.5895323753356934,-4.067143440246582,-4.44766902923584,-1.8387563228607178,1.6539894342422485,1.7330354452133179,1.6252233982086182
0.6175419688224792,1.2468643188476562,-0.568071186542511,0.21214020252227783,0.6708037257194519,0.697335422039032,-0.13690230250358582,-3.066763162612915,-3.8544561862945557,-4.553075313568115,-0.14008282124996185,-0.8539097905158997,0.16240938007831573,-1.727999210357666
0.832815945148468,1.143491506576538,-0.4830053150653839,0.04196067899465561,0.8699321746826172,0.4029330909252167,-0.2812511920928955,-3.0218050479888916,-3.688425302505493,-4.324067115783691,-1.0817046165466309,-1.593729019165039,-0.8884559869766235,-1.7724539041519165
0.812706708908081,1.1201204061508179,-0.471868634223938,0.5635911822319031,0.6573604345321655,0.49686765670776367,0.058006417006254196,-3.1673660278320312,-3.751239538192749,-4.846531867980957,-0.7529518604278564,1.3019444942474365,1.6176115274429321,1.267210841178894
0.8125553131103516,1.1165671348571777,-0.47726312279701233,0.50172358751297,0.7256079912185669,0.4569683074951172,0.11378262937068939,-3.2100791931152344,-4.457910060882568,-4.745543956756592,0.21177148818969727,0.04722292348742485,0.8364403247833252,-1.2029958963394165
0.8525716662406921,1.1760468482971191,-0.47611233592033386,0.7876747846603394,0.3677281439304352,0.44560131430625916,0.21397170424461365,-3.134721040725708,-4.070138454437256,-5.003534317016602,-1.5600106716156006,0.3920961916446686,0.9441834688186646,0.4758594334125519
0.9361957311630249,1.03909170627594,-0.34279415011405945,-0.35919061303138733,0.7713116407394409,0.3199217617511749,0.41678598523139954,-2.73149037361145,-3.352261781692505,-3.6677212715148926,-0.6682226061820984,-1.581664800643921,-1.0304850339889526,-1.75888192653656
0.9036294221878052,1.0999946594238281,-0.42160144448280334,0.8917661905288696,0.27153027057647705,0.0662943497300148,0.3558502495288849,-3.3127944469451904,-3.9011027812957764,-4.140191078186035,4.028420925140381,-1.5661327838897705,-0.9032872915267944,-1.7518359422683716
1.0423074960708618,1.2037978172302246,-0.5027063488960266,0.6697789430618286,0.6870453357696533,-0.25866085290908813,-0.11162211000919342,-3.1525866985321045,-4.048918724060059,-4.801758289337158,0.018981222063302994,-1.7238858938217163,-1.268270492553711,-1.7705520391464233
1.1288151741027832,1.1909916400909424,-0.4784364700317383,0.11442805826663971,0.44174620509147644,0.7885211110115051,-0.4123117923736572,-2.7441136837005615,-3.6087591648101807,-4.484687805175781,1.2343289852142334,-1.6698198318481445,-1.1994613409042358,-1.772046446800232
0.7787960767745972,0.8917163014411926,-0.3400280177593231,-0.20507818460464478,0.7814193367958069,0.583233118057251,-0.08465134352445602,-2.8680787086486816,-3.1747405529022217,-3.8752729892730713,-1.3696011304855347,-1.6466050148010254,-1.0427316427230835,-1.7724539041519165
1.1550936698913574,1.045148253440857,-0.38391539454460144,0.2529415786266327,0.47752925753593445,0.8004372119903564,0.2593967318534851,-2.2144887447357178,-3.0158448219299316,-3.8554470539093018,-1.091819405555725,-1.6069849729537964,-0.9062181711196899,-1.7724539041519165
0.8000155091285706,1.0714528560638428,-0.4204137623310089,0.38542425632476807,0.7117447257041931,0.5844504237174988,0.057317767292261124,-3.1673853397369385,-3.9467129707336426,-4.253566265106201,-2.244260787963867,0.6614049673080444,1.2958625555038452,0.8955356478691101
0.8027551770210266,1.0312902927398682,-0.39203840494155884,0.9594100713729858,-0.13992691040039062,0.06837647408246994,0.2351115494966507,-2.991006851196289,-3.5187275409698486,-4.128440856933594,-0.7556302547454834,-1.6593316793441772,-0.920577883720398,-1.735459566116333
0.8125451803207397,1.1134039163589478,-0.42645081877708435,0.29301124811172485,0.8151127696037292,0.49973469972610474,0.0008957862155511975,-3.1657512187957764,-3.849093437194824,-4.895987033843994,-2.01863956451416,-0.9713488817214966,-0.3411557674407959,-0.7853549718856812
0.7837234139442444,1.0236506462097168,-0.20744450390338898,0.8802673816680908,-0.09130194038152695,-0.31173834204673767,-0.3458503186702728,-2.7857000827789307,-3.3696610927581787,-3.6940717697143555,-1.6640421152114868,-1.5757873058319092,-1.100667953491211,-1.7525006532669067
0.687533974647522,1.1428624391555786,-0.3151164948940277,0.21496598422527313,-0.02004506066441536,-0.08916595578193665,0.9723359942436218,-10.369770050048828,-2.2507519721984863,-4.189979076385498,-2.1335086822509766,-1.4527171850204468,-0.21547481417655945,-1.7724539041519165
1.1545406579971313,1.1463472843170166,-0.41203930974006653,0.8909599781036377,-0.12200586497783661,-0.33681032061576843,-0.27904069423675537,-2.510444164276123,-2.7436821460723877,-3.671386241912842,-1.8104289770126343,-1.2916224002838135,-0.28645381331443787,-1.7724539041519165
0.9621244668960571,1.176302433013916,-0.44228994846343994,-0.36308032274246216,0.1434456706047058,0.5466001033782959,0.7408267855644226,-3.2939579486846924,-3.5824732780456543,-4.690680027008057,-1.5246837139129639,-1.3642425537109375,-0.4991599917411804,-0.4598098695278168
1.1546086072921753,1.2245986461639404,-0.4758198857307434,0.6271998286247253,-0.2700658142566681,-0.2838689684867859,-0.6731294393539429,-2.3522608280181885,-3.187033176422119,-4.708969593048096,-2.6357762813568115,-0.18397818505764008,1.1240564584732056,-1.7375454902648926
0.6147746443748474,1.2426663637161255,-0.579786479473114,0.22074256837368011,0.820944607257843,0.5148977041244507,-0.11046730726957321,-3.1382548809051514,-3.5783684253692627,-4.404850959777832,-1.86713707447052,0.40547671914100647,1.1668599843978882,-1.2147619724273682
0.49779778718948364,1.2542083263397217,-0.5586573481559753,0.3394310176372528,0.5972195267677307,0.6165648698806763,0.3846597671508789,-3.9587881565093994,-4.572816371917725,-4.997540473937988,2.639738082885742,-0.03981700912117958,0.7227762341499329,-1.4512794017791748
0.4982747435569763,1.2480498552322388,-0.5657300353050232,0.41192296147346497,0.35664552450180054,0.7675901055335999,0.3375335931777954,-3.9276561737060547,-4.450289249420166,-4.884194374084473,-0.5115064382553101,-1.1506211757659912,-0.26755309104919434,-1.7141822576522827
0.5269596576690674,1.2993829250335693,-0.5827206373214722,0.7443515658378601,0.6089420914649963,0.2696540951728821,-0.04916227236390114,-3.860154628753662,-4.478988170623779,-5.423187732696533,1.7622727155685425,0.9602468013763428,1.3058249950408936,0.4681738317012787
0.5328468680381775,1.3088428974151611,-0.5379530787467957,0.9048139452934265,-0.13405202329158783,-0.33521315455436707,0.22577406466007233,-2.9450631141662598,-3.8907856941223145,-4.509162425994873,-2.178302049636841,1.4586137533187866,1.6419168710708618,1.561255693435669
0.5744725465774536,1.2399173974990845,-0.49314790964126587,-0.09686709940433502,0.6573989391326904,0.720291018486023,-0.19905847311019897,-3.0217859745025635,-4.686258792877197,-5.353979587554932,1.9689127206802368,-0.3165130615234375,0.6071383357048035,-1.7724539041519165
0.5291572213172913,1.4359232187271118,-0.4007566571235657,0.5686220526695251,0.07233603298664093,-0.8178213834762573,0.05103551596403122,-3.045405864715576,-3.6427953243255615,-4.173153877258301,-3.0903377532958984,1.5657460689544678,1.6173175573349,1.6139687299728394
0.152827188372612,1.1731085777282715,-0.29496920108795166,-0.4011313021183014,0.10592754930257797,0.7888778448104858,0.45337042212486267,-2.7595324516296387,-4.560247898101807,-6.818930149078369,-1.3941960334777832,-1.480798363685608,-0.6393496990203857,-1.6680529117584229
0.5343856811523438,1.3118246793746948,-0.39548027515411377,-0.17791295051574707,0.6222963929176331,0.7566330432891846,-0.09273938834667206,-2.7518084049224854,-4.18588399887085,-5.39462423324585,0.8522185683250427,-0.18245862424373627,0.8029548525810242,-1.7724539041519165
0.5341380834579468,1.3314958810806274,-0.3935180902481079,-0.2009434700012207,0.6671422123908997,0.7131831645965576,-0.07689433544874191,-2.783024549484253,-4.192699432373047,-4.721826076507568,0.08637187629938126,-1.3641241788864136,-0.4672562777996063,-1.7573341131210327
0.5271728038787842,1.221176028251648,-0.3868641257286072,0.26167982816696167,0.5290985107421875,0.7670235633850098,0.2515020966529846,-3.306993246078491,-4.433220863342285,-6.376735687255859,-2.923787832260132,0.970926821231842,0.9338858127593994,1.7724539041519165
0.5166966319084167,1.3488723039627075,-0.38506433367729187,-0.2721179127693176,0.6490744352340698,0.6909784078598022,-0.16493342816829681,-2.7364118099212646,-5.380817413330078,-5.776724338531494,1.1999582052230835,-0.43726691603660583,0.5327370166778564,-1.760528802871704
0.539734423160553,1.3807568550109863,-0.399547278881073,0.5202401876449585,0.36617469787597656,0.18298357725143433,0.7495220303535461,-3.3928775787353516,-4.4129533767700195,-5.217352390289307,1.66946280002594,-0.8599952459335327,0.18282338976860046,-1.7469323873519897
0.538650631904602,1.3832249641418457,-0.38540560007095337,-0.08174727857112885,0.8300238251686096,0.5431938171386719,0.09653152525424957,-3.0221822261810303,-3.6810429096221924,-4.421967029571533,-2.584120512008667,0.8447522521018982,1.3609477281570435,0.5188678503036499
0.5317944288253784,1.4150508642196655,-0.38952210545539856,-0.2196093201637268,0.7056716084480286,0.6728196740150452,-0.03336233273148537,-3.316523313522339,-4.204724311828613,-4.617199897766113,-0.7898207902908325,-0.17037853598594666,0.5902765393257141,-0.7117053866386414
0.6721943616867065,1.307484745979309,-0.25570595264434814,0.4893984794616699,0.24643561244010925,0.6403822302818298,0.5382092595100403,-2.811265468597412,-3.5542984008789062,-4.053420066833496,-1.9414955377578735,-1.6015887260437012,-0.7636900544166565,-1.7180914878845215
0.5556787252426147,1.444294810295105,-0.3443712294101715,0.7331210970878601,-0.422751784324646,-0.27665698528289795,-0.4552750289440155,-3.8795387744903564,-4.340832233428955,-6.085631370544434,0.03489416837692261,-0.1158197671175003,0.7845681309700012,-1.4094862937927246
0.5822346210479736,1.397688865661621,-0.2675374150276184,0.7507588863372803,-0.4170641005039215,-0.2391110360622406,-0.4530392289161682,-2.4703993797302246,-4.835429668426514,-5.827188014984131,-1.0135389566421509,0.42218902707099915,1.0290477275848389,-0.4891747832298279
0.581536591053009,1.402713656425476,-0.2784423530101776,0.767521858215332,-0.4086604714393616,-0.24024491012096405,-0.43149644136428833,-2.8278791904449463,-4.584443092346191,-6.179566860198975,1.18461012840271,-0.6588488221168518,0.15184815227985382,-1.406396508216858
0.6016362905502319,1.392698884010315,-0.2612355053424835,0.7284432649612427,-0.3798017203807831,-0.28304827213287354,-0.49497950077056885,-2.5483407974243164,-4.959518909454346,-5.683496475219727,-0.2808067202568054,-1.1626321077346802,-0.37812381982803345,-1.5722029209136963
0.6018151044845581,1.3996349573135376,-0.24167832732200623,0.32977065443992615,0.46667006611824036,0.7512494325637817,0.3302948474884033,-2.2914819717407227,-2.9446372985839844,-4.489530563354492,-3.913801670074463,1.1644123792648315,1.4834352731704712,0.6192232966423035
0.6850709319114685,1.5392698049545288,-0.20348338782787323,0.24736304581165314,0.7294589877128601,0.5457743406295776,0.3298961818218231,-2.0168821811676025,-2.8245058059692383,-3.6085479259490967,-3.338258981704712,1.4892277717590332,1.6944230794906616,-1.3462971448898315
0.6029694676399231,1.5449327230453491,-0.35050538182258606,-0.36173078417778015,0.6726153492927551,0.6271607279777527,-0.15299934148788452,-3.2971248626708984,-6.031743049621582,-6.663242340087891,-0.6405583620071411,1.1410189867019653,1.156128168106079,1.1046342849731445
0.6457422375679016,1.280664324760437,-0.5829859972000122,0.8886228203773499,-0.31481537222862244,0.22527898848056793,-0.24594734609127045,-4.032931804656982,-4.588418006896973,-5.2567644119262695,-0.18872396647930145,-1.568877935409546,-0.5769842267036438,-1.7724539041519165
0.8161078691482544,1.2351891994476318,-0.5653896331787109,0.9248419404029846,-0.3184819519519806,-0.19090276956558228,-0.0824183002114296,-2.705214738845825,-3.435588836669922,-4.622811794281006,-1.9769893884658813,1.2098709344863892,1.6089850664138794,1.2477567195892334
0.9386171698570251,1.2437390089035034,-0.5570005178451538,0.5170489549636841,0.8399823307991028,-0.15082691609859467,0.0658889189362526,-3.2410850524902344,-4.1157307624816895,-4.473188877105713,0.06394872814416885,-1.69460928440094,-1.0916815996170044,-1.7531521320343018
0.8798922300338745,1.20967435836792,-0.5237049460411072,0.5761701464653015,0.6466310024261475,0.4928809106349945,0.0834549143910408,-3.5996313095092773,-3.7473690509796143,-4.995494365692139,-0.43615272641181946,-0.0893963873386383,0.7764288187026978,-1.3905022144317627
0.8925048112869263,1.2303696870803833,-0.5155962109565735,0.7170454859733582,0.6641659736633301,0.18188251554965973,-0.10792643576860428,-3.7579593658447266,-4.211071968078613,-4.417557239532471,-0.23343314230442047,-1.391355037689209,-0.53025221824646,-1.7195022106170654
0.9610608816146851,1.3017480373382568,-0.56940096616745,0.8564006686210632,-0.3729202151298523,0.013363686390221119,0.3568330705165863,-2.8900675773620605,-4.365557670593262,-4.884683609008789,0.1565520018339157,-0.9164911508560181,-0.2505858838558197,-1.4451600313186646
0.969167947769165,1.29328191280365,-0.5594192147254944,0.38847750425338745,0.7914651036262512,0.4717269837856293,0.011912120506167412,-2.995392084121704,-4.247295379638672,-4.792169094085693,-1.6862733364105225,0.524585485458374,0.9571973085403442,0.3105878531932831
0.9699565768241882,1.3087358474731445,-0.5670231580734253,0.5658084750175476,0.6724570989608765,0.47709473967552185,-0.0065474617294967175,-3.053798198699951,-4.291128158569336,-4.832902908325195,1.3739017248153687,-1.5889503955841064,-0.9284040927886963,-1.7338134050369263
0.9891888499259949,1.3185724020004272,-0.5810037851333618,0.9428010582923889,-0.20312906801700592,-0.12634319067001343,-0.23216843605041504,-3.5735721588134766,-4.096375942230225,-4.813152313232422,-2.4695658683776855,1.7724539041519165,1.7724539041519165,1.7572277784347534
1.0650885105133057,1.2372320890426636,-0.5148072242736816,0.5164403915405273,0.7891237735748291,-0.3172996938228607,-0.09946797043085098,-3.4140350818634033,-4.063131332397461,-5.037322044372559,-1.6964510679244995,-0.8083802461624146,-0.15149272978305817,-0.10452421009540558
1.1890631914138794,1.3050026893615723,-0.597042441368103,0.04722557216882706,0.45246708393096924,0.8647651672363281,0.21266046166419983,-4.714686870574951,-5.150334358215332,-6.636825084686279,3.12713360786438,-1.7724539041519165,-0.9188402891159058,-1.7724539041519165
1.1665503978729248,1.2914085388183594,-0.5371759533882141,-0.05045825615525246,-0.10575497150421143,-0.31588250398635864,0.9415349960327148,-5.496864318847656,-11.183065414428711,-3.931028127670288,0.03922071307897568,-1.6056346893310547,-0.7715387940406799,-1.7724539041519165
0.07504591345787048,0.8421695828437805,-0.26707684993743896,0.8087120652198792,0.5789626836776733,-0.05425337329506874,-0.08856415748596191,-3.2367324829101562,-4.7553839683532715,-4.978330612182617,-0.6315425038337708,0.3917466700077057,1.0313920974731445,0.8819064497947693
0.08646673709154129,0.7934910655021667,-0.22373461723327637,0.9977258443832397,-0.058695461601018906,-0.0009190965793095529,-0.03312285616993904,-3.6791534423828125,-4.136742115020752,-4.536938667297363,-0.6790640950202942,-1.2938662767410278,-0.824774444103241,-1.7455155849456787
0.18509264290332794,0.9340716600418091,-0.17660851776599884,0.2643994092941284,0.42915645241737366,0.4671541750431061,0.7264190912246704,-3.200314521789551,-3.6243748664855957,-4.249508380889893,-0.43927112221717834,1.5333861112594604,1.6182085275650024,1.4373890161514282
0.20556993782520294,0.900816798210144,-0.19013306498527527,0.11874666064977646,0.48518267273902893,0.454916387796402,0.7372571229934692,-3.354011058807373,-3.5083632469177246,-4.324913501739502,-1.1937363147735596,1.6768988370895386,1.7687225341796875,-1.652299165725708
0.2084585428237915,0.9048836827278137,-0.14996634423732758,-0.1504589468240738,0.5726974606513977,0.46449601650238037,0.6585006713867188,-2.770244836807251,-3.2753427028656006,-4.358223915100098,-0.5637772679328918,-0.8214012980461121,0.17490056157112122,-1.7381134033203125
0.2454693615436554,0.8855183720588684,-0.1143256425857544,-0.05579680949449539,0.4829711616039276,0.6143069267272949,0.6214922070503235,-2.756007432937622,-3.8545281887054443,-4.833422660827637,-0.015510949306190014,-1.7322454452514648,-1.0786365270614624,-1.7669004201889038
0.16746391355991364,0.9416198134422302,-0.14157794415950775,0.5751715898513794,0.006714582908898592,-0.6656297445297241,0.4754677414894104,-2.8088650703430176,-4.350234031677246,-4.611151218414307,1.6015918254852295,0.5145480036735535,1.3532861471176147,-1.7435412406921387
0.17046667635440826,0.9932263493537903,-0.19886964559555054,0.606126070022583,0.27277567982673645,0.6026390790939331,0.441622793674469,-2.9020540714263916,-3.8061654567718506,-4.359320163726807,-0.03608535975217819,0.4442710876464844,1.3140013217926025,-1.6195054054260254
0.15523894131183624,1.0486997365951538,-0.18170686066150665,0.6423090696334839,0.4207226634025574,-0.6271610856056213,-0.1307685524225235,-2.7559921741485596,-3.2172505855560303,-4.473576068878174,-1.0902079343795776,1.2579333782196045,1.6961160898208618,0.48481130599975586
0.5559811592102051,0.9751114249229431,-0.16729964315891266,0.5219371318817139,0.39335817098617554,0.5525697469711304,0.5172210931777954,-2.933323621749878,-3.1425747871398926,-4.231997489929199,-1.5753222703933716,1.1611467599868774,1.5684651136398315,-1.24589204788208
0.5000486373901367,0.9356834292411804,-0.12388867884874344,0.6054677963256836,-0.06411010026931763,-0.79176926612854,0.04899023845791817,-2.7395784854888916,-3.2101552486419678,-4.01168966293335,-2.573314905166626,-1.678086280822754,-1.0468621253967285,-1.7724539041519165
0.462005078792572,0.7987993955612183,-0.12078247964382172,-0.21796388924121857,0.8619148135185242,0.43799248337745667,0.13325588405132294,-2.6270647048950195,-3.312408208847046,-3.8360724449157715,3.274808406829834,-1.6711475849151611,-1.1063780784606934,-1.7724539041519165
0.4904691278934479,0.866049587726593,-0.11045939475297928,0.845224142074585,0.031642887741327286,-0.40073785185813904,-0.3521421253681183,-2.651803970336914,-2.8501758575439453,-3.3424181938171387,-0.3728127181529999,0.4870680272579193,1.3927592039108276,-1.5046687126159668
0.5551862120628357,0.9649613499641418,-0.09917888045310974,0.6219475865364075,0.06034664809703827,-0.7800756692886353,0.03196043521165848,-3.0086588859558105,-3.8973119258880615,-4.575420379638672,-0.4343061149120331,1.654637336730957,1.7225160598754883,1.1875665187835693
0.15555091202259064,1.0774697065353394,-0.20653875172138214,0.562093198299408,0.38903170824050903,0.6208226084709167,0.38377711176872253,-3.160886526107788,-3.4760632514953613,-4.844066143035889,-0.32612892985343933,1.6620177030563354,1.7098357677459717,1.6178627014160156
0.15221397578716278,1.0507590770721436,-0.29195019602775574,0.8327842950820923,-0.13644084334373474,-0.44558969140052795,-0.2988378405570984,-4.59504508972168,-4.974181175231934,-5.563782215118408,-1.035556674003601,-0.06617164611816406,0.6295686364173889,1.0101510286331177
0.200443297624588,1.0919198989868164,-0.1781570315361023,0.5394676923751831,0.7109665274620056,-0.44967395067214966,-0.03597946837544441,-3.0780200958251953,-3.2979986667633057,-5.250847339630127,-1.4511096477508545,-0.8535658121109009,0.08058317005634308,-1.5088931322097778
0.24657867848873138,1.0338529348373413,-0.19300687313079834,0.583007276058197,0.810539722442627,0.030157163739204407,0.047099798917770386,-2.9563536643981934,-3.7179818153381348,-3.9851467609405518,-1.837390422821045,1.6734486818313599,1.7578566074371338,-0.5257554650306702
0.16201865673065186,1.0916686058044434,-0.135538250207901,0.46901193261146545,0.8572132587432861,-0.13048407435417175,-0.16789016127586365,-3.0954747200012207,-4.3460893630981445,-5.461244106292725,-1.564271092414856,0.20398828387260437,1.0046404600143433,-0.8069939017295837
0.11440151184797287,1.1106562614440918,-0.12350169569253922,0.46138995885849,0.8564735651016235,0.023695839568972588,-0.23024076223373413,-3.625485897064209,-5.224685192108154,-6.029099464416504,-0.791452169418335,1.7509560585021973,1.7682723999023438,1.4410343170166016
0.6004831194877625,1.235236644744873,-0.2691253125667572,0.16637679934501648,0.7452991008758545,0.6307933330535889,0.13765089213848114,-2.6247899532318115,-4.435541152954102,-5.331463813781738,-0.5549899339675903,-0.46370846033096313,0.41958433389663696,-1.6785038709640503
0.11132902652025223,0.9566820859909058,-0.025063227862119675,-0.15599694848060608,0.46541061997413635,0.6243723034858704,0.6076323986053467,-3.210129499435425,-4.0142669677734375,-4.518795967102051,-0.8795591592788696,1.6327269077301025,1.7646223306655884,1.482017159461975
0.16790057718753815,0.9533863067626953,-0.06901901215314865,0.842297375202179,0.4836404025554657,-0.21185286343097687,-0.10837647318840027,-3.3064675331115723,-4.390254974365234,-4.9902424812316895,-0.8555341958999634,-1.6239672899246216,-0.995060920715332,-1.7724539041519165
0.1377192884683609,0.955720841884613,-0.09091299027204514,-0.29915785789489746,0.36021631956100464,0.8536162972450256,-0.22822797298431396,-3.2606918811798096,-3.3989691734313965,-4.514443397521973,-2.179335117340088,0.9643189311027527,1.5906254053115845,0.21604344248771667
0.15326501429080963,0.9799760580062866,-0.03786350041627884,0.5343912839889526,0.744686484336853,-0.13460011780261993,-0.3764980733394623,-3.4366438388824463,-3.898498058319092,-4.534823894500732,-0.7419635653495789,1.5287244319915771,1.7326525449752808,-1.5096828937530518
0.16702225804328918,0.9898072481155396,-0.060294002294540405,0.759407103061676,0.0357617549598217,-0.6428180932998657,0.09384508430957794,-3.0427701473236084,-3.6235263347625732,-3.796290159225464,-0.018404705449938774,1.6880336999893188,1.7196102142333984,1.6068955659866333
0.1541772484779358,0.9776556491851807,-0.049315258860588074,0.7251922488212585,-0.058178894221782684,-0.5544030070304871,-0.40416422486305237,-3.34285306930542,-4.416311740875244,-4.508534908294678,1.5111448764801025,-1.2470165491104126,-0.10813441127538681,-1.6187469959259033
0.2707303464412689,0.9401612281799316,-0.037132807075977325,0.43155619502067566,0.806063175201416,-0.11659812927246094,-0.38784825801849365,-2.8580660820007324,-3.536693572998047,-4.277889728546143,-0.919310450553894,-1.3785927295684814,-0.5899757742881775,-1.7724539041519165
0.26769402623176575,0.9255584478378296,-0.03549855947494507,0.5157265067100525,-0.014359728433191776,-0.7344096302986145,0.44097900390625,-2.673753499984741,-3.362621307373047,-4.631591320037842,-0.9460439085960388,0.7433960437774658,1.6240187883377075,-1.7724539041519165
0.35004109144210815,0.9318536520004272,-0.058798398822546005,0.25750160217285156,0.7766963243484497,0.5745893716812134,0.016816237941384315,-2.560751438140869,-3.273977279663086,-3.545320510864258,-1.6983623504638672,-0.7085902690887451,0.3518618643283844,-1.7724539041519165
0.06287208944559097,0.9682595133781433,-0.007484201341867447,0.563983678817749,-0.6194412112236023,-0.5239689946174622,-0.15385565161705017,-3.4745264053344727,-4.353744029998779,-5.231654644012451,-0.236089289188385,-0.43707191944122314,0.5765813589096069,-1.1380118131637573
0.06747996807098389,0.954444169998169,0.018871871754527092,0.8298122882843018,-0.2512320876121521,-0.4813089370727539,0.12897947430610657,-2.9652280807495117,-3.614553928375244,-4.737845420837402,-2.5799570083618164,1.5344327688217163,1.665776252746582,1.257903814315796
0.03316263481974602,0.9151625037193298,0.025054248049855232,0.535500168800354,0.7900592684745789,-0.22475957870483398,-0.19628813862800598,-3.072930097579956,-4.273507118225098,-5.461479187011719,3.132765531539917,0.28927096724510193,0.9492825865745544,-1.4729470014572144
0.0990043506026268,0.8953567743301392,0.04881104826927185,0.39015600085258484,0.37503185868263245,0.8170455098152161,0.19891220331192017,-2.937516927719116,-4.03754997253418,-4.950779914855957,3.077366828918457,-1.602664589881897,-0.9026777148246765,-1.7544927597045898
0.16166621446609497,0.9321329593658447,0.02339719980955124,-0.40713128447532654,0.3903844952583313,0.35783272981643677,0.7441772818565369,-3.2777202129364014,-3.5929737091064453,-4.007396221160889,-0.6369625329971313,-0.4673998951911926,0.43745383620262146,-1.0874334573745728
0.14034873247146606,0.9386090040206909,-0.008642259053885937,0.4836265444755554,0.8473691940307617,-0.190627783536911,0.10831385850906372,-3.2472710609436035,-4.178947448730469,-4.424665927886963,-0.1279364973306656,-1.541095495223999,-0.7186390161514282,-1.6532644033432007
0.11696991324424744,0.9760834574699402,-0.0003167707473039627,0.46500837802886963,0.4211256504058838,0.3098647892475128,0.714425802230835,-3.4092891216278076,-3.7732086181640625,-4.699674129486084,-0.2399131804704666,0.4072493612766266,1.1611950397491455,-1.6012202501296997
0.14604254066944122,0.9649973511695862,-0.021877648308873177,0.9201735258102417,-0.2568756937980652,0.2905239164829254,-0.05377151817083359,-3.725034236907959,-4.358207702636719,-4.614330768585205,1.490606427192688,-1.6444889307022095,-1.2644795179367065,-1.6836944818496704
0.3716742992401123,0.9576086401939392,0.04488949477672577,-0.019885379821062088,0.6024237871170044,0.6085951924324036,0.5160446166992188,-2.5829057693481445,-3.1735916137695312,-4.344813823699951,-1.4648361206054688,0.6011595129966736,1.3317480087280273,-1.7724539041519165
0.15113219618797302,0.9955666065216064,-0.0575251504778862,0.7293339967727661,0.574435293674469,-0.37053412199020386,0.028293125331401825,-3.3762450218200684,-3.9928572177886963,-4.522495269775391,-0.355642706155777,0.5724601745605469,1.387627124786377,-1.333513855934143
0.5874001979827881,0.8307374119758606,-0.12189675867557526,-0.05551595613360405,0.7071732878684998,0.6734504103660583,0.20805880427360535,-2.905472993850708,-3.9103925228118896,-4.756246566772461,0.2262570559978485,-1.7506930828094482,-1.2057313919067383,-1.7724539041519165
0.5410630702972412,0.9370324611663818,-0.06623121351003647,-0.04081977158784866,0.5891979336738586,0.7981568574905396,0.11884940415620804,-3.1059722900390625,-3.6541428565979004,-4.3461594581604,0.4565555453300476,-1.7215454578399658,-0.5468999743461609,-1.770814061164856
0.5960953831672668,0.8845641016960144,-0.09042645245790482,0.10552482306957245,0.49265551567077637,0.785510241985321,0.3593447804450989,-2.7721993923187256,-3.7726027965545654,-4.386613368988037,-0.9853346347808838,-1.7485159635543823,-0.9931103587150574,-1.7724539041519165
0.39156779646873474,0.9216081500053406,0.004725135397166014,0.03362260013818741,0.5941283702850342,0.5724114179611206,0.5641154050827026,-2.8832554817199707,-3.553558588027954,-4.49891996383667,-0.2436886727809906,-1.5883705615997314,-0.8181865215301514,-1.7724539041519165
0.5335131287574768,0.9233523011207581,-0.02875545807182789,0.6197174191474915,0.4357260465621948,0.20580913126468658,0.6194640398025513,-3.116138219833374,-4.052144527435303,-4.649320125579834,-0.35790470242500305,-1.7456516027450562,-1.4061660766601562,-1.7723815441131592
0.4212256669998169,0.9067208766937256,0.013663829304277897,0.23628339171409607,0.3949539065361023,0.6822078824043274,0.5681320428848267,-3.053945779800415,-3.598174810409546,-4.9619622230529785,-0.10140299052000046,-1.7507766485214233,-1.44580078125,-1.7724539041519165
0.5952327847480774,0.8201342225074768,0.043473754078149796,0.9835713505744934,0.17530089616775513,-0.028900112956762314,-0.031965870410203934,-2.637706756591797,-3.3713860511779785,-3.5992934703826904,-1.7580056190490723,-1.7304348945617676,-1.068772792816162,-1.7724539041519165
0.40047889947891235,0.9665207266807556,-0.055864010006189346,0.5960250496864319,0.27217796444892883,0.5127682685852051,0.5547450184822083,-3.3053529262542725,-3.5627686977386475,-4.058374404907227,0.12627935409545898,-1.10146164894104,-0.21527808904647827,-1.7724539041519165
0.574420154094696,0.782453715801239,0.04583066701889038,0.9152648448944092,0.0006345731671899557,-0.10358118265867233,0.3893081545829773,-2.5543019771575928,-2.6568045616149902,-4.154438495635986,-1.0155285596847534,-1.256618618965149,-0.2890990078449249,-1.7724539041519165
0.5165806412696838,0.9792588949203491,-0.02173152007162571,0.12710274755954742,0.6713675856590271,0.5389446020126343,0.49259433150291443,-3.461214303970337,-4.2302470207214355,-5.469799518585205,0.7282372713088989,-1.7073569297790527,-1.4517407417297363,-1.7664785385131836
0.5346887111663818,0.9889382719993591,0.003730909898877144,-0.0358920656144619,0.5839853882789612,0.7101600766181946,0.39159345626831055,-3.282524347305298,-4.206927299499512,-5.368914604187012,2.496644973754883,-1.5598487854003906,-0.3287770748138428,-1.7163070440292358
0.14645269513130188,1.0158754587173462,-0.0633220374584198,0.6326623558998108,-0.17312182486057281,-0.46013393998146057,-0.5983677506446838,-3.3959410190582275,-4.090857982635498,-4.305412292480469,-1.104469895362854,-0.7961674332618713,0.13883113861083984,-1.6196507215499878
0.11692602187395096,1.0145922899246216,-0.01574476808309555,0.6393907070159912,-0.21062521636486053,-0.7355744242668152,-0.0758073627948761,-3.37300968170166,-4.134945869445801,-4.570109844207764,-1.489844799041748,1.3507670164108276,1.7438468933105469,0.4603114426136017
0.16068711876869202,0.9801506400108337,-0.037380315363407135,-0.026957150548696518,0.4154165983200073,0.5564232468605042,0.7190935611724854,-6.28192138671875,-6.065938472747803,-4.024585723876953,-2.219203472137451,-0.9244563579559326,-0.813243567943573,0.02085237205028534
0.2697785496711731,1.1211671829223633,0.012348239310085773,0.07789231836795807,0.4370044469833374,0.6249265074729919,0.6422045826911926,-2.69653058052063,-4.855961322784424,-5.229620456695557,2.3542628288269043,1.2257601022720337,1.4785703420639038,-0.36075010895729065
0.6086212992668152,0.9375256896018982,-0.11837330460548401,0.21995548903942108,0.5077745318412781,0.7762781381607056,0.3019550144672394,-3.4022843837738037,-4.185318470001221,-5.195104598999023,-1.3699430227279663,-1.7724539041519165,-1.4754455089569092,-1.7724539041519165
0.4548400044441223,1.0350919961929321,-0.09264872223138809,0.2797173261642456,0.5617897510528564,0.5275748372077942,0.5725515484809875,-2.7364253997802734,-4.266716480255127,-5.05797004699707,-0.7617969512939453,0.9952313899993896,1.5432336330413818,-1.7659833431243896
0.5875399708747864,1.029011845588684,-0.058580607175827026,-0.08326815813779831,0.616297721862793,0.7356129884719849,0.2685461938381195,-2.9540679454803467,-3.988649606704712,-4.712899208068848,-1.6076890230178833,1.744259238243103,1.748800277709961,1.5309791564941406
0.5757080912590027,1.021047830581665,-0.044549454003572464,0.5361430048942566,-0.13921594619750977,-0.7642716765403748,0.3302399516105652,-3.1979546546936035,-3.7781078815460205,-4.096059799194336,-0.6494057774543762,-1.4306665658950806,-0.3663739562034607,-1.7136406898498535
0.4692324995994568,1.0060038566589355,0.04830624908208847,0.021349342539906502,0.6955322027206421,0.5020148158073425,0.5135759711265564,-3.043445110321045,-3.72174334526062,-5.440087795257568,-0.4497929513454437,-1.4495724439620972,-0.21780690550804138,-1.7724539041519165
0.5724820494651794,1.0020091533660889,-0.020966067910194397,0.5602400898933411,0.7549598217010498,-0.2942696511745453,-0.1719653457403183,-3.449836254119873,-3.881213903427124,-4.104942321777344,-0.29533058404922485,-0.29001384973526,0.44116127490997314,-0.7583083510398865
0.5891173481941223,1.0623849630355835,-0.03742112219333649,-0.0797094777226448,0.779018759727478,0.5473281741142273,0.29530999064445496,-3.28303861618042,-3.70985746383667,-4.437682151794434,0.04967586696147919,0.3766863942146301,1.1715501546859741,-1.4416176080703735
0.5349808931350708,1.0294442176818848,-0.02760075032711029,-0.24331983923912048,0.8294975161552429,0.4769100546836853,-0.15901611745357513,-3.7163689136505127,-4.3702778816223145,-4.443638801574707,0.21104992926120758,1.452867865562439,1.5011298656463623,1.5388630628585815
0.607804536819458,1.008692741394043,0.024899723008275032,0.4536708891391754,0.31457772850990295,0.8036953210830688,0.22203026711940765,-2.688596248626709,-3.4639506340026855,-4.1503214836120605,-0.13588526844978333,-1.755577802658081,-1.3417155742645264,-1.764094591140747
0.5878047943115234,1.0390015840530396,0.0028152144514024258,0.5176699161529541,0.43575969338417053,0.4702760577201843,0.566543698310852,-2.896226406097412,-3.8810434341430664,-4.16253137588501,-1.730859398841858,0.46798112988471985,0.9506185054779053,0.5902234315872192
0.4802969992160797,1.0482982397079468,0.06046104431152344,-0.40361762046813965,0.3400806486606598,0.7777413725852966,0.3414035141468048,-3.103924512863159,-3.9321579933166504,-4.169797420501709,-1.2769279479980469,-0.9681085348129272,0.2470521628856659,-1.6409744024276733
0.5803496241569519,1.132181167602539,0.010134860873222351,-0.15924687683582306,0.7405484914779663,0.5968115925788879,0.2646588087081909,-2.918684244155884,-4.259338855743408,-4.86531925201416,0.8294056057929993,-0.7788699269294739,0.36863502860069275,-1.7158173322677612
0.5023729801177979,1.0895739793777466,0.1085939109325409,-0.459844172000885,0.19270199537277222,0.8382186889648438,0.22090426087379456,-2.842768907546997,-3.6109778881073,-4.623012065887451,-1.5349912643432617,0.9621556997299194,1.591222882270813,-1.3694915771484375
0.5686789751052856,1.1607921123504639,0.027222808450460434,0.513318657875061,0.5531830191612244,0.21366126835346222,0.6203557848930359,-2.84106707572937,-4.029238224029541,-4.678295135498047,-2.2161331176757812,1.5230631828308105,1.7108792066574097,0.9493780732154846
0.7604460120201111,0.8275089859962463,-0.17315569519996643,0.791154146194458,0.2884606719017029,0.35942739248275757,0.4020914137363434,-2.8106889724731445,-3.0582399368286133,-3.301353693008423,-1.6509548425674438,0.7048577070236206,1.4566683769226074,-1.3328711986541748
0.7844897508621216,0.9215338826179504,-0.2148085981607437,0.1011234000325203,0.5062406063079834,0.7679926156997681,0.37905386090278625,-3.0188372135162354,-3.1348791122436523,-3.4495155811309814,-1.1710484027862549,-0.791572093963623,0.23391367495059967,-1.6547701358795166
0.8194798827171326,0.9751740097999573,-0.2006726861000061,0.9740589261054993,0.007748053874820471,-0.22486184537410736,-0.024213962256908417,-3.1629247665405273,-3.541560411453247,-4.734704494476318,-1.0155490636825562,0.9706190824508667,1.2678557634353638,0.7588198781013489
0.6173391938209534,0.8017574548721313,-0.1132507175207138,0.654999315738678,-0.18134938180446625,-0.7146430015563965,0.1654498279094696,-3.4904239177703857,-4.097528457641602,-5.614779949188232,0.10940666496753693,-1.7724539041519165,-1.6848118305206299,-1.7724539041519165
0.6484938263893127,0.8344995379447937,-0.10059486329555511,0.1223427951335907,0.7951226234436035,0.4451751708984375,0.39323195815086365,-2.8694188594818115,-3.325704574584961,-3.972879648208618,-0.9411294460296631,-0.23455603420734406,0.6080024838447571,-1.7724539041519165
0.7701287269592285,0.8779335618019104,-0.15711508691310883,0.5859763026237488,0.6304712295532227,0.12362171709537506,0.4938172698020935,-2.930243492126465,-3.8423991203308105,-5.253206729888916,-1.4632036685943604,1.3666203022003174,1.6090214252471924,1.7272980213165283
0.8881650567054749,0.9914115071296692,-0.158750981092453,0.048973023891448975,0.6589114665985107,0.7499961853027344,-0.030708495527505875,-3.2070775032043457,-3.4583921432495117,-3.845611572265625,-0.2628578543663025,-1.432809829711914,-0.8834964632987976,-1.7575929164886475
1.0568137168884277,1.0124990940093994,-0.17868827283382416,0.910540759563446,0.0014712135307490826,-0.2062186449766159,-0.35831162333488464,-2.3611292839050293,-2.5639431476593018,-3.264070749282837,-2.4821314811706543,-1.0372663736343384,-0.09500892460346222,-1.7248291969299316
0.8584973812103271,1.0056098699569702,-0.24505586922168732,-0.16766168177127838,0.8127667903900146,0.5181328654289246,0.20697347819805145,-2.933375120162964,-3.368910312652588,-4.357692241668701,-2.7007627487182617,1.4417704343795776,1.7351090908050537,1.6098121404647827
0.820114254951477,1.057305932044983,-0.20658062398433685,0.37524810433387756,0.774511992931366,0.2950437664985657,0.41505318880081177,-3.5541112422943115,-4.152843952178955,-4.578965663909912,-2.4081337451934814,0.36701464653015137,0.7410518527030945,0.4199138581752777
0.8082460165023804,1.0300188064575195,-0.19136488437652588,0.5409840941429138,0.8377677798271179,0.07363931834697723,0.007656537462025881,-2.6820645332336426,-3.734431505203247,-4.382405757904053,-2.5317068099975586,-0.2614016532897949,0.3596990704536438,-0.4501975178718567
0.8637735247612,1.0422474145889282,-0.2381170094013214,0.558141827583313,-0.15095582604408264,-0.794008731842041,-0.18772363662719727,-4.4106574058532715,-4.711532115936279,-7.127519607543945,-0.15258200466632843,-1.4953869581222534,-0.17235276103019714,-1.5222251415252686
0.8799731135368347,1.0889537334442139,-0.23081451654434204,0.9878644347190857,0.09189323335886002,0.1187073364853859,-0.039850011467933655,-2.5513994693756104,-2.7343900203704834,-5.535399913787842,-3.396091938018799,1.6039690971374512,1.6392228603363037,1.6527491807937622
0.8216279149055481,1.1022677421569824,-0.19499632716178894,0.08696404844522476,0.8162647485733032,0.570270299911499,0.030674515292048454,-2.7942874431610107,-4.118558883666992,-4.734562873840332,-1.529293179512024,-1.0217124223709106,-0.4865780174732208,-1.4891047477722168
0.9615625143051147,1.1896445751190186,-0.20968304574489594,0.9974263906478882,0.04392928257584572,0.00610357103869319,0.05633426830172539,-2.497624635696411,-3.0058562755584717,-3.9925880432128906,-1.9541212320327759,-0.6067675352096558,0.24225834012031555,-0.7703530192375183
1.0008511543273926,1.1578829288482666,-0.2078392058610916,0.6878001689910889,0.4789663553237915,0.2811683416366577,0.4674040377140045,-2.814622640609741,-3.8330237865448,-4.6542229652404785,-2.000570774078369,1.719136357307434,1.7430776357650757,1.7573338747024536
0.9826340079307556,1.1417444944381714,-0.22079402208328247,0.669072151184082,0.5782601833343506,0.31883901357650757,0.3410269021987915,-3.0675346851348877,-4.174712657928467,-5.662656784057617,-0.3138042092323303,0.13519224524497986,0.7725047469139099,0.48658737540245056
1.0762834548950195,1.235106110572815,-0.20996925234794617,-0.41407498717308044,0.15269260108470917,0.8943902850151062,0.07275249063968658,-3.105301856994629,-3.2188122272491455,-4.630909442901611,-2.2048184871673584,1.0760674476623535,1.4289305210113525,0.979110598564148
1.1264934539794922,1.184455394744873,-0.14962901175022125,0.9375015497207642,0.347834974527359,-0.005268561188131571,0.00859502051025629,-2.736719846725464,-3.2263572216033936,-4.0711212158203125,-1.164189100265503,-1.7389203310012817,-1.3492579460144043,-1.756466031074524
0.8540939092636108,0.8113139271736145,0.05537179484963417,0.7204041481018066,-0.3251263499259949,-0.36496397852897644,-0.49204882979393005,-2.1887004375457764,-2.823146343231201,-3.150947332382202,-2.3054418563842773,-1.6303062438964844,-1.429147720336914,-1.7580527067184448
0.8823899626731873,1.0417864322662354,-0.028081322088837624,0.5618186593055725,0.6644973754882812,0.10784152150154114,0.48080483078956604,-2.461738109588623,-4.043759822845459,-4.806319236755371,-1.5104037523269653,1.676154375076294,1.7636182308197021,1.5475971698760986
0.6145678758621216,0.9447354078292847,-0.06905987858772278,-0.1527571827173233,0.8481196165084839,0.05875276401638985,-0.5038913488388062,-4.410630226135254,-2.9285411834716797,-12.652674674987793,-1.4360558986663818,-0.5769163966178894,1.7724539041519165,-1.7724539041519165
0.7030174136161804,0.9189210534095764,0.08148865401744843,0.24894744157791138,0.6722211837768555,0.36651626229286194,0.5931354761123657,-2.8673434257507324,-3.251664161682129,-3.8433480262756348,-1.1287343502044678,-1.7601691484451294,-1.402147889137268,-1.7724539041519165
0.682425320148468,0.9739866256713867,0.0656253919005394,-0.3066788613796234,0.7780817151069641,0.4413648545742035,0.32516762614250183,-3.0985589027404785,-4.0655083656311035,-4.204328536987305,-1.1022757291793823,-0.8466476798057556,0.03968192636966705,-1.733041763305664
0.6723649501800537,0.9691644310951233,0.041494037955999374,0.18203355371952057,0.5390310883522034,0.5890083312988281,0.5739150643348694,-3.3467605113983154,-3.7590456008911133,-4.164886474609375,-1.8064297437667847,0.14356334507465363,0.9168468713760376,-1.647291898727417
0.6964513063430786,0.9585919976234436,0.03742857649922371,0.6224146485328674,-0.46899494528770447,-0.6259550452232361,0.02870536968111992,-2.9875564575195312,-5.348462104797363,-5.567035675048828,-0.6465221047401428,1.0953634977340698,1.3116912841796875,0.27809521555900574
0.8878424167633057,1.0576889514923096,-0.02987002208828926,0.46755245327949524,0.7192768454551697,0.1574096530675888,0.4891397953033447,-2.6176390647888184,-4.011595249176025,-5.097883224487305,0.5093023180961609,0.21607103943824768,1.213780164718628,-0.8275561332702637
0.8168888688087463,1.0180660486221313,-0.09466442465782166,-0.04701559990644455,0.8153558373451233,0.5310393571853638,0.2257911115884781,-3.5951898097991943,-4.645068168640137,-6.005656719207764,0.3502538502216339,-1.735210657119751,-0.7897517085075378,-1.7681801319122314
0.8668404221534729,1.0798051357269287,-0.062158744782209396,0.9639294147491455,0.043257731944322586,-0.21251340210437775,0.15429487824440002,-3.4545986652374268,-3.6703615188598633,-5.347748756408691,-1.132303237915039,-0.6837610602378845,0.3043922483921051,-0.7022039890289307
0.9279497265815735,1.0979098081588745,-0.02741829864680767,0.6603358387947083,0.6092461347579956,0.34427252411842346,0.27249252796173096,-3.085124969482422,-3.669945240020752,-3.8355770111083984,-1.9872539043426514,1.5439293384552002,1.677800178527832,0.9599168300628662
0.9641503691673279,1.092002272605896,-0.04365289956331253,0.909747302532196,0.3282182216644287,-0.061417799443006516,-0.24669921398162842,-2.5658674240112305,-3.1463301181793213,-3.837916135787964,-1.7391090393066406,-1.5718698501586914,-0.76701819896698,-1.727415919303894
0.8465372920036316,1.206954002380371,-0.06410867720842361,0.035415466874837875,0.6279329061508179,0.775497555732727,-0.05522304028272629,-2.417151689529419,-3.039750814437866,-4.452986240386963,-4.190141201019287,1.210945725440979,1.4916850328445435,1.1947965621948242
1.003016710281372,1.1858625411987305,-0.12042135745286942,0.3268067538738251,0.9043502807617188,-0.2051968276500702,-0.1823243498802185,-3.0674397945404053,-3.551926851272583,-5.38316535949707,-2.770892381668091,0.856105387210846,1.089943528175354,1.1336246728897095
1.1022326946258545,1.0463426113128662,-0.018785260617733,0.9358925223350525,-0.060995977371931076,-0.2637532651424408,-0.22543038427829742,-2.505598306655884,-3.302152156829834,-3.907266616821289,-3.270249128341675,0.040856584906578064,0.8466944098472595,-1.6776416301727295
1.1269720792770386,1.1863549947738647,-0.13044632971286774,0.6656450033187866,-0.3908032774925232,-0.19143515825271606,-0.6062525510787964,-2.38553524017334,-3.1816537380218506,-3.8052308559417725,-0.8377673625946045,-0.9939910173416138,-0.47803518176078796,-1.71928071975708
0.6331841349601746,1.3529877662658691,-0.20257128775119781,0.7275118231773376,-0.4330349266529083,-0.22377486526966095,-0.4828375279903412,-2.4685282707214355,-5.044559001922607,-6.181365013122559,-0.13695523142814636,0.12023388594388962,0.7601695656776428,-0.9415368437767029
0.47559666633605957,1.463118553161621,-0.07977058738470078,0.5806337594985962,0.40248212218284607,0.2766953706741333,0.6513925790786743,-2.1799464225769043,-3.065757989883423,-4.583683013916016,-2.1678287982940674,-0.8644541501998901,-0.10294710844755173,-1.2819035053253174
0.4843699634075165,1.4556264877319336,-0.09064757823944092,0.597059428691864,0.4287729859352112,0.38288557529449463,0.5595287084579468,-2.2504665851593018,-2.9708073139190674,-3.838979721069336,-3.438593626022339,0.855843186378479,1.3274375200271606,0.6935796141624451
0.4601139426231384,1.2661347389221191,-0.10768477618694305,0.3989518880844116,0.4986220896244049,0.7447825074195862,0.19368118047714233,-2.516481876373291,-4.635529518127441,-6.081212997436523,-2.194904327392578,0.05004310607910156,0.7766159772872925,-1.6926512718200684
0.08685307204723358,1.3078393936157227,0.012864813208580017,0.5714582800865173,0.4200441837310791,0.5153743624687195,0.48102766275405884,-3.3985445499420166,-5.308380603790283,-5.484946250915527,0.08350178599357605,0.2657422125339508,-0.04907932132482529,-0.7653409242630005
0.09980128705501556,1.3840179443359375,-0.0008066839654929936,0.6658013463020325,0.3381054997444153,0.28310689330101013,0.6018668413162231,-3.2838118076324463,-4.045643329620361,-5.655743598937988,-0.7835519313812256,-1.3743113279342651,-1.2748180627822876,-1.7306413650512695
0.0912352204322815,1.3884121179580688,0.004304214846342802,0.6185061931610107,0.4273025691509247,0.4250807762145996,0.5041517019271851,-3.3196709156036377,-5.424801826477051,-5.980138301849365,-0.25401824712753296,1.6851508617401123,1.5981824398040771,1.3706458806991577
0.08735981583595276,1.337425947189331,0.005692757666110992,-0.1907418668270111,0.7133812308311462,0.6354914307594299,-0.2255113124847412,-3.286900281906128,-5.191519260406494,-5.782971382141113,-0.27715322375297546,1.2687537670135498,1.029955267906189,0.5545560717582703
0.09806101024150848,1.4515705108642578,0.0010574529878795147,0.20074178278446198,0.5326938629150391,0.8003714680671692,0.1880040019750595,-4.011098861694336,-5.04086971282959,-5.276684761047363,0.1820560097694397,-0.2047451138496399,-0.40074488520622253,-1.0224411487579346
0.06644691526889801,1.510310173034668,0.004659251309931278,-0.15107250213623047,0.6259588003158569,0.7346898913383484,-0.2135029137134552,-3.1993257999420166,-3.801142692565918,-5.460121154785156,-1.3989341259002686,1.0530623197555542,0.776917040348053,-0.011133288033306599
0.0875595435500145,1.514296531677246,-0.009486006572842598,0.6390471458435059,0.3398212790489197,0.41993436217308044,0.54753577709198,-3.192373514175415,-5.3025617599487305,-5.55379581451416,-0.2792927324771881,1.7625454664230347,1.7258155345916748,1.4531525373458862
0.0907423123717308,1.5267112255096436,-0.007253669202327728,0.7015556693077087,0.24368083477020264,0.3159946799278259,0.5904122591018677,-3.3710458278656006,-4.92603063583374,-5.462653160095215,0.6963884830474854,-1.2189539670944214,-1.2362289428710938,-1.696458101272583
0.054781246930360794,1.5553972721099854,0.02559720166027546,0.34225955605506897,0.4770340919494629,0.3953624963760376,0.7063889503479004,-3.712543249130249,-4.105289936065674,-4.395161151885986,0.8572361469268799,-1.201125144958496,-1.2946298122406006,-1.6427452564239502
0.03597373142838478,1.5372711420059204,0.013194750063121319,-0.1433120220899582,0.7112340927124023,0.6346074342727661,-0.2662351727485657,-3.1892144680023193,-4.663528919219971,-5.412469387054443,0.013806496746838093,1.7722088098526,1.7708524465560913,1.2843655347824097
0.03327494114637375,1.5592215061187744,0.026364682242274284,0.5860739946365356,0.36417603492736816,0.6165940165519714,0.3790843188762665,-3.8072574138641357,-4.398372173309326,-4.9177117347717285,1.2505298852920532,0.6879217624664307,0.47559666633605957,-0.042987074702978134
0.9679595828056335,1.2692331075668335,-0.16710393130779266,-0.44635507464408875,-0.23245207965373993,0.8569929599761963,-0.11088855564594269,-2.462958812713623,-2.9948530197143555,-3.3645477294921875,-2.4909207820892334,-0.26725679636001587,0.2992979884147644,-0.25512081384658813
0.9433932304382324,1.278325080871582,-0.21916452050209045,0.6784627437591553,0.7249041199684143,0.1062413901090622,-0.05399150401353836,-3.6366159915924072,-5.170583248138428,-6.795285224914551,0.435840368270874,-1.3686167001724243,-0.885171115398407,-1.4875859022140503
0.8574571013450623,1.3272709846496582,-0.046590156853199005,-0.4211907684803009,-0.07249569892883301,0.859126091003418,0.2815050184726715,-2.4784204959869385,-3.6054420471191406,-3.8887670040130615,-2.0627942085266113,-1.420272946357727,-0.905168354511261,-1.581851840019226
1.1494463682174683,1.464076280593872,0.2893334627151489,-0.32840606570243835,0.6032444834709167,0.7181671857833862,-0.11172035336494446,-2.2850990295410156,-2.960803270339966,-3.402266263961792,-0.25498032569885254,-1.4381308555603027,-1.1919772624969482,-1.7671902179718018
0.7802368998527527,1.457331657409668,0.009247991256415844,0.6754212379455566,0.25942060351371765,0.37854140996932983,0.5772464275360107,-3.1773922443389893,-5.035457134246826,-6.299039363861084,-0.46241533756256104,-1.3988111019134521,-0.779066801071167,-1.7724539041519165
0.7852669358253479,1.438640832901001,0.02095126546919346,0.35882556438446045,0.6306119561195374,0.633565366268158,0.26864057779312134,-2.4097883701324463,-3.469806432723999,-5.574451923370361,-2.6431288719177246,-0.28910648822784424,0.5482701063156128,-1.71895432472229
1.1588820219039917,1.527647614479065,-0.07751251757144928,0.7413685917854309,0.5270268321037292,-0.4142347574234009,-0.03201403468847275,-2.9404654502868652,-3.5967764854431152,-4.6656670570373535,-1.8687444925308228,-1.7604070901870728,-1.0268990993499756,-1.7724539041519165
0.9014464020729065,1.4549227952957153,0.0842079147696495,0.5213132500648499,-0.10081502795219421,-0.8473848104476929,0.00279233674518764,-2.4861583709716797,-2.7660441398620605,-4.054508686065674,-3.152073383331299,0.9115095138549805,0.6500675678253174,-0.3617466390132904
0.9806061387062073,1.5044050216674805,-0.024234233424067497,0.26372241973876953,0.8278853297233582,0.4178961217403412,0.26536616683006287,-2.9683051109313965,-3.932633876800537,-5.38547945022583,-2.859656572341919,1.697921633720398,1.5259746313095093,1.2818260192871094
1.1716883182525635,1.4059005975723267,0.042786628007888794,0.5116151571273804,0.3712732791900635,0.5445216298103333,0.5512732863426208,-2.203129768371582,-3.4446170330047607,-4.33961820602417,-2.7268993854522705,1.722003698348999,1.6855968236923218,1.4091298580169678
1.109863042831421,1.5324451923370361,0.15175317227840424,0.5287620425224304,-0.012558872811496258,-0.8483801484107971,0.022451313212513924,-2.0998826026916504,-3.0052406787872314,-3.3680732250213623,-3.8555872440338135,1.0251928567886353,0.920779824256897,0.09592705219984055
1.1304326057434082,1.4571311473846436,0.262346088886261,-0.31164810061454773,0.44462424516677856,0.8084012866020203,0.2273150533437729,-2.113933563232422,-2.897954225540161,-3.0328283309936523,-2.2571144104003906,-0.2818392217159271,-0.030092984437942505,-1.57349693775177
1.1868643760681152,1.5073096752166748,-0.030435770750045776,-0.2650865912437439,0.5217249393463135,0.6166315674781799,0.5265906453132629,-3.781151533126831,-4.435618877410889,-5.568872928619385,-2.2441256046295166,-0.08330871164798737,1.7724539041519165,1.7724539041519165
-1.1168409585952759,-0.0038009649142622948,0.07144955545663834,0.6693097949028015,0.7085654735565186,-0.1631217896938324,0.15280909836292267,-3.0235774517059326,-4.221212863922119,-4.958676815032959,-1.5187604427337646,1.1289269924163818,-0.17921213805675507,-0.9277390837669373
-1.1230275630950928,0.005005471874028444,0.04354259744286537,0.7150415182113647,0.6870020031929016,-0.09858290106058121,0.08381703495979309,-3.2743566036224365,-4.429325580596924,-5.742182731628418,-0.9532890915870667,1.710780143737793,1.3102974891662598,0.9734145402908325
-1.0704476833343506,0.0003476731653790921,0.09108483791351318,-0.3906518220901489,0.3845721483230591,0.5849284529685974,0.5977910161018372,-3.039578914642334,-3.359048366546631,-5.220951557159424,-2.398301124572754,-1.5132983922958374,-1.5653421878814697,-1.5891270637512207
-1.1328130960464478,-0.004805100150406361,0.0675404816865921,0.9210609197616577,-0.37242409586906433,-0.11103003472089767,-0.02488686516880989,-3.1602132320404053,-4.895755767822266,-6.067921161651611,-0.6074472665786743,-1.7358328104019165,-1.7724539041519165,-1.7724539041519165
-1.1755110025405884,0.0015342461410909891,0.06777960062026978,0.6720734238624573,0.662194550037384,-0.23680907487869263,0.2318127155303955,-3.586885452270508,-4.163047790527344,-6.490238666534424,-1.237410068511963,-1.707448959350586,-1.7724539041519165,-1.7724539041519165
-1.0618584156036377,0.003795699216425419,0.11144296824932098,0.7049851417541504,0.6933441162109375,-0.10261708498001099,0.10834966599941254,-3.4325008392333984,-3.854989528656006,-5.995948791503906,-1.3003226518630981,1.6493170261383057,1.327450156211853,1.200994849205017
-0.9397583603858948,-0.005612925160676241,0.12141021341085434,0.6547847390174866,-0.643569827079773,-0.2985471487045288,-0.26066163182258606,-3.0351357460021973,-3.392807960510254,-4.551033020019531,-1.6967589855194092,-0.5669304132461548,-1.1181936264038086,-1.374626636505127
-0.9204403162002563,0.00651536975055933,0.11043213307857513,0.688033401966095,0.7103878855705261,-0.09423255920410156,0.11436472088098526,-2.9320409297943115,-4.197249889373779,-6.066530227661133,-1.3584262132644653,1.6976069211959839,1.5267752408981323,1.3616362810134888
-1.1424436569213867,0.003378089517354965,0.18283239006996155,0.5530610680580139,-0.5760213136672974,-0.43009674549102783,-0.4211171865463257,-2.702287435531616,-3.1905291080474854,-5.571406364440918,-2.530876398086548,0.25206634402275085,0.2796693444252014,0.5412517189979553
-0.9732046127319336,-0.008069993928074837,0.11977946013212204,0.6725897192955017,0.7184963226318359,-0.10758692026138306,0.1407521367073059,-2.8968517780303955,-4.9603495597839355,-5.411561489105225,-0.22603237628936768,-1.537859320640564,-1.7099957466125488,-1.7724539041519165
-1.1388276815414429,0.004664470441639423,0.18100672960281372,0.6592302918434143,0.659476637840271,-0.2531432509422302,0.2577294111251831,-3.093886375427246,-4.131255626678467,-6.139889240264893,-1.7432242631912231,1.6866768598556519,1.2838211059570312,0.9210427403450012
-0.9972662925720215,0.002848631702363491,0.14858826994895935,0.7326425909996033,0.6798785328865051,-0.027779942378401756,0.015110540203750134,-3.3442068099975586,-3.9005415439605713,-5.440104007720947,-1.3239998817443848,1.1739641427993774,0.29207342863082886,-0.12874537706375122
-0.835985541343689,0.005558017175644636,0.1503666341304779,0.6782298684120178,0.6926231980323792,-0.17415915429592133,0.17304888367652893,-2.8075175285339355,-3.913482189178467,-5.147552013397217,-1.3782572746276855,0.3281169533729553,-0.21546076238155365,-0.19899381697177887
-1.0028958320617676,0.003993213176727295,0.1702730357646942,0.6965125203132629,0.6669267416000366,0.1876181960105896,-0.18675784766674042,-3.446685791015625,-3.5258758068084717,-5.446227073669434,-2.0177574157714844,1.7233655452728271,1.3045352697372437,0.951762855052948
-1.0268605947494507,0.007394041400402784,0.19103413820266724,0.6733993291854858,0.7390835881233215,0.011698792688548565,0.012326900847256184,-2.7373087406158447,-3.4808433055877686,-5.244896411895752,-2.0224082469940186,-0.21856649219989777,-0.4881608784198761,-0.5569333434104919
-0.7986897230148315,0.008546596392989159,0.05280235782265663,0.6837400794029236,0.6931278705596924,-0.1567278951406479,0.16586020588874817,-3.123976707458496,-3.943643093109131,-6.772980213165283,-2.8158211708068848,1.4893921613693237,1.2807968854904175,1.3057743310928345
-0.8126310706138611,0.005228993482887745,0.06602242588996887,0.7270781993865967,0.6608710885047913,-0.13479085266590118,0.12821094691753387,-3.2386269569396973,-4.703830242156982,-5.727884769439697,-2.653079032897949,1.5660696029663086,0.055805254727602005,-0.3762589693069458
-0.790721595287323,0.0076910993084311485,0.10334659367799759,0.7030394077301025,0.699189305305481,-0.08718369156122208,0.09627510607242584,-2.991556167602539,-3.719123363494873,-5.9399847984313965,-1.9813960790634155,0.6397297382354736,0.5025234222412109,0.6745361685752869
-0.7678347229957581,0.007990213111042976,0.20106005668640137,-0.40611401200294495,0.4311234951019287,0.5692378282546997,0.5702387690544128,-3.1015868186950684,-4.036670684814453,-5.697761058807373,-2.547724723815918,1.2944614887237549,0.7639443874359131,0.5637516975402832
-0.732326090335846,0.2295752465724945,0.24797599017620087,0.5678192973136902,0.08424624800682068,-0.8159295916557312,-0.06886709481477737,-2.497056245803833,-2.807483673095703,-5.414894104003906,-2.339024305343628,1.462579607963562,1.4968903064727783,1.5442126989364624
-0.734292209148407,0.2532975375652313,0.28049981594085693,0.5957121253013611,0.3988637328147888,0.41585350036621094,0.5595539808273315,-3.1911869049072266,-3.6015000343322754,-4.979108810424805,-0.3502417206764221,0.17057666182518005,0.30459126830101013,0.3967781662940979
-1.1664875745773315,-0.018023010343313217,0.30926740169525146,0.6111986637115479,0.7737310528755188,-0.08906836807727814,0.14086614549160004,-2.8802878856658936,-3.0598082542419434,-4.888813495635986,-0.3997166156768799,-1.168522834777832,-1.2188469171524048,-1.2380272150039673
-0.9084444642066956,0.006617469247430563,0.2433922439813614,0.712239146232605,0.6974833607673645,-0.05091826990246773,0.06032926216721535,-2.9122564792633057,-3.6761600971221924,-5.867850303649902,-2.206573247909546,1.5351694822311401,1.1551188230514526,1.0522598028182983
-0.8646800518035889,0.006546396296471357,0.17910750210285187,0.7178388833999634,0.6637951731681824,-0.1447889804840088,0.15205103158950806,-3.410738229751587,-4.130461692810059,-6.099395275115967,-1.420387864112854,1.3981523513793945,0.734417736530304,0.7333827614784241
-1.134827971458435,0.007403281517326832,0.3229627311229706,0.6650498509407043,0.6661853194236755,-0.23579372465610504,0.2414686679840088,-2.9291515350341797,-3.5329039096832275,-6.242260456085205,-2.7478272914886475,1.6996421813964844,1.462085247039795,1.3167874813079834
-0.9549710154533386,0.007739510852843523,0.3202454149723053,0.7034975290298462,0.7055375576019287,-0.06193848326802254,0.058920569717884064,-2.5281171798706055,-4.128469944000244,-6.245167255401611,-1.7069265842437744,1.5101170539855957,1.4043536186218262,1.366671085357666
-0.9672491550445557,0.0048415157943964005,0.2835995852947235,0.6953569054603577,0.7143694758415222,-0.054776631295681,0.056165505200624466,-3.0836565494537354,-4.269686222076416,-5.464888095855713,-1.4322391748428345,-1.6717818975448608,-1.7250511646270752,-1.6854339838027954
-1.0141327381134033,0.007740429136902094,0.33621740341186523,0.6683654189109802,0.675781786441803,0.2184235155582428,-0.2211284637451172,-2.665877103805542,-3.3042538166046143,-6.165921211242676,-2.1295318603515625,0.23270520567893982,0.2044754922389984,0.29110488295555115
-1.0339415073394775,0.00010024056246038526,0.2677712142467499,-0.22879016399383545,0.6089550852775574,-0.19837696850299835,0.7331270575523376,-9.228148460388184,-6.148927688598633,-5.059274196624756,-2.0149030685424805,1.7724539041519165,-0.688129186630249,-1.4944219589233398
-0.8658553957939148,-0.0071526989340782166,0.15696722269058228,0.19699455797672272,0.5771594643592834,0.2135835736989975,0.7631920576095581,-6.547163009643555,-15.420754432678223,-3.8435089588165283,-0.9135472178459167,1.7724539041519165,0.7715387344360352,-0.10426201671361923
-0.8008263111114502,0.00921765435487032,0.2052062302827835,0.6850258111953735,0.6665698289871216,-0.20247767865657806,0.2131364941596985,-3.4271202087402344,-4.670613765716553,-6.471565246582031,-1.3555285930633545,1.7545474767684937,1.4818379878997803,1.2686161994934082
-0.7281604409217834,-0.042890649288892746,0.28326284885406494,0.2765027582645416,0.6433752179145813,0.6758002042770386,0.23001882433891296,-2.8377492427825928,-3.7067482471466064,-4.287087440490723,0.32105323672294617,-1.1413030624389648,-1.0584229230880737,-1.309086561203003
-0.8722243905067444,0.006773830391466618,0.25611063838005066,0.6257990598678589,-0.6216964721679688,-0.34724855422973633,-0.3182569742202759,-3.404982805252075,-3.877392053604126,-5.795468807220459,-2.5958783626556396,1.3926239013671875,0.17327362298965454,-0.2588508725166321
-0.7587528228759766,0.005698028020560741,0.2842903733253479,0.6540380120277405,0.6911624670028687,0.2078505903482437,-0.226554274559021,-3.459268093109131,-3.6733744144439697,-4.921533107757568,-2.034351110458374,0.308918833732605,0.11001037806272507,-0.10839114338159561
-0.7567619681358337,-0.03933357074856758,0.27119189500808716,-0.4448277950286865,0.23217999935150146,0.7780939340591431,0.37787628173828125,-2.757233142852783,-3.143610954284668,-3.8987250328063965,0.48697689175605774,-1.4953171014785767,-1.5755178928375244,-1.6139085292816162
-0.7402921319007874,0.08494449406862259,0.2796955406665802,0.6188204884529114,0.37708377838134766,0.38018107414245605,0.5747446417808533,-2.750300645828247,-4.379668712615967,-5.217336654663086,0.6391167044639587,0.7621908187866211,0.773746132850647,0.3562648892402649
-0.6274473071098328,-0.035274554044008255,0.28717494010925293,0.9947162866592407,-0.01007569395005703,-0.04972900450229645,-0.08924660086631775,-1.9686769247055054,-3.0483436584472656,-4.356482028961182,-3.7828242778778076,-0.0883803740143776,0.45778995752334595,-0.8624434471130371
-0.7455670833587646,0.053273752331733704,0.28087225556373596,0.5440253019332886,0.3678114712238312,0.2243003398180008,0.7200281620025635,-3.466949224472046,-4.576765060424805,-5.4410481452941895,-1.2408828735351562,1.5965911149978638,1.636688470840454,1.3660129308700562
-0.8299257755279541,0.011662871576845646,0.339495450258255,0.731624186038971,0.6727227568626404,-0.07920295745134354,0.07679209113121033,-2.996554136276245,-3.5347275733947754,-4.509301662445068,-1.7091821432113647,-0.9212774038314819,-1.0269858837127686,-0.9603301286697388
-0.6303064227104187,0.10943426936864853,0.3034711182117462,0.13781505823135376,0.617570161819458,0.7687103748321533,0.09326542168855667,-2.325497627258301,-3.2163307666778564,-5.679105281829834,-2.5459835529327393,-1.1176244020462036,-0.7750473618507385,-1.757087230682373
-0.7140681147575378,0.09193693101406097,0.28586137294769287,0.42269423604011536,0.5483708381652832,0.5628922581672668,0.45141032338142395,-0.9832859635353088,-4.735666751861572,-5.261544704437256,-0.18868054449558258,-1.3702752590179443,-1.2549623250961304,-1.5060477256774902
-0.7261614203453064,0.12188860028982162,0.287273645401001,0.5893555283546448,0.41073065996170044,0.4027230739593506,0.5672517418861389,-2.9065849781036377,-4.677057266235352,-4.89659309387207,2.8621437549591064,-0.5791001319885254,-0.4029253125190735,-0.7302584648132324
-0.7161688804626465,0.24840642511844635,0.26134756207466125,0.6323648691177368,0.05431818589568138,-0.7681068778038025,0.08471179008483887,-2.76395583152771,-5.025284767150879,-5.216840744018555,-2.011507511138916,-1.0162416696548462,-0.8771962523460388,-1.1416306495666504
-0.7265271544456482,0.30396801233291626,0.2880939841270447,0.6431953310966492,0.3681907653808594,0.38673290610313416,0.54879230260849,-3.3385918140411377,-4.565344333648682,-4.924563884735107,16.11809539794922,-0.46852850914001465,-0.30233773589134216,-0.22856105864048004
-0.7151980400085449,0.29860320687294006,0.2892008423805237,0.41910311579704285,0.5535823702812195,0.5277779698371887,0.4892336130142212,-3.800985813140869,-4.918336391448975,-5.303976058959961,16.11809539794922,-0.979891836643219,-0.820136547088623,-1.0114446878433228
-0.7327980995178223,0.3930397033691406,0.2860059440135956,0.026964114978909492,0.7702996134757996,0.6365541219711304,0.026651261374354362,-3.3359975814819336,-4.163284778594971,-4.273169040679932,0.3843806982040405,0.29952505230903625,0.47611016035079956,0.6679114103317261
-0.714435338973999,0.40033066272735596,0.29230719804763794,0.5365997552871704,0.4109560549259186,0.4000025987625122,0.619010329246521,-3.4836957454681396,-4.544373512268066,-5.416021347045898,1.9383940696716309,-1.0113087892532349,-0.8655814528465271,-1.1108368635177612
-0.573655903339386,-0.031452711671590805,0.12413603812456131,0.6719863414764404,-0.4543665647506714,-0.552222728729248,-0.19244596362113953,-3.833484172821045,-4.638300895690918,-5.433895587921143,-2.203206777572632,1.4000221490859985,1.5371284484863281,-1.7724539041519165
-0.17728842794895172,-0.019023828208446503,0.07338346540927887,0.9117745161056519,-0.3757074475288391,-0.06075645610690117,0.15433643758296967,-2.6373748779296875,-4.139180660247803,-4.580936908721924,-3.6790788173675537,1.7465991973876953,1.76451575756073,1.4001578092575073
-0.08269884437322617,-0.011659868992865086,0.09707403928041458,0.9779354929924011,0.024830391630530357,-0.07438085228204727,-0.19363141059875488,-2.9680511951446533,-3.6520726680755615,-4.403391361236572,-2.1780498027801514,1.1192995309829712,0.9110839366912842,0.04323715344071388
-0.17841476202011108,-0.02601068653166294,0.11111021786928177,0.9406471848487854,0.22054575383663177,0.14669042825698853,0.2121894806623459,-2.964982032775879,-3.5404553413391113,-4.45627498626709,-1.7232707738876343,1.681140661239624,1.6025842428207397,0.4027934670448303
-0.0031618692446500063,-0.0403217114508152,0.09503985196352005,0.27239224314689636,0.3882836699485779,0.5551255345344543,0.6832817196846008,-3.7895939350128174,-4.04438591003418,-4.313049793243408,-1.0016663074493408,1.705045223236084,1.719559907913208,0.8234612345695496
-0.1070837527513504,0.09836053103208542,0.24717801809310913,0.7367915511131287,0.020124321803450584,-0.5968882441520691,-0.3169504702091217,-2.1171369552612305,-2.500760555267334,-2.679575204849243,-0.17715339362621307,-0.5434631109237671,-0.6937225461006165,-1.3521754741668701
-0.021340738981962204,0.03462058678269386,0.07454411685466766,0.7595992088317871,0.32631683349609375,-0.5268853306770325,-0.19727694988250732,-3.1180689334869385,-3.9992401599884033,-4.959181308746338,-2.1257808208465576,1.6417258977890015,1.406296730041504,0.18440446257591248
-0.17583411931991577,0.2693635821342468,0.13938231766223907,0.1621842384338379,0.7591533660888672,0.5705379843711853,0.2680836319923401,-2.5566506385803223,-3.055650472640991,-3.2340874671936035,-0.450625479221344,1.0707305669784546,0.9769455194473267,0.06996525824069977
-0.0215714443475008,0.052500005811452866,0.170151948928833,-0.010507864877581596,0.8035224080085754,0.5188705325126648,0.2915727496147156,-2.773590326309204,-4.064367294311523,-4.712003231048584,-1.0795488357543945,0.10133231431245804,-0.04839036241173744,-0.03889851272106171
-0.01878996193408966,0.02561892382800579,0.10693753510713577,0.11065312474966049,0.5995659232139587,0.7735764980316162,0.17278900742530823,-3.615485906600952,-4.590087890625,-5.391997337341309,-0.7334710955619812,1.7724539041519165,1.7309455871582031,1.0677186250686646
0.09957557916641235,0.12812675535678864,0.19518816471099854,0.6985977292060852,-0.2725920081138611,-0.28320252895355225,-0.5978721976280212,-2.2174293994903564,-2.424198865890503,-2.966763496398926,0.6329228281974792,-0.5710486769676208,0.48866596817970276,-1.7676630020141602
-0.18319475650787354,0.3184080123901367,0.10504285991191864,-0.19608739018440247,0.4524383842945099,0.8557566404342651,-0.15661996603012085,-2.733562469482422,-3.0594444274902344,-3.228199005126953,0.5411034226417542,1.6598317623138428,1.5365270376205444,1.036999225616455
-0.0771123617887497,0.33678939938545227,0.1390470713376999,0.6233248710632324,-0.2686089277267456,-0.7280934453010559,-0.09589184820652008,-3.1546428203582764,-3.5646040439605713,-3.710524320602417,0.191366046667099,1.7377442121505737,1.7394771575927734,1.4758939743041992
-0.13951008021831512,0.26059281826019287,0.2401813566684723,0.6530715823173523,0.6351405382156372,-0.408380925655365,0.057611383497714996,-2.6552021503448486,-2.877437114715576,-3.2836506366729736,0.7338097095489502,-1.6155978441238403,-1.5108234882354736,-1.7681905031204224
0.008939767256379128,0.04960206151008606,0.376935213804245,0.9610190391540527,-0.18760977685451508,0.1346764713525772,0.15201056003570557,-2.4880177974700928,-2.690060615539551,-3.188873052597046,-0.013175574131309986,-1.770355224609375,-1.7724539041519165,-1.7724539041519165
-0.08243610709905624,0.3082582950592041,0.21801269054412842,0.39668864011764526,0.5889444947242737,0.5471317172050476,0.44320350885391235,-3.0632829666137695,-3.6587605476379395,-3.8593180179595947,2.471237897872925,-1.6046379804611206,-1.634705662727356,-1.7724539041519165
-0.009761152788996696,0.2312631458044052,0.2758084833621979,0.3411848545074463,0.5491306185722351,0.7568117380142212,0.0963560938835144,-2.8096840381622314,-3.6275715827941895,-4.330314636230469,-0.6987932920455933,-1.7724539041519165,-1.7724539041519165,-1.7724539041519165
-0.0845274105668068,0.38611581921577454,0.21692930161952972,0.893020749092102,-0.24822832643985748,0.03917964547872543,0.3733116090297699,-3.246965169906616,-3.723845958709717,-3.922952175140381,0.9591061472892761,-1.7564529180526733,-1.7573187351226807,-1.7724539041519165
-0.18162423372268677,0.488817423582077,0.18627023696899414,0.5315356850624084,0.37357205152511597,0.6467761397361755,0.3994925916194916,-1.9984015226364136,-3.381258487701416,-3.4591965675354004,2.3619303703308105,-1.684083104133606,-1.7035809755325317,-1.7724539041519165
0.010383307002484798,0.34597161412239075,0.1899772733449936,0.9504214525222778,-0.024584101513028145,0.10044354200363159,0.2932673394680023,-2.8793153762817383,-3.338977336883545,-3.846014976501465,16.11809539794922,-0.1360016167163849,-0.4413757622241974,-0.8968188762664795
0.08048862218856812,0.2578169107437134,0.3220762014389038,0.7405208945274353,0.5406937003135681,-0.3653847873210907,-0.16053985059261322,-2.3827946186065674,-2.724533796310425,-3.7335238456726074,-2.0844030380249023,-1.7399746179580688,-1.7705453634262085,-1.7724539041519165
0.0694170594215393,0.32976233959198,0.1898459941148758,0.28943294286727905,0.8179797530174255,0.45656269788742065,-0.19669310748577118,-2.974928140640259,-3.407428741455078,-3.584963083267212,0.8379519581794739,-1.6645807027816772,-1.6915810108184814,-1.764609694480896
-0.7118215560913086,0.6104402542114258,0.27587610483169556,0.6001793146133423,0.1257292777299881,-0.7887635231018066,0.042767684906721115,-2.818114757537842,-4.165079593658447,-5.310314178466797,-1.4464255571365356,-0.5947095155715942,-0.37206077575683594,-0.5721189975738525
-0.6991776823997498,0.5898071527481079,0.23761968314647675,0.6149693131446838,0.13678766787052155,-0.7720902562141418,-0.08353724330663681,-2.3426520824432373,-3.5219337940216064,-5.623601913452148,-2.938462018966675,-1.3715639114379883,-1.1341689825057983,-1.5717990398406982
-0.7148706316947937,0.5734618902206421,0.2977759540081024,0.6429671049118042,0.18619771301746368,-0.7209057211875916,-0.1794954091310501,-3.18458890914917,-4.041433811187744,-4.503835678100586,-0.5616641044616699,-0.38673850893974304,-0.0621948204934597,-0.526585578918457
-0.7148656249046326,0.4245229959487915,0.2934219539165497,0.421336829662323,0.6009660959243774,0.547946035861969,0.4013355076313019,-3.1399405002593994,-4.181945323944092,-4.947085857391357,0.6696576476097107,-0.666985034942627,-0.42907974123954773,-0.7617889642715454
-0.7280680537223816,0.45281755924224854,0.29819586873054504,0.6281040906906128,0.4388866722583771,0.3047161102294922,0.5656958818435669,-3.1828882694244385,-4.311581611633301,-5.022980690002441,0.4144156873226166,0.1254584640264511,0.32192718982696533,0.10821837931871414
-0.734868586063385,0.5101372599601746,0.2859857380390167,0.627346396446228,0.38847747445106506,0.34410300850868225,0.5806159377098083,-3.108109712600708,-4.352215766906738,-4.672173023223877,16.11809539794922,1.0106122493743896,1.1113190650939941,1.2763214111328125
-0.6516461372375488,0.42394664883613586,0.30745798349380493,0.5719095468521118,0.2573804259300232,0.3392769694328308,0.7011176347732544,-3.851679801940918,-4.547379970550537,-5.8557586669921875,0.5862057209014893,-0.7521418929100037,0.14357522130012512,-1.7724539041519165
-0.6523998975753784,0.4455696940422058,0.304513156414032,0.5783538818359375,0.280233234167099,0.3524494469165802,0.6802613735198975,-3.366896629333496,-4.832479476928711,-6.3376054763793945,-0.06950066238641739,-0.07417291402816772,0.7994360327720642,-1.5887917280197144
-0.6378898620605469,0.3740117847919464,0.3082314133644104,0.5260400176048279,0.3443073034286499,0.400433212518692,0.6666240692138672,-2.9217748641967773,-5.025162696838379,-6.238234996795654,-0.577480137348175,-1.2724237442016602,-0.8572787642478943,-1.7724539041519165
-0.6594130992889404,0.4394669532775879,0.3073386251926422,0.6986243724822998,0.3205608129501343,0.35444769263267517,0.5324768424034119,-4.095713138580322,-4.531376838684082,-5.592350006103516,0.0027259131893515587,0.545762300491333,1.2855432033538818,-0.4220980703830719
-0.7033084034919739,0.4759140908718109,0.3149165213108063,0.7886736989021301,-0.04380054026842117,-0.5811187624931335,-0.19589872658252716,-3.7150979042053223,-4.090652942657471,-4.203404426574707,-1.3953027725219727,-1.7415326833724976,-1.3209351301193237,-1.7514312267303467
-0.6684005856513977,0.5005336403846741,0.309270441532135,0.5309029817581177,0.27287983894348145,0.4212534427642822,0.6828060746192932,-4.0968241691589355,-4.3848981857299805,-6.7457990646362305,16.11809539794922,-0.6097801923751831,0.39829304814338684,-1.4435003995895386
-0.6786792874336243,0.47926223278045654,0.33132800459861755,0.5859887003898621,0.2765369117259979,0.4031830430030823,0.6462104916572571,-3.687272071838379,-4.145541191101074,-5.94442081451416,3.1820056438446045,-1.3253588676452637,-0.5304768681526184,-1.7300646305084229
-0.6746801733970642,0.5396305918693542,0.30511391162872314,0.5579373240470886,0.3724087178707123,0.32586464285850525,0.6662055850028992,-4.3487467765808105,-5.155725955963135,-6.487593173980713,16.11809539794922,-0.8645370006561279,0.1214061751961708,-1.5871732234954834
-0.7330793142318726,0.6019905805587769,0.28722208738327026,0.0175333172082901,0.6733968257904053,0.738895833492279,-0.016193866729736328,-3.1825759410858154,-4.258325576782227,-4.522079944610596,0.8001432418823242,1.584473967552185,1.6064335107803345,1.570581316947937
-0.7384933829307556,0.7256081104278564,0.2870391607284546,0.6173840165138245,0.3504020571708679,0.3348833918571472,0.6196035146713257,-2.8673038482666016,-4.536436557769775,-5.400247097015381,16.11809539794922,1.3402982950210571,1.3952138423919678,1.477436900138855
-0.7116314172744751,0.738837480545044,0.2869897782802582,0.5909157991409302,0.4198257327079773,0.43295818567276,0.5358284115791321,-2.9992237091064453,-4.363833427429199,-5.17196798324585,-0.8586574196815491,-1.6367861032485962,-1.4748380184173584,-1.7052854299545288
-0.7281213998794556,0.745113730430603,0.2916063070297241,0.5961430668830872,0.404592901468277,0.34963124990463257,0.5988956689834595,-2.7853527069091797,-4.33425235748291,-4.829500675201416,1.9414948225021362,0.2894369959831238,0.4651990532875061,0.5408679842948914
-0.7125775218009949,0.6885613203048706,0.2978495955467224,0.6100263595581055,0.3639835715293884,0.33725497126579285,0.6177725195884705,-2.974153995513916,-4.7748260498046875,-5.142838954925537,0.9463910460472107,-1.0061527490615845,-0.7815800905227661,-1.0882467031478882
-0.7215139865875244,0.6969963908195496,0.2989051342010498,0.6038832664489746,0.3827938735485077,0.38100722432136536,0.5861973166465759,-3.152536392211914,-4.535661220550537,-4.852341651916504,0.7444187998771667,-0.5294177532196045,-0.29492342472076416,-0.43775278329849243
-0.47753962874412537,0.5681748390197754,0.14255879819393158,0.5861252546310425,-0.3466181457042694,-0.7232483625411987,0.11499946564435959,-4.173431873321533,-5.026483058929443,-6.190768241882324,16.11809539794922,-0.15040527284145355,0.7622746229171753,-1.6096203327178955
-0.45537906885147095,0.6064216494560242,0.17020651698112488,0.4608282148838043,0.668045699596405,0.14155231416225433,0.5668467283248901,-3.4065258502960205,-5.1273884773254395,-5.201849460601807,-0.2170381397008896,0.7496781349182129,1.3224056959152222,-1.0416946411132812
-0.10099303722381592,0.49436551332473755,0.10596594959497452,0.8932957053184509,-0.23439988493919373,-0.03982115164399147,-0.38143637776374817,-2.073141098022461,-2.8428268432617188,-3.5956804752349854,-1.0030310153961182,0.7693280577659607,0.5951991677284241,-0.28570520877838135
0.019506055861711502,0.4404606521129608,0.12605172395706177,0.790600597858429,-0.1259891241788864,-0.3646436631679535,-0.475512832403183,-2.8591301441192627,-3.8782951831817627,-4.260770320892334,-0.7069145441055298,-1.2873313426971436,-1.1455460786819458,-1.6029971837997437
0.0515887625515461,0.4821026623249054,0.16320638358592987,0.21893060207366943,0.6926015615463257,0.6249927878379822,0.285930871963501,-3.00471568107605,-3.908330202102661,-4.287247657775879,1.1261448860168457,-1.6588373184204102,-1.668568730354309,-1.7706499099731445
0.04922454431653023,0.5580071210861206,0.09924309700727463,0.922552227973938,-0.3014967441558838,-0.16337056457996368,-0.17693820595741272,-3.1025514602661133,-3.893826723098755,-4.205601692199707,-0.7922051548957825,-1.6984655857086182,-1.6449029445648193,-1.7724539041519165
0.006981567479670048,0.6173864603042603,0.09790109097957611,0.24773968756198883,0.5666684508323669,0.7722663283348083,0.14531584084033966,-2.6393892765045166,-3.7460546493530273,-4.217876434326172,0.05931173264980316,-1.3183413743972778,-0.9547317624092102,-1.745786428451538
-0.21909207105636597,0.5766856670379639,0.19007518887519836,0.9223780035972595,0.10808970034122467,0.04111963510513306,-0.36857107281684875,-2.4531755447387695,-3.1545183658599854,-3.5930399894714355,-0.7768560647964478,-0.2928885817527771,-0.36175087094306946,-1.6195611953735352
-0.3656642436981201,0.7138838768005371,0.11074867099523544,0.6503807306289673,-0.2657603621482849,-0.7078479528427124,-0.07299055904150009,-3.51039719581604,-4.133164882659912,-5.578461170196533,-0.9969764947891235,1.4552870988845825,1.6552478075027466,1.400321125984192
-0.3571299612522125,0.7204588651657104,0.11372030526399612,0.7963524460792542,0.2482558935880661,-0.4977812170982361,0.23749873042106628,-3.5293731689453125,-4.3894758224487305,-4.6722822189331055,-0.5366417765617371,0.26369431614875793,1.0044670104980469,-1.3436846733093262
-0.3357734680175781,0.710940957069397,0.16215476393699646,-0.4289628267288208,0.6952018737792969,0.28644677996635437,0.5006330609321594,-3.229531764984131,-4.610164642333984,-4.767994403839111,0.17113545536994934,-0.6470303535461426,0.2655152976512909,-1.5487380027770996
-0.3517652451992035,0.7297741770744324,0.1291234940290451,0.5905486941337585,0.6762253046035767,0.13998515903949738,0.4175831973552704,-3.339756488800049,-3.7207398414611816,-4.77215051651001,-1.7880939245224,0.5581245422363281,1.0703924894332886,0.20043297111988068
-0.4621870517730713,0.5991644859313965,0.17792436480522156,0.7108759880065918,-0.4145934581756592,-0.56641685962677,0.04404028132557869,-3.7686688899993896,-4.5179572105407715,-5.824984073638916,-0.4553249180316925,1.5272952318191528,1.64853835105896,1.0188086032867432
-0.40747445821762085,0.6274771094322205,0.13603083789348602,0.6210488677024841,-0.4529217779636383,-0.6396508812904358,-0.002636698540300131,-3.561638832092285,-4.522121429443359,-5.463261604309082,-0.06118213012814522,1.5323798656463623,1.6581705808639526,1.2227627038955688
-0.38755354285240173,0.6568627953529358,0.1654059737920761,0.7014430165290833,-0.374038964509964,-0.6000189781188965,-0.08972049504518509,-3.471536874771118,-4.455587863922119,-5.58548641204834,-0.8322402834892273,0.6858369708061218,1.1929800510406494,-0.7144882678985596
-0.40434110164642334,0.6413000822067261,0.16326804459095,0.6757661700248718,-0.4731867015361786,-0.5622155070304871,-0.05786276236176491,-3.7798545360565186,-4.706999778747559,-6.389031410217285,-0.23002925515174866,1.0092593431472778,1.4091969728469849,0.6836612820625305
-0.36815211176872253,0.6723947525024414,0.18451111018657684,-0.24817121028900146,0.817040205001831,0.34061190485954285,0.39349693059921265,-3.547670602798462,-4.857637405395508,-5.019927024841309,2.0812721252441406,-0.24875569343566895,0.5511826872825623,-1.236090898513794
-0.34302031993865967,0.7425351738929749,0.13195711374282837,0.7376261949539185,0.5899690985679626,0.32397910952568054,0.0536809042096138,-3.6543631553649902,-4.121469497680664,-4.750699520111084,-0.6133096218109131,-1.2078547477722168,-0.6917254328727722,-1.639578104019165
-0.33482882380485535,0.7478050589561462,0.1502411663532257,0.7164032459259033,-0.44018232822418213,-0.39732256531715393,-0.36761486530303955,-4.125076770782471,-4.269680500030518,-4.884638786315918,16.11809539794922,1.4116238355636597,1.566917896270752,1.5257446765899658
-0.18275104463100433,0.6922791004180908,0.08776189386844635,0.4938296675682068,0.2234170138835907,0.44168463349342346,0.7149348258972168,-2.9583215713500977,-3.9070048332214355,-4.1167449951171875,16.11809539794922,-1.3515002727508545,-1.4341604709625244,-1.7240159511566162
-0.07856309413909912,0.7668914198875427,0.06869125366210938,0.7462565302848816,-0.25280478596687317,-0.5746279954910278,0.22134502232074738,-2.8256707191467285,-3.5589232444763184,-3.8821513652801514,-1.9582933187484741,1.2381250858306885,1.6280739307403564,-1.472042441368103
0.0715518519282341,0.5878027677536011,0.14236098527908325,0.5436304807662964,0.09445523470640182,0.5004535913467407,0.6671508550643921,-2.9498419761657715,-3.2545299530029297,-3.309401273727417,-0.4340732991695404,1.2965459823608398,1.3479135036468506,0.7757415771484375
-0.23376603424549103,0.8000617623329163,0.07423508167266846,0.42756223678588867,0.4969460368156433,0.7051274180412292,0.27024152874946594,-2.0085794925689697,-4.0590386390686035,-4.322406768798828,0.27705374360084534,-0.32536596059799194,-0.6050586104393005,-1.5612258911132812
-0.2329624593257904,0.7650561928749084,0.08076057583093643,0.32776784896850586,0.5783514976501465,0.7333053946495056,0.14262183010578156,-2.8197202682495117,-4.114595413208008,-4.260647773742676,0.0075717647559940815,0.5062097311019897,0.18910667300224304,-0.7913295030593872
-0.20812958478927612,0.8143032193183899,0.07488754391670227,-0.09269700199365616,0.6402481198310852,0.7097098231315613,-0.27892938256263733,-3.4955174922943115,-4.114688396453857,-4.491656303405762,16.11809539794922,-1.6951037645339966,-1.762559175491333,-1.685579538345337
-0.19637136161327362,0.773077130317688,0.17468266189098358,0.876948356628418,-0.2960318326950073,-0.37136903405189514,-0.0735645741224289,-3.2371246814727783,-3.7305104732513428,-4.040200233459473,-0.6828336715698242,-1.590092420578003,-1.640737533569336,-1.7021629810333252
-0.02758197672665119,0.7925623059272766,0.10669831186532974,0.8443871736526489,0.23390093445777893,-0.45695042610168457,-0.15328733623027802,-2.9569625854492188,-3.647244453430176,-4.215590476989746,-1.3006150722503662,-1.6318563222885132,-1.3544940948486328,-1.7724539041519165
-0.13804948329925537,0.7691992521286011,0.1763942837715149,0.8712889552116394,0.41223159432411194,0.017357971519231796,0.2657431364059448,-3.3858516216278076,-3.770465612411499,-4.158565998077393,-1.238716721534729,0.2849331200122833,0.9689896106719971,-1.4151523113250732
-0.4980175793170929,0.45750337839126587,0.2326594442129135,0.6405583024024963,-0.08863028138875961,-0.7476052641868591,-0.15138058364391327,-3.1744306087493896,-3.6993191242218018,-5.112303256988525,-1.5994694232940674,1.2995883226394653,1.6885945796966553,0.013902606442570686
-0.4915144443511963,0.48874157667160034,0.2372448593378067,0.47743427753448486,0.6564632058143616,0.2603851854801178,0.522792637348175,-3.571068048477173,-4.4469451904296875,-5.464184761047363,-0.5191530585289001,1.6754220724105835,1.727543830871582,1.7046834230422974
-0.47688326239585876,0.5008394122123718,0.20567633211612701,0.5840775966644287,0.5811741352081299,0.32778629660606384,0.4622187316417694,-3.089071273803711,-3.9347667694091797,-4.9935503005981445,-0.6822367906570435,0.4568503797054291,1.2661231756210327,-1.535091519355774
-0.4959541857242584,0.43697217106819153,0.21807213127613068,0.5177155137062073,0.7494461536407471,0.1831703782081604,0.3697968125343323,-4.794424533843994,-5.953168869018555,-12.898846626281738,-0.9328200221061707,0.7715387344360352,1.2997994422912598,1.3276026248931885
-0.466086745262146,0.5261780023574829,0.20385459065437317,0.524268388748169,0.5404525399208069,0.15750177204608917,0.6389420032501221,-3.6535120010375977,-4.5922932624816895,-4.966707706451416,-0.610833466053009,-0.7258927822113037,0.18813149631023407,-1.4000627994537354
-0.4711476266384125,0.49182388186454773,0.20621302723884583,-0.4153599143028259,0.5369079113006592,0.7341033816337585,0.01727069728076458,-3.1837899684906006,-3.9925119876861572,-5.702981472015381,-2.2807047367095947,-1.506953477859497,-0.8596935868263245,-1.5467501878738403
-0.4762705862522125,0.5198736786842346,0.23400428891181946,0.6539782881736755,-0.34328141808509827,-0.6740893125534058,-0.008594343438744545,-3.3277945518493652,-4.476705551147461,-5.393149375915527,-1.113782286643982,0.2594797909259796,0.9285799264907837,0.06850047409534454
-0.43983572721481323,0.575917661190033,0.20314835011959076,-0.21056224405765533,0.6734413504600525,0.6845035552978516,0.1832897812128067,-3.262920618057251,-3.9282901287078857,-4.410614490509033,-2.4673538208007812,-1.0808672904968262,-0.6699742078781128,-1.5059314966201782
-0.4694446921348572,0.513191282749176,0.2396773397922516,0.7509967088699341,-0.19280678033828735,-0.6248019933700562,-0.09193473309278488,-3.3751022815704346,-4.283949375152588,-5.106865406036377,-0.07964220643043518,0.0914018303155899,0.9683237671852112,-1.01457679271698
-0.4569653272628784,0.5658595561981201,0.23035025596618652,0.4765141010284424,0.6770604848861694,0.19470103085041046,0.5259419679641724,-4.109622478485107,-4.449302673339844,-5.502786159515381,-0.04310760274529457,1.6061322689056396,1.7119570970535278,1.6040141582489014
-0.4748501181602478,0.5013054609298706,0.2670806348323822,0.7095608711242676,0.041344933211803436,-0.6758341193199158,-0.19509537518024445,-3.674750566482544,-4.018858909606934,-4.614391326904297,-0.7883889675140381,-0.9665200114250183,-0.14856351912021637,-1.5864894390106201
-0.47146502137184143,0.5241033434867859,0.27314236760139465,-0.4690251648426056,0.6552138328552246,0.566935122013092,0.17115730047225952,-3.830599308013916,-4.983127593994141,-6.06119441986084,-1.305312991142273,-1.6997041702270508,-1.2635512351989746,-1.76119863986969
-0.44320011138916016,0.5646283626556396,0.2646171450614929,0.3899131119251251,0.8068360686302185,0.1782955378293991,0.4064406454563141,-3.936347484588623,-4.169256687164307,-5.085360050201416,0.23056121170520782,-0.27103355526924133,0.48921555280685425,-1.3112828731536865
-0.4449673295021057,0.5318968296051025,0.29847970604896545,0.7163994312286377,-0.12700271606445312,-0.681633472442627,-0.07757574319839478,-3.558279275894165,-4.2640252113342285,-4.918457508087158,-1.472203254699707,-1.3905396461486816,-1.0325875282287598,-1.6169637441635132
-0.464525431394577,0.52656489610672,0.27933165431022644,0.533501386642456,0.659633219242096,0.4629216492176056,0.2568342685699463,-3.846679449081421,-4.177067279815674,-5.865076541900635,-0.44441455602645874,1.5249570608139038,1.6671557426452637,1.5865920782089233
-0.4913237392902374,0.43922188878059387,0.3397549092769623,0.7251909971237183,0.4436369240283966,0.4254133403301239,0.3103349506855011,-2.8497703075408936,-4.290146350860596,-4.653783321380615,-0.7139836549758911,0.37141355872154236,1.0721936225891113,-1.3482325077056885
-0.47778329253196716,0.4705667495727539,0.33378660678863525,0.7397217750549316,-0.36173754930496216,-0.5077036619186401,-0.2533666491508484,-3.4758083820343018,-3.785590887069702,-5.047792434692383,-1.5367225408554077,1.3996797800064087,1.5476679801940918,1.2671327590942383
-0.4609602093696594,0.5072320103645325,0.3101825714111328,0.5105117559432983,0.5344777703285217,0.6667191386222839,0.09590006619691849,-3.8533201217651367,-4.324752330780029,-5.2339043617248535,0.25646987557411194,-0.435364693403244,0.3822871446609497,-1.1510646343231201
-0.44038501381874084,0.5685521364212036,0.28266167640686035,0.4571959674358368,0.7706944346427917,0.36671021580696106,0.2500510811805725,-3.5719683170318604,-4.773344993591309,-5.5596795082092285,-1.2114382982254028,1.2271760702133179,1.546399712562561,0.7216749787330627
-0.4375777840614319,0.5821676850318909,0.24794772267341614,0.7291160821914673,-0.07212679088115692,-0.5930338501930237,-0.333913654088974,-3.893843173980713,-4.005707263946533,-5.379655361175537,-0.2341664433479309,1.145072340965271,1.5934950113296509,-1.1059459447860718
0.02385781891644001,0.3298809230327606,0.2427803874015808,0.46380606293678284,0.30788654088974,0.2725124657154083,0.7847462892532349,-2.383617639541626,-3.334388256072998,-4.572585582733154,-0.9394288659095764,-1.7346715927124023,-1.7682113647460938,-1.7724539041519165
-0.4584890902042389,0.601297914981842,0.179175466299057,0.5159355998039246,0.7175687551498413,0.13956552743911743,0.44657251238822937,-3.423067808151245,-4.640505313873291,-5.728240013122559,-0.23706065118312836,0.9570958018302917,1.441489815711975,-0.5731620192527771
-0.43716949224472046,0.6216917634010315,0.2099371999502182,0.799739420413971,-0.3676760792732239,-0.47455713152885437,0.00516925472766161,-4.003229141235352,-4.415996074676514,-5.546816349029541,0.7087018489837646,0.06161688640713692,0.8493074774742126,-1.4548964500427246
-0.43446215987205505,0.6222057938575745,0.2295890748500824,0.8423592448234558,-0.38598117232322693,-0.36950597167015076,0.07010523974895477,-4.155890464782715,-5.318361282348633,-5.466514587402344,-1.2852578163146973,0.783555269241333,1.2937946319580078,0.38877031207084656
-0.42684099078178406,0.6300262808799744,0.21790306270122528,0.6425418257713318,-0.5438188314437866,-0.4927904009819031,-0.2203603982925415,-3.667140007019043,-4.458487033843994,-4.8797383308410645,-0.44131746888160706,1.4704139232635498,1.5691479444503784,1.5528908967971802
-0.3909006118774414,0.6585617661476135,0.1724201738834381,0.7153592109680176,0.5797704458236694,0.38630199432373047,0.05383499711751938,-3.7262725830078125,-4.743186950683594,-5.5451130867004395,-2.5565872192382812,-1.1787657737731934,-1.1582016944885254,-1.582565188407898
-0.38971516489982605,0.6427455544471741,0.24326588213443756,0.7249549031257629,0.6095206141471863,-0.12897594273090363,0.293751984834671,-3.8111422061920166,-4.480560302734375,-4.716210842132568,0.6560834050178528,-0.7649462819099426,-0.03186679631471634,-1.5004581212997437
-0.3798287808895111,0.6257739663124084,0.2319549173116684,0.4225728213787079,0.3561307191848755,0.6568562388420105,0.5129746198654175,-3.4540770053863525,-4.249551296234131,-4.382587909698486,-2.2957937717437744,0.45210757851600647,1.0912647247314453,-1.439881682395935
-0.40748241543769836,0.6196926832199097,0.25469404458999634,0.5235891938209534,0.6885931491851807,0.48376938700675964,0.13289481401443481,-3.4615252017974854,-4.313199043273926,-5.133194446563721,-0.5219209790229797,0.005842634942382574,0.7652169466018677,-1.1950777769088745
-0.3129749894142151,0.7454311847686768,0.16297118365764618,0.9446712136268616,0.28089454770088196,0.16920886933803558,-0.007934329099953175,-3.547778844833374,-3.84731125831604,-4.196535587310791,-0.4179774224758148,-0.9054055213928223,0.14214938879013062,-1.623279094696045
-0.3446194529533386,0.7357931137084961,0.17448408901691437,-0.4215357303619385,0.7992715835571289,0.28524670004844666,0.31954172253608704,-4.164615154266357,-5.314580917358398,-6.738983631134033,-1.1445597410202026,-1.735985517501831,-1.6875700950622559,-1.7724539041519165
-0.3320840895175934,0.7251868844032288,0.19081830978393555,0.8532904982566833,-0.20063140988349915,-0.4103958308696747,-0.25143128633499146,-4.03978157043457,-4.769193172454834,-5.797868728637695,-0.8070107102394104,-0.3707626760005951,0.24204261600971222,-0.0236645620316267
-0.310916930437088,0.7630417346954346,0.18862399458885193,0.5485284924507141,0.831936776638031,-0.0835573747754097,-0.0039823828265070915,-4.0157575607299805,-4.32000732421875,-4.80975866317749,-0.07147818058729172,1.471502661705017,1.5313435792922974,1.6147245168685913
-0.36444398760795593,0.6799435615539551,0.22643619775772095,0.7000483870506287,-0.3039802610874176,-0.596278190612793,-0.24895904958248138,-3.7905750274658203,-4.1355881690979,-5.304726600646973,-1.6901105642318726,1.6623988151550293,1.7362277507781982,1.557505488395691
-0.36470967531204224,0.6709281802177429,0.23058730363845825,0.5414062142372131,0.7894234657287598,0.03863456845283508,0.286700576543808,-3.89129900932312,-4.026092529296875,-5.344369888305664,-0.044227417558431625,0.1807740032672882,0.7771739363670349,0.09029684960842133
-0.36517876386642456,0.6663457751274109,0.24474705755710602,0.8348434567451477,-0.19503852725028992,-0.5124004483222961,-0.049417730420827866,-3.5076541900634766,-3.9411044120788574,-4.647245407104492,-2.002190113067627,-1.618361473083496,-1.3705500364303589,-1.7644037008285522
-0.31529751420021057,0.7193714380264282,0.22906680405139923,-0.20863766968250275,0.4482061266899109,0.6799426674842834,0.541534423828125,-4.063268661499023,-4.3333210945129395,-5.215456962585449,-0.5284618735313416,1.77240788936615,1.7704248428344727,1.55995774269104
-0.31590428948402405,0.7441803216934204,0.21138787269592285,-0.393761545419693,0.7967463731765747,0.30585774779319763,0.3414645791053772,-4.071588516235352,-5.115525245666504,-5.709781646728516,0.4244422912597656,-1.026310920715332,-0.3586549758911133,-1.7448424100875854
-0.29284170269966125,0.7664734125137329,0.20789726078510284,0.4623636305332184,0.7317678332328796,0.07015908509492874,0.49579572677612305,-3.9740822315216064,-4.201234817504883,-4.948299407958984,-1.1675236225128174,0.40664052963256836,1.3168342113494873,-1.3147828578948975
-0.30125534534454346,0.7231228947639465,0.232762411236763,0.47267043590545654,0.7501638531684875,0.05290812626481056,0.4593883156776428,-3.7432117462158203,-4.313305377960205,-4.775571346282959,0.2171526700258255,-0.53944993019104,0.2301052361726761,-1.2780603170394897
-0.45606398582458496,0.5703554153442383,0.2488059103488922,0.6456620097160339,-0.5598486661911011,-0.5183915495872498,0.030987154692411423,-4.449485778808594,-5.540684223175049,-6.281040191650391,1.0690269470214844,1.4256212711334229,1.648427963256836,0.549509584903717
-0.452454537153244,0.5663945078849792,0.24612723290920258,-0.13616816699504852,0.8524551391601562,0.4002099931240082,0.30758798122406006,-5.797391414642334,-10.469264030456543,-5.913132190704346,1.1143606901168823,1.1051770448684692,0.7437354922294617,1.7724539041519165
-0.43324708938598633,0.5882624983787537,0.2633693218231201,0.4717639982700348,0.763556182384491,0.3861251473426819,0.21290381252765656,-3.900692939758301,-4.5949482917785645,-5.843932151794434,-0.0884692445397377,1.6718844175338745,1.7451072931289673,1.6497057676315308
-0.371736079454422,0.5961896181106567,0.2562465965747833,0.6195266246795654,0.719965398311615,-0.2649596929550171,-0.16623158752918243,-3.666213274002075,-4.251747131347656,-4.688543319702148,-1.7929973602294922,-1.5686417818069458,-1.3993456363677979,-1.6746171712875366
-0.37057197093963623,0.6415989995002747,0.2574857473373413,0.8395588994026184,0.3805091977119446,0.0021099369041621685,-0.3877488672733307,-3.9890475273132324,-4.418644905090332,-5.121084690093994,-0.3970820903778076,-1.2336362600326538,-0.5290037989616394,-1.7470003366470337
-0.43373554944992065,0.5737408995628357,0.30372774600982666,-0.3277185261249542,0.5598760843276978,0.7318177223205566,0.20876339077949524,-4.259234428405762,-5.3262715339660645,-5.792281627655029,-2.2021920680999756,1.2815455198287964,1.1423602104187012,1.7028366327285767
-0.39856308698654175,0.6173120141029358,0.3114153742790222,0.4810280203819275,0.6445146799087524,0.13245193660259247,0.5793697834014893,-3.52178692817688,-4.21662712097168,-5.377875804901123,-0.7542970180511475,-0.5410601496696472,0.02020169422030449,-1.4408527612686157
-0.3222637474536896,0.6631845831871033,0.3128347396850586,0.626107394695282,0.5871134996414185,0.4428514242172241,0.2591715455055237,-3.2206404209136963,-3.901860475540161,-4.417184352874756,0.6664698719978333,-0.7938200831413269,0.2265251874923706,-1.704307198524475
-0.371111124753952,0.6211879253387451,0.29834404587745667,0.887516975402832,0.30575117468833923,0.3337865471839905,0.08611850440502167,-3.4375269412994385,-4.326238632202148,-4.5641608238220215,-1.5931024551391602,1.5460309982299805,1.7088313102722168,0.2951236367225647
-0.3520677983760834,0.6585879325866699,0.28614678978919983,0.8103048801422119,0.445838063955307,0.2569747269153595,0.28035402297973633,-3.431755781173706,-4.638943195343018,-5.486717224121094,-1.2688930034637451,1.5292521715164185,1.594376564025879,1.0647075176239014
-0.3532383143901825,0.6613632440567017,0.32863131165504456,0.5425986647605896,0.7035119533538818,0.2241266518831253,0.40053072571754456,-3.3316030502319336,-4.063270568847656,-4.502514362335205,-0.48276442289352417,0.3096505105495453,0.8363490104675293,0.15798303484916687
-0.30002421140670776,0.6760177612304688,0.2864355444908142,0.6343697309494019,0.5176334977149963,0.4836658239364624,0.3093508780002594,-3.2575714588165283,-3.8604178428649902,-4.549163341522217,-1.7638956308364868,-1.6280896663665771,-1.3951449394226074,-1.6498212814331055
-0.2576926350593567,0.7307562828063965,0.19233722984790802,0.1701442152261734,0.4897690713405609,0.5952878594398499,0.6138481497764587,-3.2186710834503174,-3.6627907752990723,-4.228851795196533,-0.3159417510032654,-0.5726121068000793,0.052579060196876526,0.07264085114002228
-0.2326899766921997,0.6687515377998352,0.21425367891788483,0.3427962064743042,0.452714204788208,0.5459424257278442,0.6160255670547485,-3.146710157394409,-3.749640464782715,-4.118619441986084,-0.6962391138076782,-1.7232836484909058,-1.6288729906082153,-1.770146131515503
-0.3199158310890198,0.6735165119171143,0.2854374647140503,0.438514769077301,0.5304556488990784,0.7133699059486389,0.1320037543773651,-4.333797454833984,-4.773443222045898,-4.875141620635986,0.08851121366024017,-0.9797149300575256,-0.553151547908783,-1.7724539041519165
-0.2749873399734497,0.7145192623138428,0.31594792008399963,0.8986207246780396,-0.33985549211502075,-0.25805428624153137,0.10191687196493149,-3.550595760345459,-4.042454719543457,-4.552047252655029,0.2327580451965332,0.19895869493484497,1.046601414680481,-1.1683945655822754
-0.2852114737033844,0.7005796432495117,0.3334924876689911,0.7923113703727722,-0.061122484505176544,-0.5537799000740051,-0.2486654818058014,-3.6011064052581787,-4.0033135414123535,-4.323007583618164,0.756487250328064,1.7226006984710693,1.7488363981246948,1.6771808862686157
-0.17802201211452484,0.7041559219360352,0.2312231957912445,-0.2818413972854614,0.5966767072677612,0.7286139726638794,-0.18347744643688202,-3.0292906761169434,-3.8345985412597656,-5.069833755493164,1.987311601638794,-1.7308443784713745,-1.712396264076233,-1.7724539041519165
-0.27002397179603577,0.7642470598220825,0.21464213728904724,0.5826644897460938,0.008476320654153824,-0.5927028059959412,-0.555997908115387,-3.608619213104248,-4.002150058746338,-4.780293941497803,-1.4460725784301758,0.7836689949035645,1.0695430040359497,0.5773075819015503
-0.25574010610580444,0.7432464957237244,0.19328221678733826,-0.34779092669487,0.34827902913093567,0.8467150926589966,-0.20203150808811188,-3.4635345935821533,-4.085061550140381,-4.700801372528076,16.11809539794922,1.7615476846694946,1.7153937816619873,1.5719376802444458
0.07369828969240189,0.6731475591659546,0.17235931754112244,0.9449144601821899,0.22692380845546722,-0.1930796504020691,-0.13550831377506256,-2.921412944793701,-3.4020299911499023,-4.421714782714844,-0.05365099757909775,-1.7237780094146729,-1.7504587173461914,-1.7724539041519165
-0.12318656593561172,0.7797593474388123,0.1497620940208435,0.5167233943939209,-0.40036657452583313,-0.7489846348762512,-0.1082846000790596,-3.2879464626312256,-3.9120142459869385,-4.214416980743408,-0.43907198309898376,-1.7098021507263184,-1.5918101072311401,-1.7724539041519165
-0.23857460916042328,0.7595939636230469,0.23683257400989532,0.5946211814880371,0.716788649559021,-0.25090035796165466,-0.2639862298965454,-3.5427167415618896,-3.983560085296631,-4.314694404602051,-0.191034197807312,-0.5397530198097229,0.6230729818344116,-1.3742073774337769
-0.20500612258911133,0.762856125831604,0.262612909078598,0.9567123651504517,-0.16707253456115723,-0.10544807463884354,0.21370284259319305,-3.7596161365509033,-4.126593112945557,-4.8073201179504395,-0.7758495807647705,-1.5708311796188354,-1.3800452947616577,-1.772354245185852
-0.2693205177783966,0.7271438241004944,0.2871396839618683,0.7071537971496582,0.6072755455970764,0.0042554778046905994,0.3621213436126709,-3.9268147945404053,-4.402039051055908,-5.363492965698242,-0.9454417824745178,1.7555664777755737,1.7724539041519165,1.1613171100616455
-0.2662699818611145,0.7203529477119446,0.3569219708442688,-0.4279312789440155,-0.23856064677238464,0.8615769743919373,-0.13284850120544434,-3.2483839988708496,-4.162485122680664,-5.509961128234863,-0.8819311261177063,-1.5481294393539429,-1.5035264492034912,-1.7691730260849
-0.22489631175994873,0.752389132976532,0.3403308093547821,0.5271685123443604,-0.02349088154733181,-0.8112109303474426,-0.2519492506980896,-3.392771005630493,-4.493005752563477,-5.8252482414245605,0.47175946831703186,1.5210494995117188,1.7503353357315063,1.1446534395217896
-1.0850781202316284,0.0027316552586853504,0.3848309814929962,0.7035411596298218,0.7102372050285339,-0.024136286228895187,0.00321436719968915,-2.6132259368896484,-3.3638248443603516,-5.394990921020508,-2.196315288543701,-1.5895380973815918,-1.6489384174346924,-1.6155169010162354
-1.009440541267395,0.008150593377649784,0.4544816315174103,0.6865436434745789,0.6838712692260742,-0.17413511872291565,0.17508545517921448,-2.88535475730896,-3.1129310131073,-6.385807514190674,-3.049912691116333,1.1677725315093994,1.0726443529129028,1.0906540155410767
-0.9409106969833374,0.0069588180631399155,0.44597649574279785,0.5350585579872131,-0.5314031839370728,-0.47087234258651733,-0.45782333612442017,-2.700617790222168,-3.2623233795166016,-5.50329065322876,-2.7250430583953857,-0.598351001739502,-0.6951521039009094,-0.6058556437492371
-1.1523988246917725,0.0037085029762238264,0.3887680768966675,0.7586771845817566,0.6354475021362305,-0.10676414519548416,0.09600438922643661,-3.4878129959106445,-6.289366722106934,-6.974155426025391,16.11809539794922,-1.6336802244186401,-1.6740518808364868,-1.674386739730835
-1.1088215112686157,0.006912365555763245,0.5334670543670654,0.6560401916503906,0.6645287275314331,-0.2537444531917572,0.2522430419921875,-2.502596616744995,-3.2597568035125732,-6.043045520782471,-3.1476104259490967,1.6377403736114502,1.5027836561203003,1.435081958770752
-0.9950675964355469,0.007825014181435108,0.4404105544090271,0.7013276219367981,0.7042571306228638,-0.07707659900188446,0.0788712278008461,-2.9665162563323975,-3.749023199081421,-6.116647720336914,-2.1920979022979736,1.727599024772644,1.7245887517929077,1.652857780456543
-1.0383079051971436,0.00772964209318161,0.5377185344696045,0.692018985748291,0.7124834656715393,-0.08121512085199356,0.08295293152332306,-2.267411947250366,-3.657724380493164,-6.32086706161499,-1.817396640777588,0.18560542166233063,0.06343460828065872,0.12208892405033112
-0.9079201221466064,0.008701778016984463,0.4400539994239807,0.7094625234603882,0.6978936791419983,-0.07089658081531525,0.06768281012773514,-3.1526472568511963,-3.917038679122925,-6.160455226898193,-1.8882771730422974,0.47004973888397217,0.3343198001384735,0.42183899879455566
-0.8754943013191223,0.008391594514250755,0.3778763711452484,-0.4770141839981079,0.486065149307251,0.5097751021385193,0.5256686210632324,-3.3700387477874756,-3.5328924655914307,-6.476692199707031,-2.9834342002868652,1.6773542165756226,1.7565668821334839,1.7333300113677979
-0.7998862862586975,0.007042639423161745,0.3643205165863037,0.6091089844703674,-0.592067539691925,-0.38042953610420227,-0.36567139625549316,-3.7768781185150146,-3.975217580795288,-6.091111183166504,-1.7678492069244385,0.5977694392204285,0.31858745217323303,0.2330029010772705
-0.8221747875213623,0.00844811275601387,0.4009186923503876,0.7010024189949036,0.678804874420166,-0.1565989851951599,0.15263108909130096,-3.51248836517334,-4.30753755569458,-6.051352024078369,-1.4619429111480713,0.9309572577476501,0.694865882396698,0.7391420602798462
-0.8300861716270447,0.007678456604480743,0.46811172366142273,0.6832546591758728,0.7055426836013794,0.13945549726486206,-0.12619349360466003,-3.856818914413452,-4.1688551902771,-6.38051176071167,-1.3879384994506836,-0.07653582096099854,-0.12006618827581406,-0.023239996284246445
-0.7621853947639465,0.26532915234565735,0.3832755982875824,-0.17166827619075775,0.5890146493911743,0.6100857853889465,0.5013852119445801,-3.3225128650665283,-3.920107364654541,-4.453691005706787,-0.4524005651473999,0.9645168781280518,1.0398236513137817,1.019802451133728
-0.7286273837089539,0.3031070828437805,0.3868480324745178,0.5784966349601746,0.8031167984008789,0.11967676877975464,0.07760489732027054,-2.937356948852539,-3.845358371734619,-5.076298713684082,-3.0483124256134033,-1.5111678838729858,-1.2026220560073853,-1.6359083652496338
-0.744500994682312,0.3028794825077057,0.38959771394729614,0.6343645453453064,0.7473325729370117,0.18495719134807587,0.06976040452718735,-3.1284565925598145,-4.179669380187988,-5.464021682739258,-0.3582642376422882,-0.15053623914718628,0.5918659567832947,-0.27697211503982544
-0.7432238459587097,0.29572632908821106,0.42035630345344543,0.6121672987937927,-0.3011009991168976,-0.5128677487373352,-0.5211104154586792,-3.4635934829711914,-3.730069398880005,-4.5846967697143555,-1.1743665933609009,1.4928885698318481,1.6247425079345703,1.596266269683838
-0.6774253249168396,0.31169429421424866,0.41806459426879883,0.5180104970932007,-0.28732722997665405,-0.5320258140563965,-0.6050262451171875,-3.620640277862549,-3.953896999359131,-5.273702621459961,0.22708117961883545,-0.944653332233429,-0.23782792687416077,-0.9219039678573608
-0.750209629535675,0.2951863408088684,0.41047999262809753,0.6544667482376099,0.7395376563072205,0.11400496959686279,0.10844450443983078,-3.3321447372436523,-3.956714153289795,-5.420056343078613,-1.0844292640686035,-0.7473829388618469,-0.02243332751095295,-0.896420955657959
-0.7988116145133972,0.2699507176876068,0.386555939912796,-0.19837696850299835,-0.03525165840983391,0.3310891091823578,0.9218372702598572,-5.956155300140381,-9.696358680725098,-4.4349775314331055,-1.1569843292236328,-1.07737398147583,-1.4805203676223755,-1.7585523128509521
-0.7305662631988525,0.29296818375587463,0.4289899468421936,0.6061452627182007,-0.2528202533721924,-0.5581126809120178,-0.5071292519569397,-3.794429063796997,-4.381014823913574,-4.916966915130615,0.1911160796880722,-1.280563235282898,-0.1578940749168396,-1.7129226922988892
-0.6781075596809387,0.2965819239616394,0.45245620608329773,0.5629518628120422,-0.4284571409225464,-0.33577242493629456,-0.6219055652618408,-3.735440492630005,-4.283448219299316,-4.981112480163574,-1.5065237283706665,1.5129129886627197,1.6893243789672852,1.1756469011306763
-0.6132994294166565,0.31563058495521545,0.4231727123260498,0.5569176077842712,0.8290629386901855,0.03744296729564667,-0.0330972746014595,-3.4726321697235107,-3.83119535446167,-4.877458572387695,-1.5733696222305298,0.5206009745597839,0.9792557954788208,0.5393868088722229
-0.6361587643623352,0.31452617049217224,0.4211076498031616,0.6963896155357361,-0.3242563307285309,-0.35494619607925415,-0.5328344106674194,-3.886050224304199,-4.526059627532959,-5.347108840942383,1.7578920125961304,-1.5216630697250366,-0.7926422953605652,-1.6013143062591553
-0.5812239050865173,0.306579053401947,0.4343876838684082,0.4988800883293152,0.8557332158088684,-0.045858241617679596,0.1293690949678421,-3.7341501712799072,-4.055637836456299,-5.241445541381836,16.11809539794922,-1.7137010097503662,-0.7416735887527466,-1.754311203956604
-0.6289103031158447,0.3104061484336853,0.4147650897502899,0.6743637323379517,0.7375300526618958,0.028990771621465683,0.02103704772889614,-3.5869860649108887,-4.501620769500732,-5.302946090698242,-1.2368896007537842,-0.07630234211683273,-0.057176072150468826,-0.04464709013700485
-0.6823278665542603,0.28820353746414185,0.480734646320343,0.5877767205238342,0.7918708920478821,-0.08450043946504593,0.14254339039325714,-3.176452398300171,-4.084024906158447,-5.582738876342773,-1.58290696144104,0.8468707799911499,1.5083682537078857,0.9069080948829651
-0.5152075290679932,0.25772714614868164,0.4700956642627716,0.7642870545387268,0.6077027916908264,-0.21550199389457703,0.011021008715033531,-2.914931297302246,-3.8324902057647705,-4.2683210372924805,-0.9040554761886597,-1.7724539041519165,-1.7058857679367065,-1.7687023878097534
-0.6949070692062378,0.30020490288734436,0.4390541911125183,0.6071110963821411,0.787982702255249,-0.03970780596137047,0.09446004033088684,-3.9961578845977783,-5.123979091644287,-6.494016170501709,-2.567755937576294,1.0406056642532349,1.6805918216705322,-1.476441740989685
-0.6452913880348206,0.30443572998046875,0.4414098262786865,-0.19837696850299835,0.8665100336074829,-0.391915500164032,0.23708467185497284,-4.258322715759277,-10.618002891540527,-5.558979034423828,-1.2227606773376465,1.3971107006072998,1.7724539041519165,1.7724539041519165
-1.1438008546829224,-0.010867257602512836,0.5233914256095886,0.7606251239776611,0.5297831296920776,-0.24219225347042084,0.2865696847438812,-2.694739580154419,-3.4057791233062744,-4.725193977355957,-1.4252122640609741,-1.4370697736740112,-1.5286834239959717,-1.5606582164764404
-0.849272608757019,-0.032776907086372375,0.5222931504249573,0.8643070459365845,0.5024405121803284,-0.02002522349357605,0.011219728738069534,-2.5657637119293213,-3.2193284034729004,-3.4143452644348145,-0.7316114902496338,-1.6243374347686768,-1.7550047636032104,-1.7528634071350098
-0.9298737049102783,0.009562201797962189,0.5307170748710632,-0.4128473103046417,0.41931307315826416,0.5595203042030334,0.5836700201034546,-3.157215118408203,-5.158812999725342,-6.5975117683410645,-2.395486831665039,1.7665562629699707,1.766819715499878,1.7511744499206543
-0.8568421602249146,0.009142736904323101,0.5033475160598755,0.5827796459197998,-0.5942497849464417,-0.3935032784938812,-0.39037197828292847,-3.753739356994629,-3.9914400577545166,-6.314443588256836,-0.5919179916381836,1.4624770879745483,1.1808557510375977,1.012941837310791
-0.8490001559257507,0.009739079512655735,0.5351666808128357,-0.332042932510376,0.31822845339775085,0.6327860951423645,0.6229445338249207,-2.898947238922119,-4.161205768585205,-5.637081623077393,-2.9457008838653564,1.0029642581939697,0.6584749817848206,0.6665830612182617
-0.6659975051879883,0.27878159284591675,0.49181103706359863,0.6132413148880005,0.7700378894805908,-0.1191931813955307,0.1294977068901062,-3.224642038345337,-4.1863112449646,-5.353641033172607,0.3789415657520294,-1.3604216575622559,-0.24737583100795746,-1.572953701019287
-0.8052606582641602,0.2500917911529541,0.5481164455413818,0.5961725115776062,-0.06377267837524414,-0.7952466607093811,-0.08996749669313431,-3.2841551303863525,-6.593453407287598,-6.796772480010986,-0.16176633536815643,1.1901955604553223,1.022653579711914,1.1685705184936523
-0.5361560583114624,0.2712014615535736,0.49389779567718506,0.5527564883232117,0.8333242535591125,-0.003950110170990229,0.0039138272404670715,-3.258350133895874,-3.8992674350738525,-5.344440460205078,0.34176263213157654,-1.539611577987671,-0.6073126196861267,-1.7724539041519165
-0.5720996856689453,0.26736897230148315,0.5080550312995911,0.7686975002288818,0.6207826137542725,-0.15097564458847046,0.030650736764073372,-3.4216880798339844,-4.317537307739258,-4.916091442108154,-0.04748029261827469,-1.7607454061508179,-0.7885227799415588,-1.772438406944275
-0.5937919616699219,0.2805502414703369,0.48463112115859985,0.5862798690795898,0.7274259924888611,0.3022339344024658,-0.1891612708568573,-3.2836368083953857,-3.858621120452881,-4.911184787750244,0.3202930688858032,-1.2851459980010986,0.05838124826550484,-1.6326203346252441
-0.6008326411247253,0.28173965215682983,0.5090515613555908,-0.32903051376342773,0.24174094200134277,0.584229588508606,0.7014100551605225,-3.800891876220703,-4.54270601272583,-4.923125743865967,-0.8889933228492737,0.3741978108882904,1.034791111946106,-0.1532583236694336
-0.6652723550796509,0.27069514989852905,0.5193489789962769,0.8299490809440613,0.5083202123641968,-0.2233910858631134,0.05377262085676193,-3.903136730194092,-5.564075946807861,-6.5427656173706055,-1.4575834274291992,-1.7622472047805786,-1.4369615316390991,-1.7724539041519165
-0.5270624160766602,0.30122822523117065,0.454792857170105,0.6260784268379211,0.05048825591802597,-0.6735493540763855,-0.3896254003047943,-2.764402389526367,-3.7554876804351807,-3.961327314376831,-2.2189319133758545,-1.7724539041519165,-1.6348854303359985,-1.7724539041519165
-0.36906498670578003,0.1921701580286026,0.41038307547569275,0.719882071018219,0.5828607082366943,0.08980726450681686,0.36602985858917236,-3.0723111629486084,-3.7295937538146973,-4.5565505027771,-0.6133093237876892,-0.6253162026405334,0.7810640931129456,-1.1225594282150269
-0.34892603754997253,0.19898419082164764,0.445574015378952,0.6329469084739685,0.6643032431602478,0.027569398283958435,0.3966350257396698,-3.0559020042419434,-3.548142671585083,-5.202094078063965,-1.546250581741333,0.7811827659606934,1.7713943719863892,-1.309810757637024
-0.3764169216156006,0.19252420961856842,0.4313187301158905,0.720335841178894,0.5740906596183777,0.018790297210216522,0.38882267475128174,-3.1985392570495605,-3.793397903442383,-4.22116756439209,-0.6859403252601624,-1.1949976682662964,-0.23922690749168396,-0.24062879383563995
-0.3879413902759552,0.26794877648353577,0.4580579698085785,-0.18594376742839813,0.7033982872962952,0.6067929267883301,-0.32009077072143555,-3.03116512298584,-3.3695716857910156,-3.532566547393799,-0.9689110517501831,0.8512675166130066,1.639508605003357,-0.020486872643232346
-0.3590831160545349,0.18046081066131592,0.5339170694351196,0.2949000298976898,0.284214586019516,0.8627247214317322,0.29658398032188416,-2.407393217086792,-3.07004451751709,-4.1134033203125,-0.27441203594207764,-1.2508760690689087,-0.11908184736967087,-1.7694422006607056
-0.6860305070877075,0.43461790680885315,0.32760411500930786,0.8951482176780701,0.15904255211353302,0.2105322629213333,-0.3592927157878876,-3.8461575508117676,-4.636506080627441,-5.514516353607178,16.11809539794922,-1.6065621376037598,-0.8433641195297241,-1.7651416063308716
-0.7224485278129578,0.4422971308231354,0.3363347053527832,0.9348705410957336,-0.1677200049161911,0.16133831441402435,-0.26806163787841797,-4.659156322479248,-5.48454475402832,-5.7762861251831055,16.11809539794922,-1.008702278137207,0.05185796320438385,-1.7320317029953003
-0.7481858134269714,0.4769847095012665,0.3672979772090912,-0.23688821494579315,0.41962164640426636,0.8583735227584839,0.17605847120285034,-3.3820149898529053,-4.311781406402588,-5.388830661773682,0.3795783519744873,0.583156943321228,1.4207344055175781,-1.546770453453064
-0.7491996884346008,0.4767332375049591,0.3586515188217163,0.927804172039032,0.2802456021308899,0.20352007448673248,-0.1386413425207138,-3.9369451999664307,-4.4193220138549805,-5.409316539764404,2.0419931411743164,1.6367151737213135,1.6188533306121826,1.7635139226913452
-0.7637115120887756,0.4967646598815918,0.375001460313797,-0.33830076456069946,0.5790483355522156,0.7398804426193237,0.053221575915813446,-3.6071033477783203,-4.360507488250732,-5.745128631591797,1.0018516778945923,1.1211938858032227,1.4775248765945435,0.7214664220809937
-0.7478697299957275,0.5092108249664307,0.3821079730987549,-0.3447228968143463,0.5851314663887024,0.7261255979537964,-0.10737257450819016,-3.6791625022888184,-4.4636030197143555,-5.114335536956787,1.6365183591842651,-0.9423661231994629,0.24887119233608246,-1.7117505073547363
-0.7702592015266418,0.4922359883785248,0.38568058609962463,-0.2691846489906311,0.6677223443984985,0.6833254098892212,0.12146145850419998,-4.1527628898620605,-4.466269493103027,-5.773063659667969,16.11809539794922,-0.46747085452079773,0.6390721201896667,-1.5682799816131592
-0.6903918385505676,0.5393701791763306,0.329894483089447,0.7873991131782532,0.1642584204673767,0.4457104802131653,0.3928918242454529,-3.5134854316711426,-4.215962886810303,-5.800566673278809,-1.0872106552124023,-1.624635934829712,-0.7271497249603271,-1.7724539041519165
-0.7116227149963379,0.5231971144676208,0.3611631691455841,-0.39792266488075256,0.2857445776462555,0.8635543584823608,-0.11950493603944778,-3.785706043243408,-4.422058582305908,-5.677419662475586,3.243411064147949,-0.7138317227363586,0.33906954526901245,-1.6233993768692017
-0.7062276601791382,0.48390117287635803,0.35384848713874817,-0.203348308801651,0.6301391124725342,0.7370659708976746,-0.13530661165714264,-4.285194396972656,-4.495090484619141,-5.229820728302002,16.11809539794922,-1.3185703754425049,-0.3220587968826294,-1.752568006515503
-0.7320408225059509,0.5027011036872864,0.37056344747543335,-0.32774049043655396,0.5199644565582275,0.7837613821029663,-0.08911357074975967,-3.6227688789367676,-4.307683944702148,-5.472661972045898,0.6288818717002869,0.830968976020813,1.5216506719589233,-1.409844160079956
-0.7364059090614319,0.5406286120414734,0.375354528427124,-0.4070190191268921,0.22572371363639832,0.8839004635810852,-0.04587225243449211,-3.4980335235595703,-4.165706634521484,-5.21090841293335,0.14572079479694366,1.3206342458724976,1.625395655632019,0.8082931637763977
-0.7297139763832092,0.546963632106781,0.3747985064983368,0.7443235516548157,0.18374238908290863,0.3375871777534485,0.5461282134056091,-3.6635944843292236,-4.0292768478393555,-5.645148277282715,0.9682602286338806,-0.3187312185764313,0.7864500284194946,-1.6910979747772217
-0.7531943321228027,0.5871099233627319,0.3897191286087036,0.37878841161727905,0.24337156116962433,0.5122760534286499,0.7313432097434998,-3.6426563262939453,-4.397257328033447,-5.1101393699646,-0.3999197781085968,-1.4331213235855103,-0.5502137541770935,-1.7672165632247925
-0.7848119139671326,0.5352631211280823,0.4163021743297577,-0.3132546544075012,0.4468596577644348,0.8378209471702576,0.015620147809386253,-3.497765302658081,-4.253337860107422,-5.374579906463623,-0.4380982518196106,0.4307365119457245,1.3003697395324707,-1.2751517295837402
-0.7937948703765869,0.5354939699172974,0.4183669984340668,-0.3896998167037964,0.5280517339706421,0.751242458820343,-0.07021503150463104,-3.8009192943573,-4.406591892242432,-5.653895378112793,-0.04630087688565254,1.1468493938446045,1.4334890842437744,0.7919944524765015
-0.7758147716522217,0.5324667096138,0.41425561904907227,-0.40787050127983093,0.12885881960391998,0.8897368907928467,-0.15939049422740936,-4.300148963928223,-4.618149757385254,-5.262732982635498,16.11809539794922,-0.9405417442321777,0.21817287802696228,-1.6084747314453125
-0.762037456035614,0.5554273128509521,0.40510475635528564,0.9252752065658569,-0.07874149084091187,0.36600401997566223,-0.06088198721408844,-3.845780849456787,-4.197371006011963,-5.086155891418457,1.4791905879974365,0.029056264087557793,1.101730227470398,-1.5651549100875854
-0.7986310124397278,0.5387764573097229,0.4296254515647888,-0.33779284358024597,0.4926680624485016,0.8016942739486694,0.02145717665553093,-3.977724075317383,-4.764451026916504,-5.780611991882324,1.6125637292861938,-0.584235429763794,0.5628473162651062,-1.5380792617797852
-0.7598963975906372,0.673759937286377,0.36214932799339294,-0.4904077351093292,0.15839512646198273,0.8503616452217102,-0.10628410428762436,-3.7785139083862305,-4.095985412597656,-5.275083541870117,-0.39404821395874023,-0.2786693274974823,0.6370793581008911,-1.1222630739212036
-0.7564380764961243,0.6580184698104858,0.3654520511627197,0.5443107485771179,-0.09140095114707947,-0.8070451617240906,0.20988041162490845,-3.7851147651672363,-4.399787425994873,-5.509105205535889,16.11809539794922,-0.9566850066184998,0.10977919399738312,-1.6553508043289185
-0.7529322504997253,0.6028154492378235,0.37496891617774963,-0.38376712799072266,0.20448292791843414,0.8905745148658752,-0.13336622714996338,-3.5484097003936768,-4.449568271636963,-5.188122749328613,1.2540574073791504,0.4190315306186676,1.0736759901046753,0.17889662086963654
-0.7426114678382874,0.6391751170158386,0.34627649188041687,-0.46635353565216064,0.19317585229873657,0.8041828274726868,-0.3138270676136017,-3.98001766204834,-4.442774295806885,-5.9707350730896,-2.2952218055725098,0.44756072759628296,1.418626070022583,-1.769440770149231
-0.731947660446167,0.5947157740592957,0.36472588777542114,0.49424564838409424,0.26533493399620056,0.4561678469181061,0.6908180117607117,-3.5985636711120605,-3.8757269382476807,-5.870825290679932,2.019613742828369,-0.8669543862342834,0.06321700662374496,-1.767254114151001
-0.7074001431465149,0.5928211808204651,0.3280048370361328,0.34559309482574463,0.3105810582637787,0.31895536184310913,0.8260582685470581,-3.5244016647338867,-4.329483509063721,-5.7113189697265625,1.4581636190414429,-1.5902888774871826,-0.7586723566055298,-1.7669049501419067
-0.7587984800338745,0.6372185945510864,0.3942052125930786,0.5475504994392395,0.015217388980090618,-0.8180552124977112,0.17533546686172485,-3.973870277404785,-4.4436869621276855,-5.469766139984131,2.495152235031128,-1.292127251625061,-0.8235781788825989,-1.6659460067749023
-0.7952189445495605,0.713193416595459,0.4219764769077301,-0.4722376763820648,0.03548179194331169,0.8803585767745972,0.02648279257118702,-3.6881866455078125,-4.099348068237305,-6.428280830383301,0.5627701282501221,0.1702132672071457,1.0047144889831543,-0.840643048286438
-0.787737250328064,0.7184135317802429,0.42184194922447205,0.2948130667209625,0.47757023572921753,0.21223004162311554,0.7999814748764038,-3.615043878555298,-4.742851257324219,-6.3492021560668945,0.965107262134552,0.5865076184272766,1.399278998374939,-1.7458432912826538
-0.772720992565155,0.6021382808685303,0.4120311737060547,0.8585565090179443,-0.16243036091327667,0.34244322776794434,-0.34529662132263184,-3.9773061275482178,-4.206229209899902,-5.4377522468566895,16.11809539794922,-1.15239679813385,0.004842439200729132,-1.705989122390747
-0.7982639670372009,0.604197084903717,0.4380461871623993,-0.39287835359573364,0.31388676166534424,0.8398194313049316,-0.20451173186302185,-3.509316921234131,-4.033418655395508,-5.394108772277832,-1.5820926427841187,-1.5115745067596436,-0.8370866179466248,-1.4689477682113647
-0.7735487222671509,0.6859663128852844,0.39957067370414734,0.6215181946754456,0.2986060082912445,0.3950287997722626,0.6070435047149658,-3.3203024864196777,-4.378052711486816,-5.917762756347656,0.3763292133808136,-0.424996018409729,0.6183326840400696,-1.499684453010559
-0.760370671749115,0.6363188624382019,0.40965113043785095,-0.1043725535273552,0.5716298222541809,0.12096156924962997,0.8048068284988403,-4.965075492858887,-15.327014923095703,-6.155583381652832,-2.1335086822509766,-0.4379003942012787,-1.0495707988739014,0.28498274087905884
-0.7943021655082703,0.5901296734809875,0.43915119767189026,-0.3291020393371582,0.39155668020248413,0.8275015354156494,-0.23155221343040466,-3.772423505783081,-4.122156143188477,-5.858364582061768,3.266221046447754,-0.9496082067489624,0.16851505637168884,-1.6118571758270264
-0.813962996006012,0.603937566280365,0.4569395184516907,0.5547410249710083,0.3449140191078186,0.3091878294944763,0.6911581754684448,-3.483114719390869,-4.5551958084106445,-5.875777721405029,-0.4051035940647125,-0.12699098885059357,0.8586390018463135,-1.444894790649414
-0.8068491816520691,0.637052595615387,0.4514872431755066,-0.4359666705131531,-0.04442131146788597,0.8985461592674255,-0.02397204004228115,-4.183779716491699,-4.551536560058594,-6.568508625030518,16.11809539794922,-0.8326110243797302,0.3336533010005951,-1.7724539041519165
-0.8149912357330322,0.6750916242599487,0.44895637035369873,0.3211492896080017,0.4911192059516907,0.19355623424053192,0.7862576246261597,-3.518008232116699,-3.9885599613189697,-5.648364543914795,-0.7298022508621216,0.011877007782459259,0.6682722568511963,-0.001959707820788026
-0.789505124092102,0.6539010405540466,0.4259527623653412,0.7101583480834961,0.13548851013183594,0.3694906532764435,0.5837762355804443,-4.420738220214844,-4.692442893981934,-6.336756706237793,16.11809539794922,-0.990168571472168,0.13726724684238434,-1.7724539041519165
-0.7823860049247742,0.6411892771720886,0.4847185015678406,-0.43025898933410645,0.4419696033000946,0.5511518716812134,0.5619356632232666,-3.1279537677764893,-5.461954116821289,-6.510724067687988,-0.8450139760971069,-1.1853853464126587,-0.8490088582038879,-1.4372137784957886
-0.818889856338501,0.6315326690673828,0.4551345109939575,0.8008859157562256,0.1834605634212494,0.4559277594089508,0.34213125705718994,-4.2045464515686035,-4.674673080444336,-6.308679580688477,0.6506837010383606,1.0144102573394775,1.4425063133239746,0.33806535601615906
-0.7884833812713623,0.7013176679611206,0.42079296708106995,-0.4357683062553406,0.25240442156791687,0.8531999588012695,-0.13582292199134827,-3.7628273963928223,-4.394864559173584,-5.943493366241455,0.6325582265853882,-1.3539836406707764,-0.4530056118965149,-1.7724539041519165
-0.8053513765335083,0.6519535779953003,0.4448656737804413,-0.4595378637313843,-0.2633771002292633,0.8224468231201172,0.20745767652988434,-3.3214049339294434,-4.696156024932861,-5.204653263092041,-2.520421266555786,1.3848994970321655,1.6204843521118164,-1.7724539041519165
-0.8079184889793396,0.7010052800178528,0.45197832584381104,0.5914649963378906,0.35849326848983765,0.23491951823234558,0.6829820871353149,-3.5401244163513184,-4.331386089324951,-5.705934524536133,1.214376449584961,-0.4708591401576996,0.6371922492980957,-1.7687597274780273
-0.8087221384048462,0.6938514113426208,0.45090749859809875,0.7708757519721985,0.24980062246322632,0.400226354598999,0.4279825687408447,-3.598177194595337,-4.265946865081787,-6.317885875701904,1.5174059867858887,-0.780495822429657,0.3392302393913269,-1.7677819728851318
-0.8085090517997742,0.7381152510643005,0.45087170600891113,0.7454663515090942,0.31830546259880066,0.43687477707862854,0.3900025486946106,-4.128253936767578,-4.327520370483398,-6.071793079376221,-0.042480941861867905,1.278160572052002,1.3824466466903687,1.0131460428237915
-0.584800124168396,0.5620731115341187,0.5825470685958862,0.2136221081018448,0.8198309540748596,0.44934022426605225,0.2834364175796509,-3.562258005142212,-3.8725521564483643,-4.211175918579102,16.11809539794922,-1.3482950925827026,-0.383159875869751,-1.578364610671997
-0.6020227074623108,0.6142586469650269,0.5566672682762146,0.44535547494888306,0.72898268699646,0.47920194268226624,0.20151472091674805,-3.754875898361206,-4.08434534072876,-5.273730754852295,0.8746548295021057,-0.22674207389354706,0.6068763136863708,-0.7442799806594849
-0.5622920393943787,0.5352587699890137,0.5812645554542542,-0.06969184428453445,0.7685834765434265,0.5218130946159363,-0.36350178718566895,-2.6063308715820312,-2.8238604068756104,-3.9422450065612793,-2.249929904937744,0.8153770565986633,1.129980206489563,-1.2740658521652222
-0.5762258172035217,0.5467806458473206,0.5727977156639099,0.12577466666698456,0.5459244847297668,0.8169630765914917,0.13681571185588837,-2.7891852855682373,-4.121249198913574,-4.242451190948486,-0.6915110945701599,-1.6796506643295288,-1.178118109703064,-1.6506304740905762
-0.8025066256523132,0.6394106149673462,0.5439940690994263,0.5571406483650208,-0.41800135374069214,-0.6207323670387268,-0.3599451184272766,-3.488133192062378,-4.55830717086792,-6.236637115478516,-2.2487387657165527,1.0084714889526367,1.1611948013305664,0.7928977608680725
-0.6037517189979553,0.5790382623672485,0.5397747755050659,-0.4523746073246002,-0.23788370192050934,0.8487172722816467,-0.1358218938112259,-3.5249247550964355,-4.126091003417969,-5.175914287567139,0.07297491282224655,-1.2626838684082031,-0.423723042011261,-1.6810939311981201
-0.6002318859100342,0.6186627149581909,0.549589216709137,0.8636188507080078,-0.2341991364955902,-0.44332337379455566,-0.05270307883620262,-3.707580804824829,-4.29202127456665,-5.458237648010254,16.11809539794922,-1.2526466846466064,-0.3392917215824127,-1.486419677734375
-0.6028666496276855,0.6227899789810181,0.550380527973175,0.7434876561164856,-0.018600579351186752,-0.49367114901542664,-0.4507426619529724,-3.7205393314361572,-4.378738880157471,-5.13682746887207,-0.6180444955825806,0.9121549725532532,1.5078002214431763,0.22257299721240997
-0.5043891668319702,0.4217265248298645,0.35661253333091736,0.6597088575363159,0.5551263689994812,0.46175578236579895,0.2083280235528946,-3.3503849506378174,-4.515388011932373,-5.8130269050598145,0.13498881459236145,1.7149101495742798,1.7374871969223022,1.5650111436843872
-0.47179338335990906,0.47725909948349,0.3326548933982849,0.6585805416107178,0.5594657063484192,0.43568354845046997,0.2518920600414276,-3.957507848739624,-4.28936243057251,-5.48163366317749,-0.6146623492240906,-1.194898247718811,-0.38962629437446594,-1.6950923204421997
-0.46451684832572937,0.49543821811676025,0.332682341337204,0.5681971907615662,0.5552667379379272,0.6021133065223694,0.07931149750947952,-3.5656778812408447,-4.7067952156066895,-5.112685680389404,-1.484670877456665,0.6951146721839905,1.2981759309768677,0.03738837689161301
-0.44228678941726685,0.5457006692886353,0.35184529423713684,0.711615264415741,0.44836217164993286,0.5006267428398132,0.20481204986572266,-3.8261730670928955,-4.038962364196777,-6.4987077713012695,-0.7174291014671326,0.8562020659446716,1.4097100496292114,0.8734090328216553
-0.447087824344635,0.5325106382369995,0.3950774371623993,0.5852378606796265,0.16281720995903015,-0.7414687275886536,-0.284976065158844,-3.1802728176116943,-3.748889684677124,-4.844573020935059,-0.48926228284835815,-0.6652291417121887,0.18069952726364136,-1.4061723947525024
-0.4248153567314148,0.5745476484298706,0.3361566960811615,0.7483507394790649,0.39330822229385376,0.4993130564689636,0.18964789807796478,-3.478618621826172,-4.188267230987549,-5.882223606109619,0.2573901414871216,1.6868512630462646,1.7569420337677002,1.6016031503677368
-0.44299426674842834,0.5515770316123962,0.3883347511291504,0.5845468640327454,0.044809628278017044,-0.7504896521568298,-0.3050611615180969,-2.9046976566314697,-3.7441325187683105,-4.416195869445801,-1.1465487480163574,0.6002012491226196,1.2783793210983276,-1.451629877090454
-0.44532889127731323,0.5563899874687195,0.4225700795650482,0.6345165967941284,0.025543777272105217,-0.7318946123123169,-0.24711637198925018,-3.4924304485321045,-3.8835666179656982,-5.396943092346191,0.08253936469554901,1.684369683265686,1.7281010150909424,1.557813048362732
-0.3378866910934448,0.5990796685218811,0.42574140429496765,0.5193126797676086,0.4303056597709656,0.5410940647125244,0.5023629665374756,-3.4902987480163574,-3.875913143157959,-5.4861741065979,-0.4271368980407715,-1.0406911373138428,0.12295699864625931,-1.7321711778640747
-0.36349883675575256,0.5950738191604614,0.4545785188674927,0.2979857325553894,0.36834368109703064,0.4537050127983093,0.7547709941864014,-3.135932683944702,-3.8036139011383057,-5.0150017738342285,-1.963945984840393,0.030309662222862244,0.7373009324073792,-1.5624942779541016
-0.3443230092525482,0.5994009375572205,0.41074448823928833,0.4263897240161896,0.4702548682689667,0.6554936170578003,0.4091213643550873,-3.6832640171051025,-4.3496527671813965,-5.152862548828125,1.0189741849899292,-1.4216737747192383,-0.7877058386802673,-1.6940523386001587
-0.40608957409858704,0.6346661448478699,0.3632323443889618,0.43173161149024963,0.6689051389694214,0.14270009100437164,0.5880564451217651,-3.313368797302246,-4.070605754852295,-5.747096061706543,-1.1437324285507202,0.7216038107872009,1.2661701440811157,-0.007854676805436611
-0.419056236743927,0.6106833815574646,0.3770057260990143,0.6015044450759888,-0.020184509456157684,-0.7291467785835266,-0.32577598094940186,-3.4716527462005615,-4.032291412353516,-5.551445484161377,1.4814194440841675,0.8428983092308044,1.2144200801849365,0.9679107666015625
-0.40481939911842346,0.6379655003547668,0.4047466218471527,0.6255289912223816,0.06956741213798523,-0.7097218632698059,-0.3164944648742676,-3.3344714641571045,-4.505336761474609,-5.693812370300293,-0.8441672325134277,1.525876760482788,1.6415379047393799,1.5733882188796997
-0.4388594627380371,0.5645788908004761,0.4100401699542999,0.6510356068611145,0.04051556438207626,-0.7248104810714722,-0.22172243893146515,-3.253504753112793,-4.526453495025635,-5.990911483764648,0.15845727920532227,0.8132078051567078,1.3042711019515991,-0.21517309546470642
-0.4099273383617401,0.6113038063049316,0.43134230375289917,0.662028431892395,-0.17945584654808044,-0.5147777199745178,-0.5143130421638489,-3.304226875305176,-4.10599946975708,-4.789913177490234,-1.5827884674072266,-1.4141035079956055,-1.324629306793213,-1.66669762134552
-0.34218311309814453,0.6664156913757324,0.3646693825721741,-0.06541930884122849,0.48698312044143677,0.845028817653656,-0.210936039686203,-4.011793613433838,-4.0635504722595215,-4.377288341522217,0.4550352394580841,0.7859721779823303,1.197729229927063,1.424637794494629
-0.3530440926551819,0.6600081324577332,0.33279693126678467,0.6599965691566467,-0.2769162654876709,-0.6652864217758179,0.21240487694740295,-3.766279458999634,-3.997568368911743,-5.396703243255615,0.5372640490531921,1.7665281295776367,1.7724539041519165,1.7718347311019897
-0.3686891496181488,0.6777060031890869,0.3384076654911041,-0.18586061894893646,0.40399202704429626,0.4521302878856659,0.7731910943984985,-4.611933708190918,-6.338135242462158,-7.17344331741333,-1.7741377353668213,-1.7724539041519165,-1.449657917022705,-1.7724539041519165
-0.37857404351234436,0.6519518494606018,0.3818003833293915,0.7181811332702637,0.18033865094184875,0.5734739303588867,0.35045894980430603,-3.737541913986206,-4.8478264808654785,-5.533719539642334,0.16307224333286285,-0.9574933052062988,-0.12291368097066879,-1.7168644666671753
-0.33538156747817993,0.6837141513824463,0.37366965413093567,-0.42568084597587585,0.5232914090156555,0.09019537270069122,0.7326845526695251,-3.7550485134124756,-4.602245330810547,-5.2100510597229,-0.9811322093009949,-1.1015077829360962,-0.40699973702430725,-1.699460744857788
-0.30635952949523926,0.7056255340576172,0.33790522813796997,-0.4594360291957855,-0.25047093629837036,0.8419527411460876,-0.13152366876602173,-4.431649208068848,-5.183490753173828,-6.45577335357666,0.8808243274688721,-1.7343493700027466,-1.5661438703536987,-1.7724539041519165
-0.43077367544174194,0.5820162892341614,0.4432584345340729,0.6363860368728638,0.10830706357955933,-0.6421650052070618,-0.41340839862823486,-3.040025472640991,-4.1957268714904785,-5.10386848449707,-2.0717673301696777,-1.018893837928772,-0.34487536549568176,-1.7490646839141846
-0.38425397872924805,0.6340698599815369,0.431448370218277,0.4528122544288635,0.801020622253418,0.21501582860946655,0.3272539973258972,-3.6473546028137207,-3.7591323852539062,-5.270184516906738,-1.251294493675232,1.7258307933807373,1.7299580574035645,1.6519476175308228
-0.3754323422908783,0.6219180822372437,0.45069918036460876,0.9018192887306213,-0.390291303396225,-0.1851159781217575,-0.011258848942816257,-3.408768653869629,-3.8609566688537598,-4.901645660400391,-1.4580103158950806,-0.5005205869674683,0.17165108025074005,-0.5107449889183044
-0.36327052116394043,0.6621648669242859,0.40188485383987427,0.5588422417640686,0.29242393374443054,-0.7599860429763794,-0.15685932338237762,-3.8574326038360596,-5.099142074584961,-5.400949478149414,0.7203094959259033,0.27378103137016296,0.8428880572319031,-0.09335248917341232
-0.32374271750450134,0.632052481174469,0.4602470099925995,0.1766858547925949,0.39786297082901,0.8856408596038818,-0.16163977980613708,-3.4371485710144043,-3.7459022998809814,-4.33844518661499,-1.7691980600357056,-1.6470121145248413,-1.3694205284118652,-1.763879656791687
-0.32544007897377014,0.6703855395317078,0.4211677014827728,0.6659382581710815,0.09801376610994339,-0.6595807671546936,-0.3344739079475403,-3.4821488857269287,-4.259260654449463,-5.321630954742432,0.10894914716482162,0.7055085301399231,1.2126637697219849,0.5826587080955505
-0.29981762170791626,0.6928874254226685,0.37422752380371094,0.5293763875961304,-0.016151035204529762,-0.8400558233261108,-0.11749875545501709,-3.4285638332366943,-4.071261882781982,-4.8159661293029785,0.055107053369283676,1.5375428199768066,1.7491570711135864,1.3114984035491943
-0.35895612835884094,0.6646863222122192,0.4230201542377472,-0.47354093194007874,-0.3911559283733368,0.7885114550590515,-0.03171239793300629,-4.444310188293457,-4.958746910095215,-6.145596981048584,3.454045057296753,-1.312422513961792,-0.5672637820243835,-1.7724539041519165
-0.2934354245662689,0.6604264378547668,0.41772592067718506,-0.10969319194555283,0.7300994992256165,0.57112056016922,-0.35880836844444275,-3.2512238025665283,-4.026007175445557,-4.889876365661621,-1.2977536916732788,-1.5573348999023438,-1.5302555561065674,-1.7665271759033203
-0.2544577121734619,0.6986520290374756,0.3808816969394684,0.6653736233711243,0.3522033989429474,0.596521258354187,0.27819615602493286,-3.5323896408081055,-4.132532596588135,-4.9238481521606445,0.4757012724876404,1.6367080211639404,1.6821560859680176,1.3893203735351562
-0.24001647531986237,0.7102052569389343,0.40337249636650085,0.7891537547111511,-0.18788215517997742,-0.36053168773651123,-0.46038416028022766,-3.6251659393310547,-3.8314218521118164,-4.483042240142822,0.300877183675766,-1.1040847301483154,0.005449720658361912,-1.7294175624847412
-0.2068997472524643,0.7560902833938599,0.36776718497276306,0.5671361684799194,0.7357651591300964,0.3675779402256012,-0.04350418597459793,-3.4419474601745605,-3.8526859283447266,-4.571508884429932,-0.8034039735794067,-1.2172367572784424,-0.7327154278755188,-1.6781035661697388
-0.24438399076461792,0.7163611650466919,0.40632113814353943,0.7523404359817505,-0.3946470022201538,-0.5184999704360962,-0.09692973643541336,-3.6839094161987305,-3.949791669845581,-4.518202304840088,2.0175254344940186,0.6251235604286194,1.6241687536239624,-1.209591269493103
-0.29542770981788635,0.6445494294166565,0.44795042276382446,0.2065449208021164,0.7880293726921082,0.5210951566696167,-0.2545756697654724,-3.3098480701446533,-4.526968002319336,-4.968343734741211,-0.28355586528778076,-1.1642652750015259,-0.2848625183105469,-1.5844539403915405
-0.2724851667881012,0.6282491683959961,0.46265119314193726,0.2621271014213562,0.6967371106147766,0.6669726967811584,0.03153138607740402,-3.3300483226776123,-4.210720539093018,-4.442260265350342,-0.7005261182785034,1.3671423196792603,1.538496971130371,1.3654162883758545
-0.2743831276893616,0.6962651610374451,0.4144081771373749,0.6301647424697876,0.18403027951717377,-0.7298799753189087,-0.19052673876285553,-3.6464052200317383,-4.842592716217041,-5.524893760681152,-0.6925538778305054,-0.25565090775489807,0.5638449192047119,0.1136697381734848
-0.24616262316703796,0.7096589207649231,0.44914090633392334,0.6183063387870789,0.056415703147649765,-0.6700322031974792,-0.4069046080112457,-3.4805777072906494,-4.351650714874268,-4.713742733001709,0.301776647567749,1.743706226348877,1.7520939111709595,1.751755952835083
-0.2611420452594757,0.7093764543533325,0.4345184564590454,0.7836979627609253,0.1627282351255417,0.46529683470726013,0.37793630361557007,-3.6346852779388428,-5.354986190795898,-6.0448408126831055,0.27497410774230957,-1.435837984085083,-0.8095418810844421,-1.7724539041519165
-0.219049334526062,0.7487949728965759,0.42695918679237366,0.6288582682609558,-0.2555977702140808,-0.7065439820289612,-0.2000066488981247,-3.934282064437866,-4.382320880889893,-4.77679443359375,1.3092180490493774,1.5228674411773682,1.68905770778656,1.2633519172668457
-0.19086359441280365,0.7741203308105469,0.4164370000362396,0.628629744052887,-0.3761584758758545,-0.6623474359512329,-0.15692467987537384,-3.5576868057250977,-3.8903355598449707,-5.252739906311035,0.10844112932682037,0.5541220307350159,1.5921330451965332,-1.4245883226394653
-0.276468425989151,0.6240097284317017,0.4959562122821808,0.5849706530570984,0.40920838713645935,0.6751382946968079,0.1858658343553543,-3.201061487197876,-4.162675857543945,-4.914315700531006,-0.2882763743400574,-0.7138461470603943,0.048532746732234955,-0.5860055685043335
-0.20796743035316467,0.7495926022529602,0.44393694400787354,0.147715762257576,0.8216471076011658,0.4658500552177429,-0.2933594584465027,-3.277265787124634,-3.864445209503174,-4.654752254486084,0.5403278470039368,-1.7340260744094849,-1.3536158800125122,-1.7597060203552246
-0.21809536218643188,0.7612200379371643,0.44220495223999023,0.7588595151901245,0.24542787671089172,0.4786894917488098,0.3670882284641266,-4.088694095611572,-4.6391401290893555,-5.260138034820557,-0.030109940096735954,-1.2020055055618286,0.007260936312377453,-1.7655712366104126
-0.3911638855934143,0.4633180499076843,0.5212545394897461,0.5234365463256836,0.8221834897994995,0.10326607525348663,0.19840525090694427,-3.5411887168884277,-3.890170097351074,-4.442458629608154,-0.3255451023578644,-1.7617013454437256,-1.7479498386383057,-1.7724539041519165
-0.2819541394710541,0.5679188966751099,0.5327240228652954,0.5009457468986511,0.5610891580581665,0.5864431858062744,0.30052733421325684,-3.1878368854522705,-4.265758991241455,-5.211997032165527,-1.7999389171600342,0.28595128655433655,0.8979822993278503,-0.0982438400387764
-0.283939003944397,0.5287047624588013,0.5417913198471069,0.6036304235458374,0.38676974177360535,0.6009312868118286,0.3534417450428009,-4.367640495300293,-4.909067630767822,-5.4009904861450195,16.11809539794922,-1.3305654525756836,-0.5163195133209229,-1.5015941858291626
-0.27924463152885437,0.5961095690727234,0.5548708438873291,0.5216714143753052,0.5296499729156494,0.25287917256355286,0.6191784739494324,-3.7959372997283936,-4.094240665435791,-5.1025495529174805,0.629423975944519,-0.8486600518226624,-0.04336056485772133,-1.7438712120056152
-0.5818503499031067,0.6289631128311157,0.5798138380050659,0.7938863039016724,-0.07148846238851547,-0.48042482137680054,-0.36582231521606445,-4.161919593811035,-4.537693977355957,-5.319396018981934,-1.5047550201416016,1.5226805210113525,1.6293461322784424,1.1770116090774536
-0.2879267930984497,0.59123295545578,0.5011354088783264,0.5501130819320679,0.5154106616973877,0.6149369478225708,0.23147358000278473,-3.690159559249878,-4.366812705993652,-4.82255220413208,-0.011298054829239845,-1.6960523128509521,-0.627006471157074,-1.7674157619476318
-0.24231302738189697,0.6951760649681091,0.4691821336746216,0.5204900503158569,0.4710713326931,0.49788621068000793,0.5092064142227173,-3.3402469158172607,-4.307474136352539,-4.65549898147583,0.011932357214391232,-1.1160811185836792,-0.30985376238822937,-1.7686991691589355
-0.2494473159313202,0.6681863069534302,0.5103813409805298,0.7983173727989197,-0.17661674320697784,-0.567182719707489,0.09899313002824783,-3.7285687923431396,-4.027253150939941,-4.560555458068848,-0.058900538831949234,0.07718981057405472,0.7107264995574951,-0.23691993951797485
-0.26893937587738037,0.6058058142662048,0.5297807455062866,0.5506287217140198,0.5474604368209839,0.31930673122406006,0.5432663559913635,-3.2084901332855225,-3.654914379119873,-4.886247634887695,-1.1025199890136719,-1.7234221696853638,-0.936938464641571,-1.684630274772644
-0.25995174050331116,0.6762115359306335,0.5083075165748596,0.6113002300262451,0.30675557255744934,0.6258736252784729,0.37482699751853943,-3.411146402359009,-4.008145332336426,-4.770402431488037,-1.501014232635498,1.3468208312988281,1.5521959066390991,1.1199963092803955
-0.24026449024677277,0.6694563627243042,0.4767819046974182,0.766144871711731,-0.12945273518562317,-0.6238695383071899,-0.08396875858306885,-4.279123306274414,-4.620516777038574,-5.314783573150635,-0.10105086117982864,1.3823930025100708,1.557318091392517,-1.532390832901001
-0.24019402265548706,0.739427387714386,0.5019482374191284,0.6838140487670898,-0.427746057510376,-0.5896023511886597,-0.04243505373597145,-3.224947214126587,-3.6477222442626953,-4.615880966186523,-1.1202447414398193,0.5594632625579834,1.1943832635879517,0.24906742572784424
-0.23170065879821777,0.6930769085884094,0.5202018022537231,0.7146961092948914,0.4269025921821594,0.5135246515274048,0.20798085629940033,-3.5262064933776855,-3.964498996734619,-4.539742946624756,0.009458575397729874,-1.6223344802856445,-1.2170227766036987,-1.7272920608520508
-0.22325782477855682,0.7477255463600159,0.5259954929351807,0.624040961265564,-0.1579924374818802,-0.7462701797485352,-0.16938748955726624,-3.280184507369995,-3.7019784450531006,-5.096672534942627,-0.45790064334869385,-0.2409452646970749,0.53200763463974,-0.8539261817932129
-0.2044873982667923,0.7789891362190247,0.4320021867752075,0.38924774527549744,0.6600961685180664,0.23012268543243408,0.5998356938362122,-3.761950969696045,-3.997126579284668,-4.862155437469482,0.8392720818519592,0.7762267589569092,1.2879483699798584,0.38443711400032043
-0.20016875863075256,0.7906114459037781,0.518677830696106,0.6880548596382141,0.546779990196228,0.3533840477466583,0.32051822543144226,-3.5771467685699463,-3.8732080459594727,-5.5434184074401855,-0.02302606962621212,1.434619665145874,1.5984699726104736,1.5347611904144287
-0.24759872257709503,0.6790631413459778,0.551457941532135,0.554021418094635,0.1416057050228119,-0.7630335688591003,-0.3013102114200592,-3.419321298599243,-3.792727470397949,-4.952848434448242,1.85231614112854,-0.9785555601119995,-0.07813719660043716,-1.6663317680358887
-0.25300151109695435,0.6920990943908691,0.5725733637809753,0.6261027455329895,0.5055052638053894,0.4574384093284607,0.3784308433532715,-2.9966659545898438,-4.174789905548096,-5.4795308113098145,-0.6254935264587402,1.4762824773788452,1.653425931930542,1.4242210388183594
-0.27258315682411194,0.6189201474189758,0.5641618371009827,0.6238353848457336,0.531684160232544,0.3764262795448303,0.43179231882095337,-3.251126766204834,-4.109730243682861,-5.458353519439697,-1.7448760271072388,0.8576581478118896,1.474249005317688,0.1747567057609558
-0.24291899800300598,0.6970465779304504,0.5521174073219299,0.7663504481315613,0.25890517234802246,0.4624254107475281,0.36309486627578735,-3.5776925086975098,-4.532029151916504,-5.536096096038818,0.7261766791343689,-0.37637564539909363,0.784101665019989,-1.6160081624984741
-0.21412570774555206,0.7601495385169983,0.5463768839836121,0.7412543892860413,0.4218447804450989,0.42044293880462646,0.309542715549469,-3.3231914043426514,-4.083192348480225,-4.925535678863525,16.11809539794922,-1.0938637256622314,-0.28238314390182495,-1.53029465675354
0.16348350048065186,0.25449565052986145,0.1308620274066925,0.7648071050643921,0.3296968340873718,0.31959280371665955,0.45191875100135803,-2.673699378967285,-2.8891043663024902,-3.49397349357605,-0.8361290097236633,1.7633280754089355,1.7716394662857056,0.8717924356460571
0.2672683298587799,0.32136809825897217,0.10318624973297119,0.4320366382598877,0.6732049584388733,0.5924604535102844,0.09555123746395111,-2.4518063068389893,-3.4718098640441895,-3.713627815246582,-0.058594413101673126,-1.5940462350845337,-0.6389375329017639,-1.7621995210647583
0.4721549451351166,0.23332467675209045,0.20135097205638885,0.5708174109458923,0.7153330445289612,-0.07287193089723587,-0.39642882347106934,-2.7332305908203125,-3.001182794570923,-3.2705132961273193,0.6616138219833374,-1.1320420503616333,-0.4365330934524536,-1.6360647678375244
0.441169410943985,0.1546575427055359,0.2547765374183655,0.8223689198493958,-0.006398707628250122,-0.5165323615074158,0.23845915496349335,-2.05916690826416,-2.352640390396118,-3.639808416366577,-0.949461817741394,-1.4768403768539429,-0.8220478892326355,-1.5422935485839844
0.423301637172699,0.16576938331127167,0.3382296860218048,0.6907321214675903,0.3356522023677826,0.30160969495773315,0.565029501914978,-2.147789239883423,-2.594956159591675,-3.8330211639404297,-1.9456615447998047,-1.6184413433074951,-1.5634523630142212,-1.763940453529358
0.33188602328300476,0.17630060017108917,0.32987180352211,0.894416093826294,0.04849586263298988,0.37187460064888,0.24367447197437286,-2.4881980419158936,-2.7708065509796143,-3.925945281982422,-1.0983422994613647,-1.7486512660980225,-1.644148588180542,-1.7724539041519165
0.22875195741653442,0.29609113931655884,0.2825614809989929,0.37335583567619324,0.8745876550674438,-0.18784229457378387,0.2457989603281021,-2.6727941036224365,-3.1672585010528564,-4.0481181144714355,-1.4689762592315674,-1.7701911926269531,-1.363202691078186,-1.7724539041519165
0.32892906665802,0.27292633056640625,0.33763355016708374,0.6695734858512878,0.06036898493766785,-0.7198647260665894,0.1726897954940796,-2.4339966773986816,-2.679757595062256,-3.306462049484253,-2.383803367614746,-1.1212890148162842,0.019602885469794273,-1.5676058530807495
0.40589264035224915,0.30160123109817505,0.20624424517154694,-0.3180314898490906,0.3249160647392273,0.6382495164871216,0.6212270855903625,-2.5170302391052246,-3.4246833324432373,-4.413346290588379,-0.9211491942405701,0.6181749701499939,1.4370756149291992,0.8238345980644226
0.3098283112049103,0.2331184297800064,0.21862152218818665,0.39728420972824097,0.7289822101593018,0.4670597314834595,0.3043113648891449,-2.802586078643799,-3.420422315597534,-6.511927127838135,0.09404610097408295,-0.6926842331886292,0.16887356340885162,-1.7724539041519165
0.38460293412208557,0.263698935508728,0.2313050627708435,-0.47829848527908325,0.21239590644836426,0.8382502198219299,-0.15315057337284088,-2.788442850112915,-4.019920825958252,-4.401622772216797,1.8056868314743042,1.7447588443756104,1.7693572044372559,1.3942673206329346
0.5684109330177307,0.3005470037460327,0.27271562814712524,0.7702529430389404,-0.26318952441215515,-0.4507206380367279,-0.3664594888687134,-2.5676729679107666,-3.826664686203003,-4.871232986450195,-1.3118036985397339,-1.7574177980422974,-1.4176090955734253,-1.7724539041519165
0.5596127510070801,0.19725461304187775,0.3013759255409241,0.9201754331588745,0.34249958395957947,0.16762709617614746,-0.08872634172439575,-2.799861192703247,-3.0005218982696533,-3.377528429031372,-1.3672468662261963,-1.6457619667053223,-1.535796046257019,-1.7718127965927124
0.5598611831665039,0.32870274782180786,0.30747371912002563,0.9679452180862427,-0.10165348649024963,-0.21634714305400848,0.07708816230297089,-3.1450700759887695,-3.281095504760742,-3.6441471576690674,-1.4914175271987915,-1.739154577255249,-1.4341460466384888,-1.7641725540161133
1.0479938983917236,-0.02790047600865364,0.057848453521728516,0.7007977366447449,-0.05238652229309082,-0.6585151553153992,-0.2692507803440094,-1.1688467264175415,-2.43125319480896,-3.4913885593414307,-1.8213626146316528,0.22944088280200958,0.00773528590798378,-0.7239548563957214
1.0847326517105103,0.15090543031692505,0.1287376880645752,0.41222885251045227,0.5218732953071594,0.3377789258956909,0.6660487651824951,-1.7629988193511963,-2.196319103240967,-4.055662155151367,-1.264233112335205,1.0006704330444336,1.6093642711639404,-0.2019195258617401
0.7630669474601746,0.3148965835571289,0.19612456858158112,0.7193291187286377,-0.5759699940681458,-0.2894647717475891,-0.2589098811149597,-2.2922616004943848,-2.9481618404388428,-3.39424729347229,-0.8254048228263855,-1.7516244649887085,-1.6624165773391724,-1.758670687675476
1.0546667575836182,0.3106164038181305,0.16977559030056,0.3827197551727295,0.5607967972755432,0.62893146276474,0.37878456711769104,-2.0237317085266113,-2.7188849449157715,-3.786971092224121,-0.20033502578735352,-1.6885981559753418,-1.6134893894195557,-1.7283226251602173
0.9935823082923889,0.2822725176811218,0.18790645897388458,0.7474953532218933,0.5317373871803284,-0.36590296030044556,-0.15691103041172028,-0.9564993977546692,-1.6989473104476929,-3.772540330886841,-1.4716787338256836,-1.7302539348602295,-1.736493706703186,-1.7469186782836914
0.8635097146034241,0.0952613577246666,0.286078542470932,0.25717949867248535,0.7164325714111328,0.3257778584957123,0.5607600212097168,-2.368565797805786,-3.3627705574035645,-4.167586326599121,0.19757740199565887,0.4918611943721771,0.4709353446960449,-0.22364391386508942
1.1053903102874756,0.1364728957414627,0.24793562293052673,0.3888784945011139,0.5782723426818848,0.5964894890785217,0.3982146680355072,-2.30545711517334,-4.284548759460449,-4.774003028869629,-0.2549072802066803,1.7587641477584839,1.766488790512085,0.9760713577270508
0.9649538993835449,-0.051326535642147064,0.3350186347961426,0.25612106919288635,0.6253102421760559,0.5362457036972046,0.5057960748672485,-1.4652040004730225,-2.008355140686035,-3.186751365661621,0.4763334393501282,-1.6969701051712036,-1.7317322492599487,-1.7717562913894653
0.8765084743499756,0.2277907431125641,0.25958991050720215,0.5231908559799194,-0.39687347412109375,-0.3774722218513489,-0.6528993248939514,-2.2801859378814697,-3.0191292762756348,-3.673846960067749,-1.1193671226501465,-0.046720098704099655,0.8692636489868164,-1.4900728464126587
0.6714170575141907,0.23181845247745514,0.29564690589904785,0.7889759540557861,-0.25398287177085876,-0.5592719316482544,0.014985921792685986,-3.119215250015259,-3.7146737575531006,-3.9213855266571045,-1.9527246952056885,1.3192740678787231,1.5282245874404907,-0.13972865045070648
0.5963096022605896,0.2555708587169647,0.3064657151699066,0.23442195355892181,0.5602783560752869,0.5189042687416077,0.6015586853027344,-2.965420722961426,-3.801988363265991,-4.257726669311523,-1.7323235273361206,1.245911955833435,1.7393231391906738,-1.722264051437378
0.6390349864959717,0.24894626438617706,0.3054453730583191,-0.40074002742767334,0.3356347680091858,0.6686118245124817,0.5288808345794678,-3.0505928993225098,-3.6604244709014893,-3.8011064529418945,-2.0518321990966797,0.27556875348091125,1.1208869218826294,-1.410806655883789
0.8511320948600769,0.15679115056991577,0.3495209813117981,0.15979905426502228,0.8252757787704468,0.4095883071422577,0.3544313609600067,-2.566720962524414,-2.886060953140259,-4.090285778045654,-2.059859037399292,1.7563729286193848,1.6887716054916382,0.5196013450622559
0.806633472442627,0.39999622106552124,0.27986428141593933,0.27044039964675903,0.6275165677070618,0.6961101293563843,0.22026264667510986,-2.792766571044922,-4.355024337768555,-4.671810626983643,-0.7228763699531555,1.7359402179718018,1.7577481269836426,1.639449954032898
0.7837938070297241,0.37440332770347595,0.20446135103702545,0.5084558725357056,0.3961462676525116,0.7599404454231262,0.08385273069143295,-2.480552911758423,-2.826622486114502,-3.256047010421753,-0.7922030091285706,-1.038465142250061,-0.26946279406547546,-1.7093133926391602
0.8507943153381348,0.33700087666511536,0.27931058406829834,0.7484709620475769,0.6173379421234131,-0.21601785719394684,0.10964197665452957,-3.4200499057769775,-3.564831256866455,-4.250675201416016,-1.0360300540924072,0.06177358329296112,1.2785751819610596,-0.9944590926170349
1.0679572820663452,0.4129604995250702,0.18695759773254395,0.41079431772232056,0.5152661800384521,0.5047986507415771,0.557608425617218,-2.70771861076355,-3.2764861583709717,-3.5833563804626465,0.23250985145568848,-1.3399580717086792,-1.1792805194854736,-1.6319715976715088
0.10328268259763718,0.4333677887916565,0.14403243362903595,0.35921892523765564,0.6331198811531067,0.6341229677200317,0.2607854902744293,-2.9979164600372314,-3.665602684020996,-4.7684125900268555,0.6905845403671265,-1.6718987226486206,-1.6813321113586426,-1.6396926641464233
0.0867721289396286,0.4420417547225952,0.1782153695821762,0.029739439487457275,0.6675083041191101,0.7436360716819763,0.023529162630438805,-2.3758208751678467,-3.4512155055999756,-4.462700843811035,0.4046003520488739,-0.7227205634117126,-0.9072582125663757,-1.3727000951766968
0.4055929183959961,0.48618581891059875,0.009465774521231651,-0.13991646468639374,0.4369514286518097,0.8880382776260376,0.02974693663418293,-3.119816303253174,-3.729994297027588,-4.558230876922607,-1.4192156791687012,1.1338698863983154,1.6588250398635864,-1.2811992168426514
0.40352100133895874,0.5099764466285706,0.15298974514007568,0.8391515016555786,-0.33731284737586975,-0.29742878675460815,-0.3059099316596985,-2.540435552597046,-3.1157402992248535,-3.6273226737976074,-1.975787878036499,-1.319854974746704,-0.6711246967315674,-1.7008155584335327
0.5052396059036255,0.4908357560634613,0.2356366664171219,0.5408297777175903,-0.5687350034713745,-0.5881101489067078,-0.19537174701690674,-2.2896225452423096,-3.710965156555176,-4.653108596801758,-2.142249822616577,0.9400779604911804,1.6902333498001099,-1.6209262609481812
0.24807193875312805,0.6094142198562622,0.16899648308753967,0.011226760223507881,0.4833794832229614,0.8697690367698669,-0.09859038144350052,-2.925774335861206,-3.77081036567688,-4.0091938972473145,-0.7830630540847778,-1.4126893281936646,-0.7735975980758667,-1.7724539041519165
0.5008955001831055,0.5193030834197998,0.26022830605506897,-0.3485860824584961,0.07209973782300949,0.8282355070114136,0.4327993392944336,-2.771186351776123,-3.027834892272949,-4.182170867919922,-1.7886534929275513,-0.31491878628730774,1.192978858947754,-1.7076081037521362
0.11242198199033737,0.6159999370574951,0.15446457266807556,0.1266695111989975,0.6166272163391113,0.6927966475486755,-0.3517933785915375,-2.6462700366973877,-3.6313047409057617,-3.8541672229766846,-0.8665541410446167,-1.6076751947402954,-1.4217529296875,-1.7442594766616821
0.1368623524904251,0.6198785901069641,0.17312036454677582,0.8528123497962952,0.4383867681026459,-0.2557261288166046,0.12301333993673325,-3.481308698654175,-3.707449197769165,-4.3655595779418945,-0.2652757465839386,-0.025717826560139656,0.38276928663253784,-1.2046040296554565
0.024239612743258476,0.7509335875511169,0.13664250075817108,0.6079267263412476,0.34267473220825195,0.5146164894104004,0.4981656074523926,-2.7451720237731934,-3.8589324951171875,-4.511205196380615,0.8166110515594482,1.6053513288497925,1.5402628183364868,1.4666533470153809
0.12441942095756531,0.6109848618507385,0.19188551604747772,0.37365180253982544,0.6065868735313416,0.49543315172195435,0.49697351455688477,-3.0419113636016846,-3.463629722595215,-4.462975025177002,-0.40133118629455566,-0.8328151106834412,-0.6623156666755676,-1.3163158893585205
0.24182553589344025,0.6481083035469055,0.17954176664352417,0.2467845231294632,0.43189626932144165,0.8033788204193115,0.3273308277130127,-2.9323742389678955,-3.2469239234924316,-3.527555465698242,-1.6150567531585693,0.8380383253097534,1.5659061670303345,-1.7724539041519165
0.09618697315454483,0.7532657384872437,0.08705884218215942,0.4790053069591522,0.5243906378746033,0.5794730186462402,0.3997241258621216,-3.137122869491577,-4.392672061920166,-5.23076868057251,-1.29481840133667,1.7138158082962036,1.7691961526870728,1.682605504989624
0.0753660798072815,0.7821663022041321,0.18089833855628967,-0.0030627793166786432,0.7938242554664612,0.5608905553817749,0.23502217233181,-3.6037802696228027,-3.8402132987976074,-4.389454364776611,1.810673475265503,-1.6962069272994995,-1.449813961982727,-1.7706218957901
0.12848055362701416,0.8017986416816711,0.09921155124902725,0.23890964686870575,0.6264398097991943,0.7371129989624023,0.08461557328701019,-3.1940202713012695,-3.7975234985351562,-5.023385047912598,0.00955022033303976,-1.6790103912353516,-1.5507928133010864,-1.7722361087799072
0.21756386756896973,0.7976545691490173,0.1340956687927246,0.12445695698261261,0.598120927810669,0.7864495515823364,0.09087894856929779,-2.9757132530212402,-3.247318983078003,-3.8812904357910156,-0.6707596182823181,-1.6386476755142212,-0.483220636844635,-1.7724539041519165
0.15673032402992249,0.7552871108055115,0.13824573159217834,0.8382547497749329,0.35268011689186096,-0.4043661057949066,0.09712765365839005,-3.240767240524292,-4.2827348709106445,-5.041873931884766,-2.157245397567749,-0.6389245986938477,0.557560920715332,-1.7724539041519165
0.4674029052257538,0.6556999683380127,0.1019606962800026,-0.022364100441336632,0.4608403444290161,0.4728839695453644,0.7506709098815918,-2.830096483230591,-3.716750144958496,-4.518661975860596,-0.5313581228256226,0.6253893375396729,1.41698157787323,-1.7724539041519165
0.5429283976554871,0.7167807817459106,0.13384445011615753,0.9200607538223267,0.08242399990558624,0.34547075629234314,-0.16536156833171844,-2.5309715270996094,-3.3763532638549805,-3.808074474334717,-1.7230905294418335,0.10823719203472137,1.454283356666565,-1.76723051071167
0.4691042900085449,0.7247406840324402,0.18974873423576355,0.9274793863296509,0.3130795955657959,0.013133276253938675,0.20393791794776917,-2.7600624561309814,-3.2169864177703857,-4.156379222869873,-0.9762560129165649,-1.321858286857605,-0.39971137046813965,-1.7702267169952393
0.36720138788223267,0.7434332966804504,0.1797061264514923,-0.488893985748291,-0.37331369519233704,0.7854124903678894,-0.06889718770980835,-2.9696407318115234,-3.071415901184082,-4.325259685516357,-1.2312848567962646,-0.47252798080444336,0.5798683166503906,-1.7709852457046509
0.5409817099571228,0.3604399859905243,0.30535340309143066,0.6849943995475769,-0.23117861151695251,-0.6295315623283386,-0.2846561074256897,-2.6959006786346436,-3.2184488773345947,-4.529973983764648,-1.9089411497116089,-1.1860917806625366,0.043738771229982376,-1.7476160526275635
0.4937613904476166,0.4480109214782715,0.24398170411586761,0.20044684410095215,0.7061347961425781,0.3828091323375702,0.5609383583068848,-2.700782060623169,-2.8715035915374756,-3.6477468013763428,-3.5860345363616943,0.6288061738014221,1.5546481609344482,-1.0393856763839722
0.5481747984886169,0.5261719226837158,0.2553209364414215,-0.344916433095932,0.44092342257499695,0.5459998250007629,0.6233003735542297,-2.4442989826202393,-3.2116620540618896,-3.4385972023010254,-1.206081748008728,-1.383480191230774,-0.5679278373718262,-1.7207398414611816
0.48687317967414856,0.5362411141395569,0.3781483769416809,0.5175114870071411,-0.5986975431442261,-0.5254817605018616,-0.31242918968200684,-2.671219825744629,-3.388409376144409,-4.997826099395752,-1.9002394676208496,1.2167859077453613,1.64574134349823,0.5396010875701904
0.47135695815086365,0.5361794829368591,0.38742488622665405,-0.3079279363155365,0.5665419101715088,0.45272549986839294,0.6158329844474792,-2.764874219894409,-3.827763319015503,-5.292931079864502,-1.1518545150756836,1.7318840026855469,1.7643623352050781,1.4875179529190063
0.10117104649543762,0.7460854053497314,0.2148735523223877,0.43861180543899536,0.43738260865211487,0.4886133670806885,0.6144697666168213,-2.9344522953033447,-3.7398576736450195,-4.668375015258789,-1.3910070657730103,0.7939619421958923,0.9151408672332764,0.15590205788612366
0.033540040254592896,0.7457094788551331,0.15495869517326355,0.03692026808857918,0.6918672323226929,0.7205322980880737,-0.028103990480303764,-3.1572673320770264,-4.00364351272583,-4.623008728027344,0.5466674566268921,-0.6720007061958313,-0.5209750533103943,-1.4566657543182373
0.11672544479370117,0.7752270698547363,0.22860580682754517,0.3759057819843292,0.5842467546463013,0.49284136295318604,0.5238873362541199,-3.1161038875579834,-4.269691467285156,-4.82321310043335,1.708033561706543,-1.7690714597702026,-1.6686217784881592,-1.771971583366394
0.1692829728126526,0.6672295331954956,0.16951751708984375,-0.3532077968120575,0.7892162799835205,0.09746046364307404,0.4928320050239563,-3.858687162399292,-4.416568279266357,-10.368409156799316,-1.1786550283432007,-1.7724539041519165,-1.675142765045166,-1.7724539041519165
0.1888844221830368,0.7988962531089783,0.169195294380188,0.8358921408653259,-0.005097807850688696,-0.5446082949638367,0.06826547533273697,-2.877049684524536,-3.703842878341675,-4.268770217895508,-0.9983211755752563,-1.7251665592193604,-1.6340407133102417,-1.7686893939971924
0.17790426313877106,0.8230475187301636,0.19140702486038208,0.38079163432121277,0.5309131145477295,0.7080750465393066,0.2678782343864441,-3.248399019241333,-3.8702478408813477,-5.064696311950684,1.181902289390564,-1.26266348361969,-0.5063494443893433,-1.7717320919036865
0.34970125555992126,0.7293226718902588,0.2514009475708008,0.8056514859199524,0.5343583226203918,-0.19678910076618195,-0.16328153014183044,-2.6506974697113037,-3.6756303310394287,-4.461448669433594,-0.8588252663612366,-1.7719261646270752,-1.7613250017166138,-1.7724539041519165
0.32077428698539734,0.7604780793190002,0.21492138504981995,0.9592193365097046,-0.18295322358608246,0.08426851034164429,0.19830584526062012,-2.819222927093506,-3.6702487468719482,-3.9313650131225586,-1.3321810960769653,-1.5570141077041626,-0.8633784055709839,-1.7658640146255493
0.36325541138648987,0.7677974104881287,0.25911852717399597,0.9421868920326233,0.1438770741224289,0.06153484806418419,0.2963051497936249,-2.773705005645752,-4.612917423248291,-4.886194229125977,-0.350628525018692,-0.6683717370033264,0.10010048747062683,-1.6696699857711792
0.27026620507240295,0.7666814923286438,0.26734936237335205,0.8041242361068726,0.5702887177467346,-0.1533769816160202,0.06804745644330978,-3.824158191680908,-4.029792785644531,-4.295406341552734,1.368545651435852,-1.7135565280914307,-1.2447242736816406,-1.7724539041519165
0.3463762700557709,0.7697271704673767,0.21539460122585297,0.6652165651321411,-0.08644603937864304,-0.6753134727478027,-0.30653828382492065,-2.939302682876587,-3.654303789138794,-3.6588544845581055,-1.9845550060272217,0.8657914400100708,1.5632836818695068,-1.6138654947280884
0.5197871923446655,0.7228803038597107,0.20929867029190063,-0.05045825615525246,0.7562795877456665,-0.15966928005218506,0.6324561834335327,-3.7963461875915527,-2.9278106689453125,-13.025177955627441,-1.9061697721481323,-1.7724539041519165,-0.7020307779312134,-1.7724539041519165
0.5137566328048706,0.8635653257369995,0.3012140989303589,0.1974402219057083,0.5818125605583191,0.46763330698013306,0.6354766488075256,-2.504080295562744,-3.029010772705078,-4.597542762756348,-2.1840550899505615,0.8648887872695923,1.7271286249160767,-1.7724539041519165
0.8344916105270386,0.47441360354423523,0.15218044817447662,-0.31805211305618286,0.5190725326538086,0.20659761130809784,0.7659791111946106,-2.7475452423095703,-3.6212995052337646,-4.2092413902282715,-1.6340651512145996,0.7975249886512756,1.43279230594635,0.4323982298374176
0.8107212781906128,0.5121778845787048,0.105465367436409,0.2113812267780304,0.40309035778045654,0.7393198013305664,0.4962281584739685,-3.050999641418457,-3.9480085372924805,-4.125220775604248,-1.906318187713623,1.6788901090621948,1.7653920650482178,1.4530364274978638
0.7914672493934631,0.5299113392829895,0.10040513426065445,-0.16844628751277924,0.3560640811920166,0.4637530446052551,0.7935851216316223,-3.1042287349700928,-4.3737592697143555,-5.13157844543457,-1.5650516748428345,1.0039141178131104,1.7342984676361084,-0.9147149920463562
0.7986782789230347,0.4893479347229004,0.1737387776374817,0.6074284911155701,-0.5019938349723816,-0.10087992250919342,-0.6073352694511414,-2.9355311393737793,-3.4448540210723877,-4.0927300453186035,-0.3151288628578186,-0.3735675811767578,0.6340962052345276,-1.5653876066207886
0.7964131236076355,0.495197594165802,0.17679885029792786,0.7510594725608826,-0.03428788110613823,-0.4905836582183838,-0.4405243396759033,-3.003300666809082,-4.86633825302124,-5.362010478973389,-0.6202478408813477,1.5312150716781616,1.771464228630066,1.3609801530838013
0.8930392861366272,0.4761766791343689,0.14253032207489014,0.8902983665466309,-0.3877682387828827,-0.01175055280327797,-0.23846709728240967,-5.462108612060547,-3.706376791000366,-9.991132736206055,0.6406570076942444,0.03475397080183029,1.7724539041519165,-1.2719963788986206
0.7907465100288391,0.6236333847045898,0.10817866027355194,0.3585405647754669,0.4735410809516907,0.7894797325134277,0.15469099581241608,-2.9794299602508545,-3.910065174102783,-4.911707401275635,-1.9291664361953735,1.5454432964324951,1.5419427156448364,0.6364006400108337
0.8462784290313721,0.520251989364624,0.19773970544338226,-0.4629620909690857,0.01978178694844246,0.7542291879653931,0.465202271938324,-2.3505730628967285,-3.1260907649993896,-3.594209909439087,-1.1010745763778687,-1.5368635654449463,-0.9958724975585938,-1.7176717519760132
0.9852294325828552,0.47101449966430664,0.12658901512622833,0.6230289340019226,-0.17293262481689453,-0.7441941499710083,0.1676434576511383,-2.245007038116455,-2.8323137760162354,-3.9315710067749023,-0.6700151562690735,-1.7724539041519165,-1.4701322317123413,-1.7724539041519165
0.9043958187103271,0.5389521718025208,0.0528499037027359,0.2840868830680847,-0.16796378791332245,-0.5260100364685059,0.7838343381881714,-9.175021171569824,-5.305032730102539,-3.698787212371826,-1.6817585229873657,1.1468819379806519,1.7724539041519165,-1.5639299154281616
1.0156854391098022,0.49272555112838745,0.16621950268745422,0.11487982422113419,0.585018515586853,0.7991183996200562,0.07723834365606308,-2.5708935260772705,-3.449345111846924,-3.657524824142456,-1.6333940029144287,0.6449105143547058,0.6828755140304565,-0.5188473463058472
1.0217487812042236,0.530870258808136,0.16723261773586273,-0.24092720448970795,0.664322018623352,0.6528498530387878,0.27279549837112427,-2.6311960220336914,-3.427294969558716,-4.059676170349121,-1.6518754959106445,-0.03797195479273796,-0.13900408148765564,-1.1919792890548706
0.7448357939720154,0.6669172048568726,0.07032853364944458,-0.018731653690338135,0.5729625225067139,0.7623535394668579,0.30030009150505066,-2.5360379219055176,-4.040606498718262,-4.437158107757568,-1.652178168296814,1.1782426834106445,1.7192623615264893,-1.6939102411270142
0.8310106992721558,0.6622751355171204,0.09669353067874908,0.9124456644058228,-0.17360039055347443,-0.36969584226608276,0.025115448981523514,-2.509859561920166,-3.5549042224884033,-3.828437089920044,-0.04337713494896889,-1.7697778940200806,-1.7464741468429565,-1.7724539041519165
0.7241989374160767,0.626009464263916,0.09281150996685028,0.9218600392341614,-0.1954677700996399,-0.027497151866555214,-0.3334820568561554,-3.270202398300171,-3.914109706878662,-4.712744235992432,-0.718998908996582,0.7282583117485046,1.5202336311340332,0.6251214742660522
0.8800520896911621,0.6770732998847961,0.15295954048633575,0.8525991439819336,0.36266547441482544,-0.22710806131362915,0.29995059967041016,-2.539459466934204,-3.046236991882324,-3.670527696609497,-1.0362626314163208,-1.027377963066101,-0.4585823714733124,-1.6545636653900146
0.810065507888794,0.6793913841247559,0.23142234981060028,0.7271562218666077,0.0026112054474651814,-0.6758219599723816,0.12042280286550522,-2.5062167644500732,-3.5295703411102295,-4.41817045211792,-2.522399663925171,0.4449142813682556,0.852181077003479,-0.3234177827835083
0.7786924839019775,0.8030903935432434,0.17424356937408447,0.5756024122238159,-0.09242596477270126,-0.7453100085258484,0.3235001266002655,-2.840036153793335,-3.229412794113159,-4.395145893096924,-1.1485815048217773,-1.713289737701416,-1.2778737545013428,-1.7724539041519165
0.8030135035514832,0.7738925218582153,0.2160656601190567,0.6481510996818542,0.27243274450302124,-0.6984376311302185,-0.1336616426706314,-2.5995404720306396,-3.1855666637420654,-4.7209086418151855,-1.2573542594909668,-0.19969362020492554,-0.9821704626083374,-1.2746334075927734
1.1988928318023682,0.6513435244560242,0.014810435473918915,0.0034560449421405792,0.8445066213607788,0.40850451588630676,0.34629568457603455,-5.02811336517334,-3.0441391468048096,-7.468203544616699,-0.3083013594150543,-1.7724539041519165,-1.7724539041519165,-1.7724539041519165
0.8004948496818542,0.4897972643375397,0.25727394223213196,0.29888641834259033,0.6846299767494202,0.50654137134552,0.4305398166179657,-3.7571189403533936,-3.8917853832244873,-4.896242141723633,-0.9195544123649597,0.46735331416130066,0.3278966248035431,-0.6149699687957764
0.7253567576408386,0.359218567609787,0.3075575828552246,0.5054042339324951,-0.7189116477966309,-0.19238266348838806,-0.43671679496765137,-2.7645816802978516,-4.421003818511963,-5.153700828552246,-1.4384723901748657,1.0118252038955688,1.706671953201294,1.3466275930404663
0.7785969376564026,0.3453269898891449,0.3480815589427948,0.5649629235267639,-0.45152345299720764,-0.41995400190353394,-0.5482536554336548,-2.703796625137329,-3.3300228118896484,-4.10902738571167,-2.616514205932617,1.3894729614257812,1.731566309928894,0.40862563252449036
0.8432384133338928,0.36763128638267517,0.31417810916900635,0.7660633325576782,0.2554453909397125,-0.5332500338554382,-0.25206947326660156,-3.439330816268921,-4.539003372192383,-5.070331573486328,-1.0701953172683716,1.1038297414779663,1.64882230758667,0.14479157328605652
0.7971085906028748,0.5791500806808472,0.2679691016674042,0.38314196467399597,0.5745720267295837,0.6292139291763306,0.3565937280654907,-2.5779898166656494,-3.212064266204834,-5.310987949371338,-2.2629971504211426,1.4616296291351318,1.2896413803100586,0.7004668712615967
0.8077649474143982,0.6566089987754822,0.25598540902137756,0.4614025056362152,0.4947442412376404,0.5693838000297546,0.4670524001121521,-2.624485731124878,-3.794421434402466,-4.589978218078613,0.15450967848300934,-1.4715312719345093,-1.411363124847412,-1.7498937845230103
1.0671404600143433,0.5980674028396606,0.2400035262107849,0.1155070811510086,0.8448651432991028,0.43826714158058167,0.28422340750694275,-1.9846974611282349,-2.9484052658081055,-4.12360143661499,-2.3891754150390625,1.290642499923706,1.1377328634262085,0.3638526201248169
0.7240903377532959,0.8070773482322693,0.1671803891658783,-0.08043282479047775,0.798303484916687,0.42110171914100647,0.4229840338230133,-3.049759864807129,-3.5610036849975586,-4.243657112121582,0.012590109370648861,-1.0428893566131592,-0.3073643445968628,-1.7593172788619995
0.8272739052772522,0.582062840461731,0.30166202783584595,0.4597501754760742,0.3718797564506531,0.6142255067825317,0.522553563117981,-2.790031671524048,-5.003724098205566,-5.3874125480651855,16.11809539794922,-1.405275583267212,-0.36533012986183167,-1.6780351400375366
0.7621136903762817,0.742239236831665,0.24698545038700104,0.4610723853111267,0.3431762158870697,0.7165364027023315,0.3952440917491913,-3.9656007289886475,-5.760521411895752,-7.376367092132568,-1.0651525259017944,-1.7724539041519165,1.120954990386963,-1.7724539041519165
0.7803186178207397,0.7332552671432495,0.2678884267807007,0.33264437317848206,0.4235447347164154,0.809634804725647,0.23334330320358276,-2.93048095703125,-4.169377326965332,-4.678321838378906,1.6388412714004517,-1.4265856742858887,-0.4853435754776001,-1.7724539041519165
1.0399709939956665,0.7447850108146667,0.17524057626724243,-0.3908109664916992,0.36554238200187683,0.18226595222949982,0.8248785734176636,-3.1668996810913086,-4.085103511810303,-5.239455699920654,-1.0431121587753296,-0.04152921587228775,1.1038388013839722,0.08724001795053482
0.9468722343444824,0.8694608211517334,0.2362256795167923,0.5450899600982666,0.32780811190605164,0.3152126967906952,0.7043150663375854,-2.202688694000244,-4.863611221313477,-5.34305477142334,-0.5057068467140198,1.6343307495117188,1.5861643552780151,0.8038227558135986
0.9332330226898193,0.9591740369796753,0.25463294982910156,0.1268855780363083,0.5851344466209412,0.7687544822692871,0.22479835152626038,-2.5361814498901367,-3.358975410461426,-3.782905340194702,-0.9433009028434753,-1.4904967546463013,-1.3831266164779663,-1.7107734680175781
1.1264760494232178,0.8883932828903198,0.23219922184944153,-0.14526721835136414,0.7664775252342224,0.5693795680999756,-0.25926145911216736,-1.906335473060608,-2.860537528991699,-4.284379959106445,-2.4466402530670166,1.433010220527649,1.3216347694396973,0.8813006281852722
1.0897343158721924,0.7337450981140137,0.26603594422340393,0.034311071038246155,0.8372783660888672,0.5335427522659302,0.11454188078641891,-3.4348087310791016,-4.238943099975586,-4.883033275604248,-1.151168704032898,-1.7724539041519165,-1.7255587577819824,-1.7724539041519165
0.5510706901550293,0.24972711503505707,0.33405494689941406,0.11432623863220215,0.4791451692581177,0.8466179966926575,-0.20146308839321136,-3.260103940963745,-4.774986267089844,-5.76797342300415,-2.1427509784698486,0.8236182928085327,1.5930696725845337,-0.25528326630592346
0.606864869594574,0.2591398358345032,0.330003947019577,0.962684690952301,-0.2156328409910202,-0.08624228090047836,-0.13893501460552216,-3.303215265274048,-3.873631238937378,-4.266757488250732,-1.3235126733779907,1.2485015392303467,1.722851276397705,0.8939296007156372
0.5873954892158508,0.2941933870315552,0.3572617173194885,0.8797183632850647,0.4543546438217163,0.007115894928574562,0.14002449810504913,-3.2473764419555664,-3.5042593479156494,-3.9733850955963135,-1.7455191612243652,-0.9872368574142456,-0.25975722074508667,-1.7719539403915405
0.52515709400177,0.3161396384239197,0.32876574993133545,0.9532342553138733,0.08101746439933777,-0.08218912780284882,0.2793304920196533,-3.244077444076538,-3.589547872543335,-4.790280342102051,-2.414729595184326,0.874518096446991,1.7008973360061646,-1.5804736614227295
0.7362974882125854,0.08055955916643143,0.4815503656864166,0.9148056507110596,-0.20465049147605896,0.3098997473716736,-0.15877939760684967,-2.148655414581299,-3.131136417388916,-3.816087484359741,-2.213804244995117,0.40240874886512756,1.5418542623519897,-1.0656224489212036
0.706601083278656,0.176218181848526,0.4830663800239563,-0.4556763470172882,-0.16694726049900055,0.8500349521636963,-0.20476382970809937,-2.2939865589141846,-3.303398609161377,-3.8734371662139893,-1.287014365196228,-0.7273274660110474,0.31148800253868103,-1.6775777339935303
0.6406868696212769,0.18479177355766296,0.5151975750923157,0.7685747742652893,-0.5056357979774475,-0.33267515897750854,-0.2072499841451645,-2.2512104511260986,-2.6573874950408936,-3.6885411739349365,-1.7895523309707642,-1.726892113685608,-1.7480831146240234,-1.772349238395691
0.6896771788597107,0.14554579555988312,0.5202380418777466,-0.428755521774292,0.22793982923030853,0.8741910457611084,0.001464813482016325,-2.638400077819824,-3.7107949256896973,-4.565428733825684,-2.349184036254883,1.67361319065094,1.742908000946045,1.0404086112976074
0.8155897259712219,0.12464337795972824,0.4390009045600891,-0.27252960205078125,0.33181458711624146,0.45432525873184204,0.7805224061012268,-2.8614420890808105,-3.3133819103240967,-3.7550363540649414,-2.3510186672210693,1.258811116218567,1.6431808471679688,0.1886328160762787
0.8794663548469543,0.11797159910202026,0.40191882848739624,0.2828430235385895,0.7346869707107544,0.3607172667980194,0.5001179575920105,-1.5015919208526611,-2.2756145000457764,-3.944018602371216,-0.7333270311355591,-1.759756088256836,-1.7178890705108643,-1.7692983150482178
1.0569981336593628,0.01579589955508709,0.4789738357067108,0.9464530944824219,-0.19284452497959137,-0.0722583755850792,-0.24862870573997498,-1.8769317865371704,-3.3794174194335938,-3.9595766067504883,-2.5969269275665283,1.739029884338379,1.6056188344955444,1.58832585811615
1.0873807668685913,0.06685025244951248,0.4788454473018646,0.8666200041770935,0.3533361256122589,-0.2770925462245941,-0.21758462488651276,-2.5580363273620605,-3.1011757850646973,-3.5921614170074463,-1.8054829835891724,1.4689031839370728,0.986858069896698,0.3415578603744507
0.7776923179626465,0.28261107206344604,0.37818747758865356,0.3245878219604492,0.3226180076599121,0.6853440999984741,0.5664483904838562,-2.702267646789551,-3.8410212993621826,-4.3624677658081055,-0.5922819972038269,-1.6597144603729248,-1.2362521886825562,-1.7640820741653442
0.8124775886535645,0.22563453018665314,0.3765113055706024,-0.19950629770755768,0.7954572439193726,0.4486545920372009,0.3551816940307617,-3.7931666374206543,-4.067104339599609,-4.42862606048584,-0.382173627614975,1.268998384475708,1.6708005666732788,-1.1614526510238647
0.7373901605606079,0.23867999017238617,0.35355839133262634,0.8443968296051025,0.4880888760089874,-0.220425546169281,-0.013258079066872597,-3.5913496017456055,-4.727192401885986,-6.726202011108398,-1.7678314447402954,1.3990306854248047,1.695164680480957,0.7561927437782288
0.8175873160362244,0.2217024564743042,0.38024359941482544,0.9425334930419922,0.10093484073877335,0.10293969511985779,-0.3014070391654968,-3.840595006942749,-4.434881687164307,-4.8612961769104,0.07975591719150543,1.7237690687179565,1.7723612785339355,1.2268176078796387
0.8494690656661987,0.23327429592609406,0.40528199076652527,0.0991874635219574,0.4086836278438568,0.886940598487854,-0.19098658859729767,-2.95131778717041,-3.871544361114502,-4.658477783203125,-2.13248348236084,0.5770969390869141,1.5926384925842285,-0.984006941318512
0.7409641146659851,0.3346836268901825,0.4000653624534607,0.5715740323066711,0.4213738739490509,0.13488464057445526,0.6910523176193237,-3.7796335220336914,-4.491661071777344,-5.893572807312012,-1.550718903541565,0.5398349761962891,1.5049448013305664,-1.7724539041519165
0.7748717665672302,0.317536324262619,0.4223988652229309,0.1119871437549591,0.4345439672470093,0.66513991355896,0.5968410968780518,-3.1183922290802,-4.374873638153076,-5.460332870483398,0.3611357510089874,-1.5905357599258423,-1.5816532373428345,-1.7724539041519165
1.1468919515609741,-0.01153118908405304,0.49541863799095154,-0.24537917971611023,0.03525165840983391,0.23708467185497284,0.9393280744552612,-8.277874946594238,-3.6561789512634277,-4.324892044067383,0.8944319486618042,-0.7437355518341064,-1.1190787553787231,-1.3554059267044067
0.6836298108100891,0.18108883500099182,0.5341968536376953,0.8658052682876587,0.3342013657093048,0.3588910698890686,-0.09943801909685135,-3.6157374382019043,-4.516700267791748,-5.912351608276367,-0.8644461631774902,1.75559663772583,1.7724539041519165,0.2661314606666565
0.5219210982322693,0.4200247824192047,0.5027905106544495,0.36082136631011963,0.5508743524551392,0.2659701108932495,0.7039923667907715,-2.3823463916778564,-3.0780797004699707,-3.8896448612213135,-3.705490827560425,1.0965406894683838,1.4710232019424438,-1.661381721496582
0.5010802745819092,0.5363261699676514,0.4493861198425293,0.7186750769615173,-0.37808048725128174,-0.5326569080352783,-0.23840709030628204,-2.296659231185913,-3.601816177368164,-4.6745195388793945,-2.9300642013549805,1.5344098806381226,1.7724539041519165,1.6330147981643677
0.5403228402137756,0.5425578951835632,0.42386797070503235,-0.4721902906894684,0.6326609253883362,0.28228268027305603,0.5450623631477356,-2.8650715351104736,-3.5712387561798096,-3.792534351348877,-0.7556926012039185,-0.7232587933540344,0.16153733432292938,-1.7443885803222656
0.30309832096099854,0.778842031955719,0.3812454640865326,0.57798832654953,0.06644201278686523,0.5291203260421753,0.617694616317749,-3.5858230590820312,-4.525634765625,-5.041431903839111,0.7718878388404846,-0.19208075106143951,0.5045163631439209,-0.32907286286354065
0.31083542108535767,0.7757083177566528,0.37073105573654175,0.6633188724517822,0.40506914258003235,-0.6158431768417358,-0.12908989191055298,-3.1459550857543945,-4.024649143218994,-4.695910453796387,-1.1910372972488403,-0.7943938970565796,0.049165382981300354,-1.608895182609558
0.31863075494766235,0.7597662210464478,0.38480448722839355,-0.006944433785974979,0.6645742654800415,0.632440984249115,-0.39788350462913513,-3.5886220932006836,-4.0923333168029785,-4.692209720611572,-0.5078945159912109,-1.5135387182235718,-0.7978265285491943,-1.7724539041519165
0.3178024888038635,0.7536596059799194,0.39910978078842163,0.6101952791213989,0.1462060660123825,0.6071582436561584,0.48748779296875,-3.9470455646514893,-4.827363967895508,-5.051279544830322,-0.6197941899299622,0.39560654759407043,1.0155855417251587,0.9390279650688171
0.5120737552642822,0.5303568243980408,0.5558306574821472,0.6995632648468018,-0.2632620632648468,-0.473454087972641,-0.46598878502845764,-3.5525858402252197,-4.143362045288086,-5.522793292999268,-1.1745798587799072,1.3345128297805786,1.7724539041519165,-0.058436401188373566
0.4840850234031677,0.4742443263530731,0.5786144137382507,0.36781880259513855,0.6145325303077698,0.597394585609436,0.36080291867256165,-3.1625287532806396,-3.7456624507904053,-4.198115348815918,-0.8637740612030029,-1.6462754011154175,-1.6064096689224243,-1.7724539041519165
-0.6547280550003052,0.8889180421829224,0.10800018906593323,0.5072122812271118,-0.29510697722435,-0.6938058733940125,-0.4174698293209076,-3.010219097137451,-5.1463727951049805,-5.432762145996094,1.3432061672210693,-0.6435797214508057,-0.9121187329292297,-1.4949922561645508
-0.6845202445983887,0.9004697203636169,0.16159988939762115,0.5596117973327637,-0.23898424208164215,-0.7355098128318787,-0.297903448343277,-2.8643529415130615,-4.984325408935547,-5.240663528442383,0.6267033219337463,1.6311677694320679,1.5346113443374634,1.4164336919784546
-0.6771538853645325,0.8960049152374268,0.1567085087299347,0.5646463632583618,-0.19214697182178497,-0.7661283612251282,-0.2393769472837448,-3.1074283123016357,-4.864604473114014,-5.289921283721924,1.689662218093872,0.9778128266334534,0.3029302656650543,-0.41970011591911316
-0.6978477239608765,0.8921483755111694,0.19828252494335175,0.5946282148361206,-0.10630833357572556,-0.7895194888114929,-0.10851190239191055,-3.0307259559631348,-4.860927104949951,-5.518516540527344,-0.6487067937850952,1.6134792566299438,1.0130020380020142,0.20629747211933136
-0.6927169561386108,0.8954585194587708,0.2120538353919983,-0.3733644485473633,0.38855403661727905,0.5614024996757507,0.628054141998291,-3.1310620307922363,-4.730923652648926,-4.953031539916992,-0.5838919281959534,0.046614643186330795,-0.6870477795600891,-1.4283350706100464
-0.6929752230644226,1.1354798078536987,0.10143332928419113,0.9064739346504211,0.23021501302719116,-0.28356561064720154,-0.21188823878765106,-3.2385265827178955,-4.354866981506348,-4.844752311706543,-2.7997777462005615,1.2271074056625366,1.1577328443527222,0.2959728240966797
-0.6325355172157288,1.1321563720703125,0.07281653583049774,0.7102429270744324,-0.3094738721847534,-0.6255091428756714,-0.09229976683855057,-3.8239903450012207,-4.764822006225586,-6.31801176071167,0.03896334022283554,0.4511326253414154,0.8343806266784668,-0.8310592770576477
-0.6453333497047424,1.1206426620483398,0.0915720984339714,0.5462058782577515,-0.29957541823387146,-0.5870394110679626,-0.5170091390609741,-3.4282970428466797,-4.568987846374512,-5.37221622467041,-1.7164390087127686,1.5919431447982788,1.5960534811019897,1.2235462665557861
-0.7187044024467468,1.1611883640289307,0.09679331630468369,0.9764631986618042,0.19705604016780853,0.04066558927297592,0.07768448442220688,-3.5226900577545166,-4.288271427154541,-4.862679481506348,-1.7404226064682007,1.6716516017913818,1.7149033546447754,1.4990931749343872
-0.6148917078971863,0.9945474863052368,0.11833734810352325,0.9116547107696533,0.3742752969264984,0.1598150134086609,-0.057121627032756805,-4.320506572723389,-4.779014587402344,-5.821199893951416,16.11809539794922,-0.5023793578147888,0.45904645323753357,-1.7314749956130981
-0.6008148789405823,1.0006669759750366,0.11755140125751495,0.9443723559379578,0.3020274043083191,0.07977326959371567,0.10284204035997391,-4.094335556030273,-4.654849529266357,-6.130623817443848,0.6197327971458435,1.0467114448547363,1.553142786026001,-1.2668862342834473
-0.5672823190689087,1.0079823732376099,0.08534222096204758,0.7453259229660034,0.603174090385437,0.28346771001815796,0.017787473276257515,-3.3390471935272217,-4.9365081787109375,-5.257428169250488,-1.0047061443328857,1.6619699001312256,1.7086580991744995,1.4765398502349854
-0.5919834971427917,1.0026359558105469,0.11675866693258286,0.7343635559082031,0.6479395031929016,-0.07913260161876678,0.18607160449028015,-3.7033677101135254,-4.390094757080078,-4.880342960357666,-0.767354428768158,1.2354023456573486,1.4272325038909912,0.622001588344574
-0.5907219052314758,0.9998319149017334,0.11411188542842865,-0.30423808097839355,0.46526068449020386,0.8166506290435791,0.15509174764156342,-4.479652404785156,-4.757563591003418,-5.987282752990723,3.198390483856201,0.2843885123729706,1.0632957220077515,-1.0934240818023682
-0.5707500576972961,1.0108751058578491,0.13600586354732513,0.6404150724411011,0.7313298583030701,-0.13970063626766205,0.18843808770179749,-3.5986602306365967,-4.418305397033691,-5.217682838439941,-0.8655426502227783,-1.0076103210449219,-0.2425009161233902,-1.5428584814071655
-0.7289882302284241,1.1615079641342163,0.09247848391532898,0.6932511329650879,0.6153360605239868,0.17280861735343933,0.33301880955696106,-3.8892719745635986,-4.77055549621582,-5.944360256195068,1.3829163312911987,-0.19203433394432068,0.4943370223045349,-1.2164151668548584
-0.6359401941299438,1.1132234334945679,0.11742938309907913,0.8051272034645081,0.5884788632392883,0.014869698323309422,0.07239995151758194,-3.4388442039489746,-4.532814025878906,-5.483883857727051,-1.1660350561141968,-1.3918784856796265,-1.381093978881836,-1.7668676376342773
-0.6668941378593445,1.123507022857666,0.12040416896343231,0.523251473903656,0.2267783284187317,0.7288122177124023,0.37896212935447693,-4.089029788970947,-4.2211833000183105,-5.1218976974487305,-1.1086914539337158,-0.8094294667243958,-0.9611647129058838,-1.5381089448928833
-0.6729949116706848,1.124314785003662,0.11607146263122559,0.5944268703460693,0.25237318873405457,0.6404819488525391,0.4156288206577301,-3.9441215991973877,-4.871553421020508,-4.976478576660156,-1.4300930500030518,0.5056915879249573,0.2979583442211151,-0.2714698016643524
-0.6145197749137878,1.1142829656600952,0.11812510341405869,0.8880804181098938,0.45618802309036255,0.05539992079138756,0.011684357188642025,-3.434926986694336,-5.054662704467773,-5.975982666015625,-0.20620973408222198,0.07864156365394592,0.012067957781255245,-0.9363119602203369
-0.658040463924408,1.1557915210723877,0.08746060729026794,0.6882564425468445,0.6781628131866455,0.15768249332904816,0.20380014181137085,-4.283234596252441,-4.572978973388672,-6.2581048011779785,-0.41313499212265015,-0.21354512870311737,0.16384810209274292,-1.1787805557250977
-0.6723138689994812,1.203581690788269,0.05858808383345604,-0.07848405092954636,0.7023953199386597,0.5825703144073486,-0.4013638198375702,-3.6426901817321777,-4.346609115600586,-4.729109764099121,-1.40668523311615,1.3362236022949219,1.5128529071807861,-0.34812140464782715
-0.6880941390991211,1.193585753440857,0.1287223994731903,0.5348731875419617,-0.06722725927829742,-0.8414720892906189,0.036274753510951996,-3.782057046890259,-4.256935119628906,-5.4632792472839355,-1.5029423236846924,1.2699486017227173,1.1250879764556885,0.7318864464759827
-0.6785147786140442,1.1810909509658813,0.107417032122612,-0.01911746710538864,0.7157793641090393,0.6953467130661011,0.061541762202978134,-4.17464542388916,-7.068854331970215,-7.8690080642700195,1.1057907342910767,-0.6987913250923157,-0.6952188611030579,-1.2082573175430298
-0.6133065819740295,1.156005620956421,0.10749252885580063,0.7005667686462402,0.6175890564918518,0.14675118029117584,0.32596638798713684,-4.235819339752197,-4.849819660186768,-6.129451274871826,1.4931071996688843,-0.7575666308403015,-0.40671560168266296,-1.2486361265182495
-0.6133559346199036,1.1534780263900757,0.10968292504549026,0.8165429830551147,0.5291608572006226,0.14263276755809784,0.18138980865478516,-4.111382484436035,-4.846563339233398,-5.544724941253662,-1.8383357524871826,0.9870821833610535,1.266424298286438,0.2728543281555176
-0.5681580901145935,1.1137861013412476,0.11263227462768555,0.8621063232421875,0.4759703576564789,0.10469777882099152,-0.13879205286502838,-3.5255839824676514,-5.805569648742676,-6.170348167419434,0.7778182029724121,-0.6146513819694519,-0.5335453748703003,-1.2622601985931396
-0.6686075925827026,1.1587741374969482,0.13650162518024445,0.26099392771720886,0.5462998747825623,0.7061173915863037,0.36720138788223267,-4.023128509521484,-6.173162460327148,-6.473093509674072,-0.5956416726112366,-1.622897744178772,-1.555891513824463,-1.7717952728271484
-0.6757125854492188,1.1764026880264282,0.133309468626976,0.5508389472961426,0.24236400425434113,0.5423886775970459,0.5862172245979309,-3.562647819519043,-4.7330145835876465,-5.348029613494873,-0.8191832304000854,-0.13942590355873108,-0.23859019577503204,-0.907960832118988
-0.7114389538764954,1.2105222940444946,0.15662629902362823,0.31964418292045593,0.24969933927059174,0.34664443135261536,0.8457632660865784,-3.1462442874908447,-4.297752380371094,-5.188854694366455,-1.7596527338027954,-1.0002405643463135,-0.9508864879608154,-1.500281810760498
-0.7242991328239441,0.8431243300437927,0.2725319266319275,-0.4216023087501526,0.6766742467880249,0.31926020979881287,0.5122854113578796,-4.508028507232666,-4.704745769500732,-5.741150856018066,-0.12843069434165955,1.686944842338562,1.2114838361740112,0.5332943201065063
-0.7378571629524231,0.8788042068481445,0.2833968698978424,0.27145159244537354,0.41687455773353577,0.3372684121131897,0.7992369532585144,-3.631423234939575,-4.390193462371826,-4.7701616287231445,-0.744013249874115,1.7560831308364868,1.6770566701889038,1.3650306463241577
-0.7113036513328552,0.8642938733100891,0.294602632522583,0.5936850309371948,-0.21484392881393433,-0.7754867076873779,0.0007407710654661059,-3.976667642593384,-4.746498107910156,-4.855952262878418,0.0078184949234128,-0.7374062538146973,-1.2497437000274658,-1.7660001516342163
-0.7378702759742737,0.8391676545143127,0.2929087281227112,0.5922650694847107,0.4490707516670227,0.47373974323272705,0.47236448526382446,-4.276102542877197,-4.348155975341797,-5.049900054931641,4.862560272216797,0.9913766980171204,1.0786075592041016,1.2284727096557617
-0.6974582672119141,0.8710865378379822,0.3027292490005493,0.43137335777282715,0.5746467709541321,0.12022988498210907,0.6850130558013916,-3.731541633605957,-4.405874729156494,-5.438918590545654,0.20121029019355774,-1.3030776977539062,-1.4819194078445435,-1.7610540390014648
-0.7188119888305664,0.8642669320106506,0.2733982801437378,0.27562931180000305,0.47498947381973267,0.18267822265625,0.8155011534690857,-4.113784313201904,-4.485991477966309,-4.7043657302856445,0.7432522773742676,1.4158581495285034,0.10220150649547577,-1.4218475818634033
-0.7130182981491089,0.839791476726532,0.2966795563697815,0.517284631729126,0.4787597358226776,0.4764374792575836,0.5255597829818726,-3.8121232986450195,-4.491508483886719,-5.052555084228516,3.5679996013641357,-0.4962262511253357,-0.5916106104850769,-0.9578202962875366
-0.726714015007019,0.8756284713745117,0.296286940574646,0.7095503807067871,-0.4228709042072296,-0.1860901117324829,-0.532060980796814,-4.149209499359131,-4.483479022979736,-5.2001447677612305,16.11809539794922,0.8119533061981201,0.09067779779434204,-0.4023872911930084
-0.7514932155609131,0.9060114622116089,0.30857381224632263,0.4278419613838196,0.6047438383102417,0.2066228836774826,0.6391738057136536,-4.048112392425537,-4.270504474639893,-5.086193561553955,-1.6742112636566162,1.5041800737380981,0.8885615468025208,0.32874128222465515
-0.7498700618743896,0.8983755707740784,0.30252817273139954,0.27149200439453125,0.6203649044036865,0.2945834696292877,0.674284815788269,-3.9515039920806885,-4.197142124176025,-5.426292896270752,-0.920706033706665,-0.45530009269714355,-1.3529428243637085,-1.7247483730316162
-0.7240790724754333,0.9064356088638306,0.2805439531803131,0.8598021864891052,0.44773656129837036,0.16563645005226135,-0.18120910227298737,-3.7791073322296143,-4.392852783203125,-4.8834710121154785,2.026412010192871,1.118398666381836,0.1707005500793457,-0.6371620893478394
-0.6914788484573364,0.8897631168365479,0.2615537643432617,0.5160059332847595,-0.18301239609718323,-0.7751672863960266,-0.31521424651145935,-3.7903048992156982,-4.073605060577393,-4.627317428588867,-0.39359527826309204,-1.3707531690597534,-1.4091988801956177,-1.7673968076705933
-0.7141274213790894,0.9263684153556824,0.28965994715690613,0.7135125994682312,-0.26558345556259155,-0.6413652896881104,0.09495139122009277,-3.8611717224121094,-4.691910743713379,-4.769711494445801,-0.6464359760284424,1.7439758777618408,1.6538335084915161,1.5394078493118286
-0.6899132132530212,0.9003661870956421,0.2935999929904938,0.6518939733505249,-0.23177510499954224,-0.6545633673667908,0.3047315776348114,-4.402700901031494,-4.482483386993408,-5.597439765930176,0.43241867423057556,-1.2544429302215576,-1.5481663942337036,-1.7505435943603516
-0.6982553601264954,0.8939861059188843,0.3123903274536133,0.5873094201087952,-0.22374095022678375,-0.777320384979248,0.02793935313820839,-3.9293675422668457,-4.725636005401611,-5.056843280792236,1.8139317035675049,-0.5795498490333557,-0.9082493185997009,-1.4511687755584717
-0.7020056843757629,0.9248230457305908,0.3008241653442383,0.5183529853820801,-0.48392513394355774,-0.5768758058547974,-0.4053898751735687,-4.044113636016846,-4.935037136077881,-5.428718090057373,-0.3692237436771393,-1.2379462718963623,-1.6994619369506836,-1.7611969709396362
-0.6836488842964172,0.9465939402580261,0.29334756731987,0.5659691691398621,-0.30674758553504944,-0.5038226842880249,-0.5759752988815308,-4.336082458496094,-4.610256671905518,-5.505740165710449,-0.5967356562614441,1.7713580131530762,1.736809253692627,1.629081130027771
-0.7172964811325073,0.909574031829834,0.30977344512939453,0.912747859954834,-0.015012637712061405,0.3502831757068634,0.2096845805644989,-3.7901611328125,-4.110658645629883,-4.662403583526611,3.380215883255005,0.5025469660758972,-0.16038614511489868,-0.5718722939491272
-0.7105082273483276,0.9368235468864441,0.29940733313560486,0.5710515379905701,0.78142249584198,0.22937239706516266,-0.10328274220228195,-4.917422771453857,-5.026401042938232,-5.836933135986328,-1.3297045230865479,0.9803875684738159,-0.548825204372406,-1.7204349040985107
-0.7291257977485657,0.9206416010856628,0.32147854566574097,0.7936785221099854,0.5977235436439514,0.07237792760133743,0.08696235716342926,-3.85890531539917,-4.569164752960205,-4.937870025634766,-0.14980007708072662,-0.9579570293426514,-1.44927179813385,-1.6021819114685059
-0.6987653970718384,0.9294080138206482,0.31181207299232483,0.8128737211227417,0.4818390905857086,0.3099892735481262,0.10475719720125198,-3.773096799850464,-4.676953315734863,-4.968178749084473,0.06569595634937286,1.0653517246246338,0.4383828938007355,-0.04117029160261154
-0.3189469575881958,0.8968887329101562,0.12256269156932831,0.6186482906341553,0.455047070980072,0.29012322425842285,0.5709946751594543,-3.9933102130889893,-6.178576946258545,-7.506580829620361,-2.3385181427001953,-0.15057243406772614,-0.09959159046411514,-1.1006064414978027
-0.31873732805252075,0.9355842471122742,0.13427014648914337,0.19173790514469147,0.6486656665802002,0.702601969242096,0.22095216810703278,-3.8349320888519287,-4.909870624542236,-5.659402370452881,-1.9278602600097656,-0.6385677456855774,-0.8279819488525391,-1.3989462852478027
-0.3154209554195404,0.9333296418190002,0.1397964209318161,0.8186179995536804,0.4669935703277588,-0.29347357153892517,-0.160171240568161,-4.045947551727295,-5.141558647155762,-5.84848165512085,1.011276125907898,0.13901498913764954,0.13696949183940887,-0.5219920873641968
-0.308762788772583,0.9687930941581726,0.15629668533802032,0.9631540775299072,0.007337730843573809,-0.22547097504138947,-0.1464349627494812,-2.9121789932250977,-3.7762739658355713,-4.289708614349365,-2.6609737873077393,1.7341313362121582,1.7183256149291992,1.5432015657424927
-0.36283770203590393,0.9718538522720337,0.131178081035614,0.8851026892662048,-0.2959630489349365,0.021417854353785515,-0.3585253357887268,-3.696974992752075,-5.459255218505859,-6.373634338378906,0.09985051304101944,-0.40864819288253784,-0.36815765500068665,-1.067862868309021
-0.3627971410751343,0.9704897999763489,0.1277814358472824,0.6962798237800598,0.6393282413482666,-0.27180513739585876,-0.18048764765262604,-3.4451582431793213,-4.804159164428711,-6.101169109344482,-1.5397562980651855,0.6960921883583069,0.6702051162719727,-0.08719315379858017
-0.26148879528045654,0.9440152049064636,0.16787505149841309,0.06785446405410767,0.8924052715301514,0.4437723159790039,-0.04554968699812889,-3.866509199142456,-4.225923538208008,-4.6756768226623535,0.5407301783561707,0.29407253861427307,-0.26317620277404785,-1.1563560962677002
-0.24668407440185547,0.9367700219154358,0.13789740204811096,0.9878973364830017,0.07612179219722748,0.13483130931854248,0.009213120676577091,-3.7289018630981445,-4.382472991943359,-5.0553460121154785,-0.8088743090629578,1.7662068605422974,1.7565120458602905,1.6424453258514404
-0.21196416020393372,0.8326855301856995,0.05081659555435181,0.4373769462108612,0.43111687898635864,0.6383993625640869,0.46398910880088806,-3.1346499919891357,-3.70654034614563,-4.000504016876221,1.6790494918823242,-1.2010438442230225,-1.1504477262496948,-1.5711102485656738
-0.2521335482597351,0.8474640250205994,0.059066709131002426,0.6510279774665833,0.1628255993127823,0.3839462399482727,0.634220540523529,-3.0654163360595703,-4.481745719909668,-4.913383960723877,1.3086776733398438,1.4129703044891357,1.0023505687713623,0.07372574508190155
-0.2250593900680542,0.888478696346283,0.07173363864421844,0.03641306608915329,0.6469850540161133,0.7616236805915833,0.003715204307809472,-3.118129014968872,-4.398027420043945,-4.61229944229126,0.7983847260475159,-1.1904572248458862,-1.2694200277328491,-1.520790934562683
-0.0706360936164856,0.8466551899909973,0.07227092981338501,0.6145979166030884,-0.2188512682914734,-0.7402653098106384,-0.16242165863513947,-3.197993278503418,-4.103015422821045,-4.784006595611572,-1.1847723722457886,1.504542350769043,1.5219786167144775,0.7621245384216309
-0.07030394673347473,0.8764124512672424,0.085017628967762,0.7567830085754395,0.17045672237873077,0.5120904445648193,0.36876463890075684,-3.1699705123901367,-3.6032767295837402,-4.8889360427856445,-0.9683324694633484,-0.795686662197113,-0.6155734658241272,-1.5064942836761475
-0.25501689314842224,0.949927806854248,0.045897793024778366,0.41542449593544006,0.5666686296463013,0.4055612087249756,0.5846616625785828,-3.704737663269043,-4.132040500640869,-4.50913667678833,0.8651594519615173,0.6738893985748291,0.24731071293354034,-0.4336922764778137
-0.07599902153015137,0.9533740282058716,0.03436873480677605,0.9602632522583008,-0.21837805211544037,-0.17061293125152588,-0.03311717510223389,-2.97684645652771,-4.1461710929870605,-4.596677780151367,-0.568159818649292,-0.6483863592147827,0.17520771920681,-1.080269694328308
-0.074196457862854,0.9295409321784973,0.058725666254758835,0.9642404913902283,0.0049015493132174015,-0.14442558586597443,-0.2221655547618866,-3.610281467437744,-3.7748875617980957,-4.671673774719238,-0.44062691926956177,-1.496234655380249,-1.2434066534042358,-1.7649391889572144
-0.24449241161346436,0.893956184387207,0.07710117101669312,0.16713567078113556,0.6050541400909424,0.7781127691268921,-0.022709082812070847,-1.47501540184021,-3.9038639068603516,-5.827515125274658,-0.47114065289497375,-1.0431329011917114,-1.1193019151687622,-1.6931031942367554
-0.27216219902038574,0.9651347994804382,0.048211682587862015,0.4069468677043915,0.6034301519393921,0.597624659538269,0.33631983399391174,-3.3746390342712402,-4.380129814147949,-5.363123416900635,0.14126530289649963,1.6616395711898804,1.5227391719818115,0.9430180788040161
-0.23829784989356995,0.9309977889060974,0.054825879633426666,0.26723602414131165,0.622866690158844,0.7334333658218384,0.05193668603897095,-2.7648138999938965,-4.183106899261475,-4.342288494110107,5.865577220916748,0.024689380079507828,-0.2517339587211609,-1.2039343118667603
0.0040758452378213406,0.9363030791282654,0.02733010984957218,0.5669503808021545,0.7840057015419006,-0.16988563537597656,-0.18719294667243958,-2.9248640537261963,-4.120734214782715,-4.987868785858154,0.027924546971917152,-1.5363209247589111,-0.9699800610542297,-1.694323182106018
-0.08963806182146072,1.0330578088760376,0.06566739827394485,-0.03295595198869705,0.5938721895217896,0.8010353446006775,0.06761762499809265,-2.7229323387145996,-4.172019004821777,-4.3740410804748535,-1.7239465713500977,1.6001243591308594,1.5826475620269775,1.3999574184417725
-0.24325069785118103,0.8251382112503052,0.1698809415102005,0.8980409502983093,0.09526368975639343,0.3263930380344391,-0.27913233637809753,-3.28340220451355,-3.890754461288452,-4.323099613189697,-1.2203985452651978,1.7712900638580322,1.7328824996948242,1.5867887735366821
-0.22243477404117584,0.8239421248435974,0.1489730328321457,-0.09712347388267517,0.622446596622467,0.7662639021873474,-0.12636008858680725,-2.5554401874542236,-4.602750778198242,-4.905740737915039,0.22756211459636688,1.0774365663528442,0.35248464345932007,-0.7378140091896057
-0.18227414786815643,0.9221998453140259,0.14005523920059204,0.9211740493774414,0.3203892707824707,0.05637405440211296,-0.2135675698518753,-3.417609453201294,-3.7124578952789307,-4.718834400177002,-1.5368839502334595,-1.680368423461914,-1.520819067955017,-1.7406578063964844
-0.10116904973983765,0.8109821081161499,0.1739712506532669,0.5467517375946045,0.6830700039863586,-0.004266572650521994,0.48421037197113037,-3.493962526321411,-4.1858601570129395,-4.986773490905762,1.5127590894699097,-1.1936779022216797,-0.6020908951759338,-1.2949299812316895
-0.07153939455747604,0.8492370247840881,0.19971591234207153,0.6296747326850891,-0.4621686339378357,-0.42197030782699585,-0.4602726399898529,-3.3737881183624268,-4.410420894622803,-4.8253936767578125,0.013930759392678738,-0.41296932101249695,0.21483340859413147,-0.5876706838607788
-0.2723018527030945,0.9246068596839905,0.16738685965538025,0.2414790540933609,0.5124936699867249,0.7991935610771179,0.20081759989261627,-4.0742506980896,-4.610102653503418,-5.589166164398193,0.8614470362663269,-1.0663801431655884,-1.3719879388809204,-1.770380973815918
-0.2695077061653137,0.873581051826477,0.16385340690612793,0.002260122913867235,0.5989670157432556,0.7891927361488342,-0.13567690551280975,-3.5041935443878174,-4.920064926147461,-5.0735392570495605,-0.4575909972190857,1.2977871894836426,0.8590995073318481,-0.03938579186797142
-0.24759481847286224,0.8848075866699219,0.15336641669273376,0.9608551859855652,-0.09973778575658798,0.18486474454402924,-0.1806507259607315,-3.792584180831909,-3.986095428466797,-5.110947608947754,-1.1596893072128296,1.7699196338653564,1.6490792036056519,1.1607838869094849
-0.19738416373729706,0.9270053505897522,0.1775582730770111,0.30509689450263977,0.6396403312683105,0.5534355044364929,0.4375903010368347,-3.2731549739837646,-4.148965358734131,-4.828166961669922,-0.4482422173023224,-1.6596729755401611,-1.6542400121688843,-1.7459203004837036
-0.29091712832450867,0.9171333312988281,0.13831140100955963,-0.2101215124130249,0.43781301379203796,0.6321865320205688,0.603745698928833,-4.0791144371032715,-4.798408508300781,-5.749563694000244,-2.4095475673675537,-1.0163708925247192,-1.2472476959228516,-1.6291218996047974
-0.24922557175159454,0.9572925567626953,0.15410609543323517,0.9477540254592896,0.17981171607971191,0.14305998384952545,0.22127796709537506,-3.557554006576538,-4.426140785217285,-4.580698490142822,-1.61150062084198,1.285099744796753,0.8531026840209961,0.2713661193847656
-0.21723411977291107,1.0126047134399414,0.15068402886390686,0.9263127446174622,0.060680486261844635,0.3713970482349396,-0.018077895045280457,-3.2142770290374756,-3.7920753955841064,-4.0583038330078125,-0.1815333217382431,-1.7119125127792358,-1.72153639793396,-1.7715237140655518
-0.5471644997596741,1.0156090259552002,0.045529402792453766,0.6578933596611023,-0.1556466519832611,-0.7051708102226257,-0.2137395143508911,-3.9721388816833496,-4.739853382110596,-6.218296527862549,16.11809539794922,0.5365567207336426,1.1920255422592163,-1.0179383754730225
-0.5463578701019287,1.015406847000122,0.05908908694982529,0.6669670939445496,-0.17104603350162506,-0.683562695980072,-0.24215731024742126,-4.163220405578613,-4.852864742279053,-5.9608001708984375,16.11809539794922,-0.19501198828220367,0.6396317481994629,-1.5206340551376343
-0.5504202246665955,1.0152454376220703,0.04494604095816612,0.6351603269577026,-0.10442881286144257,-0.7199130654335022,-0.25959813594818115,-4.246190547943115,-4.755955219268799,-6.4573845863342285,16.11809539794922,1.0390496253967285,1.3836146593093872,0.4486914277076721
-0.5561563968658447,1.0136414766311646,0.08415815234184265,-0.4948880970478058,0.014912178739905357,0.821298360824585,0.2834296226501465,-3.3736917972564697,-4.873327255249023,-5.082310676574707,-0.6907867789268494,-1.199817180633545,-0.5475735068321228,-1.5947328805923462
-0.5433744192123413,1.0247957706451416,0.05687708780169487,0.7394582629203796,-0.0831240564584732,-0.6444092392921448,-0.1761493682861328,-5.004575729370117,-5.174314975738525,-7.257282733917236,-0.42585060000419617,1.605712652206421,1.7724539041519165,-0.6662502288818359
-0.5211220383644104,1.1195051670074463,0.07017742842435837,0.5121276378631592,-0.46980297565460205,-0.15542124211788177,-0.7020360827445984,-3.9137957096099854,-4.797767162322998,-5.68574857711792,-1.1284575462341309,1.4196301698684692,1.3517825603485107,0.3214869201183319
-0.5027381777763367,1.1480532884597778,0.03644260764122009,0.6477999687194824,0.7408693432807922,0.17132851481437683,-0.04598299041390419,-2.8882901668548584,-3.3022375106811523,-4.694651126861572,-1.991490125656128,-1.4510806798934937,-1.5243299007415771,-1.7662206888198853
-0.5420798659324646,1.1237058639526367,0.08771366626024246,0.5122802257537842,-0.32512587308883667,-0.4760707914829254,-0.6365678906440735,-3.836168050765991,-5.508771896362305,-6.295202255249023,-3.2877657413482666,0.5875371694564819,0.491843044757843,-0.4092264473438263
-0.5241116285324097,1.1235007047653198,0.0800919383764267,0.5120688080787659,0.7709475755691528,-0.3699096441268921,-0.08119270950555801,-3.223792791366577,-5.1098408699035645,-5.873227119445801,0.6796797513961792,-0.9586200714111328,-1.0045417547225952,-1.7197202444076538
-0.25365835428237915,1.0779927968978882,0.03372208774089813,0.15876826643943787,0.5562201142311096,0.8157063126564026,-0.00591687299311161,-3.2300877571105957,-4.1130547523498535,-4.2615203857421875,1.608658790588379,-0.4267605245113373,-0.6355689764022827,-1.2457081079483032
-0.26595255732536316,1.142998218536377,0.03067919798195362,0.5917065143585205,-0.2582750618457794,-0.2992740273475647,-0.7025755643844604,-3.791166305541992,-4.2121477127075195,-4.5219221115112305,0.29479360580444336,-1.4324628114700317,-1.5326988697052002,-1.5641640424728394
-0.2983366847038269,1.1999093294143677,0.01364542730152607,0.23955348134040833,0.5988143086433411,0.7641684412956238,0.009066342376172543,-2.705749988555908,-4.279389381408691,-5.119390487670898,2.7836945056915283,0.14011694490909576,-0.1692064255475998,-0.7327300310134888
-0.5582324862480164,1.0091280937194824,0.1393197476863861,0.7745492458343506,-0.4678244888782501,-0.40807971358299255,-0.12118042260408401,-3.645131826400757,-4.489521026611328,-5.308955192565918,-0.3297014534473419,-0.007202040869742632,0.7185685038566589,-1.2715089321136475
-0.5093813538551331,1.0649604797363281,0.10865870118141174,0.6770864129066467,0.555217444896698,0.4589395523071289,0.1505393236875534,-4.290165424346924,-5.167128562927246,-6.518436431884766,16.11809539794922,0.10777544230222702,0.8248160481452942,-1.3075840473175049
-0.5125082731246948,1.081835150718689,0.11059734970331192,-0.014453793875873089,0.553865373134613,0.7877222895622253,-0.2692912817001343,-3.722658395767212,-4.4363884925842285,-5.157159328460693,-0.7002575397491455,-1.2971010208129883,-0.9950506687164307,-1.6987254619598389
-0.5070524215698242,1.0693964958190918,0.11340513825416565,0.6528550982475281,0.5466853380203247,0.500112771987915,0.15748852491378784,-4.210092067718506,-4.707373142242432,-6.163969039916992,0.3482857346534729,1.5780436992645264,1.7233966588974,1.3328585624694824
-0.4951670467853546,1.0726319551467896,0.10351670533418655,0.907334566116333,-0.32633012533187866,0.11797023564577103,0.23735128343105316,-3.920222043991089,-4.199961185455322,-5.198794364929199,-0.8390523195266724,0.7223453521728516,1.0018125772476196,-0.36649760603904724
-0.4665939509868622,1.0708853006362915,0.1424412727355957,0.637520968914032,-0.3055807948112488,-0.6575003266334534,-0.2605392038822174,-3.4229135513305664,-4.077332973480225,-4.461827278137207,-2.8378472328186035,1.6999117136001587,1.7273062467575073,1.5294537544250488
-0.4915936589241028,1.0665645599365234,0.11449010670185089,0.962341845035553,-0.2569967806339264,0.0863335058093071,-0.01993373967707157,-3.860653877258301,-4.357512950897217,-5.515861511230469,-1.1166763305664062,-0.4221965968608856,0.029515353962779045,-1.5739891529083252
-0.4190084636211395,1.028611183166504,0.11572878062725067,0.490763783454895,0.8010417222976685,-0.3146015405654907,-0.13604742288589478,-3.2688212394714355,-4.353675842285156,-6.105109691619873,-0.148308664560318,-1.1237657070159912,-1.1451810598373413,-1.7177051305770874
-0.5477920174598694,1.0121079683303833,0.15687815845012665,0.651534914970398,0.6433768272399902,0.401946097612381,0.00279943342320621,-4.150612831115723,-5.30938720703125,-6.145175457000732,-1.374316930770874,1.7724539041519165,1.7724539041519165,1.7524888515472412
-0.47643235325813293,1.0466089248657227,0.158543661236763,0.9640936255455017,0.12781639397144318,-0.22632844746112823,0.054423555731773376,-4.0602946281433105,-4.666661739349365,-4.831826210021973,0.5418378114700317,-0.7424492239952087,-0.37958547472953796,-1.3957328796386719
-0.4598976969718933,1.0663448572158813,0.16433414816856384,-0.46939462423324585,0.16181983053684235,0.8643612265586853,0.07976637035608292,-4.139706134796143,-4.1909074783325195,-4.8548479080200195,1.0968785285949707,-1.339392066001892,-1.0718414783477783,-1.655858039855957
-0.5600702166557312,1.1135039329528809,0.10455171763896942,0.9506586790084839,0.2564429044723511,0.1396923065185547,-0.10474362224340439,-3.954892635345459,-5.924781799316406,-6.087935447692871,16.11809539794922,1.4044008255004883,1.3605222702026367,1.0260463953018188
-0.4615030586719513,1.0763049125671387,0.15932321548461914,0.638167679309845,0.4998357594013214,0.35816532373428345,0.46327510476112366,-3.919046640396118,-3.9808425903320312,-5.1384196281433105,-1.7706636190414429,-0.1876944601535797,0.29905837774276733,-0.7924611568450928
-0.4945497512817383,1.088442087173462,0.1999092698097229,-0.3713175356388092,0.22000184655189514,0.7673315405845642,0.4742623567581177,-3.055837869644165,-4.300997734069824,-5.433711051940918,-2.294614791870117,0.651701033115387,1.0461560487747192,0.17517827451229095
-0.2786391079425812,1.091049313545227,0.03610169142484665,0.4775877892971039,0.4903293251991272,0.7005852460861206,0.20166149735450745,-2.743382215499878,-4.263707160949707,-4.794498920440674,-1.2429792881011963,-0.8346953392028809,-1.0451910495758057,-1.3837820291519165
-0.24951565265655518,1.0155569314956665,0.07336264103651047,0.8023034930229187,0.26454657316207886,-0.48573511838912964,-0.22446730732917786,-3.940748453140259,-4.247877597808838,-4.754823207855225,0.6118203997612,-1.2683407068252563,-1.4497472047805786,-1.635705590248108
-0.25780799984931946,1.0122028589248657,0.056714385747909546,0.9678056836128235,0.1182318776845932,-0.17225594818592072,0.14036130905151367,-3.947500705718994,-4.563370704650879,-5.052710056304932,-1.0554466247558594,1.4770514965057373,0.9595367908477783,0.19531014561653137
-0.25746697187423706,1.0329240560531616,0.14243662357330322,0.21882346272468567,0.4727396070957184,0.5466198921203613,0.6556220650672913,-3.7467458248138428,-4.419328212738037,-4.704103946685791,-0.8909419775009155,1.7724539041519165,1.7680351734161377,1.5120474100112915
-0.09168723970651627,1.0430893898010254,0.07819487899541855,0.30191946029663086,0.5564301609992981,0.6556990146636963,0.41144734621047974,-2.7092323303222656,-5.284027099609375,-5.565871715545654,0.1383311003446579,-0.43039318919181824,-0.5764625072479248,-1.2313015460968018
-0.09917812794446945,1.0779844522476196,0.0820072740316391,0.5333521962165833,0.33670130372047424,0.4006861746311188,0.664543628692627,-3.0378684997558594,-5.068545818328857,-5.3122358322143555,-0.8659876585006714,-1.3875890970230103,-1.4379881620407104,-1.7406957149505615
-0.2806493639945984,1.2254377603530884,0.023723596706986427,-0.10981801897287369,0.7422348260879517,0.6322193145751953,-0.19320005178451538,-3.438668966293335,-4.346697807312012,-5.172765254974365,1.3224543333053589,-1.4710944890975952,-1.5469324588775635,-1.7401278018951416
-0.2477637678384781,1.0651328563690186,0.15081465244293213,0.4055626690387726,0.5796687602996826,0.256906658411026,0.6584087014198303,-3.480588674545288,-3.6909666061401367,-5.30088996887207,-0.14476747810840607,1.7520983219146729,1.6025294065475464,1.1988484859466553
-0.26125168800354004,1.0243375301361084,0.10858418047428131,-0.43811628222465515,0.15969885885715485,0.8822103142738342,0.06523303687572479,-3.950925350189209,-5.380746364593506,-5.831834316253662,2.0220518112182617,1.7724539041519165,1.7565137147903442,1.7445074319839478
-0.25275906920433044,1.0297393798828125,0.1632232367992401,0.8789597153663635,0.08228719979524612,0.30173298716545105,-0.36002200841903687,-3.719229221343994,-4.031703948974609,-4.310918807983398,-0.06751410663127899,0.46248117089271545,0.042553048580884933,-0.41583672165870667
-0.22744211554527283,0.9853729605674744,0.15167130529880524,0.6364161968231201,0.7170692086219788,-0.2821504473686218,-0.03431173041462898,-3.8815317153930664,-5.039112567901611,-5.291647434234619,-1.287371039390564,1.749448299407959,1.5440552234649658,0.8665466904640198
-0.2213086038827896,1.0231431722640991,0.1598086953163147,0.902808427810669,-0.0007013254216872156,-0.4254749119281769,0.06251034885644913,-3.6377265453338623,-3.7535343170166016,-4.335458755493164,0.2577022910118103,-1.396195650100708,-1.431820034980774,-1.7320069074630737
-0.23736749589443207,0.9644041061401367,0.1888258457183838,0.003415366867557168,0.5910649299621582,0.6536734104156494,-0.4725903868675232,-3.6518471240997314,-4.063568115234375,-4.405611038208008,1.681129813194275,1.0493435859680176,0.6563671827316284,0.21833060681819916
-0.23612378537654877,1.0050309896469116,0.2004706710577011,0.557892918586731,0.1716206669807434,0.56718510389328,0.5810360312461853,-3.400531530380249,-3.9175589084625244,-4.235692977905273,16.11809539794922,-0.5364170074462891,-0.7901620864868164,-1.306389331817627
-0.25660091638565063,0.9993701577186584,0.18345433473587036,0.27058443427085876,0.5596316456794739,0.7794224619865417,-0.07808388769626617,-3.9404776096343994,-4.248206615447998,-5.059681415557861,16.11809539794922,1.7535505294799805,1.5504353046417236,1.3491706848144531
-0.24256041646003723,1.0608417987823486,0.14039631187915802,-0.20761916041374207,0.4330037534236908,0.3835572302341461,0.7888509631156921,-3.121410846710205,-3.898606538772583,-4.261415481567383,0.2386307418346405,-1.5611718893051147,-1.5649082660675049,-1.766931414604187
-0.24322104454040527,1.1320159435272217,0.14018677175045013,0.8698049187660217,0.32751208543777466,-0.34849628806114197,-0.12134912610054016,-4.03874397277832,-4.413394927978516,-4.971078395843506,0.30308598279953003,-1.3885363340377808,-1.4962133169174194,-1.7599925994873047
-0.26939210295677185,1.1435898542404175,0.13564127683639526,-0.09684159606695175,0.6487659811973572,0.7182079553604126,-0.23216743767261505,-3.7299256324768066,-4.399967193603516,-4.975334644317627,-0.7414654493331909,1.553641676902771,1.004553198814392,0.8642514944076538
-0.2738434970378876,1.1152889728546143,0.1492575705051422,0.5089525580406189,0.19839473068714142,-0.8069784641265869,-0.224482923746109,-3.3702163696289062,-4.291113376617432,-4.9963884353637695,-1.035652995109558,1.7724539041519165,1.765170931816101,1.744019865989685
-0.2505033016204834,1.1304794549942017,0.1432381272315979,0.6265287399291992,0.2096489667892456,0.5282562971115112,0.5333425998687744,-4.1848578453063965,-4.645327091217041,-5.1371331214904785,0.17929187417030334,-0.01189615111798048,-0.3657430112361908,-1.0098563432693481
-0.27958187460899353,1.165848970413208,0.15786544978618622,0.4944729208946228,0.2181030511856079,0.6828030347824097,0.491637647151947,-3.905604362487793,-4.1730804443359375,-4.4440178871154785,0.9082238078117371,-0.4659140408039093,-0.9205572605133057,-1.355817198753357
-0.23276133835315704,1.1572861671447754,0.1509256660938263,0.36428701877593994,0.5255053639411926,0.678500771522522,0.36162930727005005,-3.6543655395507812,-4.242383003234863,-5.105504035949707,0.25501951575279236,-1.6979691982269287,-1.751967191696167,-1.771259069442749
-0.2805047035217285,1.2068945169448853,0.16859331727027893,0.11006759107112885,0.6501007080078125,0.7083655595779419,0.2519374191761017,-3.407674789428711,-4.229146957397461,-4.3841094970703125,16.11809539794922,1.6963547468185425,1.4895715713500977,1.2294875383377075
-0.2861686944961548,1.1033939123153687,0.17858408391475677,0.5524531006813049,0.3716186583042145,0.5774824619293213,0.4724501073360443,-3.605783462524414,-4.3070268630981445,-5.763068675994873,1.3514279127120972,0.6669482588768005,0.2953401207923889,-0.07713533192873001
-0.13694681227207184,1.2679336071014404,0.09179142862558365,0.3255097568035126,0.5338689088821411,0.6264011263847351,0.46545568108558655,-2.769181251525879,-5.3363213539123535,-5.666204929351807,0.11805657297372818,-0.8052012920379639,-0.900190532207489,-1.3637326955795288
-0.26539668440818787,0.8122871518135071,0.19706711173057556,0.610335648059845,0.41286036372184753,0.5839790105819702,0.3405953347682953,-4.080496788024902,-4.462019443511963,-5.593614101409912,1.9765814542770386,1.760815978050232,1.7464762926101685,1.3908588886260986
-0.0937318429350853,0.8289054036140442,0.1775335967540741,0.4600113332271576,0.7983428835868835,0.3856678903102875,-0.04794194921851158,-3.728236198425293,-4.297112464904785,-4.85911226272583,-1.4572176933288574,0.23645181953907013,0.8357983827590942,0.9062582850456238
-0.26652052998542786,0.8706564903259277,0.19187045097351074,0.46249327063560486,0.4109802544116974,0.5089913606643677,0.598433792591095,-3.8921608924865723,-4.484645843505859,-4.890594482421875,0.15032970905303955,1.7074538469314575,1.39750075340271,0.863936722278595
-0.18376679718494415,0.8322745561599731,0.21737612783908844,-0.4445232152938843,0.04224913567304611,0.8878054618835449,0.11142519116401672,-3.8396992683410645,-4.1563334465026855,-4.2305006980896,1.2619119882583618,-1.587286114692688,-1.508158564567566,-1.724455714225769
-0.22324883937835693,0.825295090675354,0.19855307042598724,0.24599689245224,0.6053619980812073,0.7499414682388306,0.10300545394420624,-1.8262699842453003,-4.138503074645996,-4.834065914154053,0.10140175372362137,-1.1805224418640137,-1.1988943815231323,-1.7697864770889282
-0.2622969150543213,0.7834764122962952,0.21145373582839966,0.4062844514846802,0.5341618061065674,0.6694827079772949,0.31842896342277527,-1.8468499183654785,-4.458336353302002,-4.872847557067871,-0.40996065735816956,-0.6749213933944702,-0.9046976566314697,-1.4432482719421387
-0.18788638710975647,0.7666274905204773,0.21967460215091705,-0.19385282695293427,0.5838640928268433,0.7608473896980286,-0.20648254454135895,-2.8018009662628174,-4.296581745147705,-7.21593713760376,0.20218536257743835,-1.2411538362503052,-1.4488879442214966,-1.08671236038208
-0.19145730137825012,0.7926501035690308,0.22618184983730316,0.446403443813324,0.8588374853134155,0.198601633310318,-0.1538814902305603,-3.695347785949707,-3.8411967754364014,-4.316286087036133,0.3056093752384186,-0.9335218667984009,-0.7945387959480286,-1.6607733964920044
-0.23679141700267792,0.8201446533203125,0.19450369477272034,0.916893720626831,-0.148478165268898,0.2791648209095001,0.24357174336910248,-3.9051499366760254,-4.136096477508545,-4.913740158081055,0.9310845732688904,-1.748579740524292,-1.752178430557251,-1.771765112876892
-0.25721612572669983,0.8493228554725647,0.2123420387506485,0.0214486476033926,0.5011562705039978,0.8596070408821106,-0.09725255519151688,-4.075854301452637,-4.759883880615234,-5.305664539337158,0.1630176603794098,-0.7166002988815308,-0.9743296504020691,-1.282533049583435
-0.2608168125152588,0.8306389451026917,0.2192079871892929,0.24848157167434692,0.5701534748077393,0.7499167919158936,0.22540342807769775,-3.7209508419036865,-4.604251861572266,-5.589829444885254,-1.3842695951461792,0.22708231210708618,0.031406987458467484,-0.6097932457923889
-0.22683991491794586,0.873518705368042,0.21068958938121796,0.6721001267433167,0.20203259587287903,0.46516573429107666,0.5395230650901794,-3.142857789993286,-3.983635663986206,-4.493387699127197,16.11809539794922,-0.8356375098228455,-0.9204712510108948,-1.5118693113327026
-0.2470625340938568,0.8902077674865723,0.22562015056610107,0.31498825550079346,0.5793404579162598,0.6777158975601196,0.32534322142601013,-3.7147815227508545,-4.522800922393799,-5.450273036956787,-0.8965689539909363,-1.6222268342971802,-1.7038531303405762,-1.7683629989624023
-0.2337903380393982,0.8326098322868347,0.2398299127817154,0.26811930537223816,0.656402051448822,0.6774129867553711,0.19585728645324707,-3.5489797592163086,-4.737418174743652,-5.669421195983887,-2.65498948097229,0.8918572664260864,0.8114606142044067,0.22735990583896637
-0.18969708681106567,0.89020836353302,0.21934214234352112,0.6071669459342957,0.250994473695755,0.4105205833911896,0.6323155164718628,-3.336913585662842,-4.166265487670898,-5.709753036499023,0.5708953142166138,-1.4948773384094238,-1.4417290687561035,-1.7116303443908691
-0.21347276866436005,0.8792527318000793,0.21566741168498993,-0.16314545273780823,0.6148009300231934,0.70363450050354,-0.3167046904563904,-3.19281005859375,-3.957016944885254,-4.629024982452393,16.11809539794922,-1.0818912982940674,-1.1225870847702026,-1.515453577041626
-0.21285311877727509,0.8452321887016296,0.22506307065486908,0.3874340355396271,0.4576486051082611,0.47928595542907715,0.6408881545066833,-3.6390726566314697,-4.106338024139404,-5.308097839355469,-1.368474006652832,0.33237677812576294,0.12703847885131836,-0.7102097868919373
-0.1090327650308609,0.804736852645874,0.20109984278678894,0.7967719435691833,0.5958821773529053,0.09121783077716827,0.04193081706762314,-3.668574810028076,-3.85691237449646,-5.039997100830078,0.29789721965789795,-1.585914969444275,-1.1763125658035278,-1.7594622373580933
-0.10029614716768265,0.7964081168174744,0.17212682962417603,-0.5246276259422302,0.7357317805290222,0.1043725535273552,0.4154165983200073,-5.361298084259033,-4.620336532592773,-10.994267463684082,1.2679531574249268,-1.7724539041519165,-1.7724539041519165,-1.7724539041519165
-0.07190264761447906,0.8312790393829346,0.19854262471199036,0.7839863896369934,-0.18981905281543732,-0.5787276029586792,0.12003538757562637,-3.7218563556671143,-4.434213638305664,-4.94494104385376,3.106534719467163,-0.7470492720603943,0.10217145085334778,-1.708566665649414
-0.13092832267284393,0.7980100512504578,0.23258690536022186,0.6641201972961426,0.6956742405891418,0.27294138073921204,0.022016003727912903,-3.4905757904052734,-4.342823028564453,-5.129010200500488,-0.9787099957466125,-0.23564064502716064,0.23187492787837982,-1.4045089483261108
-0.14266084134578705,0.7873495221138,0.29309889674186707,0.6719580292701721,-0.45808327198028564,-0.5049211978912354,-0.2892865836620331,-3.6246275901794434,-3.644454002380371,-4.2443695068359375,-1.5180145502090454,0.7062473297119141,1.0750311613082886,-0.05922688916325569
-0.10944478213787079,0.808645486831665,0.2387814223766327,0.8294123411178589,-0.387240469455719,-0.2613895535469055,-0.30626049637794495,-4.11312198638916,-4.31657600402832,-4.577223777770996,0.4498631954193115,-0.9956768751144409,-0.5044035911560059,-1.317598819732666
-0.0664435625076294,0.8353323340415955,0.21896685659885406,0.9902965426445007,-0.02830653078854084,-0.039209045469760895,0.13028481602668762,-3.4736292362213135,-4.178875923156738,-4.55997896194458,-1.043906569480896,-0.13551346957683563,0.33117419481277466,0.1812206655740738
-0.058861590921878815,0.8369191288948059,0.23210296034812927,0.7003276348114014,-0.2797245383262634,-0.6468731760978699,-0.11336025595664978,-3.3467867374420166,-4.274402141571045,-4.942661762237549,-0.6566985249519348,-1.601853847503662,-1.0720736980438232,-1.7690589427947998
0.030745921656489372,0.8398140072822571,0.1497592180967331,0.555705189704895,0.4708794355392456,0.5287407040596008,0.4357722997665405,-3.054056406021118,-3.8708574771881104,-4.459530353546143,0.8305408954620361,0.030772272497415543,0.08106588572263718,-0.33211395144462585
-0.025856032967567444,0.842128574848175,0.23343601822853088,0.5770159363746643,-0.6339889168739319,-0.3492204546928406,-0.37835928797721863,-4.024417400360107,-5.194041728973389,-5.614521503448486,-1.6932578086853027,1.1660434007644653,1.3032022714614868,1.2680023908615112
-0.28602713346481323,0.9154911041259766,0.1724574714899063,0.45252934098243713,0.5550879836082458,0.5451375842094421,0.4357975423336029,-4.486080646514893,-5.01106595993042,-5.8942952156066895,0.7389341592788696,-1.3747326135635376,-1.402949333190918,-1.5376847982406616
-0.26445272564888,0.9270308613777161,0.17966961860656738,0.4071173667907715,0.5449503064155579,0.7242973446846008,0.1125965416431427,-3.9462506771087646,-4.290682315826416,-5.161649703979492,0.6482142210006714,1.7254083156585693,1.4887771606445312,0.9621223211288452
-0.28202465176582336,0.9074117541313171,0.19565007090568542,0.37925606966018677,0.553443968296051,0.49810853600502014,0.5493200421333313,-3.9461803436279297,-4.831172943115234,-5.993480205535889,-1.272057294845581,-1.1756848096847534,-1.4608805179595947,-1.6815929412841797
-0.22163410484790802,0.9152927398681641,0.17487820982933044,-0.4303463399410248,-0.3091656565666199,0.8320627808570862,0.16398228704929352,-3.5751535892486572,-4.200686931610107,-5.015819549560547,1.4195200204849243,0.42893561720848083,0.014549341052770615,-0.945449709892273
-0.28168144822120667,0.911604642868042,0.19450552761554718,0.6507300734519958,-0.46271219849586487,-0.5899761915206909,-0.1198996976017952,-3.8347277641296387,-5.089447498321533,-5.696749687194824,-1.1222972869873047,0.4814760982990265,0.10572207719087601,-0.29258981347084045
-0.2530262768268585,0.9034398794174194,0.21057336032390594,-0.07132143527269363,0.5252513289451599,0.8398439884185791,-0.11698856204748154,-3.9883339405059814,-4.220630645751953,-5.0962347984313965,16.11809539794922,-0.6167808175086975,-0.7010999917984009,-1.0187394618988037
-0.2752915322780609,0.9166574478149414,0.20654374361038208,0.15470488369464874,0.6680147051811218,0.48961910605430603,0.5386055111885071,-4.224493503570557,-4.944965362548828,-5.052958965301514,0.3580476939678192,0.35383519530296326,-0.13235948979854584,-0.5339086055755615
-0.25171709060668945,0.9467551708221436,0.21859735250473022,0.3151613771915436,0.4064081609249115,0.618179440498352,0.5944408178329468,-3.9525094032287598,-4.506181240081787,-4.611061096191406,0.20475809276103973,-1.0762945413589478,-1.229479193687439,-1.4417814016342163
-0.27016234397888184,0.9517657160758972,0.21659308671951294,-0.16598910093307495,0.552918553352356,0.797545313835144,-0.1750718057155609,-3.743199110031128,-4.659751892089844,-5.194753170013428,0.3892528712749481,-0.3267265260219574,-0.6662759184837341,-0.9774534106254578
-0.27002450823783875,0.9427086114883423,0.22424441576004028,0.12138783931732178,0.7870804667472839,0.5362922549247742,0.27957090735435486,-4.101113796234131,-5.012721061706543,-6.0850090980529785,-0.9487873315811157,-1.4778844118118286,-1.6347994804382324,-1.7340190410614014
-0.27493834495544434,0.9917281270027161,0.21952785551548004,-0.07338592410087585,0.7464755773544312,0.6481844782829285,-0.13132230937480927,-4.110536098480225,-4.5501532554626465,-5.1413092613220215,-1.42319655418396,0.8038998246192932,0.31584447622299194,0.007917795330286026
-0.21271918714046478,0.925916314125061,0.22145284712314606,0.23815499246120453,0.5350011587142944,0.5750254392623901,0.5713157653808594,-3.725823402404785,-4.812918186187744,-5.430734634399414,0.5131164193153381,-0.16285046935081482,-0.5439348816871643,-1.427872657775879
-0.20959725975990295,0.996143639087677,0.21525560319423676,0.5494855046272278,0.3292835056781769,0.2380990982055664,0.7300320863723755,-3.5736396312713623,-4.266343116760254,-5.201418876647949,0.3177075684070587,-1.4826903343200684,-1.4892590045928955,-1.6635009050369263
-0.2399463951587677,0.7691980004310608,0.25442567467689514,0.1864526867866516,0.5514170527458191,0.7815844416618347,-0.22427749633789062,-4.389039039611816,-5.5910325050354,-5.755819320678711,-1.5394887924194336,1.2141951322555542,1.6033250093460083,-1.5994693040847778
-0.10872393846511841,0.8030603528022766,0.2839142382144928,0.8349957466125488,0.509629487991333,0.08885663002729416,0.18752163648605347,-3.5029690265655518,-4.116821765899658,-4.433662414550781,-1.2455748319625854,-1.645229458808899,-1.6272550821304321,-1.7699741125106812
-0.15347938239574432,0.7925772666931152,0.3120575547218323,0.5109530091285706,-0.12548473477363586,-0.802150547504425,-0.28237417340278625,-3.863009452819824,-4.593907356262207,-5.486550807952881,0.8760891556739807,-0.9380661249160767,-0.2970764636993408,-1.2838715314865112
-0.02152509242296219,0.8329721689224243,0.2561825215816498,0.5073695182800293,-0.46259450912475586,-0.5534520149230957,-0.47145870327949524,-3.961881399154663,-4.280570983886719,-4.6935038566589355,-0.12241904437541962,-1.6709825992584229,-1.522200107574463,-1.7722281217575073
-0.016841350123286247,0.8363555669784546,0.2638653516769409,0.4269012212753296,0.8948372602462769,-0.08872891962528229,0.0956495851278305,-3.1403515338897705,-4.604963779449463,-4.860260963439941,-2.611243963241577,1.0529876947402954,1.0407123565673828,0.48058760166168213
-0.044921476393938065,0.8098218441009521,0.36067163944244385,0.6188157200813293,-0.11039827764034271,-0.6593524813652039,-0.41247257590293884,-2.8606362342834473,-4.235531330108643,-5.280089855194092,-0.9459095597267151,-0.237849622964859,0.34069693088531494,-0.5854872465133667
0.06446414440870285,0.8530216813087463,0.26671844720840454,0.5926745533943176,0.7809784412384033,0.189309224486351,0.05451206490397453,-3.1945414543151855,-4.031412601470947,-4.876916885375977,-1.535798192024231,-0.8849464058876038,-0.22326180338859558,-1.697886347770691
-0.04467027634382248,0.8204147219657898,0.3325369656085968,0.6838228702545166,-0.29286423325538635,-0.556460976600647,-0.3700919449329376,-3.231560707092285,-4.065315246582031,-5.236874580383301,-2.5738685131073,1.4680383205413818,1.621880054473877,1.064732313156128
-0.1084323525428772,0.8259868025779724,0.3260917365550995,-0.4306796193122864,0.20148862898349762,0.8342517018318176,0.27918004989624023,-3.7254295349121094,-4.549458980560303,-5.800906181335449,2.3646531105041504,-1.0918699502944946,-0.44290459156036377,-1.6497422456741333
-0.04624130576848984,0.8113551735877991,0.3440302014350891,0.6117334365844727,-0.2961418330669403,-0.47543779015541077,-0.5586063861846924,-3.4419140815734863,-3.7815515995025635,-3.900360584259033,-0.9580302238464355,-1.3829379081726074,-0.862844705581665,-1.7175122499465942
-0.23172332346439362,0.9021075963973999,0.2377743124961853,0.1888173669576645,0.7263720035552979,0.6344017386436462,0.1851111501455307,-3.9085593223571777,-4.915346145629883,-5.634709358215332,-2.83876633644104,1.2863588333129883,1.1497693061828613,0.4553602933883667
-0.24240639805793762,0.9690326452255249,0.23873478174209595,0.11635340005159378,0.5383332371711731,0.8072671294212341,0.2120824009180069,-3.726832151412964,-4.70471715927124,-5.412574768066406,-1.7192158699035645,-1.5707963705062866,-1.579450011253357,-1.757243275642395
-0.27071166038513184,0.9886062741279602,0.22113917768001556,0.03457485884428024,0.5475588440895081,0.8329139947891235,-0.07237547636032104,-4.00649356842041,-4.71164083480835,-5.500626564025879,16.11809539794922,-1.0169869661331177,-1.1833795309066772,-1.4095275402069092
-0.439438134431839,1.1226938962936401,0.2508164346218109,-0.20366612076759338,0.5673847198486328,0.6848748922348022,0.40931782126426697,-3.1993823051452637,-3.784691333770752,-5.392555236816406,-2.303786516189575,1.297093391418457,1.1266310214996338,0.3143235445022583
-0.28826281428337097,1.076019287109375,0.1902959644794464,0.375665545463562,0.5325561165809631,0.5879109501838684,0.47918689250946045,-3.6074752807617188,-4.155168533325195,-4.776643753051758,-1.6258130073547363,-0.7562804818153381,-1.154853343963623,-1.505139708518982
-0.29619210958480835,1.046276330947876,0.17790797352790833,0.49502068758010864,0.7995539307594299,-0.03375714272260666,-0.3384205102920532,-3.8865907192230225,-4.154109954833984,-4.459752559661865,-1.872085452079773,1.523354411125183,1.3401116132736206,0.8197611570358276
-0.278267502784729,1.0427109003067017,0.20289187133312225,0.43136468529701233,0.48711147904396057,0.737320065498352,0.18167558312416077,-2.5156149864196777,-3.826627731323242,-4.8276190757751465,-1.9933890104293823,-1.3692824840545654,-1.3890337944030762,-1.6582270860671997
-0.29196593165397644,1.1118898391723633,0.20599712431430817,0.9462938904762268,0.12272821366786957,0.044135190546512604,0.2958340346813202,-3.38972806930542,-3.914123296737671,-4.650084495544434,-0.7523740530014038,0.0007587915170006454,-0.21269197762012482,-0.6295466423034668
-0.3302875757217407,1.0612196922302246,0.1885809451341629,0.879518449306488,-0.23136334121227264,0.3789745569229126,-0.17116239666938782,-3.487396240234375,-5.742877006530762,-6.197383403778076,-1.7839617729187012,1.7637423276901245,1.6991490125656128,1.2714918851852417
-0.2727971076965332,1.0514928102493286,0.2071312963962555,0.4488040506839752,0.730003297328949,0.482657253742218,0.1808648407459259,-3.6967642307281494,-4.240740776062012,-4.633467674255371,2.0245769023895264,-0.5605966448783875,-0.7790201902389526,-1.1065757274627686
-0.35158607363700867,1.076156497001648,0.21118198335170746,0.9193816781044006,-0.1160268634557724,0.31522539258003235,-0.2047145813703537,-3.432344913482666,-5.64506721496582,-6.071749687194824,0.3062153458595276,-1.0265741348266602,-1.0857409238815308,-1.6304606199264526
-0.4420206844806671,1.097238302230835,0.2119847536087036,0.6536011099815369,0.6804279088973999,-0.18464618921279907,0.27518951892852783,-3.2423646450042725,-4.915082931518555,-5.7905354499816895,-1.5506575107574463,-1.3194291591644287,-1.4468624591827393,-1.716829776763916
-0.49315187335014343,1.0955052375793457,0.2146821916103363,-0.3464045822620392,0.1434592306613922,0.8000643253326416,0.46831655502319336,-3.931091785430908,-4.401365280151367,-5.685661792755127,-0.35571807622909546,-0.9756332039833069,-0.5131057500839233,-1.348499059677124
-0.5183721780776978,1.0828791856765747,0.22875413298606873,0.6546553373336792,0.6314185261726379,0.2604755759239197,0.3238665461540222,-4.354848861694336,-4.976171016693115,-5.700995445251465,1.7752968072891235,-0.947709858417511,-0.41151127219200134,-1.5547281503677368
-0.27985265851020813,1.1725062131881714,0.1877984255552292,0.3856663107872009,0.6674631237983704,0.4493546187877655,0.45148080587387085,-3.664747714996338,-3.931342840194702,-4.656764507293701,1.980923056602478,0.16212670505046844,-0.1455267071723938,-0.5056029558181763
-0.28904929757118225,1.183929204940796,0.169588103890419,0.7438715100288391,0.1047138124704361,-0.6062851548194885,-0.26097601652145386,-3.602217674255371,-4.3926472663879395,-4.832427501678467,1.7217570543289185,0.9018711447715759,0.6274228692054749,0.3510357737541199
-0.27270928025245667,1.1361032724380493,0.2052236944437027,-0.1340615302324295,0.7185402512550354,0.5634751319885254,-0.38499772548675537,-3.700850009918213,-4.21783971786499,-4.363809108734131,-1.3039581775665283,-1.5371935367584229,-1.6510990858078003,-1.7613836526870728
-0.43515193462371826,1.1316614151000977,0.26680228114128113,0.9180917143821716,-0.13403306901454926,0.28195762634277344,-0.2442183941602707,-3.575392961502075,-5.641654014587402,-6.070860862731934,0.44747817516326904,-0.8618667721748352,-0.8708352446556091,-1.6180412769317627
-0.47518935799598694,1.1880903244018555,0.36842063069343567,0.576874852180481,-0.3471221327781677,-0.7287347316741943,-0.12516924738883972,-2.8388497829437256,-3.8221664428710938,-3.99969220161438,-1.8848034143447876,-0.43892574310302734,-0.09218386560678482,-1.055225133895874
-0.4649658501148224,1.15525221824646,0.2931736707687378,0.9057355523109436,0.16604182124137878,0.24148236215114594,-0.3062017858028412,-3.2895262241363525,-5.4493536949157715,-5.637740612030029,-0.5768495798110962,-1.4394510984420776,-1.4099230766296387,-1.7092546224594116
-0.28531086444854736,1.088361144065857,0.18535251915454865,0.37111082673072815,0.6207605600357056,0.4179873764514923,0.5497450828552246,-3.792262554168701,-4.33505916595459,-5.266681671142578,2.301502227783203,1.1793971061706543,0.9140138030052185,0.5018330812454224
-0.2377229928970337,0.9918041229248047,0.20675957202911377,-0.669781506061554,0.28546929359436035,-0.0435461662709713,0.6841080188751221,-4.7923479080200195,-4.085794448852539,-10.687255859375,2.6390573978424072,-1.244193196296692,-1.3832091093063354,-1.7585523128509521
-0.22561170160770416,1.0760139226913452,0.21086110174655914,-0.26585087180137634,0.6361028552055359,0.6831952929496765,-0.24070869386196136,-3.5783603191375732,-3.990762233734131,-4.502462387084961,16.11809539794922,-1.197751760482788,-1.2299944162368774,-1.6290087699890137
-0.2244187891483307,1.1757595539093018,0.21424639225006104,0.6101415157318115,0.22020620107650757,0.3449290692806244,0.6784250140190125,-3.808814525604248,-4.940396308898926,-5.328990459442139,-1.2367385625839233,-0.15316656231880188,-0.3029007613658905,-1.198197841644287
-0.2658805847167969,1.139923334121704,0.2037263959646225,-0.1343834102153778,0.6321272850036621,0.6797112226486206,-0.3469133973121643,-3.411113739013672,-4.334507465362549,-4.94592809677124,16.11809539794922,-0.47192439436912537,-0.6432082056999207,-1.1479134559631348
-0.22081851959228516,1.1333603858947754,0.2134508192539215,-0.14523141086101532,0.7886082530021667,0.5724989771842957,-0.1710258275270462,-3.5276436805725098,-3.9610722064971924,-5.100958824157715,0.057114701718091965,-1.5532015562057495,-1.5898088216781616,-1.7706670761108398
-0.2325621396303177,1.1767116785049438,0.19836829602718353,0.4592245817184448,0.5249822735786438,0.6157163977622986,0.36660560965538025,-3.0555922985076904,-4.173920154571533,-4.616249084472656,16.11809539794922,-0.9781490564346313,-1.0317343473434448,-1.6487114429473877
-0.23575635254383087,1.1802403926849365,0.20986224710941315,-0.25905799865722656,0.7516198754310608,0.5635783672332764,-0.22435662150382996,-3.3740346431732178,-3.982961416244507,-5.061487197875977,0.05859014764428139,-1.682773232460022,-1.5908417701721191,-1.7716355323791504
-0.2521979510784149,1.031471848487854,0.23452173173427582,0.06176343932747841,0.6592282652854919,0.7493622899055481,0.007717980537563562,-3.784813642501831,-4.69450569152832,-5.821632385253906,-1.1799696683883667,-1.5716378688812256,-1.6901410818099976,-1.7724539041519165
-0.23135609924793243,1.0382000207901,0.23344416916370392,0.00011615853873081505,0.7343577742576599,0.6781637072563171,-0.02850687876343727,-3.7698023319244385,-5.026376724243164,-6.01780891418457,-2.643951177597046,0.4732355773448944,0.2935316860675812,-0.7088756561279297
-0.6523741483688354,1.218917965888977,0.036495838314294815,0.8412263989448547,0.35811230540275574,0.15362294018268585,0.3748248517513275,-3.7658982276916504,-3.9686431884765625,-5.650091648101807,-2.902313470840454,1.5367240905761719,1.6797640323638916,0.9296973943710327
-0.63064044713974,1.2688090801239014,0.055183593183755875,-0.45254313945770264,0.3942272663116455,0.7997242212295532,-0.015191113576292992,-3.9151008129119873,-5.356768608093262,-6.154321193695068,-1.7705755233764648,-0.9588040709495544,-0.6172387599945068,-1.7560560703277588
-0.6846498847007751,1.231788158416748,0.07612344622612,-0.1304691880941391,0.6485838890075684,0.6258598566055298,0.4130571186542511,-3.7121686935424805,-4.66989803314209,-5.506868362426758,-0.23155471682548523,0.20853854715824127,0.9012545347213745,-0.7477302551269531
-0.6898717284202576,1.2716566324234009,0.09717019647359848,0.5128024816513062,0.4366149604320526,0.720209002494812,0.16643309593200684,-3.841444730758667,-4.392199993133545,-4.863448143005371,-1.2186405658721924,1.3510594367980957,1.4105981588363647,1.0125054121017456
-0.6950235962867737,1.2653659582138062,0.09092455357313156,0.7571209669113159,-0.1824493557214737,-0.5885071158409119,0.21711628139019012,-4.230100154876709,-4.387783527374268,-5.121744632720947,0.8383134007453918,0.0153508260846138,0.5241619348526001,-1.0368373394012451
-0.6798117756843567,1.2471448183059692,0.11128830164670944,0.6677431464195251,-0.3954213559627533,-0.5117664337158203,-0.3685867488384247,-3.687819242477417,-4.453493118286133,-4.524567127227783,-1.0486723184585571,-1.311037302017212,-1.0589572191238403,-1.6331546306610107
-0.6666996479034424,1.2917386293411255,0.08086396753787994,0.906330406665802,0.02096816711127758,0.2917550802230835,-0.3049664795398712,-3.445953607559204,-4.348156452178955,-5.454700946807861,-0.8264667391777039,0.6213344931602478,1.048122525215149,-0.7022106051445007
-0.7742488980293274,1.3675471544265747,0.0646362453699112,-0.34580445289611816,0.49617213010787964,0.676281750202179,0.4205656945705414,-3.4049384593963623,-4.084611415863037,-4.959039688110352,-0.24089692533016205,0.21715588867664337,0.8401105403900146,-0.9518547058105469
-0.8215134739875793,1.3383207321166992,0.09700222313404083,0.5687624216079712,-0.3916105031967163,-0.5239561200141907,-0.49861863255500793,-3.742246627807617,-4.563307285308838,-5.701286792755127,-3.127180814743042,-0.7210761904716492,-0.3129494786262512,-0.8637011647224426
-0.8016964793205261,1.3477838039398193,0.09660734236240387,0.5103279948234558,-0.24938109517097473,-0.5050864815711975,-0.6498169302940369,-3.466998338699341,-4.099697113037109,-5.391956806182861,-0.6569972634315491,0.7783627510070801,1.2135207653045654,0.3912671208381653
-0.6684561967849731,1.3931747674942017,0.060310326516628265,0.6123456358909607,0.685661792755127,0.20037484169006348,0.3387487232685089,-3.6863670349121094,-4.836811065673828,-6.573234558105469,2.1495494842529297,0.031135525554418564,0.6516194939613342,-0.6527405977249146
-0.6571711897850037,1.302226185798645,0.08131449669599533,0.9285314679145813,-0.16356423497200012,0.22295823693275452,-0.24772106111049652,-4.451314449310303,-4.589107513427734,-5.297181606292725,4.104115962982178,-0.7133052945137024,-0.1728823333978653,-1.3926186561584473
-0.6603577136993408,1.2920150756835938,0.08737200498580933,0.9145689606666565,-0.24845312535762787,0.2691025733947754,0.17151810228824615,-3.474553108215332,-4.753480911254883,-5.3222527503967285,-0.2417626827955246,-1.0467411279678345,-0.620387077331543,-1.5609463453292847
-0.6762822866439819,1.4234681129455566,0.03643302246928215,0.31418371200561523,0.7096139192581177,0.6291245222091675,0.04403475299477577,-3.5614748001098633,-3.8465042114257812,-4.432634353637695,-1.3793505430221558,-1.281086802482605,-0.8959072828292847,-1.6265285015106201
-0.690325915813446,1.4079574346542358,0.016197221353650093,0.07902543246746063,0.6372323632240295,0.7117801308631897,0.28470852971076965,-3.5435986518859863,-3.9935669898986816,-4.542278289794922,-1.9691550731658936,1.1275182962417603,1.3160456418991089,-0.0489979013800621
-0.681932806968689,1.3517118692398071,0.1021595150232315,0.5038646459579468,0.7287113070487976,0.4508233964443207,0.10889704525470734,-3.5323948860168457,-3.622535228729248,-4.830780982971191,-2.6251988410949707,0.8462558388710022,1.2169461250305176,0.7131598591804504
-0.6649318337440491,1.3955028057098389,0.051351070404052734,0.6092734932899475,0.692133367061615,0.20645195245742798,0.3272840082645416,-3.9169867038726807,-4.505772590637207,-6.66913366317749,16.11809539794922,-0.7555943727493286,-0.14288851618766785,-1.367946743965149
-0.6708551645278931,1.3432841300964355,0.10433632880449295,0.8971937298774719,0.37434157729148865,0.11810839921236038,0.20239129662513733,-4.266634941101074,-4.665087699890137,-5.4282145500183105,-0.7684710621833801,0.14876775443553925,0.8249733448028564,-0.9993969202041626
-0.7718376517295837,1.2881028652191162,0.14590510725975037,-0.4177749752998352,0.6512475609779358,0.6189590692520142,0.13501974940299988,-3.278679847717285,-4.268119812011719,-4.963245391845703,-1.4815691709518433,1.478018045425415,1.5725250244140625,1.4067440032958984
-0.7421130537986755,1.292348027229309,0.12586626410484314,0.7518695592880249,0.551677942276001,0.25484657287597656,0.2557280659675598,-3.1845195293426514,-4.335678577423096,-5.129391193389893,-0.8984224796295166,-0.6765016317367554,-0.09343776106834412,-1.3672053813934326
-0.780251145362854,1.2812532186508179,0.12707149982452393,0.32597389817237854,0.6986121535301208,0.5338924527168274,0.34733399748802185,-3.7545971870422363,-4.802261829376221,-4.98876953125,0.06894135475158691,0.4027133285999298,0.9901133179664612,-0.32589954137802124
-0.6786220073699951,1.2218409776687622,0.1182226911187172,0.4912995994091034,0.5112348198890686,0.5293489694595337,0.4658898413181305,-3.773669481277466,-5.060530662536621,-5.390185356140137,-0.38286831974983215,-1.4093513488769531,-1.461116075515747,-1.708397626876831
-0.6562700271606445,1.226137399673462,0.1658402532339096,0.7446417212486267,-0.39964812994003296,-0.15766887366771698,-0.5108137130737305,-3.9584717750549316,-4.85539436340332,-5.811407566070557,0.8542813658714294,0.13357530534267426,0.6423975229263306,-1.6415879726409912
-0.6592850685119629,1.2250217199325562,0.17011216282844543,0.668777585029602,-0.41634809970855713,-0.18387624621391296,-0.5878608226776123,-3.9374401569366455,-4.525902271270752,-5.617705345153809,16.11809539794922,-1.1415042877197266,-0.7214518189430237,-1.6752821207046509
-0.725865364074707,1.3310545682907104,0.14302141964435577,-0.3240329325199127,0.8355098366737366,0.4287705719470978,-0.11437535285949707,-3.6306865215301514,-4.19641637802124,-4.971195697784424,-0.11607002466917038,1.1739494800567627,1.3138734102249146,0.4114421308040619
-0.7585530281066895,1.293332815170288,0.1557825803756714,0.6344845294952393,0.6855687499046326,-0.3250780403614044,-0.14747576415538788,-3.745068073272705,-4.41151237487793,-4.961876392364502,-0.3200546205043793,-1.4106329679489136,-0.8388252854347229,-1.749238133430481
-0.7622876167297363,1.3093637228012085,0.16952203214168549,0.5416373014450073,-0.3063581585884094,-0.5444619059562683,-0.5624366402626038,-3.9550912380218506,-4.834330081939697,-5.7620391845703125,-0.33271557092666626,-0.7091665863990784,0.08906331658363342,-1.2310758829116821
-0.760039210319519,1.3260587453842163,0.14730143547058105,0.7910544276237488,0.23926398158073425,-0.5221628546714783,-0.21055063605308533,-3.8883018493652344,-4.5164079666137695,-5.176764488220215,-0.1093449741601944,-1.5644762516021729,-1.4703346490859985,-1.7721365690231323
-0.7000919580459595,1.3004900217056274,0.10831297934055328,0.8796675205230713,-0.30803483724594116,0.36040839552879333,-0.03748833388090134,-3.8756608963012695,-4.337530612945557,-4.534550666809082,-1.014674425125122,-1.5586726665496826,-1.4349908828735352,-1.7069096565246582
-0.6736443042755127,1.3350399732589722,0.10202153027057648,0.7118989825248718,0.5882520079612732,0.09849942475557327,0.3707522451877594,-4.2029876708984375,-4.750349521636963,-5.565864086151123,0.8803986310958862,-1.3861125707626343,-0.9532171487808228,-1.7554155588150024
-0.6769338250160217,1.2992724180221558,0.0965491533279419,0.9347431659698486,-0.09098522365093231,0.34346336126327515,0.003131270408630371,-4.233384609222412,-4.672786712646484,-5.062561511993408,0.16041263937950134,-0.19071578979492188,0.3472505509853363,-1.276748538017273
-0.6685476303100586,1.3475239276885986,0.11536279320716858,-0.387965589761734,0.04930826276540756,0.7755082249641418,0.49561917781829834,-4.114316463470459,-4.652612209320068,-6.345695972442627,16.11809539794922,-0.7967474460601807,0.0024807241279631853,-1.5069471597671509
-0.6980667114257812,1.3506993055343628,0.15672309696674347,0.6009170413017273,-0.5230327248573303,-0.6043643355369568,-0.008901598863303661,-3.6568191051483154,-4.456634998321533,-5.124900817871094,-1.0142438411712646,-1.422048807144165,-1.0327943563461304,-1.708906888961792
-0.7021034955978394,1.3548732995986938,0.17429809272289276,0.6088306307792664,-0.35775765776634216,-0.6640671491622925,-0.24566130340099335,-3.641232490539551,-4.012044429779053,-5.087708473205566,-0.7713609933853149,-0.029592789709568024,0.47894781827926636,-1.0103554725646973
-0.6977028250694275,1.350463628768921,0.14431121945381165,0.5330396890640259,0.4278504550457001,0.1077633649110794,0.7219416499137878,-4.02214241027832,-5.18585205078125,-5.5718464851379395,-1.3169151544570923,1.7395557165145874,1.7654865980148315,1.5733487606048584
-0.9391911625862122,1.4028618335723877,0.21397665143013,-0.42983099818229675,0.454994797706604,0.5089772343635559,0.5909036993980408,-3.2765705585479736,-4.122336387634277,-5.254307746887207,-1.6362979412078857,-1.3690956830978394,-0.8340757489204407,-1.5731126070022583
-0.7905035614967346,1.3868016004562378,0.15116974711418152,0.730561375617981,-0.08037354052066803,-0.49033212661743164,-0.46839579939842224,-4.0742669105529785,-4.665855407714844,-6.039369583129883,-0.02820637635886669,1.1466400623321533,1.3821585178375244,0.7846340537071228
-0.7900887131690979,1.3860028982162476,0.14717422425746918,0.7099918723106384,-0.027421625331044197,-0.500010073184967,-0.49512577056884766,-4.030118465423584,-4.645270824432373,-6.405393123626709,16.11809539794922,-0.6113226413726807,0.14073391258716583,-1.1185401678085327
-0.8627312779426575,1.3637202978134155,0.1732225865125656,0.7592532634735107,0.6493315100669861,0.025169821456074715,0.03563091158866882,-3.2306056022644043,-4.229980945587158,-5.360276699066162,-2.0402982234954834,0.2791723310947418,0.8674652576446533,0.31319376826286316
-0.7781923413276672,1.2914241552352905,0.2119605392217636,0.9015791416168213,0.3119155466556549,0.046478331089019775,-0.29614776372909546,-3.5214006900787354,-4.655075550079346,-5.28886604309082,-0.31922805309295654,-0.1374843716621399,0.6954036951065063,-1.211361289024353
-0.7979952692985535,1.3418021202087402,0.2131916731595993,-0.215181365609169,0.7745341658592224,0.5929888486862183,-0.046454768627882004,-3.509612798690796,-4.204654693603516,-4.46370267868042,-1.477356195449829,0.7663633823394775,1.2422137260437012,0.45479029417037964
-0.7944545745849609,1.294737458229065,0.21613743901252747,0.9035384058952332,0.39062201976776123,0.06364484131336212,0.1642622947692871,-3.998645544052124,-4.715139389038086,-5.147293567657471,0.1414373368024826,-1.0247522592544556,-0.21783310174942017,-1.5648224353790283
-0.8689942955970764,1.3620604276657104,0.1827424168586731,0.7160292863845825,0.6020898222923279,-0.23669488728046417,0.2622315585613251,-3.936267852783203,-4.370884418487549,-6.192906379699707,1.893192172050476,-0.5260352492332458,0.26645442843437195,-1.4524515867233276
-0.8920736312866211,1.4003524780273438,0.2138754278421402,-0.37909287214279175,0.764126718044281,0.22695256769657135,0.46999093890190125,-3.4077541828155518,-3.793907403945923,-4.673315525054932,-2.5305697917938232,1.6045085191726685,1.6458172798156738,1.005910873413086
-0.8044606447219849,1.3015828132629395,0.21702207624912262,0.9732247591018677,0.17018616199493408,-0.0023454083129763603,0.1544821709394455,-4.114846706390381,-4.8884968757629395,-5.296926975250244,16.11809539794922,0.9928852319717407,1.5460172891616821,-1.298832893371582
-0.8308308720588684,1.309840440750122,0.23204103112220764,-0.3495781719684601,0.34301838278770447,0.7771199345588684,0.3952443599700928,-3.565793037414551,-4.47423791885376,-5.467011451721191,-0.4593687653541565,-0.25526177883148193,0.509402871131897,-1.0114619731903076
-0.8161372542381287,1.3119261264801025,0.22731418907642365,0.7282052636146545,0.6414831280708313,0.10132648795843124,-0.21897342801094055,-4.0897393226623535,-4.489315509796143,-4.892691135406494,16.11809539794922,-1.3892582654953003,-0.5704112648963928,-1.744463324546814
-0.7797026634216309,1.2947900295257568,0.20747284591197968,0.9165434241294861,-0.21542607247829437,-0.19505015015602112,0.27476397156715393,-4.85148811340332,-5.124524116516113,-5.687922954559326,0.30750197172164917,0.7133865356445312,1.2595654726028442,-0.5237170457839966
-0.8518059253692627,1.3748656511306763,0.22336092591285706,0.9222388863563538,-0.10869980603456497,0.32313698530197144,-0.18232481181621552,-3.534863233566284,-4.364752769470215,-4.434593677520752,-2.1109185218811035,-1.207478642463684,-0.9020903706550598,-1.6956171989440918
-0.802618145942688,1.3373521566390991,0.2539328336715698,-0.44741740822792053,0.16028834879398346,0.6891010999679565,0.547051191329956,-3.519275665283203,-4.117609024047852,-4.9482011795043945,0.1771700531244278,-0.8727899193763733,-0.32890528440475464,-1.2985069751739502
-0.7335508465766907,1.3639510869979858,0.23238250613212585,0.6144847869873047,0.7793700098991394,0.05011884495615959,-0.11170919984579086,-3.1301350593566895,-4.2689528465271,-5.158066749572754,-1.1789274215698242,-1.3564506769180298,-0.7874917387962341,-1.6163281202316284
-0.7769809365272522,1.3894011974334717,0.23567870259284973,0.44586771726608276,0.6993182301521301,0.4881211519241333,0.27183404564857483,-3.2538046836853027,-3.9840409755706787,-4.839753150939941,-1.4647380113601685,0.11959685385227203,0.723725438117981,-0.7793598175048828
-0.7105551362037659,1.3507159948349,0.2137952744960785,0.47525519132614136,0.7746874690055847,-0.04953140765428543,0.4141720235347748,-4.1796555519104,-4.485687732696533,-5.36962890625,16.11809539794922,-0.8210811018943787,-0.20508615672588348,-1.1167532205581665
-0.6602714657783508,1.3807015419006348,0.22861850261688232,0.5947878360748291,0.7583050727844238,0.0028289766050875187,0.2668198049068451,-3.1593544483184814,-4.671735763549805,-5.529352188110352,-0.9258893728256226,0.558358907699585,0.9778842926025391,-0.20233193039894104
-0.6985966563224792,1.3622835874557495,0.2328464239835739,0.766581654548645,0.6074081659317017,0.09395331144332886,0.18595875799655914,-3.3409199714660645,-4.316671848297119,-4.982003211975098,-2.469275951385498,1.6386606693267822,1.7244516611099243,1.3368560075759888
-0.669284462928772,1.4189609289169312,0.22767695784568787,0.693932831287384,0.24761232733726501,0.41430017352104187,0.5343226194381714,-3.017702579498291,-3.5898923873901367,-5.530704021453857,-1.683071494102478,-1.7618974447250366,-1.4136126041412354,-1.7641123533248901
-0.8208492994308472,1.3341346979141235,0.2708040773868561,0.6788992881774902,0.623412013053894,0.38786470890045166,-0.0037673816550523043,-3.5562384128570557,-4.0580291748046875,-5.537286758422852,-1.0815019607543945,0.695869505405426,1.2883565425872803,0.6620498895645142
-0.7289056181907654,1.3635138273239136,0.26274600625038147,0.5988792181015015,0.7021740078926086,-0.034126222133636475,0.3835761845111847,-4.159976005554199,-4.872337818145752,-6.6407904624938965,1.7414988279342651,-0.12078944593667984,0.4757559597492218,-0.3862200081348419
-0.6130673885345459,1.2770204544067383,0.30472034215927124,0.6015332937240601,0.7906603813171387,-0.10696002095937729,-0.03966640681028366,-3.318153142929077,-4.650848388671875,-5.69328498840332,-0.037688251584768295,-1.0754591226577759,-0.7348037958145142,-1.7611031532287598
-1.0534250736236572,1.4242408275604248,0.2556070387363434,0.6196014881134033,0.7099138498306274,-0.07465003430843353,0.3264102339744568,-3.6119680404663086,-4.482326984405518,-5.723598480224609,1.5555388927459717,-0.43110036849975586,0.5694466829299927,-1.0181618928909302
-1.051977276802063,1.4243645668029785,0.2539215683937073,0.7355202436447144,0.6569712162017822,0.15295028686523438,0.06328508257865906,-3.640446186065674,-3.8701770305633545,-5.772881507873535,0.12844155728816986,0.5507622957229614,1.0649181604385376,0.5262633562088013
-1.0610541105270386,1.4187567234039307,0.2518300414085388,0.6498659253120422,-0.5587866902351379,-0.44131869077682495,-0.26583731174468994,-3.682584285736084,-4.306539058685303,-6.151801109313965,-0.7102099657058716,-0.9011416435241699,-0.03214907646179199,-1.6970142126083374
-0.9090119004249573,1.401940107345581,0.19216328859329224,0.5164142847061157,0.8094428777694702,-0.22076863050460815,0.1714051067829132,-3.60422945022583,-4.218873500823975,-6.052449703216553,0.3491719663143158,-0.8794129490852356,-0.18953253328800201,-1.220312476158142
-0.9247705340385437,1.3999040126800537,0.20929230749607086,0.6464161276817322,0.7532530426979065,-0.11685651540756226,0.033174630254507065,-3.586099147796631,-4.294435977935791,-5.422153472900391,-0.6237238645553589,-0.15961618721485138,0.45115718245506287,-0.6122258901596069
-0.9506076574325562,1.3908345699310303,0.21341538429260254,0.7289096117019653,0.6811245083808899,-0.0008926028967835009,0.06898843497037888,-3.4120991230010986,-5.077202320098877,-5.517617702484131,-1.590291142463684,1.1033365726470947,1.4661275148391724,0.7398928999900818
-0.9766420722007751,1.3907994031906128,0.21760277450084686,0.8939369320869446,0.44700416922569275,0.024942180141806602,0.021022213622927666,-4.194774150848389,-5.093847751617432,-5.734519004821777,16.11809539794922,-0.01455619279295206,0.8343822360038757,-1.42769455909729
-1.0054512023925781,1.430954098701477,0.23591886460781097,0.6264426708221436,0.7304375171661377,-0.10011602938175201,0.2529967725276947,-3.6855123043060303,-4.342788219451904,-5.610891342163086,0.29237744212150574,-0.4135541319847107,0.4930441081523895,-1.365537166595459
-1.0223443508148193,1.431769609451294,0.26128458976745605,0.5157058835029602,-0.4788583517074585,-0.5837129354476929,-0.4049954414367676,-3.5888113975524902,-4.27507209777832,-5.866950511932373,-2.032776117324829,1.3321928977966309,1.5303455591201782,1.3130050897598267
-0.9715284705162048,1.3958783149719238,0.23121267557144165,-0.4871228039264679,0.757807731628418,0.3878509998321533,0.19496272504329681,-3.8626620769500732,-4.8540520668029785,-5.5424089431762695,0.2583470642566681,-0.7873691320419312,0.16138949990272522,-1.649476170539856
-0.9969345927238464,1.3853240013122559,0.21439456939697266,0.7830808162689209,0.5372680425643921,0.08598662167787552,0.30122047662734985,-5.625301361083984,-6.6076788902282715,-7.253956317901611,-1.9810580015182495,1.408839225769043,1.1287213563919067,-1.6209478378295898
-0.9099787473678589,1.4089958667755127,0.2336454689502716,-0.1800185739994049,0.5199654698371887,0.5584505200386047,0.6207755208015442,-3.671769857406616,-4.622447967529297,-5.376183032989502,-1.5709127187728882,0.5193765759468079,0.80870521068573,-0.08522196859121323
-0.9397537708282471,1.405001163482666,0.24284875392913818,-0.48767566680908203,0.695260763168335,0.37280526757240295,0.3738998770713806,-4.002162456512451,-4.957873344421387,-5.472376346588135,1.0508314371109009,-0.5533941984176636,0.27365005016326904,-1.5578763484954834
-0.9816228151321411,1.4350770711898804,0.27152666449546814,0.7126762270927429,0.6656661629676819,-0.15580980479717255,0.15717662870883942,-3.497854709625244,-4.038769721984863,-4.7703118324279785,-0.6934869885444641,-1.5839805603027344,-1.4190889596939087,-1.7724539041519165
-0.9915309548377991,1.4340366125106812,0.2388317734003067,0.5439362525939941,0.8162076473236084,0.019017579033970833,0.1938471794128418,-4.198663711547852,-4.690993785858154,-6.393531799316406,2.3897950649261475,-1.1556711196899414,-0.2549275755882263,-1.7352242469787598
-1.0735746622085571,1.4435659646987915,0.3446364402770996,0.535800576210022,-0.5906042456626892,-0.5139491558074951,-0.3161655366420746,-3.402367115020752,-4.307534217834473,-5.36404275894165,-0.7128602266311646,1.2970918416976929,1.5018726587295532,1.1956298351287842
-1.111006736755371,1.4194406270980835,0.2702544033527374,0.8265740275382996,0.4583365321159363,-0.04968949034810066,0.32285282015800476,-4.12018346786499,-4.957180976867676,-5.996099472045898,-0.12040429562330246,0.4128943383693695,0.9158148765563965,-0.09182950109243393
-1.0893560647964478,1.4286013841629028,0.2879229187965393,0.6818055510520935,0.6618781089782715,-0.07505647838115692,0.3023657500743866,-3.8442564010620117,-4.542081356048584,-5.877035617828369,16.11809539794922,-0.2802680432796478,0.6281339526176453,-1.1420748233795166
-1.039268136024475,1.4279578924179077,0.3362295925617218,-0.4000663757324219,0.2957811653614044,0.6166912913322449,0.6100428700447083,-2.936001777648926,-3.3219680786132812,-5.200421333312988,-1.7466989755630493,-1.4388514757156372,-1.3456571102142334,-1.7686843872070312
-0.9046710729598999,1.4415868520736694,0.2699156403541565,0.7168415188789368,0.37879475951194763,0.1840062290430069,0.5556927919387817,-4.14116907119751,-4.871124267578125,-5.882593631744385,-0.1866346150636673,0.9408645033836365,1.2568016052246094,0.9810260534286499
-0.9663959741592407,1.439380168914795,0.2980397045612335,0.6116056442260742,-0.5350373983383179,-0.46692395210266113,-0.3487915098667145,-3.668607234954834,-4.65126371383667,-5.363495826721191,-0.3129366934299469,0.9300984740257263,1.1832209825515747,0.9013840556144714
-1.0230517387390137,1.453657627105713,0.34499284625053406,0.5649199485778809,-0.5119651556015015,-0.6108261942863464,-0.21365515887737274,-4.232900619506836,-4.576332092285156,-5.970666885375977,0.853233277797699,0.32034581899642944,1.0284634828567505,-0.12200865894556046
-0.9007335901260376,1.4560965299606323,0.27871692180633545,0.7802037000656128,0.42517754435539246,0.19202367961406708,0.4166931211948395,-4.351510047912598,-4.661705017089844,-6.323044776916504,16.11809539794922,-0.07883507013320923,0.6999486684799194,-1.0237760543823242
-0.8305299878120422,1.5552195310592651,0.19080035388469696,0.8279708623886108,0.28283488750457764,0.37838807702064514,0.3021441698074341,-2.8384809494018555,-4.163173675537109,-5.280489921569824,-2.2144505977630615,-1.0111576318740845,-0.5372300744056702,-1.3050270080566406
-0.92619389295578,1.4478211402893066,0.29899272322654724,-0.3797047734260559,0.20882022380828857,0.8269016742706299,0.3584020435810089,-3.4627435207366943,-4.37742280960083,-5.4359025955200195,-2.118518829345703,-1.4678813219070435,-1.0981553792953491,-1.7218644618988037
-0.8903024196624756,1.479444146156311,0.29636627435684204,0.5853896737098694,-0.6205962300300598,-0.5213333368301392,0.019767947494983673,-3.835088014602661,-4.707810878753662,-5.885275363922119,2.869459629058838,0.4141649603843689,0.9716912508010864,0.28980621695518494
-0.8881536722183228,1.4806925058364868,0.29786983132362366,0.7403953075408936,0.5481542348861694,0.12047473341226578,0.369902104139328,-4.07284688949585,-4.445244312286377,-5.8799238204956055,0.31261664628982544,-0.579963207244873,0.3022562861442566,-1.2435925006866455
-0.8320329785346985,1.4423799514770508,0.25383374094963074,0.5574254393577576,0.5504152178764343,0.5664731860160828,0.2557891607284546,-3.350395917892456,-4.023882865905762,-4.995206832885742,-1.1380634307861328,0.673281729221344,1.0871373414993286,0.677730917930603
-0.8199485540390015,1.4471745491027832,0.26133984327316284,0.66869056224823,0.5829759836196899,0.14827071130275726,0.43704429268836975,-3.591299057006836,-4.496642112731934,-6.348092079162598,0.8574013113975525,0.07198907434940338,0.804860532283783,-0.8265500664710999
-0.8232067823410034,1.4408998489379883,0.2568132281303406,0.6390582323074341,0.61164790391922,0.15819919109344482,0.43870776891708374,-3.768019914627075,-4.434551239013672,-5.983705520629883,2.993349313735962,-0.5980872511863708,0.12472332268953323,-1.3820722103118896
-0.5905568599700928,1.376886248588562,0.27662423253059387,0.7345829606056213,0.5468472838401794,-0.3911067247390747,0.09155053645372391,-3.579939365386963,-3.9777731895446777,-5.211514472961426,-1.2977396249771118,-0.9355054497718811,-0.5541614890098572,-1.4592514038085938
-0.5744112133979797,1.3846087455749512,0.3191227912902832,0.7658357620239258,-0.41337263584136963,-0.43548843264579773,-0.23014871776103973,-3.1696813106536865,-4.09110164642334,-5.201475143432617,-1.1703413724899292,-1.347472906112671,-1.1164883375167847,-1.6599338054656982
-0.5682845711708069,1.3894966840744019,0.3043895661830902,0.7071707844734192,-0.2592752277851105,-0.5904370546340942,-0.2899481952190399,-3.1906166076660156,-3.657749652862549,-4.352495193481445,-2.522001028060913,1.4955166578292847,1.6727315187454224,1.3433345556259155
-0.6542120575904846,1.4830881357192993,0.31502512097358704,0.5004223585128784,0.0977315604686737,0.6155186295509338,0.6009682416915894,-2.6217241287231445,-3.58207631111145,-4.559251308441162,-1.3860020637512207,-1.050525426864624,-0.7407006621360779,-1.4765058755874634
-0.7274614572525024,1.539196252822876,0.3204903304576874,-0.47246477007865906,0.2800428569316864,0.7219317555427551,0.4209127724170685,-3.695293664932251,-4.410641193389893,-5.965094566345215,0.9565381407737732,-0.6644176244735718,-0.1121767982840538,-1.1171550750732422
-0.31055253744125366,1.3265395164489746,0.12292321771383286,0.5055736303329468,0.41860008239746094,0.4966202676296234,0.567923903465271,-3.2415573596954346,-4.303629398345947,-5.022307395935059,-0.7084541916847229,1.7718863487243652,1.7656301259994507,1.692610263824463
-0.2712453603744507,1.2234277725219727,0.15700581669807434,0.5807784795761108,0.4586716592311859,-0.672408938407898,0.013522475026547909,-3.576106071472168,-3.7048277854919434,-4.355240821838379,0.7901637554168701,0.16663901507854462,-0.23186932504177094,-0.9208652973175049
-0.2807963788509369,1.242515206336975,0.13200172781944275,-0.017266256734728813,0.41114088892936707,0.904778242111206,0.10973302274942398,-3.8702938556671143,-4.26103401184082,-4.417657375335693,-0.2315235733985901,1.4527817964553833,1.3279494047164917,0.8886076807975769
-0.2986888885498047,1.2489644289016724,0.18595770001411438,0.7902817130088806,0.19175805151462555,-0.5167089700698853,-0.2677600681781769,-3.478090524673462,-4.434942245483398,-5.801754474639893,-1.9523096084594727,-1.3099778890609741,-1.4496511220932007,-1.7070999145507812
-0.28447017073631287,1.2808440923690796,0.13345621526241302,0.0050513423047959805,0.628832221031189,0.7645108699798584,-0.14166028797626495,-3.538050889968872,-3.9927749633789062,-4.469226837158203,1.6763081550598145,0.4240943491458893,-0.1890340894460678,-0.88471919298172
-0.2828565835952759,1.321511149406433,0.11862639337778091,-0.0403129905462265,0.6814227104187012,0.714960515499115,-0.15122652053833008,-3.4430060386657715,-4.345923900604248,-4.517959117889404,0.933773398399353,1.6593269109725952,1.3637436628341675,0.8924940824508667
-0.29120948910713196,1.3840160369873047,0.13013218343257904,0.4845409393310547,0.6323795914649963,0.4848347306251526,0.3609035611152649,-3.504417657852173,-3.811260223388672,-4.038483619689941,0.5596014261245728,-0.327856183052063,-0.6780163049697876,-1.5248774290084839
-0.28487861156463623,1.361969232559204,0.18706104159355164,0.33250296115875244,0.5812646746635437,0.7234801054000854,0.167778879404068,-2.1785731315612793,-4.489455223083496,-6.226190567016602,-1.8456635475158691,-1.084473967552185,-1.2019093036651611,-1.765730619430542
-0.30060043931007385,1.429293155670166,0.08711899816989899,0.5851819515228271,0.36894986033439636,0.5171716213226318,0.5039559602737427,-3.059135913848877,-4.319109916687012,-4.447268009185791,-0.021648604422807693,1.1475366353988647,0.4051126539707184,-0.1862134486436844
-0.2921278774738312,1.4077389240264893,0.119009830057621,0.6589052677154541,0.2766641080379486,0.4745568037033081,0.5139033198356628,-3.2376365661621094,-3.8782386779785156,-4.296078205108643,1.906481385231018,0.2549305856227875,-0.2076186239719391,-0.5976559519767761
-0.2653151750564575,1.3278496265411377,0.13455332815647125,0.507247269153595,0.21738529205322266,0.5290941596031189,0.6445953845977783,-3.3215174674987793,-4.039102554321289,-4.439188003540039,1.3660892248153687,-0.6961275339126587,-0.9813598394393921,-1.513932228088379
-0.1326264888048172,1.2461267709732056,0.08519924432039261,0.2686347961425781,0.5898631811141968,0.6574987173080444,0.3841772973537445,-2.8244693279266357,-4.215771198272705,-5.323216915130615,-1.200446605682373,1.5699273347854614,1.4391494989395142,0.8538150191307068
-0.27249282598495483,1.2296111583709717,0.1251230388879776,0.3507596254348755,0.5506553649902344,0.45557448267936707,0.6051431894302368,-3.5524606704711914,-4.387690544128418,-4.902209281921387,0.03907965123653412,1.7686350345611572,1.7409645318984985,1.6561603546142578
-0.2640617787837982,1.2589753866195679,0.12752138078212738,0.11717312037944794,0.5197800993919373,0.8436520099639893,0.06595734506845474,-3.4966812133789062,-4.099169731140137,-5.059269428253174,0.8765143156051636,-1.00336492061615,-1.2876944541931152,-1.624375820159912
-0.2662702202796936,1.2965017557144165,0.11007843911647797,0.11629481613636017,0.7874680161476135,0.5994812846183777,0.08361675590276718,-3.9010114669799805,-4.6185994148254395,-5.16981315612793,-0.2825390696525574,-1.4511243104934692,-1.6323572397232056,-1.7445080280303955
-0.23906520009040833,1.2447983026504517,0.15100574493408203,0.4754902422428131,0.43278613686561584,0.7223376631736755,0.2546241879463196,-3.66522479057312,-4.193907260894775,-5.160205841064453,1.1528208255767822,-1.5797734260559082,-1.5639187097549438,-1.7615656852722168
-0.2437027096748352,1.2060524225234985,0.1448012888431549,0.9737569093704224,0.16670165956020355,-0.15477779507637024,-0.007202014327049255,-3.9953508377075195,-4.102198123931885,-4.805704116821289,-0.29123860597610474,-1.3836134672164917,-1.4823249578475952,-1.6624760627746582
-0.2567557990550995,1.2831957340240479,0.1620446890592575,0.7555527091026306,0.22357408702373505,0.3833257555961609,0.4818880558013916,-3.5032355785369873,-3.912780523300171,-4.321261405944824,2.6699156761169434,-1.5277925729751587,-1.625808596611023,-1.75625479221344
-0.13148607313632965,1.249595284461975,0.08874984085559845,-0.23298044502735138,0.5793027877807617,0.7457024455070496,-0.23249995708465576,-3.361963987350464,-5.206260681152344,-5.61501407623291,1.3031423091888428,-1.1762477159500122,-1.2521157264709473,-1.6631242036819458
-0.14280623197555542,1.302446722984314,0.0917358249425888,0.18266820907592773,0.6082859635353088,0.7165143489837646,0.2884920835494995,-3.4408175945281982,-5.162399768829346,-5.323121070861816,-0.2615504264831543,-0.04445592686533928,-0.16382735967636108,-0.6933577656745911
-0.26877060532569885,1.3120156526565552,0.12835825979709625,0.438687264919281,0.4337349832057953,0.7028998136520386,0.35406115651130676,-3.5552351474761963,-4.134486675262451,-5.119035720825195,-1.0195705890655518,1.3712199926376343,0.7436026334762573,-0.3809928894042969
-0.24732519686222076,1.442563533782959,0.13527286052703857,0.40080058574676514,0.5588909387588501,0.42453593015670776,0.5888710021972656,-3.006314754486084,-3.729517698287964,-4.089257717132568,0.3800956904888153,-1.6362156867980957,-1.6497437953948975,-1.7368913888931274
-0.17500104010105133,1.3769596815109253,0.10352364182472229,-0.14449754357337952,0.4219048023223877,0.8573698401451111,-0.2569703459739685,-3.609779119491577,-5.078470706939697,-5.262151718139648,16.11809539794922,-1.174378752708435,-1.1971172094345093,-1.5408939123153687
-0.28398674726486206,1.315579891204834,0.1673741489648819,0.5489472150802612,0.38969722390174866,0.3300534188747406,0.6617081761360168,-3.46421480178833,-4.22698450088501,-4.521143436431885,-1.1329658031463623,1.6668241024017334,1.49251389503479,1.3826391696929932
-0.31962043046951294,1.4436445236206055,0.10473403334617615,0.6352057456970215,0.25510701537132263,0.4637789726257324,0.5624439120292664,-3.5043156147003174,-4.105618953704834,-4.826716423034668,-0.07298791408538818,1.7677963972091675,1.7075169086456299,1.6502025127410889
-0.28486010432243347,1.5116467475891113,0.09879206866025925,0.12768760323524475,0.5872467756271362,0.7965844869613647,0.06550011783838272,-3.2866132259368896,-3.86329984664917,-4.218480110168457,0.7742512822151184,-0.9113765358924866,-1.1027699708938599,-1.5063599348068237
-0.31803932785987854,1.508363962173462,0.07598478347063065,0.5757559537887573,0.37134450674057007,0.5002138614654541,0.5295228362083435,-3.1608099937438965,-4.133111953735352,-4.617828845977783,-0.21613143384456635,1.3083808422088623,0.9718856811523438,0.7199405431747437
-0.32571715116500854,1.550755262374878,0.08448171615600586,0.5527051091194153,0.364401638507843,0.6718710660934448,0.3321411907672882,-3.5164401531219482,-3.849411964416504,-4.314812183380127,0.12525056302547455,1.6946208477020264,1.4766802787780762,1.3134957551956177
-0.2790110409259796,1.5558708906173706,0.06117372587323189,0.0693989023566246,0.6137211918830872,0.7864598035812378,-0.0033218637108802795,-3.426494598388672,-4.21952486038208,-4.322718143463135,1.3543434143066406,-1.4375258684158325,-1.5279722213745117,-1.6077572107315063
-0.29174673557281494,1.4952880144119263,0.12905719876289368,0.5668969750404358,0.728678822517395,-0.2776627838611603,0.26562824845314026,-3.4895095825195312,-4.347290992736816,-4.75648307800293,-0.7497111558914185,-0.9349629878997803,-1.0984907150268555,-1.2640641927719116
-0.2997797727584839,1.5418281555175781,0.10674261301755905,0.7689944505691528,0.02723795175552368,-0.4927578568458557,0.4063192307949066,-3.6113054752349854,-3.866241693496704,-4.254573345184326,-0.0653800442814827,0.06015449017286301,-0.3426884710788727,-0.7999391555786133
-0.2725922465324402,1.4337615966796875,0.14874248206615448,0.48146721720695496,0.6117212772369385,0.5060705542564392,0.3713206350803375,-3.5341148376464844,-3.67940616607666,-4.234984397888184,0.8300964832305908,-1.0053291320800781,-1.1868056058883667,-1.611261248588562
-0.31194499135017395,1.4996988773345947,0.12213888764381409,0.8953856229782104,0.11159390956163406,-0.30781227350234985,-0.3017995357513428,-4.041741847991943,-4.318118095397949,-4.91110372543335,-0.28070956468582153,0.4275532066822052,0.07950875163078308,-0.13554266095161438
-0.3077792823314667,1.4782155752182007,0.14327935874462128,0.32286837697029114,0.6322034597396851,0.669293999671936,0.21936339139938354,-3.3689053058624268,-4.404765605926514,-5.6144914627075195,-1.6209690570831299,-1.3393422365188599,-1.5784262418746948,-1.697584867477417
-0.2923543453216553,1.4536964893341064,0.16402354836463928,0.4150939881801605,0.531761109828949,0.6254194378852844,0.39214491844177246,-3.357553005218506,-4.314216613769531,-4.911550045013428,-1.0463274717330933,1.7245396375656128,1.6789082288742065,1.5976041555404663
-0.28211796283721924,1.4961453676223755,0.14627495408058167,0.4753623604774475,0.3352770507335663,0.7664727568626404,0.27228567004203796,-3.5374107360839844,-4.143467903137207,-4.539939880371094,-1.8326343297958374,1.2980209589004517,0.8644920587539673,0.6256993412971497
-0.27340516448020935,1.5061545372009277,0.1563575118780136,0.14070750772953033,0.705470621585846,0.6839430332183838,-0.121385857462883,-3.4574384689331055,-4.362281799316406,-4.801316738128662,0.4091172218322754,-0.4235782027244568,-0.6635251045227051,-1.0002678632736206
-0.21374757587909698,1.4369019269943237,0.10814373195171356,-0.2599108815193176,0.5157560110092163,0.7712309956550598,-0.2676655054092407,-4.125227928161621,-5.442322254180908,-6.069398880004883,-0.420291543006897,0.727069079875946,0.6461537480354309,-0.05695312097668648
-0.2209288626909256,1.515228509902954,0.12040340155363083,-0.12070264667272568,0.7021570205688477,0.6997266411781311,-0.052811574190855026,-3.196770429611206,-4.8442277908325195,-5.396335601806641,16.11809539794922,-1.3040727376937866,-1.3325082063674927,-1.597650408744812
-0.25776877999305725,1.3904261589050293,0.16918432712554932,0.6568942666053772,0.21418964862823486,0.40313205122947693,0.6000810265541077,-3.3297457695007324,-4.075969696044922,-4.414202690124512,3.662038564682007,-1.4649142026901245,-1.481482982635498,-1.6436316967010498
-0.26192715764045715,1.5339566469192505,0.14120519161224365,0.5357688665390015,0.32279419898986816,0.3541923463344574,0.6952002644538879,-3.5318663120269775,-4.029298782348633,-4.900565147399902,16.11809539794922,-1.3478325605392456,-1.4463322162628174,-1.6069320440292358
-0.5736325979232788,1.3717060089111328,0.23745140433311462,0.5725449323654175,-0.03745022416114807,-0.6481637358665466,-0.5006731748580933,-4.650234699249268,-5.3866987228393555,-6.255631923675537,16.11809539794922,0.03539150580763817,0.6320393681526184,-0.5441544651985168
-0.5678425431251526,1.3449440002441406,0.2822251319885254,0.5461313724517822,0.12297616899013519,0.43668457865715027,0.7042186856269836,-4.251582145690918,-5.489439964294434,-6.461125373840332,0.4607447683811188,-1.1813727617263794,-1.3885351419448853,-1.7724539041519165
-0.5894869565963745,1.378982424736023,0.3141561448574066,0.6748411655426025,-0.17817364633083344,-0.5897565484046936,-0.4062398076057434,-4.283660411834717,-4.99376916885376,-5.5712761878967285,0.1442311406135559,0.3935094177722931,0.7832129597663879,-0.055933769792318344
-0.5533497929573059,1.3900734186172485,0.3339332938194275,0.6561289429664612,0.6935250759124756,0.05911426618695259,0.29158756136894226,-3.5704829692840576,-4.182802677154541,-5.315702438354492,-0.22774913907051086,-0.4931981563568115,-0.04281618446111679,-0.8321462273597717
-0.26377788186073303,1.2803571224212646,0.1860232651233673,-0.1711091697216034,0.6408536434173584,0.6567134261131287,-0.3588255047798157,-3.0427207946777344,-3.9912219047546387,-4.305587291717529,16.11809539794922,-1.0216566324234009,-1.0289617776870728,-1.5553064346313477
-0.2733650207519531,1.2295275926589966,0.19688059389591217,0.18607313930988312,0.6663058400154114,0.7010118365287781,-0.1731928586959839,-2.767285108566284,-4.277468681335449,-4.925655364990234,-1.010084629058838,-0.8723219037055969,-0.8818637132644653,-1.4889239072799683
-0.23975062370300293,1.2536286115646362,0.20219731330871582,-0.2236042022705078,0.5617027282714844,0.7925136685371399,-0.08008322864770889,-3.4243247509002686,-4.228289604187012,-5.050861835479736,0.46208637952804565,-1.7305333614349365,-1.7378664016723633,-1.769311785697937
-0.2753923237323761,1.315126657485962,0.1906159222126007,0.13209396600723267,0.8701567053794861,0.47391238808631897,-0.028028108179569244,-3.8552963733673096,-4.1670732498168945,-5.320401668548584,0.0014551489148288965,0.0506591871380806,-0.28104111552238464,-0.60954749584198
-0.2428797036409378,1.290459394454956,0.20799416303634644,0.13658630847930908,0.6277306079864502,0.761850118637085,0.08296278119087219,-4.394148349761963,-6.8123297691345215,-7.184731483459473,-1.908147931098938,1.4550265073776245,1.3118922710418701,0.3406119644641876
-0.2545037269592285,1.3580989837646484,0.18077118694782257,0.08298556506633759,0.5044277906417847,0.8588489890098572,-0.03231753408908844,-3.314879894256592,-4.194677352905273,-4.562335014343262,1.6881885528564453,-0.9675377011299133,-1.062941551208496,-1.4762026071548462
-0.2897352874279022,1.3829444646835327,0.18474605679512024,0.27904632687568665,0.6434960961341858,0.6741154193878174,0.2315477430820465,-3.697563886642456,-4.893637657165527,-5.199779033660889,-0.3579777479171753,1.734397053718567,1.6725571155548096,1.6181893348693848
-0.2763015925884247,1.4044615030288696,0.179291769862175,0.47249701619148254,0.23805643618106842,0.7815151810646057,0.3306201696395874,-3.8584935665130615,-4.190176486968994,-4.45882511138916,-1.6626214981079102,0.19918371737003326,-0.27822384238243103,-0.433333158493042
-0.4843079149723053,1.5693302154541016,0.2897416651248932,0.8149699568748474,0.5394633412361145,-0.19698281586170197,0.07746627926826477,-3.564347505569458,-3.958298444747925,-5.119214057922363,-0.806865930557251,-0.24045433104038239,0.1912889927625656,-0.6729820370674133
-0.4529746472835541,1.5302149057388306,0.36880552768707275,0.5021995902061462,-0.02746404893696308,-0.6041040420532227,-0.6181420683860779,-2.575786828994751,-3.292769193649292,-3.8761067390441895,-2.8217546939849854,-1.609135389328003,-1.489537000656128,-1.7673776149749756
-0.48624947667121887,1.5246527194976807,0.41912412643432617,0.643217146396637,-0.008333480916917324,-0.5984113216400146,-0.47760459780693054,-2.8648343086242676,-3.7421295642852783,-4.478926181793213,-2.8078808784484863,1.0116835832595825,1.4760264158248901,0.28985312581062317
0.036037273705005646,1.378562331199646,0.28874069452285767,0.8443552255630493,-0.006384504027664661,-0.4387233555316925,-0.30748218297958374,-3.538719892501831,-3.790588140487671,-4.337250709533691,-2.0303280353546143,-1.5127105712890625,-1.4764275550842285,-1.768871545791626
0.02235705591738224,1.323644995689392,0.2778116762638092,0.4151361286640167,0.44048234820365906,0.3952793776988983,0.6909352540969849,-3.291651487350464,-4.535274982452393,-5.4676713943481445,-1.8316535949707031,0.8645022511482239,0.7392199039459229,0.4352259635925293
0.001522550475783646,1.4324711561203003,0.29743099212646484,0.5325807929039001,0.41271090507507324,0.3434014618396759,0.6542956829071045,-3.397953987121582,-4.683538913726807,-5.279159069061279,-1.5994187593460083,1.6355102062225342,1.552194595336914,1.496625304222107
0.013289026916027069,1.3771027326583862,0.2897776663303375,0.37143734097480774,0.49618253111839294,0.5532991290092468,0.5565045475959778,-3.153733253479004,-4.403815269470215,-5.0567193031311035,-1.6115202903747559,0.3628636598587036,0.3091353476047516,-0.1182476207613945
0.005184701643884182,1.4587947130203247,0.29854631423950195,-0.3373658061027527,0.5873868465423584,0.7122366428375244,-0.18406513333320618,-3.2535622119903564,-4.759598255157471,-5.115128040313721,1.7698363065719604,-1.0009790658950806,-1.021499752998352,-1.532353401184082
0.014876657165586948,1.4369419813156128,0.30039069056510925,-0.19655834138393402,0.6187270879745483,0.7481449246406555,-0.1371888667345047,-3.4575533866882324,-4.987362861633301,-5.310157299041748,2.810417413711548,-1.2585411071777344,-1.3182318210601807,-1.6897475719451904
-0.008534524589776993,1.4799219369888306,0.3030807673931122,0.3973289132118225,0.4682944416999817,0.5454725623130798,0.5703417658805847,-2.9287049770355225,-4.823361396789551,-5.2246294021606445,2.0912888050079346,-0.09247951209545135,-0.15620487928390503,-0.5299820899963379
-0.012951010838150978,1.5210793018341064,0.30743539333343506,0.30775976181030273,0.5303921699523926,0.5984361171722412,0.5155989527702332,-3.1981594562530518,-4.546522617340088,-4.92427921295166,16.11809539794922,-0.5925912857055664,-0.6244201064109802,-1.011062741279602
-0.016410596668720245,1.5185277462005615,0.3042322099208832,0.40416255593299866,0.4291396737098694,0.566495954990387,0.5758247375488281,-3.1006648540496826,-4.2752156257629395,-5.556183338165283,-2.600595712661743,0.6929911375045776,0.6973811984062195,0.33407068252563477
-0.7788055539131165,0.8997998237609863,0.4662286639213562,0.5895349979400635,-0.006803021300584078,-0.8034608364105225,-0.08278187364339828,-2.371978521347046,-4.598719596862793,-5.253988265991211,-0.4530407190322876,1.7153148651123047,1.5701748132705688,1.2858917713165283
-0.7302484512329102,0.8891363739967346,0.34055617451667786,0.6240882277488708,-0.03665735200047493,-0.7268349528312683,0.2843960225582123,-3.879934072494507,-4.4889678955078125,-4.556329727172852,-0.39438140392303467,-1.4671897888183594,-1.7135087251663208,-1.7474815845489502
-0.7395455837249756,0.88581383228302,0.3255402445793152,0.2314235270023346,0.7847024202346802,0.5743221044540405,0.0289717148989439,-5.197464942932129,-6.159938812255859,-7.173408031463623,1.0698449611663818,1.7174867391586304,0.8517544865608215,0.050735726952552795
-0.7507989406585693,0.901335597038269,0.39345237612724304,0.5574148297309875,-0.09972256422042847,-0.7947433590888977,-0.2184654325246811,-3.284827947616577,-4.513909339904785,-5.344226837158203,0.4327353835105896,1.6464717388153076,1.2626631259918213,0.9026308059692383
-0.7572305798530579,0.8985992670059204,0.43979310989379883,0.5735382437705994,-0.09657538682222366,-0.7854258418083191,-0.21173880994319916,-2.929245948791504,-4.94227933883667,-4.968376636505127,0.16443707048892975,-0.010478781536221504,-0.537200391292572,-1.1551971435546875
-0.7118098735809326,0.9184751510620117,0.32118791341781616,0.7073925137519836,-0.4015924036502838,0.02004506066441536,-0.5813067555427551,-4.0779643058776855,-4.552714824676514,-11.467546463012695,-1.4360558986663818,-0.15986841917037964,-1.021767497062683,-1.7585523128509521
-0.7646079063415527,0.8983748555183411,0.4505656957626343,0.6122832894325256,-0.08265455067157745,-0.7811696529388428,-0.08972960710525513,-3.011535167694092,-4.8393049240112305,-5.2749924659729,0.08234119415283203,0.9701976776123047,0.3741629421710968,-0.24391035735607147
-0.7648879289627075,0.8938170075416565,0.48170769214630127,0.5759278535842896,-0.09347223490476608,-0.7945423722267151,-0.16814400255680084,-2.622798442840576,-5.101948261260986,-5.314411640167236,0.3457397222518921,-1.0730284452438354,-1.2086516618728638,-1.6284775733947754
-0.7973813414573669,0.8947758078575134,0.5454813838005066,0.5790719985961914,-0.17727848887443542,-0.7514641284942627,-0.2618197798728943,-3.2006778717041016,-4.757081508636475,-5.239256858825684,16.11809539794922,1.384606957435608,0.8559021353721619,0.1574430614709854
-0.175859272480011,0.7952957153320312,0.38627633452415466,0.5694902539253235,-0.34617504477500916,-0.7286635637283325,-0.1577753722667694,-3.407909870147705,-3.72452449798584,-5.005929470062256,-1.220672607421875,1.6974610090255737,1.7670546770095825,1.5298937559127808
-0.15010744333267212,0.832207441329956,0.40336427092552185,0.5603669881820679,-0.3903123140335083,-0.7236061692237854,-0.10019624978303909,-3.142014980316162,-4.4332475662231445,-5.171342372894287,-1.777243971824646,1.2755545377731323,1.355763554573059,0.341693252325058
-0.1571008563041687,0.8259252905845642,0.3990586996078491,-0.4740663468837738,0.18202738463878632,0.8014892935752869,0.31581971049308777,-3.0110158920288086,-4.531711578369141,-4.623356342315674,0.07263822108507156,-0.07019422948360443,0.8342258930206299,-1.5487523078918457
-0.18162503838539124,0.8131256103515625,0.48298975825309753,0.6663045287132263,-0.42428651452064514,-0.603215217590332,-0.11022979021072388,-3.668135166168213,-4.413748741149902,-5.14999532699585,1.557033658027649,-1.655470848083496,-1.2251081466674805,-1.7286640405654907
-0.19287168979644775,0.8048332333564758,0.45452943444252014,-0.3834470510482788,-0.3071591258049011,0.860788106918335,-0.1329113095998764,-3.928795337677002,-4.361701488494873,-5.26894474029541,0.7462102770805359,-1.3218421936035156,-0.20977181196212769,-1.7724539041519165
-0.16087181866168976,0.8374968767166138,0.4383702278137207,0.515141487121582,0.6887226700782776,0.31705817580223083,0.3997054696083069,-3.597341775894165,-4.089975357055664,-4.886630535125732,-0.9042815566062927,-1.5036009550094604,-1.0557678937911987,-1.7300020456314087
-0.1878976821899414,0.8236377239227295,0.4427245259284973,-0.3608037531375885,-0.25681573152542114,0.8793147206306458,-0.17513403296470642,-4.162933826446533,-4.947635650634766,-5.601043701171875,0.48921284079551697,0.9774657487869263,1.6607428789138794,-1.4267348051071167
-0.1985279768705368,0.7871293425559998,0.4825263023376465,0.34428870677948,0.6873606443405151,0.632818877696991,-0.09241688251495361,-3.4989490509033203,-4.291004657745361,-4.840208053588867,0.9449861645698547,-0.0857682153582573,0.95464688539505,-1.5422385931015015
-0.17277388274669647,0.8285296559333801,0.4419915974140167,0.5902409553527832,0.07690358906984329,-0.7520428895950317,-0.28307753801345825,-4.825184345245361,-6.199513912200928,-6.54418420791626,-1.5243741273880005,-1.7724539041519165,-0.9627246856689453,-0.2749997079372406
-0.1581861674785614,0.8467531800270081,0.4740513265132904,0.5924563407897949,0.040101557970047,-0.7619602680206299,-0.2584644854068756,-3.446331262588501,-4.193795204162598,-5.574554443359375,-0.7685208916664124,-0.14461399614810944,0.3630026578903198,0.16215725243091583
-0.03598037362098694,0.7950002551078796,0.44231149554252625,0.5368715524673462,0.770276665687561,0.08949712663888931,0.33231472969055176,-3.182608127593994,-3.6028082370758057,-5.2399444580078125,-1.3228482007980347,-1.2819851636886597,-0.6512733697891235,-1.7191389799118042
-0.14950966835021973,0.8494828343391418,0.4679509997367859,0.5406409502029419,-0.26673251390457153,-0.7782213687896729,-0.17587679624557495,-4.013701438903809,-4.261935234069824,-5.4004645347595215,16.11809539794922,-1.0197035074234009,-0.28447845578193665,-1.5518208742141724
-0.18966643512248993,0.7840858697891235,0.493406742811203,0.6220421195030212,0.4217384457588196,-0.65432208776474,-0.08404087275266647,-4.232242584228516,-4.548713207244873,-4.8523077964782715,16.11809539794922,-1.7020061016082764,-1.4412041902542114,-1.6101032495498657
-0.15342865884304047,0.8564761281013489,0.49207791686058044,0.542197048664093,0.10731428861618042,-0.799100935459137,-0.2365243136882782,-4.122636318206787,-4.671306133270264,-5.679297924041748,-1.0498093366622925,1.6561740636825562,1.6140698194503784,1.3110214471817017
0.019543562084436417,0.8384678363800049,0.44882646203041077,0.5326780676841736,-0.08241941034793854,-0.7361434698104858,-0.4093335270881653,-3.4636335372924805,-4.871894836425781,-5.6353840827941895,0.49139541387557983,-0.2594554126262665,0.19468443095684052,-0.6674000024795532
0.008285307325422764,0.828307032585144,0.4796499013900757,0.6691409349441528,-0.14458563923835754,-0.7132244110107422,-0.15052026510238647,-3.356515407562256,-4.943231582641602,-5.453214168548584,-1.4479830265045166,0.39774683117866516,0.9238755106925964,0.26356542110443115
0.023712197318673134,0.8427795767784119,0.45020341873168945,0.6029829382896423,-0.14497999846935272,-0.7175792455673218,-0.3169737458229065,-2.8242006301879883,-4.773122787475586,-5.6213765144348145,-2.274552345275879,1.5748775005340576,1.587639570236206,1.4588505029678345
-0.6029268503189087,1.290309190750122,0.36004382371902466,-0.43233948945999146,0.4872911870479584,0.6325166821479797,0.4189898371696472,-3.5896105766296387,-4.49432373046875,-5.488124847412109,-2.261992931365967,0.43935081362724304,0.8863221406936646,-0.7990959286689758
-0.5992029905319214,1.2902511358261108,0.3645784556865692,-0.4018957018852234,0.4395584166049957,0.7636143565177917,0.24932171404361725,-4.0904951095581055,-4.876128196716309,-6.171689987182617,16.11809539794922,-0.7856847643852234,-0.20563390851020813,-1.3305408954620361
-0.6121580600738525,1.2819225788116455,0.3581565022468567,-0.6117199659347534,0.6202910542488098,-0.45550671219825745,-0.1831703782081604,-4.966348648071289,-13.168513298034668,-7.043393135070801,-0.40546509623527527,0.2988843619823456,0.9522594809532166,1.3276026248931885
-1.099432110786438,1.4203706979751587,0.318137526512146,-0.16658136248588562,0.9432930946350098,-0.15137477219104767,0.2439967691898346,-14.138423919677734,-5.226869106292725,-4.409100532531738,-1.6817585229873657,-0.9939643740653992,-0.6047195792198181,-1.0495707988739014
-1.0341330766677856,1.4523359537124634,0.34996145963668823,0.7827961444854736,0.6043314933776855,0.13994725048542023,-0.049279022961854935,-3.5516562461853027,-4.031414985656738,-5.336540699005127,-1.1088663339614868,0.4252268075942993,1.279617428779602,-1.257114052772522
-1.0543180704116821,1.4543389081954956,0.36450809240341187,0.5379945039749146,-0.21895061433315277,-0.7850934863090515,-0.21505996584892273,-3.887401580810547,-4.848134517669678,-5.9967942237854,-0.21060600876808167,0.032803863286972046,0.9888948202133179,-1.618067741394043
-1.058164358139038,1.4523252248764038,0.36943134665489197,-0.48634207248687744,0.26352494955062866,0.768189549446106,0.32235199213027954,-3.8058829307556152,-4.9804229736328125,-5.757791042327881,-1.124076247215271,-1.0236982107162476,-0.309094101190567,-1.5642893314361572
-1.0742835998535156,1.456016182899475,0.3771638870239258,0.519205629825592,-0.27339792251586914,-0.6625257730484009,-0.4655520021915436,-4.479811668395996,-4.842717170715332,-5.8362650871276855,16.11809539794922,0.36552175879478455,1.003666877746582,-0.3286833167076111
-1.0198569297790527,1.448667287826538,0.36341723799705505,0.5958609580993652,-0.4939754009246826,-0.5402275919914246,-0.3302910029888153,-3.8011512756347656,-5.074504375457764,-5.440167427062988,-0.7199662327766418,1.6399163007736206,1.6850957870483398,1.585988998413086
-0.9511815905570984,1.4537830352783203,0.3468906581401825,0.7647751569747925,0.6130614280700684,0.18671980500221252,0.06641016900539398,-4.102539539337158,-4.114887714385986,-5.746267318725586,0.41075798869132996,-0.7347988486289978,0.18443326652050018,-1.5969630479812622
-0.9592766761779785,1.45428466796875,0.3556223511695862,0.6341086030006409,-0.4850754141807556,-0.5382965207099915,-0.26989808678627014,-3.934387445449829,-4.336341381072998,-5.667976379394531,0.021782398223876953,-0.008130519650876522,0.548612654209137,0.0872119665145874
-0.9576730132102966,1.447758436203003,0.3423486351966858,0.5521346926689148,-0.4535605311393738,-0.6149217486381531,-0.3336186110973358,-3.924323081970215,-4.287981986999512,-5.713023662567139,1.444133996963501,0.11045727133750916,0.9651069641113281,-1.4133415222167969
-1.0158687829971313,1.4501138925552368,0.3845384120941162,0.6909085512161255,-0.3768030107021332,-0.5498195290565491,-0.27993452548980713,-3.738409996032715,-4.3809494972229,-5.557584285736084,-1.2383549213409424,-1.2768348455429077,-0.48042088747024536,-1.6210373640060425
-0.9663980007171631,1.4526159763336182,0.3717101216316223,0.7098298072814941,-0.5930070877075195,-0.3682207763195038,-0.09432786703109741,-4.160907745361328,-4.626684665679932,-6.270978927612305,-1.1828997135162354,1.431964635848999,1.5583089590072632,1.5424991846084595
-1.0040550231933594,1.4613596200942993,0.3604629337787628,0.5442723035812378,-0.1936345100402832,-0.7355533838272095,-0.3538849353790283,-4.626979351043701,-5.093584060668945,-5.394931316375732,1.4332447052001953,-0.795324981212616,0.05880790948867798,-1.6534428596496582
-1.0117943286895752,1.4550789594650269,0.3973849415779114,0.703299343585968,-0.24366869032382965,-0.6152405142784119,-0.25975891947746277,-3.8014941215515137,-4.577657699584961,-5.334967136383057,3.8934834003448486,0.3316219449043274,0.9001469612121582,0.15469025075435638
-0.9707851409912109,1.4602104425430298,0.3932291865348816,-0.31356799602508545,0.36255350708961487,0.7196799516677856,0.5022855997085571,-3.5590929985046387,-4.251242637634277,-4.900130748748779,-2.9995365142822266,-1.268691062927246,-0.9501370191574097,-1.7042410373687744
-1.0033553838729858,1.4579914808273315,0.4007566273212433,0.5913819074630737,-0.11842172592878342,-0.6766956448554993,-0.42228755354881287,-4.137928009033203,-4.648921966552734,-5.816871643066406,0.8797720074653625,-0.3453429937362671,0.56855309009552,-1.2525451183319092
-0.5863321423530579,1.4325635433197021,0.4063500761985779,0.6762981414794922,0.6711621880531311,-0.12156251072883606,0.2781811058521271,-3.1210501194000244,-3.7764906883239746,-4.70691442489624,-0.7719262838363647,-1.2971194982528687,-0.8865883946418762,-1.5429109334945679
-0.6072620153427124,1.4390664100646973,0.397483229637146,0.7194339036941528,0.03532896190881729,-0.5343731045722961,0.4422805905342102,-3.099520444869995,-3.6080760955810547,-3.986374855041504,-2.492786407470703,0.10525298863649368,0.41956573724746704,0.006184846628457308
-0.7128505706787109,1.4982572793960571,0.39682266116142273,0.6608503460884094,0.7229851484298706,-0.17934928834438324,0.09166879951953888,-3.462841272354126,-4.0575642585754395,-5.0587077140808105,-0.592600405216217,-0.9976359605789185,-0.47633999586105347,-1.6760785579681396
-0.750852644443512,1.5261714458465576,0.349522203207016,0.5091093182563782,0.07575961202383041,-0.7003617286682129,-0.4945317506790161,-3.4925448894500732,-4.270202159881592,-4.882437705993652,-0.5974586009979248,0.45944303274154663,0.9322616457939148,-0.10396350175142288
-0.6995255947113037,1.4881186485290527,0.4253748059272766,-0.2061421424150467,0.5084952712059021,0.4624961018562317,0.6964447498321533,-3.455836057662964,-3.927041530609131,-4.333372592926025,-1.4979281425476074,-1.5918749570846558,-1.316385269165039,-1.7663588523864746
-0.6530981659889221,1.4425917863845825,0.4792533218860626,0.6663409471511841,-0.32559752464294434,-0.43218111991882324,-0.5130258202552795,-3.659897804260254,-4.1421732902526855,-4.68766450881958,0.578834056854248,-1.103208303451538,-0.7332428693771362,-1.369352102279663
-0.6888468265533447,1.4695074558258057,0.45772895216941833,0.2430737018585205,0.591627836227417,0.7154101729393005,-0.28121164441108704,-3.2050259113311768,-4.223495960235596,-4.524776935577393,-1.424451470375061,0.39626845717430115,0.7659019827842712,0.4519885182380676
-0.6146511435508728,1.4674080610275269,0.44569799304008484,0.19849102199077606,0.5218985080718994,0.45496296882629395,0.6937088370323181,-3.7929587364196777,-6.069939613342285,-6.175891876220703,-0.8850835561752319,-1.0802743434906006,-1.650136113166809,-1.7724539041519165
-0.5830855369567871,1.4936714172363281,0.4305458664894104,0.47811949253082275,0.8527694344520569,0.16098083555698395,0.13517117500305176,-3.8095719814300537,-4.419780731201172,-5.311368465423584,0.2786809206008911,-1.51701819896698,-1.261826753616333,-1.6883617639541626
-0.6012389659881592,1.5022801160812378,0.4132443070411682,0.6977756023406982,-0.2758079767227173,-0.40042075514793396,-0.5260250568389893,-3.7696893215179443,-3.993633270263672,-5.278317451477051,0.11226549744606018,-0.9448099732398987,-0.4781578779220581,-1.2712653875350952
-0.7635377049446106,1.4885059595108032,0.43664848804473877,-0.4681786000728607,0.16061025857925415,0.6235149502754211,0.605179488658905,-3.3099007606506348,-4.247638702392578,-5.498432636260986,-0.3315280079841614,-0.007953082211315632,0.643991231918335,-1.0376901626586914
-0.7565926313400269,1.4941811561584473,0.46514105796813965,0.6342129707336426,-0.378023624420166,-0.6064093708992004,-0.2951943874359131,-3.26435923576355,-3.683830976486206,-4.70265007019043,-3.548405885696411,1.2233543395996094,1.4136228561401367,1.0144027471542358
-0.7008718848228455,1.4986838102340698,0.41100549697875977,-0.46318480372428894,0.19654898345470428,0.5871119499206543,0.6341355443000793,-4.557547569274902,-4.65169095993042,-5.281895160675049,-1.6259608268737793,0.19152894616127014,0.7743253111839294,-1.6643091440200806
-0.5993855595588684,1.5155006647109985,0.3984215259552002,0.3531748354434967,0.8131037354469299,0.459947407245636,-0.05077677592635155,-4.014699935913086,-5.1705641746521,-5.990026950836182,0.10654891282320023,-0.20030318200588226,0.30958878993988037,-0.9888321161270142
-0.7248935699462891,1.5028477907180786,0.4772382974624634,-0.37823551893234253,0.4589272439479828,0.6526502966880798,0.46943721175193787,-3.6149182319641113,-4.525693416595459,-5.345459938049316,0.10488168150186539,-0.678960382938385,0.051196418702602386,-1.2523523569107056
-0.7929801940917969,1.4712200164794922,0.4673408567905426,0.6525396704673767,0.6597907543182373,0.008227117359638214,0.3725593388080597,-4.578948497772217,-5.324002742767334,-5.569828510284424,-1.0015840530395508,-0.8069732785224915,-0.25433170795440674,-1.7588406801223755
-0.6482246518135071,1.4713587760925293,0.48488518595695496,-0.41076716780662537,0.5553044676780701,0.5346742272377014,0.4868580400943756,-4.061819553375244,-4.855640888214111,-6.332594871520996,1.5193471908569336,-0.646490752696991,-0.20622408390045166,-1.3144235610961914
-0.5647138953208923,1.446958065032959,0.5191128253936768,0.4250320494174957,0.8386952877044678,0.13780422508716583,0.3113647401332855,-3.4414210319519043,-3.7474205493927,-4.7892022132873535,-1.80307137966156,0.9027360081672668,1.0078617334365845,0.08821714669466019
-0.6955833435058594,1.4857265949249268,0.5088870525360107,0.7018079161643982,0.6877321004867554,-0.1764051914215088,-0.0580640509724617,-3.375729560852051,-3.8229587078094482,-4.6642560958862305,-2.0043609142303467,-0.2099100798368454,0.13146965205669403,-0.36323118209838867
-0.574747622013092,1.4262312650680542,0.5094152688980103,-0.4577532410621643,0.36505311727523804,0.5117952227592468,0.6287001371383667,-3.400428056716919,-4.772164821624756,-5.071610450744629,-1.1636805534362793,-1.1862032413482666,-0.7989840507507324,-1.4654914140701294
-0.5867315530776978,1.4312514066696167,0.5284160375595093,0.6674282550811768,-0.21790984272956848,-0.46138978004455566,-0.5423783659934998,-3.960550546646118,-4.6592183113098145,-5.575001239776611,16.11809539794922,-0.814654529094696,-0.4346042275428772,-1.1248703002929688
-0.705936849117279,1.51198148727417,0.49434199929237366,0.8039135932922363,0.5691808462142944,0.17198263108730316,0.01334334909915924,-3.7907464504241943,-4.52395486831665,-6.1563401222229,0.14955975115299225,-1.053274154663086,-0.6768848896026611,-1.424938678741455
-0.7158225774765015,1.502027153968811,0.4854941666126251,-0.4096256196498871,0.1719682812690735,0.8122905492782593,0.3779124915599823,-3.9939217567443848,-4.577503204345703,-5.364279270172119,1.654430866241455,-1.1349345445632935,-0.5261651873588562,-1.5564583539962769
-0.5666035413742065,1.5026365518569946,0.5512955784797668,0.9210450649261475,0.3790850043296814,-0.03653081879019737,-0.08146216720342636,-3.160982608795166,-3.9453539848327637,-4.539502143859863,-0.9563997983932495,0.24545970559120178,0.6522131562232971,-0.48092764616012573
-0.5804680585861206,1.5124701261520386,0.5614563226699829,0.6847806572914124,0.6469514966011047,-0.07606300711631775,0.3267165422439575,-3.8243117332458496,-4.255782127380371,-5.045554161071777,0.5875605940818787,-0.997931182384491,-0.33660241961479187,-1.7504775524139404
-0.5588629245758057,1.5191712379455566,0.5730076432228088,0.6965904831886292,0.708835244178772,0.07914097607135773,0.07778861373662949,-3.0819942951202393,-4.613574504852295,-4.815188407897949,-2.7263505458831787,1.603319764137268,1.593552827835083,1.0796726942062378
-0.5203487277030945,1.2575916051864624,0.3168117105960846,0.37729087471961975,0.33061516284942627,0.47229868173599243,0.7247614860534668,-2.9792113304138184,-4.253129959106445,-5.267966270446777,-1.5280412435531616,-0.7102105617523193,-0.6397199630737305,-1.263662576675415
-0.5301356911659241,1.2908302545547485,0.3148723840713501,0.24083629250526428,0.46743229031562805,0.6310296058654785,0.570356547832489,-2.86110258102417,-4.214486122131348,-5.730343818664551,-1.8361166715621948,-1.3611992597579956,-1.4709314107894897,-1.68999183177948
-0.4845675528049469,1.1807129383087158,0.35996735095977783,0.39468032121658325,-0.21496598422527313,-0.34767812490463257,0.8228833675384521,-5.077701568603516,-9.584213256835938,-6.210620880126953,-0.11778303235769272,-1.7724539041519165,-1.3832091093063354,-1.7724539041519165
-0.5049796104431152,1.2617242336273193,0.35335594415664673,0.3890535533428192,0.22565233707427979,0.8265270590782166,0.338483989238739,-2.560262680053711,-3.7175252437591553,-4.5197882652282715,-3.288402557373047,1.3551740646362305,1.4032139778137207,1.1997517347335815
-0.5355554819107056,1.4508953094482422,0.4493369460105896,-0.4673406481742859,0.722631573677063,0.5041134357452393,0.07256694883108139,-3.4259867668151855,-4.015618801116943,-4.922552585601807,-1.1671572923660278,-0.21591876447200775,-0.06643891334533691,-0.707749605178833
-0.5550201535224915,1.5170971155166626,0.4130418002605438,0.7696462869644165,-0.49942007660865784,-0.3721487522125244,-0.1404617726802826,-3.975640296936035,-4.583463191986084,-4.877539157867432,-0.9568350911140442,0.03800681233406067,0.5180882215499878,-0.602785050868988
-0.5685192942619324,1.5055783987045288,0.43310680985450745,0.7227723002433777,-0.05676625669002533,-0.5559016466140747,-0.40663400292396545,-3.9480769634246826,-4.355169773101807,-5.086995601654053,1.0157105922698975,-1.032935380935669,-0.6256115436553955,-1.3891619443893433
-0.5621916651725769,1.5135465860366821,0.4301392138004303,0.9222884178161621,-0.27341747283935547,-0.26288023591041565,-0.07430310547351837,-3.691221237182617,-4.141616344451904,-5.305816173553467,-1.9905048608779907,0.9997033476829529,1.4362866878509521,0.5301042795181274
-0.549100935459137,1.5219743251800537,0.4224514663219452,0.6127373576164246,-0.3300333023071289,-0.37877726554870605,-0.6100481152534485,-4.149044990539551,-4.833308219909668,-5.447551727294922,1.9601441621780396,-0.9099950790405273,-0.29109594225883484,-1.2496496438980103
-0.41241276264190674,1.555181860923767,0.4404364824295044,0.747829794883728,0.5565920472145081,0.34493476152420044,0.10943455249071121,-2.968907594680786,-4.060577392578125,-4.548052787780762,-2.893733501434326,1.4224663972854614,1.4218841791152954,1.1331026554107666
-0.41196855902671814,1.5636144876480103,0.43699052929878235,0.5232312679290771,-0.24881255626678467,-0.7441729307174683,-0.3324574828147888,-3.7394704818725586,-4.456405162811279,-4.682328701019287,-0.05246066302061081,-0.7004708051681519,-0.1168719083070755,-1.3859809637069702
-0.3459523618221283,1.5680357217788696,0.4486207962036133,0.7395208477973938,0.634912371635437,-0.10267351567745209,0.19862867891788483,-3.2660276889801025,-3.4023189544677734,-4.889710426330566,-2.0799288749694824,0.46423274278640747,0.7324065566062927,0.2939845323562622
-0.45747774839401245,1.5620945692062378,0.4756159484386444,0.6921688318252563,0.6190379858016968,0.30076703429222107,-0.21733249723911285,-3.100619316101074,-3.9370241165161133,-4.9890875816345215,-0.8978353142738342,-0.1483428031206131,0.32866784930229187,-0.40929171442985535
-0.40804070234298706,1.5623507499694824,0.4541241526603699,0.8721786737442017,0.44737672805786133,0.03274690359830856,0.19515664875507355,-3.871842622756958,-4.4436421394348145,-4.9564666748046875,0.5288450717926025,-1.3629275560379028,-0.8290939927101135,-1.5779846906661987
-0.3089821934700012,1.5703163146972656,0.46635907888412476,0.5241720080375671,-0.22971267998218536,-0.8000578284263611,-0.179953470826149,-4.322829246520996,-5.0245442390441895,-5.506486415863037,0.554591178894043,-1.0277915000915527,-0.27063262462615967,-1.6853156089782715
-0.019865132868289948,1.5385711193084717,0.32713237404823303,-0.429061621427536,-0.30756476521492004,0.8243078589439392,0.2045154720544815,-3.441235303878784,-3.8769261837005615,-4.982635021209717,-0.3157597482204437,-1.6113168001174927,-1.6373330354690552,-1.7488372325897217
-0.539901852607727,1.4607510566711426,0.49161115288734436,0.7461734414100647,0.6205226182937622,-0.0074709272012114525,0.24108311533927917,-3.058683156967163,-4.150871276855469,-4.729066371917725,-1.7204827070236206,-1.5276858806610107,-1.4456382989883423,-1.7485592365264893
-0.482754111289978,1.4936386346817017,0.49703478813171387,0.5021592974662781,-0.34763553738594055,-0.7902194857597351,0.05038628354668617,-3.956273078918457,-4.435058116912842,-5.661314010620117,1.1951857805252075,-0.7525310516357422,-0.048077404499053955,-1.4489692449569702
-0.48681730031967163,1.4929698705673218,0.5000705718994141,-0.48156455159187317,-0.003815970616415143,0.8711913824081421,0.09542878717184067,-3.41922926902771,-3.946241855621338,-5.000614643096924,-1.8216148614883423,-1.4497383832931519,-1.125738263130188,-1.7162002325057983
-0.5090572237968445,1.494976282119751,0.5449602007865906,0.6517269015312195,0.5892003774642944,0.30841773748397827,0.3646552562713623,-3.4732308387756348,-4.4669671058654785,-5.319753646850586,0.5848614573478699,-0.8114502429962158,-0.29554927349090576,-1.3508269786834717
-0.42717617750167847,1.5367186069488525,0.5595681071281433,0.7668139934539795,0.5632497668266296,-0.04050745815038681,0.3051314353942871,-2.533137083053589,-3.928071975708008,-4.6805243492126465,-0.8125889301300049,-0.19529752433300018,0.49856531620025635,-1.1244200468063354
-0.4932229220867157,1.4911088943481445,0.5123879909515381,-0.4184166491031647,0.22267813980579376,0.7904846668243408,0.3879122734069824,-3.6383392810821533,-3.679483652114868,-5.2912139892578125,-2.0046796798706055,1.1119970083236694,1.6509714126586914,-1.0210195779800415
-0.4747640788555145,1.5552326440811157,0.530430257320404,0.6387209892272949,-0.21637733280658722,-0.592583179473877,-0.4405241012573242,-3.361067533493042,-3.9706411361694336,-4.564802169799805,-1.9222360849380493,0.7749512791633606,1.2997193336486816,0.14245933294296265
-0.40708816051483154,1.5508819818496704,0.5666041374206543,0.8225462436676025,0.5406275391578674,0.008642736822366714,0.17625203728675842,-2.6958847045898438,-3.69760799407959,-4.886106491088867,-2.304629325866699,-1.4442520141601562,-1.0911811590194702,-1.6566694974899292
-0.37528854608535767,1.5688008069992065,0.5651205778121948,-0.4389060437679291,0.7102543711662292,0.4223276972770691,0.35290154814720154,-4.151742458343506,-4.955592632293701,-5.406704902648926,-0.7192083597183228,1.14368736743927,1.4848527908325195,1.409989595413208
0.13622573018074036,0.8792130351066589,0.10953819751739502,0.7613490223884583,0.2681930661201477,-0.575035810470581,0.13324375450611115,-3.039016008377075,-3.7760469913482666,-4.235548973083496,-0.9557767510414124,-0.6345636248588562,0.09342186897993088,-1.0578804016113281
0.1312015801668167,0.8781167268753052,0.06834052503108978,0.7273571491241455,0.6554940938949585,0.060451094061136246,-0.19397090375423431,-3.1347005367279053,-3.827692985534668,-4.105111122131348,-1.3797675371170044,1.594904899597168,1.553362250328064,1.5474156141281128
0.10814101248979568,0.8922256231307983,0.061525940895080566,0.30695897340774536,0.4869217276573181,0.7815602421760559,0.24051398038864136,-3.2076027393341064,-3.836092472076416,-4.977749824523926,0.746967077255249,-1.5090376138687134,-1.4992884397506714,-1.670657753944397
0.09624785929918289,0.9884143471717834,0.04323096573352814,0.8179998397827148,-0.23153747618198395,-0.4524628520011902,0.26934000849723816,-3.6470768451690674,-4.09476900100708,-5.080512046813965,-1.059094786643982,-0.8962092995643616,-0.3472727835178375,-1.4578107595443726
0.17470917105674744,0.928920328617096,0.06628119200468063,0.32965919375419617,0.3692418336868286,0.8278741836547852,0.2638363540172577,-3.0892252922058105,-3.830897331237793,-4.015652656555176,-2.4870288372039795,-1.4850654602050781,-0.9512147903442383,-1.7681435346603394
0.17357522249221802,0.8752339482307434,0.12298502773046494,-0.39754626154899597,0.4260130822658539,0.1767301708459854,0.7932441234588623,-2.8780360221862793,-3.7296335697174072,-4.703120708465576,-1.8128663301467896,1.2056697607040405,1.4492052793502808,0.5841064453125
0.04929927736520767,0.9131226539611816,0.12312976270914078,0.5476737022399902,0.43548867106437683,0.5550779700279236,0.4497683346271515,-2.926584243774414,-4.019641399383545,-4.4040679931640625,0.7104142308235168,-1.3732901811599731,-1.248896598815918,-1.7600595951080322
0.020669883117079735,0.8352949023246765,0.13733655214309692,0.35386812686920166,0.6593983769416809,0.44698119163513184,0.4900805950164795,-3.5902929306030273,-4.442099571228027,-5.321430206298828,1.477583885192871,0.8862892389297485,0.8301393985748291,0.5353763103485107
0.016544705256819725,0.951553463935852,0.12043849378824234,0.5840124487876892,0.4011194407939911,0.557770311832428,0.4323481023311615,-3.5754802227020264,-4.270976543426514,-5.097270965576172,16.11809539794922,1.732309103012085,1.6439706087112427,1.3646764755249023
0.19864322245121002,0.8191612362861633,0.11373516917228699,-0.3894537687301636,0.35167670249938965,0.851256251335144,-0.003465532325208187,-3.2186977863311768,-3.4556000232696533,-4.205914497375488,-0.42067956924438477,0.8452709913253784,1.4999487400054932,-1.4781488180160522
0.21781466901302338,0.8295956254005432,0.1610122174024582,0.6607627868652344,-0.015980344265699387,-0.7208115458488464,0.20872926712036133,-3.641268253326416,-4.677107334136963,-4.889293670654297,-0.7567318677902222,1.5483920574188232,1.5498433113098145,1.62050461769104
0.24466609954833984,0.8589142560958862,0.13372960686683655,0.9719521999359131,0.003435838036239147,0.14616696536540985,-0.1842072457075119,-2.977957010269165,-4.107429027557373,-4.58978271484375,-1.7028523683547974,-1.752896785736084,-1.550641417503357,-1.7724539041519165
0.02392319031059742,0.9707526564598083,0.1215548887848854,0.5106977820396423,0.5006791949272156,0.4796779453754425,0.5083474516868591,-2.9095022678375244,-4.20685338973999,-4.9379377365112305,0.16909492015838623,1.210747480392456,1.082144856452942,0.611982524394989
0.03338688984513283,0.9270634055137634,0.12712545692920685,0.9357349276542664,-0.12889261543750763,-0.3067156970500946,0.1170998215675354,-3.156076431274414,-3.404221296310425,-4.1664652824401855,-1.0444480180740356,-0.7175303101539612,-0.6220539212226868,-1.2828119993209839
0.02156752347946167,1.011167049407959,0.10597039759159088,0.50104820728302,0.4921955168247223,0.4002263844013214,0.5886536240577698,-3.3228883743286133,-4.309354305267334,-4.918073654174805,0.3646264970302582,1.652315378189087,1.5573935508728027,1.249938726425171
0.03376399725675583,0.9975171685218811,0.11052622646093369,0.558262825012207,0.5149981379508972,0.546227753162384,0.35320642590522766,-3.0627779960632324,-4.0073347091674805,-4.713992118835449,-0.14072781801223755,0.23859219253063202,0.12056154012680054,-1.231343388557434
0.10487566888332367,0.982919454574585,0.07162143290042877,0.5995923280715942,0.3397035300731659,0.5104723572731018,0.5143039226531982,-3.199915647506714,-4.4596967697143555,-5.515892028808594,-2.108511209487915,-1.6700359582901,-1.4766185283660889,-1.7724539041519165
0.14643260836601257,0.8819282054901123,0.1699184626340866,0.6137076616287231,-0.2956468462944031,-0.3866795599460602,-0.621638834476471,-4.043303966522217,-4.714909553527832,-5.40500020980835,-1.407294750213623,1.6078358888626099,1.6982147693634033,1.6709938049316406
0.23107898235321045,0.8885036110877991,0.2198166400194168,0.7861505746841431,0.56685870885849,0.09414997696876526,-0.22753961384296417,-3.1523284912109375,-4.199710845947266,-4.797389030456543,-0.9104342460632324,-0.07494724541902542,1.0110080242156982,-1.639461874961853
0.3414895534515381,0.859096109867096,0.15088142454624176,0.5122986435890198,0.004497789312154055,-0.8121517896652222,0.27917614579200745,-2.8312981128692627,-3.1639010906219482,-3.9291088581085205,-1.5438352823257446,-1.357579231262207,-0.6525743007659912,-1.7724539041519165
0.3786965012550354,0.8119617700576782,0.2117546796798706,0.6512207388877869,-0.6091541051864624,-0.31342223286628723,-0.3265107572078705,-2.762087106704712,-4.0800323486328125,-4.6861371994018555,-2.793552875518799,1.3909800052642822,1.654711127281189,0.5487653613090515
0.34731894731521606,0.8051720857620239,0.20015032589435577,0.666919469833374,-0.450540691614151,-0.4045802354812622,-0.43421921133995056,-3.1516544818878174,-4.02642822265625,-4.492635250091553,-1.8447493314743042,1.5988770723342896,1.7224503755569458,1.6573920249938965
0.35484087467193604,0.8068472146987915,0.21641351282596588,0.7531865835189819,-0.4532877802848816,-0.35058555006980896,-0.3230014443397522,-3.211733102798462,-3.5991151332855225,-4.819669246673584,-1.3185834884643555,0.04394445940852165,0.8507384061813354,-0.5835510492324829
0.11925514042377472,1.0428003072738647,0.08552786707878113,0.6958796977996826,-0.09940901398658752,-0.7026419639587402,0.11028864979743958,-3.5399398803710938,-4.590599060058594,-5.4133992195129395,-0.9920575618743896,-1.4632407426834106,-1.2185935974121094,-1.767275333404541
0.1022799164056778,1.0169917345046997,0.05816071480512619,-0.17890001833438873,0.7135798931121826,0.6308821439743042,-0.2465485781431198,-3.9351413249969482,-5.2087202072143555,-5.4520697593688965,16.11809539794922,0.6408209204673767,0.34316790103912354,-0.23297812044620514
0.10669077187776566,1.0739246606826782,0.05639442428946495,0.5535043478012085,0.4121585786342621,0.45532310009002686,0.5625292062759399,-3.192781448364258,-4.870368957519531,-5.421069622039795,-0.7035437226295471,-1.326383113861084,-1.3572527170181274,-1.6941882371902466
0.03654329106211662,1.1269282102584839,0.08364766836166382,0.5695104002952576,0.45432841777801514,0.4377117455005646,0.5269269943237305,-2.954869031906128,-4.131740570068359,-4.8809638023376465,0.6501478552818298,1.373942255973816,1.19712495803833,0.13645857572555542
0.1163635104894638,1.0439459085464478,0.09577332437038422,0.7083792090415955,0.018352791666984558,-0.6868116855621338,0.16171519458293915,-3.536099672317505,-4.209091663360596,-5.328061580657959,-1.752773404121399,0.05259569361805916,0.5677071213722229,-1.692226767539978
0.09815617650747299,1.085607647895813,0.052442919462919235,0.6188778281211853,0.39533358812332153,0.47847023606300354,0.48142269253730774,-3.5786144733428955,-5.430113315582275,-5.963336944580078,-1.3066757917404175,1.7724539041519165,1.750040054321289,1.6674200296401978
0.10604539513587952,1.1194512844085693,0.047780971974134445,-0.1682329773902893,0.7022514343261719,0.646677553653717,-0.24565976858139038,-3.014444589614868,-5.556427001953125,-5.582283973693848,0.6725799441337585,0.03722191974520683,-0.22591912746429443,-0.8944690823554993
0.16118159890174866,1.0609936714172363,0.14234381914138794,0.8989989161491394,0.2170426994562149,-0.15251357853412628,0.34847238659858704,-2.5609238147735596,-3.749037742614746,-4.065727233886719,-3.718224287033081,1.7277365922927856,1.7083618640899658,0.389823853969574
0.025498228147625923,1.1044061183929443,0.09962081164121628,0.5683384537696838,0.4510885775089264,0.38483747839927673,0.5704477429389954,-3.4810800552368164,-4.36083459854126,-5.0733513832092285,1.826798677444458,1.7511547803878784,1.7309728860855103,1.6511248350143433
0.055809710174798965,1.1184742450714111,0.10201936215162277,0.3557128310203552,0.6184965968132019,0.620434045791626,0.3255639970302582,-3.1466684341430664,-4.281649589538574,-4.661444664001465,16.11809539794922,-1.253331184387207,-1.25286066532135,-1.721748948097229
0.031126752495765686,1.1706736087799072,0.06857780367136002,-0.10658519715070724,0.7427144646644592,0.6169385313987732,-0.23749041557312012,-3.142028331756592,-4.669936656951904,-5.55250883102417,0.08060047775506973,1.6283899545669556,1.580672264099121,1.2312841415405273
0.04020477831363678,1.1193428039550781,0.11243387311697006,0.6552194356918335,0.22451569139957428,0.4055759310722351,0.5964800119400024,-2.5898959636688232,-4.180967807769775,-4.607914447784424,0.005531538277864456,-0.38597092032432556,-0.48310521245002747,-1.436409592628479
0.026488808915019035,1.1790003776550293,0.09397273510694504,0.42171022295951843,0.5657534599304199,0.5158818364143372,0.48574623465538025,-3.5915982723236084,-4.538991451263428,-5.45958137512207,0.7866999506950378,1.7291136980056763,1.6904484033584595,1.5561254024505615
0.09717442840337753,1.2173914909362793,0.03651592507958412,0.41596707701683044,0.5124253034591675,0.6817651391029358,0.3155757188796997,-3.0752711296081543,-4.868006229400635,-5.264847755432129,-0.7163004279136658,1.7115097045898438,1.6988253593444824,1.5260528326034546
0.11011337488889694,1.205839991569519,0.04134165123105049,0.36878809332847595,0.5496286749839783,0.6541706919670105,0.3660113513469696,-3.199070453643799,-4.825078964233398,-5.25848913192749,-1.0960222482681274,-1.620582103729248,-1.6238559484481812,-1.7724539041519165
0.10928310453891754,1.2045542001724243,0.04579007998108864,0.5278502106666565,0.4669499397277832,0.5721564292907715,0.41948649287223816,-3.479746103286743,-5.109648704528809,-5.315803050994873,1.9300775527954102,-0.47291553020477295,-0.6052383780479431,-1.2075477838516235
0.215013787150383,1.1830792427062988,0.061960093677043915,-0.27901071310043335,0.32175108790397644,0.895115315914154,-0.13190065324306488,-2.944793224334717,-5.294034004211426,-6.074339866638184,1.6017390489578247,0.4064578711986542,1.1815885305404663,-1.2963002920150757
0.034282196313142776,1.0156275033950806,0.12044995278120041,0.6470009684562683,0.3924071192741394,0.5659354329109192,0.32729724049568176,-3.362630844116211,-4.102943420410156,-4.896695613861084,1.243091344833374,-0.03454294800758362,-0.08306092023849487,-0.6854937672615051
0.034232545644044876,1.1384141445159912,0.12433987855911255,0.315785676240921,0.5892173051834106,0.7274842262268066,0.15449628233909607,-3.8087847232818604,-5.397468090057373,-5.64877986907959,-0.8463566899299622,0.09844605624675751,0.004070477560162544,-0.20898409187793732
0.3595689833164215,1.0370028018951416,0.13289706408977509,0.8587274551391602,0.49751588702201843,-0.049513138830661774,0.11230996996164322,-2.6979739665985107,-3.223677396774292,-4.003390312194824,-2.7936530113220215,1.6762853860855103,1.7210201025009155,1.445449709892273
0.4803231358528137,1.0090131759643555,0.041506312787532806,-0.3667897880077362,0.34683743119239807,0.8568480610847473,0.1047876626253128,-3.453111171722412,-3.8170907497406006,-4.7211527824401855,-0.5880858898162842,0.8879651427268982,1.596684455871582,-1.7006548643112183
0.5328748226165771,1.001721978187561,0.04143306240439415,-0.041455287486314774,0.6907634139060974,0.5476624965667725,0.4703117609024048,-3.286653995513916,-4.423691749572754,-4.969473838806152,-0.30734166502952576,-1.729077696800232,-1.3153284788131714,-1.7724539041519165
0.5191197395324707,1.0543839931488037,0.09243910759687424,-0.02785329893231392,0.6468204855918884,0.5524358153343201,0.5250353813171387,-3.2320215702056885,-4.831847667694092,-5.6146087646484375,16.11809539794922,-1.49565851688385,-0.47620177268981934,-1.7724539041519165
0.6486358046531677,0.9460914134979248,0.09171251952648163,0.5413260459899902,0.7251764535903931,-0.42053303122520447,0.06509355455636978,-2.9920289516448975,-3.8380630016326904,-5.43099308013916,-0.46084943413734436,-0.3598600924015045,0.19882705807685852,-0.5062798857688904
0.4476090371608734,1.0416841506958008,0.08594538271427155,0.6061041951179504,-0.11229989677667618,-0.7774601578712463,0.12482859939336777,-2.986835479736328,-3.7620766162872314,-5.491820335388184,-2.8020355701446533,0.49492374062538147,1.24479079246521,0.07831741869449615
0.437234491109848,1.0549802780151367,0.16050727665424347,-0.4179711639881134,0.2588214874267578,0.6993778944015503,0.5188276171684265,-2.5857439041137695,-3.572221040725708,-4.383853435516357,-1.6450763940811157,-1.5359523296356201,-1.2278000116348267,-1.7663885354995728
0.4929051995277405,1.1782033443450928,0.10826748609542847,0.19726170599460602,0.6356313824653625,0.5764679908752441,0.47407296299934387,-2.551544189453125,-4.458747386932373,-4.973556041717529,-1.3556374311447144,0.22092658281326294,1.0930410623550415,-1.7455918788909912
0.5346502065658569,1.2405399084091187,0.10312596708536148,-0.25513744354248047,0.37064823508262634,0.8760789632797241,0.17323504388332367,-2.5348377227783203,-3.404660701751709,-4.657680511474609,-2.403376340866089,1.3733227252960205,1.721552848815918,-1.7353945970535278
0.4992234408855438,1.1311404705047607,0.08514376729726791,0.14941899478435516,0.6159583330154419,0.6004336476325989,0.4875949025154114,-3.326394557952881,-4.703986167907715,-5.640391826629639,7.270331382751465,-1.386389970779419,-0.4839518964290619,-1.7724539041519165
0.48552820086479187,1.2216384410858154,0.12753449380397797,0.06654507666826248,0.6496343016624451,0.6521005630493164,0.38511285185813904,-3.055108070373535,-5.114965915679932,-6.046004295349121,0.7753053903579712,-1.0378637313842773,-0.0989617332816124,-1.7724539041519165
0.49672389030456543,1.14960777759552,0.18742163479328156,0.650843620300293,-0.014867284335196018,-0.5605104565620422,0.5118686556816101,-2.785886287689209,-5.555509090423584,-5.778439044952393,-1.101039171218872,1.7341228723526,1.7724539041519165,-1.7724539041519165
0.49230778217315674,1.1361430883407593,0.18223658204078674,0.29297488927841187,0.6867291927337646,0.5007646083831787,0.4379538297653198,-2.925140857696533,-3.4383716583251953,-4.145068168640137,-1.6542410850524902,-1.238040566444397,-0.4756225645542145,-1.7724539041519165
0.03697987273335457,0.7777428030967712,0.16990551352500916,0.9080305695533752,-0.2726125419139862,-0.31804683804512024,-0.003018089337274432,-3.8460774421691895,-4.81902551651001,-5.36754846572876,-1.4295153617858887,-1.6842212677001953,-0.10709088295698166,-1.7724539041519165
0.07491220533847809,0.8168405890464783,0.20991358160972595,0.8081156015396118,-0.10437598824501038,-0.5131829380989075,0.26962578296661377,-3.1301956176757812,-4.02828311920166,-4.421154022216797,-2.111163377761841,1.0615087747573853,1.2589941024780273,1.0466318130493164
0.1837722212076187,0.8073040246963501,0.1998549848794937,0.7339275479316711,-0.4165208339691162,-0.44948065280914307,-0.2929639220237732,-3.4061388969421387,-3.922070264816284,-4.2992472648620605,-1.1786936521530151,1.5839979648590088,1.7005695104599,1.479620337486267
0.19125209748744965,0.8296882510185242,0.17288963496685028,0.9367834329605103,0.3228633403778076,-0.04412557929754257,-0.12747153639793396,-3.500779151916504,-3.8294312953948975,-4.4563422203063965,0.31380659341812134,0.015208657830953598,1.1329289674758911,-1.7303855419158936
0.13910333812236786,0.8880084753036499,0.22708940505981445,0.5288056135177612,-0.6479630470275879,-0.517225980758667,-0.1816200166940689,-3.720550060272217,-3.9486401081085205,-4.761613845825195,-0.4171361029148102,-1.4957740306854248,-0.9740373492240906,-1.7723000049591064
0.09644234925508499,0.7815061211585999,0.22323839366436005,0.3944816291332245,0.5552958250045776,0.56904137134552,0.4606764018535614,-2.4464681148529053,-4.55764627456665,-5.583038806915283,0.7547066807746887,-0.4906885623931885,-0.4647810161113739,-0.9233013987541199
0.221167653799057,0.8823415040969849,0.21008853614330292,0.9720587730407715,0.14386115968227386,0.16096891462802887,-0.09216685593128204,-3.204643964767456,-3.956390380859375,-4.665099143981934,-0.9647013545036316,0.9400238394737244,1.4454104900360107,-0.5638655424118042
0.21442553400993347,0.8060613870620728,0.259663462638855,0.524680495262146,-0.1681225299835205,-0.40345221757888794,-0.7305282354354858,-3.262305736541748,-3.6812551021575928,-3.9997918605804443,0.506874680519104,-1.1225723028182983,-0.30181795358657837,-1.7593380212783813
0.08952759951353073,0.9178508520126343,0.23412178456783295,0.671188473701477,0.29480528831481934,0.3338509202003479,0.5925701856613159,-3.2627053260803223,-4.314606189727783,-4.960142135620117,-0.28872624039649963,0.4720440208911896,0.34351423382759094,-0.27698320150375366
0.08658094704151154,0.9196009635925293,0.23007610440254211,0.6297987699508667,0.2659558355808258,0.289474219083786,0.6699445247650146,-3.5916097164154053,-4.501397609710693,-4.850950717926025,-0.5290769338607788,1.5554859638214111,1.425370216369629,1.0731642246246338
0.10066086798906326,0.9064511656761169,0.2333356738090515,0.3198401629924774,0.57848060131073,0.6120142340660095,0.4341670274734497,-3.471959114074707,-4.543023586273193,-4.910569190979004,0.08966138958930969,-1.5291813611984253,-1.5396815538406372,-1.7506147623062134
0.1488361954689026,0.82445228099823,0.259836345911026,0.6451996564865112,0.15298773348331451,0.4409335255622864,0.6048882603645325,-3.387740135192871,-4.1944355964660645,-4.978226184844971,-0.1289718896150589,-0.3572123944759369,0.4774814546108246,-0.37692415714263916
0.07298240810632706,1.01303231716156,0.2327488362789154,0.5181403756141663,0.3987095057964325,0.4035174548625946,0.6401054263114929,-3.2968437671661377,-4.718384265899658,-5.299912452697754,16.11809539794922,1.7331985235214233,1.6769658327102661,1.5305047035217285
0.08733941614627838,0.9364163875579834,0.23812589049339294,0.5124749541282654,0.35780054330825806,0.44426554441452026,0.6418538689613342,-3.3812403678894043,-4.665145397186279,-4.7714128494262695,16.11809539794922,-0.5213449597358704,-0.4486485421657562,-1.1333378553390503
0.1439465880393982,0.8696342706680298,0.23088335990905762,0.6270747780799866,-0.2124253511428833,-0.7440553307533264,0.08963458985090256,-4.343963146209717,-4.554351329803467,-4.8703131675720215,0.912497878074646,-1.535226821899414,-1.1604039669036865,-1.6618409156799316
0.13248714804649353,0.8226636052131653,0.29515329003334045,0.6491612195968628,-0.1701185405254364,-0.6702276468276978,0.31692951917648315,-3.256253719329834,-4.030219078063965,-4.388333320617676,-0.24770566821098328,-1.066987156867981,-0.2707747519016266,-1.7563084363937378
0.10488680750131607,0.8526428937911987,0.30309879779815674,0.7902112007141113,-0.3565405309200287,-0.41466763615608215,-0.27657878398895264,-3.4447381496429443,-4.201668739318848,-4.729736328125,-1.4094680547714233,1.6767877340316772,1.6785191297531128,1.5675733089447021
0.1206970289349556,0.844729483127594,0.30564215779304504,0.5462060570716858,-0.35445889830589294,-0.6332733631134033,-0.41830936074256897,-3.794238567352295,-4.654500961303711,-5.061115741729736,-0.7396264672279358,0.5829780101776123,1.32070791721344,-1.6798604726791382
0.17187456786632538,0.8123466968536377,0.2539667785167694,-0.10448693484067917,0.5036597847938538,0.8547839522361755,-0.06894684582948685,-3.5404062271118164,-4.176518440246582,-4.945239543914795,-3.0749869346618652,1.500210165977478,1.6864973306655884,-0.6624948978424072
0.14673136174678802,0.8126704096794128,0.36844977736473083,-0.2992773652076721,0.46190911531448364,0.599240243434906,0.5813640356063843,-2.8630125522613525,-3.459371328353882,-4.517843723297119,0.09335269778966904,-1.6030666828155518,-0.9506247043609619,-1.7690858840942383
0.04529331251978874,0.8424384593963623,0.3262215554714203,0.653723955154419,-0.2544206380844116,-0.6776674389839172,-0.22063982486724854,-4.120089530944824,-4.768249034881592,-5.530520915985107,-0.8337733745574951,0.6733973622322083,1.4421141147613525,0.989179790019989
0.036320339888334274,0.8437485694885254,0.3629225790500641,0.5700005888938904,-0.19083838164806366,-0.7368740439414978,-0.3093487322330475,-3.154845952987671,-4.382091522216797,-5.17948055267334,-2.101914644241333,-0.05073031410574913,0.6580216884613037,0.11250066757202148
0.14833825826644897,0.8203274607658386,0.30035972595214844,0.5498500466346741,0.8209823966026306,0.08107377588748932,-0.13068978488445282,-3.347538948059082,-3.7178587913513184,-4.357810974121094,-0.9944647550582886,-1.758978009223938,-1.7399201393127441,-1.7724539041519165
0.2054755985736847,0.7949519753456116,0.31089136004447937,0.7053055763244629,0.6022078394889832,-0.22201257944107056,0.30099859833717346,-2.893583059310913,-4.4779534339904785,-5.147566795349121,-2.0681633949279785,0.8829370141029358,1.0410635471343994,1.1103814840316772
0.29943907260894775,0.7785426378250122,0.26575857400894165,0.7655751705169678,0.5951183438301086,-0.12571562826633453,-0.2095814198255539,-3.5000932216644287,-4.704600811004639,-6.362062931060791,-2.11848521232605,1.3558367490768433,1.6646239757537842,0.5425857901573181
0.08727280050516129,1.0009934902191162,0.24248714745044708,0.47956350445747375,0.43548494577407837,0.48064008355140686,0.5910641551017761,-3.5161454677581787,-4.576150417327881,-4.827727794647217,2.0905768871307373,-1.4564259052276611,-1.4720503091812134,-1.6983336210250854
0.0679042711853981,1.0630420446395874,0.25613489747047424,0.5780912637710571,0.30918753147125244,0.34318703413009644,0.6726338267326355,-3.2416458129882812,-4.513297080993652,-5.066051959991455,0.527459979057312,-0.1435975432395935,-0.25983694195747375,-0.6379766464233398
0.0663188248872757,1.1289496421813965,0.25869888067245483,0.5904147624969482,0.2947942614555359,0.2851559519767761,0.6951206922531128,-2.781442880630493,-4.6372833251953125,-5.431055068969727,16.11809539794922,-1.2247062921524048,-1.2400480508804321,-1.7226992845535278
0.06922625005245209,1.0610344409942627,0.2540932595729828,0.3471226096153259,0.5498400330543518,0.607333242893219,0.4564298391342163,-2.9274184703826904,-4.5963616371154785,-4.967945575714111,3.7468886375427246,-0.7776130437850952,-0.7296267151832581,-1.4827351570129395
0.05470365285873413,1.11129891872406,0.2527826726436615,0.522357165813446,0.4119754433631897,0.4447581470012665,0.59967440366745,-3.199028253555298,-4.8276143074035645,-5.297708511352539,-0.7568163275718689,1.142743468284607,0.8865832686424255,0.43219053745269775
0.05952293798327446,1.092302680015564,0.25824740529060364,0.36035898327827454,0.5321439504623413,0.5508100390434265,0.532515287399292,-3.756216526031494,-4.656014442443848,-5.37631368637085,1.867471694946289,0.03200823441147804,-0.16188637912273407,-0.5974624752998352
0.05384380742907524,1.1377557516098022,0.24921555817127228,0.5115938782691956,0.37979960441589355,0.37983420491218567,0.6706339716911316,-2.9837582111358643,-4.702338695526123,-5.112614631652832,-0.03422033414244652,1.7216609716415405,1.6046175956726074,1.3255828619003296
0.05037647485733032,1.1785465478897095,0.26474058628082275,0.47698068618774414,0.438990980386734,0.4694768190383911,0.5994729995727539,-3.2763404846191406,-4.624258041381836,-4.973304271697998,2.2221643924713135,0.1343255639076233,0.018165118992328644,-0.5826650261878967
0.6500102877616882,0.9467506408691406,0.05544062331318855,0.1623511165380478,0.7887037992477417,0.592639684677124,-0.019147545099258423,-3.4300153255462646,-4.261174201965332,-5.2788848876953125,-2.1539344787597656,1.0738993883132935,1.5292186737060547,-1.7000281810760498
0.6551854610443115,0.9504728317260742,0.0916561558842659,0.6374211311340332,-0.557542622089386,-0.10747326910495758,-0.5208551287651062,-3.0574002265930176,-4.405925273895264,-5.069190979003906,0.7739518880844116,-1.4964889287948608,-0.6801489591598511,-1.7578613758087158
0.7118185758590698,0.8749488592147827,0.17785507440567017,0.13746917247772217,0.7805200815200806,0.5111721754074097,0.33255618810653687,-2.9896199703216553,-3.7177131175994873,-3.993849754333496,-0.007696331478655338,-1.6497161388397217,-0.8739967942237854,-1.7724539041519165
0.7330509424209595,0.8387845158576965,0.178238183259964,0.06833834201097488,0.7963115572929382,0.5277926325798035,0.28749391436576843,-3.031585216522217,-4.076564311981201,-4.581792831420898,-0.5409170389175415,0.13131453096866608,0.6433318257331848,-1.6846144199371338
0.8182468414306641,0.9580187201499939,0.10286066681146622,0.6481428742408752,0.36120298504829407,0.37704211473464966,0.5543306469917297,-2.6916093826293945,-4.014136791229248,-5.524828910827637,-1.7221004962921143,1.7500633001327515,1.6417187452316284,0.8941445350646973
0.7222272753715515,0.8834391236305237,0.16121958196163177,0.6847825050354004,0.6307700872421265,0.10675767064094543,0.3490053713321686,-3.387096643447876,-3.5116729736328125,-4.058952331542969,-2.2905311584472656,1.2421231269836426,1.7426414489746094,-1.7724539041519165
0.7565577626228333,0.8859567642211914,0.23429729044437408,-0.46453800797462463,0.31781768798828125,0.8261796832084656,0.0249696746468544,-3.2268073558807373,-3.7522518634796143,-4.487438201904297,-0.479163259267807,-1.7174357175827026,-1.4085729122161865,-1.7724539041519165
0.7070590257644653,0.997434139251709,0.129226416349411,0.663750171661377,-0.42290300130844116,-0.5869269371032715,-0.1900145411491394,-3.3388442993164062,-4.245736598968506,-4.449608325958252,0.3811992108821869,-1.235142707824707,-0.49180322885513306,-1.7700861692428589
0.8872842788696289,1.0484113693237305,0.08808313310146332,0.9660164713859558,-0.0457579679787159,0.23895946145057678,-0.08727426826953888,-2.6214182376861572,-3.2943687438964844,-3.9512197971343994,-2.279360055923462,-1.44546377658844,-1.121625542640686,-1.7510292530059814
0.569310188293457,1.2136913537979126,0.06293134391307831,-0.3038354814052582,0.39042744040489197,0.8627284169197083,0.10464257001876831,-3.050250768661499,-4.003208160400391,-4.5386643409729,-1.3343966007232666,-1.2459510564804077,-0.6080161333084106,-1.7724539041519165
0.6924566030502319,1.0056390762329102,0.12064562737941742,0.5423252582550049,-0.6869093179702759,-0.45354291796684265,-0.16833800077438354,-3.7073700428009033,-4.573535919189453,-5.70210599899292,-0.8664782643318176,1.0088436603546143,1.75467848777771,1.1832036972045898
0.7660304307937622,0.9501737356185913,0.17897212505340576,0.2417631447315216,0.492281049489975,0.8361524343490601,-0.007681271992623806,-3.277919292449951,-3.854574203491211,-4.641178131103516,-1.0292015075683594,-1.7043352127075195,-1.5734856128692627,-1.7724539041519165
0.8424319624900818,1.0410449504852295,0.13749264180660248,-0.4490763247013092,-0.14899839460849762,0.8801403045654297,-0.03850918263196945,-2.6570417881011963,-3.455822706222534,-3.9309918880462646,-2.3720667362213135,0.08419925719499588,0.7688187956809998,-0.8605955839157104
0.8370659351348877,1.1638072729110718,0.11033773422241211,0.4622516334056854,0.569688618183136,0.4892752170562744,0.4715803563594818,-2.793180465698242,-3.853959083557129,-4.6950883865356445,-0.882229208946228,1.5239083766937256,1.260891318321228,0.5451801419258118
0.8343828916549683,1.1636475324630737,0.12977218627929688,0.25213417410850525,0.5816952586174011,0.4428050220012665,0.6340210437774658,-3.1490049362182617,-3.5214221477508545,-4.304935455322266,-1.339723825454712,-0.36238598823547363,-0.1628723442554474,-1.6360868215560913
0.8156823515892029,1.1256802082061768,0.16727377474308014,0.7418186068534851,0.1854294091463089,-0.644424319267273,-0.006192011293023825,-3.030196189880371,-3.559807062149048,-4.364807605743408,-1.64461088180542,-0.9789490699768066,-0.26559752225875854,-1.7724539041519165
0.801476240158081,1.176397442817688,0.18356531858444214,-0.21695800125598907,0.43797966837882996,0.8563729524612427,-0.16651836037635803,-2.916872978210449,-3.6618926525115967,-4.44984769821167,-1.4936935901641846,1.049241065979004,0.9289597868919373,-0.424890398979187
0.8176370859146118,1.1193233728408813,0.18672087788581848,0.7580694556236267,0.24531930685043335,-0.5783292055130005,-0.17516987025737762,-3.4068779945373535,-3.9162490367889404,-4.390133380889893,-1.1000585556030273,-1.657631278038025,-1.3872283697128296,-1.7716889381408691
0.7661939859390259,0.8075398802757263,0.21601788699626923,0.8793481588363647,0.10739853978157043,-0.418903112411499,-0.19933021068572998,-3.3831095695495605,-3.562264919281006,-4.241035461425781,-0.8128918409347534,1.0035605430603027,0.7631215453147888,0.8825145959854126
0.7969737648963928,0.9161376953125,0.22067882120609283,0.22155828773975372,0.6828863620758057,0.6521478891372681,0.24347752332687378,-2.951353073120117,-4.248970031738281,-4.923233985900879,0.6527760624885559,-1.3975316286087036,-1.692868947982788,-1.7568250894546509
0.7763228416442871,0.8936348557472229,0.22142033278942108,0.6153185367584229,0.2689860463142395,0.4051467776298523,0.6203916072845459,-3.0471103191375732,-4.468657970428467,-4.62216854095459,-1.118118166923523,1.6952173709869385,1.5427788496017456,1.6068180799484253
0.7304180860519409,0.9435679316520691,0.24836421012878418,0.7649742364883423,-0.06636230647563934,-0.6259667277336121,0.13629423081874847,-3.28126859664917,-3.847632646560669,-4.9051313400268555,-0.3084923028945923,-0.9891948699951172,-0.27046313881874084,-1.7724539041519165
0.7196221947669983,0.9681012630462646,0.17856071889400482,0.01508632954210043,0.5103102922439575,0.7911883592605591,-0.33671465516090393,-3.653974771499634,-4.484771728515625,-5.628551483154297,-0.07307802140712738,0.062222354114055634,0.8133050799369812,-0.6598261594772339
0.7878620624542236,1.0500397682189941,0.20148871839046478,0.1863735467195511,0.7102670669555664,0.635373592376709,0.23892678320407867,-3.0360207557678223,-4.503178596496582,-4.947066307067871,0.14834891259670258,-0.6635075807571411,-0.9173116683959961,-1.6172800064086914
0.7606694102287292,0.9179062247276306,0.24136847257614136,-0.45696744322776794,0.1890537589788437,0.867811918258667,-0.0483928844332695,-3.2685608863830566,-3.7562460899353027,-4.501682758331299,-1.372084379196167,1.4680334329605103,1.3738175630569458,0.014095870777964592
0.8139427304267883,0.9036299586296082,0.23357485234737396,0.9660367369651794,-0.10182920098304749,-0.22893384099006653,0.0631912425160408,-2.61030650138855,-3.7488110065460205,-4.888635635375977,-1.8648096323013306,-0.0013315749820321798,-0.6796952486038208,-0.697978138923645
0.7327508926391602,0.943467915058136,0.30602702498435974,0.446576863527298,0.5808950662612915,0.12852884829044342,0.6682891249656677,-2.6979188919067383,-3.852665424346924,-4.307705402374268,-0.47958603501319885,-0.21105003356933594,0.5099356770515442,-1.7280654907226562
0.7322363257408142,0.9444637894630432,0.28251227736473083,0.31654560565948486,0.6579070687294006,0.45320478081703186,0.5114319324493408,-3.283435344696045,-4.108071327209473,-4.64292049407959,-1.1170599460601807,1.483888864517212,1.6752477884292603,1.2776751518249512
0.7506344318389893,1.0034825801849365,0.32826173305511475,0.7603332996368408,-0.19798921048641205,-0.5597138404846191,0.26346540451049805,-3.23991060256958,-4.0406694412231445,-5.0900349617004395,0.034503862261772156,-1.0847368240356445,-0.30795377492904663,-1.765106201171875
0.9200129508972168,0.9199361205101013,0.23530209064483643,0.20134393870830536,0.42330285906791687,0.8357760310173035,0.2859261929988861,-2.441240072250366,-3.5843420028686523,-4.314930438995361,-1.4324966669082642,-0.7398526668548584,-0.7960090041160583,-1.5671414136886597
0.9051104784011841,1.1072871685028076,0.26926371455192566,0.36758649349212646,0.5389501452445984,0.6116065979003906,0.4476050138473511,-2.5893452167510986,-4.165548324584961,-4.263339996337891,0.40326377749443054,-0.2030063420534134,-0.35803353786468506,-1.1050256490707397
1.055105209350586,1.1094744205474854,0.3340129852294922,0.532250702381134,0.43072235584259033,0.3345978260040283,0.6474810838699341,-2.2412405014038086,-5.074846267700195,-5.2838335037231445,-1.1676466464996338,1.7724539041519165,1.6919467449188232,1.5650172233581543
0.7839521169662476,1.0426026582717896,0.2070690393447876,0.255888432264328,0.6926912069320679,0.6350286602973938,0.22680093348026276,-3.0271010398864746,-4.172928333282471,-4.548250198364258,-1.0543676614761353,1.7143973112106323,1.4863028526306152,1.241636037826538
0.8037108778953552,1.0190132856369019,0.21180883049964905,0.32356593012809753,0.6864842176437378,0.5515962839126587,0.34610116481781006,-3.461684226989746,-4.122305393218994,-5.02060079574585,0.09084052592515945,-1.6385176181793213,-1.617186427116394,-1.7506842613220215
0.7953426837921143,1.1723517179489136,0.2005215585231781,0.46705132722854614,0.5158551931381226,0.5593491196632385,0.4504276514053345,-2.751559019088745,-4.486617088317871,-5.5241265296936035,1.4120218753814697,-1.5482850074768066,-1.4674521684646606,-1.7673633098602295
0.8558257818222046,1.1243116855621338,0.178011953830719,0.5822840332984924,0.3330362141132355,0.4212179183959961,0.6104159951210022,-3.1034293174743652,-4.733249187469482,-4.959395885467529,-1.2125369310379028,-1.3846558332443237,-1.167683720588684,-1.7724539041519165
0.7966217398643494,1.229784369468689,0.2069815993309021,-0.16542629897594452,0.6113062500953674,0.7386227250099182,-0.23103082180023193,-2.9958691596984863,-3.8608434200286865,-4.203597068786621,-0.06452567130327225,-1.3343403339385986,-1.0459284782409668,-1.707565188407898
0.8802822232246399,1.1685978174209595,0.2769734561443329,0.8847482800483704,-0.1659805029630661,-0.32948747277259827,0.28479626774787903,-2.6606812477111816,-3.201136827468872,-5.037790298461914,-1.9565662145614624,-1.6772385835647583,-1.4843734502792358,-1.7724539041519165
0.7555025219917297,1.0317989587783813,0.3786759376525879,0.6635136008262634,-0.4168238043785095,-0.6154327392578125,-0.08514771610498428,-3.3414127826690674,-3.963289260864258,-4.5412726402282715,-1.2775129079818726,1.0207773447036743,1.4398934841156006,0.12723012268543243
0.9271824955940247,1.0708754062652588,0.2818319797515869,0.34341317415237427,0.4940783679485321,0.6914789080619812,0.3997635841369629,-2.506938934326172,-3.3617825508117676,-3.9721319675445557,-1.936575174331665,1.500618577003479,1.489437222480774,0.27345937490463257
1.1645021438598633,1.027048110961914,0.18404148519039154,-0.001846345025114715,0.660246729850769,0.7459084987640381,-0.08770056813955307,-4.346341133117676,-5.977117538452148,-6.474621772766113,2.397646427154541,-0.3415448069572449,-0.6595869660377502,-0.9481730461120605
0.9055185914039612,1.1646353006362915,0.2701476514339447,0.3385457694530487,0.5414839386940002,0.30371758341789246,0.7070626020431519,-3.4704012870788574,-3.854997158050537,-4.753836154937744,0.16544276475906372,-1.1922564506530762,-1.2887003421783447,-1.7716724872589111
0.11090649664402008,1.2447727918624878,0.03207060694694519,0.43285998702049255,0.8201084733009338,0.0749518945813179,-0.3666558265686035,-4.124053955078125,-4.636320114135742,-4.764380931854248,-0.4567793309688568,-1.4706721305847168,-1.4793331623077393,-1.7695420980453491
0.08776313066482544,1.3013118505477905,0.015481611713767052,0.5992164611816406,0.27958163619041443,0.36638572812080383,0.6546260118484497,-3.928739070892334,-4.816339492797852,-5.353092670440674,0.6861257553100586,-1.2330942153930664,-1.246125340461731,-1.66780686378479
0.05563429743051529,1.2260019779205322,0.08907006680965424,0.5825730562210083,0.3459262549877167,0.5354425311088562,0.5042270421981812,-3.644577980041504,-4.134093761444092,-4.657582759857178,16.11809539794922,-1.117949366569519,-1.207038402557373,-1.6709697246551514
0.032724183052778244,1.254144549369812,0.07116144150495529,0.5367467403411865,0.4293319284915924,0.5249814987182617,0.5019675493240356,-3.375044822692871,-4.387611389160156,-4.803431034088135,2.5921976566314697,1.079262614250183,0.7752041220664978,-0.5637836456298828
0.027047373354434967,1.2017927169799805,0.08259937167167664,0.40503472089767456,0.5946406126022339,0.4443456828594208,0.5337661504745483,-4.158432483673096,-4.45833683013916,-5.467073440551758,16.11809539794922,1.5720521211624146,1.4792126417160034,1.1313645839691162
0.024615459144115448,1.2400017976760864,0.07760118693113327,0.6411194205284119,0.2361142635345459,-0.730201005935669,-0.004732104949653149,-4.195090293884277,-4.673530578613281,-5.466792583465576,0.6020120978355408,1.730276346206665,1.6822141408920288,1.4239245653152466
0.02905033715069294,1.2980480194091797,0.05352029576897621,-0.23427420854568481,0.5505854487419128,0.7553038597106934,-0.26737111806869507,-3.8899593353271484,-4.7515459060668945,-5.413547515869141,0.27717843651771545,1.6517022848129272,1.553986668586731,1.362569808959961
0.03645094856619835,1.2709733247756958,0.09872843325138092,0.38217347860336304,0.5669476389884949,0.6995315551757812,0.2077724039554596,-3.601428747177124,-4.727765083312988,-5.29472017288208,-0.7141561508178711,-0.21455927193164825,-0.3121192157268524,-0.6961135864257812
0.022356074303388596,1.2833174467086792,0.08361683785915375,0.39518478512763977,0.6367763876914978,0.4295213520526886,0.5038415193557739,-3.9470102787017822,-4.636281967163086,-5.722215175628662,-0.25025659799575806,1.7229139804840088,1.6720139980316162,1.5072333812713623
0.028983669355511665,1.2491860389709473,0.07992636412382126,0.44870322942733765,0.450703889131546,0.6282917261123657,0.44808584451675415,-3.7365825176239014,-4.94921875,-5.159614562988281,-0.09841739386320114,1.1646413803100586,0.9644560813903809,0.8224132657051086
0.09742917120456696,1.248367190361023,0.052177898585796356,0.6060562133789062,0.16159400343894958,0.4667155146598816,0.6235060691833496,-4.113070011138916,-5.164194107055664,-5.497715950012207,-2.5023066997528076,0.41435444355010986,0.5194797515869141,-0.16027794778347015
0.033749423921108246,1.3271669149398804,0.05488704517483711,0.6232380270957947,0.2707049250602722,0.3155704736709595,0.6623507142066956,-3.621488571166992,-4.363900184631348,-5.2239789962768555,0.027906790375709534,1.2520288228988647,0.9436267614364624,0.42688480019569397
0.021707242354750633,1.3396731615066528,0.053687624633312225,0.5115808248519897,0.3121872842311859,0.2895519733428955,0.7463135123252869,-4.033565521240234,-4.6057634353637695,-5.6056952476501465,-0.18934078514575958,1.7472549676895142,1.677412509918213,1.3100056648254395
0.051471881568431854,1.4345842599868774,0.06281426548957825,-0.09406912326812744,0.7193600535392761,0.6581130027770996,-0.2013937383890152,-3.210008382797241,-4.414862155914307,-4.55902624130249,2.616201639175415,-0.7037274837493896,-0.7884159088134766,-1.3805879354476929
0.026766199618577957,1.3885776996612549,0.0499003566801548,0.7085816264152527,0.2464372217655182,0.380072683095932,0.5410411357879639,-3.5346457958221436,-4.455974578857422,-5.2786993980407715,3.1538021564483643,1.4907423257827759,1.2589279413223267,0.5910424590110779
0.02268831431865692,1.379860520362854,0.05920220911502838,0.5481522083282471,0.07161055505275726,-0.8330374360084534,-0.02120552770793438,-3.9872238636016846,-4.246565818786621,-5.450173377990723,-0.877998411655426,1.7434955835342407,1.6670490503311157,1.4753445386886597
0.04747324436903,1.3154460191726685,0.060298167169094086,0.663870096206665,0.275897741317749,0.3661843240261078,0.5908180475234985,-3.5141117572784424,-4.503390789031982,-4.8231892585754395,1.0528444051742554,-0.7923647165298462,-0.958935558795929,-1.5611953735351562
0.04510318115353584,1.385877013206482,0.06747384369373322,0.6039324402809143,0.18068479001522064,-0.7271963357925415,-0.27166908979415894,-3.780541181564331,-4.270450592041016,-4.990955352783203,0.13146841526031494,-0.13351283967494965,-0.17381472885608673,-0.6750385761260986
0.04706034064292908,1.398592233657837,0.03426193818449974,0.6231802105903625,0.3612515330314636,0.4804633557796478,0.5002986192703247,-3.471482753753662,-5.52554988861084,-6.142869472503662,0.7841379046440125,1.064575433731079,0.8004845976829529,-0.0012327434960752726
0.05744897946715355,1.2900899648666382,0.09220840036869049,0.6794446110725403,0.25305184721946716,0.43365201354026794,0.5350380539894104,-3.5676331520080566,-4.5674052238464355,-5.509321689605713,16.11809539794922,-1.2477953433990479,-1.2707805633544922,-1.659292459487915
0.02305261604487896,1.3142515420913696,0.07834766060113907,0.31191688776016235,0.7051913142204285,0.5099741816520691,0.3812341094017029,-3.854862928390503,-4.700677394866943,-5.492537975311279,-0.7495507597923279,1.6485315561294556,1.5308958292007446,1.2583513259887695
0.03172852098941803,1.3325954675674438,0.07731552422046661,0.39879754185676575,0.47495874762535095,0.7740448117256165,0.12739451229572296,-3.762446880340576,-4.929589748382568,-5.514143466949463,0.1378803551197052,0.3079989552497864,0.07391679286956787,-0.4923138916492462
0.04348146542906761,1.3453683853149414,0.08326771855354309,0.39381834864616394,0.5883871912956238,0.691674530506134,0.14245682954788208,-3.5744805335998535,-4.442143440246582,-4.769506931304932,0.33163318037986755,-0.4086607098579407,-0.4898186922073364,-1.1407952308654785
0.04444560036063194,1.3548173904418945,0.08062610775232315,0.922258198261261,0.16494354605674744,-0.04702373221516609,-0.34644219279289246,-4.001920223236084,-4.661917686462402,-4.945242881774902,0.13104306161403656,-1.275761365890503,-1.3381118774414062,-1.7182464599609375
0.04138763248920441,1.4716265201568604,0.0499710887670517,-0.4821108281612396,-0.3227028548717499,0.8144773244857788,-0.007658837828785181,-2.738243818283081,-3.3205559253692627,-4.394181728363037,-0.5507083535194397,-1.21379816532135,-1.203299641609192,-1.399977445602417
0.022832367569208145,1.4271684885025024,0.059489935636520386,0.578157901763916,0.44611504673957825,0.5382968187332153,0.4206558167934418,-3.578460454940796,-4.364614486694336,-5.494784355163574,-0.9012911319732666,1.642892837524414,1.5763460397720337,1.3283941745758057
0.027283355593681335,1.4612947702407837,0.03515736013650894,0.6435942053794861,0.28314346075057983,0.4363826513290405,0.5614146590232849,-3.8372647762298584,-4.474445819854736,-5.401273727416992,1.5271164178848267,1.5586888790130615,1.409640908241272,1.0385853052139282
0.04220006242394447,1.518025517463684,0.03716356307268143,0.5095374584197998,0.46312570571899414,0.5737594962120056,0.44349315762519836,-3.182154893875122,-4.152933120727539,-4.642566204071045,2.4788589477539062,-0.0673128068447113,-0.22570468485355377,-0.7985535860061646
0.031045425683259964,1.4916785955429077,0.05036211386322975,0.5969915986061096,0.3667929172515869,0.6021484136581421,0.38272878527641296,-3.4318063259124756,-4.770346164703369,-5.078128814697266,-0.23518173396587372,1.1836813688278198,0.8691239356994629,0.3615443706512451
0.025498444214463234,1.5217465162277222,0.04589639976620674,0.489950567483902,0.48284271359443665,0.6133738160133362,0.38805148005485535,-3.451782464981079,-4.2963433265686035,-5.512044429779053,-1.7948328256607056,1.7120078802108765,1.6237742900848389,1.4771455526351929
0.041239526122808456,1.5656503438949585,0.037524908781051636,0.585453987121582,0.2398495078086853,0.7743240594863892,0.01175055280327797,-8.537864685058594,-4.633368968963623,-4.632051467895508,1.1786550283432007,-0.9522595405578613,-1.2024883031845093,-1.7724539041519165
0.037621136754751205,1.2383415699005127,0.26367858052253723,0.31993934512138367,0.4770725965499878,0.3719615638256073,0.7291674613952637,-4.143921852111816,-4.456080913543701,-5.253023147583008,-0.09977854788303375,0.9849347472190857,0.8326271176338196,0.2939917743206024
0.04503471031785011,1.2348459959030151,0.2751308083534241,0.5111299157142639,0.400777667760849,0.4100690484046936,0.6402865052223206,-3.2508997917175293,-4.550413131713867,-5.202035903930664,1.790901780128479,-0.7445345520973206,-0.708670437335968,-1.398606538772583
0.04338802397251129,1.2686349153518677,0.2773691713809967,-0.26944613456726074,0.5970950722694397,0.7324727177619934,-0.18536442518234253,-3.302381753921509,-4.692100524902344,-5.416226387023926,0.6982014775276184,-1.3328920602798462,-1.3848553895950317,-1.7458802461624146
0.03146807476878166,1.2947436571121216,0.2845975160598755,0.4960081875324249,0.3923807740211487,0.33253729343414307,0.699594259262085,-3.3442041873931885,-4.515890121459961,-5.378274917602539,0.8490078449249268,-0.33463534712791443,-0.38334202766418457,-0.8544528484344482
0.02254524640738964,1.3073660135269165,0.27918311953544617,0.40959736704826355,0.48667117953300476,0.3639346957206726,0.6803915500640869,-3.437678813934326,-4.739803791046143,-5.40878963470459,-1.4603281021118164,1.33305025100708,1.3031116724014282,1.1325303316116333
0.023086734116077423,1.3198643922805786,0.27690932154655457,0.45353472232818604,0.4647371768951416,0.5745291113853455,0.49823880195617676,-3.6753060817718506,-5.000783920288086,-5.199385166168213,1.635575771331787,-0.025248317047953606,-0.1854598969221115,-0.5844823718070984
0.2443493753671646,1.2720342874526978,0.3051486611366272,0.5282604694366455,-0.19758757948875427,-0.7585136890411377,-0.32643064856529236,-3.217435121536255,-3.724285364151001,-5.370279312133789,-2.0517919063568115,1.4292519092559814,1.3618406057357788,0.7961903810501099
0.27857667207717896,1.2922770977020264,0.27379295229911804,-0.4759478271007538,0.143210306763649,0.7133990526199341,0.49399012327194214,-3.028899908065796,-4.464447498321533,-5.771097183227539,-0.2892724871635437,-0.907737672328949,-0.48243051767349243,-1.5248591899871826
0.02717231959104538,1.351309895515442,0.2875375747680664,-0.24963100254535675,0.5954799652099609,0.7398586273193359,-0.18893690407276154,-3.5023295879364014,-4.670160293579102,-4.858480453491211,16.11809539794922,-0.8842148780822754,-0.9155429601669312,-1.4539045095443726
0.2577207386493683,1.2805962562561035,0.29822465777397156,-0.4971438944339752,0.06741730123758316,0.7643250226974487,0.40510502457618713,-3.111510753631592,-4.716588497161865,-5.764006614685059,-1.8859409093856812,-0.11494525521993637,0.6415260434150696,-1.2005163431167603
0.4782869517803192,1.3135725259780884,0.168370321393013,-0.04846176505088806,0.6287444829940796,0.7596794366836548,0.15880495309829712,-3.897700309753418,-6.220492362976074,-6.657434463500977,0.8983426094055176,1.2089920043945312,1.5275498628616333,1.1093430519104004
0.06680893152952194,1.4323922395706177,0.29329410195350647,0.6989070773124695,0.5200485587120056,0.31852617859840393,0.3736569285392761,-3.951894760131836,-6.414325714111328,-7.004040241241455,-1.03766667842865,-0.1917060762643814,-0.5447379350662231,-0.6903876066207886
0.6858610510826111,1.4180301427841187,0.2465377300977707,0.9188394546508789,-0.11925369501113892,0.24152588844299316,-0.28840577602386475,-2.0850560665130615,-2.7262468338012695,-4.3181986808776855,-3.3555357456207275,0.8488876819610596,1.1750191450119019,0.8056766390800476
0.7871251106262207,1.2996422052383423,0.05293118581175804,0.6559314727783203,0.19737040996551514,0.4261285364627838,0.5909427404403687,-2.728382110595703,-5.180710315704346,-6.035074234008789,-0.15886089205741882,-1.2651680707931519,-0.5517047643661499,-1.7724539041519165
0.8351936340332031,1.2680625915527344,0.11292051523923874,0.669064462184906,0.4420405626296997,0.2966494560241699,0.5186058282852173,-2.7651822566986084,-3.4866673946380615,-3.8967857360839844,-1.5368210077285767,-1.4025709629058838,-1.221189022064209,-1.7389229536056519
0.8596894145011902,1.3679900169372559,0.10865097492933273,-0.272489994764328,0.7341507077217102,0.5818505883216858,-0.21959471702575684,-2.9266507625579834,-4.145266056060791,-5.539886474609375,-1.3022241592407227,1.7274497747421265,1.611714243888855,0.6326456665992737
0.7910406589508057,1.3437174558639526,0.16664835810661316,-0.25666192173957825,0.6645480990409851,0.6574369668960571,-0.2455139309167862,-3.1386637687683105,-3.7646563053131104,-5.527388095855713,-0.6906635165214539,1.7709015607833862,1.6812005043029785,1.5940337181091309
0.8833248019218445,1.483373761177063,0.1425217092037201,0.35195741057395935,0.6147328019142151,0.2188747376203537,0.6710614562034607,-3.0554916858673096,-3.2328133583068848,-4.06924295425415,-1.3745650053024292,-1.4179871082305908,-1.3730700016021729,-1.7681692838668823
0.8014640212059021,1.3849343061447144,0.1794433444738388,-0.005839941557496786,0.7459439635276794,0.6500682234764099,-0.14472338557243347,-3.167438507080078,-4.359696388244629,-4.708069324493408,1.2764259576797485,-1.265172004699707,-1.0585968494415283,-1.72645902633667
0.8366660475730896,1.5315049886703491,0.1263609528541565,0.7132983207702637,-0.3247019350528717,-0.6162728071212769,0.0773431807756424,-3.294886827468872,-3.7139358520507812,-4.839123249053955,-1.4236986637115479,-1.3218876123428345,-0.8883448243141174,-1.6703498363494873
0.8774192929267883,1.5300159454345703,0.12236003577709198,0.9481005072593689,0.029324714094400406,0.29470425844192505,-0.11573629081249237,-2.995269775390625,-3.4928247928619385,-5.188527584075928,-1.415863037109375,1.693429708480835,1.474173665046692,0.5676696300506592
0.8142188191413879,1.5033206939697266,0.1661660075187683,0.08754895627498627,0.7703706622123718,0.6087002754211426,-0.16836929321289062,-3.3700168132781982,-3.6540520191192627,-4.528257846832275,-0.9655279517173767,-0.3109455406665802,-0.48354849219322205,-1.4672678709030151
0.7970477938652039,1.5013606548309326,0.16531337797641754,-0.05535585805773735,0.7786003947257996,0.6203386187553406,-0.07679284363985062,-2.997929573059082,-3.8378608226776123,-4.813328266143799,-1.3403927087783813,1.741129755973816,1.6779810190200806,1.5255115032196045
1.0730441808700562,1.5034345388412476,0.11716488748788834,0.9647728800773621,0.049927011132240295,0.19730186462402344,0.16671109199523926,-2.1984927654266357,-3.075953483581543,-3.648188829421997,-2.5543408393859863,-1.5322307348251343,-1.092484951019287,-1.72627592086792
0.7975698709487915,1.356284260749817,0.18516699969768524,-0.15560661256313324,0.6969320774078369,0.6714867949485779,-0.19793349504470825,-3.196563482284546,-3.66843843460083,-4.598136901855469,-0.4743060767650604,-0.44385024905204773,-0.052778780460357666,-1.1461238861083984
1.0287981033325195,1.3789860010147095,0.37862467765808105,0.26850998401641846,0.7600157856941223,0.4132416844367981,0.42368581891059875,-2.364069938659668,-2.982794761657715,-3.7678327560424805,-0.6560465097427368,-1.5308316946029663,-1.3308762311935425,-1.7719444036483765
0.8772298097610474,1.3162055015563965,0.29908856749534607,0.5296337604522705,0.3829285204410553,0.4231669306755066,0.627521812915802,-2.9084088802337646,-4.102546215057373,-4.923537254333496,0.778860867023468,-1.3522049188613892,-1.3832573890686035,-1.7513020038604736
0.8486644625663757,1.2692935466766357,0.2970260679721832,-0.2218780815601349,-0.6269265413284302,0.7053526043891907,0.24537917971611023,-3.7013556957244873,-7.143682956695557,-5.304361343383789,-1.2227606773376465,-1.7724539041519165,-1.7724539041519165,-1.7724539041519165
0.8636634945869446,1.2840195894241333,0.3086587190628052,-0.49966248869895935,0.22994790971279144,0.7997757196426392,-0.240458145737648,-3.248525381088257,-3.771437406539917,-4.261723518371582,-0.722101092338562,1.4800323247909546,1.0657985210418701,0.5838969945907593
0.8898921608924866,1.2704615592956543,0.30100327730178833,-0.1068686842918396,0.7680413722991943,0.6313233971595764,0.011057794094085693,-3.6865851879119873,-4.442090034484863,-4.636804103851318,-0.9872997999191284,0.17492008209228516,0.5631454586982727,-1.4757299423217773
0.8492036461830139,1.3662165403366089,0.30891183018684387,0.4064534604549408,0.4744619131088257,0.4797469973564148,0.616055428981781,-3.1059868335723877,-4.393304347991943,-4.984533786773682,-0.44025442004203796,1.762823224067688,1.726119041442871,1.301429271697998
0.8387702107429504,1.274202823638916,0.3458566665649414,0.6755114793777466,0.4504954516887665,0.4094034433364868,0.4160851836204529,-2.5326337814331055,-3.7924997806549072,-4.226094722747803,-1.8022091388702393,-0.21331878006458282,0.022579476237297058,-0.7560443878173828
1.0881823301315308,1.3843998908996582,0.185884490609169,0.09436957538127899,0.5826771259307861,0.797832727432251,0.12265695631504059,-2.2602407932281494,-3.125392436981201,-4.430356025695801,-1.740425944328308,1.5251846313476562,1.331485629081726,1.0005007982254028
0.781410276889801,1.4627516269683838,0.17611049115657806,0.5573824644088745,0.41080808639526367,0.3652772903442383,0.6222009658813477,-3.7045724391937256,-4.362555980682373,-5.2244648933410645,-0.5066892504692078,0.3803029954433441,0.15075239539146423,-0.328870952129364
0.8027597665786743,1.51014244556427,0.20665614306926727,0.42246580123901367,0.5852302312850952,0.36522066593170166,0.5879133343696594,-2.941843271255493,-3.508021116256714,-3.688535451889038,-2.2973806858062744,-1.3769303560256958,-1.252826452255249,-1.727000117301941
0.84625643491745,1.4785665273666382,0.15895722806453705,0.47389763593673706,0.6174993515014648,0.5564042925834656,0.29074013233184814,-4.217578411102295,-5.7594404220581055,-6.438238620758057,-0.7016968727111816,0.7013853788375854,1.3068785667419434,0.9951762557029724
0.7646715044975281,1.4420244693756104,0.2055206596851349,0.6066976189613342,0.3525162637233734,0.44616711139678955,0.5555045008659363,-2.784592628479004,-5.05349063873291,-5.424137592315674,-0.6575177311897278,-1.459151029586792,-0.8563193082809448,-1.7116234302520752
0.8728471994400024,1.3574860095977783,0.34346479177474976,0.6957860589027405,0.3611408770084381,0.4117854833602905,0.4646415114402771,-2.6366047859191895,-3.4737203121185303,-4.257598400115967,-2.9792537689208984,1.6761630773544312,1.7388091087341309,1.5487558841705322
1.0245336294174194,1.5523419380187988,0.3680267035961151,0.7629637718200684,0.5689252018928528,0.190055713057518,-0.2410169392824173,-2.47925066947937,-2.989210844039917,-3.7032766342163086,-3.530606985092163,0.44282442331314087,1.4907655715942383,-1.512905240058899
0.06762991100549698,0.8299883604049683,0.3692420423030853,0.7048020362854004,0.6769440770149231,-0.04728243499994278,-0.20679736137390137,-3.2590794563293457,-3.468095541000366,-4.945147514343262,-0.8879456520080566,-1.6562941074371338,-1.256524682044983,-1.6999696493148804
0.04143323004245758,0.8487306237220764,0.36418604850769043,-0.4518681466579437,0.4296576678752899,0.5921660661697388,0.5104398131370544,-3.57065486907959,-4.381960391998291,-4.930913925170898,0.94896399974823,-0.5961395502090454,0.05344405025243759,-1.110352635383606
0.028377406299114227,0.8345383405685425,0.36042162775993347,0.700046956539154,0.030189180746674538,-0.7052809596061707,0.10771113634109497,-3.683445930480957,-5.279934406280518,-5.630537986755371,-1.9082136154174805,0.2768075466156006,1.0892096757888794,-1.4612070322036743
0.0290998388081789,0.8401958346366882,0.38954198360443115,0.6577292680740356,-0.3618645668029785,-0.6301895976066589,-0.1982606053352356,-3.845595359802246,-5.067879676818848,-5.613073348999023,-0.6485651135444641,1.3998112678527832,1.6511420011520386,0.10499811172485352
0.10853653401136398,0.8436402678489685,0.37988078594207764,0.6822599172592163,-0.34938424825668335,-0.4658110737800598,-0.4421222507953644,-3.615554094314575,-4.426975250244141,-5.0986480712890625,-1.2631044387817383,0.26273903250694275,0.913418173789978,0.3211984634399414
0.1101459413766861,0.832793653011322,0.4157176613807678,0.5655582547187805,0.7865216135978699,-0.0417352169752121,-0.24451139569282532,-3.1009583473205566,-3.4291791915893555,-4.573514938354492,-1.375451922416687,-1.0516873598098755,-0.12493029981851578,-1.6303802728652954
0.1164192482829094,0.8282908797264099,0.4178938567638397,0.5765244960784912,-0.46114903688430786,-0.4328393042087555,-0.5173115134239197,-3.428938388824463,-4.301146507263184,-4.95066499710083,-0.8598840236663818,1.5292487144470215,1.7146446704864502,1.6434273719787598
0.30517151951789856,0.784744143486023,0.36484548449516296,-0.40800634026527405,0.31653615832328796,0.8552451729774475,0.043489519506692886,-3.6406424045562744,-4.333726406097412,-4.6714887619018555,-0.7779613137245178,-1.6027240753173828,-1.143735408782959,-1.7660183906555176
0.014038906432688236,0.8373473286628723,0.4901151955127716,0.6724319458007812,-0.1315293163061142,-0.7094958424568176,-0.1647755205631256,-3.2916183471679688,-4.558664321899414,-5.643722057342529,0.27778512239456177,-0.6489841938018799,0.12032419443130493,-1.4000120162963867
0.09926125407218933,0.8158251047134399,0.4236890971660614,0.6519179940223694,-0.5436395406723022,-0.5120130777359009,-0.1315353810787201,-3.3578248023986816,-4.792062282562256,-8.76899242401123,-0.9911515712738037,-1.771668791770935,-1.4112739562988281,-1.771967887878418
0.11937414854764938,0.8163342475891113,0.48815402388572693,-0.48694872856140137,0.5074940323829651,0.5112593770027161,0.49390751123428345,-3.4740560054779053,-4.477251052856445,-5.511779308319092,-2.1960442066192627,0.8290820121765137,1.216121792793274,0.3625001013278961
0.4841677248477936,0.904899537563324,0.33056384325027466,0.32141217589378357,0.6089550852775574,0.1043725535273552,0.7176170945167542,-3.9639151096343994,-6.436596870422363,-15.823893547058105,0.5045560002326965,-0.6325227618217468,0.5352115631103516,-1.7724539041519165
0.6096370220184326,1.2982910871505737,0.4441765546798706,0.2368335872888565,0.7678399085998535,0.4079884886741638,0.4334479868412018,-2.189866542816162,-3.1248908042907715,-4.4687323570251465,-2.152109384536743,-0.9030445218086243,-0.29246315360069275,-1.6438708305358887
0.006517925765365362,0.8331904411315918,0.5032185316085815,0.026957150548696518,0.2909989655017853,-0.15966928005218506,0.9429202675819397,-5.122830867767334,-4.9296417236328125,-13.771322250366211,-1.2679531574249268,0.31278595328330994,0.3544907569885254,-1.7446507215499878
0.004930586088448763,0.824686586856842,0.5285539031028748,0.7009709477424622,-0.149643674492836,-0.6345969438552856,-0.2890210747718811,-4.433738708496094,-5.2432661056518555,-7.663595199584961,0.21486638486385345,-0.21109506487846375,0.3621571362018585,-0.24007771909236908
0.7548675537109375,1.0138450860977173,0.35829219222068787,0.4038645923137665,0.6392373442649841,0.21446596086025238,0.6182825565338135,-3.2815518379211426,-3.9379711151123047,-5.372172832489014,-0.8699395656585693,1.7216335535049438,1.7647110223770142,1.6073999404907227
0.7862095832824707,1.027696132659912,0.41327226161956787,0.8928561806678772,-0.009175288490951061,-0.4485777020454407,0.03875165805220604,-2.8853888511657715,-3.913666009902954,-4.114931106567383,-1.2351276874542236,1.0280303955078125,1.5685025453567505,-1.1447635889053345
0.8030191659927368,1.0107284784317017,0.4367014169692993,0.8254021406173706,-0.027727801352739334,-0.4503808617591858,-0.33926326036453247,-2.6743831634521484,-3.1524083614349365,-3.952822208404541,-0.8436280488967896,-1.5860685110092163,-1.2534167766571045,-1.7535005807876587
0.8466688990592957,1.0170955657958984,0.4784366190433502,0.6209843158721924,-0.6021719574928284,-0.11634550243616104,-0.48808929324150085,-2.7457962036132812,-4.3330254554748535,-4.549141883850098,0.07735957950353622,-0.39871934056282043,0.3935977518558502,-1.5720977783203125
0.8296553492546082,1.199135184288025,0.4457453489303589,0.7866163849830627,-0.18551105260849,-0.5272495746612549,0.26235127449035645,-2.3021857738494873,-3.1139423847198486,-4.354452133178711,-1.722399115562439,-1.084742784500122,-0.6052371263504028,-1.5980610847473145
0.807407021522522,1.215991497039795,0.3736511766910553,0.5499647259712219,0.5452592372894287,0.37007299065589905,0.5131054520606995,-2.670231819152832,-4.525102615356445,-5.233887195587158,-1.9761120080947876,1.4085863828659058,1.61408269405365,1.392762541770935
0.8026379942893982,1.136035680770874,0.36941254138946533,0.3747738301753998,0.6905210614204407,0.608915388584137,0.10930358618497849,-2.835686445236206,-4.385771751403809,-5.516108512878418,-2.598773956298828,1.0166261196136475,1.0958389043807983,0.7435626983642578
0.7795082330703735,1.0968682765960693,0.4170168936252594,-0.4571342468261719,0.5827702283859253,0.6453891396522522,0.1867617964744568,-3.38360595703125,-5.093142509460449,-6.3772077560424805,-1.9472447633743286,1.7200496196746826,1.7724539041519165,0.5311041474342346
0.8701715469360352,1.0422463417053223,0.5010913014411926,0.9489986300468445,-0.04139295965433121,-0.3048020303249359,0.06916601955890656,-2.469432830810547,-2.861062526702881,-3.995159387588501,-1.685811161994934,-1.3160158395767212,-0.803499162197113,-1.732332706451416
0.8554413318634033,1.0132617950439453,0.4969157874584198,0.7523176670074463,-0.4799668788909912,-0.15060760080814362,-0.42540252208709717,-2.930622100830078,-4.6097025871276855,-4.849262237548828,-0.5907096266746521,1.6073169708251953,1.7196732759475708,1.61383056640625
0.9169988036155701,0.9533166885375977,0.5598199367523193,0.16078749299049377,0.42012637853622437,0.6838548183441162,0.5744421482086182,-4.481522560119629,-5.5282416343688965,-6.476126194000244,-1.7634508609771729,0.7511428594589233,0.1696086972951889,-0.30719122290611267
0.6207323670387268,1.3277052640914917,0.5036695003509521,0.200616717338562,0.7730392217636108,0.5800434350967407,0.16035231947898865,-2.7406365871429443,-3.4097249507904053,-4.636660575866699,-2.3586559295654297,0.5043337941169739,1.0722286701202393,-0.0697324201464653
0.8482450246810913,1.4011458158493042,0.3709612786769867,0.509933590888977,0.527267336845398,0.49303367733955383,0.46784043312072754,-2.4129092693328857,-3.382275342941284,-3.6243488788604736,-1.224174976348877,-1.3907780647277832,-1.0529558658599854,-1.671096920967102
1.0418064594268799,1.4198013544082642,0.4162940979003906,0.1120108887553215,0.6607080101966858,0.6797403693199158,0.29811325669288635,-2.5186896324157715,-3.7930691242218018,-5.1152873039245605,-2.2557389736175537,1.7354590892791748,1.449004054069519,0.8935015201568604
0.8338812589645386,1.4653193950653076,0.32729601860046387,-0.1543438583612442,0.5811493396759033,0.7986158728599548,0.025614606216549873,-3.242339611053467,-4.987133979797363,-5.397119522094727,-1.4927514791488647,0.9548421502113342,0.25684037804603577,-0.16683563590049744
0.8601261377334595,1.4066139459609985,0.3319243788719177,0.6170735359191895,0.341375470161438,0.4934144914150238,0.5091415643692017,-3.7392399311065674,-4.785219669342041,-5.2009077072143555,1.3444116115570068,-1.6863393783569336,-1.6950535774230957,-1.7724539041519165
0.8514158129692078,1.4899591207504272,0.3458528220653534,0.14287783205509186,0.7250421047210693,0.5984802842140198,0.3093884587287903,-2.891129970550537,-3.3367252349853516,-4.419734954833984,-0.9648755192756653,-0.30040207505226135,-0.4098953902721405,-1.5660595893859863
0.7984879016876221,1.5343297719955444,0.3502512276172638,0.9786185026168823,0.04006034880876541,0.1307288110256195,-0.15365856885910034,-2.5839598178863525,-3.4147582054138184,-4.6971964836120605,-1.9694182872772217,1.6972355842590332,1.5971417427062988,1.1947263479232788
0.9219087362289429,1.549067735671997,0.42049428820610046,0.8706861138343811,0.40467369556427,-0.26996955275535583,0.07253524661064148,-2.724874973297119,-3.6937127113342285,-3.7685325145721436,-1.0424880981445312,-1.544964075088501,-1.2086362838745117,-1.735823392868042
0.707094669342041,1.5015323162078857,0.4437353014945984,0.013810700736939907,0.8762755990028381,0.4605109989643097,-0.14099641144275665,-2.8393137454986572,-3.0174922943115234,-4.185690879821777,-2.4757487773895264,-1.5246495008468628,-1.3469631671905518,-1.756726622581482
0.6783402562141418,1.4766157865524292,0.4518355131149292,0.0748182088136673,0.7394178509712219,0.658896267414093,-0.11627204716205597,-2.8459386825561523,-3.7355823516845703,-5.317641735076904,-1.5038678646087646,-0.5913040637969971,-0.117158904671669,-0.9782158136367798
0.6633739471435547,1.4333832263946533,0.49304693937301636,0.45875072479248047,0.6115168333053589,0.5656655430793762,0.30922064185142517,-3.078000783920288,-3.831803798675537,-4.611799240112305,-0.1867116391658783,-1.4220038652420044,-0.8517688512802124,-1.6823371648788452
0.7207356095314026,1.4839786291122437,0.4905707538127899,0.9338464736938477,0.14954176545143127,0.19183173775672913,0.2622377276420593,-2.537451982498169,-3.253464460372925,-4.843421459197998,-2.3969461917877197,1.3164198398590088,1.6322728395462036,1.0110403299331665
1.0846389532089233,1.5098893642425537,0.48933759331703186,0.9497751593589783,0.11542455106973648,-0.2852366864681244,0.0569596141576767,-2.705294132232666,-3.0871968269348145,-4.341593265533447,-2.263777017593384,1.6796936988830566,1.7449005842208862,1.3995376825332642
0.9709503054618835,1.5018359422683716,0.4910542964935303,0.5167571306228638,-0.3775149881839752,-0.7666984796524048,-0.05116545036435127,-2.6843068599700928,-3.4747488498687744,-4.227642059326172,-1.3736270666122437,-1.143676519393921,-0.757928729057312,-1.619815707206726
0.6456030011177063,1.2724251747131348,0.5077386498451233,0.49690717458724976,0.5341417193412781,0.5318260788917542,0.43004292249679565,-3.0263142585754395,-4.8969950675964355,-5.811663627624512,-0.010022293776273727,-1.4624367952346802,-1.050500512123108,-1.7724539041519165
0.966919481754303,1.5156786441802979,0.5465039610862732,0.21136578917503357,0.8902351260185242,0.32771036028862,0.23539718985557556,-2.4641082286834717,-3.4337544441223145,-4.006560802459717,-2.826963186264038,1.6527830362319946,1.6893243789672852,1.4090299606323242
0.9545415043830872,1.259118914604187,0.5642101168632507,0.11484389752149582,0.7526659369468689,0.6472827196121216,0.03646770492196083,-2.6457738876342773,-3.440948963165283,-4.219424247741699,-2.4295456409454346,0.34419697523117065,1.0057238340377808,-0.4383723735809326
1.0365897417068481,1.3730922937393188,0.5504721403121948,-0.00016840353782754391,0.6296005249023438,0.773805558681488,-0.06948438286781311,-2.5065081119537354,-2.811621904373169,-3.6108617782592773,-1.218935489654541,-0.9368884563446045,-0.5092114806175232,-1.2790231704711914
0.9788212180137634,1.484300136566162,0.5596053600311279,0.9661194086074829,0.033667463809251785,-0.0753084048628807,-0.24455761909484863,-2.504270553588867,-2.8132762908935547,-3.471407413482666,-3.469128131866455,1.0588051080703735,1.4874553680419922,0.4473752975463867
1.0723912715911865,1.5643157958984375,0.5386527180671692,0.6759955286979675,0.7299587726593018,-0.007924264296889305,0.10063530504703522,-2.882002115249634,-3.3018851280212402,-4.058326721191406,-1.5118297338485718,-1.648481845855713,-1.490796446800232,-1.7724539041519165
1.0725435018539429,1.5482330322265625,0.5440868139266968,0.8631811141967773,0.49873775243759155,-0.04998962581157684,0.060663241893053055,-2.57991886138916,-3.5316810607910156,-4.103594779968262,-3.089937448501587,0.625607967376709,1.012236475944519,-0.894551694393158
