x,y,z,rot_0,rot_1,rot_2,rot_3,scale_0,scale_1,scale_2,opacity,f_dc_0,f_dc_1,f_dc_2
-1.2392452955245972,0.00992978923022747,-1.2402416467666626,0.3945787847042084,0.8871830701828003,0.08519849181175232,-0.22350624203681946,-2.9723732471466064,-4.13995361328125,-4.871035099029541,0.06819088011980057,1.291906714439392,1.5089960098266602,-1.7515989542007446
-1.134486198425293,0.024359770119190216,-1.2636346817016602,0.662129819393158,-0.6102296113967896,-0.39196664094924927,-0.1885898858308792,-2.174727439880371,-3.957658529281616,-4.131672382354736,-1.1033060550689697,1.7241469621658325,1.7556840181350708,1.6739981174468994
-1.187566876411438,0.009961498901247978,-1.1918025016784668,0.9159783720970154,-0.3551580607891083,0.17297157645225525,0.07019439339637756,-2.9984452724456787,-3.9338808059692383,-4.440998077392578,-0.15401791036128998,1.6284688711166382,1.690183401107788,-1.5129766464233398
-1.1053690910339355,0.010353067889809608,-1.2809957265853882,0.8045096397399902,0.5880081057548523,0.08345775306224823,-0.006748611573129892,-3.4199507236480713,-4.170689582824707,-4.7100677490234375,0.1466960459947586,1.4648830890655518,1.6433560848236084,-1.1729588508605957
-1.1082162857055664,0.014177892357110977,-1.278185486793518,0.738700807094574,0.6120567917823792,0.09973887354135513,-0.26412075757980347,-3.601919651031494,-4.142764568328857,-5.044325351715088,0.20108984410762787,0.8471953868865967,1.1189621686935425,-1.568089246749878
-1.0993578433990479,0.006312423385679722,-1.2509006261825562,-0.47658368945121765,-0.04959091916680336,0.874579668045044,0.07429064810276031,-3.835693597793579,-4.688631057739258,-5.023249626159668,16.11809539794922,0.16477397084236145,0.4754493832588196,-1.5131604671478271
-1.094762921333313,0.008126365020871162,-1.2227849960327148,0.6566868424415588,0.7313603758811951,0.1486520916223526,-0.10852167755365372,-3.670299530029297,-3.7734556198120117,-4.475971221923828,-0.20596882700920105,0.576093316078186,0.8209277391433716,-1.5501264333724976
-0.932462751865387,0.0046941014006733894,-1.2566629648208618,0.6890621185302734,0.7194943428039551,0.07541646808385849,-0.042821187525987625,-2.951883316040039,-3.6545090675354004,-4.522129535675049,-0.3666704297065735,1.0475956201553345,1.3625742197036743,-1.6272883415222168
-1.1120645999908447,0.022062523290514946,-1.2554851770401,-0.3793278932571411,0.16471198201179504,0.7834004759788513,0.463965505361557,-3.6862168312072754,-4.075315475463867,-5.161036491394043,-0.7490869760513306,1.1781296730041504,1.2912057638168335,0.2999092936515808
-1.2738358974456787,0.011399572715163231,-1.2812949419021606,0.4500974714756012,0.8802134990692139,-0.007152022793889046,-0.15028400719165802,-3.4596943855285645,-4.568106174468994,-6.9678473472595215,-1.478073000907898,0.2754408121109009,1.215840220451355,-1.7724539041519165
-1.132434368133545,0.015666281804442406,-1.1980317831039429,0.732309103012085,0.6297412514686584,0.25857681035995483,0.016952374950051308,-4.345565319061279,-4.536337852478027,-6.079890727996826,-1.7052137851715088,-0.3356602191925049,-0.5781125426292419,0.8498268127441406
-1.1866627931594849,0.015179595910012722,-1.1646091938018799,0.6439686417579651,-0.6463943719863892,-0.25527963042259216,-0.31986096501350403,-2.996171712875366,-3.3279621601104736,-4.741755485534668,0.22581104934215546,1.4898189306259155,1.6550860404968262,-1.5873675346374512
-1.085675835609436,0.01424984261393547,-1.2737473249435425,0.547455370426178,-0.6713795065879822,-0.3484138250350952,-0.3579804301261902,-3.4455974102020264,-3.990382432937622,-5.7878570556640625,-0.4172801673412323,-1.4090049266815186,-1.316057801246643,-1.5774664878845215
-1.0125675201416016,0.012133303098380566,-1.2414450645446777,0.5789315104484558,-0.718658983707428,-0.2313452810049057,-0.30797234177589417,-3.6152071952819824,-3.7517406940460205,-7.015027046203613,0.750356137752533,1.5664747953414917,1.6250362396240234,-1.695615530014038
-1.1043938398361206,0.010398619808256626,-1.1274932622909546,0.595209002494812,0.714518666267395,0.2680717706680298,-0.2516483664512634,-3.4177515506744385,-4.222664833068848,-4.467967510223389,1.4422104358673096,1.2771211862564087,1.2276601791381836,-1.7568856477737427
-1.1168092489242554,0.014263389632105827,-1.185555338859558,0.5340133905410767,0.16281338036060333,-0.7887081503868103,0.25741198658943176,-4.244594573974609,-4.993426322937012,-5.951908111572266,16.11809539794922,0.4093460440635681,0.647323727607727,-1.7724539041519165
-0.9904674887657166,0.026087768375873566,-1.2078717947006226,0.8780558705329895,0.04869534820318222,-0.43131396174430847,0.2015312761068344,-2.442274332046509,-3.968449592590332,-4.5509209632873535,-1.6105483770370483,1.7207833528518677,1.731910228729248,1.5026313066482544
-1.1107850074768066,0.01192423701286316,-1.1143618822097778,-0.49774885177612305,0.47136247158050537,0.5149723887443542,0.5146522521972656,-3.2821006774902344,-3.7432668209075928,-5.152760028839111,-0.9018417000770569,0.36154693365097046,0.5367885231971741,-1.6045441627502441
-1.0935662984848022,0.01801830157637596,-1.085645318031311,0.5471233129501343,-0.5660674571990967,-0.4645339846611023,-0.4055020809173584,-3.5550737380981445,-3.7240519523620605,-5.560018539428711,-1.7350497245788574,-1.3369641304016113,-1.231689214706421,-1.5452735424041748
-1.0132944583892822,0.009433219209313393,-1.0942697525024414,-0.4735983908176422,0.5295593738555908,0.45505833625793457,0.5368363857269287,-2.9524922370910645,-3.3441572189331055,-5.333037853240967,2.383760929107666,0.9253144860267639,1.4674038887023926,-1.505006194114685
-1.1788686513900757,0.014015454798936844,-1.0862571001052856,0.6665663123130798,0.6624364852905273,0.18527305126190186,-0.2872998118400574,-2.927676200866699,-3.4038286209106445,-4.562535762786865,1.423385739326477,1.6114616394042969,1.717673420906067,-1.6950989961624146
-1.189598560333252,0.009022179059684277,-1.0225580930709839,-0.26725679636001587,0.38780587911605835,0.5567317008972168,0.6842734813690186,-2.833252191543579,-3.6453771591186523,-4.646699905395508,1.5405161380767822,0.8828579783439636,1.2252318859100342,-1.7087699174880981
-1.0987162590026855,0.01110446359962225,-0.9932645559310913,-0.3023768663406372,0.33200109004974365,0.64335697889328,0.6200284957885742,-2.9554147720336914,-3.3895044326782227,-4.516513824462891,0.3353515565395355,1.1704471111297607,1.6014517545700073,-1.6037973165512085
-1.0526000261306763,0.011256586760282516,-0.9860520958900452,-0.4153256118297577,0.5689047574996948,0.33710333704948425,0.6246706247329712,-3.605170488357544,-3.9889495372772217,-4.478641033172607,-1.6259084939956665,0.06898795813322067,0.27433711290359497,-1.4052293300628662
-1.1478307247161865,0.0172200296074152,-1.1053428649902344,0.846868097782135,-0.21210668981075287,-0.4876517653465271,0.004574262071400881,-3.4998135566711426,-4.567453384399414,-5.019742965698242,1.9075263738632202,1.7724539041519165,1.7724539041519165,1.2500113248825073
-1.1337755918502808,0.013737458735704422,-1.132277011871338,0.5761894583702087,-0.4529247283935547,-0.5172001123428345,-0.44200560450553894,-3.8291327953338623,-4.976572513580322,-5.617360591888428,1.5922539234161377,-1.1408416032791138,-0.8566621541976929,-1.748244285583496
-1.1952282190322876,0.015483452938497066,-0.943397581577301,-0.26200640201568604,0.3222862482070923,0.6288922429084778,0.6572509407997131,-3.0436906814575195,-3.7463538646698,-4.792562961578369,0.7771434783935547,1.7114628553390503,1.7708803415298462,-1.5488026142120361
-1.1981745958328247,0.018288936465978622,-1.0199482440948486,0.8712307810783386,0.4467831552028656,-0.17675864696502686,0.10048934817314148,-2.5685832500457764,-3.455486297607422,-4.740786552429199,-1.7657831907272339,1.755257248878479,1.7724539041519165,1.6651296615600586
-1.0088480710983276,0.01877523399889469,-1.066733717918396,0.7868928909301758,0.604698657989502,0.11668016761541367,-0.03904910013079643,-2.9901113510131836,-3.3832895755767822,-4.601093292236328,-0.6710925102233887,1.6364684104919434,1.6904387474060059,1.4117425680160522
-1.1162339448928833,0.002445398597046733,-1.002982497215271,0.0435461662709713,-0.49006715416908264,0.1914648860692978,0.8492815494537354,-3.33180570602417,-4.380056381225586,-14.052865982055664,-1.5953861474990845,1.5639299154281616,1.7724539041519165,1.7168474197387695
-1.090000867843628,0.01723647117614746,-0.9723049998283386,-0.45479458570480347,0.49231112003326416,0.5671955943107605,0.4786238372325897,-3.407726526260376,-3.7833356857299805,-4.839610576629639,-1.491127610206604,1.6483969688415527,1.7229852676391602,-0.648973286151886
-0.9337754845619202,0.008591079153120518,-1.0875312089920044,-0.3518691956996918,0.365335077047348,0.6106966137886047,0.6080855131149292,-2.760202646255493,-3.605328321456909,-5.047140598297119,16.11809539794922,0.7821244597434998,1.1789896488189697,-1.5388089418411255
-1.0315885543823242,0.018654655665159225,-0.9701583981513977,0.7423800826072693,0.6393283605575562,-0.03137390315532684,0.19785542786121368,-3.150733232498169,-3.253222942352295,-4.242079257965088,0.5758312344551086,1.7255593538284302,1.760502576828003,1.1409742832183838
-0.8547747731208801,0.005271429196000099,-1.2677605152130127,0.6586920619010925,0.7500057220458984,-0.0022003999911248684,-0.06009429320693016,-3.0788989067077637,-4.182858943939209,-4.807424545288086,-1.6865973472595215,0.18985992670059204,0.761590838432312,-1.4461349248886108
-0.888920247554779,0.01151621900498867,-1.1876366138458252,-0.48115941882133484,0.5436905026435852,0.5059783458709717,0.465695321559906,-3.2881393432617188,-3.5365710258483887,-5.126406192779541,0.12920331954956055,1.5138847827911377,1.3332979679107666,-1.603337049484253
-0.9006059169769287,0.0003567779785953462,-1.1920615434646606,-0.2996646463871002,0.2684134542942047,0.6560336351394653,0.6385728120803833,-3.1073060035705566,-4.055639266967773,-4.926515102386475,-0.8358879685401917,0.7213327884674072,1.1690372228622437,-1.525463581085205
-0.8249281644821167,0.009004362858831882,-1.1908200979232788,0.8296704292297363,0.5116890668869019,-0.10147062689065933,0.19880889356136322,-3.6296260356903076,-3.6930315494537354,-4.622488975524902,16.11809539794922,1.7562217712402344,1.6670646667480469,1.5290426015853882
-0.8879861831665039,0.01398473884910345,-1.1490955352783203,0.696384847164154,0.6917407512664795,0.1888962686061859,0.029343944042921066,-3.5233118534088135,-4.233813762664795,-4.689963340759277,-0.5004351735115051,1.6616357564926147,1.6055244207382202,-1.0243102312088013
-0.7988273501396179,0.011228336952626705,-1.2285455465316772,0.6738629937171936,0.6681660413742065,0.1971689909696579,-0.24614474177360535,-3.3752005100250244,-3.7272281646728516,-4.670835018157959,3.1046302318573,0.8958854675292969,1.2856426239013672,-1.4388434886932373
-0.8482104539871216,0.0017104900907725096,-1.1772104501724243,0.0435461662709713,0.8547924757003784,0.1914648860692978,-0.4803902506828308,-4.815030097961426,-10.145505905151367,-3.9234092235565186,-0.7286538481712341,0.7298339009284973,1.067833662033081,-0.18767161667346954
-0.7432692646980286,-0.002317301230505109,-1.2213835716247559,-0.4084944427013397,0.5282939672470093,0.5108920931816101,0.541319727897644,-3.626973867416382,-3.916301727294922,-5.367745399475098,3.59242582321167,0.28857988119125366,0.7476966977119446,-1.400933861732483
-0.6714719533920288,0.006181280594319105,-1.2656384706497192,-0.38640034198760986,0.36759787797927856,0.6101157069206238,0.5859397649765015,-3.4233741760253906,-3.8407723903656006,-4.9322509765625,-0.3425801694393158,0.929155170917511,1.0604088306427002,-1.4711965322494507
-0.7223286628723145,0.012736166827380657,-1.2536280155181885,0.6960698962211609,0.6375988125801086,-0.20227883756160736,0.2608403265476227,-3.2106399536132812,-4.352631568908691,-5.108576774597168,0.28195762634277344,1.5567611455917358,1.533986210823059,-1.4883779287338257
-0.6469627022743225,0.012012708000838757,-1.2742947340011597,0.8275342583656311,0.5439132452011108,-0.10967955738306046,0.08553265780210495,-3.239518404006958,-4.029933929443359,-4.610556125640869,0.12946182489395142,1.5943270921707153,1.7264724969863892,0.9654583930969238
-0.7299466133117676,0.00037729297764599323,-1.1423163414001465,0.5431174635887146,-0.6997066140174866,-0.28798073530197144,-0.3640071451663971,-3.068902015686035,-3.564548969268799,-5.195847034454346,1.551957130432129,-0.1501149833202362,0.25137627124786377,-1.1460316181182861
-0.640566349029541,0.0061738151125609875,-1.1774582862854004,0.5950303077697754,-0.6757350564002991,-0.3120812475681305,-0.3031935691833496,-3.090930700302124,-4.559419631958008,-4.960158824920654,-1.0837242603302002,0.24431093037128448,0.49212077260017395,-1.5864715576171875
-0.8741735219955444,0.014460968784987926,-1.2714165449142456,0.6544642448425293,-0.6514623165130615,-0.2856670320034027,-0.2562570869922638,-3.373199939727783,-4.427562236785889,-5.008408069610596,-0.0471435971558094,1.568692684173584,1.664435863494873,0.3252313733100891
-0.8345691561698914,0.01811024360358715,-1.2891343832015991,0.7492848038673401,0.6472432017326355,-0.11043738573789597,0.08632603287696838,-3.536503791809082,-4.146255016326904,-5.416698932647705,-0.7196587920188904,-1.4576994180679321,-1.5196737051010132,-1.6551896333694458
-0.8332405686378479,0.016239602118730545,-1.2505288124084473,0.7830257415771484,0.6042388677597046,0.14748698472976685,0.003695735242217779,-3.4963252544403076,-4.332921981811523,-5.182934284210205,-1.8413091897964478,1.4240561723709106,1.4584434032440186,1.2976044416427612
-0.8929435610771179,0.02275078371167183,-1.1322828531265259,0.6481185555458069,-0.6283978819847107,-0.36754944920539856,-0.22353047132492065,-3.2119638919830322,-3.867877244949341,-4.7019453048706055,-0.08830016851425171,1.5982142686843872,1.7594434022903442,1.317494511604309
-0.8018705248832703,0.0085479486733675,-1.1624382734298706,0.5478858947753906,-0.6651577353477478,-0.36308398842811584,-0.35433921217918396,-3.107037305831909,-3.7425637245178223,-5.756068706512451,0.8493815064430237,1.3115824460983276,1.264756679534912,-1.7190775871276855
-0.8308797478675842,0.018733112141489983,-1.1650358438491821,0.5853391289710999,-0.641242504119873,-0.3553887903690338,-0.34624412655830383,-4.0462117195129395,-4.283127307891846,-5.37144136428833,3.4135348796844482,1.7054364681243896,1.6104964017868042,-1.6239558458328247
-0.7833216190338135,0.011061026714742184,-1.1251884698867798,0.7038480043411255,0.6565186977386475,0.1647110879421234,-0.21552594006061554,-3.0215601921081543,-3.1562163829803467,-5.727452278137207,2.722325563430786,0.7264893651008606,1.3346433639526367,-1.5692254304885864
-0.7337552905082703,0.012272835709154606,-1.2166999578475952,0.6423200964927673,0.7116550803184509,-0.11901573091745377,0.2584708631038666,-3.236151695251465,-4.38595724105835,-4.991395950317383,-1.7480276823043823,0.4559301435947418,1.1876553297042847,0.8503632545471191
-0.7008528113365173,0.01521780900657177,-1.281817078590393,0.7843199968338013,0.6060903668403625,0.13145487010478973,-0.014702524989843369,-3.9750022888183594,-4.584208965301514,-5.467226028442383,-0.013694936409592628,-1.4884059429168701,-1.3438061475753784,-1.6451616287231445
-0.6208741068840027,0.001803428283892572,-1.2831670045852661,0.7446611523628235,0.6227558851242065,0.13795128464698792,-0.19653061032295227,-3.3549320697784424,-4.640167713165283,-5.031799793243408,-1.6600415706634521,0.00427783140912652,0.1875857561826706,-1.392124891281128
-0.7331185340881348,0.01278243213891983,-1.1262513399124146,0.7618564367294312,0.645336389541626,-0.054139286279678345,-0.013587340712547302,-2.2235333919525146,-2.68601131439209,-5.481258869171143,-1.0699317455291748,1.1327147483825684,1.617410659790039,-1.5358476638793945
-0.7795924544334412,0.014518353156745434,-1.1652666330337524,0.7253485918045044,0.6825736165046692,-0.030552992597222328,-0.083840511739254,-3.7323496341705322,-4.022430896759033,-4.89910364151001,0.7844465970993042,1.4656236171722412,1.636657476425171,0.12211901694536209
-0.8093737959861755,0.014279334805905819,-1.1750861406326294,0.6881815791130066,0.7165936231613159,-0.10151006281375885,0.05094527080655098,-4.176023960113525,-4.9726152420043945,-5.570082187652588,16.11809539794922,1.6551251411437988,1.7263877391815186,-1.6802544593811035
-0.8158403038978577,0.014081517234444618,-1.1801968812942505,0.6733188033103943,0.6811002492904663,-0.26786738634109497,-0.10483960807323456,-4.904435634613037,-5.063353538513184,-5.685993194580078,-0.44333043694496155,0.3437501788139343,0.5476085543632507,-1.7394341230392456
-0.6836154460906982,0.018642118200659752,-1.169193983078003,0.616966187953949,-0.6465203762054443,-0.32580140233039856,-0.30857351422309875,-3.4419074058532715,-3.856248378753662,-4.909254550933838,-1.1110143661499023,1.2953190803527832,1.5854448080062866,0.07952703535556793
-0.6561810374259949,0.012471366673707962,-1.172345519065857,0.7114012837409973,0.6614799499511719,-0.14194299280643463,0.19027534127235413,-3.635678768157959,-4.288086414337158,-5.028568267822266,-1.1449099779129028,0.13663561642169952,0.47353923320770264,-0.7862628698348999
-0.8682651519775391,0.008249763399362564,-1.0087999105453491,0.6749829053878784,0.6783348917961121,0.19204455614089966,-0.21766670048236847,-2.7468020915985107,-3.7689177989959717,-4.610118865966797,0.3526832163333893,-1.5615075826644897,-1.6025460958480835,-1.694989562034607
-0.9372485280036926,0.015687178820371628,-1.0579631328582764,0.5240157842636108,-0.5300903916358948,-0.5179355144500732,-0.4197075664997101,-3.171252727508545,-3.645216703414917,-4.8172078132629395,0.06856439262628555,1.3878121376037598,1.5560083389282227,0.29781055450439453
-0.8274664282798767,0.006993443239480257,-1.0989910364151,0.7676225304603577,0.6285945177078247,-0.11714975535869598,-0.043594930320978165,-3.66159725189209,-3.752439022064209,-5.472574710845947,-0.058419130742549896,-0.10486407577991486,0.2308153510093689,-1.4792685508728027
-0.8625879883766174,0.014121212996542454,-1.0982061624526978,-0.3305341601371765,0.33496490120887756,0.6587319374084473,0.5870416164398193,-3.221893787384033,-3.481680393218994,-5.626650810241699,0.3594796657562256,1.687015175819397,1.672307014465332,-1.4823307991027832
-0.9280410408973694,0.018781883642077446,-1.0020893812179565,0.6970285177230835,0.6316609382629395,0.2475946843624115,-0.23206163942813873,-3.2120983600616455,-3.866170644760132,-5.996814250946045,16.11809539794922,1.2966303825378418,1.5365794897079468,-1.3092325925827026
-0.6886736750602722,0.012163358740508556,-1.0684959888458252,0.7413351535797119,0.666916012763977,-0.06502632051706314,-0.03764116019010544,-3.0773167610168457,-3.331953763961792,-5.665658950805664,3.9538958072662354,0.8796200752258301,1.4067869186401367,-1.2912575006484985
-0.661354660987854,0.003423886839300394,-1.0659294128417969,0.026957150548696518,0.8329819440841675,-0.09746046364307404,-0.5439814925193787,-3.792412042617798,-14.40633487701416,-3.598557233810425,0.4712783396244049,0.2571795582771301,0.6186211109161377,-0.8827515840530396
-0.6816890835762024,0.014542246237397194,-1.1366143226623535,-0.40847504138946533,0.5363627672195435,0.6448305249214172,0.3600787818431854,-2.691981792449951,-3.1059646606445312,-4.016695499420166,-1.3747535943984985,1.6636230945587158,1.7663750648498535,1.0761219263076782
-0.7509310841560364,0.005776751320809126,-0.9867095351219177,-0.2427283227443695,0.3359045386314392,0.5306011438369751,0.7394008040428162,-2.6495981216430664,-3.3820905685424805,-4.658932209014893,-1.8554201126098633,-1.2082576751708984,-1.3877971172332764,-1.6284855604171753
-0.6483418345451355,0.009743907488882542,-0.9547961354255676,-0.4463852643966675,0.573318362236023,0.42909905314445496,0.5365820527076721,-3.2028961181640625,-3.7302987575531006,-5.312803268432617,16.11809539794922,0.4921514093875885,0.9484332203865051,-1.051214575767517
-0.653785228729248,0.005247976630926132,-0.9566369652748108,-0.21198983490467072,0.5299462676048279,0.47291314601898193,0.6712454557418823,-3.4740636348724365,-3.8694376945495605,-4.575699806213379,-1.0352703332901,0.6152628660202026,0.6752650141716003,0.275287002325058
-0.6359425187110901,0.008109447546303272,-0.990863561630249,-0.20226290822029114,0.3244955539703369,0.5509297251701355,0.7418010234832764,-3.7361865043640137,-4.4451823234558105,-6.047405242919922,16.11809539794922,0.12493443489074707,0.5188506245613098,-1.1502784490585327
-1.2265689373016357,0.019509319216012955,-1.2304047346115112,0.8425244092941284,0.42422813177108765,-0.22470538318157196,0.24431662261486053,-3.3197262287139893,-4.554872512817383,-5.553239345550537,-0.7713358998298645,1.6934456825256348,1.70180344581604,0.40649938583374023
-1.2394664287567139,0.02843441814184189,-1.1795778274536133,0.7810423970222473,0.49110522866249084,-0.26248395442962646,0.2826491892337799,-2.252363443374634,-3.2151007652282715,-4.0562639236450195,-1.2159512042999268,1.743068814277649,1.75606107711792,1.6314411163330078
-1.2834113836288452,0.022924307733774185,-1.0530718564987183,-0.4250958263874054,0.49390909075737,0.5059460401535034,0.5651246905326843,-2.551443099975586,-3.76442813873291,-5.302358150482178,-0.44480136036872864,1.4182884693145752,1.6899422407150269,-1.4308868646621704
-0.990134060382843,0.022329000756144524,-1.1445506811141968,0.5893704295158386,-0.5950735211372375,-0.4131496250629425,-0.35754358768463135,-3.532121181488037,-3.642554521560669,-4.923530101776123,2.2945220470428467,1.642406702041626,1.732848882675171,0.7903832793235779
-1.033678650856018,0.016960129141807556,-1.1817357540130615,-0.42001110315322876,0.3112366795539856,0.7088168263435364,0.47360432147979736,-3.827408790588379,-5.030399799346924,-5.908190727233887,-2.180098056793213,-0.565336287021637,-0.44312816858291626,0.08744890987873077
-1.0632541179656982,0.01988186128437519,-1.2196731567382812,0.6082020998001099,-0.6296730637550354,-0.32191094756126404,-0.36052095890045166,-3.3617191314697266,-3.763956308364868,-6.088339805603027,-1.8330981731414795,-1.4752161502838135,-1.3253380060195923,-1.3314707279205322
-1.1829731464385986,0.02397911436855793,-1.2464061975479126,-0.49944692850112915,0.4666622281074524,0.5374977588653564,0.4938373267650604,-4.155965805053711,-4.6112799644470215,-5.930222034454346,-1.4622769355773926,-0.27644017338752747,-0.2817263603210449,-1.6766668558120728
-1.1657840013504028,0.024056654423475266,-1.1323027610778809,-0.3741241693496704,0.348793625831604,0.6074485182762146,0.6077667474746704,-3.3238706588745117,-3.7483372688293457,-5.080499172210693,-0.7356255650520325,1.7724539041519165,1.7724539041519165,0.5703201293945312
-1.0982667207717896,0.021216705441474915,-1.0047775506973267,0.7796787619590759,0.5966456532478333,-0.06556528061628342,0.17837105691432953,-3.258092164993286,-3.9435908794403076,-4.868011951446533,-0.19160804152488708,1.7265642881393433,1.7523554563522339,1.0121828317642212
-1.0515422821044922,0.007896120660007,-0.9305543303489685,-0.2968344986438751,0.3241291642189026,0.5641785860061646,0.6989507079124451,-2.8496079444885254,-3.624720811843872,-5.2448625564575195,1.1592681407928467,1.1472814083099365,1.4567948579788208,-1.5801668167114258
-1.0783603191375732,0.01928757317364216,-1.0331223011016846,0.7886692881584167,-0.4371814429759979,-0.39909881353378296,-0.16611211001873016,-4.0942254066467285,-5.38555383682251,-5.814699172973633,-0.7989805340766907,1.7179967164993286,1.7225348949432373,0.18671870231628418
-0.940952479839325,0.023137902840971947,-1.0039747953414917,-0.35223326086997986,0.3437472879886627,0.6564735174179077,0.5716747641563416,-3.362187623977661,-3.524162530899048,-4.8716349601745605,-1.058958888053894,1.6624970436096191,1.6875864267349243,1.5182745456695557
-1.2751972675323486,0.02636983059346676,-1.1486045122146606,0.507736086845398,-0.5137384533882141,-0.43706464767456055,-0.5359583497047424,-3.300753116607666,-4.194614887237549,-6.6851325035095215,-2.7930963039398193,0.3825362026691437,0.7938634753227234,-1.6734018325805664
-1.2736321687698364,0.019919538870453835,-0.9386194348335266,-0.40827566385269165,0.4312625825405121,0.5628962516784668,0.5748664140701294,-3.281222343444824,-3.877774238586426,-5.156346797943115,0.11687333881855011,-1.6478835344314575,-1.6445586681365967,-1.75833261013031
-1.121272087097168,0.025715919211506844,-0.9232100248336792,0.5698798894882202,-0.5145823955535889,-0.4689766466617584,-0.4364662170410156,-3.215341567993164,-3.8972344398498535,-5.104150772094727,-1.1030622720718384,1.7659270763397217,1.7691543102264404,0.7371422052383423
-0.7757494449615479,0.02099836803972721,-1.2325674295425415,-0.3360365629196167,0.30327779054641724,0.6880304217338562,0.5672003030776978,-3.2701797485351562,-3.8408405780792236,-4.882129192352295,-0.21530549228191376,1.7228455543518066,1.7714711427688599,0.339152455329895
-0.8526413440704346,0.022527150809764862,-1.2056891918182373,0.5103899836540222,-0.5069951415061951,-0.4950774013996124,-0.4871922731399536,-3.7162046432495117,-3.8965234756469727,-4.933835983276367,-0.9663528203964233,1.748414158821106,1.766121745109558,-0.10960071533918381
-0.9526047110557556,0.017406204715371132,-1.1663366556167603,0.5345951318740845,-0.4262670874595642,-0.606272280216217,-0.4061259925365448,-3.917205572128296,-5.289779186248779,-6.185918807983398,-0.4829762279987335,-0.959347665309906,-0.8795702457427979,-1.4009010791778564
-0.8868768811225891,0.025487862527370453,-1.1397637128829956,0.8181198835372925,0.42800113558769226,0.2500038743019104,-0.29153552651405334,-3.7025187015533447,-4.181528568267822,-5.246109485626221,0.43561503291130066,1.7482308149337769,1.7603920698165894,0.5274379849433899
-0.8480256199836731,0.017203256487846375,-1.153867244720459,0.7066512107849121,0.652910053730011,0.1761619746685028,-0.2081332504749298,-4.393374443054199,-4.784666538238525,-5.8571248054504395,-0.008456039242446423,1.5446590185165405,0.1212460845708847,-1.7724539041519165
-0.7719748616218567,0.02227136678993702,-1.0898816585540771,0.7286602854728699,0.6120089292526245,-0.2121075838804245,0.22250758111476898,-2.8622002601623535,-3.66741943359375,-4.811774730682373,-0.2740291655063629,1.6898081302642822,1.76081383228302,1.495490312576294
-0.7943059802055359,0.019235530868172646,-1.2929109334945679,0.3961659371852875,0.917221188545227,-0.025760166347026825,0.033078938722610474,-4.298124313354492,-5.338159084320068,-5.784706115722656,-1.0707075595855713,1.1353955268859863,1.357102870941162,0.07031523436307907
-0.7492890357971191,0.019689925014972687,-1.1843945980072021,0.5482118129730225,-0.5353385806083679,-0.5090425610542297,-0.39211225509643555,-3.296271562576294,-3.6552627086639404,-4.701233386993408,-1.173431634902954,1.6690534353256226,1.7724539041519165,1.5473299026489258
-0.6074619293212891,0.004938219208270311,-1.2703841924667358,0.8105359673500061,0.5564651489257812,0.09213689714670181,-0.15776187181472778,-3.466620922088623,-4.235332489013672,-4.5870680809021,16.11809539794922,1.21687912940979,1.514134407043457,-0.0019736066460609436
-0.8939754962921143,0.018486419692635536,-1.0851681232452393,-0.4913681149482727,0.4437711238861084,0.5784578919410706,0.47645676136016846,-3.6896562576293945,-3.8867647647857666,-5.201742172241211,1.7140071392059326,1.6204595565795898,1.6990059614181519,0.3899054229259491
-0.6203974485397339,0.014660662040114403,-1.088080883026123,-0.44234567880630493,0.5610126852989197,0.5225666761398315,0.46531617641448975,-3.53340744972229,-3.6678173542022705,-4.763426780700684,0.14838877320289612,1.572982668876648,1.6937087774276733,0.5887609720230103
-0.668805718421936,0.017978284507989883,-0.98902827501297,0.6137380599975586,0.6973873376846313,0.2054145336151123,-0.30786579847335815,-3.2645907402038574,-4.762206554412842,-5.345749378204346,-1.372462272644043,-1.3560388088226318,-1.3097249269485474,-1.2452383041381836
-0.6496122479438782,0.020068161189556122,-0.9656459093093872,0.7239795923233032,0.6894661784172058,0.018360616639256477,-0.012362229637801647,-3.7241225242614746,-3.9108986854553223,-5.125777721405029,0.27772101759910583,1.7380187511444092,1.7473140954971313,1.4198299646377563
-0.7338449358940125,0.024680009111762047,-1.034102439880371,0.875049352645874,0.47269824147224426,-0.09425462782382965,0.04428435489535332,-3.0641064643859863,-4.440593242645264,-5.614376068115234,-1.1650078296661377,1.7061105966567993,1.7451579570770264,0.788768470287323
-0.6720364093780518,0.011615817435085773,-0.9518314599990845,-0.3895114064216614,0.5180079340934753,0.4601936340332031,0.6067705750465393,-3.811621904373169,-4.532245635986328,-4.939924716949463,-1.3344428539276123,-0.2992940843105316,-0.2720164954662323,0.17741312086582184
-0.6508422493934631,0.020497702062129974,-0.9508978724479675,-0.47869330644607544,0.4570634365081787,0.5384292602539062,0.5215741991996765,-3.293646812438965,-3.9570748805999756,-5.636057376861572,-1.3377654552459717,1.7192176580429077,1.720768690109253,-0.24120305478572845
-1.1764451265335083,0.009078403934836388,-0.8471335172653198,-0.2364870011806488,0.3894050419330597,0.584574818611145,0.671349287033081,-3.0589847564697266,-4.601368427276611,-4.8100152015686035,-1.540150761604309,-1.1078038215637207,-0.8539195656776428,-1.593051791191101
-1.163729190826416,0.020316511392593384,-0.907962441444397,-0.3655050992965698,0.4424431025981903,0.6629272103309631,0.4808093309402466,-3.3009092807769775,-3.8217320442199707,-4.571183681488037,-0.24201233685016632,1.5758477449417114,1.5936483144760132,1.370471477508545
-1.2735531330108643,0.019725648686289787,-0.8047302961349487,-0.4017908275127411,0.4270510971546173,0.5504070520401001,0.5943429470062256,-2.81829571723938,-3.5017549991607666,-5.209463596343994,-0.564607560634613,-1.7160133123397827,-1.582707405090332,-1.7543302774429321
-1.1526352167129517,0.013003090396523476,-0.8729605078697205,0.5213208794593811,-0.5004624128341675,-0.3741302192211151,-0.5811957120895386,-4.021329402923584,-4.705301761627197,-5.595155715942383,-1.3135401010513306,-0.7740219235420227,-0.7736647129058838,-1.686115026473999
-1.160299301147461,0.015997178852558136,-0.8301467299461365,0.5025163292884827,0.7941683530807495,0.039748843759298325,-0.3394024670124054,-3.7714781761169434,-4.886058807373047,-5.3232927322387695,-2.3158726692199707,-0.09660707414150238,-0.871091902256012,-1.7536275386810303
-1.2272188663482666,0.02010454051196575,-0.8367379307746887,0.6982448101043701,0.6379534006118774,-0.24981474876403809,0.20751449465751648,-3.868123769760132,-4.555325031280518,-6.0508856773376465,1.4521304368972778,1.2765207290649414,0.7523472905158997,-1.6818655729293823
-1.2024333477020264,0.00806588213890791,-0.8467516899108887,0.27164512872695923,-0.11404947936534882,-0.0034560449421405792,0.9556096196174622,-10.147452354431152,-5.384091377258301,-3.5295259952545166,-2.053239107131958,1.7724539041519165,1.7724539041519165,-1.7724539041519165
-1.041836142539978,0.004873833153396845,-0.9522709846496582,-0.10575497150421143,0.7221407294273376,0.0034560449421405792,-0.6836056709289551,-3.1383323669433594,-10.771309852600098,-3.7270331382751465,0.26028311252593994,1.1329803466796875,1.5639299154281616,-1.4666187763214111
-0.9918417930603027,0.013807046227157116,-0.894745945930481,0.7410113215446472,-0.2886078655719757,-0.5703149437904358,-0.20578758418560028,-3.0953688621520996,-4.239984035491943,-5.087224006652832,0.20974896848201752,1.3772717714309692,1.4773632287979126,0.37877941131591797
-1.1320496797561646,0.01695457473397255,-0.8840559124946594,0.5559473037719727,0.7539934515953064,0.15066680312156677,-0.3157784044742584,-3.700904607772827,-4.566565990447998,-5.272615432739258,1.1929197311401367,1.5749058723449707,1.6609346866607666,-1.7448079586029053
-0.9603448510169983,0.008980534970760345,-0.9208958148956299,-0.34335315227508545,0.49685946106910706,0.4878876507282257,0.6302419900894165,-3.207907199859619,-3.8957858085632324,-5.125302314758301,1.7529773712158203,-1.5635946989059448,-1.5017175674438477,-1.7714338302612305
-1.1186614036560059,0.012750244699418545,-0.8699257969856262,-0.41084030270576477,0.5071479678153992,0.5011186003684998,0.5682353377342224,-3.3008639812469482,-3.8335354328155518,-5.471579551696777,16.11809539794922,0.7900092601776123,1.2894142866134644,-1.7693828344345093
-1.0219782590866089,0.010991121642291546,-0.8713375926017761,0.9108247756958008,0.1807970404624939,-0.3657870590686798,0.06253388524055481,-2.1146748065948486,-4.012305736541748,-4.972149848937988,-1.0301142930984497,1.7358535528182983,1.6911253929138184,1.4182368516921997
-0.9675769209861755,0.01692848466336727,-0.8235713243484497,0.6912509202957153,0.6604124903678894,-0.14383481442928314,0.2556150257587433,-3.9292211532592773,-4.690019607543945,-4.883697986602783,0.42105093598365784,1.2253066301345825,0.32675662636756897,-1.6728243827819824
-1.0034947395324707,0.005350051913410425,-0.7990137934684753,0.9438015222549438,-0.2565557360649109,-0.13676278293132782,-0.15720610320568085,-3.6207680702209473,-3.9661362171173096,-5.134535789489746,-0.6629413366317749,1.6324583292007446,0.2963230609893799,-1.6448758840560913
-1.0755887031555176,0.0018184074433520436,-0.7226094007492065,-0.36016637086868286,0.381589412689209,0.5216553211212158,0.6727150082588196,-2.818469762802124,-3.338524580001831,-5.597048282623291,0.07252787798643112,1.6035505533218384,0.4554494023323059,-1.3473825454711914
-1.16386878490448,0.018794067203998566,-0.7177926898002625,0.8659921884536743,-0.3797658085823059,0.32435253262519836,-0.02511749044060707,-4.297381401062012,-4.519828796386719,-5.388373851776123,-0.6324856877326965,1.017463207244873,-0.5593000650405884,-1.611039638519287
-1.187445878982544,0.014257426373660564,-0.6575340628623962,0.55977463722229,0.2007003128528595,-0.7381840348243713,0.31852173805236816,-4.091418266296387,-4.478612899780273,-5.303797721862793,0.17423945665359497,1.3964343070983887,-0.5866443514823914,-1.5651154518127441
-1.1688289642333984,0.023552339524030685,-0.6400401592254639,0.7756622433662415,0.6300897598266602,0.01574455201625824,-0.03297124430537224,-3.632741928100586,-3.8416521549224854,-5.021280288696289,0.20886050164699554,1.7724539041519165,1.7545506954193115,0.9479329586029053
-1.135758638381958,0.008501100353896618,-0.6564434766769409,-0.44589340686798096,0.4835476577281952,0.4500090777873993,0.6040302515029907,-3.0985114574432373,-3.325249671936035,-5.439509391784668,0.38511425256729126,1.7580209970474243,0.6237585544586182,-1.6164830923080444
-1.1206804513931274,0.014734755270183086,-0.7486732602119446,-0.37427887320518494,-0.14282625913619995,0.8477209806442261,-0.3476853370666504,-3.6277291774749756,-4.713834762573242,-5.023200511932373,0.4132407605648041,1.684934139251709,0.44658762216567993,-0.9186832904815674
-1.0552306175231934,0.01732807420194149,-0.7794330716133118,0.5940302610397339,0.7419419288635254,-0.25180602073669434,0.18232914805412292,-4.0511474609375,-4.248138427734375,-4.7025628089904785,0.8125641942024231,1.7314804792404175,1.5073045492172241,0.4664049744606018
-1.1530654430389404,0.02987341582775116,-0.7693712115287781,0.7357653379440308,0.6582921147346497,-0.07931115478277206,0.13787871599197388,-3.6332664489746094,-4.0455780029296875,-4.7322001457214355,-1.338832139968872,1.5841267108917236,1.7116113901138306,1.6981923580169678
-0.9826960563659668,0.0187864787876606,-0.8037291169166565,0.7553799748420715,0.6384683847427368,-0.012236357666552067,0.14700177311897278,-3.753474712371826,-4.20799446105957,-4.641430854797363,-0.05980922281742096,1.7470996379852295,1.6050143241882324,0.1860169619321823
-1.007886290550232,0.018547508865594864,-0.7811546325683594,0.6214504241943359,-0.5787248015403748,-0.45178642868995667,-0.27343371510505676,-3.7270994186401367,-4.476443767547607,-5.355233669281006,-1.6533868312835693,0.9210114479064941,0.35684576630592346,-0.7366300225257874
-1.0353883504867554,0.01884748972952366,-0.7838927507400513,0.5354269742965698,-0.7515760064125061,-0.23905731737613678,-0.3021639585494995,-3.7679693698883057,-4.553378105163574,-4.786179065704346,1.720875859260559,1.7703336477279663,1.4837331771850586,0.3900209665298462
-1.0988305807113647,0.025424905121326447,-0.6560042500495911,0.6278699040412903,-0.5670446157455444,-0.4235684275627136,-0.32377395033836365,-2.9556503295898438,-3.6392199993133545,-4.531071186065674,1.0330705642700195,1.771966814994812,1.7644028663635254,1.3449788093566895
-1.131933569908142,0.020494535565376282,-0.722895085811615,0.5583989024162292,0.7567103505134583,0.20277094841003418,-0.2728809714317322,-3.4622931480407715,-4.130500793457031,-4.954411506652832,-0.13792423903942108,1.739732027053833,1.5102123022079468,-0.14400622248649597
-0.9621810913085938,0.019600167870521545,-0.8248894214630127,0.9536810517311096,-0.2428901046514511,-0.011539177037775517,0.17709796130657196,-4.387443542480469,-4.698493480682373,-4.804748058319092,3.7936344146728516,0.03877362608909607,-0.6530511975288391,-1.6357026100158691
-0.6651829481124878,0.016873907297849655,-0.8669952750205994,0.6660383343696594,0.6624433994293213,-0.2807706892490387,0.19679801166057587,-2.5831003189086914,-3.511640787124634,-5.4752888679504395,-1.9046380519866943,-1.6840096712112427,-1.6561553478240967,-1.3373596668243408
-0.9674503207206726,-0.0008761421195231378,-0.7506580948829651,0.8703263998031616,-0.07138953357934952,-0.48613300919532776,0.03332000970840454,-3.0415751934051514,-4.118833065032959,-4.465302467346191,-0.24343112111091614,1.1411234140396118,1.0559372901916504,0.3149862289428711
-0.8551374673843384,0.0068734451197087765,-0.7749015688896179,0.48761695623397827,0.8223049640655518,-0.1368391513824463,0.25945955514907837,-3.638573408126831,-4.032985210418701,-5.015117168426514,3.1885342597961426,1.0599427223205566,0.16415803134441376,-1.2523568868637085
-0.8766267895698547,0.0013521972578018904,-0.7138123512268066,0.7709584832191467,-0.48854073882102966,-0.27820563316345215,-0.29925337433815,-3.5557074546813965,-3.8258492946624756,-5.00394868850708,1.8145030736923218,1.346889615058899,0.6235888004302979,-0.7831066250801086
-0.8999451994895935,0.010797169990837574,-0.676899790763855,0.5969411730766296,0.7904582619667053,-0.13563817739486694,-0.020958293229341507,-3.9282009601593018,-4.058434963226318,-4.730645656585693,0.008085993118584156,1.320380449295044,0.6147124171257019,-0.4071371555328369
-0.8189358711242676,0.0055357832461595535,-0.6857867240905762,0.6157917976379395,0.7681671977043152,0.17431709170341492,0.018252305686473846,-3.5501484870910645,-3.8764281272888184,-5.035158157348633,16.11809539794922,1.1745678186416626,0.7418939471244812,-0.7972087860107422
-0.9131986498832703,0.01863972097635269,-0.6693698167800903,0.792054295539856,0.59144526720047,0.09897303581237793,-0.114222452044487,-3.369385242462158,-4.1122260093688965,-4.819047451019287,-0.8419798016548157,1.7281692028045654,1.4554288387298584,0.2434675544500351
-0.8152644634246826,0.010915911756455898,-0.7232688665390015,-0.4737851023674011,0.13753019273281097,0.5742490887641907,0.6533384323120117,-3.862699270248413,-3.9005870819091797,-5.229854106903076,16.11809539794922,1.5647597312927246,0.8820236921310425,-1.3913445472717285
-0.8053757548332214,0.0016291005304083228,-0.6902477741241455,0.5640711784362793,0.7869195342063904,0.04512456804513931,0.2460591048002243,-3.8309485912323,-4.0376739501953125,-5.085751056671143,1.8600897789001465,1.0413092374801636,0.07222554832696915,-1.4118551015853882
-0.9064851403236389,0.022487090900540352,-0.7654718160629272,0.7016671895980835,0.6808938980102539,-0.15555289387702942,0.14088985323905945,-3.985567569732666,-4.249602794647217,-5.3140082359313965,3.95762300491333,1.7192530632019043,1.5529091358184814,0.5855894684791565
-0.8523774743080139,0.023484207689762115,-0.6756638288497925,-0.47700920701026917,0.4689294397830963,0.5350570678710938,0.5160245299339294,-3.806694269180298,-4.332187652587891,-4.7934746742248535,0.30370405316352844,1.7711104154586792,1.7661840915679932,1.1940118074417114
-0.769575297832489,0.019343052059412003,-0.6543096303939819,0.7549566626548767,-0.4388372004032135,-0.47833991050720215,-0.09302306920289993,-3.8484208583831787,-4.216139793395996,-5.653254508972168,16.11809539794922,1.588225245475769,1.1354870796203613,-1.19652259349823
-1.2474329471588135,0.019444318488240242,-0.8841385841369629,0.511861264705658,-0.5405869483947754,-0.47000113129615784,-0.4741969406604767,-3.359830141067505,-4.543384552001953,-5.9673895835876465,0.21098534762859344,1.1965081691741943,1.3237544298171997,-1.5312236547470093
-1.2145475149154663,0.023794719949364662,-0.8634126782417297,-0.27047738432884216,0.3035309910774231,0.6172022819519043,0.6736262440681458,-3.643078088760376,-4.04097843170166,-5.6006317138671875,3.6577694416046143,1.7578145265579224,1.736322283744812,-1.4591193199157715
-1.1561377048492432,0.016819430515170097,-0.864856481552124,0.6202449798583984,-0.6727835536003113,-0.29762348532676697,-0.27217406034469604,-3.3392724990844727,-4.004261493682861,-6.158723831176758,-1.7029640674591064,1.5830100774765015,0.4388425350189209,-1.7724504470825195
-1.2041809558868408,0.02518945187330246,-0.8525210022926331,0.7842572927474976,0.5168845057487488,0.2575776278972626,-0.22677011787891388,-3.940183162689209,-4.373477458953857,-5.555837154388428,0.3701254427433014,1.7617881298065186,1.7707574367523193,-0.21887628734111786
-1.1737995147705078,0.023201795294880867,-0.8950861692428589,-0.2564656436443329,0.3215668797492981,0.5822306871414185,0.7013041973114014,-3.3936944007873535,-4.135633945465088,-5.725929260253906,-0.3148515820503235,1.7720911502838135,1.741172194480896,-1.5734583139419556
-1.2271007299423218,0.027127765119075775,-0.8370817303657532,0.5925512313842773,-0.6854017972946167,-0.35704630613327026,-0.22721219062805176,-3.4499094486236572,-4.6749467849731445,-4.965278148651123,0.12898658215999603,1.7708531618118286,1.7706753015518188,1.0267789363861084
-1.2064753770828247,0.018247678875923157,-0.840478241443634,-0.3476215898990631,0.3325062692165375,0.6538490653038025,0.584020733833313,-3.7608978748321533,-4.594841003417969,-5.916826248168945,1.343855381011963,-1.1018106937408447,-1.357140064239502,-1.6129800081253052
-1.193987488746643,0.016942711547017097,-0.8288486003875732,-0.4184807538986206,0.49905523657798767,0.6235368251800537,0.4324575662612915,-5.220002174377441,-5.704559326171875,-6.2699127197265625,-0.045697733759880066,0.15425103902816772,-0.09401970356702805,-0.47964075207710266
-1.1675091981887817,0.022937588393688202,-0.819840133190155,-0.30115240812301636,0.2869749069213867,0.6448620557785034,0.6411751508712769,-3.930204391479492,-4.610157012939453,-5.688766002655029,0.3658475875854492,1.736861228942871,1.67435884475708,-1.6326723098754883
-1.1556390523910522,0.0195460245013237,-0.795254647731781,-0.319623738527298,0.421895295381546,0.6059668660163879,0.5938427448272705,-3.6326236724853516,-3.875760316848755,-5.42993688583374,-0.5103601813316345,0.32756346464157104,0.9214769005775452,-1.765161395072937
-1.0110039710998535,0.01754903793334961,-0.8840087056159973,-0.2917373478412628,0.2642078101634979,0.6427810788154602,0.657203197479248,-3.4699816703796387,-3.653104066848755,-5.0784196853637695,0.8388661742210388,1.4979976415634155,1.7326890230178833,-0.9522393345832825
-1.066269874572754,0.01868843287229538,-0.8142975568771362,0.7943905591964722,0.5908903479576111,0.10862064361572266,-0.08940822631120682,-3.754423141479492,-4.537890911102295,-5.874956130981445,-2.4966940879821777,0.5055559277534485,0.03257092460989952,-0.6845058798789978
-1.0336849689483643,0.023158466443419456,-0.8204059600830078,0.847135603427887,0.5172966122627258,0.10280806571245193,-0.06477584689855576,-4.246985912322998,-5.542171955108643,-5.9903388023376465,0.8704498410224915,1.6050300598144531,1.5968080759048462,1.5767219066619873
-1.0690840482711792,0.028092393651604652,-0.8087159395217896,0.829667329788208,0.5329320430755615,0.14461109042167664,-0.08199470490217209,-3.6622188091278076,-4.72029972076416,-5.036027431488037,0.4080372154712677,1.4984387159347534,0.7171212434768677,-1.6635721921920776
-1.005972146987915,0.02833009883761406,-0.8205792307853699,0.9451069235801697,0.299075722694397,0.06169239804148674,0.11627820879220963,-4.03325080871582,-4.965590000152588,-5.497069835662842,3.799105644226074,1.5903472900390625,1.0659263134002686,-1.5558422803878784
-1.2447736263275146,0.025108588859438896,-0.8375917673110962,-0.3467012941837311,0.35013923048973083,0.6153135895729065,0.6152966022491455,-3.5513112545013428,-3.8287312984466553,-6.0076799392700195,-1.7965267896652222,1.7709628343582153,1.769925594329834,-0.6541434526443481
-1.184458613395691,0.026531001552939415,-0.8784037828445435,0.8470335602760315,0.4097273349761963,-0.23282302916049957,0.24586796760559082,-3.4209725856781006,-4.335712909698486,-5.7744646072387695,-1.1635544300079346,1.7724539041519165,1.7724539041519165,0.27387377619743347
-1.1540322303771973,0.026096319779753685,-0.7990490794181824,0.6703939437866211,0.6614457964897156,0.23599162697792053,-0.23951895534992218,-3.466902732849121,-3.961106061935425,-5.985394477844238,0.25073182582855225,1.7715264558792114,1.7704802751541138,-0.9545618295669556
-1.146461009979248,0.02877899818122387,-0.817611575126648,0.8620975613594055,-0.1706203818321228,-0.46778666973114014,0.09408551454544067,-3.442476749420166,-4.719680309295654,-4.97548770904541,-1.0950706005096436,1.6729810237884521,1.68858802318573,1.5666930675506592
-1.0835049152374268,0.03084767982363701,-0.8000722527503967,0.7688624858856201,0.5936626195907593,0.20897220075130463,0.11289706826210022,-3.875997304916382,-4.259142875671387,-4.714225769042969,-0.6921590566635132,1.764565110206604,1.7690860033035278,1.4359638690948486
-0.9706471562385559,0.032326437532901764,-0.819819986820221,0.8774238228797913,0.4754602015018463,-0.03142879903316498,0.05547279119491577,-4.13709020614624,-4.799983978271484,-5.524847507476807,16.11809539794922,1.7648659944534302,1.4516243934631348,-1.7218420505523682
-0.974161684513092,0.024847334250807762,-0.7630430459976196,0.6034548878669739,-0.5240752100944519,-0.5021613240242004,-0.3301839232444763,-3.4401915073394775,-3.6106157302856445,-4.504729747772217,-0.9226797223091125,1.6851637363433838,1.6133134365081787,1.4068275690078735
-1.043178677558899,0.03460017591714859,-0.8268367052078247,-0.4579817056655884,0.4653993546962738,0.5603957772254944,0.5095220804214478,-4.204105854034424,-4.753697395324707,-4.935629367828369,-2.41310977935791,1.7724539041519165,1.770771861076355,0.843808114528656
-0.9803541898727417,0.02594524435698986,-0.8281105756759644,0.6554896831512451,0.7477784752845764,-0.0016445373184978962,-0.10563099384307861,-4.761353015899658,-4.870767593383789,-5.565706253051758,-0.4895744323730469,0.1964501440525055,-0.5413405299186707,-0.4480128884315491
-1.2034000158309937,0.019422654062509537,-0.8055747151374817,0.7666261792182922,0.6322513818740845,0.1072186827659607,0.032351456582546234,-4.386013031005859,-5.186933517456055,-6.244863033294678,-2.606686592102051,-0.5255373120307922,-0.5365345478057861,1.0846972465515137
-1.1289739608764648,0.027125176042318344,-0.7535277009010315,0.926686704158783,-0.07565470784902573,0.3446581959724426,0.12937875092029572,-3.897002696990967,-4.6384124755859375,-5.730886459350586,0.6622323393821716,1.703192949295044,0.6821017265319824,-1.5638532638549805
-1.1872161626815796,0.02907104603946209,-0.6763263940811157,-0.3367302715778351,0.4052524268627167,0.45984429121017456,0.7147911787033081,-3.827643394470215,-4.564830303192139,-5.3046183586120605,0.06980845332145691,1.755118727684021,1.562071681022644,0.2580190896987915
-1.1517055034637451,0.024742962792515755,-0.7156442403793335,-0.3265484571456909,0.3383183777332306,0.6041778326034546,0.6433318853378296,-3.872596263885498,-4.31955099105835,-5.404292106628418,0.2620553970336914,1.730190634727478,1.6545335054397583,0.7660132050514221
-1.18489408493042,0.02354670874774456,-0.670976996421814,0.7639617919921875,0.5923104882240295,0.14651086926460266,-0.20991718769073486,-3.8780643939971924,-4.612311363220215,-5.246789932250977,-1.306138515472412,1.1313581466674805,0.6699921488761902,0.10931754112243652
-1.135370135307312,0.009061486460268497,-0.5985361933708191,0.6312296390533447,0.7512809634208679,0.10365127772092819,-0.16242682933807373,-2.958808183670044,-3.4726648330688477,-5.389645576477051,-0.5877416729927063,1.7108571529388428,0.8103048801422119,-1.4779586791992188
-1.080037236213684,0.020697029307484627,-0.7812116146087646,0.9387692809104919,-0.14689651131629944,0.2612490952014923,0.16994866728782654,-3.9722163677215576,-4.331796169281006,-5.521419048309326,0.4241071939468384,1.7118803262710571,0.7378823161125183,-1.6147698163986206
-1.08420991897583,0.023229466751217842,-0.7373358011245728,0.695300817489624,0.6480163335800171,-0.18725177645683289,0.248129740357399,-3.4496750831604004,-3.8045027256011963,-5.180359363555908,0.35908374190330505,1.7463089227676392,1.7594364881515503,1.3813010454177856
-1.012101411819458,0.02969425916671753,-0.8152870535850525,0.9305161237716675,0.013345248065888882,0.3348170220851898,0.14784851670265198,-4.0788893699646,-4.769216060638428,-4.964315891265869,-1.1405543088912964,0.4241931736469269,-0.7132614254951477,-1.7334837913513184
-1.0930087566375732,0.023239044472575188,-0.7764258980751038,0.639663577079773,0.7089012861251831,0.2142305225133896,-0.2058999091386795,-4.415096282958984,-4.577388763427734,-5.378632545471191,1.2626595497131348,1.751920223236084,1.6414241790771484,0.1850033700466156
-1.1393380165100098,0.02486485056579113,-0.778457760810852,-0.26497191190719604,0.28734713792800903,0.6838027834892273,0.6161454916000366,-3.676378011703491,-4.357982635498047,-5.139892101287842,-0.0024622094351798296,1.4805407524108887,1.1075208187103271,-1.5021902322769165
-1.1438556909561157,0.02442276105284691,-0.7588716149330139,-0.29831749200820923,0.35949796438217163,0.6507652997970581,0.5985586047172546,-3.5296030044555664,-4.587010860443115,-5.743330001831055,-1.8659600019454956,1.4163278341293335,1.4204380512237549,1.1885582208633423
-1.1748290061950684,0.028294552117586136,-0.7271880507469177,0.6186950206756592,0.7819734215736389,0.07443568110466003,-0.013904071412980556,-4.227816581726074,-4.826426029205322,-5.751861572265625,-1.7123823165893555,-1.1885368824005127,-1.2435230016708374,-0.553726851940155
-1.1808526515960693,0.024477019906044006,-0.6927380561828613,-0.21801072359085083,0.44543200731277466,0.3976539373397827,0.7719669938087463,-4.033599376678467,-5.040410995483398,-6.058535575866699,-0.1958101987838745,-0.26143452525138855,-1.122412085533142,-1.6668975353240967
-1.1830294132232666,0.028205662965774536,-0.705948531627655,-0.3678039610385895,0.2665416896343231,0.71183842420578,0.5356881618499756,-4.460023403167725,-5.94577693939209,-6.357673168182373,1.1598204374313354,0.6913273930549622,1.052077054977417,1.2663936614990234
-1.1709842681884766,0.03556564077734947,-0.71213698387146,-0.4526323080062866,-0.187154620885849,0.8187069892883301,-0.29969322681427,-3.8020272254943848,-5.069345474243164,-5.3215179443359375,1.4667580127716064,1.7430709600448608,1.2325074672698975,-1.4540855884552002
-1.1729483604431152,0.02231575921177864,-0.6249184608459473,-0.321127712726593,0.4006280303001404,0.520919144153595,0.6819218397140503,-3.580907106399536,-4.272247791290283,-4.959944248199463,0.1266402006149292,1.7724539041519165,1.7079434394836426,0.2448018342256546
-1.2133914232254028,0.02770748734474182,-0.618377685546875,-0.44653257727622986,0.4635268449783325,0.5307734608650208,0.5513901114463806,-3.749553680419922,-4.906274318695068,-5.891495227813721,-0.02678634785115719,-1.093409776687622,-1.3987624645233154,-1.6819967031478882
-1.1967763900756836,0.03493687883019447,-0.6540764570236206,0.583717942237854,0.07586532086133957,-0.8005650639533997,0.11230938136577606,-3.958345413208008,-4.865736484527588,-5.947895050048828,0.643063485622406,1.7443116903305054,1.1261701583862305,-1.1009907722473145
-1.1970505714416504,0.035754431039094925,-0.6674616932868958,0.5868875980377197,-0.11733881384134293,-0.7940245866775513,-0.10639303922653198,-4.323462963104248,-4.965850830078125,-5.6492085456848145,-0.5382165908813477,1.6296228170394897,1.7056169509887695,1.45034921169281
-1.033898115158081,0.03367580100893974,-0.8072108626365662,0.8663035035133362,0.48691853880882263,0.10432495921850204,-0.03930512070655823,-3.753345012664795,-4.829321384429932,-5.382722854614258,2.3134777545928955,1.7548772096633911,1.4603978395462036,-1.7271795272827148
-1.0143684148788452,0.027026405557990074,-0.7121098041534424,0.5022321343421936,-0.5071001648902893,-0.5325981974601746,-0.45491912961006165,-3.6341114044189453,-4.274372577667236,-5.232699871063232,0.4660606384277344,1.771625280380249,1.6486220359802246,0.9393793940544128
-0.9587437510490417,0.023835258558392525,-0.7690637707710266,-0.4976188838481903,0.5436714291572571,0.48717376589775085,0.46846404671669006,-3.660468816757202,-4.106930255889893,-5.426048755645752,0.2899481952190399,1.7468581199645996,1.6566334962844849,0.907734215259552
-1.10102117061615,0.04119153320789337,-0.7728298306465149,0.9170620441436768,0.19615231454372406,0.3278542459011078,-0.11416240781545639,-3.952317714691162,-5.125682830810547,-6.099233150482178,-2.6723389625549316,1.1513042449951172,-0.7909933924674988,-1.7724539041519165
-1.042205810546875,0.027239440008997917,-0.6660885214805603,0.6701265573501587,0.6497995853424072,0.2569507956504822,-0.25033414363861084,-3.9053430557250977,-4.18867826461792,-5.429511547088623,-0.5337331295013428,1.6589981317520142,1.2045457363128662,-0.0673474445939064
-0.9343467354774475,0.024594305083155632,-0.6679313778877258,0.6909438371658325,0.6535441279411316,-0.21862740814685822,0.2183547466993332,-3.181645631790161,-4.712912559509277,-5.114055156707764,-0.5738515257835388,1.7714259624481201,1.7200047969818115,0.8653002381324768
-0.9661077260971069,0.023895634338259697,-0.659947395324707,0.8255335092544556,0.5576820373535156,-0.08541534841060638,0.013761098496615887,-3.765070676803589,-4.192690372467041,-4.686190605163574,-0.05426129698753357,1.7724539041519165,1.7545102834701538,1.146195888519287
-0.985415518283844,0.01085548847913742,-0.6349810361862183,0.8785747289657593,-0.11734434962272644,-0.4628797173500061,-0.008897422812879086,-2.943171501159668,-4.218325138092041,-4.632613658905029,0.17327597737312317,1.7703349590301514,1.573133945465088,0.10319481045007706
-1.0055779218673706,-0.0008631934178993106,-0.6403775811195374,-0.4237980842590332,0.43186458945274353,0.4852464199066162,0.6312084197998047,-2.614858388900757,-3.392216920852661,-4.998139381408691,-0.8166528344154358,1.7420203685760498,0.5446044206619263,-1.2265434265136719
-0.9472441673278809,0.01890633814036846,-0.6462951898574829,0.6591765284538269,0.6941313147544861,0.17375509440898895,-0.23125149309635162,-3.4541468620300293,-3.7999048233032227,-5.184712886810303,-1.5463964939117432,0.9063284993171692,0.4192051589488983,-0.13110962510108948
-1.0179119110107422,0.02667190693318844,-0.5916024446487427,0.8254033923149109,-0.2998463213443756,-0.4642985761165619,-0.11501428484916687,-2.7296385765075684,-4.0237250328063965,-4.343127727508545,-0.16979332268238068,1.7650954723358154,1.7528276443481445,1.2252650260925293
-0.9256120324134827,0.01721983775496483,-0.8103865385055542,0.9137769937515259,0.1931954324245453,-0.28364431858062744,0.217331662774086,-3.41156005859375,-4.421951770782471,-5.0691070556640625,0.28869906067848206,1.7691032886505127,1.644418716430664,-1.5990580320358276
-0.9348849058151245,0.029964620247483253,-0.8139784932136536,0.9520216584205627,0.2851511538028717,-0.10795371979475021,0.02625959925353527,-4.004216194152832,-4.709062576293945,-4.868576526641846,1.2439268827438354,1.6511354446411133,1.3681066036224365,-1.7258224487304688
-0.9300214052200317,0.023938525468111038,-0.8204159736633301,0.8796456456184387,0.47157201170921326,-0.06173950806260109,-0.005619402509182692,-4.219420433044434,-4.8554277420043945,-5.89079475402832,0.05046572908759117,1.7655155658721924,1.7654551267623901,1.3780126571655273
-0.9202017188072205,0.028539691120386124,-0.8210799694061279,0.8850924372673035,0.45984378457069397,-0.07135577499866486,0.00796419195830822,-4.003871917724609,-4.794544696807861,-5.888617038726807,0.46243971586227417,0.9987537860870361,0.5814016461372375,-1.6448148488998413
-0.8945530652999878,0.0284394770860672,-0.7964363694190979,0.8080925941467285,0.5345895886421204,0.1675795167684555,-0.18198204040527344,-3.7743263244628906,-4.094946384429932,-5.395174503326416,0.14359743893146515,1.70518958568573,1.717614769935608,1.7101653814315796
-0.9166709184646606,0.02242964506149292,-0.824995756149292,0.6220903396606445,0.7052068114280701,0.23757947981357574,-0.2433987706899643,-4.872475624084473,-5.105171203613281,-6.61747932434082,-1.1640229225158691,0.10223956406116486,-0.4105445146560669,-1.769790768623352
-0.9022044539451599,0.02617095410823822,-0.8131745457649231,0.8629151582717896,0.49328887462615967,-0.08619577437639236,0.06792478263378143,-3.666553497314453,-4.751062393188477,-5.679000377655029,0.38378068804740906,1.5240752696990967,1.2746624946594238,-0.36557987332344055
-0.8777731657028198,0.02535986341536045,-0.7919630408287048,0.739142119884491,0.6115506887435913,-0.2145657241344452,0.1834016740322113,-3.703246831893921,-4.623021602630615,-4.882345199584961,16.11809539794922,1.7709920406341553,1.6184362173080444,-1.7224799394607544
-0.5944180488586426,0.025325560942292213,-0.8883853554725647,0.7394217252731323,0.6730913519859314,-0.002440800191834569,0.014054898172616959,-2.9410924911499023,-3.3712821006774902,-4.723475933074951,0.002851054770871997,1.766907811164856,1.772172212600708,1.451499581336975
-0.8652378916740417,0.024415140971541405,-0.7387483716011047,0.5982925295829773,-0.5848144292831421,-0.41248956322669983,-0.3604031801223755,-3.9096405506134033,-4.138070106506348,-5.407402515411377,-0.6766439080238342,1.771692156791687,1.6637159585952759,0.4254976212978363
-0.8618873357772827,0.025080442428588867,-0.7622872591018677,-0.4165310859680176,0.4427441954612732,0.5987579822540283,0.5215058326721191,-3.5368905067443848,-3.8377997875213623,-4.743892669677734,0.8096750974655151,1.703419804573059,1.6638274192810059,1.5119132995605469
-0.7979394197463989,0.024999232962727547,-0.7367277145385742,0.869743287563324,0.008279219269752502,-0.4929046928882599,0.022869979962706566,-3.597794532775879,-5.013021469116211,-5.223717212677002,-0.11131074279546738,1.7668620347976685,1.7526475191116333,1.4165775775909424
-0.9146989583969116,0.023046428337693214,-0.7093820571899414,0.8974871039390564,0.06681923568248749,-0.42993709444999695,0.0721537172794342,-3.089545965194702,-4.60858154296875,-4.690123081207275,0.7148965001106262,1.7710356712341309,1.7338274717330933,1.317620873451233
-0.8241589069366455,0.021739786490797997,-0.787665843963623,-0.47529834508895874,0.7749571204185486,0.10070262104272842,0.4042176604270935,-4.322429656982422,-5.017601013183594,-6.46557092666626,2.507141590118408,-1.0943537950515747,-1.1917002201080322,-1.7476043701171875
-0.8455644845962524,0.02025528810918331,-0.7540232539176941,0.6922544240951538,0.6617913246154785,0.23484966158866882,-0.16631795465946198,-4.09309196472168,-4.5458245277404785,-5.306186676025391,-1.0992733240127563,1.7724539041519165,1.5945146083831787,-0.5808720588684082
-0.8372573852539062,0.025235895067453384,-0.7663279175758362,0.6518442630767822,-0.6345138549804688,-0.28359130024909973,-0.30342572927474976,-3.5111920833587646,-4.808039665222168,-5.092463970184326,0.5783042907714844,1.5502986907958984,1.347277045249939,-1.6118944883346558
-0.8963679075241089,0.02016034722328186,-0.7126725316047668,-0.4458525478839874,0.25443610548973083,0.8464728593826294,-0.14128504693508148,-3.312681198120117,-4.402923583984375,-5.457762718200684,-0.576541543006897,1.7719556093215942,1.7389432191848755,0.9393866658210754
-0.8263038396835327,0.02749488316476345,-0.7052381634712219,-0.3807586133480072,0.3459581434726715,0.703086256980896,0.490923136472702,-3.6788599491119385,-3.885221242904663,-4.481122970581055,-0.053760044276714325,1.7580406665802002,1.6602848768234253,1.6543231010437012
-0.8187417984008789,0.021635284647345543,-0.658574640750885,0.596038818359375,-0.624287486076355,-0.35600078105926514,-0.35814282298088074,-3.916534185409546,-4.447780132293701,-4.852148056030273,0.5698300004005432,1.7566642761230469,1.715499997138977,1.0276075601577759
-0.8205540776252747,0.008734013885259628,-0.6370421648025513,0.5195267796516418,0.8342545628547668,0.0784914493560791,0.16718332469463348,-3.471762180328369,-4.162687301635742,-4.56779670715332,0.18816442787647247,1.7535068988800049,1.4988021850585938,0.15287408232688904
-0.8115087747573853,0.024952657520771027,-0.7236247062683105,-0.4959224760532379,0.3720298409461975,0.6003138422966003,0.5052504539489746,-4.044006824493408,-4.4228596687316895,-5.192667484283447,0.8194659352302551,1.7724539041519165,1.6499593257904053,0.33437490463256836
-0.7586072683334351,0.013922666199505329,-0.6989427208900452,0.5979192852973938,-0.40341663360595703,-0.27962377667427063,-0.6336861252784729,-3.954221487045288,-4.637336730957031,-5.830685615539551,-1.4637441635131836,-1.3821861743927002,-1.5794025659561157,-1.694942831993103
-0.7761045098304749,0.02164323627948761,-0.7108106017112732,0.7974168658256531,-0.2550402879714966,-0.5138711929321289,-0.1871287226676941,-3.6254050731658936,-5.100869178771973,-5.580142498016357,-0.0013320272555574775,-0.46191930770874023,-0.8110180497169495,-1.399266004562378
-0.7863510251045227,0.02263321727514267,-0.6702301502227783,-0.4318736791610718,0.4143199920654297,0.5737494230270386,0.559138298034668,-3.8849239349365234,-4.433043956756592,-5.698359489440918,-0.17686276137828827,1.7722808122634888,1.7424428462982178,0.5743614435195923
-0.7520793676376343,0.02114265225827694,-0.6384884119033813,0.6758415699005127,-0.3665752708911896,-0.5575940608978271,-0.31296899914741516,-3.6973273754119873,-5.10528039932251,-5.520839214324951,0.25107741355895996,-0.8685096502304077,-0.9226304888725281,-1.359506607055664
-0.7741293907165527,0.02378094382584095,-0.6600624918937683,0.6026707887649536,-0.39797359704971313,-0.549049973487854,-0.4206531047821045,-3.9395174980163574,-4.258449077606201,-4.762383937835693,0.07088369131088257,1.7232880592346191,1.6641687154769897,1.5317429304122925
-0.7506811022758484,0.03505469858646393,-0.6524717807769775,0.624752402305603,-0.42505329847335815,-0.5901610851287842,-0.28411972522735596,-4.205864429473877,-5.127206802368164,-5.798478603363037,-1.5676871538162231,1.6480169296264648,1.2856632471084595,0.6682350039482117
-0.8218623399734497,0.028408750891685486,-0.7698274254798889,0.8776553869247437,0.2971867322921753,-0.367703378200531,0.07871007919311523,-4.081295013427734,-5.048181056976318,-5.267852783203125,2.693372964859009,1.6442705392837524,1.2740086317062378,-1.3368465900421143
-0.8426113724708557,0.022670870646834373,-0.623752772808075,0.5883687138557434,-0.672753095626831,-0.3322436511516571,-0.3013962507247925,-3.7454042434692383,-4.454505920410156,-5.094844818115234,-0.08403310179710388,1.7724539041519165,1.7655436992645264,1.064658522605896
-0.7932745218276978,0.028012145310640335,-0.7473734617233276,-0.03525165840983391,-0.1610516905784607,0.6932826042175293,0.7015546560287476,-6.758854389190674,-6.7171311378479,-5.859825134277344,-0.4547361433506012,0.9105547070503235,0.5074083209037781,1.7724539041519165
-0.7484241127967834,0.03161297366023064,-0.6363108158111572,0.7088368535041809,-0.09263672679662704,-0.691670835018158,-0.10276304185390472,-4.442714691162109,-5.635715484619141,-5.858452320098877,-0.43147650361061096,0.8314107656478882,0.07245610654354095,-1.293825626373291
-0.5564513802528381,0.004336144775152206,-1.2208044528961182,0.917824923992157,-0.2729806900024414,-0.28397589921951294,-0.04936283826828003,-2.8473827838897705,-4.2302093505859375,-4.517256259918213,-0.4900505542755127,1.2201731204986572,1.6381069421768188,1.5640980005264282
-0.46160876750946045,0.01788327284157276,-1.2668018341064453,0.7587413787841797,0.6423395276069641,0.0900455117225647,-0.06002679467201233,-2.931731939315796,-3.642764091491699,-4.628608226776123,0.35608458518981934,1.7076159715652466,1.750186800956726,1.1010290384292603
-0.4829893410205841,0.006128682754933834,-1.2510576248168945,0.6068801879882812,0.7433797121047974,-0.21398720145225525,0.18246237933635712,-3.0160977840423584,-3.6265459060668945,-4.762218952178955,-0.5519594550132751,1.1917129755020142,1.285666823387146,-1.6132572889328003
-0.537548303604126,0.001097732107155025,-1.1045392751693726,0.6481976509094238,0.7304022908210754,0.11683662980794907,-0.18083572387695312,-2.8812124729156494,-3.2818877696990967,-4.705347537994385,0.3708620071411133,0.5514704585075378,1.113784670829773,-1.676927924156189
-0.37958893179893494,-0.0012100896565243602,-1.256698727607727,-0.41049158573150635,-0.2087642252445221,0.8397020697593689,-0.2877752184867859,-3.5715081691741943,-4.191479682922363,-4.702265739440918,1.2453560829162598,0.8469669222831726,1.1989237070083618,-0.5640891194343567
-0.40461501479148865,0.005314396228641272,-1.2246521711349487,0.7116228342056274,0.6193118691444397,0.27361801266670227,-0.1875605583190918,-2.719794750213623,-3.8858513832092285,-4.36536169052124,0.4805518090724945,1.2461402416229248,1.5030133724212646,0.16270017623901367
-0.42100462317466736,0.005220194347202778,-1.206546425819397,0.8320223093032837,0.5376378893852234,0.13565972447395325,0.016757044941186905,-3.5737826824188232,-3.6590240001678467,-4.58946418762207,-0.4152587056159973,1.4861159324645996,1.6666769981384277,1.3563183546066284
-0.30000990629196167,-0.00015231003635562956,-1.1176588535308838,0.7042354941368103,0.6960209608078003,-0.11098997294902802,0.08537264913320541,-3.4737040996551514,-3.8365368843078613,-4.971446514129639,-0.10312286764383316,0.029058026149868965,0.5475544333457947,-1.0979143381118774
-0.4272006154060364,0.012763586826622486,-1.2145916223526,0.6386822462081909,0.7633171677589417,-0.046173520386219025,-0.08543934673070908,-3.2790262699127197,-3.388014316558838,-5.180671215057373,0.039153654128313065,1.6968042850494385,1.649856448173523,-1.7373046875
-0.2922479808330536,0.01213455107063055,-1.2601345777511597,0.7668297290802002,0.6044890284538269,-0.07442233711481094,0.20254996418952942,-2.9768643379211426,-3.47196626663208,-4.348393440246582,-0.34468671679496765,1.7259550094604492,1.7333332300186157,1.4475888013839722
-0.49635088443756104,0.018589617684483528,-1.2693220376968384,0.7148287296295166,0.697863757610321,0.015722081065177917,-0.04193874076008797,-2.683863878250122,-4.3152899742126465,-6.320432662963867,-3.698513984680176,-1.1217937469482422,-0.968438446521759,-1.6323128938674927
-0.4827069342136383,0.006587034557014704,-1.1384341716766357,-0.026957150548696518,0.2702627182006836,0.22326049208641052,0.9361549615859985,-3.9927737712860107,-12.393795013427734,-4.2527055740356445,-0.5890069007873535,1.230291485786438,1.272214412689209,-0.563014805316925
-0.5201226472854614,-0.0036604099441319704,-1.0729297399520874,-0.03525165840983391,-0.5591880679130554,0.08225386589765549,0.8241967558860779,-4.58388614654541,-13.529420852661133,-4.723040580749512,-0.9916401505470276,-0.15986841917037964,0.21765543520450592,-1.7724539041519165
-0.5872470140457153,0.0009925882332026958,-1.0289576053619385,0.5589431524276733,-0.5988411903381348,-0.35605525970458984,-0.44966256618499756,-3.5956921577453613,-3.7087924480438232,-5.635951042175293,16.11809539794922,0.23836299777030945,0.6895033121109009,-1.3001538515090942
-0.5499737858772278,0.02009783685207367,-1.077843189239502,-0.3457097113132477,0.28455084562301636,0.8027523159980774,0.39383286237716675,-2.821775197982788,-3.4943184852600098,-4.41912841796875,0.11934829503297806,1.6411100625991821,1.7322479486465454,0.9950857758522034
-0.5742912888526917,0.008130774833261967,-1.0490295886993408,0.608705997467041,0.7447055578231812,0.14407919347286224,-0.23266246914863586,-3.365338087081909,-4.5246500968933105,-4.7291035652160645,0.5948976874351501,0.6522893309593201,1.0632946491241455,-0.8970215320587158
-0.4955461025238037,0.0027254712767899036,-1.0174179077148438,0.6977296471595764,0.6302560567855835,-0.2072557955980301,0.2701771557331085,-3.391895294189453,-4.418628215789795,-5.3545098304748535,1.3327456712722778,0.43719443678855896,0.9848194718360901,-0.9865338206291199
-0.5605583190917969,0.007664685137569904,-0.9794076681137085,0.5390064120292664,-0.6319082975387573,-0.2987860441207886,-0.4699903428554535,-3.629316806793213,-3.8239078521728516,-4.546024799346924,1.1881203651428223,1.536987066268921,1.621567964553833,1.4004842042922974
-0.5992882251739502,0.009758928790688515,-0.9256648421287537,-0.3761868476867676,0.4318222403526306,0.5948562622070312,0.564055860042572,-3.2084503173828125,-3.8140547275543213,-5.50084924697876,16.11809539794922,0.6261554956436157,1.1580766439437866,-0.6888827681541443
-0.4506538510322571,-0.002264430047944188,-1.060238003730774,-0.3341783285140991,0.4599373936653137,0.55257248878479,0.6094638109207153,-3.2624080181121826,-3.5896646976470947,-4.773227214813232,4.552728176116943,0.46582332253456116,0.9815194606781006,-1.016261100769043
-0.44111403822898865,0.001283165067434311,-1.067886471748352,0.6447529196739197,0.7538583874702454,0.03671049326658249,-0.12101025134325027,-3.045447826385498,-4.095963478088379,-4.775939464569092,-0.15812954306602478,0.2168082892894745,0.5491069555282593,-1.3820358514785767
-0.33546513319015503,-0.0007480216445401311,-1.1155768632888794,0.9048227667808533,-0.2851274609565735,0.31077709794044495,0.05844339355826378,-3.494232654571533,-4.237700462341309,-4.892410755157471,2.504793167114258,0.6809213161468506,1.0918786525726318,-0.6848295331001282
-0.37982115149497986,0.008813044056296349,-1.0646307468414307,0.6482594013214111,0.6707339286804199,-0.3070215582847595,0.18871553242206573,-3.2792117595672607,-3.8836429119110107,-4.515477180480957,-1.1032072305679321,1.1951271295547485,1.1740261316299438,-1.4177182912826538
-0.42208337783813477,-0.002121304627507925,-1.0133109092712402,0.626803994178772,-0.6557822227478027,-0.33565187454223633,-0.25377997756004333,-3.8066093921661377,-4.105510234832764,-5.232232093811035,1.827675461769104,0.19494260847568512,0.713527262210846,-1.5076993703842163
-0.44769731163978577,0.0006760655669495463,-0.9764364361763,0.6751161217689514,0.14416462182998657,-0.6684002876281738,0.27690407633781433,-3.8794732093811035,-4.6746978759765625,-4.808014869689941,-0.7153484225273132,-0.9676308035850525,-0.5441041588783264,-1.3807255029678345
-0.47015145421028137,0.019863730296492577,-1.0206050872802734,0.6617319583892822,0.6713927984237671,-0.13328294456005096,0.30590540170669556,-2.7173917293548584,-3.33412504196167,-4.064415454864502,-1.2984092235565186,1.6928634643554688,1.7429949045181274,1.5501140356063843
-0.46636903285980225,0.007561270613223314,-0.9971104860305786,0.6244378685951233,0.7027483582496643,-0.23943953216075897,-0.24267423152923584,-3.7377283573150635,-4.813073635101318,-5.354988098144531,-0.1638071984052658,-0.23770606517791748,0.17851178348064423,-1.6799521446228027
-0.379158616065979,0.007695002015680075,-0.978057324886322,0.5603782534599304,-0.6624626517295837,-0.4471432566642761,-0.21721507608890533,-3.7411606311798096,-4.410043716430664,-5.462162971496582,-2.09879469871521,-0.707957923412323,-0.9846882224082947,-1.7068312168121338
-0.361420601606369,0.004845450632274151,-1.0053004026412964,0.7021917700767517,0.7095022797584534,-0.05910823866724968,-0.006284182425588369,-3.7576467990875244,-4.454972743988037,-5.109660625457764,0.5028536915779114,0.9101784825325012,1.0395913124084473,-1.4019575119018555
-0.3854030966758728,-0.0019336474360898137,-0.9636107087135315,0.7050286531448364,-0.5721761584281921,-0.34595730900764465,-0.23635253310203552,-4.379166603088379,-5.024624824523926,-5.653541088104248,3.365868330001831,1.617220163345337,1.7002291679382324,1.665776014328003
-0.35264384746551514,0.010516160167753696,-1.030755639076233,0.5738788843154907,-0.2917234003543854,-0.7488786578178406,-0.15729334950447083,-4.044882297515869,-4.355207920074463,-5.017880916595459,0.7346478700637817,1.6044968366622925,1.6557645797729492,0.7929378151893616
-0.45257270336151123,0.0035467182751744986,-0.9514076709747314,0.6141232848167419,0.6971534490585327,0.21985667943954468,-0.29747721552848816,-3.6358144283294678,-4.368101596832275,-5.898824691772461,0.31190231442451477,0.05584801360964775,0.4036088287830353,-1.6119369268417358
-0.5100982189178467,0.0069483923725783825,-0.9471102356910706,-0.24381102621555328,0.3239514231681824,0.6403011083602905,0.6524003148078918,-3.1913902759552,-3.876692771911621,-5.699068069458008,16.11809539794922,0.4317436218261719,0.9081217050552368,-1.174269676208496
-0.32281994819641113,0.0074899084866046906,-0.9866074919700623,0.7627215385437012,-0.38639935851097107,-0.3956805467605591,-0.33524367213249207,-4.680670738220215,-4.884761810302734,-5.379089832305908,-0.8855008482933044,0.044297799468040466,0.021591048687696457,-1.5821844339370728
-0.3468169867992401,0.0010018571047112346,-0.9647336602210999,-0.24338872730731964,0.33786332607269287,0.6006451845169067,0.6825215220451355,-3.805079221725464,-4.401191711425781,-5.8408203125,16.11809539794922,0.5997400283813477,0.6372700333595276,-1.2843000888824463
-0.3323773741722107,0.003256650408729911,-0.9702025055885315,-0.3892078697681427,0.3527239263057709,0.6608242392539978,0.5361104011535645,-3.960951566696167,-4.590844631195068,-4.767914772033691,0.08398246020078659,1.683475136756897,1.6287317276000977,1.3247721195220947
-0.5557704567909241,0.01268077827990055,-0.9843112230300903,0.5971187353134155,-0.6348588466644287,-0.3754388391971588,-0.315355509519577,-3.8749444484710693,-4.454391956329346,-5.434637546539307,0.3674345016479492,0.37717097997665405,0.7241718173027039,-1.7701518535614014
-0.5400113463401794,0.007207646034657955,-0.9792063236236572,-0.4369959533214569,0.6440214514732361,0.35471656918525696,0.5181187987327576,-4.147285461425781,-4.722132682800293,-5.416773796081543,-0.4533458650112152,-0.04572465643286705,0.38722091913223267,-1.2492862939834595
-0.5456326007843018,0.020740516483783722,-0.9698938131332397,0.6441214084625244,0.749453604221344,0.13092727959156036,-0.07927750796079636,-3.7724344730377197,-4.440449237823486,-4.992814540863037,-0.15212498605251312,1.4136168956756592,1.5262136459350586,-1.5192511081695557
-0.6212438344955444,0.018766578286886215,-1.025360345840454,0.6760879158973694,0.6443822383880615,-0.30361032485961914,0.188407763838768,-4.073796272277832,-4.563048362731934,-6.003190517425537,-0.8599141836166382,0.6752901673316956,0.8845149278640747,-1.7389357089996338
-0.5784423351287842,0.01808299496769905,-0.9378124475479126,0.5978557467460632,-0.6156006455421448,-0.3785771429538727,-0.34681934118270874,-3.346695899963379,-3.7716076374053955,-4.836713790893555,0.3414565324783325,1.4640073776245117,1.6708446741104126,0.4626449942588806
-0.4962575435638428,0.019660253077745438,-0.9492530822753906,0.5770485997200012,-0.6872503757476807,-0.36833083629608154,-0.24296961724758148,-3.5496902465820312,-4.30862283706665,-4.733048439025879,0.20835328102111816,1.5954294204711914,1.6587114334106445,0.9118316769599915
-0.39255189895629883,0.011888090521097183,-1.083227276802063,0.5530436038970947,-0.5781227946281433,-0.435226708650589,-0.4129098653793335,-2.750786542892456,-3.490405559539795,-4.130213737487793,-0.5053227543830872,1.6490988731384277,1.6984097957611084,0.19292902946472168
-0.2912541329860687,0.0012827218743041158,-1.1028774976730347,0.6774699687957764,0.7349677085876465,-0.02925959788262844,-0.0008915553917177022,-3.633772611618042,-3.925907611846924,-4.928293704986572,1.2607145309448242,0.4545647203922272,0.9208279848098755,-0.9348548054695129
-0.3573155701160431,0.011308287270367146,-0.9642176628112793,-0.3356507122516632,0.6326407790184021,0.31425559520721436,0.6231754422187805,-3.850132703781128,-4.707549571990967,-5.585256099700928,0.27417072653770447,1.4412274360656738,1.1640115976333618,-1.2521111965179443
-0.31818687915802,0.007082503754645586,-1.0332881212234497,0.6163260340690613,-0.6849187016487122,-0.20192749798297882,-0.3320449888706207,-4.095363140106201,-4.85822868347168,-5.122964859008789,-0.6559712290763855,-0.14507797360420227,-0.39126554131507874,-1.1826317310333252
-0.39029303193092346,0.01954035647213459,-0.9668924808502197,0.80998295545578,0.5785650610923767,-0.091655433177948,0.02809554897248745,-4.082754135131836,-4.537195205688477,-5.156857013702393,0.026630500331521034,1.430810809135437,1.5740864276885986,-0.05536755919456482
-0.2281721979379654,-0.005588488653302193,-1.2376314401626587,0.7595071792602539,0.4237110912799835,-0.19008246064186096,0.45550671219825745,-8.744743347167969,-3.9927611351013184,-5.643271446228027,-0.4878840446472168,0.4100971519947052,0.341406911611557,0.4100971519947052
-0.23160110414028168,0.008093803189694881,-1.2616404294967651,0.7046839594841003,-0.0016369508812204003,-0.7044591307640076,-0.08458832651376724,-3.740173101425171,-4.294278144836426,-4.437102317810059,0.258652925491333,1.4239232540130615,1.5991801023483276,0.6613849997520447
-0.1860700398683548,0.00232920004054904,-1.206040620803833,-0.28669652342796326,0.49791884422302246,0.45547419786453247,0.6800185441970825,-4.009305953979492,-4.608682155609131,-5.513258457183838,0.5123932361602783,-1.1993439197540283,-1.238389015197754,-1.7545092105865479
-0.24440309405326843,0.013305041007697582,-1.2659471035003662,0.6422427892684937,0.7558854222297668,-0.07070975750684738,0.10564829409122467,-3.387136220932007,-4.137264728546143,-5.225978374481201,-1.1025657653808594,1.7336595058441162,1.5472761392593384,-1.0156583786010742
-0.25160741806030273,0.011501572094857693,-1.2344980239868164,0.6872166991233826,0.6868645548820496,0.16542179882526398,-0.16907386481761932,-3.826434373855591,-3.9682581424713135,-5.280014514923096,2.720144271850586,1.632223129272461,1.3477483987808228,-1.4245017766952515
-0.21914945542812347,0.007421194575726986,-1.2679115533828735,-0.4702204167842865,0.5687516331672668,0.4442957043647766,0.5079524517059326,-3.527650833129883,-4.38200569152832,-4.891598701477051,-0.15461298823356628,0.9834111928939819,0.9604200720787048,-1.30039381980896
-0.21770556271076202,0.006499274633824825,-1.2339881658554077,0.5461810231208801,0.754804253578186,0.20299994945526123,-0.3012438416481018,-4.060280799865723,-4.847655296325684,-5.251715183258057,16.11809539794922,-0.35978108644485474,0.14625264704227448,-1.0785804986953735
-0.13879933953285217,-0.00024511138326488435,-1.2303849458694458,0.6893022060394287,0.6701886653900146,-0.2107124626636505,0.17694605886936188,-3.5597870349884033,-4.112039089202881,-4.887271404266357,0.04004577174782753,0.25818750262260437,0.6509323716163635,-1.6095755100250244
-0.17610810697078705,0.002340115373954177,-1.2253389358520508,0.8465870022773743,0.4352533221244812,0.2037021517753601,-0.2288021296262741,-5.305700302124023,-6.252438545227051,-6.799366474151611,0.5567042231559753,1.6617594957351685,1.5264661312103271,1.6512891054153442
-0.2567782700061798,0.00371188810095191,-1.1987740993499756,-0.36390048265457153,0.4656721353530884,0.3942498564720154,0.7037705183029175,-3.7913756370544434,-4.471310138702393,-5.045791149139404,-0.12451434135437012,0.36056822538375854,0.0310476403683424,-1.5461783409118652
-0.25411927700042725,0.0008517701062373817,-1.162730097770691,0.9339256882667542,0.14272916316986084,0.3247711658477783,0.043987713754177094,-3.8886866569519043,-4.617002010345459,-6.288915157318115,0.9803057312965393,0.6356462836265564,0.8823152184486389,1.4195917844772339
-0.27403199672698975,0.013579358346760273,-1.1933518648147583,-0.4758334457874298,0.2848080098628998,0.6164361834526062,0.5589932203292847,-3.7367360591888428,-4.297014236450195,-4.493313789367676,-0.3850170373916626,1.651681900024414,1.687506914138794,0.8366208076477051
-0.20551437139511108,0.009550228714942932,-1.1749577522277832,-0.35120725631713867,0.465190052986145,0.690481960773468,0.42835304141044617,-3.8637824058532715,-4.244360446929932,-5.158176898956299,1.8122406005859375,1.3661282062530518,1.5810341835021973,1.0629464387893677
-0.19486388564109802,-0.0015381926205009222,-1.1805671453475952,-0.405571311712265,0.5264363288879395,0.28316226601600647,0.6915169954299927,-3.921811819076538,-4.025163173675537,-5.5998711585998535,16.11809539794922,-0.19040532410144806,-0.18266484141349792,-1.6165356636047363
-0.17303472757339478,-0.0036254744045436382,-1.1861571073532104,0.5559088587760925,0.1874135583639145,-0.7458036541938782,0.31562376022338867,-4.843709945678711,-4.896060466766357,-7.158568382263184,16.11809539794922,-0.19188782572746277,0.5331621170043945,-0.4047408103942871
-0.18350490927696228,0.004898592829704285,-1.1794294118881226,-0.4631721079349518,0.6399375200271606,0.2995726764202118,0.5349838733673096,-3.2445099353790283,-4.625289440155029,-4.98154878616333,0.49398964643478394,0.7104445695877075,0.8401747941970825,-1.4772449731826782
-0.16621924936771393,0.003978155553340912,-1.192739725112915,0.9400268197059631,-0.33300283551216125,0.07368593662977219,-0.005392048973590136,-3.913300037384033,-4.460948467254639,-5.094512462615967,16.11809539794922,1.3938117027282715,1.4904862642288208,-1.6166577339172363
-0.2273278534412384,0.0012755676871165633,-1.1642069816589355,-0.2558356523513794,0.42546650767326355,0.313230961561203,0.8095756769180298,-4.25541353225708,-4.3835344314575195,-5.70632266998291,16.11809539794922,-0.22936762869358063,0.008735566399991512,-1.2772928476333618
-0.2511996924877167,0.001723852357827127,-1.1298023462295532,0.44136250019073486,0.8160377740859985,0.1675511747598648,-0.33347874879837036,-4.065567493438721,-4.451159954071045,-5.364564418792725,16.11809539794922,0.34952083230018616,-0.11901029199361801,-1.5746694803237915
-0.2473359853029251,0.005928950384259224,-1.1544135808944702,0.6854879260063171,0.6639822125434875,-0.2914753258228302,0.06539129465818405,-4.0519866943359375,-4.740871429443359,-5.460388660430908,4.389557361602783,0.6867580413818359,0.9739628434181213,-1.598112940788269
-0.19433853030204773,-0.0013463451759889722,-1.1644607782363892,0.6274303793907166,0.6968786120414734,0.2107778787612915,-0.2761594355106354,-3.8242228031158447,-4.178947448730469,-5.430994987487793,16.11809539794922,0.8135995268821716,1.1937447786331177,-1.4649347066879272
-0.27326932549476624,0.005206092726439238,-1.1442008018493652,-0.37518104910850525,0.3433859646320343,0.6425333023071289,0.5731284618377686,-3.649256706237793,-3.8937807083129883,-4.592459678649902,0.19361740350723267,1.1105347871780396,1.418392539024353,-0.037061478942632675
-0.2769671678543091,0.006520126946270466,-1.1256263256072998,-0.3510475754737854,0.4595988094806671,0.5763469934463501,0.5773721933364868,-3.6909124851226807,-4.328130722045898,-5.110494613647461,1.6248773336410522,0.7301784753799438,0.4935585558414459,-1.426954746246338
-0.16088959574699402,0.009798315353691578,-1.192436695098877,0.8073096871376038,0.5393339991569519,0.2260017693042755,-0.07932919263839722,-3.427968740463257,-3.977679967880249,-4.693708419799805,2.80264949798584,1.6054587364196777,1.6904653310775757,1.0969210863113403
-0.20583771169185638,0.009231717325747013,-1.1757105588912964,0.5858010649681091,0.7888796329498291,0.0795055478811264,-0.1678835153579712,-4.007294654846191,-4.6504340171813965,-4.711596965789795,3.369619131088257,1.697348713874817,1.6511131525039673,-1.7531572580337524
-0.23407603800296783,0.007893417030572891,-1.1568877696990967,0.9518507719039917,-0.2272368222475052,0.20462849736213684,-0.02169572375714779,-3.889061450958252,-4.763466835021973,-4.915208339691162,1.101130723953247,1.7084929943084717,1.7123149633407593,-0.35746335983276367
-0.009603284299373627,0.006136743351817131,-1.2807910442352295,0.6387249231338501,0.6923986077308655,0.30012184381484985,-0.15013833343982697,-3.6775684356689453,-4.262928485870361,-5.018735408782959,2.212019443511963,0.026758190244436264,0.016309145838022232,-1.4949501752853394
-0.12298040091991425,0.005509363953024149,-1.2359925508499146,-0.36800697445869446,0.6097985506057739,0.593363344669342,0.37501540780067444,-4.401892185211182,-4.91099739074707,-5.70346212387085,-1.7558863162994385,-1.034500002861023,-1.2961311340332031,-1.771042823791504
-0.0768975242972374,0.0075140236876904964,-1.2150391340255737,0.6490367650985718,0.6805176734924316,-0.2118166834115982,0.2660462558269501,-3.076688051223755,-3.7809090614318848,-4.524087905883789,0.05420663580298424,1.5180593729019165,1.6771347522735596,-0.4292263090610504
-0.07751146703958511,0.01082396600395441,-1.2549906969070435,0.6397609710693359,0.6893186569213867,-0.23401954770088196,0.24653708934783936,-3.5746073722839355,-3.9140312671661377,-4.625182628631592,0.15118828415870667,1.462600588798523,1.6077643632888794,0.7402855157852173
-0.04674479737877846,0.0038335782010108232,-1.2639527320861816,0.6713923215866089,0.677727997303009,-0.22248099744319916,0.20104552805423737,-3.944864273071289,-4.119424819946289,-4.991842269897461,16.11809539794922,0.633198618888855,1.0025501251220703,-0.7973114252090454
-0.0247476939111948,0.013278961181640625,-1.2745709419250488,0.7581609487533569,0.6505107879638672,0.023941194638609886,-0.038138460367918015,-3.3445229530334473,-4.220635890960693,-5.607753753662109,-1.2065041065216064,-1.3272329568862915,-1.5432004928588867,-1.660014033317566
-0.018631501123309135,0.009835680015385151,-1.1944420337677002,0.6021445989608765,-0.43332624435424805,-0.5535771250724792,-0.37842121720314026,-3.2503437995910645,-4.206861972808838,-4.848917484283447,0.3932883143424988,1.3590024709701538,1.5658456087112427,0.44703927636146545
-0.0003578741743694991,0.002776392502710223,-1.2117393016815186,-0.447559654712677,0.32708242535591125,0.5872117877006531,0.5898218154907227,-3.097796678543091,-3.7757811546325684,-5.138246059417725,-0.7544711828231812,0.3871077299118042,0.8656927347183228,-0.6758745908737183
-0.12618765234947205,-0.000970676657743752,-1.1335862874984741,0.7326754331588745,0.6078222393989563,0.20781688392162323,-0.22483551502227783,-3.2443594932556152,-3.867493152618408,-5.09873628616333,0.8992721438407898,0.4417409300804138,0.926081120967865,-0.9743115901947021
-0.2621999979019165,0.014816172420978546,-1.2808560132980347,0.7326103448867798,0.6071435809135437,0.2333526462316513,-0.2005125880241394,-3.768012523651123,-4.446573257446289,-5.6176371574401855,-1.8090651035308838,0.5319865345954895,-0.16795063018798828,-0.563441812992096
-0.2201840877532959,0.01507438626140356,-1.2758103609085083,0.7533286213874817,0.6556397676467896,-0.05113372579216957,-0.004223858006298542,-3.6120822429656982,-4.445216178894043,-6.000701427459717,-1.590181827545166,-0.33697402477264404,-0.40496593713760376,-1.6803216934204102
-0.17610874772071838,0.015491614118218422,-1.257624626159668,0.726884126663208,0.6524940133094788,-0.1081990897655487,0.184889018535614,-4.487908363342285,-5.176982879638672,-6.385433673858643,0.07545354217290878,-1.2639061212539673,-1.1766436100006104,-1.7289438247680664
-0.23047609627246857,0.008715982548892498,-1.2057085037231445,-0.4186612665653229,0.5643042922019958,0.4227811396121979,0.5723106861114502,-4.3882951736450195,-4.753448009490967,-5.468034267425537,-0.7112006545066833,-0.632168173789978,-1.165358543395996,-1.694638967514038
-0.2552025616168976,0.012736601755023003,-1.1664910316467285,-0.3101976215839386,0.37112322449684143,0.739597499370575,0.46801766753196716,-3.821769952774048,-4.899622917175293,-5.207840442657471,0.7126115560531616,1.717158555984497,1.735365390777588,1.529170274734497
-0.2546049952507019,0.01039370708167553,-1.1331324577331543,0.5739128589630127,0.7429495453834534,0.14561957120895386,-0.31216174364089966,-3.927980422973633,-4.680342197418213,-5.025274276733398,0.7778427004814148,1.6265534162521362,1.5307694673538208,-1.2441402673721313
-0.28940850496292114,0.01892007887363434,-1.1436983346939087,0.7356426119804382,-0.4423646330833435,-0.4691666066646576,-0.2074274718761444,-3.502030372619629,-3.96882700920105,-4.51908016204834,-1.1562060117721558,1.6900359392166138,1.7097774744033813,1.4654948711395264
-0.24211633205413818,0.013712015934288502,-1.1168895959854126,0.7320371270179749,0.5712469816207886,-0.27447253465652466,0.24992667138576508,-3.8985702991485596,-4.536970615386963,-4.95994234085083,0.25506022572517395,1.7085283994674683,1.4326756000518799,0.4457565248012543
-0.192360982298851,0.019920308142900467,-1.2457172870635986,-0.4486507773399353,0.38689228892326355,0.6389508247375488,0.49068185687065125,-3.6065073013305664,-4.090452194213867,-4.964624881744385,-0.8158634901046753,1.6355652809143066,1.7048031091690063,0.9881747364997864
-0.1952354907989502,0.0090309614315629,-1.2019522190093994,0.9667613506317139,0.11402580887079239,-0.1695907860994339,-0.15365424752235413,-4.853732109069824,-5.659997463226318,-6.711510181427002,-0.013425390236079693,1.166826844215393,-0.9423816204071045,-1.7594064474105835
-0.15062178671360016,0.017185315489768982,-1.2176814079284668,0.7782852649688721,0.5876725316047668,0.0562259778380394,-0.21389652788639069,-3.47206974029541,-3.9304137229919434,-4.7579827308654785,-0.8193418383598328,1.4940204620361328,1.485823392868042,0.5147466659545898
-0.002129588508978486,0.008820255286991596,-1.2158399820327759,0.8194628953933716,-0.10606131702661514,-0.5609233975410461,0.050955869257450104,-3.0753087997436523,-4.369658946990967,-5.102565288543701,-1.0107368230819702,1.6569982767105103,1.7589040994644165,1.2870832681655884
0.0321027934551239,0.008708437904715538,-1.1785907745361328,0.7914065718650818,-0.43337228894233704,-0.3672081530094147,-0.2258811891078949,-3.260920763015747,-4.000845432281494,-4.2872209548950195,0.02725541964173317,1.6017093658447266,1.7139543294906616,0.26426148414611816
-0.12329138815402985,0.015491848811507225,-1.1073520183563232,0.5189683437347412,-0.5750826597213745,-0.5033665895462036,-0.3828496038913727,-3.2255048751831055,-3.7675068378448486,-4.593684673309326,-0.9633855819702148,1.5958534479141235,1.6968544721603394,0.045414771884679794
-0.022815177217125893,0.00751667283475399,-1.083228349685669,0.7156309485435486,0.6861244440078735,-0.08066660165786743,0.10294900089502335,-3.442230701446533,-3.8048551082611084,-5.058126926422119,0.2270704209804535,0.6282524466514587,0.9933412671089172,-1.1954041719436646
-0.2956900894641876,-0.0013791178353130817,-1.0505428314208984,0.675969660282135,0.6617531180381775,-0.1716422140598297,0.2751123011112213,-4.135724067687988,-5.034941673278809,-5.698121547698975,-0.8364468812942505,0.08941743522882462,0.23869119584560394,-1.6533564329147339
-0.23565402626991272,0.004466714803129435,-1.0752851963043213,0.7243214249610901,0.6569968461990356,-0.07198512554168701,0.19629523158073425,-3.728257894515991,-4.1343302726745605,-5.659999370574951,0.8885979652404785,0.412855327129364,0.5918864607810974,-1.5216292142868042
-0.12925617396831512,0.002555204089730978,-1.0976110696792603,0.6956433653831482,0.7143910527229309,-0.02034774050116539,0.07288123667240143,-3.4114990234375,-4.035879135131836,-4.996833324432373,-0.8044183850288391,0.0690903514623642,0.39650386571884155,-1.7463066577911377
-0.148380309343338,0.005066613666713238,-1.0494334697723389,-0.35838329792022705,0.3888106048107147,0.4009169638156891,0.7480998039245605,-4.035200119018555,-4.689905166625977,-4.947969913482666,16.11809539794922,0.678899347782135,0.702325165271759,-1.1985435485839844
-0.22357141971588135,0.005312289111316204,-1.0799425840377808,0.5458160042762756,0.8029905557632446,0.23916898667812347,0.009447296150028706,-4.290319919586182,-4.743271350860596,-5.253582954406738,-0.5470582246780396,-0.7685175538063049,-0.834791362285614,-1.5499591827392578
-0.1948392242193222,0.013665644451975822,-1.0830090045928955,0.5688425302505493,-0.4723878800868988,-0.46280255913734436,-0.48895981907844543,-3.684960126876831,-4.820187568664551,-5.073212146759033,-0.2354975938796997,1.6649466753005981,1.4961674213409424,-1.1927556991577148
-0.25791093707084656,0.010202262550592422,-1.0817254781723022,-0.39657482504844666,0.6967199444770813,0.4485572576522827,0.39510270953178406,-3.8010177612304688,-4.292993068695068,-4.8630170822143555,1.1668981313705444,1.3794331550598145,1.5797609090805054,0.36887645721435547
-0.21517105400562286,0.00922305416315794,-1.1067123413085938,0.6608838438987732,0.7417349815368652,0.04137967899441719,0.1065339520573616,-4.304451942443848,-4.769251346588135,-5.9244303703308105,0.7168258428573608,1.1725660562515259,0.7534098625183105,-1.4723588228225708
-0.1787191927433014,0.004202621523290873,-1.0684057474136353,0.5196226835250854,-0.658485472202301,-0.23942944407463074,-0.48894035816192627,-3.5862603187561035,-4.716045379638672,-5.59602165222168,-0.5258743762969971,0.24517445266246796,0.26586079597473145,-1.6203101873397827
-0.2515983283519745,0.006250062026083469,-1.0485210418701172,0.5357092022895813,-0.4787338674068451,-0.5403184294700623,-0.4380474090576172,-3.933444023132324,-4.26957893371582,-5.453640460968018,2.6462793350219727,0.4664359390735626,0.626964807510376,-1.2211452722549438
-0.29955777525901794,0.015733474865555763,-1.0371063947677612,-0.4744955599308014,0.7155221104621887,0.3575725257396698,0.3674560785293579,-3.611753463745117,-4.075179576873779,-4.645745754241943,-0.2544972598552704,1.7372405529022217,1.6874531507492065,0.8401681184768677
-0.28771308064460754,0.0026298551820218563,-1.011305332183838,-0.31221798062324524,0.38574573397636414,0.42229703068733215,0.7585415840148926,-4.166110515594482,-4.8286452293396,-5.553289413452148,16.11809539794922,0.8701832890510559,0.7162277698516846,-1.6133993864059448
-0.2789153754711151,-0.0031899772584438324,-0.9946617484092712,-0.4039686918258667,0.5253236889839172,0.44804707169532776,0.600081741809845,-3.8406848907470703,-4.951502799987793,-5.508750915527344,0.46931540966033936,-0.47289568185806274,-0.3959225118160248,-1.484063744544983
-0.3152935802936554,0.010895038954913616,-0.9899618625640869,-0.3212108910083771,0.44295579195022583,0.5274646282196045,0.6499190330505371,-3.75954532623291,-4.253515243530273,-5.100802421569824,2.444234609603882,1.5359162092208862,1.3542672395706177,-1.4230167865753174
-0.17039917409420013,0.010684788227081299,-1.0692570209503174,0.5521965026855469,-0.3887174725532532,-0.33919116854667664,-0.6549252271652222,-3.8262522220611572,-4.58764123916626,-5.107846736907959,-2.012418031692505,1.031345248222351,1.173021912574768,0.8360878825187683
-0.18674473464488983,0.0052841054275631905,-0.9872932434082031,0.7581690549850464,0.5659739971160889,0.2705104649066925,-0.1779809594154358,-3.7978134155273438,-4.099188804626465,-4.805088996887207,0.10191842168569565,0.8379665017127991,0.7882782220840454,-0.5362889170646667
-0.17345458269119263,0.00206147413700819,-0.9624495506286621,0.6482390761375427,-0.5944041609764099,-0.36143162846565247,-0.30957546830177307,-3.7311935424804688,-4.000811576843262,-5.216071605682373,16.11809539794922,0.5423978567123413,0.6926296949386597,-1.746269941329956
-0.3014185130596161,-0.0003399982815608382,-1.0247303247451782,0.8295802474021912,0.49717283248901367,0.23371143639087677,0.0999736413359642,-4.085614204406738,-4.343372344970703,-5.897810459136963,0.3750976324081421,0.9457026720046997,1.0617847442626953,1.3531584739685059
-0.27144724130630493,0.01422620564699173,-1.0063828229904175,-0.4462429881095886,0.7692741751670837,0.30534157156944275,0.34036892652511597,-3.734678030014038,-4.384334087371826,-5.0876851081848145,-0.12466368824243546,1.6219834089279175,1.518568515777588,0.010310860350728035
-0.3033317029476166,0.00691833533346653,-0.9624074697494507,-0.3496358394622803,0.39650046825408936,0.5574889183044434,0.6401158571243286,-3.8801064491271973,-4.5080108642578125,-5.411211967468262,0.5876100659370422,0.5873648524284363,0.13137170672416687,-1.7380101680755615
-0.22860579192638397,0.003370442660525441,-0.9834420680999756,0.7381669878959656,-0.5247892141342163,-0.28105807304382324,-0.31735172867774963,-3.7997963428497314,-4.38931131362915,-5.390024185180664,2.5585317611694336,0.23008668422698975,0.276875376701355,-1.6921547651290894
-0.24296872317790985,0.0031363165471702814,-0.9788843989372253,0.4606782793998718,0.8457329273223877,0.19399182498455048,-0.18675783276557922,-4.109017372131348,-4.742808818817139,-5.5292134284973145,2.5991783142089844,0.30700311064720154,0.5348384976387024,-0.8910208940505981
-0.32197099924087524,0.007205383386462927,-0.963432788848877,-0.2124738246202469,0.46489882469177246,0.5083408355712891,0.6930465698242188,-3.9485268592834473,-4.853283405303955,-5.058946132659912,0.5991929769515991,1.1698572635650635,0.7979882955551147,-1.7398133277893066
-0.25917914509773254,0.010166045278310776,-1.0005950927734375,0.5268310904502869,-0.5030648112297058,-0.36054882407188416,-0.5825628042221069,-4.485208988189697,-4.815520286560059,-5.571674346923828,16.11809539794922,1.0139713287353516,0.8944783210754395,-1.7699861526489258
-0.2036716789007187,0.014275346882641315,-1.0223034620285034,0.5749999284744263,-0.666293203830719,-0.36391425132751465,-0.3049505650997162,-3.951171875,-4.3204193115234375,-5.489062309265137,-0.852508008480072,-1.4139893054962158,-1.4548896551132202,-1.5185151100158691
-0.1746986359357834,0.0135189862921834,-1.0116840600967407,-0.3912070095539093,0.428788423538208,0.513373851776123,0.6320956349372864,-3.6749117374420166,-4.432212829589844,-5.158355712890625,0.28551265597343445,1.6736726760864258,1.6165509223937988,-1.4933236837387085
-0.09033115953207016,0.0033374859485775232,-1.0468930006027222,0.7353518009185791,0.6520189046859741,0.10635361820459366,-0.15105605125427246,-3.6277623176574707,-4.587485313415527,-5.090609550476074,0.9824362993240356,0.6243842840194702,0.3527734577655792,-1.6647043228149414
-0.040200717747211456,0.0019771726801991463,-1.0636943578720093,0.6724889278411865,0.7285323739051819,0.051976583898067474,0.11957279592752457,-3.9224109649658203,-4.806351184844971,-5.527271270751953,1.0119768381118774,-0.20131094753742218,-0.5041328072547913,-1.7283565998077393
-0.10615000873804092,-0.002090388210490346,-1.0365283489227295,-0.43430691957473755,0.31275179982185364,0.4267342984676361,0.7290141582489014,-4.3147783279418945,-4.551122665405273,-4.972723484039307,0.6245348453521729,-0.6589840650558472,-0.8242878317832947,-1.5301945209503174
-0.016197118908166885,0.015552961267530918,-1.058709979057312,0.47763746976852417,0.8631067872047424,-0.07100594788789749,0.14787599444389343,-3.5946288108825684,-4.195659160614014,-4.7698259353637695,-0.8470675945281982,1.6404155492782593,1.762331485748291,0.5041452646255493
-0.13570575416088104,0.0038051563315093517,-1.0573184490203857,-0.40410417318344116,-0.2878141701221466,0.8601999282836914,-0.1179782822728157,-4.239833354949951,-4.744165420532227,-5.4342265129089355,3.5400023460388184,0.0455489382147789,0.15518052875995636,-1.5095183849334717
-0.04522173851728439,0.001779179903678596,-0.9921922087669373,0.6611447930335999,0.7308160662651062,-0.09491594135761261,0.14066414535045624,-3.5415165424346924,-3.8539633750915527,-4.8772406578063965,0.8645949363708496,0.10499489307403564,0.2633652985095978,-1.4143283367156982
-0.10853825509548187,0.004838013090193272,-0.9854822158813477,0.6267601847648621,0.7781365513801575,0.038847774267196655,-0.012883196584880352,-3.4828455448150635,-3.9680471420288086,-4.983486175537109,2.0670604705810547,0.7321047782897949,0.9847134947776794,-0.9380664229393005
-0.08184567093849182,0.0025290343910455704,-0.99847412109375,0.9104729294776917,0.2874414920806885,0.26568320393562317,0.13352495431900024,-3.4863123893737793,-4.582579612731934,-5.510006904602051,-1.8166433572769165,-0.004698078613728285,0.37410151958465576,-0.13987129926681519
0.02492285519838333,0.006906616035848856,-1.042993187904358,0.7067201733589172,0.6759392619132996,0.17045342922210693,-0.12082374095916748,-3.4267632961273193,-4.415417671203613,-5.159450531005859,0.6965857148170471,0.7020696997642517,0.4407427906990051,-1.6348695755004883
-0.030955687165260315,0.012490958906710148,-1.0203373432159424,0.7394053936004639,0.6587153077125549,-0.12265239655971527,0.06580482423305511,-3.7853641510009766,-3.989546298980713,-4.979756832122803,0.01845158264040947,1.6544924974441528,1.4426385164260864,-1.716133713722229
-0.33330094814300537,0.01791599951684475,-1.118146538734436,0.7053707242012024,0.6421143412590027,0.23037196695804596,-0.19253584742546082,-3.5141425132751465,-3.9199743270874023,-4.760132789611816,-0.5061752200126648,1.5988585948944092,1.6732922792434692,0.039275288581848145
-0.22919295728206635,0.014615671709179878,-1.065438985824585,0.5487481355667114,-0.5284494161605835,-0.4341917037963867,-0.48072266578674316,-3.875322103500366,-4.1863298416137695,-5.418354034423828,-0.7362135648727417,1.216120719909668,1.157386302947998,-0.9149371385574341
-0.20547404885292053,0.017612507566809654,-1.0756537914276123,0.5368651151657104,-0.5372941493988037,-0.5039797425270081,-0.4112119972705841,-3.826669931411743,-4.068862438201904,-5.156713962554932,-0.723623514175415,1.7275714874267578,1.7618578672409058,1.0216940641403198
-0.2880253493785858,0.010923044756054878,-1.0276299715042114,0.7441645264625549,0.6673598885536194,-0.022305285558104515,0.018772263079881668,-4.36839485168457,-4.778274059295654,-5.5125885009765625,-0.4682692885398865,0.5791130661964417,0.039658576250076294,-0.09708204865455627
-0.2813045382499695,0.008913993835449219,-0.9613863825798035,0.6262665390968323,0.6863997578620911,-0.26035407185554504,0.2624143958091736,-3.629166841506958,-4.0238728523254395,-4.912022113800049,-0.143252894282341,1.1213041543960571,1.135744571685791,-0.6070905923843384
-0.26623740792274475,0.01561047974973917,-1.0009689331054688,-0.3753710985183716,0.5164536833763123,0.5849756598472595,0.5001755356788635,-4.093937397003174,-4.34250020980835,-4.839989185333252,-0.3513094186782837,1.7453317642211914,1.7227293252944946,1.1898186206817627
-0.22998473048210144,0.018631896004080772,-1.0156184434890747,-0.35805365443229675,0.44261983036994934,0.4780596196651459,0.6688379645347595,-3.822268486022949,-4.458484172821045,-5.2291741371154785,0.047805946320295334,1.714630126953125,1.7051479816436768,0.44293829798698425
-0.18575622141361237,0.007146583404392004,-0.9790284633636475,0.8178942799568176,0.5033892393112183,0.2755962610244751,-0.041169922798871994,-3.1547493934631348,-4.049643516540527,-5.693970203399658,-1.4398818016052246,1.7654969692230225,1.7724539041519165,1.3465614318847656
-0.2348802387714386,0.009917094372212887,-0.9700574278831482,-0.36026865243911743,0.30150359869003296,0.6061819791793823,0.6417518854141235,-3.7728970050811768,-4.156210422515869,-5.2505717277526855,4.555710315704346,1.4323959350585938,1.3521279096603394,-1.3313006162643433
-0.19109196960926056,0.013697944581508636,-1.0208141803741455,0.5164738297462463,-0.7550812363624573,-0.3109225034713745,-0.2577485740184784,-4.6674652099609375,-5.761280059814453,-5.923600196838379,3.3062801361083984,0.12511204183101654,-0.05405515432357788,-0.8565018773078918
-0.16693708300590515,0.014657347463071346,-0.9979357719421387,0.6412244439125061,-0.5740823149681091,-0.3396819531917572,-0.3793109953403473,-3.5373523235321045,-4.748162746429443,-5.237703800201416,-0.9663233757019043,1.6784031391143799,1.6580158472061157,-0.05692659318447113
-0.08787624537944794,0.004902368877083063,-1.0706381797790527,0.8696349859237671,0.4838786721229553,0.04405965283513069,0.08749391883611679,-4.4730119705200195,-4.931002140045166,-5.2814788818359375,-1.714274525642395,1.7724539041519165,1.7680515050888062,-1.7138323783874512
-0.09626051783561707,0.013309769332408905,-1.0572527647018433,0.89143967628479,0.36844921112060547,-0.2604231536388397,0.041954778134822845,-4.377431392669678,-5.010075569152832,-6.2060441970825195,-0.7452529668807983,0.7942041158676147,0.6992600560188293,0.3104934096336365
-0.1134844720363617,0.010367728769779205,-0.9907536506652832,-0.4317614436149597,0.455675333738327,0.5037843585014343,0.593416690826416,-3.744492530822754,-4.144538402557373,-4.814076900482178,1.207353115081787,1.3305143117904663,1.4223477840423584,-0.6926640272140503
-0.05406229943037033,0.015405923128128052,-0.9910332560539246,0.6002413630485535,-0.4624077081680298,-0.48494085669517517,-0.43671709299087524,-3.5057809352874756,-3.9677748680114746,-4.834639072418213,-0.42522168159484863,1.4427629709243774,1.6200271844863892,0.8070517182350159
-0.08390703797340393,0.01727762632071972,-0.9967391490936279,0.7067471146583557,0.6859434843063354,-0.13953138887882233,0.10257187485694885,-3.69669508934021,-4.091464519500732,-5.2265119552612305,-0.3708803057670593,1.734295129776001,1.7702341079711914,1.2588155269622803
-0.13955800235271454,0.01718035712838173,-1.0011999607086182,-0.4376627206802368,0.7247745394706726,0.27222856879234314,0.4572141766548157,-3.434960126876831,-4.896946430206299,-5.092345237731934,0.11425193399190903,1.756503701210022,1.755436658859253,0.8221666216850281
-0.10823196172714233,0.01758405566215515,-1.0441662073135376,0.6423324346542358,0.7112447619438171,0.17051398754119873,-0.22905229032039642,-3.7987849712371826,-4.327271461486816,-5.484375,-0.5261819362640381,1.7502437829971313,1.7515052556991577,0.6853490471839905
0.0019113635644316673,0.01578189991414547,-0.9890050888061523,0.6649820804595947,-0.474434494972229,-0.46421700716018677,-0.34236422181129456,-3.351020336151123,-4.650479316711426,-4.949796676635742,-0.9961839914321899,1.7373218536376953,1.7147209644317627,0.9186429977416992
0.0403716154396534,0.003273123875260353,-1.0210025310516357,0.7621810436248779,0.6201768517494202,-0.16607315838336945,-0.08294810354709625,-3.9699547290802,-4.412245750427246,-5.2587504386901855,-0.4260379374027252,-0.12713398039340973,-0.34109923243522644,-0.4924773573875427
-0.47230660915374756,0.01978229731321335,-1.1312377452850342,0.5701937079429626,-0.5890665054321289,-0.4220975339412689,-0.3869282305240631,-4.109379768371582,-4.447027683258057,-6.298138618469238,0.9639748334884644,-1.261993169784546,-1.2596782445907593,-1.5827491283416748
-0.6107141375541687,0.020023858174681664,-1.123176097869873,0.5884613990783691,-0.6191505789756775,-0.36106884479522705,-0.3741590082645416,-3.620946168899536,-4.4054670333862305,-5.475711822509766,-1.593692660331726,1.565043330192566,1.5510351657867432,-1.0643752813339233
-0.32551345229148865,0.016939030960202217,-1.1605069637298584,0.7490183115005493,0.6290404200553894,0.1572156548500061,-0.13624587655067444,-3.0572261810302734,-4.407831192016602,-6.032975673675537,-1.6912860870361328,-1.2271312475204468,-1.2014340162277222,-1.560784101486206
-0.6230069994926453,0.01810295879840851,-1.0229305028915405,0.5554090738296509,-0.661039412021637,-0.3118802607059479,-0.3965834081172943,-3.7646303176879883,-4.087131023406982,-4.644067764282227,-1.1361596584320068,1.6321907043457031,1.7645376920700073,1.5309709310531616
-0.6060065627098083,0.019375061616301537,-0.9936307072639465,0.7721784710884094,0.619971752166748,-0.12265454977750778,0.06581274420022964,-4.516061305999756,-5.572231769561768,-6.095499038696289,-0.46724188327789307,-1.3328728675842285,-1.2562601566314697,-1.2695941925048828
-0.4137435257434845,0.00988747738301754,-0.9573025703430176,0.705741822719574,-0.5240954756736755,-0.3324163258075714,-0.3416895866394043,-4.055995464324951,-4.830509662628174,-5.234509468078613,2.256869077682495,0.45118921995162964,0.4236724376678467,-1.5816994905471802
-0.4337558150291443,0.016918515786528587,-0.9881427884101868,0.6855030655860901,0.6940279603004456,0.17442381381988525,-0.13411609828472137,-4.244204044342041,-4.884798526763916,-5.335561752319336,-0.9572137594223022,1.2525813579559326,1.2898465394973755,-1.3878644704818726
-0.35241660475730896,0.016723578795790672,-1.0243698358535767,-0.34350156784057617,0.3177702724933624,0.6406271457672119,0.6087902784347534,-4.3868608474731445,-4.879210948944092,-6.211433410644531,0.5130966901779175,-1.2063177824020386,-1.0907050371170044,-1.0896590948104858
-0.33247050642967224,0.019129669293761253,-0.9815418720245361,-0.37159615755081177,0.41151899099349976,0.5880611538887024,0.5888569355010986,-4.157797813415527,-4.207729816436768,-5.114277362823486,1.4856985807418823,1.719544529914856,1.69234037399292,0.06076584383845329
-0.3863152861595154,0.021019481122493744,-0.9855324029922485,0.6588358283042908,-0.6440455913543701,-0.3155459463596344,-0.22709320485591888,-3.8239336013793945,-4.121988773345947,-4.867705821990967,-0.9862921833992004,1.624066710472107,1.7219550609588623,0.9069743752479553
-0.4044665992259979,0.020065676420927048,-1.0421549081802368,0.7377052307128906,0.6679638028144836,-0.06486419588327408,0.07353924214839935,-3.9589757919311523,-4.935597896575928,-5.894780158996582,-0.8166808485984802,1.1664108037948608,1.4059158563613892,-0.03320273384451866
-0.4521068036556244,0.024608243256807327,-0.9857422709465027,0.5406561493873596,-0.5863955616950989,-0.3393121361732483,-0.4986967444419861,-3.6287593841552734,-4.062755584716797,-4.636868476867676,-0.5138309597969055,1.4740231037139893,1.664395809173584,0.22578589618206024
-0.28763261437416077,0.016346218064427376,-1.0381028652191162,0.785103976726532,0.6139877438545227,-0.029787207022309303,0.07578572630882263,-4.028435707092285,-5.1758198738098145,-6.212888717651367,-1.1169986724853516,-0.964708685874939,-1.2047291994094849,-1.706313967704773
-0.1771705150604248,0.014945238828659058,-1.2574671506881714,-0.1527571827173233,0.7165377140045166,0.12096156924962997,-0.669781506061554,-5.513360500335693,-13.526777267456055,-5.165007591247559,-0.8194409012794495,-1.1461187601089478,-1.0623819828033447,0.1737699657678604
-0.2335788905620575,0.01824548840522766,-1.1913039684295654,-0.41030603647232056,0.25730958580970764,0.658711314201355,0.5757952332496643,-4.249015808105469,-4.707120895385742,-5.312835216522217,-0.2561458349227905,1.5459517240524292,1.625826120376587,0.37328845262527466
-0.19537842273712158,0.019930275157094002,-1.187288522720337,0.9701685309410095,0.1742856204509735,0.16357934474945068,-0.04048878699541092,-4.145679950714111,-5.546814918518066,-6.297877311706543,3.3907482624053955,1.4420746564865112,1.1621099710464478,-1.7237558364868164
-0.11572540551424026,0.017859341576695442,-1.1948357820510864,-0.3107219338417053,0.2690734267234802,0.67680823802948,0.610722541809082,-3.4249706268310547,-4.3473310470581055,-6.249114513397217,-0.9095738530158997,-1.3650643825531006,-1.429121732711792,-1.6595121622085571
0.026015188544988632,0.010436911135911942,-1.2603726387023926,-0.4729606807231903,0.6386286020278931,0.3795231282711029,0.4737339913845062,-3.500999689102173,-4.086709499359131,-4.7543768882751465,0.3189542889595032,1.6523460149765015,1.6876232624053955,1.4503556489944458
-0.06425242125988007,0.015436273999512196,-1.2674049139022827,0.7796564698219299,0.43062320351600647,0.2439967691898346,0.3836209774017334,-7.362032890319824,-4.5839362144470215,-5.860939979553223,-1.773577094078064,0.10426196455955505,-0.9105547666549683,0.7298339009284973
0.05704255774617195,0.013298150151968002,-1.2483799457550049,0.6791918277740479,-0.6230725646018982,-0.27559080719947815,-0.27299952507019043,-3.5328738689422607,-4.150944232940674,-5.187675476074219,0.5422801375389099,1.32681405544281,1.45637047290802,-0.37043172121047974
-0.24297332763671875,0.018158061429858208,-0.922591507434845,-0.3378717005252838,0.32000985741615295,0.6568980813026428,0.5932295918464661,-3.454291582107544,-4.082880020141602,-5.048924446105957,-0.48124727606773376,1.7696495056152344,1.760938286781311,0.8136465549468994
-0.19062671065330505,0.01703552156686783,-0.9439400434494019,0.6148245334625244,-0.6178518533706665,-0.37214013934135437,-0.31900086998939514,-3.7959213256835938,-4.158172130584717,-5.148743629455566,-0.19461776316165924,1.7541381120681763,1.767456293106079,0.7207806706428528
-0.02646406926214695,0.01649090088903904,-1.0217170715332031,0.6891946792602539,0.7232076525688171,-0.03420627489686012,0.028483619913458824,-3.5067191123962402,-4.19013786315918,-5.422448635101318,-1.3234010934829712,1.7166804075241089,1.5744153261184692,-0.08731449395418167
-0.00820898823440075,0.01125428732484579,-1.0539565086364746,-0.14584510028362274,-0.2868517339229584,-0.03525165840983391,0.9461514949798584,-4.252574920654297,-6.081640720367432,-11.44975757598877,1.4360558986663818,0.8170051574707031,0.650840163230896,-1.7724539041519165
-0.04053613543510437,0.010478785261511803,-0.9537994861602783,0.6420090794563293,0.7341282963752747,0.1430109739303589,-0.16860553622245789,-3.485471248626709,-4.1291680335998535,-4.9689717292785645,0.8265212178230286,1.2003929615020752,1.369868516921997,-0.7232331037521362
-0.5233529210090637,0.008518174290657043,-0.8295086026191711,0.5509805679321289,0.8338171243667603,-0.02274947613477707,-0.025532426312565804,-2.727421998977661,-4.1290507316589355,-4.653115749359131,-1.076253056526184,-1.0838624238967896,-1.0700023174285889,-1.6237983703613281
-0.42496949434280396,0.012205101549625397,-0.9375972747802734,0.7545235753059387,0.5466088056564331,0.3512074947357178,-0.09255430102348328,-4.1253767013549805,-4.706279277801514,-5.5674004554748535,0.19398057460784912,1.5068608522415161,1.5577731132507324,-0.1796521097421646
-0.4578310549259186,0.010040936060249805,-0.9469344019889832,0.637977659702301,-0.6551001071929932,-0.3061724901199341,-0.2647389769554138,-4.236245155334473,-4.449369430541992,-5.160770893096924,1.3477210998535156,1.2625356912612915,1.022003412246704,-1.5290026664733887
-0.41266539692878723,0.010576620697975159,-0.8998623490333557,-0.342266708612442,0.3632436692714691,0.6588116884231567,0.5629162192344666,-3.837695598602295,-4.994813442230225,-5.6635637283325195,-0.552588939666748,-0.017017705366015434,-0.30030661821365356,-1.7071722745895386
-0.35254350304603577,0.0026130995247513056,-0.9352060556411743,-0.4637944996356964,0.6875087022781372,0.39049291610717773,0.3996770977973938,-4.350945472717285,-4.824174880981445,-5.997260570526123,0.20487794280052185,-0.6416389346122742,-0.7480219006538391,-0.9210465550422668
-0.3712325096130371,0.0087213683873415,-0.9156568646430969,-0.3958953320980072,0.4701956510543823,0.5898627042770386,0.523684024810791,-3.9229488372802734,-4.2904462814331055,-5.652426242828369,16.11809539794922,0.9580385088920593,0.7348583936691284,-1.6192165613174438
-0.5381357073783875,0.013821674510836601,-0.9300715923309326,0.6082075238227844,-0.6427531838417053,-0.3006187081336975,-0.35578134655952454,-4.072999000549316,-4.637037754058838,-5.2951340675354,0.8868158459663391,0.7576248645782471,1.2551461458206177,-0.3892965018749237
-0.4877632260322571,0.011217772960662842,-0.8838140964508057,-0.3943266272544861,0.4801517426967621,0.5672675967216492,0.5405259132385254,-3.5846095085144043,-3.9559803009033203,-6.125293254852295,16.11809539794922,0.9096704721450806,1.200083613395691,-1.4983973503112793
-0.44124147295951843,0.013518432155251503,-0.9020925760269165,-0.344806432723999,0.20833921432495117,0.8308074474334717,0.3840081989765167,-3.3797953128814697,-4.163453578948975,-5.326576232910156,0.057985030114650726,1.5528604984283447,1.668796181678772,1.2584781646728516
-0.4267578125,0.010008093900978565,-0.9143165946006775,-0.4535515010356903,0.5477843284606934,0.48884907364845276,0.5052226781845093,-4.111319541931152,-4.865151882171631,-5.878958225250244,2.222231388092041,0.9138656854629517,1.0349074602127075,-1.7398866415023804
-0.3993544280529022,0.017022492364048958,-0.9137015342712402,-0.37010276317596436,0.423600435256958,0.5856126546859741,0.5836474895477295,-4.042491436004639,-4.432519435882568,-5.1584014892578125,-1.069491982460022,1.5661823749542236,1.6783150434494019,1.638846516609192
-0.4215914011001587,0.010654120706021786,-0.9171910285949707,-0.4641645550727844,0.6904370188713074,0.35104742646217346,0.4296669661998749,-3.663041591644287,-3.8183422088623047,-5.919966220855713,0.7516685128211975,1.573203444480896,1.3556859493255615,-1.4975266456604004
-0.280752032995224,0.00895126536488533,-0.9407143592834473,0.6927329897880554,0.6713290214538574,-0.20372843742370605,0.16713181138038635,-3.4466552734375,-3.616931676864624,-5.463298797607422,6.5804033279418945,1.4891626834869385,1.3352493047714233,-1.6987991333007812
-0.39586710929870605,0.010206224396824837,-0.9427192211151123,0.5185093283653259,-0.4530782401561737,-0.5307881236076355,-0.4940972924232483,-4.139386177062988,-4.281413555145264,-6.064856052398682,16.11809539794922,1.2863305807113647,1.1245900392532349,-1.7189899682998657
-0.3828127682209015,0.012637144885957241,-0.9296358823776245,0.5257132649421692,-0.4080534875392914,-0.66004878282547,-0.3485017716884613,-4.222001075744629,-4.794715881347656,-5.327022075653076,16.11809539794922,1.6994634866714478,1.5269263982772827,-1.2479747533798218
-0.3559374213218689,0.014104370959103107,-0.886811375617981,0.6958433985710144,0.6958295106887817,0.09732420742511749,-0.14883317053318024,-3.5959742069244385,-4.0100507736206055,-5.564174175262451,16.11809539794922,1.724211573600769,1.4698097705841064,-1.6434032917022705
-0.4149942100048065,0.014592833817005157,-0.9092805981636047,0.5029308795928955,-0.5507687926292419,-0.47773197293281555,-0.46420514583587646,-3.7535276412963867,-4.349546909332275,-5.881246089935303,16.11809539794922,1.632381558418274,1.4302358627319336,-1.7337785959243774
-0.4235900044441223,0.012408955954015255,-0.8891197443008423,0.7393398284912109,0.6384554505348206,-0.10720480233430862,0.18509013950824738,-3.794271230697632,-3.973972797393799,-6.123777866363525,0.8747065663337708,1.2016942501068115,0.9680575728416443,-1.6901116371154785
-0.37437939643859863,0.017037874087691307,-0.9515775442123413,-0.4270637631416321,0.625385046005249,0.4028252363204956,0.5140446424484253,-4.627159118652344,-5.0032148361206055,-5.8996076583862305,-0.3075963854789734,1.62538480758667,1.5196998119354248,-0.016329344362020493
-0.33268609642982483,0.013281316496431828,-0.90236896276474,-0.38152027130126953,0.36576926708221436,0.6575004458427429,0.5369807481765747,-3.999706745147705,-4.409363746643066,-5.2126030921936035,1.249214768409729,1.6528797149658203,1.5185177326202393,-0.2611674964427948
-0.3148438036441803,0.0045256055891513824,-0.8342760801315308,0.5859586000442505,-0.6233823299407959,-0.3851061761379242,-0.3460350036621094,-3.522451400756836,-4.197469234466553,-5.929271221160889,-1.7791714668273926,-1.279630422592163,-0.5155129432678223,-1.7724539041519165
-0.40049874782562256,0.004436892457306385,-0.8105546236038208,0.5763260126113892,0.8135088086128235,0.05713019520044327,0.05280054360628128,-3.074669599533081,-3.409322500228882,-5.0948896408081055,-0.9167280793190002,-1.1537063121795654,-1.231706976890564,-1.6286438703536987
-0.3334689140319824,0.015032599680125713,-0.8251367211341858,-0.4875463545322418,0.5407537221908569,0.49024754762649536,0.4791046977043152,-3.4338083267211914,-3.7424635887145996,-5.983913898468018,16.11809539794922,0.7547301054000854,1.112973928451538,-1.4238755702972412
-0.2957804501056671,0.013243187218904495,-0.954504132270813,-0.4926207959651947,0.4967585504055023,0.6539444923400879,0.2879449427127838,-4.226378917694092,-4.69354248046875,-4.820435523986816,-0.3921341300010681,1.7616373300552368,1.7087628841400146,0.26903149485588074
-0.296320378780365,0.014432762749493122,-0.9384201169013977,0.6561688780784607,0.730983555316925,0.09693475812673569,-0.16034062206745148,-3.7516114711761475,-4.117228031158447,-4.5328450202941895,-0.282720148563385,1.7020827531814575,1.7162290811538696,1.304885983467102
-0.24686741828918457,0.010931338183581829,-0.8951374888420105,-0.3251316547393799,0.5563912987709045,0.4982181787490845,0.580083429813385,-3.5094380378723145,-4.151264190673828,-4.7326436042785645,-0.5529295802116394,1.6186548471450806,1.7136543989181519,1.527397871017456
-0.2095721960067749,0.0051392680034041405,-0.9041460752487183,-0.48481661081314087,0.5752599835395813,0.4542149305343628,0.47719767689704895,-3.496544599533081,-3.904141426086426,-5.766814708709717,16.11809539794922,1.0207499265670776,1.1153753995895386,-1.558785080909729
-0.023555252701044083,0.0007735798135399818,-0.9382312893867493,0.5683881044387817,-0.5981629490852356,-0.39229410886764526,-0.4064989686012268,-3.5456156730651855,-3.6402509212493896,-5.59584903717041,16.11809539794922,0.34528884291648865,0.8232182264328003,-1.189117193222046
-0.08473259955644608,0.007499293889850378,-0.898823618888855,0.6921144127845764,0.6321850419044495,0.2462819218635559,-0.24630260467529297,-3.836324691772461,-4.152995586395264,-5.394810676574707,1.7276476621627808,0.3875853419303894,0.388742595911026,-1.6836631298065186
-0.12024147808551788,0.0026415030006319284,-0.9348958134651184,-0.4411494731903076,0.3932047188282013,0.5977166295051575,0.5417674779891968,-3.1420960426330566,-3.8144922256469727,-5.657888889312744,0.8876018524169922,0.5767443776130676,0.9602848291397095,-1.6726669073104858
-0.052165865898132324,0.01643766090273857,-0.8554136753082275,-0.4007105529308319,0.5251744389533997,0.5502312183380127,0.5107529163360596,-3.5431606769561768,-3.895921230316162,-4.896102428436279,-0.8839583396911621,1.584900975227356,1.6234921216964722,0.765890896320343
-0.12591326236724854,0.004402403719723225,-0.8809053897857666,-0.35154539346694946,0.5806354880332947,0.47347456216812134,0.5613378286361694,-4.363870620727539,-5.047563076019287,-5.68057107925415,2.2768781185150146,-0.18348364531993866,-0.5875411629676819,-1.2673527002334595
-0.2661952078342438,0.009167918935418129,-0.8864497542381287,0.7159637212753296,0.682571530342102,-0.1203475147485733,0.08371695131063461,-3.3382484912872314,-3.6127004623413086,-5.614368438720703,16.11809539794922,1.3704252243041992,1.3556371927261353,-1.571415662765503
-0.19126857817173004,0.014079945161938667,-0.9293658137321472,0.7354735136032104,0.6091551780700684,-0.20793350040912628,0.21159471571445465,-3.4565365314483643,-3.854586601257324,-4.696323394775391,-0.4522058367729187,1.741361379623413,1.6908317804336548,-0.320578396320343
-0.18470627069473267,0.003668233286589384,-0.9395629167556763,-0.47200635075569153,0.42385196685791016,0.7559756636619568,0.16143202781677246,-3.3639626502990723,-4.238154888153076,-8.306817054748535,-1.049778938293457,1.72440767288208,1.7724539041519165,0.6281176805496216
-0.1596260964870453,0.008025428280234337,-0.9056701064109802,0.6896114945411682,0.7135589122772217,-0.09832266718149185,0.07484880834817886,-3.4593777656555176,-3.6963813304901123,-5.174564361572266,16.11809539794922,1.2657859325408936,1.276943325996399,-1.6893928050994873
-0.19097104668617249,0.005682050250470638,-0.8653865456581116,0.56849205493927,0.8114325404167175,0.00106585503090173,-0.13562044501304626,-4.895287990570068,-5.942111492156982,-6.372524261474609,1.3623416423797607,-0.6048102378845215,-0.8428497910499573,-1.7585523128509521
-0.2068209946155548,0.01391937118023634,-0.8437226414680481,0.6967269778251648,0.6578570008277893,-0.20287005603313446,0.2015920728445053,-3.831488609313965,-4.284640789031982,-5.656941890716553,16.11809539794922,1.339809775352478,1.2222821712493896,-1.6746824979782104
-0.17732608318328857,0.011297063902020454,-0.845754086971283,-0.3511039614677429,0.2986683249473572,0.6298965215682983,0.6251028776168823,-3.8367226123809814,-4.835657596588135,-5.36344051361084,16.11809539794922,0.7064676284790039,0.7699123024940491,0.32244130969047546
-0.268510639667511,0.010814891196787357,-0.851019561290741,0.71070396900177,0.6938388347625732,-0.06279561668634415,0.09769482910633087,-3.677433967590332,-4.380561828613281,-5.4951395988464355,-0.5076138973236084,0.2212064564228058,0.0875900387763977,-1.7249106168746948
-0.2862761616706848,0.018898922950029373,-0.8053810000419617,0.701846718788147,0.6130862236022949,0.2521558105945587,-0.260679692029953,-3.371894598007202,-4.2074785232543945,-5.195869445800781,-1.0946719646453857,1.5941911935806274,1.6287097930908203,1.5143169164657593
-0.15097466111183167,0.010678553022444248,-0.8527507185935974,-0.43837475776672363,0.5451961159706116,0.5016891956329346,0.5088189840316772,-4.69063663482666,-4.894914627075195,-5.410894393920898,2.683126449584961,-0.37765952944755554,-0.7005283832550049,-1.6435301303863525
-0.19132199883460999,0.011341720819473267,-0.8304809927940369,-0.2808813750743866,0.4335768222808838,0.5908553004264832,0.6196828484535217,-4.15260648727417,-4.615698337554932,-5.826626300811768,-0.8654242753982544,-0.2661764919757843,-0.4211318790912628,-1.049303412437439
-0.16753824055194855,0.012882359325885773,-0.8163025975227356,-0.4636438488960266,0.5895993113517761,0.4984787106513977,0.43465617299079895,-4.486419677734375,-5.0597333908081055,-5.929354190826416,-0.49742943048477173,-0.5977649092674255,-1.3681710958480835,-1.7468181848526
-0.15442773699760437,0.011613884009420872,-0.8474490642547607,-0.32698068022727966,0.26113325357437134,0.6746599078178406,0.6080518960952759,-3.8744406700134277,-4.163211822509766,-5.572628021240234,16.11809539794922,1.2694100141525269,1.09796142578125,-1.699643850326538
-0.1681196093559265,0.016865907236933708,-0.8375759124755859,0.6026244759559631,0.7198549509048462,-0.1972331404685974,0.28240343928337097,-4.466678619384766,-4.901899337768555,-5.285755634307861,-0.5687600374221802,1.694366455078125,1.6834995746612549,1.276559591293335
-0.15985986590385437,0.013711109757423401,-0.8007127642631531,-0.4166664779186249,0.5033667087554932,0.5247647166252136,0.5455574989318848,-3.908803939819336,-4.5265302658081055,-5.8317718505859375,1.3961368799209595,0.4175053536891937,0.145224928855896,-1.493046760559082
-0.13009485602378845,0.010721500962972641,-0.8890543580055237,0.8402801156044006,0.3894761800765991,0.23161306977272034,-0.2976458668708801,-4.427938461303711,-4.763696670532227,-5.638858318328857,-1.1550090312957764,-0.852152943611145,-1.3531692028045654,-1.6475356817245483
-0.06599432229995728,0.02505439519882202,-0.90260910987854,0.8701271414756775,0.45396313071250916,0.16597172617912292,-0.09617498517036438,-3.325876474380493,-3.7508203983306885,-5.03414249420166,-1.018577218055725,1.7474868297576904,1.7443785667419434,1.0047343969345093
-0.03367360681295395,0.007709198631346226,-0.8659213781356812,0.6118891835212708,-0.6645637154579163,-0.3007221519947052,-0.30579879879951477,-3.5364162921905518,-3.74971866607666,-5.939023494720459,16.11809539794922,0.21083204448223114,0.7819138169288635,-1.23386549949646
-0.09724234789609909,0.00708586722612381,-0.9168919324874878,-0.4568891227245331,-0.21496598422527313,-0.0034560449421405792,0.8631511926651001,-5.425515174865723,-8.081273078918457,-5.16426944732666,2.2643637657165527,1.3164268732070923,0.5123693346977234,1.7724539041519165
-0.1028679832816124,0.019762717187404633,-0.9267363548278809,0.6893314123153687,0.7042418718338013,-0.10330086946487427,0.13488706946372986,-3.7766594886779785,-4.251535415649414,-5.146372318267822,-0.41694438457489014,1.6703307628631592,1.7451709508895874,0.2626076340675354
0.01702791079878807,0.014213638380169868,-0.9402592778205872,-0.41042524576187134,0.3947482109069824,0.5724843740463257,0.5899038910865784,-3.508042812347412,-3.764256477355957,-4.684370994567871,-0.6884941458702087,1.6644885540008545,1.710357666015625,0.2726663053035736
-0.10296743363142014,0.012459688819944859,-0.9294590353965759,0.6553943753242493,0.7429506778717041,-0.09980016201734543,0.09231700003147125,-3.643580675125122,-5.2296953201293945,-5.821585178375244,-1.6300715208053589,-0.45384445786476135,-0.5421622395515442,-1.52785062789917
-0.05604330450296402,0.014093593694269657,-0.8821530342102051,0.7009730339050293,0.708012044429779,-0.08171524852514267,0.02604651264846325,-3.6154167652130127,-3.9899866580963135,-5.504565238952637,2.093090295791626,1.3574033975601196,1.408311367034912,-1.105336308479309
-0.1220678985118866,0.008740398101508617,-0.850669264793396,0.5918562412261963,-0.6960173845291138,-0.2702522277832031,-0.30369341373443604,-4.060221195220947,-4.651199817657471,-5.562574863433838,2.9936633110046387,0.5931903123855591,0.11503944545984268,-0.40474748611450195
-0.09098011255264282,0.016616974025964737,-0.8457977175712585,0.573162317276001,-0.721711277961731,-0.26351621747016907,-0.2849156856536865,-3.827016592025757,-4.314027309417725,-5.24755334854126,-1.0038734674453735,1.5400863885879517,1.3629382848739624,-0.49693337082862854
-0.08641692250967026,0.015198012813925743,-0.8479509949684143,0.5659729838371277,-0.6622304320335388,-0.3604031503200531,-0.3335190713405609,-3.992345094680786,-4.733587265014648,-5.75217342376709,-1.47475004196167,-1.12558913230896,-1.4856826066970825,-1.552404522895813
-0.08471564948558807,0.017886776477098465,-0.852075457572937,-0.41895371675491333,0.39223626255989075,0.6394541263580322,0.5115925669670105,-4.059541702270508,-4.4315290451049805,-5.473028659820557,-0.4837069511413574,1.7386183738708496,1.7255109548568726,1.2502189874649048
0.02973143197596073,0.018964456394314766,-0.811867356300354,0.7886902093887329,0.6131967306137085,-0.013648481108248234,0.04208651930093765,-3.481060743331909,-3.984907388687134,-5.344478607177734,-0.08577091991901398,1.7064499855041504,1.7256648540496826,1.6389607191085815
-0.13407237827777863,0.01777803711593151,-0.8883523344993591,-0.4454866945743561,0.46108385920524597,0.5637431144714355,0.5207080841064453,-3.86384916305542,-4.490084648132324,-5.244995594024658,-0.10848801583051682,1.690635323524475,1.5354199409484863,0.9431211948394775
-0.08366183936595917,0.012637248262763023,-0.8468958139419556,0.5381544232368469,-0.5676618218421936,-0.46373623609542847,-0.4160512387752533,-4.506966590881348,-5.498062610626221,-6.223934173583984,0.06023580580949783,-0.935431718826294,-1.1699048280715942,-0.23988014459609985
-0.1096031665802002,0.01379754114896059,-0.849844753742218,0.6314591765403748,0.6878589391708374,-0.22339849174022675,0.2796471416950226,-3.725825309753418,-4.550045490264893,-5.853647232055664,-0.5849785208702087,0.4621327221393585,-0.52584308385849,-1.371957778930664
-0.1535440981388092,0.02001379057765007,-0.811286985874176,-0.3626018464565277,0.8315943479537964,0.33046722412109375,0.2603116035461426,-4.664298057556152,-4.806284427642822,-5.170361042022705,1.4738036394119263,1.7715938091278076,1.7191801071166992,1.2695077657699585
-0.07715494930744171,0.01355194952338934,-0.793268620967865,0.6812400817871094,0.6494643092155457,-0.25424811244010925,0.2224094420671463,-3.556243896484375,-4.512815475463867,-5.538201808929443,-1.472477912902832,-0.8195264935493469,-1.1351972818374634,-1.431057095527649
-0.23024700582027435,0.008622159250080585,-0.8157616257667542,-0.4541444480419159,0.6555120944976807,0.38930657505989075,0.4609740972518921,-3.5302035808563232,-4.179572582244873,-5.092345237731934,-1.8772406578063965,-0.9318443536758423,-1.0277727842330933,-1.5725659132003784
-0.29156893491744995,0.01605086401104927,-0.7906299829483032,0.6745264530181885,0.6671918034553528,0.22960063815116882,-0.21714667975902557,-3.5046780109405518,-4.088595867156982,-5.350356101989746,-0.5243101119995117,-1.1401606798171997,-1.118098497390747,-1.1925852298736572
-0.15014056861400604,0.018628748133778572,-0.7885093092918396,0.7591507434844971,0.6004984378814697,-0.14600417017936707,0.20438812673091888,-3.8474667072296143,-4.465247631072998,-5.609443187713623,-0.4097559452056885,1.6549971103668213,1.545078992843628,1.001601219177246
-0.1301286220550537,0.014149912633001804,-0.7795860767364502,0.7774741649627686,0.6282745003700256,0.02730989083647728,-0.007695486303418875,-3.8117423057556152,-4.611510276794434,-5.481706142425537,-0.46908891201019287,-1.0632599592208862,-1.1102231740951538,-1.3272905349731445
-0.013778852298855782,0.015149506740272045,-0.7838943004608154,0.6285072565078735,0.7650047540664673,0.08212410658597946,-0.11402592808008194,-2.857785940170288,-4.38801908493042,-5.330755710601807,-0.8529393672943115,-0.015208522789180279,0.21605345606803894,-1.479536533355713
-0.5812661647796631,0.015095439739525318,-0.8764796853065491,0.7367479205131531,0.6446319222450256,-0.15659281611442566,0.13088499009609222,-3.1924092769622803,-3.504507303237915,-5.926884174346924,16.11809539794922,0.9799456596374512,1.5486018657684326,-1.200514316558838
-0.488491028547287,0.021203426644206047,-0.8846454620361328,-0.28284603357315063,0.2608022689819336,0.6747966408729553,0.6297855377197266,-3.235424280166626,-4.343100070953369,-5.16917085647583,-1.2810025215148926,1.689963459968567,1.7353296279907227,0.7494702339172363
-0.5405846238136292,0.025089511647820473,-0.8375697731971741,0.7624431252479553,0.6422052383422852,-0.06596902757883072,0.0435996949672699,-3.3644886016845703,-3.700277090072632,-4.925040245056152,0.009206436574459076,1.6951760053634644,1.7308138608932495,1.4493775367736816
-0.4811568260192871,0.018512096256017685,-0.8252379298210144,0.7381801009178162,0.6529943943023682,-0.1364499181509018,0.10034889727830887,-3.404430627822876,-3.794217824935913,-6.066412448883057,1.170873999595642,1.4281989336013794,1.597549557685852,-1.3789772987365723
-0.47030675411224365,0.017673498019576073,-0.8057737350463867,0.741837739944458,0.6689989566802979,0.022009840235114098,-0.0404064878821373,-3.533828020095825,-4.216609477996826,-5.810190200805664,-1.8900012969970703,-0.8857844471931458,-0.8802810311317444,-0.694945752620697
-0.45058673620224,0.019731782376766205,-0.8503680229187012,0.6957552433013916,0.6447791457176208,0.21620425581932068,-0.23117148876190186,-3.73427677154541,-3.973726511001587,-5.59071159362793,-0.7407062649726868,1.7252435684204102,1.7567005157470703,0.21783819794654846
-0.42494630813598633,0.016540782526135445,-0.948637068271637,0.6467263698577881,-0.382901132106781,-0.6366357803344727,-0.17270369827747345,-4.8517045974731445,-4.995485782623291,-6.160865306854248,-0.37542426586151123,1.5410388708114624,1.572618007659912,1.3442919254302979
-0.44742435216903687,0.015052556991577148,-0.857089102268219,-0.47933316230773926,0.5308663845062256,0.5120945572853088,0.47558358311653137,-3.497105121612549,-4.042571067810059,-5.71482515335083,16.11809539794922,1.251395344734192,1.4484974145889282,-1.3158200979232788
-0.4571267366409302,0.019863761961460114,-0.9214157462120056,0.5166932940483093,-0.46192967891693115,-0.5106883645057678,-0.5087695121765137,-3.7229490280151367,-4.489757537841797,-5.529908180236816,-0.6708518266677856,1.739809274673462,1.7183008193969727,-0.39111974835395813
-0.337199866771698,0.01923464611172676,-0.9196287393569946,0.7111110091209412,0.6858025193214417,-0.10569307208061218,0.11324744671583176,-3.486323356628418,-4.639914035797119,-5.371477127075195,-0.5215359330177307,1.7715766429901123,1.761534333229065,0.5793101191520691
-0.3693481981754303,0.01971348002552986,-0.8929241299629211,0.8012353181838989,0.5971208810806274,-0.024514321237802505,0.029455961659550667,-4.056256294250488,-4.2764716148376465,-5.006770610809326,-0.10418924689292908,1.7708221673965454,1.769624948501587,0.9759284257888794
-0.418781042098999,0.01499208528548479,-0.8745694756507874,0.5856231451034546,-0.6163753271102905,-0.44662773609161377,-0.27865859866142273,-4.971617698669434,-5.587275505065918,-6.358694553375244,-0.7634788751602173,0.32287752628326416,-0.6778759360313416,-0.49422770738601685
-0.3243899643421173,0.01776670292019844,-0.8625279664993286,0.7349888682365417,0.6636559367179871,0.08522327244281769,-0.10995081067085266,-3.555798292160034,-4.180906295776367,-5.220135688781738,-0.00772146275267005,1.5342073440551758,1.7353166341781616,1.1037482023239136
-0.3816738426685333,0.015735777094960213,-0.8498296141624451,0.7689504027366638,-0.4897123873233795,-0.11138857156038284,-0.395587682723999,-5.203191757202148,-5.9232635498046875,-7.415009498596191,-1.400733470916748,0.4474243223667145,0.9404585957527161,0.5563732385635376
-0.4407212436199188,0.023747753351926804,-0.8341285586357117,-0.3317790627479553,0.29528549313545227,0.7461821436882019,0.4959247410297394,-3.3656084537506104,-3.5468788146972656,-4.785073280334473,-1.3450238704681396,1.7653920650482178,1.7646089792251587,1.2457915544509888
-0.33925145864486694,0.02040199749171734,-0.8380486965179443,0.6294933557510376,-0.6738844513893127,-0.2754002809524536,-0.27161094546318054,-3.391144275665283,-4.077231407165527,-5.387282371520996,-1.4813944101333618,1.70076584815979,1.6541974544525146,-0.121551513671875
-0.33985212445259094,0.02329878881573677,-0.7929730415344238,0.546650767326355,-0.5651805400848389,-0.48187434673309326,-0.38670533895492554,-3.8947744369506836,-4.185458183288574,-5.173977375030518,-0.11577977985143661,1.7724539041519165,1.7712527513504028,1.5362827777862549
-0.46116122603416443,0.02294396422803402,-0.9143787026405334,-0.2218780815601349,-0.5661001205444336,0.4181814193725586,0.6748518347740173,-7.956131935119629,-5.748507976531982,-5.664405345916748,-2.053239107131958,1.7724539041519165,-0.29888439178466797,-1.661241054534912
-0.24863702058792114,0.015815090388059616,-0.7962547540664673,0.5637567043304443,-0.5933561325073242,-0.4143769443035126,-0.397993266582489,-3.5285189151763916,-4.438409805297852,-5.898358345031738,0.8323968052864075,0.9260005354881287,0.7112596035003662,-1.2595601081848145
-0.22688741981983185,0.021196207031607628,-0.7812843918800354,0.6213039755821228,-0.6327186226844788,-0.33695295453071594,-0.3164035379886627,-3.542142868041992,-4.198464870452881,-5.487759113311768,0.5548959970474243,1.761462926864624,1.7611347436904907,1.4077167510986328
-0.20653769373893738,0.016252191737294197,-0.7827709317207336,0.721930742263794,0.6724492311477661,-0.12369658797979355,0.10642934590578079,-3.716144561767578,-3.8398706912994385,-6.0478949546813965,16.11809539794922,1.570314645767212,1.484372615814209,-1.3378963470458984
-0.21749429404735565,0.021743418648838997,-0.8276081681251526,0.6077938675880432,-0.5370471477508545,-0.4280243217945099,-0.3987005650997162,-3.6936535835266113,-4.315919399261475,-4.826831817626953,1.0438072681427002,1.7490922212600708,1.7516570091247559,0.8924879431724548
-0.16540127992630005,0.018814299255609512,-0.8180392384529114,0.5980964303016663,-0.06156693771481514,-0.7856650352478027,-0.14567294716835022,-4.359601020812988,-5.325150966644287,-5.568564414978027,0.4880485236644745,1.7432210445404053,1.547884464263916,-0.15307064354419708
-0.2547762989997864,0.019090931862592697,-0.8305985331535339,-0.41393032670021057,0.4248102307319641,0.5486062169075012,0.589261531829834,-3.6083810329437256,-4.13020133972168,-5.797268390655518,-1.3395507335662842,1.7502615451812744,1.6996877193450928,-0.02934223599731922
-0.15177476406097412,0.01994052715599537,-0.8627758026123047,0.5188929438591003,-0.6796473860740662,-0.3527126908302307,-0.38003063201904297,-3.7609164714813232,-4.644030570983887,-5.363242149353027,-0.4451456069946289,1.7724539041519165,1.7492945194244385,0.6677714586257935
-0.17224879562854767,0.019510958343744278,-0.8622455596923828,0.6957061290740967,-0.12155471742153168,-0.7074083685874939,0.028122255578637123,-4.1785454750061035,-4.874270439147949,-6.253866195678711,-0.49215731024742126,1.7724539041519165,1.7612636089324951,-0.3769606947898865
-0.1859753280878067,0.018728379160165787,-0.8058894276618958,0.6232366561889648,-0.6219322681427002,-0.33807581663131714,-0.33238688111305237,-3.8644347190856934,-4.639352798461914,-5.703429698944092,0.7217462658882141,1.7470322847366333,1.664527416229248,-0.12954595685005188
-0.12299281358718872,0.015246613882482052,-0.918766438961029,0.7259002327919006,0.6580988764762878,-0.13559314608573914,0.14693264663219452,-3.87024188041687,-4.641749858856201,-5.370916843414307,-0.6091657280921936,1.5692802667617798,1.5913358926773071,-0.750751793384552
0.038126081228256226,0.018082084134221077,-0.8800979256629944,0.6889602541923523,0.7235114574432373,0.034823544323444366,-0.0255389753729105,-3.38249135017395,-3.965165853500366,-5.116066932678223,-1.1629582643508911,1.719989538192749,1.7395212650299072,1.209992527961731
-0.14870555698871613,0.019594235345721245,-0.7926280498504639,-0.2696191966533661,0.32732611894607544,0.6564681529998779,0.6238691210746765,-3.302576780319214,-3.973626136779785,-5.316274642944336,-0.48171696066856384,1.761527419090271,1.7139595746994019,-1.324695110321045
-0.06249496340751648,0.014848509803414345,-0.8110142946243286,0.7463530898094177,0.6571866273880005,0.061124686151742935,-0.08559504896402359,-3.7602241039276123,-4.279733180999756,-5.579797744750977,-1.122009515762329,1.0536378622055054,0.9452041387557983,0.35089656710624695
-0.11505842208862305,0.01973889023065567,-0.8685807585716248,-0.4611213207244873,0.5113093852996826,0.4790710508823395,0.5444453954696655,-3.9464519023895264,-4.450272083282471,-5.39541482925415,-0.7675401568412781,1.77236807346344,1.651582956314087,0.33768999576568604
-0.032126981765031815,0.012349305674433708,-0.8282469511032104,0.6932011842727661,0.6372172236442566,0.2230282723903656,-0.25235840678215027,-3.370681047439575,-3.767071008682251,-5.979344367980957,0.7363027334213257,0.34500521421432495,0.8752567172050476,-1.6063288450241089
0.030260594561696053,0.016063323244452477,-0.8216127753257751,0.7278347611427307,0.6692497134208679,0.0928434506058693,-0.11722403764724731,-3.4559178352355957,-3.97637677192688,-6.132411479949951,2.759535312652588,1.575799584388733,1.3575464487075806,-1.4007892608642578
-0.08699556440114975,0.02085794322192669,-0.7871268391609192,0.781391978263855,0.6229463219642639,0.03346994146704674,-0.01562581956386566,-3.380943775177002,-3.9035604000091553,-5.420955657958984,-0.5015400648117065,1.709938883781433,1.738128423690796,1.5911237001419067
-0.014703399501740932,0.021224314346909523,-0.7880510687828064,0.7399585247039795,0.6678526401519775,0.06755545735359192,-0.04324997588992119,-3.7413296699523926,-4.168705940246582,-5.453617572784424,-0.13811373710632324,1.6887379884719849,1.731897234916687,0.6640141010284424
-0.18086537718772888,0.020955264568328857,-0.7746531963348389,0.7358864545822144,0.6631996631622314,-0.07298753410577774,0.11536943167448044,-4.068025588989258,-4.2174763679504395,-5.805356979370117,-1.331188440322876,1.7724539041519165,1.750300407409668,0.3859070837497711
-0.11083261668682098,0.01759641058743,-0.7923670411109924,0.714841902256012,0.678726315498352,-0.09946049004793167,0.13579119741916656,-3.544193983078003,-4.6226372718811035,-6.422119617462158,16.11809539794922,1.7100121974945068,1.3387185335159302,-1.565596103668213
-0.135264590382576,0.0185768511146307,-0.7775046229362488,0.8029747605323792,0.48500314354896545,0.27439162135124207,-0.2114538550376892,-4.199276924133301,-5.1793975830078125,-6.345290660858154,-2.360407590866089,0.3723253905773163,1.0798856019973755,1.7724539041519165
-1.1413432359695435,0.03787162899971008,-1.2050460577011108,0.24676160514354706,-0.21496598422527313,-0.05045825615525246,0.9435847997665405,-5.036325931549072,-11.54835033416748,-3.6990952491760254,-1.3862943649291992,1.3226962089538574,1.577831506729126,-1.7724539041519165
-1.1933329105377197,0.023812511935830116,-0.6211739182472229,0.5108399391174316,-0.6137654781341553,-0.17866800725460052,-0.5748149156570435,-3.810805320739746,-4.30194091796875,-5.212721347808838,2.152146339416504,1.7608469724655151,0.8613850474357605,-1.233039140701294
-1.1936702728271484,0.004642953630536795,-0.553196907043457,-0.3097653388977051,0.409797728061676,0.5621978044509888,0.648108720779419,-2.9421191215515137,-3.1500213146209717,-4.932901382446289,-1.6074903011322021,-1.168162226676941,-1.4096773862838745,-1.5805654525756836
-1.1390658617019653,0.024752920493483543,-0.515347957611084,0.7545800805091858,0.6558495163917542,0.002574645448476076,-0.021532723680138588,-3.715425729751587,-3.9904472827911377,-4.4426679611206055,0.7674394845962524,1.7724539041519165,1.7661255598068237,1.360115885734558
-1.1963748931884766,0.012214861810207367,-0.5996102690696716,-0.3928438425064087,0.4611528217792511,0.5254103541374207,0.597457766532898,-3.6526288986206055,-4.4507036209106445,-5.229968547821045,1.7207878828048706,0.7364480495452881,-1.1490925550460815,-1.7045420408248901
-1.1767464876174927,0.025012630969285965,-0.5872685313224792,-0.4907799959182739,0.3420276939868927,0.6016725897789001,0.5292845964431763,-3.629297971725464,-3.9105277061462402,-4.514383792877197,-0.35344618558883667,1.7724539041519165,1.7630757093429565,1.5953271389007568
-1.168135643005371,0.007620927877724171,-0.5327348113059998,0.5886334180831909,-0.6368734240531921,-0.30605044960975647,-0.3927290141582489,-3.48671293258667,-3.776533365249634,-5.515279293060303,1.5187311172485352,1.3704992532730103,0.0735713541507721,-1.584261178970337
-1.1909730434417725,0.024092262610793114,-0.5236006379127502,0.5201314687728882,0.2862575948238373,0.6755383014678955,0.4372274577617645,-4.087895393371582,-4.327712535858154,-5.079370975494385,-0.4030698537826538,1.7724539041519165,0.9886460304260254,-0.1889810562133789
-1.1495956182479858,0.017442641779780388,-0.5715398192405701,0.7381731867790222,0.6571904420852661,-0.1522476077079773,0.004659135360270739,-3.40694522857666,-3.743936061859131,-4.879145622253418,-0.2468399852514267,1.771312952041626,1.7242974042892456,-0.5637508630752563
-1.0701161623001099,0.032246604561805725,-0.5388453006744385,0.7087591886520386,0.6217184662818909,-0.23171471059322357,0.2396557778120041,-2.7553625106811523,-3.7485580444335938,-4.2587151527404785,-0.6763321757316589,1.7724539041519165,1.7712427377700806,1.4449787139892578
-1.0762815475463867,0.010950390249490738,-0.5278300046920776,0.6670444011688232,0.7204352617263794,-0.1562696099281311,0.10772465169429779,-2.974353075027466,-3.082920551300049,-5.167802810668945,0.6368345022201538,1.7713382244110107,1.4649962186813354,-1.3451058864593506
-1.0044742822647095,0.008899083361029625,-0.4798923134803772,-0.4423152506351471,0.4545919597148895,0.5143781304359436,0.5771642327308655,-2.713428020477295,-3.3352808952331543,-5.169615745544434,0.05950981378555298,1.7724368572235107,1.2297532558441162,-1.5043431520462036
-1.1669526100158691,0.016171561554074287,-0.4803369641304016,0.9225612282752991,-0.01565197855234146,-0.32596370577812195,-0.20587238669395447,-4.092217445373535,-4.337302207946777,-4.88189172744751,-0.25263363122940063,1.7724539041519165,1.7412056922912598,0.8754284977912903
-1.1558239459991455,0.016401195898652077,-0.4549872875213623,0.7379123568534851,0.6560270190238953,-0.14266656339168549,-0.06899402290582657,-4.0000433921813965,-4.713339328765869,-4.963318824768066,-0.6944353580474854,-0.38598164916038513,-0.9158477187156677,-1.6596424579620361
-1.1067899465560913,-0.00223457720130682,-0.47749757766723633,0.6441494226455688,0.6966203451156616,0.13087749481201172,-0.2875112295150757,-3.42923641204834,-4.534432888031006,-5.009669780731201,-1.4734848737716675,0.7030184268951416,-1.1346319913864136,-1.3112982511520386
-1.1296355724334717,0.034301165491342545,-0.43198418617248535,0.8964447975158691,0.1364569067955017,-0.36231452226638794,0.2156256139278412,-3.292701005935669,-4.194520950317383,-5.100925922393799,-1.7946425676345825,1.7031230926513672,1.7538901567459106,1.6016669273376465
-1.0880895853042603,0.01637624390423298,-0.4460230767726898,0.7141624093055725,-0.38162264227867126,-0.5350662469863892,-0.24091561138629913,-3.5912837982177734,-4.278790473937988,-4.634798049926758,0.5868677496910095,1.7658740282058716,1.7724539041519165,0.9969115257263184
-1.0608786344528198,0.030499257147312164,-0.4083361327648163,0.5501527786254883,-0.6197063326835632,-0.5230373740196228,-0.1993185579776764,-3.5605506896972656,-3.9044651985168457,-4.354074478149414,0.030766723677515984,1.7710603475570679,1.7494938373565674,1.6540404558181763
-1.0117255449295044,0.01323666051030159,-0.38033798336982727,0.5443193316459656,-0.32576966285705566,-0.5883101224899292,-0.5014795660972595,-4.0601935386657715,-4.351858615875244,-4.896326541900635,16.11809539794922,1.7504615783691406,0.9711009860038757,-1.5496543645858765
-0.9925954937934875,0.004184138961136341,-0.3624988794326782,0.5088708996772766,0.7850245833396912,-0.2242572009563446,0.27293869853019714,-3.6712286472320557,-4.134522438049316,-5.091236114501953,16.11809539794922,1.4459315538406372,0.024221021682024002,-1.7624317407608032
-1.009613275527954,0.0146456528455019,-0.4055280387401581,0.5741180777549744,-0.6627958416938782,-0.3558104634284973,-0.32324761152267456,-3.914672374725342,-4.064666271209717,-4.621761322021484,2.6896259784698486,1.7661751508712769,1.7659778594970703,0.6287086606025696
-1.0316011905670166,0.0087285740301013,-0.3589160740375519,0.5417184829711914,-0.419461727142334,-0.30910223722457886,-0.659582257270813,-3.8097989559173584,-4.1823506355285645,-4.607501983642578,16.11809539794922,1.541517734527588,0.30476638674736023,-1.7601757049560547
-1.17042875289917,0.017652707174420357,-0.4831545948982239,0.48852092027664185,0.8451004028320312,0.15602295100688934,0.15102794766426086,-4.732762813568115,-4.845258712768555,-6.28985595703125,0.4662664532661438,-0.7651824951171875,-1.2082576751708984,-1.449428915977478
-1.162330150604248,0.02181091718375683,-0.47528064250946045,0.17341041564941406,0.43205025792121887,0.7213140726089478,0.5128034949302673,-4.202032089233398,-4.409443378448486,-4.8537917137146,-0.349734902381897,1.3297468423843384,-0.10109040141105652,-1.5499001741409302
-1.1570123434066772,0.023882707580924034,-0.46017637848854065,0.4489285945892334,0.26444804668426514,0.7437590956687927,0.41875147819519043,-4.27938985824585,-4.6782426834106445,-4.9376935958862305,0.5704686641693115,1.7719436883926392,1.1567262411117554,-0.41911137104034424
-1.1299352645874023,0.028968093916773796,-0.41917553544044495,0.9291050434112549,-0.022969041019678116,-0.36413541436195374,0.060346148908138275,-3.7729580402374268,-4.297305107116699,-5.402858257293701,-1.2360563278198242,1.558326005935669,-0.38044723868370056,-1.6079007387161255
-1.1294227838516235,0.013409319333732128,-0.4338156580924988,0.8812367916107178,0.33384060859680176,-0.3102133274078369,0.12545858323574066,-4.156798839569092,-4.353748798370361,-5.111776351928711,-0.42839521169662476,1.7677021026611328,0.8752263784408569,-0.4400690197944641
-1.1443346738815308,0.02324974723160267,-0.3245388865470886,0.5092872381210327,0.805250346660614,-0.04935358837246895,0.29960405826568604,-4.330211639404297,-4.931405544281006,-5.403189182281494,1.25326669216156,1.739572525024414,1.7205792665481567,1.682773232460022
-1.1167397499084473,0.016390904784202576,-0.42059624195098877,0.8381515145301819,-0.12430083751678467,-0.5297220349311829,0.03802517428994179,-3.584831476211548,-4.769947052001953,-5.679296493530273,0.06344174593687057,1.7721482515335083,1.420638918876648,0.46759286522865295
-1.1178619861602783,0.012174976989626884,-0.40252354741096497,0.80317223072052,0.553214967250824,-0.17787575721740723,0.13125444948673248,-3.731095552444458,-4.591601371765137,-5.527224063873291,-0.8835626840591431,0.2772054374217987,-1.3589709997177124,-1.7632203102111816
-1.0861552953720093,0.015188856981694698,-0.44749322533607483,0.6778407096862793,0.6612933278083801,-0.24425387382507324,0.2087177187204361,-3.458937406539917,-3.6611580848693848,-5.064662933349609,16.11809539794922,1.6545206308364868,1.1378129720687866,-1.6165175437927246
-1.0506887435913086,0.01634446531534195,-0.3914420008659363,-0.3654138445854187,0.8270354270935059,0.3435134291648865,0.2539363205432892,-4.113070487976074,-4.142004489898682,-5.286439418792725,-0.8448547720909119,0.39422622323036194,-1.242919921875,-1.766864538192749
-1.0862596035003662,0.011777736246585846,-0.3565022647380829,-0.49618738889694214,-0.10308466851711273,0.8395923972129822,0.1955919861793518,-4.012941837310791,-4.610322952270508,-5.315430641174316,-0.44220098853111267,1.3902604579925537,1.5023431777954102,1.5625712871551514
-1.1216175556182861,0.021074097603559494,-0.33016297221183777,0.8522766828536987,0.36479905247688293,-0.3527539074420929,0.1269282102584839,-4.023418426513672,-4.74720573425293,-4.99216365814209,-0.28286972641944885,1.7480522394180298,1.763372778892517,1.687517523765564
-0.9521357417106628,0.007489128969609737,-0.33770719170570374,0.8578972816467285,-0.3544403314590454,-0.3616332411766052,-0.08721072971820831,-3.8591198921203613,-4.180062770843506,-4.873075008392334,16.11809539794922,1.7718722820281982,1.1729365587234497,-1.679850459098816
-1.034066915512085,0.023648414760828018,-0.35102295875549316,-0.4993479549884796,0.6718757152557373,0.3799326717853546,0.3935553729534149,-3.9358999729156494,-4.78303861618042,-5.062037467956543,0.11751700192689896,1.7678810358047485,1.7427922487258911,1.583825945854187
-0.9813923239707947,0.013593150302767754,-0.34856805205345154,0.764933168888092,-0.4123469591140747,-0.4575697183609009,-0.1883537620306015,-3.5961692333221436,-4.047705173492432,-4.994108200073242,0.5099038481712341,1.7569339275360107,1.0513354539871216,-1.7198901176452637
-0.9853520393371582,0.024053310975432396,-0.3356880247592926,-0.025077592581510544,0.5911954045295715,0.5806223154067993,0.559228777885437,-4.411035537719727,-4.860692977905273,-5.457355976104736,-1.4857501983642578,1.7724539041519165,1.6910593509674072,0.1779695302248001
-1.114141821861267,0.023172879591584206,-0.3565433919429779,0.9383951425552368,0.140638068318367,0.30084744095802307,-0.09553167968988419,-4.6211981773376465,-5.066953659057617,-5.899636268615723,1.2553298473358154,1.6168290376663208,1.7335317134857178,1.7454745769500732
-1.0692800283432007,0.021509291604161263,-0.3582758605480194,0.04697640612721443,0.4365374743938446,0.871874988079071,-0.21693840622901917,-4.068551540374756,-4.338982105255127,-4.842475414276123,1.8602278232574463,1.7348532676696777,0.7552799582481384,-1.635987639427185
-0.907192587852478,0.003425518050789833,-0.5311826467514038,-0.4532020092010498,0.4465827941894531,0.5659857392311096,0.5242441296577454,-2.6184492111206055,-3.2034618854522705,-4.7055816650390625,0.677258312702179,1.6079803705215454,0.836749255657196,-1.4527424573898315
-0.8200273513793945,0.0010360163869336247,-0.6090468764305115,-0.3459531366825104,0.2240414172410965,0.6481139063835144,0.6403672695159912,-3.212965726852417,-3.400214910507202,-5.146443843841553,16.11809539794922,1.5294233560562134,0.6782289743423462,-1.336130976676941
-0.7992240190505981,0.00423508882522583,-0.4753428101539612,-0.4329126477241516,0.4544065594673157,0.5983765721321106,0.4980429708957672,-2.5711112022399902,-3.8608686923980713,-4.755737781524658,-1.560960054397583,-1.1075245141983032,-1.5488460063934326,-1.7305691242218018
-0.7850232720375061,0.008908453397452831,-0.5901289582252502,0.6344181299209595,0.7200252413749695,-0.18367645144462585,0.2129325121641159,-3.849569320678711,-4.008527755737305,-4.894014835357666,0.8014909029006958,1.0782517194747925,0.42647361755371094,-0.8118757009506226
-0.7777107357978821,0.009440260007977486,-0.540524959564209,0.5868507623672485,0.7687286734580994,0.17953789234161377,0.18007926642894745,-3.834322690963745,-4.381745338439941,-5.177912712097168,-0.5257870554924011,1.068223476409912,-0.005418825428932905,-1.126245141029358
-0.8287062048912048,0.011334250681102276,-0.6050434708595276,0.5813455581665039,0.7918229699134827,-0.03910382091999054,0.18309727311134338,-3.7695438861846924,-4.176997184753418,-4.87770938873291,-1.4468671083450317,0.9818449020385742,0.5755409002304077,0.37474703788757324
-0.9734730124473572,0.020418373867869377,-0.49381381273269653,-0.453872948884964,0.660995364189148,0.3920792043209076,0.45095276832580566,-3.408998966217041,-4.000014781951904,-4.540274620056152,-0.9133577346801758,1.769339680671692,1.707369327545166,0.172516867518425
-0.7488113045692444,0.019112620502710342,-0.6108470559120178,0.6466301679611206,-0.36622849106788635,-0.653363823890686,-0.1444362848997116,-4.150966167449951,-4.618027687072754,-5.360568523406982,-0.9465337991714478,0.2952856719493866,-0.2402064949274063,-1.3861247301101685
-0.7945442199707031,0.0221778005361557,-0.5822112560272217,-0.3653385043144226,0.3257617652416229,0.6570947170257568,0.5732657313346863,-3.5805909633636475,-4.378749370574951,-5.640748500823975,-0.5160059928894043,1.7699081897735596,1.7298134565353394,0.37535718083381653
-0.7555333375930786,0.018055930733680725,-0.5742426514625549,0.5612180829048157,-0.10848892480134964,-0.7609876990318298,-0.30685845017433167,-4.170733451843262,-4.94715690612793,-5.3553924560546875,0.9157699346542358,-0.42010635137557983,-0.778444766998291,-1.645598292350769
-0.7786075472831726,0.01853257790207863,-0.49846407771110535,-0.4143598675727844,-0.16722805798053741,0.8627067804336548,0.23680730164051056,-3.9212589263916016,-4.341447353363037,-5.667164325714111,-1.4912508726119995,1.6538556814193726,0.8004368543624878,0.08388829231262207
-0.9157533645629883,0.0009557806188240647,-0.45204800367355347,-0.4390812814235687,0.5522787570953369,0.5592222809791565,0.43527722358703613,-3.1395626068115234,-3.9633421897888184,-5.698448657989502,2.6425673961639404,0.06609022617340088,-0.6440326571464539,-1.7344951629638672
-0.9538189172744751,0.0019340247381478548,-0.37948328256607056,-0.2656297981739044,0.32273051142692566,0.6497594118118286,0.6349003911018372,-4.115442276000977,-4.356467247009277,-4.974550247192383,0.42496225237846375,-1.0038899183273315,-1.6216576099395752,-1.7497978210449219
-0.960364043712616,-0.0012280454393476248,-0.37811997532844543,0.0739593580365181,-0.2536737024784088,-0.02004506066441536,0.9642499089241028,-4.122283935546875,-10.296088218688965,-5.0306525230407715,-0.07061756402254105,-1.4059423208236694,-1.4944219589233398,-1.7724539041519165
-0.9027732014656067,0.0012455026153475046,-0.3967154920101166,0.7501653432846069,0.5894826650619507,0.22551274299621582,-0.1972464621067047,-3.460090398788452,-3.8448591232299805,-5.206108570098877,0.35704731941223145,-1.1305230855941772,-1.267039179801941,-1.7703007459640503
-0.9687247276306152,0.007635170593857765,-0.3762206435203552,-0.2973630726337433,0.8036584258079529,0.44198206067085266,0.2652549147605896,-4.305072784423828,-4.6434125900268555,-4.8999834060668945,-0.12249255925416946,0.6025679707527161,-1.38286554813385,-1.7646832466125488
-0.9417866468429565,0.015291884541511536,-0.3351626694202423,0.9114012122154236,-0.011860053986310959,-0.3738526701927185,-0.17158478498458862,-4.192084312438965,-4.37188196182251,-5.051908016204834,3.6894233226776123,1.3282551765441895,0.19252127408981323,-1.5793880224227905
-0.9549328684806824,0.01714964210987091,-0.4022836983203888,-0.4723999500274658,0.7170712351799011,0.4582124352455139,0.2295396775007248,-3.703115224838257,-4.027486324310303,-4.8405914306640625,1.6382436752319336,1.7693512439727783,1.69838547706604,0.6970008611679077
-0.8400685787200928,0.02146240882575512,-0.4199645519256592,0.7124567031860352,0.6202630400657654,0.25242993235588074,-0.20966240763664246,-3.701592206954956,-4.811830520629883,-5.062558174133301,-0.33033129572868347,-0.6716732382774353,-1.347907543182373,-1.734468936920166
-0.9714269638061523,0.017726317048072815,-0.41995692253112793,0.6491856575012207,0.7510547041893005,0.08049257844686508,-0.089418925344944,-3.9192934036254883,-4.207578182220459,-5.0288801193237305,5.590212345123291,1.7643693685531616,1.1348930597305298,-0.4843286871910095
-0.8091539144515991,0.029923420399427414,-0.46043479442596436,0.7266643047332764,0.6159859895706177,0.08068766444921494,0.29327407479286194,-4.217317581176758,-4.282309532165527,-5.079028129577637,-0.36746859550476074,1.5557665824890137,0.4696527421474457,-1.6153383255004883
-0.8827319145202637,0.02750764973461628,-0.4111141562461853,0.8609071373939514,0.3248231112957001,0.30096057057380676,-0.2505025863647461,-3.8711931705474854,-4.416689872741699,-4.767676830291748,-1.1960504055023193,1.5427355766296387,-0.19714991748332977,-1.5374253988265991
-0.9226599335670471,0.014373070560395718,-0.3848358988761902,0.834909975528717,0.46787968277931213,0.208539679646492,-0.2013086974620819,-3.7280750274658203,-5.139831066131592,-5.529284954071045,0.22039328515529633,1.260756492614746,0.19049179553985596,-0.22970172762870789
-0.9223126769065857,0.023906929418444633,-0.3260611295700073,0.889167070388794,0.08927332609891891,-0.37062832713127136,-0.25307485461235046,-4.142963409423828,-4.59261417388916,-5.505335330963135,16.11809539794922,1.7703595161437988,1.3254693746566772,-1.466800570487976
-0.8965960741043091,0.027263741940259933,-0.3877120614051819,0.9604528546333313,0.2027869075536728,0.17470720410346985,0.07671497017145157,-3.9048173427581787,-4.483556747436523,-5.940135478973389,-0.9509018063545227,1.4933812618255615,-0.13906259834766388,-1.6567602157592773
-0.8815549612045288,0.01990002579987049,-0.3941524624824524,0.7808003425598145,0.5851317644119263,0.18524517118930817,-0.11685824394226074,-3.8347482681274414,-4.585204601287842,-5.415743827819824,-0.358049601316452,-0.5045345425605774,-1.2352895736694336,-1.7599841356277466
-0.9381773471832275,0.020755797624588013,-0.33753618597984314,0.9078163504600525,0.10094277560710907,-0.3474869430065155,0.21197380125522614,-4.414287090301514,-4.966818332672119,-5.577948093414307,0.9141149520874023,1.764774203300476,1.7663310766220093,1.6677491664886475
-1.2040752172470093,0.03173435106873512,-0.6135592460632324,-0.26921963691711426,0.5596407055854797,0.29452693462371826,0.7263449430465698,-4.351765155792236,-4.9320549964904785,-5.816609859466553,0.2553885281085968,1.7724539041519165,1.6993173360824585,1.4740504026412964
-1.186078667640686,0.0252331905066967,-0.5796418190002441,0.6688227653503418,0.6455034613609314,0.2736768126487732,-0.247189000248909,-3.943866014480591,-4.618898391723633,-5.26267671585083,1.101567029953003,1.7724539041519165,1.7505173683166504,0.9511531591415405
-1.1220905780792236,0.024907348677515984,-0.5905162692070007,0.6986997127532959,0.7108206152915955,0.08019422739744186,-0.011032769456505775,-3.2978291511535645,-3.9272329807281494,-5.242080211639404,-0.5865004658699036,1.7695341110229492,1.6867892742156982,0.1945640742778778
-1.2009838819503784,0.02790340781211853,-0.5441792011260986,0.707843005657196,0.18678902089595795,-0.6804240345954895,0.033035218715667725,-4.521783828735352,-4.581491947174072,-4.851266384124756,0.13385985791683197,1.7583760023117065,1.669870376586914,1.4785337448120117
-1.1818437576293945,0.027444133535027504,-0.5371240973472595,0.8724958300590515,0.26238083839416504,0.30872878432273865,-0.2731187343597412,-4.018390655517578,-4.269563674926758,-5.0392374992370605,-0.7478988766670227,1.7724539041519165,1.502833366394043,0.8669298887252808
-1.1892974376678467,0.029063662514090538,-0.5064718723297119,0.8306686878204346,-0.14164483547210693,-0.48720964789390564,0.22924451529979706,-4.087342262268066,-4.623178482055664,-5.313477993011475,-0.43750622868537903,1.772089958190918,1.685451626777649,1.3118212223052979
-1.1611757278442383,0.022058021277189255,-0.5108353495597839,0.637085497379303,0.7650433778762817,-0.03522849082946777,-0.08711862564086914,-3.724365472793579,-4.021800994873047,-5.222866535186768,0.8171820640563965,1.7631893157958984,1.6139992475509644,-1.1167829036712646
-1.1888030767440796,0.021732889115810394,-0.5059720277786255,-0.38093772530555725,0.7234662771224976,0.2563377320766449,0.5155326724052429,-4.164021015167236,-4.673296928405762,-5.460723876953125,-0.30106568336486816,-0.4530903398990631,-1.150844931602478,-1.728380560874939
-1.148512840270996,0.024296171963214874,-0.48494210839271545,0.813690185546875,0.48634278774261475,-0.2937937080860138,0.12273658812046051,-3.6364660263061523,-4.808292865753174,-5.634471416473389,1.0077855587005615,1.7723994255065918,1.640998363494873,-0.35214295983314514
-1.1723297834396362,0.0182469692081213,-0.5026934146881104,0.6559147238731384,0.6897664070129395,0.23842060565948486,-0.19275298714637756,-4.143806457519531,-4.90205192565918,-6.22711181640625,-0.30202218890190125,0.3150327205657959,-0.3679213523864746,-1.7480369806289673
-1.11844801902771,0.02509479969739914,-0.5095123648643494,0.5993302464485168,-0.5860886573791504,-0.37406572699546814,-0.396709144115448,-3.336629629135132,-4.177643775939941,-5.260597229003906,-0.4343770146369934,1.7724539041519165,1.7706856727600098,0.3485267758369446
-1.2030137777328491,0.031121285632252693,-0.5645617246627808,0.7116755843162537,0.26926231384277344,-0.5937040448188782,0.2617846429347992,-4.407676696777344,-4.540408611297607,-5.360165596008301,-0.7007642984390259,1.7521802186965942,0.6070565581321716,-1.5407686233520508
-1.2063935995101929,0.03557555750012398,-0.5971165895462036,0.643434464931488,0.17321480810642242,-0.6869419813156128,0.28999894857406616,-4.09501314163208,-5.040476322174072,-5.382646083831787,2.0998728275299072,1.7724539041519165,1.317129373550415,-0.9855543971061707
-1.1781880855560303,0.02466687746345997,-0.5382066965103149,-0.45633575320243835,0.6305249333381653,0.27572527527809143,0.564067006111145,-3.525813102722168,-4.432818412780762,-5.78464937210083,-0.29737791419029236,1.7721850872039795,1.7492692470550537,-0.19779866933822632
-1.0723838806152344,0.03163076192140579,-0.5930278301239014,-0.4649824798107147,0.06391541659832001,0.8824529051780701,0.0313534252345562,-2.7999460697174072,-3.8584134578704834,-8.418167114257812,-1.6645506620407104,1.601394534111023,1.6070172786712646,1.6759490966796875
-1.079172968864441,0.0288905818015337,-0.6122323870658875,-0.31876394152641296,0.22557570040225983,0.7717602849006653,0.5018876194953918,-3.700579881668091,-5.4395036697387695,-6.064405918121338,-1.1439030170440674,1.6050448417663574,1.063894271850586,-0.3052855432033539
-1.0854582786560059,0.02907688356935978,-0.5537998080253601,0.549662172794342,-0.4791373610496521,-0.5070872902870178,-0.45952296257019043,-3.2797882556915283,-4.0589375495910645,-5.4091291427612305,-0.3824286162853241,1.7724539041519165,1.73745858669281,0.712228536605835
-0.953934371471405,0.029508041217923164,-0.5952214002609253,0.6835419535636902,0.6225894093513489,-0.2785095274448395,0.2599717080593109,-3.7289352416992188,-4.3727335929870605,-5.240054130554199,0.4149671792984009,1.771854281425476,1.715344786643982,0.8448127508163452
-0.9909287691116333,0.031353894621133804,-0.4317459762096405,-0.4446631371974945,0.42294907569885254,0.6562996506690979,0.438929945230484,-3.089634418487549,-3.377188205718994,-4.208531379699707,0.6340325474739075,1.7724539041519165,1.7356808185577393,1.6668083667755127
-1.1775308847427368,0.025176748633384705,-0.46290186047554016,0.556433379650116,-0.6661152243614197,-0.33553236722946167,-0.3661836087703705,-3.7902591228485107,-4.228495121002197,-5.992281436920166,0.05478065833449364,-0.7690677046775818,-1.292187213897705,-1.7481669187545776
-1.1612520217895508,0.031231341883540154,-0.46427667140960693,0.4186697006225586,0.19316153228282928,0.7263477444648743,0.5097286105155945,-4.477496147155762,-5.0014472007751465,-5.4374589920043945,-0.5088149905204773,1.7724539041519165,1.7684781551361084,0.8942539691925049
-1.1684584617614746,0.01999325305223465,-0.31321731209754944,0.9136599898338318,-0.0744965448975563,-0.35274261236190796,0.1877453476190567,-4.481810569763184,-5.062934398651123,-5.110163688659668,-0.10508561134338379,1.739293098449707,1.7329752445220947,1.7292044162750244
-1.133058786392212,0.013843171298503876,-0.3025405704975128,0.7311433553695679,-0.5219771265983582,-0.2958039939403534,-0.324760377407074,-3.8178248405456543,-4.142611503601074,-4.894124507904053,-0.025707583874464035,1.7516957521438599,1.2831335067749023,-0.770664393901825
-1.155275821685791,0.0280307587236166,-0.32937026023864746,-0.017961323261260986,0.8875889182090759,0.41439008712768555,-0.20036005973815918,-4.13427209854126,-4.66740608215332,-5.3942413330078125,0.2715572714805603,1.6088848114013672,0.013771838508546352,-1.607552170753479
-1.0585991144180298,0.020961623638868332,-0.41699522733688354,0.7399300336837769,0.6696045994758606,-0.02000291645526886,-0.06109892949461937,-3.626350164413452,-4.2812066078186035,-4.944452285766602,1.6073131561279297,1.7724539041519165,1.6905101537704468,-0.18324635922908783
-1.148779273033142,0.029887603595852852,-0.39954328536987305,0.744581937789917,0.664577305316925,-0.050841059535741806,-0.03674105554819107,-3.4884679317474365,-3.7177188396453857,-5.712072372436523,-0.1406114548444748,-0.7219995856285095,-1.232255220413208,-1.767701506614685
-1.1022944450378418,0.02503175102174282,-0.38023415207862854,0.7938973307609558,0.5266848206520081,-0.19175104796886444,0.23571527004241943,-4.207693099975586,-4.51931619644165,-5.357393264770508,-0.4755561947822571,1.0709949731826782,-0.8699142932891846,-1.7698767185211182
-1.0537148714065552,0.022332709282636642,-0.3559081554412842,0.7492843270301819,0.6018412113189697,-0.20417700707912445,0.1862039864063263,-4.252593994140625,-4.953245162963867,-5.322091102600098,0.08902868628501892,1.7132376432418823,1.611275553703308,0.9395914673805237
-1.0814826488494873,0.01668573170900345,-0.33784550428390503,0.7739397883415222,-0.5085937976837158,-0.34558892250061035,-0.15138651430606842,-4.278138637542725,-4.54744815826416,-5.1650471687316895,1.3119465112686157,1.6849114894866943,1.0769416093826294,-0.6649882197380066
-1.007002353668213,0.02363245002925396,-0.35557830333709717,0.8468008041381836,0.5159127712249756,-0.12900009751319885,-0.011016092263162136,-4.742929935455322,-4.822828769683838,-5.415246486663818,0.1414709985256195,1.7589690685272217,1.7589824199676514,1.4926871061325073
-0.9751017093658447,0.01844334416091442,-0.36803945899009705,0.9702269434928894,-0.0794767215847969,-0.2269209772348404,-0.029154710471630096,-4.558903694152832,-5.115261554718018,-5.663804531097412,0.6648030877113342,1.5312036275863647,1.0483572483062744,-0.38445863127708435
-1.0054395198822021,0.03771442919969559,-0.35938870906829834,0.9853463172912598,0.0937022715806961,-0.12338574230670929,0.07133377343416214,-4.424746513366699,-4.944683074951172,-5.7428131103515625,-0.19581495225429535,0.6437973380088806,-0.4700758755207062,-1.7651604413986206
-1.045580506324768,0.014695235528051853,-0.32884275913238525,0.1831703782081604,0.4416825473308563,-0.5508935451507568,0.684018611907959,-5.512185573577881,-12.211928367614746,-6.311811447143555,-2.053239107131958,-0.5352115631103516,1.7446506023406982,1.7724539041519165
-1.0988709926605225,0.025144489482045174,-0.3670223355293274,-0.42623117566108704,0.4623160660266876,0.6797752976417542,0.3774869441986084,-4.049635887145996,-4.6727118492126465,-5.648770809173584,-0.20816203951835632,1.673372745513916,1.216287612915039,0.20815791189670563
-1.0957204103469849,0.024087373167276382,-0.38687339425086975,0.698600709438324,0.7089820504188538,-0.041007280349731445,-0.08729184418916702,-4.449473857879639,-5.3503193855285645,-6.054165363311768,16.11809539794922,-1.1484652757644653,-1.4578793048858643,-1.7699233293533325
-1.0990638732910156,0.025341873988509178,-0.332296222448349,0.5488081574440002,-0.6003298163414001,-0.4159185588359833,-0.4067252576351166,-4.113955974578857,-5.077056407928467,-5.491944313049316,0.05417079105973244,1.7468241453170776,1.7470234632492065,1.666268229484558
-1.1063275337219238,0.025035889819264412,-0.3505282700061798,0.08990129083395004,0.9078388810157776,0.37384232878685,-0.1672968715429306,-4.114607810974121,-4.37058687210083,-5.31895112991333,16.11809539794922,1.6957337856292725,0.6457520127296448,-1.675295352935791
-1.0805233716964722,0.02394259162247181,-0.3203587830066681,-0.4672243595123291,0.40689048171043396,0.6254532933235168,0.4742886424064636,-4.212698936462402,-4.922231197357178,-5.483353137969971,0.32377564907073975,1.767383098602295,1.7360206842422485,1.6445670127868652
-1.0575122833251953,0.023652667179703712,-0.32057756185531616,0.6753242015838623,0.6481489539146423,0.2969399094581604,-0.1888565868139267,-4.172448635101318,-4.747847080230713,-5.247801303863525,-0.30385977029800415,1.5840561389923096,1.7122530937194824,1.6765213012695312
-0.9656468629837036,0.024630410596728325,-0.34310078620910645,0.8653395771980286,0.48409581184387207,0.08047977834939957,-0.1017923355102539,-4.617231369018555,-4.978616714477539,-5.508317947387695,0.4992838501930237,1.6903904676437378,1.7041995525360107,1.5884054899215698
-1.0112556219100952,0.018030421808362007,-0.3265940845012665,0.6735930442810059,-0.5031472444534302,-0.39431431889533997,-0.3709871768951416,-4.078221797943115,-4.515012264251709,-4.729418754577637,0.2604529857635498,1.759406328201294,1.103884220123291,-0.9380467534065247
-0.9861394762992859,0.040189243853092194,-0.3597226142883301,0.9224094152450562,0.16435180604457855,-0.3156883120536804,0.14996761083602905,-3.9891531467437744,-4.815240383148193,-5.421539783477783,-0.30240321159362793,1.7657324075698853,1.6863584518432617,0.8452953100204468
-1.1364370584487915,0.031259335577487946,-0.43975651264190674,-0.3193586766719818,0.7909790277481079,0.29393795132637024,0.4312339425086975,-4.097815036773682,-4.45202112197876,-5.329653739929199,-0.9846039414405823,1.738620638847351,1.7316495180130005,0.4393062889575958
-1.1364160776138306,0.03413477912545204,-0.428737610578537,0.9151545763015747,-0.15797750651836395,-0.32545003294944763,-0.17781291902065277,-4.008646011352539,-5.215548038482666,-5.55236291885376,-0.791846513748169,1.7581560611724854,0.8312498331069946,-1.464938759803772
-1.182922124862671,0.027475498616695404,-0.3174932599067688,0.537854015827179,0.7672978639602661,0.14900442957878113,-0.31585565209388733,-4.337342739105225,-5.3397321701049805,-5.739871025085449,-0.3514426648616791,1.6942979097366333,1.7125329971313477,1.5320202112197876
-1.1823813915252686,0.036435678601264954,-0.3160018026828766,0.9633179306983948,0.18148154020309448,0.1956138014793396,-0.028604358434677124,-4.232852935791016,-4.881277084350586,-5.456468105316162,1.5165234804153442,1.6402196884155273,0.50762540102005,-1.4985451698303223
-1.1215910911560059,0.01602986641228199,-0.3117259740829468,0.928932785987854,-0.10405805706977844,-0.35491055250167847,0.017154131084680557,-3.8593451976776123,-4.4324517250061035,-4.751492023468018,0.4302666485309601,1.7345329523086548,1.4332300424575806,0.7030901312828064
-1.172673225402832,0.025775115936994553,-0.3209638297557831,0.5133577585220337,0.8203136920928955,0.1296018809080124,-0.2162236124277115,-4.426023960113525,-5.037899971008301,-6.008805751800537,-0.6626572012901306,1.6294634342193604,1.3542430400848389,0.23473681509494781
-1.0319757461547852,0.02543812245130539,-0.4450696110725403,0.681480348110199,0.730523407459259,0.01846124976873398,0.03973989933729172,-3.430922031402588,-4.149022579193115,-5.1312971115112305,-0.5747199058532715,1.7724539041519165,1.7712585926055908,0.8676398992538452
-1.0871323347091675,0.029991265386343002,-0.3787667155265808,0.6064702868461609,0.7377731800079346,0.031214801594614983,-0.29480528831481934,-4.842877388000488,-5.155599594116211,-5.586171627044678,-0.2107916921377182,-0.3963063955307007,-1.3679137229919434,-1.7710577249526978
-1.0799325704574585,0.02776280976831913,-0.3576291501522064,0.6941341757774353,0.7150664925575256,-0.08172615617513657,-0.01335764117538929,-4.3053178787231445,-4.931155204772949,-5.441737174987793,0.009944092482328415,1.7631422281265259,1.7387120723724365,1.6302136182785034
-1.0451602935791016,0.02366309054195881,-0.3238065242767334,0.7488875985145569,0.6562255024909973,0.05725327134132385,-0.07250852137804031,-4.210678577423096,-4.807549953460693,-5.651946067810059,-0.18678021430969238,1.7685188055038452,1.6412363052368164,0.5254664421081543
-0.9910529255867004,0.025824936106801033,-0.3269225060939789,-0.47435328364372253,0.4710484445095062,0.5553115010261536,0.49470335245132446,-4.138641357421875,-4.454283714294434,-5.922064781188965,-0.5594866871833801,1.7724539041519165,1.768404245376587,1.553828477859497
-1.0795646905899048,0.038052063435316086,-0.3742678463459015,0.841321587562561,0.5332092046737671,0.07987076789140701,-0.03855622932314873,-3.6578543186187744,-4.559482097625732,-5.784794330596924,-0.6648740768432617,1.748696208000183,1.1989011764526367,-1.7548110485076904
-1.141417384147644,0.03666578233242035,-0.3433552086353302,0.7525037527084351,0.604089617729187,0.19289158284664154,-0.17778263986110687,-3.7364087104797363,-4.279190540313721,-4.994484901428223,0.5962777733802795,1.6271384954452515,0.9792516827583313,-1.6836521625518799
-1.0499823093414307,0.04096762835979462,-0.3601032793521881,0.8600878715515137,0.4721674621105194,-0.12763522565364838,0.1449689269065857,-4.201166152954102,-4.681795120239258,-5.266427516937256,0.6665600538253784,1.7396737337112427,0.9091635942459106,-1.7174651622772217
-0.9787630438804626,0.03652261197566986,-0.3671764135360718,0.8118005394935608,0.5794740915298462,-0.04938449710607529,-0.052448756992816925,-4.301831245422363,-4.65863561630249,-5.6916093826293945,-0.7318832278251648,1.6083053350448608,-0.6891204714775085,-1.7007256746292114
-0.8328097462654114,0.02598537877202034,-0.5814473032951355,-0.2895086407661438,0.36152663826942444,0.6391825675964355,0.6139453053474426,-3.3682925701141357,-3.762840509414673,-4.761775493621826,-0.45570623874664307,1.6931283473968506,1.687857985496521,1.5190454721450806
-0.9004409909248352,0.025914490222930908,-0.5665050745010376,-0.3759099841117859,0.37448909878730774,0.6014838814735413,0.5972158312797546,-3.1300060749053955,-3.6676034927368164,-3.9196314811706543,-0.4202789068222046,1.7695945501327515,1.605035662651062,1.3693575859069824
-0.8560444712638855,0.020286094397306442,-0.5628377199172974,0.6970700025558472,-0.41133666038513184,-0.4787125885486603,-0.3401907980442047,-3.6673004627227783,-4.490571975708008,-5.151355743408203,-0.1354396641254425,1.7574855089187622,1.3132885694503784,0.15887202322483063
-0.8875603675842285,0.026298776268959045,-0.5993760228157043,0.6115649938583374,-0.6826082468032837,-0.27625659108161926,-0.28933805227279663,-3.6672117710113525,-4.768060684204102,-5.519383430480957,-0.2575565576553345,1.7610816955566406,1.6121174097061157,0.6643586158752441
-0.8890025019645691,0.02383924275636673,-0.5193960070610046,-0.4858156740665436,0.5432136654853821,0.5066114068031311,0.46070265769958496,-3.741442918777466,-4.1854166984558105,-5.035017967224121,-0.6277850866317749,1.7724539041519165,1.747578740119934,0.9474950432777405
-0.9256576299667358,0.028054533526301384,-0.4627108871936798,0.5328195691108704,-0.5079896450042725,-0.5194867849349976,-0.43380099534988403,-3.1978676319122314,-3.7684240341186523,-4.674193859100342,-0.34150388836860657,1.7724539041519165,1.7627063989639282,1.2091847658157349
-0.898758590221405,0.02563895657658577,-0.5759977102279663,0.6740350127220154,0.6432731747627258,-0.27940043807029724,0.231973797082901,-3.492952585220337,-4.195986747741699,-5.903207778930664,-2.8719723224639893,0.8103930950164795,0.07324593514204025,-0.7925085425376892
-0.8040715456008911,0.028789816424250603,-0.4936632215976715,-0.4479081928730011,0.3739853799343109,0.6185189485549927,0.5262579917907715,-3.7323720455169678,-4.258513927459717,-5.189328193664551,-1.0813026428222656,1.7700996398925781,1.610065221786499,0.2264247089624405
-0.7512094378471375,0.022144807502627373,-0.6011012196540833,0.7234179973602295,-0.21309217810630798,-0.6172245144844055,-0.2242589294910431,-4.009125232696533,-4.81278133392334,-5.475411415100098,1.2889225482940674,1.6546963453292847,1.5427910089492798,1.2659670114517212
-0.7510827779769897,0.02131708711385727,-0.6000698804855347,-0.46631941199302673,0.12857551872730255,0.6722239255905151,0.5604725480079651,-4.818948745727539,-5.096546173095703,-5.910159587860107,-0.2777457535266876,0.24337723851203918,0.7751198410987854,1.556858777999878
-0.7594687938690186,0.026144180446863174,-0.5545176863670349,0.36088594794273376,0.8055537343025208,0.15833543241024017,0.4424639940261841,-4.517186641693115,-4.674551010131836,-5.300936222076416,0.2129165232181549,1.7712801694869995,1.6378259658813477,0.09191285073757172
-0.7665186524391174,0.02405712753534317,-0.5290031433105469,-0.30990245938301086,0.5110886096954346,0.41416454315185547,0.6864522099494934,-4.033616065979004,-4.857832431793213,-5.985648155212402,-0.7770276069641113,-0.31463414430618286,-1.3121118545532227,-1.7724539041519165
-0.7610837817192078,0.024514304473996162,-0.5788832902908325,0.5763466358184814,-0.33450108766555786,-0.5956323146820068,-0.44850391149520874,-4.128975868225098,-4.536471366882324,-5.352499008178711,0.25866812467575073,1.7513099908828735,1.4039102792739868,0.3391830623149872
-0.8566793203353882,0.023924335837364197,-0.5873990058898926,0.5454072952270508,-0.5301413536071777,-0.45150551199913025,-0.4665016531944275,-3.9176385402679443,-4.520986080169678,-6.091317176818848,-3.271906614303589,-0.31537050008773804,-1.009544849395752,-1.4585721492767334
-0.8150942325592041,0.026921570301055908,-0.5267971158027649,0.5212215781211853,-0.4856118857860565,-0.49812430143356323,-0.4943494200706482,-3.694608211517334,-3.959136962890625,-5.166676998138428,0.10743795335292816,1.7724539041519165,1.7414628267288208,1.1230536699295044
-0.957120418548584,0.02989349327981472,-0.5591912865638733,0.7910259962081909,0.5944281220436096,-0.029508668929338455,0.14164146780967712,-3.3185954093933105,-3.599091053009033,-4.478326797485352,-0.7346553802490234,1.7724539041519165,1.7657175064086914,1.3414690494537354
-0.9438341856002808,0.029149916023015976,-0.5442240834236145,0.6616962552070618,0.6866592168807983,-0.22139930725097656,0.2040576934814453,-3.657349109649658,-4.3559980392456055,-5.415566444396973,-0.056419748812913895,1.7724539041519165,1.661745309829712,0.6233813166618347
-0.8666566014289856,0.02702752873301506,-0.4769194722175598,-0.42534971237182617,0.3955918848514557,0.6191333532333374,0.5284491777420044,-3.345552682876587,-3.9309487342834473,-4.786822319030762,0.9400026798248291,1.769630789756775,1.7524892091751099,1.2108570337295532
-0.8422876000404358,0.024896960705518723,-0.4650174677371979,0.5707481503486633,-0.5746626853942871,-0.48218798637390137,-0.3339223265647888,-4.092988967895508,-4.36379337310791,-5.770959377288818,0.593542218208313,1.7550722360610962,1.3490228652954102,-0.11309844255447388
-0.7989248633384705,0.027389613911509514,-0.4851822555065155,0.7558161616325378,0.65372234582901,0.025067025795578957,0.02758003957569599,-4.249220371246338,-4.390640735626221,-5.592703342437744,-1.3256604671478271,1.4362411499023438,1.7550355195999146,1.5773272514343262
-0.7895082235336304,0.02915511280298233,-0.5790777206420898,0.6677306294441223,0.6452609896659851,0.2628715932369232,-0.2620545029640198,-3.7834298610687256,-4.157201290130615,-4.89010763168335,-1.4853768348693848,1.598801612854004,1.7006036043167114,1.5740684270858765
-0.7560579776763916,0.030480729416012764,-0.5842919945716858,0.6050423979759216,-0.25173419713974,-0.6675815582275391,-0.35339558124542236,-4.137011528015137,-4.682499408721924,-6.198062896728516,16.11809539794922,1.6989787817001343,1.2256362438201904,-1.074276089668274
-0.7508852481842041,0.032024554908275604,-0.6114627718925476,0.6568650603294373,-0.15481850504875183,-0.6616813540458679,-0.32670679688453674,-4.610966205596924,-4.9691081047058105,-6.240686416625977,1.3474665880203247,1.6439130306243896,1.2655178308486938,-1.1663713455200195
-0.763439416885376,0.028110815212130547,-0.5335968732833862,0.5542671084403992,-0.2598380744457245,-0.7584336400032043,-0.22371982038021088,-4.408411026000977,-4.882968425750732,-5.270506381988525,-0.6530869603157043,1.7719593048095703,1.7712310552597046,1.311488151550293
-0.7692503929138184,0.025376630946993828,-0.541461169719696,0.8688623309135437,0.0739593580365181,0.23017258942127228,-0.4320056140422821,-6.092426776885986,-10.056991577148438,-5.267104625701904,-1.4615178108215332,1.7724539041519165,1.7724539041519165,-0.6186211705207825
-0.7646117806434631,0.0332423634827137,-0.5309010744094849,0.5868840217590332,-0.25437551736831665,-0.7090303897857666,-0.296877384185791,-4.192194938659668,-4.850628852844238,-5.725906848907471,0.4113590717315674,1.5164122581481934,0.8514981865882874,-1.578954815864563
-0.7827898859977722,0.03690172731876373,-0.48572441935539246,-0.47203025221824646,0.10673701018095016,0.8583659529685974,0.1703014224767685,-3.7862658500671387,-5.209831237792969,-5.876172065734863,1.0299997329711914,1.7480404376983643,1.241402506828308,-1.4321237802505493
-0.8996657133102417,0.019085584208369255,-0.4558883011341095,0.6400575637817383,0.6646384000778198,-0.23485177755355835,0.30565792322158813,-3.4015767574310303,-3.480562448501587,-5.369781970977783,-0.05312247946858406,1.7724539041519165,1.2722358703613281,-0.9478222727775574
-0.8159395456314087,0.021466592326760292,-0.44722434878349304,0.9171589016914368,0.1712052971124649,0.35732197761535645,0.0427703931927681,-3.7554409503936768,-4.626662254333496,-5.128715515136719,-1.0819696187973022,0.5187833309173584,-0.8046261668205261,-1.7574554681777954
-0.9425373077392578,0.02449050359427929,-0.3975308835506439,0.5875356197357178,-0.6968945264816284,-0.3776347041130066,-0.16288630664348602,-3.865010976791382,-4.2268476486206055,-5.27701997756958,1.7777631282806396,1.7723164558410645,1.3259689807891846,-0.12300723791122437
-0.918907642364502,0.023960720747709274,-0.39667966961860657,-0.4085457921028137,0.38713106513023376,0.5971110463142395,0.5715577602386475,-4.204906940460205,-4.702561855316162,-5.323183536529541,0.31829598546028137,1.4190503358840942,-0.06490487605333328,-1.3335598707199097
-0.9340627193450928,0.023222418501973152,-0.3763066828250885,0.8379073739051819,0.5374724864959717,0.08809806406497955,0.035682562738657,-4.240607261657715,-5.001816272735596,-5.813673496246338,-0.64500892162323,-0.027348453179001808,-1.059635877609253,-1.689170479774475
-0.9164232015609741,0.027638865634799004,-0.3145754337310791,0.9312358498573303,0.27658432722091675,0.08517230302095413,-0.22146451473236084,-4.545139312744141,-4.75270938873291,-5.127525806427002,0.871933102607727,1.7600492238998413,1.7557170391082764,1.541599988937378
-0.9279282093048096,0.022771300747990608,-0.3167029917240143,-0.48831820487976074,0.36307045817375183,0.5822499394416809,0.5391755104064941,-4.1947126388549805,-4.708071708679199,-5.412812232971191,-0.5179551839828491,1.7706986665725708,1.597791075706482,0.1517110913991928
-0.8945159316062927,0.027446983382105827,-0.41791480779647827,-0.3777048587799072,0.30299463868141174,0.688519299030304,0.5398837327957153,-3.7398881912231445,-4.348561763763428,-5.330061912536621,1.3375530242919922,1.7697739601135254,1.5158673524856567,0.3806873857975006
-0.873684823513031,0.026497729122638702,-0.4041040539741516,0.7784439325332642,0.5890573263168335,0.20927171409130096,-0.05693700537085533,-3.916975259780884,-4.939615726470947,-5.823083877563477,-1.225351333618164,1.6720390319824219,1.7396595478057861,1.4240998029708862
-0.8357091546058655,0.0306610818952322,-0.42477646470069885,-0.32303234934806824,0.36628827452659607,0.8015732169151306,0.34491074085235596,-4.507931232452393,-5.546548843383789,-5.774017333984375,-1.063966989517212,1.7234331369400024,1.6912527084350586,0.13185711205005646
-0.8313251733779907,0.035589855164289474,-0.42593950033187866,0.9151745438575745,0.19436612725257874,0.3513485789299011,0.03509388864040375,-4.245328426361084,-5.092616081237793,-5.732169151306152,-0.20113369822502136,1.7464302778244019,1.08146071434021,-1.4312735795974731
-0.8263872861862183,0.03919625282287598,-0.4331681430339813,-0.26144906878471375,0.3003949522972107,0.5939174294471741,0.6990488767623901,-3.8243157863616943,-5.0753021240234375,-5.202066421508789,-1.1640862226486206,1.5443283319473267,0.10834764689207077,-1.4298810958862305
-0.9410651326179504,0.029055139049887657,-0.3886529803276062,0.723885715007782,0.5925539135932922,0.09208113700151443,-0.3411603569984436,-3.9998843669891357,-5.182181358337402,-6.789614677429199,-1.3602591753005981,1.7519547939300537,-1.2792271375656128,-1.5291935205459595
-0.9590530395507812,0.03404093161225319,-0.3446487486362457,0.9461971521377563,0.15998457372188568,-0.27478519082069397,0.060075342655181885,-4.395453929901123,-4.7130255699157715,-5.2497968673706055,16.11809539794922,1.7216370105743408,1.067907452583313,-1.5527516603469849
-0.9813324809074402,0.02332712523639202,-0.2968936562538147,0.6981403827667236,0.6537906527519226,0.20576205849647522,-0.20692938566207886,-3.8433573246002197,-4.740250587463379,-6.25874662399292,-0.8387734889984131,1.7724539041519165,1.6980329751968384,0.4630911350250244
-0.9266733527183533,0.021132877096533775,-0.342667818069458,0.892146110534668,-0.3431549072265625,0.07641084492206573,-0.2836923897266388,-4.736970901489258,-5.3817830085754395,-5.716309547424316,0.3861481249332428,-0.7964815497398376,-1.3484492301940918,-1.7724539041519165
-0.9461905360221863,0.027564261108636856,-0.3198392391204834,-0.4604038894176483,0.4805304706096649,0.46823519468307495,0.5812697410583496,-4.167986869812012,-4.855592250823975,-5.69679594039917,-0.423444539308548,1.7650035619735718,1.765244483947754,1.4596450328826904
-0.9415536522865295,0.034676920622587204,-0.37778207659721375,0.8204768300056458,0.524229884147644,0.1214468851685524,-0.19300644099712372,-4.0615057945251465,-4.902064800262451,-5.538025856018066,0.4173634946346283,1.7569690942764282,-0.20300766825675964,-1.4255847930908203
-0.9861167073249817,0.03814199939370155,-0.35853254795074463,0.9124070405960083,0.3957706391811371,-0.10372089594602585,0.010999559424817562,-3.9703269004821777,-4.8727922439575195,-5.916631698608398,16.11809539794922,1.7579554319381714,1.220441460609436,-1.5585930347442627
-0.8774843811988831,0.03574923425912857,-0.3938252329826355,0.35884636640548706,0.760774552822113,0.3159902095794678,0.43886396288871765,-4.939394474029541,-6.123344898223877,-6.712957859039307,-0.1325877606868744,1.7627995014190674,0.9555065035820007,-0.3527635931968689
-0.7824444770812988,0.035609036684036255,-0.4922720193862915,-0.4454222321510315,0.3551185131072998,0.6731358170509338,0.4715697467327118,-3.8844306468963623,-4.761246204376221,-5.518645763397217,-0.7944633960723877,1.3941922187805176,0.16512328386306763,-1.6432479619979858
-1.2508325576782227,0.008639713749289513,-0.28374335169792175,0.8293671011924744,0.5333443284034729,0.1527279019355774,0.06609244644641876,-3.292698860168457,-3.7961537837982178,-5.163703918457031,-1.8584651947021484,1.76121985912323,1.7417680025100708,1.3329391479492188
-1.1529172658920288,0.016901878640055656,-0.28022655844688416,0.5350083708763123,-0.32702451944351196,-0.769040584564209,-0.12408692389726639,-3.6881394386291504,-4.228588104248047,-5.016892910003662,0.33785271644592285,1.7718384265899658,1.7724539041519165,1.706041932106018
-1.2033264636993408,0.016188517212867737,-0.2016456425189972,0.7565764784812927,-0.19105969369411469,-0.6252428293228149,0.012635206803679466,-4.079898834228516,-4.412425994873047,-4.698856830596924,-0.28450530767440796,1.577707290649414,1.694396734237671,1.7380577325820923
-1.2408033609390259,0.014310677535831928,-0.22405414283275604,0.7965316772460938,0.0937010869383812,-0.5459921360015869,0.2421775758266449,-4.575627326965332,-4.853801727294922,-5.07529878616333,2.305532217025757,1.742889404296875,1.488250970840454,0.717961847782135
-1.220619797706604,0.02189190685749054,-0.1678745448589325,0.8072630167007446,-0.4010359048843384,-0.2891480326652527,-0.32231974601745605,-4.051819801330566,-4.313886642456055,-4.397653102874756,-0.4144534170627594,1.6752171516418457,1.7724045515060425,1.748712182044983
-1.1534711122512817,0.007676213514059782,-0.12489940971136093,0.6784285306930542,0.6445351839065552,-0.2481101155281067,0.25050053000450134,-3.39136004447937,-3.584212064743042,-4.913456916809082,16.11809539794922,1.7722631692886353,1.2393097877502441,-1.5553348064422607
-1.1606963872909546,0.009352079592645168,-0.19359302520751953,0.6169343590736389,0.7794962525367737,0.007032657507807016,-0.10829631239175797,-3.6364448070526123,-4.048009872436523,-5.607615947723389,16.11809539794922,1.7705392837524414,1.5450353622436523,-1.6433836221694946
-1.0968996286392212,0.007167237810790539,-0.21816173195838928,0.522957444190979,-0.4676314890384674,-0.5011801719665527,-0.5066110491752625,-3.558811902999878,-3.662903070449829,-4.602686882019043,16.11809539794922,1.7722288370132446,1.6012887954711914,-1.366715669631958
-1.0476099252700806,0.003493522759526968,-0.2790411114692688,0.45098191499710083,0.8313718438148499,0.3051494359970093,-0.11099531501531601,-3.5225002765655518,-3.8486485481262207,-4.912621974945068,-0.2027786672115326,1.772327184677124,1.4479891061782837,-1.6192137002944946
-0.996093213558197,0.006184128113090992,-0.2586912512779236,0.6350498199462891,-0.5626594424247742,-0.4076460003852844,-0.3375660181045532,-3.591726541519165,-3.808408498764038,-4.551141738891602,1.7715247869491577,1.7724539041519165,1.1190541982650757,-0.9342518448829651
-1.016395926475525,0.001601449679583311,-0.2143663614988327,0.538325846195221,0.8286522626876831,-0.056644223630428314,0.1425906866788864,-3.3482470512390137,-4.1018877029418945,-4.82061767578125,16.11809539794922,1.7647449970245361,1.1183503866195679,-1.5265856981277466
-1.121153712272644,0.023294569924473763,-0.15294551849365234,-0.3660735487937927,0.7569260597229004,0.49642854928970337,0.21589770913124084,-4.067252159118652,-4.380484104156494,-5.033260822296143,-0.2780982255935669,1.7657452821731567,1.7705130577087402,1.4398038387298584
-1.0758718252182007,0.006784258875995874,-0.1428777128458023,0.6765486001968384,0.7027676701545715,0.21986354887485504,-0.007722196634858847,-3.6058852672576904,-3.729764699935913,-4.778012752532959,3.8232555389404297,1.7611461877822876,1.4486223459243774,-1.3785574436187744
-1.0223255157470703,0.007605015300214291,-0.14981327950954437,0.7630597352981567,0.6259881854057312,-0.11243412643671036,0.11505309492349625,-3.593587875366211,-4.189350128173828,-4.50728702545166,16.11809539794922,1.7580095529556274,1.377758264541626,-1.575171709060669
-1.2296197414398193,0.020383164286613464,-0.24037154018878937,0.47505897283554077,0.577937662601471,0.12147180736064911,0.6523431539535522,-4.366522789001465,-4.709756374359131,-5.150855541229248,-0.7513225674629211,1.711714506149292,0.8795725107192993,-0.6641805768013
-1.1930561065673828,0.008104628883302212,-0.28684002161026,-0.4295593500137329,0.009118383750319481,0.9006937146186829,-0.06439275294542313,-3.432241678237915,-4.849251747131348,-6.10908842086792,-0.7245926260948181,1.429550290107727,1.2070344686508179,1.7718772888183594
-1.176512598991394,0.011910203844308853,-0.2432514727115631,0.6326637864112854,0.7596743702888489,0.042736832052469254,-0.14423924684524536,-3.554142475128174,-3.892970323562622,-5.081603527069092,0.889524519443512,1.7603626251220703,1.2334816455841064,-1.6263772249221802
-1.2092485427856445,0.025263743475079536,-0.2451499104499817,0.5834648609161377,-0.6802646517753601,-0.3949265778064728,-0.20209330320358276,-3.575230598449707,-4.5579633712768555,-5.1274285316467285,-0.4025117754936218,1.7690716981887817,1.770392656326294,1.6574723720550537
-1.2375246286392212,0.01300230622291565,-0.24062742292881012,-0.4305565059185028,-0.04138973355293274,0.818670392036438,-0.3777391016483307,-4.420719623565674,-5.337038516998291,-5.629052639007568,-0.3872513473033905,1.7583794593811035,1.7199760675430298,1.6360620260238647
-1.190042495727539,0.02374095655977726,-0.29879230260849,0.8714513778686523,0.4721701741218567,0.09260023385286331,0.09514730423688889,-4.386785507202148,-4.940095901489258,-5.5242204666137695,-0.28658610582351685,1.7435880899429321,1.7439382076263428,1.6995006799697876
-1.194909691810608,0.020022716373205185,-0.29726046323776245,0.7413975596427917,0.5995755195617676,-0.12722666561603546,0.2732256054878235,-4.712704658508301,-4.946157932281494,-5.074427604675293,0.402704119682312,1.6215983629226685,0.8814195394515991,0.04961956664919853
-1.159490704536438,0.024653896689414978,-0.22656114399433136,0.7268190383911133,0.6366548538208008,-0.1646842509508133,0.19820146262645721,-4.062416076660156,-4.739093780517578,-5.107105731964111,0.9958811402320862,1.7724539041519165,1.772255778312683,1.6473650932312012
-1.1461247205734253,0.026022978127002716,-0.18338635563850403,-0.35683611035346985,0.18115234375,0.7918968796730042,0.46124958992004395,-3.899763822555542,-4.614384651184082,-4.978379249572754,0.12205362319946289,1.7724539041519165,1.7724539041519165,1.5985747575759888
-1.0858465433120728,0.008197875693440437,-0.3074586093425751,0.43214869499206543,0.8989119529724121,-0.028981417417526245,0.06606758385896683,-3.4376840591430664,-3.9249603748321533,-4.7476067543029785,-0.6697856187820435,1.7659722566604614,1.4443964958190918,-1.5390164852142334
-0.9900773763656616,0.01923365332186222,-0.293773353099823,-0.25437942147254944,0.43871766328811646,0.6324924826622009,0.5854666233062744,-4.077542781829834,-4.4644036293029785,-5.166252136230469,-1.0637017488479614,1.7516942024230957,1.7724539041519165,1.539360761642456
-1.0318987369537354,0.02588728256523609,-0.29812008142471313,-0.42124584317207336,0.490124374628067,0.5767565965652466,0.4996817111968994,-4.5276947021484375,-4.863612174987793,-5.2434000968933105,0.5028643608093262,1.751478910446167,1.7633367776870728,1.6577532291412354
-1.0535082817077637,0.02511357143521309,-0.19881127774715424,0.5796175003051758,-0.37803852558135986,-0.5937392115592957,-0.41061434149742126,-4.026819229125977,-4.476619720458984,-4.879800796508789,0.6442103385925293,1.7123496532440186,1.7509957551956177,1.367814064025879
-0.9993894696235657,0.024588122963905334,-0.1981818974018097,0.5595279335975647,-0.7075679898262024,-0.27905741333961487,-0.3292461037635803,-4.019792079925537,-4.193594932556152,-4.861720085144043,0.47897636890411377,1.7389822006225586,1.7689623832702637,1.574881672859192
-1.105337381362915,0.025332603603601456,-0.18470709025859833,-0.321087121963501,0.386098712682724,0.7416948676109314,0.4446566700935364,-4.072694301605225,-4.3000688552856445,-4.777342319488525,0.3412769138813019,1.7724539041519165,1.7724539041519165,1.64640212059021
-0.9590883851051331,0.0060991402715444565,-0.26016491651535034,-0.4376925826072693,0.24956846237182617,0.4687073230743408,0.7255716323852539,-3.533994674682617,-3.8721132278442383,-4.8681254386901855,0.5998057723045349,1.7640599012374878,0.8791428804397583,-1.5819987058639526
-1.0315545797348022,0.025719553232192993,-0.16576597094535828,0.6981233358383179,0.6131766438484192,0.23756062984466553,-0.2832016050815582,-4.010087490081787,-4.458420276641846,-4.963192462921143,2.756918430328369,1.7286691665649414,1.7607388496398926,1.6515308618545532
-1.2710920572280884,0.011344615370035172,-0.12477569282054901,-0.0937662422657013,0.4818633794784546,0.5018011331558228,0.7121875882148743,-4.378331661224365,-4.779253959655762,-6.29011344909668,1.984093427658081,1.762024164199829,1.5482033491134644,0.8516779541969299
-1.2566553354263306,0.021399041637778282,-0.1644621640443802,0.5544155240058899,-0.4643443822860718,-0.42210865020751953,-0.5466552972793579,-4.364069938659668,-4.372687339782715,-4.992721080780029,16.11809539794922,1.7724539041519165,1.7613109350204468,1.636828899383545
-1.1544299125671387,0.022042855620384216,-0.1448095142841339,0.8103814125061035,0.5211744904518127,-0.2089482992887497,0.16733133792877197,-3.732903003692627,-4.547234058380127,-4.889256000518799,-0.7447113394737244,1.7724539041519165,1.614038348197937,0.12532250583171844
-1.1816428899765015,0.022548051550984383,-0.007235921919345856,-0.4742986261844635,0.10057954490184784,0.8639196753501892,0.13626199960708618,-3.912395715713501,-4.392186641693115,-4.509765148162842,0.9329452514648438,1.7724153995513916,1.7722742557525635,1.5978599786758423
-1.038353443145752,0.007243123836815357,-0.09105036407709122,0.5926029086112976,-0.503648042678833,-0.46276214718818665,-0.42545464634895325,-3.5084593296051025,-3.9733870029449463,-4.673849105834961,16.11809539794922,1.7260539531707764,1.246106505393982,-1.4319474697113037
-0.9624173641204834,0.00439605675637722,-0.13382896780967712,-0.4342045783996582,0.3815842270851135,0.6240941286087036,0.5257055759429932,-3.437690258026123,-3.987823009490967,-4.605903148651123,16.11809539794922,1.7524744272232056,0.9623782634735107,-1.4629613161087036
-1.0088073015213013,0.007480946835130453,-0.07482493668794632,-0.4767944812774658,0.6103876233100891,0.4671330749988556,0.42647475004196167,-3.629390001296997,-4.278690814971924,-4.781556606292725,16.11809539794922,1.7463358640670776,0.8933963179588318,-1.2895973920822144
-1.0998181104660034,0.010568276979029179,-0.05234937742352486,0.6377153992652893,0.7220240235328674,0.2210540771484375,-0.15210354328155518,-3.7028114795684814,-4.229445457458496,-4.580136299133301,16.11809539794922,1.7476567029953003,1.012864351272583,-1.5613006353378296
-0.9811650514602661,0.020142700523138046,-0.03510335460305214,0.8019183874130249,0.48783963918685913,0.3273548185825348,-0.10852761566638947,-3.8064820766448975,-4.194699764251709,-4.893697738647461,-0.6837827563285828,1.767704963684082,1.7425626516342163,1.6661370992660522
-1.0722397565841675,0.00678965775296092,-0.0353982113301754,0.5869408845901489,0.20349107682704926,-0.7697928547859192,0.14666517078876495,-3.947518825531006,-4.707890510559082,-5.068343639373779,16.11809539794922,1.6341906785964966,0.414981871843338,-1.5903757810592651
-1.113137125968933,0.017144950106739998,0.012920202687382698,0.5924548506736755,0.7474498152732849,-0.17567548155784607,0.24383211135864258,-3.7233567237854004,-4.453152179718018,-4.784038543701172,1.3689028024673462,1.7709808349609375,1.4778788089752197,-0.4874197244644165
-1.0368345975875854,0.021570082753896713,-0.04170679301023483,0.9165341258049011,-0.044631291180849075,0.2363824099302292,0.3195256292819977,-4.3846282958984375,-4.655584812164307,-5.041998863220215,-0.2789609432220459,1.7585198879241943,1.7349931001663208,1.5225497484207153
-1.0339010953903198,0.02125699631869793,-0.05739794671535492,-0.27293577790260315,0.3316671848297119,0.6713657975196838,0.6039626598358154,-4.149731636047363,-4.34319543838501,-5.257107257843018,1.174057126045227,1.7612301111221313,1.43305504322052,-0.39747029542922974
-1.0420180559158325,0.009233781136572361,-0.051084253937006,0.5846762657165527,-0.06076357513666153,-0.747933566570282,-0.30831289291381836,-4.045033931732178,-4.639329433441162,-4.878726959228516,1.521529197692871,1.6696549654006958,0.4200562834739685,-1.726822018623352
-0.9924618005752563,0.014797171577811241,-0.07870718091726303,0.642346978187561,-0.6495726704597473,-0.3537558913230896,-0.20075486600399017,-3.8625338077545166,-3.9923009872436523,-4.8176960945129395,0.9219925403594971,1.7255388498306274,1.5873889923095703,0.5224497318267822
-1.0572012662887573,0.010039356537163258,-0.007955769076943398,0.5939124822616577,0.769385814666748,0.08641280978918076,-0.21873800456523895,-3.7136921882629395,-4.232796669006348,-4.5647430419921875,0.2634722888469696,1.7391794919967651,1.0851918458938599,-0.9614931344985962
-0.9782480597496033,0.004571021068841219,-0.009309408254921436,-0.2943083643913269,0.3056410551071167,0.758834183216095,0.4941020607948303,-3.2139925956726074,-3.412672758102417,-4.782034397125244,-0.7824713587760925,1.7719570398330688,1.759724497795105,0.7075645923614502
-1.216071605682373,0.015155874192714691,-0.17321385443210602,-0.4871315062046051,0.4836828112602234,0.42917659878730774,0.5869934558868408,-3.8817379474639893,-4.105178356170654,-5.312199592590332,16.11809539794922,1.7506741285324097,1.349098801612854,-1.5459887981414795
-1.2715779542922974,0.014290371909737587,-0.09012582898139954,-0.3716493844985962,0.663532555103302,0.3007732927799225,0.5754448175430298,-4.1598286628723145,-4.871199607849121,-5.848628520965576,16.11809539794922,1.7688053846359253,1.6675059795379639,1.2406251430511475
-1.2403020858764648,0.014010755345225334,-0.10052865743637085,0.6068649291992188,-0.6687613129615784,-0.2197965383529663,-0.3690023720264435,-4.086225986480713,-4.9704718589782715,-6.202624797821045,0.5601401925086975,0.06907153874635696,-1.216775894165039,-1.7724539041519165
-1.2665817737579346,0.0201689712703228,-0.1354892998933792,0.5517632365226746,0.7540114521980286,0.17379571497440338,-0.3111576735973358,-4.471846580505371,-5.344940185546875,-5.487724781036377,2.049269914627075,0.31668946146965027,-0.8609602451324463,-1.7722865343093872
-1.2664368152618408,0.02289695292711258,-0.1468997448682785,-0.41016122698783875,-0.019028764218091965,0.886255145072937,-0.21437706053256989,-4.289851665496826,-4.7123942375183105,-5.947039604187012,16.11809539794922,1.6894258260726929,1.738152027130127,1.3385298252105713
-1.2344326972961426,0.012545213103294373,-0.11757821589708328,0.5893750786781311,-0.6510289907455444,-0.2562809884548187,-0.4038790464401245,-3.96504545211792,-4.6104960441589355,-5.712376117706299,4.54081916809082,1.1860558986663818,-0.11733005940914154,-1.7724539041519165
-1.2599037885665894,0.01327604055404663,-0.05179407820105553,-0.358640193939209,0.7023431658744812,0.2942142188549042,0.539934515953064,-4.1547770500183105,-4.830650329589844,-5.917954921722412,16.11809539794922,1.7693507671356201,1.7357796430587769,1.4483329057693481
-1.264041543006897,0.016944898292422295,-0.1065484806895256,0.6009438037872314,-0.44062405824661255,-0.5182639956474304,-0.4196658730506897,-4.51521110534668,-5.1542582511901855,-5.978633880615234,2.303928852081299,-0.31850552558898926,-1.2218772172927856,-1.7724225521087646
-1.2675962448120117,0.025120697915554047,-0.12129819393157959,0.5360438823699951,0.49838829040527344,0.11544331908226013,0.6715198755264282,-4.551952838897705,-4.852421283721924,-5.116028308868408,0.14440539479255676,1.29066002368927,-0.017078809440135956,-1.7660692930221558
-1.2509255409240723,0.011459081433713436,-0.07198790460824966,0.6084955334663391,-0.6730228066444397,-0.1911141723394394,-0.3744982182979584,-4.219724178314209,-4.404865741729736,-5.536492824554443,16.11809539794922,0.9236133098602295,-0.45909738540649414,-1.699798345565796
-1.1668689250946045,0.022094406187534332,-0.17497117817401886,0.5563870668411255,-0.7240075469017029,-0.2722513973712921,-0.30352213978767395,-4.036167621612549,-4.675711154937744,-5.297342300415039,0.7480376958847046,1.768409013748169,1.7290197610855103,0.5812389254570007
-1.2319560050964355,0.01981162466108799,-0.05306078493595123,0.9265386462211609,0.14124129712581635,0.3486734926700592,0.0019463252974674106,-4.089353561401367,-4.545454502105713,-4.9822797775268555,1.1028631925582886,1.7646064758300781,1.7724539041519165,1.6743029356002808
-1.2211863994598389,0.018476052209734917,-0.004105104599148035,0.7935996055603027,0.6042258739471436,-0.042098142206668854,-0.057779330760240555,-3.916292428970337,-4.215795516967773,-4.874233245849609,-0.906600832939148,1.5823129415512085,0.1071062982082367,-1.6600886583328247
-1.2412610054016113,0.028140531852841377,-0.017325734719634056,0.34431061148643494,0.7899122834205627,0.3982543647289276,0.31445538997650146,-4.154810905456543,-4.464341640472412,-5.435275077819824,-0.1402042955160141,1.7724539041519165,1.7574080228805542,1.501479148864746
-1.1574522256851196,0.01029826607555151,-0.030517656356096268,0.6050528287887573,-0.549507200717926,-0.446257084608078,-0.3644276559352875,-3.6850030422210693,-4.222052097320557,-5.146772384643555,2.276808023452759,1.7441033124923706,0.6995789408683777,-1.7212897539138794
-1.2003108263015747,0.019489774480462074,-0.05255180224776268,0.6112437844276428,0.7344605326652527,-0.25356340408325195,0.1505136489868164,-4.229640960693359,-4.4937005043029785,-4.98798942565918,1.3636902570724487,1.7724539041519165,1.7724539041519165,1.6572082042694092
-1.2040390968322754,0.008196145296096802,-0.019829867407679558,-0.3972841501235962,0.40585339069366455,0.5540069937705994,0.6087072491645813,-3.7651162147521973,-4.1352643966674805,-5.57984733581543,5.9853739738464355,1.2460942268371582,-0.08041447401046753,-1.4445035457611084
-1.2222100496292114,0.012916169129312038,-0.053186193108558655,0.6834891438484192,0.723938524723053,-0.07065029442310333,-0.061352383345365524,-3.647332191467285,-3.868866205215454,-5.203025817871094,1.3291940689086914,1.600053071975708,0.5019265413284302,-1.645737648010254
-1.2072068452835083,0.024990225210785866,-0.023545319214463234,0.5838125944137573,-0.7111427783966064,-0.28396162390708923,-0.26982319355010986,-4.107320308685303,-4.626570224761963,-5.276857852935791,0.7677185535430908,1.7724539041519165,1.7724539041519165,1.577913522720337
-1.2260318994522095,0.012586243450641632,0.009705336764454842,-0.38509541749954224,0.8303115367889404,0.15988565981388092,0.3697577714920044,-4.2617292404174805,-5.334221363067627,-6.099409103393555,16.11809539794922,1.7659860849380493,1.5765520334243774,1.0878301858901978
-1.1495736837387085,0.01853041909635067,-0.06758861243724823,0.587582528591156,-0.45177409052848816,-0.49083784222602844,-0.45795759558677673,-3.9453141689300537,-4.590146541595459,-4.8115129470825195,-0.15080180764198303,1.7701690196990967,1.6320374011993408,0.4896913766860962
-1.1930921077728271,0.012444955296814442,-0.08758437633514404,0.6277085542678833,0.7384248375892639,-0.18272581696510315,0.16529366374015808,-3.8285000324249268,-4.340245246887207,-5.5645751953125,1.2155207395553589,1.7661113739013672,1.3286948204040527,-1.5815627574920654
-1.1526843309402466,0.023834174498915672,-0.05032223090529442,-0.45816415548324585,0.0024853211361914873,0.8757819533348083,0.1519387662410736,-3.8575339317321777,-4.973321914672852,-5.32423734664917,1.829982042312622,1.7724539041519165,1.7724539041519165,1.6374045610427856
-1.1553269624710083,0.01825004816055298,0.007874461822211742,0.7697654962539673,0.613132655620575,-0.000016094210877781734,-0.17756536602973938,-4.039750576019287,-4.225038528442383,-4.638839244842529,2.7981135845184326,1.766176700592041,1.7717498540878296,1.6339064836502075
-1.0718801021575928,0.017307624220848083,-0.10097396373748779,0.7682815790176392,0.5885593891143799,0.036819059401750565,-0.24896906316280365,-3.6590113639831543,-4.107147693634033,-5.087315559387207,-0.7383494973182678,1.7669669389724731,1.6909220218658447,0.11912119388580322
-1.0459932088851929,0.026672782376408577,-0.12098636478185654,0.8785769939422607,0.41971370577812195,-0.1867954432964325,0.13057704269886017,-3.8553507328033447,-4.442050933837891,-5.341786861419678,1.5004379749298096,1.7502516508102417,1.7724539041519165,1.7040934562683105
-1.0433412790298462,0.02519289031624794,-0.0943174958229065,0.7623710632324219,0.5741763710975647,-0.26739445328712463,0.13271045684814453,-4.428126335144043,-4.6528096199035645,-4.904232025146484,0.4878618121147156,1.753200888633728,1.7638880014419556,1.7341034412384033
-1.0836137533187866,0.01382825244218111,-0.03234754875302315,0.6408435702323914,0.7209442853927612,0.20709899067878723,-0.1633061319589615,-3.975898027420044,-4.098155498504639,-4.6828083992004395,16.11809539794922,1.763490915298462,1.395021915435791,-0.8810864686965942
-1.12755286693573,0.010823399759829044,-0.007772502955049276,-0.4659331738948822,0.4530473053455353,0.6438798904418945,0.4038231074810028,-4.065235137939453,-4.733809471130371,-4.890214443206787,1.2860597372055054,1.7337892055511475,0.46503618359565735,-1.7416644096374512
-1.0620167255401611,0.02399018220603466,-0.052693333476781845,-0.3730831444263458,0.2033010572195053,0.7841499447822571,0.4523124098777771,-3.8969333171844482,-4.571935176849365,-5.008460998535156,7.290501594543457,1.771443486213684,1.76845121383667,1.7279201745986938
-0.9858999848365784,0.009517228230834007,-0.029247265309095383,0.5715324282646179,0.7301180958747864,0.22162151336669922,-0.3019307851791382,-3.270770311355591,-4.134123802185059,-4.906722545623779,16.11809539794922,1.7351171970367432,0.6556552648544312,-1.384223222732544
-1.0856856107711792,0.02982693910598755,-0.07444915175437927,0.8259010910987854,-0.23207947611808777,-0.4701443314552307,-0.20734234154224396,-4.126651763916016,-4.493149280548096,-4.894155025482178,0.20311279594898224,1.7724539041519165,1.7423663139343262,1.342448353767395
-1.0857645273208618,0.016505606472492218,0.01573628932237625,0.6599529385566711,0.6669937372207642,0.13852258026599884,-0.3168484568595886,-4.133400917053223,-4.37202787399292,-5.13394832611084,0.5141634345054626,1.7238662242889404,0.630314826965332,-1.5610662698745728
-0.9305711388587952,-0.0019841056782752275,-0.320358544588089,0.44612208008766174,0.8675486445426941,0.10222166776657104,0.19464099407196045,-4.523040771484375,-4.742493152618408,-6.343853950500488,-0.7461462616920471,1.7724539041519165,1.7724539041519165,-0.22722159326076508
-0.923987627029419,0.004144951701164246,-0.2261180579662323,0.6732596755027771,0.6733149290084839,0.1303720474243164,0.2763539254665375,-3.4994711875915527,-3.6609253883361816,-4.413817882537842,-0.11300268024206161,1.7026898860931396,0.4361570179462433,-1.6914724111557007
-0.9003812074661255,0.0064772809855639935,-0.2618415057659149,0.8069057464599609,0.5650469660758972,-0.14298535883426666,0.09581359475851059,-3.790907621383667,-4.180621147155762,-4.50937032699585,-0.034530334174633026,1.7724539041519165,1.7218226194381714,0.20320366322994232
-0.8720107078552246,0.018212947994470596,-0.2687646746635437,0.8826407194137573,-0.3278835415840149,-0.3362910747528076,-0.018603313714265823,-4.237033843994141,-4.851110935211182,-5.481077194213867,16.11809539794922,1.7652612924575806,1.2151596546173096,-1.5086647272109985
-0.8877542614936829,0.02372792921960354,-0.29330605268478394,0.2566111385822296,0.8498938679695129,0.289903849363327,0.3574729561805725,-3.948967695236206,-4.691063404083252,-5.388844013214111,16.11809539794922,1.755357265472412,1.284629225730896,-1.4132918119430542
-0.9175897240638733,0.007762910798192024,-0.28640320897102356,0.48618271946907043,0.844483494758606,0.04165530577301979,0.22076870501041412,-3.7192068099975586,-4.011401653289795,-4.75947904586792,-0.11842415481805801,1.7705426216125488,0.9202413558959961,-1.638997197151184
-0.8899044394493103,0.013350604102015495,-0.2946851849555969,0.9245656132698059,-0.09829309582710266,-0.36668023467063904,-0.03259540721774101,-3.9834675788879395,-4.793699741363525,-5.403045654296875,-0.4432224631309509,1.6676894426345825,0.9847625494003296,0.49908173084259033
-0.9126888513565063,0.0055905780754983425,-0.17592599987983704,0.844137966632843,-0.039222151041030884,-0.5104217529296875,0.15925566852092743,-3.578207492828369,-4.34751033782959,-5.009405136108398,-0.10865704715251923,1.7630404233932495,1.238222360610962,-1.010929822921753
-0.8806536793708801,0.007625310216099024,-0.19861285388469696,0.9285696744918823,-0.25827232003211975,-0.1538214236497879,0.21769872307777405,-4.128431797027588,-4.585086345672607,-4.843670845031738,0.5522178411483765,1.7652255296707153,1.3084877729415894,-1.3793144226074219
-0.8432350754737854,0.02302435040473938,-0.23012085258960724,0.37266820669174194,0.7734441161155701,0.33457523584365845,0.38853830099105835,-4.161953449249268,-4.801624774932861,-5.327620983123779,-0.24440841376781464,1.7717269659042358,1.5340033769607544,0.20954512059688568
-0.8703144192695618,-0.0012266678968444467,-0.21444399654865265,-0.4947045147418976,0.3175945580005646,0.7670937180519104,0.2568431496620178,-4.865005970001221,-5.019872188568115,-5.355071067810059,3.9593372344970703,1.6716258525848389,0.23651228845119476,-1.2429624795913696
-0.866744875907898,0.004617153666913509,-0.21581895649433136,0.6613267660140991,0.09437541663646698,-0.6575943827629089,0.3482955992221832,-4.052271842956543,-4.622462749481201,-5.140143394470215,0.7419975399971008,1.771743893623352,1.6955407857894897,1.407565951347351
-0.8626102209091187,0.014346791431307793,-0.21144376695156097,0.952996551990509,0.18220354616641998,0.07042974978685379,-0.2316010296344757,-4.189907550811768,-4.955021858215332,-5.361980438232422,-0.31744304299354553,1.7724342346191406,1.4943351745605469,-0.1798258274793625
-0.8378105163574219,0.015979111194610596,-0.1611974835395813,0.6850188374519348,-0.5312905311584473,-0.45951005816459656,-0.1932099312543869,-4.142103672027588,-4.407588481903076,-4.811230182647705,1.5480183362960815,1.7722276449203491,1.4355653524398804,-1.0545437335968018
-0.8665899634361267,0.015655161812901497,-0.17663756012916565,0.26666614413261414,0.49897757172584534,0.23434379696846008,0.7905653119087219,-4.833831310272217,-5.558046817779541,-5.974915981292725,-0.12879645824432373,1.7724539041519165,1.6847461462020874,-0.09536770731210709
-0.8811713457107544,0.004765819292515516,-0.1629258096218109,0.7212343811988831,0.5462268590927124,0.4221808910369873,-0.05674918740987778,-4.212972640991211,-4.538542747497559,-4.9437127113342285,16.11809539794922,1.7375116348266602,0.5997681021690369,-1.5818393230438232
-0.8304673433303833,0.01545416098088026,-0.19655539095401764,0.3917376399040222,0.4289490282535553,0.8098434209823608,0.08184143155813217,-4.38778018951416,-4.6621928215026855,-5.951554775238037,-1.852221131324768,1.7724539041519165,1.7624807357788086,1.0896012783050537
-0.8773332238197327,0.015391267836093903,-0.24429979920387268,0.5421662926673889,-0.5929021239280701,-0.4151408076286316,-0.42682650685310364,-4.222218990325928,-4.481438159942627,-5.255478858947754,1.9839539527893066,1.6817532777786255,0.5256965160369873,-1.6118665933609009
-0.899298906326294,0.02313764952123165,-0.3077007234096527,0.8430372476577759,-0.25187385082244873,-0.3800584077835083,0.285312682390213,-4.336539268493652,-4.480637073516846,-5.548027515411377,16.11809539794922,1.4900577068328857,0.5261746644973755,-1.5657761096954346
-0.8768364787101746,0.01566706784069538,-0.2766716778278351,0.5051713585853577,0.8123072385787964,0.10860715061426163,0.27048733830451965,-4.1468586921691895,-4.978739261627197,-5.493808746337891,1.6730533838272095,0.7339428067207336,-0.1924077719449997,-1.6759706735610962
-0.8561739921569824,0.026083307340741158,-0.24755306541919708,0.7229079604148865,0.09701774269342422,-0.6832119226455688,-0.03482876345515251,-4.919103622436523,-5.109732627868652,-5.295469284057617,16.11809539794922,1.7552095651626587,1.7132984399795532,1.7278341054916382
-0.9218624830245972,0.01861913688480854,-0.21012789011001587,0.6651809811592102,0.718254566192627,0.08414387702941895,-0.18591512739658356,-4.0068182945251465,-4.591178894042969,-5.212474346160889,-0.09659649431705475,1.768764853477478,1.432834506034851,-0.33678337931632996
-0.8950115442276001,0.020612260326743126,-0.1813630908727646,-0.3662782609462738,0.7271648645401001,0.4217359721660614,0.39901161193847656,-4.161874294281006,-4.212141036987305,-4.931333541870117,-0.07617693394422531,1.7724539041519165,1.7674953937530518,1.5197752714157104
-0.9522356986999512,0.0246123019605875,-0.19808973371982574,0.8336122035980225,-0.16447605192661285,-0.5104652643203735,-0.13214945793151855,-4.087485313415527,-4.97158670425415,-5.70211124420166,-0.7744142413139343,1.7724539041519165,1.7724539041519165,1.7277833223342896
-0.850346028804779,0.020857593044638634,-0.23220911622047424,0.772994339466095,-0.46063271164894104,-0.41724488139152527,-0.12729471921920776,-4.355881214141846,-4.629781723022461,-5.316931247711182,16.11809539794922,1.6501786708831787,0.9555639624595642,-1.4885737895965576
-0.8575078845024109,0.02132539451122284,-0.22173385322093964,0.62330162525177,0.7171086072921753,-0.0894516184926033,0.29874521493911743,-4.466972827911377,-5.111514091491699,-5.468041896820068,0.6927308440208435,1.7707812786102295,1.4327778816223145,-1.54286527633667
-0.8179921507835388,0.022488199174404144,-0.16090846061706543,0.7081815600395203,-0.2776486277580261,-0.5782088041305542,-0.29506734013557434,-4.1154351234436035,-4.6364359855651855,-5.249440670013428,0.29384347796440125,1.1617555618286133,0.05793607607483864,-0.9819239377975464
-0.8400037288665771,0.019393440335989,-0.20712527632713318,0.3841544985771179,0.810396671295166,0.3739206790924072,0.23635967075824738,-4.362908840179443,-4.569190979003906,-5.965902805328369,-0.7882285118103027,1.247239589691162,0.05345578491687775,-0.8893962502479553
-0.8308683037757874,0.025247501209378242,-0.16906750202178955,0.6278765797615051,0.7599897980690002,-0.11428942531347275,0.12298159301280975,-4.664458751678467,-4.759216785430908,-5.304656505584717,0.02489182911813259,1.7705029249191284,1.7620962858200073,1.7020965814590454
-0.6453962326049805,0.030259517952799797,-0.179450124502182,0.6182507276535034,0.3578532636165619,0.2762729525566101,0.6429466009140015,-3.079181671142578,-4.532969951629639,-5.27923583984375,-1.5819848775863647,-0.4958401322364807,-1.0310767889022827,-1.5698679685592651
-0.9145556092262268,0.006810370832681656,-0.1224629357457161,0.7255189418792725,0.5837862491607666,-0.10207304358482361,0.3498527705669403,-3.6640429496765137,-3.9053735733032227,-4.267416477203369,16.11809539794922,1.6890817880630493,0.9207239747047424,-1.6381028890609741
-0.9370953440666199,0.024655060842633247,-0.11950185894966125,0.9049572944641113,0.198643296957016,0.35948798060417175,-0.11118242144584656,-3.2170403003692627,-4.178750514984131,-5.011073589324951,-1.0223231315612793,1.4969680309295654,1.68781578540802,1.7349326610565186
-0.9427142143249512,0.023899979889392853,-0.13215519487857819,0.8457803130149841,0.4974157214164734,-0.12774667143821716,0.1446170210838318,-4.059138298034668,-4.62891149520874,-5.070507526397705,0.5580845475196838,1.7245995998382568,1.7616310119628906,1.6221654415130615
-0.8260315656661987,0.015370353125035763,-0.08732109516859055,0.7340694665908813,-0.14416180551052094,-0.6597239375114441,0.0715804398059845,-3.7930948734283447,-4.653453350067139,-5.409679412841797,-0.5377942323684692,-1.2440659999847412,-1.5184403657913208,-1.7720786333084106
-0.8655714392662048,0.008671168237924576,-0.12201912701129913,0.615308940410614,-0.4875180423259735,-0.21399331092834473,-0.5813156962394714,-4.195075511932373,-5.425364971160889,-5.698030948638916,-1.0441173315048218,0.3547873795032501,-0.7294285893440247,-1.7688453197479248
-0.8659082651138306,0.012079454027116299,-0.025029942393302917,-0.43055060505867004,-0.019817249849438667,0.8530511856079102,0.29417189955711365,-3.9752509593963623,-4.327110290527344,-4.88659143447876,-0.28318673372268677,1.7646678686141968,1.6961053609848022,1.3595116138458252
-0.8051137328147888,0.00810445286333561,-0.14028775691986084,0.5833293795585632,0.18531379103660583,-0.7208830118179321,0.32513582706451416,-3.4977452754974365,-4.062063217163086,-5.910830974578857,-1.7127119302749634,-1.2853831052780151,-1.6216017007827759,-1.7603535652160645
-0.9117183685302734,0.014492607675492764,-0.07655792683362961,0.7285630702972412,0.6445982456207275,0.19823135435581207,-0.1199721172451973,-3.7527225017547607,-4.048562049865723,-4.634265899658203,0.4934924244880676,1.7691841125488281,1.0832866430282593,-0.9129871726036072
-0.874208927154541,0.016017138957977295,-0.13066397607326508,-0.4023645222187042,0.7685965895652771,0.4094484746456146,0.28233662247657776,-4.683055400848389,-4.825657844543457,-5.215064525604248,16.11809539794922,1.5972412824630737,0.6105281710624695,-1.6172198057174683
-0.8190875053405762,0.028252610936760902,-0.12886080145835876,-0.1265334039926529,0.8445656299591064,0.3874054253101349,0.3472970426082611,-4.326357841491699,-4.934263706207275,-5.189950466156006,-0.5603543519973755,1.6970059871673584,1.6083494424819946,0.312483549118042
-0.8609002828598022,0.011385250836610794,-0.15711447596549988,0.7381609082221985,-0.2883569300174713,-0.578928530216217,0.19186075031757355,-4.401193618774414,-4.646735668182373,-5.088372230529785,-0.4649793803691864,1.7724539041519165,1.6543539762496948,1.186675786972046
-0.8934482932090759,0.021877264603972435,-0.1042364239692688,-0.31356629729270935,0.4938398599624634,0.5051651000976562,0.6345128417015076,-3.873680353164673,-4.921849250793457,-5.098451614379883,-0.02009054832160473,1.7608437538146973,1.7698514461517334,1.5681756734848022
-0.8637334704399109,0.016458969563245773,-0.12690570950508118,0.8135257363319397,0.5350282788276672,-0.1698465794324875,-0.15189707279205322,-4.799478530883789,-5.05750846862793,-5.2597880363464355,0.5884532928466797,1.7372424602508545,1.4651128053665161,-0.4496263563632965
-0.8259613513946533,0.009596985764801502,-0.1201946958899498,0.6510917544364929,-0.4624890089035034,-0.564649224281311,-0.2082178145647049,-4.128839492797852,-4.53754997253418,-5.2876715660095215,-0.891231894493103,1.7016521692276,0.8099689483642578,0.629093587398529
-0.8352236151695251,0.02115805447101593,-0.1305788904428482,0.5280715227127075,0.7882090210914612,-0.022991236299276352,0.3151799142360687,-4.12269926071167,-5.1793107986450195,-5.288414001464844,0.8111667037010193,1.6096889972686768,0.827821671962738,-1.677117943763733
-0.8813644051551819,0.02225121483206749,-0.13223113119602203,0.7781869173049927,0.6021654605865479,0.02689606510102749,-0.1763477325439453,-4.410732269287109,-4.863767147064209,-5.56597375869751,0.01200195774435997,1.7724539041519165,1.740592122077942,0.576332688331604
-0.848071277141571,0.01917314901947975,-0.08314839005470276,0.5187850594520569,-0.4395598769187927,-0.641236424446106,-0.35561925172805786,-4.023556709289551,-4.352447032928467,-5.072476387023926,0.7047601342201233,1.665972352027893,1.136595606803894,-1.6140525341033936
-0.8391854763031006,0.02021530084311962,-0.06754815578460693,0.5454186797142029,-0.2514907121658325,-0.728392481803894,-0.32972002029418945,-4.391966342926025,-4.836586952209473,-5.157794952392578,0.1108975037932396,-0.3400535583496094,-1.1684378385543823,-1.77232027053833
-0.843627393245697,0.01674053817987442,-0.13238126039505005,0.693816602230072,-0.36496448516845703,-0.46352723240852356,-0.4129915237426758,-4.214801788330078,-4.822239875793457,-5.696495532989502,-1.563079833984375,1.2953121662139893,-0.03544147312641144,-1.7600082159042358
-0.9214615225791931,0.016725631430745125,-0.02822030521929264,0.576289713382721,-0.7169618010520935,-0.32282787561416626,-0.22279615700244904,-3.81532883644104,-3.9116835594177246,-4.858646869659424,0.37169763445854187,1.7693846225738525,0.8750496506690979,-1.2675843238830566
-0.8512455224990845,0.024513209238648415,-0.06323255598545074,0.9488967061042786,-0.07674340903759003,-0.3061126470565796,-0.0007313721580430865,-4.055302619934082,-4.712156295776367,-4.914547920227051,0.806200385093689,1.7724539041519165,1.6623226404190063,1.4745410680770874
-0.8670235276222229,0.023752372711896896,-0.0001069416175596416,-0.35220929980278015,0.474551796913147,0.8066896200180054,-0.0010434254072606564,-3.9037532806396484,-4.368961811065674,-5.066107749938965,-1.0279452800750732,1.7502284049987793,1.1906567811965942,0.3074240982532501
-0.8828564286231995,0.025753509253263474,-0.004553959239274263,-0.3523479104042053,0.20354615151882172,0.7475190162658691,0.5250097513198853,-3.9959371089935303,-4.2318220138549805,-5.040744304656982,0.7191839814186096,1.6804046630859375,1.1821328401565552,-1.7568782567977905
-0.9019267559051514,0.010135293006896973,0.017758799716830254,0.8473912477493286,0.4362298250198364,0.2918607294559479,-0.08030520379543304,-4.00883674621582,-4.552316188812256,-5.574337005615234,0.850752055644989,1.7349156141281128,1.6440538167953491,1.1553707122802734
-0.9711737036705017,0.023077933117747307,-0.020648285746574402,0.6681411862373352,-0.5895816087722778,-0.3785291612148285,-0.25039270520210266,-3.7773985862731934,-4.476498126983643,-5.27285623550415,-0.4813559651374817,1.7711563110351562,1.5517603158950806,0.3121494650840759
-0.8555828332901001,0.019609743729233742,-0.030296839773654938,-0.31358563899993896,0.3991222679615021,0.4593014717102051,0.7289770841598511,-4.514424800872803,-4.972339153289795,-5.176031112670898,-0.10761277377605438,-0.0003140005865134299,-1.0265190601348877,-1.7724539041519165
-1.2526172399520874,0.02364160493016243,-0.2734394967556,0.5506574511528015,-0.5281720757484436,-0.5903997421264648,-0.2631325423717499,-3.972719430923462,-4.284291744232178,-5.60225248336792,-1.937511920928955,-1.0752261877059937,-0.8491113781929016,-0.44308003783226013
-1.2160422801971436,0.02473580837249756,-0.27945178747177124,-0.4821517765522003,-0.05949178338050842,0.870206892490387,0.08203888684511185,-4.288443565368652,-5.02517557144165,-5.4162516593933105,1.254253625869751,1.3411730527877808,0.08021702617406845,-1.5536876916885376
-1.2164212465286255,0.029878932982683182,-0.2977643311023712,0.5009622573852539,0.7958818078041077,0.2358432412147522,-0.24492236971855164,-4.035830974578857,-5.025852680206299,-5.316048622131348,-1.1996843814849854,0.3020116984844208,-0.6514084935188293,-1.0082560777664185
-1.160784125328064,0.0156277846544981,-0.2929397225379944,0.533159077167511,0.8334344625473022,-0.0678626075387001,0.12854216992855072,-3.8533754348754883,-4.375417232513428,-4.865979194641113,0.02094448357820511,1.7516019344329834,1.2010011672973633,-0.5740419626235962
-1.1825807094573975,0.02737632766366005,-0.33129963278770447,0.9119935631752014,-0.25920575857162476,0.15135557949543,0.2795919179916382,-3.949552536010742,-4.945290565490723,-5.2438554763793945,-1.6614556312561035,-0.5189778208732605,-1.5419951677322388,-1.614000916481018
-1.1814548969268799,0.02255437709391117,-0.31210434436798096,0.15704278647899628,0.8591055870056152,0.3990498483181,-0.2793462574481964,-4.360260009765625,-4.828670024871826,-5.641745090484619,0.008331745862960815,1.4112807512283325,-0.16411684453487396,-1.292709469795227
-1.1964153051376343,0.0202808640897274,-0.2410971224308014,-0.3225893974304199,0.2152373045682907,0.7287413477897644,0.564397931098938,-4.030406475067139,-4.557415008544922,-5.495720863342285,-0.7312591075897217,1.7724539041519165,1.7335944175720215,0.739940345287323
-1.2294977903366089,0.022136125713586807,-0.24746829271316528,0.6710577011108398,0.6405209302902222,-0.3733384907245636,0.0057359314523637295,-4.68857479095459,-5.290839672088623,-5.687535285949707,2.1812469959259033,1.015489935874939,-0.00983365811407566,-1.6338304281234741
-1.2239856719970703,0.031021051108837128,-0.2685558795928955,-0.09950269758701324,0.4942863881587982,0.43479159474372864,0.7461477518081665,-4.472944259643555,-4.929838180541992,-4.959138870239258,0.500249981880188,1.6781067848205566,0.830880880355835,-1.4304840564727783
-1.1695301532745361,0.024110663682222366,-0.2854030728340149,0.7842990159988403,0.615628182888031,0.052048031240701675,0.05628487467765808,-4.581726551055908,-4.973687648773193,-5.535876750946045,0.8935708403587341,1.7677371501922607,1.7654016017913818,1.6500221490859985
-1.1143083572387695,0.027568917721509933,-0.2650672197341919,0.7463022470474243,-0.5361335873603821,-0.3540915548801422,-0.17381875216960907,-4.196151256561279,-4.8474931716918945,-5.172819137573242,0.9296958446502686,1.7724539041519165,1.7724539041519165,1.6083590984344482
-1.203696370124817,0.032774604856967926,-0.2826237678527832,0.06603489071130753,0.5852884650230408,0.6896706223487854,-0.421225905418396,-4.056575775146484,-4.3400397300720215,-4.813538551330566,0.32867488265037537,1.7511979341506958,1.0911340713500977,-1.4501978158950806
-1.188245415687561,0.025252925232052803,-0.25615766644477844,0.5098583102226257,-0.4548857808113098,-0.5830734372138977,-0.43948695063591003,-4.413702487945557,-4.6924238204956055,-5.463842868804932,-0.002859280677512288,1.7661709785461426,1.7724539041519165,1.7261935472488403
-1.2137788534164429,0.02644304372370243,-0.28348973393440247,0.6287643313407898,-0.6088430881500244,-0.1626559942960739,-0.4555310308933258,-4.828749656677246,-5.488809108734131,-5.90541934967041,0.32231974601745605,1.6902151107788086,1.7511324882507324,1.6239233016967773
-1.1388812065124512,0.04001695662736893,-0.2514410614967346,0.9635745286941528,-0.18342256546020508,0.19183984398841858,0.03282845765352249,-3.1747097969055176,-4.151729106903076,-4.801574230194092,-1.9197107553482056,1.7724539041519165,1.6654934883117676,-0.7747119069099426
-1.2439857721328735,0.024640493094921112,-0.19205895066261292,-0.3212485611438751,0.5449138283729553,0.6304128766059875,0.44994208216667175,-4.394513130187988,-4.784810543060303,-5.298741340637207,0.0872131735086441,1.759497880935669,1.7337740659713745,1.617997646331787
-1.2622534036636353,0.02207670733332634,-0.16268929839134216,0.560417652130127,-0.0037132620345801115,-0.8180854320526123,0.12905241549015045,-4.715941429138184,-5.19606876373291,-5.4593119621276855,0.8855077624320984,-0.19426850974559784,-1.2321611642837524,-1.7724539041519165
-1.2504111528396606,0.030679352581501007,-0.19164837896823883,0.7487098574638367,0.6251801252365112,-0.1764671504497528,-0.13207094371318817,-4.627539157867432,-4.76959228515625,-4.895039081573486,-0.2063286006450653,1.7337104082107544,1.222381830215454,0.06568019837141037
-1.2270419597625732,0.020365137606859207,-0.15323559939861298,0.6168841123580933,-0.46852535009384155,-0.5386009216308594,-0.3314317762851715,-4.212292194366455,-5.204408645629883,-5.492383003234863,-1.1807409524917603,1.7724539041519165,1.700534701347351,0.7538942098617554
-1.2436518669128418,0.01469093095511198,-0.18238499760627747,0.1527571827173233,-0.1914648860692978,-0.13755059242248535,0.9597324132919312,-9.399197578430176,-6.310628890991211,-5.032971382141113,-0.2762533724308014,-0.19012479484081268,0.6184576153755188,1.188586711883545
-1.2353515625,0.02048720419406891,-0.2402304857969284,0.5566583275794983,0.7268774509429932,-0.36293596029281616,0.17337273061275482,-4.8378167152404785,-5.464448928833008,-6.26219367980957,1.3832005262374878,-0.14981137216091156,-1.2154003381729126,-1.762562870979309
-1.2392805814743042,0.019238587468862534,-0.23519225418567657,0.5421237349510193,-0.45948511362075806,-0.4131043255329132,-0.5694910883903503,-5.003034591674805,-5.072842597961426,-6.074178695678711,2.849324941635132,0.8026840090751648,-0.2107936292886734,-1.5808143615722656
-1.2115683555603027,0.025125248357653618,-0.20379965007305145,0.743445634841919,0.5727483630180359,0.2949390709400177,-0.17960743606090546,-3.9752488136291504,-4.469980239868164,-5.103659629821777,-0.006612939294427633,1.7665804624557495,1.7038187980651855,1.517118215560913
-1.2510695457458496,0.027906492352485657,-0.213252991437912,0.7157505750656128,-0.3138248324394226,-0.6216827034950256,-0.05220793932676315,-4.489563941955566,-4.730413913726807,-5.048170566558838,1.086833119392395,1.4686520099639893,0.5694136023521423,-0.9869357347488403
-1.2350119352340698,0.02038281224668026,-0.21571986377239227,-0.3368780016899109,0.37843969464302063,0.44126594066619873,0.7406625151634216,-4.647905349731445,-4.719888210296631,-5.62412166595459,0.8329564929008484,1.1510663032531738,0.006800589617341757,-1.7264738082885742
-1.2458491325378418,0.022999867796897888,-0.22619910538196564,-0.46130725741386414,-0.2003735899925232,0.8642514944076538,0.010742436163127422,-4.958075046539307,-5.062577247619629,-5.412703990936279,0.4873613715171814,-0.5024197697639465,-1.2372771501541138,-1.761391520500183
-1.2296463251113892,0.025116320699453354,-0.23121081292629242,0.48911789059638977,0.8161702752113342,0.029011866077780724,-0.30624839663505554,-4.5001068115234375,-4.878860950469971,-5.370663642883301,-0.6638089418411255,1.568298101425171,1.3527238368988037,0.6423179507255554
-1.2575055360794067,0.024303149431943893,-0.17382259666919708,-0.4234212040901184,0.54437255859375,0.3978879749774933,0.605027437210083,-4.511288166046143,-4.940074443817139,-5.470810890197754,0.9755551218986511,0.7811835408210754,-0.31812798976898193,-1.721279501914978
-1.219497561454773,0.020079242065548897,-0.1903974711894989,-0.4053920805454254,0.23623043298721313,0.6187939643859863,0.6300368905067444,-4.527818202972412,-5.686295032501221,-6.4688897132873535,-1.803244948387146,1.109674096107483,-0.14098317921161652,-1.687813401222229
-1.1712895631790161,0.02552686259150505,-0.20033831894397736,0.5573764443397522,-0.5729119181632996,-0.5191404819488525,-0.30264919996261597,-4.291650772094727,-4.669596195220947,-5.279609680175781,2.187708616256714,1.7724539041519165,1.7724539041519165,1.6902910470962524
-1.1937718391418457,0.027113929390907288,-0.1442720890045166,-0.4383135735988617,0.281966894865036,0.775788426399231,0.3557080626487732,-4.010556221008301,-4.5035481452941895,-4.834262371063232,0.19657151401042938,1.7724539041519165,1.7399952411651611,1.7275688648223877
-1.0649710893630981,0.027655426412820816,-0.2948763072490692,-0.49793821573257446,0.1355593502521515,0.8473977446556091,0.12489287555217743,-3.5922224521636963,-4.51962947845459,-5.553343296051025,-0.7797279953956604,1.6351975202560425,1.7575141191482544,1.6113756895065308
-1.061649203300476,0.026303209364414215,-0.23449841141700745,-0.24673041701316833,0.3308289349079132,0.688133955001831,0.5967813730239868,-3.943974256515503,-4.91484260559082,-5.179510116577148,-0.0596589557826519,1.7334340810775757,1.7672786712646484,1.744269609451294
-1.0577653646469116,0.023941190913319588,-0.25791046023368835,0.7549563050270081,0.5913731455802917,-0.19581450521945953,0.2048790454864502,-3.6460390090942383,-4.683446884155273,-5.624741554260254,-0.5893126726150513,1.7403290271759033,1.6672519445419312,0.6041249632835388
-1.0922011137008667,0.026814734563231468,-0.24107715487480164,-0.2717081904411316,0.3049545884132385,0.6782034635543823,0.6109152436256409,-4.172589302062988,-4.613133907318115,-5.29884147644043,0.9839046001434326,1.7485435009002686,1.7524044513702393,1.6154829263687134
-1.0552207231521606,0.02553551457822323,-0.2660229206085205,-0.2576853930950165,0.3248666822910309,0.7659838199615479,0.49125218391418457,-4.405848979949951,-4.960010051727295,-5.105544090270996,1.1920286417007446,1.723047137260437,1.7452868223190308,1.3611972332000732
-0.9689159393310547,0.022554082795977592,-0.25618699193000793,-0.4258316457271576,0.43312621116638184,0.6047044396400452,0.515171468257904,-4.068392753601074,-4.681473731994629,-5.292148113250732,-0.24086591601371765,1.7711875438690186,1.7588292360305786,1.506523847579956
-1.0993075370788574,0.027404896914958954,-0.2135373204946518,0.8278316259384155,0.558164119720459,0.028597770258784294,-0.04826818034052849,-4.151658058166504,-4.670405864715576,-5.571561336517334,0.07057873904705048,1.7716023921966553,1.7724539041519165,1.2412841320037842
-0.9610503911972046,0.021333890035748482,-0.2065984010696411,-0.3875769078731537,0.3934764564037323,0.6484311819076538,0.5239250659942627,-4.039175987243652,-4.5472235679626465,-5.601709842681885,-0.754402756690979,1.7432210445404053,1.617435097694397,0.21090993285179138
-0.9964075088500977,0.018740827217698097,-0.214914008975029,0.6270225048065186,-0.008515705354511738,-0.7754600644111633,0.07370142638683319,-3.909356117248535,-5.284717559814453,-5.827475547790527,-1.9836338758468628,0.8756668567657471,1.1079801321029663,1.4470407962799072
-1.0138888359069824,0.024663323536515236,-0.2267741709947586,0.7147045135498047,0.6549280285835266,0.16442623734474182,-0.1822930872440338,-3.8181068897247314,-4.482700824737549,-5.300477027893066,-0.20117652416229248,1.7490978240966797,1.735638976097107,1.21950364112854
-1.236578345298767,0.028750983998179436,-0.2590866982936859,-0.4572816491127014,0.5929953455924988,0.097926564514637,0.6554848551750183,-4.443419933319092,-4.996036052703857,-5.854590892791748,-0.5401641130447388,0.058318737894296646,-0.8839513659477234,-1.6642591953277588
-1.2431529760360718,0.02325296588242054,-0.24610407650470734,-0.2621440291404724,0.3988676369190216,0.5106063485145569,0.7151687145233154,-4.2772135734558105,-5.076600551605225,-5.371787071228027,0.7400166392326355,1.7654814720153809,1.7496978044509888,0.8249644637107849
-1.2357673645019531,0.029661091044545174,-0.26745960116386414,-0.25125929713249207,0.4398200213909149,0.4890943765640259,0.7100801467895508,-4.447071552276611,-5.809732437133789,-6.228076457977295,-0.6768279075622559,1.1095926761627197,1.0493214130401611,0.406576007604599
-1.2424591779708862,0.03352382406592369,-0.2357569932937622,-0.3568434715270996,0.6793298721313477,0.5378149747848511,0.34918293356895447,-4.469910621643066,-5.1912150382995605,-5.491540431976318,-0.3513815104961395,1.6066724061965942,0.5114933848381042,-1.4840710163116455
-1.1360318660736084,0.024807434529066086,-0.24251556396484375,0.715603232383728,0.5954915881156921,0.2893541157245636,-0.22265668213367462,-4.5488691329956055,-4.679422378540039,-5.602594375610352,0.5857000350952148,1.7724539041519165,1.744904637336731,1.2522039413452148
-1.2583653926849365,0.025903357192873955,-0.20526713132858276,0.5483706593513489,-0.5124533772468567,-0.5249267220497131,-0.40141385793685913,-5.075608730316162,-5.123641014099121,-5.631208896636963,0.06772436946630478,-0.1210765540599823,-0.9858759045600891,-1.5816007852554321
-1.252159595489502,0.03480633720755577,-0.20647364854812622,0.5837006568908691,0.08865606784820557,-0.7698003053665161,-0.24257199466228485,-4.674182891845703,-4.8022379875183105,-5.311152458190918,0.5050302743911743,1.7532212734222412,1.7459570169448853,1.5410252809524536
-1.2507483959197998,0.025373542681336403,-0.15780606865882874,-0.25933176279067993,0.5146414637565613,0.3074425756931305,0.7572121620178223,-3.516787052154541,-4.317782402038574,-5.244953155517578,0.1492558717727661,1.7476400136947632,1.2117435932159424,-1.0178234577178955
-1.2620593309402466,0.028199244290590286,-0.21997374296188354,-0.4673876166343689,0.514265239238739,0.5322154760360718,0.4835563898086548,-4.06703519821167,-4.687013149261475,-5.924966812133789,-1.8127667903900146,-1.3665697574615479,-1.5255316495895386,-1.5522902011871338
-1.2655879259109497,0.03277751803398132,-0.1693764328956604,0.528867781162262,-0.40193992853164673,-0.6334646344184875,-0.396819531917572,-4.389751434326172,-5.265285491943359,-5.363918781280518,0.21746212244033813,1.113034725189209,0.027778303250670433,-1.2834281921386719
-1.2165381908416748,0.025112222880125046,-0.16658776998519897,0.8630515933036804,-0.1527571827173233,0.32417699694633484,-0.35597261786460876,-5.937699794769287,-10.931236267089844,-6.719942092895508,0.2125614434480667,1.7724539041519165,1.7724539041519165,-0.07645881921052933
-1.14976966381073,0.02980647049844265,-0.15066130459308624,0.5433230996131897,-0.498346209526062,-0.46745625138282776,-0.48778653144836426,-4.339756488800049,-4.614684104919434,-5.35508394241333,0.8159168362617493,1.7724539041519165,1.7724539041519165,1.6982922554016113
-1.10740065574646,0.030644824728369713,-0.3194805383682251,-0.40050551295280457,0.09618944674730301,0.9039722681045532,0.11479153484106064,-3.708244800567627,-4.911280632019043,-7.5270514488220215,-1.648249864578247,1.7724539041519165,1.7724539041519165,1.7663694620132446
-1.1017444133758545,0.026884082704782486,-0.2836826741695404,0.7750530242919922,0.5847702622413635,-0.2155543565750122,0.10427302867174149,-4.355644702911377,-5.213639736175537,-5.402584552764893,0.39893409609794617,1.7708405256271362,1.7724539041519165,1.5417801141738892
-1.0397027730941772,0.02583843469619751,-0.27477577328681946,0.5979829430580139,-0.6693592071533203,-0.302116334438324,-0.3210923373699188,-3.8785996437072754,-4.80505895614624,-5.587209701538086,-0.15148086845874786,1.7688294649124146,1.76902437210083,1.5768643617630005
-1.0266294479370117,0.022646082565188408,-0.28278085589408875,0.5858822464942932,-0.7111626863479614,-0.2377874255180359,-0.3073219954967499,-3.6621508598327637,-4.979312419891357,-5.727542877197266,-0.9211312532424927,1.7349900007247925,1.3861050605773926,0.2839440703392029
-0.9623040556907654,0.020318984985351562,-0.2637028992176056,-0.3327431082725525,0.2992004156112671,0.681878387928009,0.5786216259002686,-3.9941468238830566,-4.618357181549072,-5.057515621185303,0.09690797328948975,1.770732045173645,1.4946703910827637,-0.030780358240008354
-0.9412361979484558,0.022296153008937836,-0.23087100684642792,0.7227541208267212,0.6845768690109253,0.07512281835079193,-0.05777103826403618,-3.9177329540252686,-4.307839870452881,-5.533379077911377,-0.4283083975315094,1.757393479347229,1.7399940490722656,0.8117516040802002
-0.9699746370315552,0.02614438906311989,-0.17316195368766785,0.7311510443687439,0.677158772945404,0.048668235540390015,-0.06712350249290466,-4.291384696960449,-4.562654495239258,-5.296072483062744,0.14354243874549866,1.7641199827194214,1.768186330795288,1.6267609596252441
-1.1129424571990967,0.028165552765130997,-0.1966935396194458,0.5789554715156555,-0.5824398398399353,-0.4212643504142761,-0.3848516047000885,-4.0130181312561035,-4.78121280670166,-5.609917640686035,-0.9681168794631958,1.7724539041519165,1.741558313369751,0.6826303005218506
-1.0726104974746704,0.029884008690714836,-0.17855647206306458,-0.3503144383430481,0.43352752923965454,0.5763905048370361,0.5975848436355591,-4.303403377532959,-4.620232582092285,-5.436501979827881,0.5924904346466064,1.7724539041519165,1.7724539041519165,1.6723790168762207
-1.233201026916504,0.01247465517371893,-0.144574373960495,0.8916048407554626,0.34592610597610474,-0.26428526639938354,0.12461613863706589,-5.355961799621582,-5.774109363555908,-6.0471696853637695,0.6082510352134705,-0.13084407150745392,-1.6840404272079468,-1.77180814743042
-1.2300821542739868,0.0229482464492321,-0.1354512870311737,-0.28170886635780334,0.397597074508667,0.46045970916748047,0.7419794797897339,-3.4788215160369873,-4.733162879943848,-4.856499195098877,-1.21357262134552,1.7716023921966553,1.7724539041519165,1.7587296962738037
-1.2707067728042603,0.022351818159222603,-0.1406300961971283,0.6105535626411438,0.32784563302993774,0.5927284359931946,0.4103834331035614,-4.750266075134277,-4.971158027648926,-5.40086030960083,0.10501588135957718,1.356845736503601,0.032038211822509766,-1.7469046115875244
-1.2637360095977783,0.020357495173811913,-0.14002516865730286,0.638573408126831,0.6917098164558411,-0.2983216345310211,0.15737126767635345,-4.5539631843566895,-5.0572333335876465,-6.023869037628174,3.887632369995117,-0.7513110041618347,-1.2330968379974365,-1.7724539041519165
-1.2384204864501953,0.02564171887934208,-0.1255926936864853,0.8782031536102295,-0.21114738285541534,-0.3726454973220825,-0.21286454796791077,-4.635295391082764,-5.176875114440918,-5.249292850494385,-0.030537081882357597,1.770249366760254,1.747721552848816,1.4337507486343384
-1.2272117137908936,0.023240387439727783,-0.09698482602834702,-0.41326650977134705,0.1367831975221634,0.8292801976203918,0.3504219353199005,-4.086970329284668,-4.558999538421631,-5.0330939292907715,0.44781020283699036,1.7724539041519165,1.77189040184021,1.71023690700531
-1.1726552248001099,0.028427964076399803,-0.11167725175619125,0.7820848226547241,0.6224455237388611,0.0027315469924360514,-0.029957791790366173,-4.3046064376831055,-4.387725353240967,-4.887825012207031,0.7812928557395935,1.7721061706542969,1.7724539041519165,1.6650899648666382
-1.2718418836593628,0.02637396566569805,-0.11085472255945206,0.6477038860321045,0.26290640234947205,-0.6798993349075317,0.2215779423713684,-4.680150032043457,-5.086493015289307,-5.424166202545166,-0.7409820556640625,-0.7009824514389038,-1.4496524333953857,-1.7724539041519165
-1.23566734790802,0.022040514275431633,-0.10491950809955597,-0.3919103741645813,0.5223767161369324,0.359934538602829,0.6663151979446411,-3.9218132495880127,-4.39596700668335,-5.600569248199463,-0.043757010251283646,1.7694578170776367,1.4548254013061523,-1.2305973768234253
-1.206020712852478,0.024406464770436287,-0.08624172955751419,-0.3852197527885437,0.062100816518068314,0.9036684632301331,0.17644403874874115,-3.9641575813293457,-4.816437244415283,-4.970714569091797,0.5178009271621704,1.753938913345337,1.7720736265182495,1.388079047203064
-1.1901315450668335,0.02579752914607525,-0.08427105098962784,0.8820438385009766,0.3347690999507904,0.32272371649742126,-0.07601147890090942,-3.845858573913574,-4.40268611907959,-4.973554611206055,0.6352620720863342,1.761634349822998,1.7363888025283813,1.690572738647461
-1.2058943510055542,0.02697514183819294,-0.13489635288715363,-0.48982566595077515,0.4853670001029968,0.5285760164260864,0.4950728118419647,-3.9797165393829346,-4.558692932128906,-5.420172691345215,-0.2089681476354599,1.7724539041519165,1.7724539041519165,1.5129212141036987
-1.24140202999115,0.014244826510548592,-0.03601837158203125,-0.38653162121772766,0.4377635419368744,0.6536269187927246,0.4813815951347351,-4.125773906707764,-4.639189720153809,-5.424703598022461,-0.017055276781320572,-0.17750400304794312,-1.2291072607040405,-1.762205958366394
-1.1654198169708252,0.02690228447318077,-0.067437544465065,-0.33683785796165466,0.24199865758419037,0.6862248182296753,0.5975553393363953,-3.5727145671844482,-4.848580837249756,-5.221294403076172,1.2013905048370361,1.7724539041519165,1.7723926305770874,1.6413447856903076
-1.2570276260375977,0.033092547208070755,-0.040173351764678955,0.7917574048042297,-0.25549742579460144,-0.5146812796592712,-0.2072305977344513,-3.8793466091156006,-4.61713981628418,-5.333634376525879,-0.9563395380973816,1.7564163208007812,0.717542827129364,-1.1251977682113647
-0.9861777424812317,0.02467084676027298,-0.14193259179592133,0.8421480655670166,0.5332841873168945,0.011749936267733574,-0.07909832149744034,-4.553600788116455,-4.734231948852539,-5.317270278930664,2.9163763523101807,1.7063791751861572,1.6993927955627441,1.3860517740249634
-1.0930566787719727,0.026216529309749603,-0.14525043964385986,0.6410545110702515,0.7550693154335022,0.0674559473991394,0.1198711171746254,-4.228281021118164,-4.739890098571777,-4.976183891296387,-0.06180345639586449,1.7724539041519165,1.75034761428833,0.47469961643218994
-1.092276692390442,0.032181963324546814,-0.12462418526411057,-0.4645332098007202,0.460833877325058,0.520476758480072,0.5485845804214478,-4.083758354187012,-4.664450168609619,-4.946154594421387,0.9303401708602905,1.7708196640014648,1.7719537019729614,1.604945421218872
-1.0222382545471191,0.023210162296891212,-0.12771277129650116,-0.40841805934906006,0.418866902589798,0.7880576252937317,0.19159957766532898,-3.6883718967437744,-4.109131813049316,-5.170271396636963,-0.46466246247291565,1.7573180198669434,1.7690047025680542,1.7504862546920776
-0.9904735088348389,0.02707899920642376,-0.09950245916843414,0.5832470059394836,-0.7039889693260193,-0.2791775166988373,-0.29373854398727417,-4.102321147918701,-4.425286769866943,-5.261336326599121,0.7999206781387329,1.765531063079834,1.7550562620162964,1.5512244701385498
-1.066795825958252,0.02886459231376648,-0.10349896550178528,-0.31548261642456055,0.5842748284339905,0.3664606511592865,0.6517670154571533,-4.315995216369629,-4.918423652648926,-5.164776802062988,0.8804963827133179,1.762650966644287,1.7624247074127197,1.375325322151184
-1.1285462379455566,0.025293532758951187,-0.030024241656064987,-0.3933264911174774,0.33936944603919983,0.6686254143714905,0.5320363640785217,-3.3568146228790283,-4.849882125854492,-5.111417770385742,0.18617846071720123,1.7653475999832153,1.7724539041519165,1.7128989696502686
-1.1124458312988281,0.013106964528560638,0.006810628343373537,-0.3124311566352844,0.6018421649932861,0.5415825843811035,0.4968511760234833,-4.960738182067871,-5.183976650238037,-5.4116106033325195,0.3335981070995331,1.3996129035949707,-0.42552614212036133,-1.7616537809371948
-1.09898042678833,0.02701864205300808,0.00246661645360291,0.7339864373207092,0.6771178245544434,-0.020384356379508972,-0.04857812076807022,-3.972658157348633,-4.083750247955322,-5.047344207763672,0.8210923671722412,1.7660220861434937,1.7643442153930664,1.6534390449523926
-1.0481007099151611,0.014822490513324738,-0.046007174998521805,0.860188901424408,0.48684900999069214,-0.015111170709133148,-0.15107856690883636,-4.6724162101745605,-5.452552795410156,-6.632665634155273,-1.653709888458252,0.9599854946136475,-0.5905304551124573,-1.757008671760559
-1.0334051847457886,0.024666642770171165,-0.020842295140028,0.7899072766304016,0.5948240160942078,0.09152887761592865,-0.11770041286945343,-4.351537704467773,-4.751134395599365,-5.327451229095459,-0.2663921117782593,1.756840705871582,1.7509551048278809,1.7614988088607788
-1.1187106370925903,0.028437331318855286,-0.0764390155673027,0.5502959489822388,-0.4781583249568939,-0.4990052580833435,-0.46854323148727417,-4.139404296875,-4.671456336975098,-5.254885196685791,2.2440338134765625,1.7724539041519165,1.7724539041519165,1.4694019556045532
-1.0716594457626343,0.01706218719482422,0.00695680920034647,0.5054001212120056,-0.10189274698495865,-0.7208070158958435,-0.46327725052833557,-3.763878107070923,-4.134610652923584,-4.95643949508667,-0.6863796710968018,1.7724539041519165,1.725347876548767,0.5245251655578613
-1.0032174587249756,0.025030067190527916,-0.0572831816971302,0.698973536491394,-0.5337573885917664,-0.3965107500553131,-0.26328352093696594,-3.8662736415863037,-4.849924087524414,-5.353603363037109,0.6121844053268433,1.7724539041519165,1.7724539041519165,1.7339279651641846
-1.0327427387237549,0.02372398041188717,-0.01010209321975708,-0.35798028111457825,0.4279607832431793,0.5746837854385376,0.5986971259117126,-4.3495588302612305,-4.442195415496826,-5.534179210662842,0.11353270709514618,1.7723122835159302,1.5186630487442017,0.21898017823696136
-1.262182593345642,0.03324428200721741,-0.1448691189289093,0.5111136436462402,-0.03143502026796341,-0.7347109317779541,0.444943368434906,-4.410567760467529,-5.343914985656738,-5.601620674133301,0.45383691787719727,1.5739959478378296,0.5234427452087402,-1.449763298034668
-1.2644448280334473,0.03322106972336769,-0.1331208199262619,0.6621455550193787,0.6436511874198914,0.03541918098926544,-0.38212814927101135,-4.6874566078186035,-4.906487941741943,-5.770166873931885,-0.056682635098695755,1.7403135299682617,1.7186987400054932,1.3938416242599487
-1.2684975862503052,0.03281884640455246,-0.09348521381616592,0.7016513347625732,-0.38412100076675415,-0.4863302409648895,-0.3515954315662384,-4.440729141235352,-4.88090705871582,-5.165878772735596,-0.14022666215896606,1.7305246591567993,0.6094781160354614,-1.5427134037017822
-1.2561551332473755,0.03642084822058678,-0.10741870105266571,0.9414345026016235,0.3203635513782501,-0.021308792755007744,-0.10302535444498062,-4.201702117919922,-4.763260364532471,-4.92400598526001,0.3259032964706421,1.7602566480636597,1.7602455615997314,1.606765866279602
-1.2585043907165527,0.032044000923633575,-0.11819697916507721,-0.2869412899017334,0.695918619632721,0.33224448561668396,0.5683093667030334,-3.965250253677368,-4.5922932624816895,-5.518932819366455,-0.8121225237846375,1.7622828483581543,1.1738734245300293,-1.457018494606018
-1.2620779275894165,0.0351545512676239,-0.08684970438480377,-0.2180936336517334,0.4952092170715332,0.5587835311889648,0.6284615993499756,-4.409127235412598,-4.683498859405518,-5.390705108642578,0.9697641134262085,1.768931269645691,1.4447834491729736,0.15495510399341583
-1.2522623538970947,0.03351198509335518,-0.07065028697252274,-0.05830877646803856,0.4621613025665283,0.5034515857696533,0.7276973724365234,-4.286714553833008,-5.04500675201416,-5.1184468269348145,0.49374011158943176,1.7717841863632202,1.7219398021697998,0.9900943636894226
-1.2470306158065796,0.028729725629091263,-0.09518969804048538,0.9496592283248901,0.1513124406337738,0.26069924235343933,-0.08536852151155472,-4.326192855834961,-5.023256778717041,-5.378056526184082,0.14207957684993744,1.675670862197876,1.7224477529525757,1.70681893825531
-1.200169563293457,0.02493387646973133,-0.12487828731536865,0.929129958152771,-0.3035660684108734,-0.2104720175266266,0.01633097231388092,-4.652219772338867,-6.361171722412109,-6.423995494842529,-0.711800754070282,1.7724539041519165,1.732410192489624,0.6001651287078857
-1.2735545635223389,0.03105732798576355,-0.1601940393447876,0.5414284467697144,-0.41954365372657776,-0.5564757585525513,-0.4702904224395752,-4.351847171783447,-5.321222305297852,-6.082048416137695,-1.1332573890686035,-0.9683054685592651,-0.931294858455658,-0.816697895526886
-1.278892159461975,0.026182858273386955,-0.07876612991094589,0.6144182085990906,-0.4285985827445984,-0.5492534041404724,-0.37028929591178894,-3.990844964981079,-4.827060222625732,-5.211381912231445,-1.691603183746338,1.5892935991287231,-0.07473161071538925,-1.6318986415863037
-1.2820799350738525,0.030678903684020042,-0.07636850327253342,0.57159823179245,-0.5658247470855713,-0.43104857206344604,-0.40904152393341064,-3.6859683990478516,-4.738423824310303,-6.057209014892578,0.039645005017519,-0.9575552940368652,-1.43827486038208,-1.7724539041519165
-1.1370769739151,0.03123174048960209,-0.11858320236206055,0.6762922406196594,0.6576160192489624,0.31073474884033203,-0.1166783794760704,-4.318528175354004,-4.538542747497559,-5.288851737976074,0.6215192675590515,1.7724539041519165,1.770374059677124,1.5989631414413452
-1.2421433925628662,0.032599251717329025,-0.012948615476489067,-0.48004794120788574,0.7494051456451416,0.2910529375076294,0.3510470688343048,-4.061746120452881,-4.767933368682861,-5.292640686035156,-0.3570392429828644,0.8171045780181885,-0.4671610891819,-1.7589439153671265
-1.2016417980194092,0.027867885306477547,-0.016251085326075554,0.8421844244003296,0.43014633655548096,0.24825230240821838,-0.20992930233478546,-4.005922317504883,-5.397458553314209,-5.491720676422119,-0.29665854573249817,1.7719314098358154,1.694540023803711,0.5028992891311646
-1.2391613721847534,0.030776044353842735,-0.0428067110478878,-0.23155058920383453,0.5510051846504211,0.5027409791946411,0.6245231032371521,-4.385983943939209,-4.645831108093262,-5.421928882598877,1.2309819459915161,1.7646353244781494,1.603371024131775,0.3103575110435486
-1.2574772834777832,0.039229996502399445,-0.05483899265527725,0.8271585702896118,-0.23499448597431183,-0.5048806071281433,-0.07537811994552612,-3.98565936088562,-4.921882152557373,-5.446195602416992,0.3321804702281952,1.7538011074066162,1.7600934505462646,1.605364441871643
-1.230407476425171,0.03866405785083771,-0.004257280845195055,0.4070954918861389,0.7014654278755188,0.4708496630191803,0.34716010093688965,-4.9205498695373535,-5.130030632019043,-5.45321798324585,-1.1363401412963867,1.7724539041519165,1.7724539041519165,1.3097288608551025
-1.2680363655090332,0.03361744433641434,-0.01050732284784317,0.5699074864387512,-0.6505693793296814,-0.33810722827911377,-0.3710101246833801,-3.1327340602874756,-4.170958042144775,-6.628942012786865,-1.2984446287155151,-1.0656310319900513,-1.243927240371704,-1.7683837413787842
-1.2198729515075684,0.03308723121881485,-0.005796528421342373,-0.4988328814506531,0.6709267497062683,0.36857593059539795,0.40641701221466064,-4.22266149520874,-4.312341213226318,-5.7094573974609375,0.3095107972621918,1.7710307836532593,1.3289235830307007,-0.47117018699645996
-1.0055073499679565,0.021852117031812668,-0.11828401684761047,-0.4562019407749176,0.11996038258075714,0.8773871064186096,0.08764203637838364,-4.641007423400879,-5.985537528991699,-7.21023416519165,-2.0035722255706787,0.5949782729148865,0.28280141949653625,0.6927610039710999
-1.091908574104309,0.027853582054376602,-0.04855284094810486,0.5324698090553284,-0.49853965640068054,-0.4865506589412689,-0.4808352291584015,-4.466484546661377,-5.080422401428223,-5.471928119659424,4.60683012008667,1.7680037021636963,1.769890308380127,1.6054494380950928
-1.0080453157424927,0.0281288530677557,0.03496364876627922,0.7722660899162292,0.5472328066825867,0.22669102251529694,-0.22967925667762756,-3.851571798324585,-4.059722423553467,-4.996862888336182,0.2542416751384735,1.7724539041519165,1.7499810457229614,1.579756736755371
-0.8702335953712463,0.023513123393058777,-0.268998384475708,-0.3395812511444092,0.7831754684448242,0.5159410834312439,-0.07159305363893509,-4.6028852462768555,-5.053771018981934,-5.767836570739746,0.2276075780391693,1.501610517501831,1.4389094114303589,1.7589730024337769
-0.8937361240386963,0.025955256074666977,-0.29432785511016846,0.7942050695419312,0.4799048900604248,-0.172692209482193,0.33031344413757324,-4.570850372314453,-5.028768539428711,-5.584323883056641,2.5623068809509277,1.7378695011138916,1.759820580482483,1.7566885948181152
-0.9272802472114563,0.022999808192253113,-0.2697824239730835,0.5328290462493896,-0.4627787172794342,-0.49856558442115784,-0.5033501982688904,-4.246451377868652,-4.639730930328369,-5.5494890213012695,-0.5500743985176086,1.7687660455703735,1.7537894248962402,1.0980250835418701
-0.8421304821968079,0.025849655270576477,-0.23439376056194305,0.7600219249725342,0.2968738079071045,-0.57752525806427,0.026404712349176407,-4.074840545654297,-4.8398356437683105,-5.230623245239258,0.7622852921485901,0.023894209414720535,-0.7297767400741577,-1.4415194988250732
-0.8818616271018982,0.02583688125014305,-0.27170103788375854,0.7722336649894714,0.6031265258789062,0.1723213791847229,-0.10098980367183685,-4.398142337799072,-4.859366416931152,-5.270351409912109,1.3016318082809448,1.7492502927780151,1.7303597927093506,1.6546988487243652
-0.9266585111618042,0.02018025331199169,-0.21523621678352356,0.695891261100769,-0.5995997786521912,-0.3155903220176697,-0.23794567584991455,-3.773963212966919,-4.584872245788574,-5.604557037353516,-0.0526745431125164,1.7239676713943481,0.950793981552124,-1.1144450902938843
-0.9299644827842712,0.02331342175602913,-0.2134215533733368,-0.473010778427124,0.4395771920681,0.5517468452453613,0.5278334021568298,-3.8205032348632812,-4.350311756134033,-5.2234625816345215,-0.9863227009773254,1.6370036602020264,1.6394648551940918,1.638981580734253
-0.9303662776947021,0.02289828471839428,-0.1669025868177414,0.7525991797447205,0.6542917490005493,0.039009761065244675,-0.0630473643541336,-4.286822319030762,-4.451179504394531,-5.404715538024902,-1.3780035972595215,1.6872607469558716,1.545314073562622,0.45604032278060913
-0.8833144307136536,0.019594039767980576,-0.18898220360279083,0.6629647016525269,0.7133277654647827,-0.17020462453365326,0.15057101845741272,-4.456283092498779,-4.713991641998291,-5.946011066436768,0.6751184463500977,1.5848443508148193,0.43015995621681213,-1.7335618734359741
-0.8860034346580505,0.02318175695836544,-0.22634921967983246,0.5188186764717102,-0.5121721029281616,-0.5050826668739319,-0.4619506597518921,-4.563388347625732,-5.254339218139648,-5.863858222961426,0.648769199848175,1.7724539041519165,1.404137372970581,-0.8354126811027527
-0.8433431386947632,0.02061992511153221,-0.20321522653102875,0.9006476402282715,0.09530668705701828,-0.3952333331108093,0.15343093872070312,-4.32047176361084,-4.801688194274902,-5.336599826812744,-0.11445488035678864,1.7688865661621094,0.9852419495582581,-1.6835676431655884
-0.8291431069374084,0.021104440093040466,-0.20673175156116486,0.7302011251449585,-0.0912758931517601,-0.5510669946670532,-0.39344653487205505,-4.928786754608154,-5.254697322845459,-5.943722724914551,0.18263669312000275,-0.36748307943344116,-0.8935814499855042,-1.484230399131775
-0.8393881320953369,0.018639905378222466,-0.18001419305801392,0.6179819107055664,0.7476943135261536,0.04071517288684845,0.2395702302455902,-4.375000953674316,-4.663496494293213,-5.336864471435547,16.11809539794922,1.7371399402618408,0.9158016443252563,-1.6401445865631104
-0.8244720101356506,0.020566780120134354,-0.17848262190818787,0.6862895488739014,-0.4431576132774353,-0.4847663640975952,-0.31244131922721863,-4.601883888244629,-4.807779788970947,-5.475717544555664,1.407440185546875,-0.6456210017204285,-1.197816252708435,-1.3403476476669312
-0.8911212682723999,0.02149169333279133,-0.219334676861763,0.7207892537117004,0.6264261603355408,0.23301735520362854,-0.18372803926467896,-4.284119606018066,-4.768633842468262,-5.596738338470459,-0.7198110818862915,1.7723506689071655,1.730270504951477,0.6528626680374146
-0.8868505358695984,0.02215520478785038,-0.16881030797958374,0.6080455780029297,-0.5162788033485413,-0.47350963950157166,-0.3735309839248657,-4.227593898773193,-4.9383769035339355,-5.821345806121826,0.5015795826911926,1.7724539041519165,1.6733742952346802,0.3939126431941986
-0.8314728140830994,0.02228241041302681,-0.19232362508773804,0.535953164100647,0.6778938174247742,0.5027852058410645,-0.020523061975836754,-4.701944828033447,-5.366802215576172,-5.537491798400879,-0.9608162045478821,1.5661500692367554,-0.08154084533452988,-1.6102547645568848
-0.8829345703125,0.02008400857448578,-0.16780135035514832,-0.1664947271347046,0.3761371970176697,0.5438188314437866,0.7314789295196533,-4.800092697143555,-5.405087947845459,-6.418653964996338,0.015964215621352196,1.0250262022018433,-0.08816000074148178,-1.5603891611099243
-0.9079146981239319,0.033582258969545364,-0.3058677315711975,0.9808980822563171,0.05228950455784798,0.1457771360874176,0.1177019253373146,-4.574422359466553,-4.822412014007568,-5.147960186004639,-0.37808337807655334,1.6994264125823975,1.6828278303146362,1.6396615505218506
-0.864637017250061,0.03810875490307808,-0.2676340639591217,0.8507134318351746,0.16695667803287506,-0.4550333619117737,0.2033635824918747,-4.129123687744141,-4.981039524078369,-5.514804840087891,2.30769681930542,1.59830641746521,0.9246773719787598,-1.2724573612213135
-0.9210938215255737,0.04099506512284279,-0.3210894465446472,0.9214522838592529,0.19498519599437714,-0.31748971343040466,0.11003081500530243,-4.150747776031494,-5.211979866027832,-6.052524566650391,16.11809539794922,1.6738322973251343,0.9236962199211121,-1.575584888458252
-0.9336987733840942,0.044631678611040115,-0.3049721121788025,0.712979257106781,-0.5503299832344055,-0.33632174134254456,-0.27510935068130493,-3.9571421146392822,-4.841246128082275,-4.990187168121338,-1.4683996438980103,1.7373476028442383,1.3443108797073364,-1.6384596824645996
-0.8798162341117859,0.03172184154391289,-0.298574298620224,0.8575398325920105,0.06484546512365341,-0.4948767423629761,0.12456932663917542,-4.246144771575928,-5.107311248779297,-5.391258716583252,0.2521798014640808,-0.01323810312896967,-0.6072920560836792,-1.5933444499969482
-0.8516427874565125,0.026175828650593758,-0.20868325233459473,-0.3722594976425171,0.2631586194038391,0.6790735125541687,0.5753517150878906,-4.14098596572876,-4.80448579788208,-5.5142011642456055,0.18860945105552673,1.7081612348556519,1.6849313974380493,1.6478830575942993
-0.843445360660553,0.02866281569004059,-0.22703726589679718,0.7302569150924683,-0.5106884241104126,-0.35829100012779236,-0.2784775197505951,-4.482848644256592,-5.379982948303223,-5.455904483795166,-0.030749661847949028,1.7316762208938599,1.6472283601760864,1.6593718528747559
-0.8390823006629944,0.025915473699569702,-0.19362011551856995,0.8838802576065063,0.43769919872283936,0.15449748933315277,0.0574951171875,-4.871640682220459,-5.091463565826416,-5.622383117675781,16.11809539794922,1.7671513557434082,1.707642674446106,1.3155207633972168
-0.8193657994270325,0.02551957033574581,-0.16013503074645996,0.5606717467308044,0.46395543217658997,0.6818265318870544,0.0741962417960167,-4.538650035858154,-5.507676124572754,-5.619060516357422,-0.6151111125946045,0.23057742416858673,-0.8419459462165833,-1.4150444269180298
-0.8216715455055237,0.036467455327510834,-0.16379541158676147,0.7905880212783813,0.15310963988304138,-0.5928241014480591,0.009362418204545975,-4.338862895965576,-4.8271307945251465,-5.079783916473389,1.2130683660507202,1.757952332496643,1.1998932361602783,-1.2964974641799927
-0.9423101544380188,0.02570684440433979,-0.15436963737010956,0.8496958613395691,0.5239726305007935,0.03677870333194733,-0.04601065814495087,-3.9140217304229736,-4.7860565185546875,-5.541370868682861,0.43054959177970886,1.6155664920806885,1.7039673328399658,1.5350373983383179
-0.8288462162017822,0.03597840666770935,-0.20456092059612274,0.8398065567016602,-0.02390429750084877,-0.5348907113075256,0.08969664573669434,-4.425662040710449,-4.963003158569336,-5.692729473114014,3.974669933319092,1.729283332824707,1.2665166854858398,-1.179111123085022
-0.823772132396698,0.04259927198290825,-0.18309089541435242,0.7323029041290283,0.17831440269947052,-0.6406581997871399,0.14660674333572388,-4.5773749351501465,-4.9763007164001465,-5.405668258666992,1.8180540800094604,1.7594075202941895,1.5528926849365234,1.0193507671356201
-0.6458340883255005,0.07193044573068619,-0.17943701148033142,0.025765027850866318,0.7158862352371216,0.6759475469589233,0.173025980591774,-3.3436219692230225,-5.621448516845703,-5.721253871917725,-0.09459815919399261,1.7551732063293457,1.763060450553894,1.548352599143982
-0.9148207306861877,0.021999329328536987,-0.06840956956148148,0.6214863657951355,-0.6399654150009155,-0.34581276774406433,-0.2908822298049927,-4.082607746124268,-4.606209754943848,-5.348062515258789,-0.028775611892342567,1.7650078535079956,1.6149144172668457,0.49532151222229004
-0.9453222751617432,0.025028051808476448,-0.07598454505205154,-0.4643975794315338,0.4444870352745056,0.5560269951820374,0.526877760887146,-4.00968599319458,-4.680587291717529,-5.198245048522949,0.3846776783466339,1.7568670511245728,1.744088888168335,1.5456621646881104
-0.8627620935440063,0.0246872678399086,-0.09319891035556793,0.7730506062507629,0.5840186476707458,-0.19112181663513184,0.15744024515151978,-3.9736390113830566,-4.826550483703613,-5.625452518463135,0.48948076367378235,1.7584567070007324,1.7237571477890015,0.7351948618888855
-0.8653423190116882,0.016611307859420776,-0.08899688720703125,-0.27562084794044495,0.3667389154434204,0.5984387993812561,0.6568155884742737,-3.849168539047241,-4.932163238525391,-5.53466796875,0.8014059066772461,1.5612636804580688,0.4490463137626648,-1.7627586126327515
-0.9747351408004761,0.01642036810517311,-0.09085488319396973,0.4361528754234314,-0.3573550283908844,-0.13755059242248535,0.8143389225006104,-5.77341365814209,-7.233408451080322,-5.949941635131836,-1.2679531574249268,0.6860575079917908,1.7724539041519165,1.3554059267044067
-0.9160346388816833,0.025644177570939064,-0.08263032883405685,-0.48460376262664795,0.4318613111972809,0.5931478142738342,0.4762674570083618,-3.9262044429779053,-4.707713603973389,-5.257699489593506,-0.4326929450035095,1.768297791481018,1.7724539041519165,1.6480708122253418
-0.8227062225341797,0.030739644542336464,-0.1255921721458435,0.7102344036102295,-0.303744912147522,-0.6338826417922974,-0.03871586173772812,-4.004134178161621,-4.833254337310791,-5.3334197998046875,16.11809539794922,1.7506120204925537,1.376603126525879,-1.5320558547973633
-0.8596866130828857,0.024979855865240097,-0.11066412925720215,0.7782139182090759,0.6093795895576477,-0.01705440878868103,-0.15082703530788422,-4.647839069366455,-4.931146144866943,-5.806209087371826,-0.41621726751327515,1.7724539041519165,1.7724539041519165,1.556645154953003
-0.828568696975708,0.028314771130681038,-0.09088364243507385,0.5770555734634399,-0.26795732975006104,-0.6914219856262207,-0.34225913882255554,-4.219498157501221,-4.63365364074707,-5.405770778656006,16.11809539794922,1.7513056993484497,1.4694743156433105,-1.656166434288025
-0.8286387920379639,0.027849676087498665,-0.08082542568445206,-0.3505662679672241,0.2218591719865799,0.8100160956382751,0.41443419456481934,-4.516803741455078,-4.9775543212890625,-5.364044189453125,0.990385890007019,1.6778788566589355,0.8479403257369995,-1.7247258424758911
-0.9376872181892395,0.02529805153608322,-0.027322152629494667,-0.36833930015563965,0.2649441659450531,0.7066901326179504,0.5428809523582458,-4.042564868927002,-4.662206172943115,-5.2686767578125,-0.46980294585227966,1.7665284872055054,1.7636343240737915,1.5499449968338013
-0.8493500351905823,-0.0010524617973715067,0.024559855461120605,-0.20146656036376953,0.36483728885650635,0.38881415128707886,0.8216620683670044,-2.6563944816589355,-3.930763006210327,-5.142364025115967,-2.086021661758423,-1.5086491107940674,-1.750525951385498,-1.7607005834579468
-0.8946505784988403,0.02961593121290207,-0.00844963826239109,0.5745916962623596,-0.542777419090271,-0.4436057507991791,-0.42243465781211853,-4.047936916351318,-4.669723987579346,-5.140331268310547,0.11023571342229843,1.7714650630950928,1.7375388145446777,1.4934989213943481
-0.8461866974830627,0.030037274584174156,-0.0419948548078537,-0.4736165702342987,0.2428465634584427,0.7536622285842896,0.38562431931495667,-3.908097743988037,-4.787794589996338,-5.260428428649902,-0.1461295783519745,1.7369338274002075,1.641542911529541,-1.689379096031189
-0.8418462872505188,0.029772495850920677,-0.05853666365146637,-0.2939055860042572,0.4209892749786377,0.8173638582229614,0.26135003566741943,-4.158557415008545,-4.927834987640381,-5.196557998657227,-1.1794198751449585,1.4098727703094482,0.2539437711238861,-1.7663902044296265
-0.8801952004432678,0.02260170504450798,0.009365027770400047,0.7428181171417236,0.5983918905258179,0.25220873951911926,-0.16290830075740814,-4.0223188400268555,-4.256687641143799,-5.243438243865967,-0.27303916215896606,-0.5679469108581543,-1.3280234336853027,-1.743392825126648
-0.8889254331588745,0.025470690801739693,0.0023441151715815067,-0.31157949566841125,0.6431661248207092,0.43002545833587646,0.5516644716262817,-4.037850379943848,-4.920413017272949,-5.203267574310303,-1.0474392175674438,1.044129729270935,-0.534891664981842,-1.7724539041519165
-0.8572619557380676,0.028311721980571747,-0.009721644222736359,-0.4522434175014496,-0.15729092061519623,0.8772760629653931,0.0334988608956337,-4.127875328063965,-4.656063556671143,-5.81504487991333,-0.5102521181106567,0.7172274589538574,-0.7802627682685852,-1.743056058883667
-0.8734387159347534,0.03798505663871765,0.0077249761670827866,-0.3975955545902252,0.12263140827417374,0.8969897627830505,-0.14929383993148804,-4.617492198944092,-4.765265941619873,-5.236500263214111,-0.4038965702056885,1.4814989566802979,0.08427825570106506,-1.7724539041519165
-0.8434298634529114,0.023713720962405205,-0.15948478877544403,0.24676160514354706,-0.3089704215526581,0.10575497150421143,0.9123935103416443,-9.649474143981934,-5.553040981292725,-4.8009209632873535,-1.54044508934021,0.968014657497406,1.0634722709655762,1.7724539041519165
-0.8571359515190125,0.02376364916563034,-0.08741269260644913,-0.6614869832992554,-0.1527571827173233,0.12925608456134796,0.7227676510810852,-5.862191677093506,-9.060436248779297,-5.0932297706604,-0.8754687309265137,1.4480831623077393,0.8132435083389282,1.0078659057617188
-0.8207434415817261,0.033023133873939514,-0.09929714351892471,0.7033523321151733,-0.1052316427230835,-0.6979263424873352,-0.08438408374786377,-4.3102240562438965,-4.925129413604736,-5.474397659301758,-0.4039546549320221,1.6895869970321655,1.7587380409240723,1.7282565832138062
-0.8270957469940186,0.03515512868762016,-0.14361320436000824,0.6275184750556946,-0.5139081478118896,-0.5844208598136902,0.023900972679257393,-4.3596625328063965,-4.737727642059326,-5.232529640197754,-0.20872366428375244,1.7615042924880981,1.7376844882965088,1.7284475564956665
-0.8177367448806763,0.038151636719703674,-0.129322811961174,0.6800795793533325,0.24182423949241638,-0.666294515132904,0.1872549206018448,-4.415449619293213,-5.145872116088867,-5.879232406616211,0.3448835015296936,1.2838037014007568,-0.32732242345809937,-1.653457522392273
-0.8858956694602966,0.02808152697980404,-0.04172981530427933,-0.3679504990577698,0.22589147090911865,0.6579505205154419,0.6169980764389038,-3.7851953506469727,-4.070582389831543,-5.319424629211426,-0.6448842883110046,1.7724539041519165,1.7569535970687866,1.6973955631256104
-0.87223881483078,0.022845281288027763,-0.04545636475086212,0.5769762992858887,0.7804847955703735,0.15572194755077362,-0.1835552304983139,-4.2419514656066895,-4.871889114379883,-6.080105781555176,-0.26397061347961426,1.567735195159912,0.12018243223428726,-1.7422406673431396
-0.9396154880523682,0.03565124049782753,0.025810210034251213,-0.3596660792827606,0.3599816560745239,0.7082669734954834,0.48929688334465027,-3.5955159664154053,-4.361702919006348,-5.190996170043945,-0.8531969785690308,1.7692216634750366,1.675036907196045,1.3638767004013062
-0.924307107925415,0.026774495840072632,0.03444685786962509,0.6714255213737488,0.7381527423858643,0.048364609479904175,-0.0444880910217762,-4.012181282043457,-4.277604103088379,-4.927452087402344,1.3630921840667725,1.5071995258331299,0.2179090678691864,-1.7258440256118774
-0.6454647779464722,0.0687127560377121,-0.17698107659816742,0.23169894516468048,0.6691773533821106,0.6168436408042908,0.34354209899902344,-3.23824143409729,-5.484718322753906,-5.681751251220703,0.9768766760826111,1.4767593145370483,0.9427039623260498,-0.04120123013854027
-1.2073092460632324,0.04194871708750725,-0.5910885334014893,0.712778627872467,-0.24267800152301788,-0.6238836646080017,-0.20933985710144043,-3.684575080871582,-4.694251537322998,-5.479910373687744,-0.8704816102981567,1.5748746395111084,1.6617506742477417,1.374210000038147
-1.215498685836792,0.033879540860652924,-0.5933318734169006,-0.4751753807067871,0.5140537619590759,0.49772366881370544,0.5120822787284851,-3.7226943969726562,-5.8857855796813965,-6.099404335021973,-1.683139681816101,1.4927480220794678,0.047904979437589645,-1.6925363540649414
-1.2094361782073975,0.04177413880825043,-0.605402410030365,-0.31807947158813477,0.5867830514907837,0.37334686517715454,0.6443005800247192,-3.88252592086792,-5.771653175354004,-5.924970626831055,-0.5243508815765381,1.7502003908157349,-0.11561866849660873,-0.4429174065589905
-1.199453353881836,0.039797693490982056,-0.5396111607551575,-0.4596846401691437,0.6660511493682861,0.22813385725021362,0.5413139462471008,-4.059025764465332,-5.166742324829102,-5.809262752532959,-0.12985463440418243,1.7724539041519165,1.5025182962417603,-1.4069749116897583
-1.209107756614685,0.04071149230003357,-0.5521266460418701,0.7835288047790527,0.012020876631140709,-0.6199713945388794,0.039668116718530655,-4.16819429397583,-5.765782356262207,-6.466318130493164,2.1359333992004395,1.7724539041519165,1.0223464965820312,0.5009857416152954
-1.1914559602737427,0.03998392075300217,-0.5055497288703918,0.8272531628608704,-0.0018364073475822806,-0.5430781245231628,-0.1439269483089447,-4.460230827331543,-5.38084602355957,-6.019491672515869,-0.7646443843841553,1.772072672843933,0.15188299119472504,-1.5929138660430908
-1.2086797952651978,0.043400730937719345,-0.5816823840141296,-0.36426714062690735,-0.5978957414627075,-0.36426714062690735,0.614116907119751,-4.569605827331543,-5.669451713562012,-11.482538223266602,-1.3379757404327393,1.7724539041519165,1.7724539041519165,-1.346083641052246
-1.1759239435195923,0.046361345797777176,-0.31898170709609985,0.8830152153968811,0.39249029755592346,0.25135064125061035,-0.05530267208814621,-4.051143169403076,-4.794473171234131,-6.355703830718994,1.521676778793335,1.7724539041519165,1.7076078653335571,-1.1076550483703613
-1.096604824066162,0.04366978257894516,-0.358308345079422,0.9403716921806335,0.21798217296600342,0.24877725541591644,-0.07933953404426575,-4.10860013961792,-4.714609622955322,-5.508248329162598,-0.8677405714988708,1.7198911905288696,1.4261138439178467,-0.9525222778320312
-1.0663554668426514,0.04039281606674194,-0.3851703107357025,0.6993585228919983,0.7012231349945068,-0.10195235162973404,0.0937521755695343,-3.951462984085083,-5.401584625244141,-5.8563737869262695,0.7086851000785828,1.761338233947754,-0.06597276777029037,-1.2034929990768433
-1.0270401239395142,0.03910725936293602,-0.3688006103038788,0.8619239330291748,0.5051592588424683,-0.030630165711045265,0.03103300929069519,-3.7149605751037598,-4.904240131378174,-5.71373176574707,2.523604393005371,1.7642792463302612,1.293105959892273,-1.7181706428527832
-1.0597453117370605,0.04405681788921356,-0.3694656789302826,0.8315052390098572,0.5216425657272339,-0.10275531560182571,0.1610262244939804,-3.956028699874878,-4.674953460693359,-6.194737434387207,-1.1121442317962646,1.7724539041519165,1.6227235794067383,0.059596702456474304
-1.02961266040802,0.03988528996706009,-0.369735985994339,0.7194321751594543,0.6884287595748901,0.045600391924381256,-0.08002348244190216,-4.186408519744873,-4.844272613525391,-6.0079264640808105,0.47784775495529175,1.3047075271606445,-0.6926126480102539,-1.6563317775726318
-0.984923779964447,0.04018046706914902,-0.3720362186431885,0.8175397515296936,0.565717875957489,-0.08062014728784561,0.07136132568120956,-4.474081039428711,-5.078036308288574,-6.10375452041626,-0.40840786695480347,1.7521083354949951,-0.07494103908538818,-1.160793423652649
-1.1372120380401611,0.046159446239471436,-0.34237751364707947,0.9040864706039429,0.36819541454315186,0.2019965797662735,-0.07910250127315521,-4.404148101806641,-5.0525803565979,-6.439454078674316,16.11809539794922,1.7724539041519165,1.3211297988891602,-0.9066029191017151
-1.182824969291687,0.049029700458049774,-0.3160666823387146,0.7893592715263367,0.49007439613342285,0.29691967368125916,-0.2204035073518753,-4.052931785583496,-5.301860809326172,-6.570953845977783,-1.5758042335510254,1.7724539041519165,1.7587255239486694,1.4988795518875122
-1.0232130289077759,0.04319857433438301,-0.3684215247631073,0.8445229530334473,0.5019237399101257,-0.1397888958454132,0.12374402582645416,-3.755817413330078,-5.279197692871094,-6.546860694885254,-0.140323206782341,1.7314101457595825,1.373457670211792,-0.3673557937145233
-0.7575260400772095,0.03640076518058777,-0.5396650433540344,0.6005909442901611,-0.03382836654782295,-0.7984777688980103,-0.02407068759202957,-4.189549446105957,-5.487646102905273,-5.802239418029785,16.11809539794922,1.6966623067855835,1.0750428438186646,-1.115016222000122
-0.8499734401702881,0.03526509925723076,-0.4091271460056305,0.9529788494110107,0.02450256235897541,0.2931637465953827,-0.07270433008670807,-4.539691925048828,-5.4545769691467285,-6.539886474609375,-0.038708679378032684,1.6239923238754272,0.0313253179192543,-1.6830346584320068
-0.9428594708442688,0.04715481400489807,-0.3320564329624176,0.8245765566825867,0.5141711235046387,-0.20121872425079346,0.12333936989307404,-4.313155174255371,-4.883938789367676,-6.66286563873291,-2.0263373851776123,1.7724539041519165,1.56541907787323,0.525878369808197
-1.2342199087142944,0.04477106034755707,-0.25518932938575745,-0.4788568615913391,0.19442816078662872,0.7757920622825623,0.36199507117271423,-4.087343692779541,-4.888908863067627,-6.1768317222595215,0.4806404411792755,1.7714842557907104,1.3706382513046265,-0.9952306747436523
-1.2251375913619995,0.04845123738050461,-0.27121999859809875,-0.47383853793144226,0.22501254081726074,0.7820406556129456,0.33653950691223145,-4.133730888366699,-5.058720111846924,-5.830739974975586,-0.4921748638153076,1.7724539041519165,1.7352644205093384,1.3330012559890747
-1.2430522441864014,0.04364948719739914,-0.230045348405838,0.6479603052139282,-0.16035963594913483,-0.717545747756958,-0.1988978087902069,-4.231776237487793,-5.151300430297852,-5.4690656661987305,-0.11930439621210098,1.717106580734253,1.677358627319336,1.640979528427124
-1.2162243127822876,0.033045846968889236,-0.26744726300239563,0.26473304629325867,0.5163331031799316,0.78518146276474,0.21634840965270996,-6.960201740264893,-10.355554580688477,-3.9242539405822754,-2.053239107131958,0.4100971519947052,-0.563014805316925,-1.7724539041519165
-1.2658307552337646,0.04940050467848778,-0.14480654895305634,0.6068305373191833,-0.34050482511520386,-0.6602401733398438,-0.2826588749885559,-4.117733955383301,-5.13797664642334,-5.9464287757873535,0.5190613865852356,1.7724539041519165,1.6907532215118408,1.1906489133834839
-1.2640647888183594,0.046508170664310455,-0.10672949999570847,0.6834536790847778,-0.35546648502349854,-0.6104578971862793,-0.1840537041425705,-4.0605788230896,-4.715455055236816,-5.850015640258789,-0.752211332321167,1.7724539041519165,1.7259072065353394,0.6047093868255615
-1.2580727338790894,0.03944098576903343,-0.04296526312828064,0.8469040989875793,-0.1929042786359787,-0.4604381024837494,-0.18313412368297577,-4.538390159606934,-5.307478427886963,-6.010481357574463,-0.9364113807678223,1.7037221193313599,-0.0530107244849205,-1.6409554481506348
-1.2730802297592163,0.04195457324385643,-0.14433249831199646,-0.12925608456134796,0.06704726815223694,-0.567482590675354,0.8104079365730286,-8.887565612792969,-6.562775135040283,-6.845591068267822,-1.8718022108078003,1.705235481262207,-1.6056346893310547,-1.7724539041519165
-0.8498536348342896,0.04165569692850113,-0.24094483256340027,-0.3303695321083069,0.7949098944664001,0.22625793516635895,0.4558306336402893,-4.140835762023926,-5.082983016967773,-5.840854644775391,16.11809539794922,1.7379711866378784,1.186557412147522,-1.2182666063308716
-0.8941458463668823,0.04309847205877304,-0.2848185896873474,0.5213943123817444,-0.6019554138183594,-0.42848557233810425,-0.42684629559516907,-3.6697094440460205,-4.527174949645996,-5.168213367462158,0.08627478033304214,1.7236018180847168,1.2148081064224243,-1.4478007555007935
-0.8779210448265076,0.045814793556928635,-0.2824862003326416,-0.40064164996147156,0.8021999597549438,0.21897895634174347,0.3847202658653259,-4.324191093444824,-5.366996765136719,-6.481259346008301,-0.4390617907047272,1.7724539041519165,1.4389667510986328,1.5298168659210205
-0.8254002332687378,0.0429973378777504,-0.17825810611248016,0.7976042032241821,0.27569839358329773,-0.529542088508606,0.08604114502668381,-4.697105407714844,-5.48530387878418,-6.266254901885986,16.11809539794922,1.6732324361801147,0.8049205541610718,-1.3074121475219727
-0.8339070081710815,0.04229802265763283,-0.20777972042560577,0.81428062915802,0.31551671028137207,-0.4783257842063904,0.09274003654718399,-4.608428478240967,-5.301742076873779,-6.055757999420166,16.11809539794922,1.6988859176635742,0.8526233434677124,-1.3558696508407593
-0.8572800159454346,0.046929698437452316,-0.2538069784641266,0.512446403503418,-0.7090258598327637,-0.25716957449913025,-0.4105420410633087,-4.31610631942749,-5.403693675994873,-6.346704006195068,-0.020441407337784767,1.7724539041519165,1.5043262243270874,1.3969440460205078
-0.8390288352966309,0.046261947602033615,-0.22061319649219513,-0.45505279302597046,0.709520161151886,0.298658162355423,0.4475616216659546,-4.344963550567627,-5.264917850494385,-6.084993362426758,-0.053649161010980606,1.7724539041519165,1.6251806020736694,1.1835302114486694
-0.816498339176178,0.04156588762998581,-0.14338424801826477,0.6942991018295288,0.1953226625919342,-0.6621646285057068,0.20331206917762756,-4.222357273101807,-5.011163711547852,-5.459688663482666,0.12712737917900085,1.7724539041519165,1.566776990890503,1.3712517023086548
-0.820767879486084,0.0430041141808033,-0.1337202936410904,-0.2921067476272583,0.6816053986549377,0.27243438363075256,0.6130800843238831,-4.394531726837158,-5.158065319061279,-5.732402324676514,16.11809539794922,1.7218549251556396,0.9059945344924927,-1.4651365280151367
-0.8322635889053345,0.037567656487226486,-0.06466638296842575,-0.48952174186706543,0.2571627199649811,0.6953521370887756,0.4590437710285187,-3.858398675918579,-4.941901206970215,-5.25466251373291,-1.5511729717254639,1.7554047107696533,1.7036370038986206,1.2718302011489868
-0.8474855422973633,0.039913054555654526,-0.02469203807413578,-0.47933724522590637,-0.03733357414603233,0.8667289614677429,-0.13275116682052612,-3.9588959217071533,-5.19307804107666,-5.777045726776123,16.11809539794922,1.6811097860336304,0.7600881457328796,-1.6319079399108887
-0.8621317148208618,0.03463387489318848,-0.06806273758411407,-0.5909836888313293,-0.09746046364307404,0.24676160514354706,0.761806070804596,-5.862513542175293,-8.133506774902344,-4.217291831970215,-1.1143606901168823,1.7724539041519165,1.3971107006072998,-0.10426201671361923
-0.819739580154419,0.04482973366975784,-0.13404634594917297,0.6661454439163208,0.22294723987579346,-0.6448338627815247,0.30122095346450806,-4.451282978057861,-5.148580074310303,-6.5852837562561035,1.1235787868499756,1.7724539041519165,1.3890113830566406,-0.9456343054771423
-0.8525348901748657,0.04825479909777641,-0.017857840284705162,-0.40144848823547363,-0.10425043851137161,0.83760666847229,-0.35550808906555176,-4.361276149749756,-5.087580680847168,-6.119702339172363,1.1956506967544556,1.7724539041519165,1.539408802986145,1.1469775438308716
-0.842077374458313,0.04385726898908615,-0.026128381490707397,-0.27717480063438416,0.7540652751922607,-0.3628847002983093,-0.4720957279205322,-6.2904534339904785,-13.165258407592773,-5.032273292541504,-2.219203472137451,1.7724539041519165,0.024668511003255844,0.6047195196151733
-1.2396111488342285,0.04982372745871544,-0.2363748997449875,0.6070371866226196,-0.29154470562934875,-0.6615098714828491,-0.330018550157547,-4.812279224395752,-5.396957874298096,-6.15904426574707,0.6620067358016968,1.7724539041519165,1.7326816320419312,1.2844812870025635
-1.2117842435836792,0.05077267810702324,-0.2890755236148834,-0.5978957414627075,0.0739593580365181,0.0739593580365181,0.7947205305099487,-6.407612323760986,-13.011974334716797,-5.265636444091797,-0.9328200221061707,1.7724539041519165,1.7724539041519165,-0.2015732079744339
0.049338534474372864,0.0009937433060258627,-1.2353129386901855,0.5762484073638916,-0.6326899528503418,-0.2700125575065613,-0.44128718972206116,-3.567662477493286,-3.935641050338745,-4.914018630981445,2.568284749984741,-0.14367294311523438,0.2818508744239807,-1.2319034337997437
0.10994678735733032,0.011447031982243061,-1.260125756263733,0.7354722619056702,0.6583167314529419,0.12566420435905457,-0.09953968971967697,-3.547765016555786,-3.8768436908721924,-5.324652194976807,-0.9108642339706421,-1.489084005355835,-1.5357939004898071,-1.5769869089126587
0.10511428862810135,0.009128020144999027,-1.2908018827438354,0.7781974077224731,0.6235916018486023,-0.002132485155016184,-0.07441644370555878,-3.6724393367767334,-3.9792466163635254,-5.721452713012695,1.3405816555023193,-0.06928779184818268,-0.22435909509658813,-1.7628248929977417
0.07409504801034927,0.0044997213408350945,-1.2169805765151978,0.6304137706756592,-0.5391137003898621,-0.44160762429237366,-0.34193211793899536,-3.7042224407196045,-4.29025936126709,-5.066385269165039,-0.3260357677936554,0.9215461015701294,1.1865780353546143,1.0381245613098145
0.12327143549919128,0.00026269760564900935,-1.2668352127075195,0.14584510028362274,-0.08225386589765549,0.026957150548696518,0.9855135083198547,-5.029895782470703,-9.866205215454102,-4.637838840484619,-1.2005772590637207,-1.4388154745101929,-1.550845980644226,-1.7029459476470947
0.012466308660805225,0.003997619263827801,-1.164268970489502,-0.4087880253791809,0.430293470621109,0.4313148558139801,0.6794905662536621,-3.6408278942108154,-4.1031999588012695,-4.982591152191162,-0.14151646196842194,1.1613465547561646,1.433594822883606,-1.6666854619979858
0.12096790224313736,0.00518249673768878,-1.1374295949935913,-0.3625529408454895,0.7710129022598267,0.36095261573791504,0.37921977043151855,-3.4325878620147705,-4.455966949462891,-4.863929748535156,-0.15061315894126892,1.484859585762024,1.6532726287841797,0.7408056259155273
0.1522965282201767,0.007576128467917442,-1.1757885217666626,0.5820817947387695,-0.6274117827415466,-0.33563944697380066,-0.39354968070983887,-3.357222557067871,-4.030280590057373,-4.994214057922363,-0.9046821594238281,-0.13023144006729126,-0.11551732569932938,-1.5898311138153076
0.010568581521511078,0.008564692921936512,-1.2315130233764648,0.6496021151542664,-0.21447354555130005,-0.6546347737312317,-0.32166990637779236,-3.8396289348602295,-4.67543888092041,-4.991964817047119,-0.43045559525489807,-0.3987344205379486,-0.017787888646125793,0.0872860699892044
0.3029591739177704,0.00915513839572668,-1.2767260074615479,0.7416224479675293,0.6684417128562927,0.0069908881559967995,0.055972870439291,-2.974883794784546,-3.760023832321167,-4.991386890411377,-1.6799497604370117,-1.2564982175827026,-1.2461388111114502,-1.3007296323776245
0.20435142517089844,0.0017628225032240152,-1.2770919799804688,-0.3434310853481293,0.6120733022689819,0.4546251893043518,0.5483952164649963,-3.6555864810943604,-4.451780796051025,-5.551734924316406,0.8892017006874084,-0.33784735202789307,-0.5184345841407776,-1.0595948696136475
0.3636305332183838,0.012670042924582958,-1.217200756072998,-0.3670502305030823,0.34311291575431824,0.6450589895248413,0.5757139921188354,-3.3978140354156494,-3.513822555541992,-4.879251003265381,-0.9480030536651611,1.6919656991958618,1.7398340702056885,1.3219459056854248
0.30618610978126526,0.004496017936617136,-1.2281328439712524,0.600746750831604,-0.686488926410675,-0.23746421933174133,-0.3338368535041809,-3.1315691471099854,-3.813523054122925,-4.883586406707764,-0.8139638304710388,1.1926767826080322,1.5149409770965576,-1.5306047201156616
0.1999383568763733,0.007350618951022625,-1.281673789024353,0.5929325819015503,-0.6681626439094543,-0.31908440589904785,-0.31650397181510925,-3.340425491333008,-3.590681314468384,-5.675358772277832,0.8038713932037354,0.4513034224510193,1.017029881477356,-1.0594592094421387
0.179384246468544,0.009722699411213398,-1.2020071744918823,-0.4629743695259094,0.48246291279792786,0.543933093547821,0.5069724321365356,-3.3463943004608154,-3.6176109313964844,-5.180202007293701,-1.1018708944320679,-1.4729408025741577,-1.6095486879348755,-1.6544668674468994
0.27069777250289917,0.006811636034399271,-1.178134799003601,0.5233075618743896,-0.6350608468055725,-0.42328473925590515,-0.37904733419418335,-3.0902621746063232,-3.8151915073394775,-5.073291301727295,0.08819817751646042,1.081714391708374,1.3417750597000122,-1.5616956949234009
0.17562563717365265,0.006382237654179335,-1.1700243949890137,-0.18689605593681335,0.35469600558280945,0.4776747226715088,0.7817208170890808,-4.326169967651367,-4.931144714355469,-5.246598720550537,-1.1093226671218872,1.6874393224716187,1.293831706047058,-1.7164701223373413
0.20254634320735931,0.006737055256962776,-1.152254581451416,0.8254786133766174,0.051275353878736496,-0.5299805998802185,0.1872870773077011,-4.591938495635986,-4.978511333465576,-5.657794952392578,-0.958627462387085,-1.0740293264389038,-1.3078466653823853,-0.8875497579574585
0.21679283678531647,0.006815429776906967,-1.1722575426101685,0.709309458732605,0.6980512142181396,-0.09156190603971481,-0.034942883998155594,-4.0231709480285645,-4.350954532623291,-5.050845146179199,0.9566282629966736,0.07160633057355881,0.24977506697177887,-0.6487347483634949
0.2630291283130646,0.0025921794585883617,-1.1649744510650635,0.5517804026603699,-0.5398178100585938,-0.46101173758506775,-0.43772512674331665,-3.1409497261047363,-3.9077017307281494,-5.073957920074463,-0.21874211728572845,-0.1633756011724472,0.20655712485313416,-1.6291487216949463
0.3236407935619354,0.00784897431731224,-1.2046266794204712,0.7038425803184509,0.7061154246330261,0.0719197690486908,-0.028882306069135666,-3.656933307647705,-3.8889169692993164,-5.466597080230713,-0.6580981016159058,-0.5281713604927063,-0.42693030834198,-1.263323187828064
0.22456341981887817,0.005098348017781973,-1.1307792663574219,-0.46877411007881165,0.4393291175365448,0.5768727660179138,0.5044388771057129,-3.55936861038208,-4.02751350402832,-4.9719133377075195,2.387871026992798,0.4574618339538574,0.8875351548194885,-1.161318063735962
0.1312347799539566,0.0018067890778183937,-1.1052848100662231,-0.36951538920402527,0.43260082602500916,0.5645835995674133,0.5979634523391724,-3.4539456367492676,-3.8187596797943115,-4.548656463623047,0.09901358932256699,0.8000418543815613,1.208641767501831,-1.0455248355865479
0.2445637732744217,0.016002418473362923,-1.1729835271835327,-0.31948891282081604,0.30604901909828186,0.652641773223877,0.6150768399238586,-3.230393409729004,-4.458774566650391,-5.228579998016357,-0.16466987133026123,1.7213963270187378,1.713557243347168,0.7190950512886047
0.24578024446964264,0.015286487527191639,-1.2480928897857666,0.6006688475608826,-0.6228238344192505,-0.37011033296585083,-0.33809134364128113,-3.3265230655670166,-3.901245594024658,-4.9414567947387695,0.7356559038162231,1.7539955377578735,1.7454825639724731,1.3909765481948853
0.08364006131887436,0.014932148158550262,-1.2815272808074951,-0.4064624011516571,0.4108397960662842,0.6223564743995667,0.5278933644294739,-3.856142282485962,-4.364776134490967,-5.279267311096191,16.11809539794922,1.670289158821106,1.3974884748458862,-1.682839274406433
0.10604789108037949,0.01457473449409008,-1.2590012550354004,0.6537879109382629,-0.642084538936615,-0.3014140725135803,-0.26351165771484375,-3.4077272415161133,-4.820424556732178,-5.279317855834961,-1.7597852945327759,1.5863361358642578,1.5768508911132812,1.5329899787902832
0.1598953753709793,0.01459574792534113,-1.274389386177063,-0.38187187910079956,0.3538209795951843,0.623005211353302,0.5838228464126587,-3.8966290950775146,-4.090127468109131,-5.573470115661621,-2.2639570236206055,1.3619203567504883,1.4691534042358398,0.012265215627849102
0.1243235245347023,0.014705290086567402,-1.2741090059280396,-0.3510488271713257,0.3840576112270355,0.6213806867599487,0.5857905149459839,-4.063076019287109,-4.633910179138184,-5.625036239624023,-1.8284496068954468,-0.6138325333595276,-0.454418420791626,0.7664974331855774
0.17856261134147644,0.015693066641688347,-1.2677562236785889,0.7100971937179565,0.59110426902771,-0.2544756531715393,0.28565680980682373,-3.5059661865234375,-4.004985332489014,-5.096660614013672,-0.9003057479858398,1.6511085033416748,1.6832430362701416,1.169547200202942
0.08154665678739548,0.01024498138576746,-1.1875849962234497,0.7380920648574829,0.665687084197998,0.10101421922445297,-0.043324075639247894,-3.271902084350586,-3.589092254638672,-4.909893989562988,0.5940096974372864,1.285248041152954,1.6105624437332153,-0.9508346319198608
0.1371338963508606,0.016255594789981842,-1.1994107961654663,0.7145814895629883,0.6408827304840088,-0.17391876876354218,0.21998830139636993,-4.013713836669922,-4.319265842437744,-5.698483467102051,-0.2836703360080719,1.7357934713363647,1.6735833883285522,1.274923324584961
0.12363383919000626,0.010241330601274967,-1.2210880517959595,0.7675617933273315,0.6346133351325989,-0.020121395587921143,0.08780623227357864,-4.432715892791748,-4.728149890899658,-6.035269737243652,1.6126480102539062,-0.40231746435165405,-0.4076940715312958,-0.42202913761138916
0.07735258340835571,0.008561177179217339,-1.1706695556640625,-0.11266706138849258,-0.2536737024784088,0.1444626748561859,0.9497822523117065,-3.595038652420044,-4.852736473083496,-12.039650917053223,-1.9061697721481323,1.6334378719329834,1.7724539041519165,1.7724539041519165
0.1091553196310997,0.01477915421128273,-1.1304734945297241,-0.4984545409679413,0.4487260580062866,0.5573331117630005,0.4894566237926483,-3.373814344406128,-4.58332633972168,-5.735944747924805,-1.5404466390609741,-1.1394648551940918,-1.2289406061172485,-0.9305120706558228
0.24639177322387695,0.009610394015908241,-1.2265053987503052,0.7256394028663635,0.6863507032394409,-0.01691589131951332,0.0456511527299881,-3.666799545288086,-3.712315559387207,-5.70000696182251,2.070767402648926,0.8943426609039307,0.7244076728820801,-1.0137141942977905
0.228543221950531,0.011788712814450264,-1.2586276531219482,-0.35549747943878174,0.34557175636291504,0.5840488076210022,0.6427197456359863,-3.3587687015533447,-3.9582362174987793,-5.330016136169434,0.04325347766280174,1.4506882429122925,1.519823431968689,-0.03123568184673786
0.39763668179512024,0.0019204127602279186,-1.2287230491638184,0.555322527885437,-0.6729522347450256,-0.32407811284065247,-0.3656850755214691,-2.9148430824279785,-4.0549516677856445,-4.984011650085449,-0.4266068637371063,0.149919331073761,0.46914026141166687,-1.6515390872955322
0.2720736861228943,0.012135853990912437,-1.1730351448059082,0.7055305242538452,0.7014385461807251,0.032208241522312164,-0.09577733278274536,-3.375032663345337,-3.9836924076080322,-5.003165245056152,-0.303146094083786,1.5859485864639282,1.6811374425888062,-0.20657022297382355
0.18861210346221924,0.00610072398558259,-1.1094385385513306,0.6587193012237549,0.6744247078895569,-0.19870086014270782,0.2678772509098053,-3.5318214893341064,-4.192229270935059,-4.679347991943359,1.6150356531143188,1.0565694570541382,1.3365607261657715,-0.3783687949180603
0.06827272474765778,0.002895731944590807,-1.0468533039093018,0.646748423576355,0.6733011603355408,-0.307919979095459,0.1832139939069748,-4.018649101257324,-4.430487155914307,-5.159897327423096,16.11809539794922,-0.08485525101423264,0.12645897269248962,-1.7634915113449097
0.05866968631744385,0.0015012983931228518,-0.9818643927574158,-0.3676406145095825,0.4357473850250244,0.5421382188796997,0.6172930598258972,-3.458409070968628,-3.653146505355835,-5.090445041656494,16.11809539794922,0.33236750960350037,0.7824472784996033,-1.0247292518615723
0.09584027528762817,0.010591217316687107,-1.0084946155548096,0.7711155414581299,0.6364662051200867,-0.01517558190971613,0.007826101966202259,-3.6064705848693848,-4.571788311004639,-4.87919807434082,-0.24112291634082794,1.218072533607483,1.3893264532089233,-0.5909278392791748
0.15030446648597717,0.004011152777820826,-1.0279816389083862,0.5929856300354004,0.7995210886001587,-0.015608185902237892,-0.09428959339857101,-3.5107455253601074,-4.658308029174805,-5.0501885414123535,-0.6368204951286316,0.013833591714501381,0.1655784696340561,-1.6748936176300049
0.12206964194774628,0.004459655378013849,-0.9906587600708008,0.681718647480011,0.6686980724334717,-0.24360275268554688,0.1695885807275772,-3.584721565246582,-3.6725211143493652,-5.122788906097412,2.1200320720672607,0.5352181196212769,0.8637564778327942,-1.1009432077407837
0.1951182633638382,0.0006207981496118009,-1.0429184436798096,-0.4134218394756317,0.33469104766845703,0.636842668056488,0.5581179857254028,-3.7122855186462402,-4.0284037590026855,-5.0294904708862305,1.7530618906021118,0.34000876545906067,0.6898085474967957,-1.144241213798523
0.2768828868865967,0.0049627190455794334,-1.0651603937149048,0.7050245404243469,0.7009488940238953,0.10001914203166962,-0.04008949175477028,-3.508012294769287,-4.111331939697266,-5.181479454040527,0.01683945767581463,0.7536967992782593,0.7442301511764526,-1.5832939147949219
0.24171748757362366,0.005176186095923185,-1.0936696529388428,0.653717577457428,0.654597818851471,-0.34120023250579834,0.16654565930366516,-3.670614004135132,-4.6429948806762695,-5.130970478057861,-1.7086900472640991,-0.9838539361953735,-0.8586220145225525,-1.613516092300415
0.19377726316452026,0.015018044039607048,-1.1127705574035645,0.7473846673965454,0.6407333016395569,-0.1050562933087349,0.14085528254508972,-3.7559516429901123,-4.187057971954346,-5.045192718505859,0.2748263478279114,1.519989252090454,1.6347875595092773,0.6381859183311462
0.2976980209350586,0.015193963423371315,-1.0890488624572754,0.7280724048614502,0.6291876435279846,0.1992773562669754,-0.18526217341423035,-3.447370767593384,-3.86897349357605,-5.518581867218018,-1.401485562324524,1.6372689008712769,1.732266902923584,1.6260249614715576
0.3071741759777069,0.007685189601033926,-1.0694867372512817,0.6741791367530823,-0.5485309958457947,-0.3753422200679779,-0.32204732298851013,-3.1445388793945312,-3.9512534141540527,-5.308198928833008,1.9684046506881714,0.7049803733825684,1.0174834728240967,-1.0692037343978882
0.24150142073631287,0.004062444902956486,-0.9995353817939758,0.8060680031776428,0.583338737487793,-0.09806705266237259,0.01879356987774372,-4.006274700164795,-4.519530296325684,-5.8838396072387695,-1.1685688495635986,0.5895740985870361,0.6792499423027039,1.192497968673706
0.19306185841560364,0.00848714355379343,-0.9568712115287781,0.6764631867408752,0.6506705284118652,-0.2373143583536148,0.2504141926765442,-3.8140077590942383,-3.8833861351013184,-5.438928127288818,16.11809539794922,0.48304951190948486,0.5905880331993103,-1.2755075693130493
0.2730872631072998,0.005584459286183119,-1.0030670166015625,-0.4600619077682495,0.5055446624755859,0.5567394495010376,0.4720262885093689,-3.5174527168273926,-3.7085418701171875,-5.380648612976074,16.11809539794922,0.8224170207977295,0.9338729977607727,-1.1991336345672607
0.21605119109153748,0.0035385971423238516,-1.0021204948425293,0.6539809703826904,0.6810483336448669,-0.22248442471027374,0.24286356568336487,-4.180545806884766,-4.519718170166016,-5.583349704742432,-0.4405442774295807,-0.28762534260749817,-0.22314397990703583,-1.0655832290649414
0.22762291133403778,0.01414283737540245,-0.9715936779975891,0.8395532965660095,-0.1653493344783783,-0.5174698829650879,-0.005897029768675566,-3.659946918487549,-4.753166198730469,-5.131808280944824,-0.44242075085639954,1.6685396432876587,1.7047290802001953,0.8740759491920471
0.2146090567111969,0.004358516074717045,-0.9885467886924744,0.011997615918517113,0.8184363842010498,0.5744708776473999,-0.0010729643981903791,-5.262242317199707,-5.510989665985107,-5.783792495727539,0.2056083232164383,-0.6951216459274292,-0.6263042092323303,1.0628411769866943
0.2346365600824356,0.01579386368393898,-1.033015489578247,0.6686204671859741,0.7199463248252869,0.13320885598659515,-0.12992054224014282,-3.240356683731079,-4.144047737121582,-5.2636542320251465,-0.6154945492744446,1.7047004699707031,1.7413259744644165,1.052833080291748
0.3212323486804962,0.015098093077540398,-1.0187207460403442,-0.3882017433643341,0.4178161323070526,0.5939210057258606,0.5674389600753784,-3.7569518089294434,-3.9505414962768555,-4.765507221221924,-0.4488043785095215,1.76766836643219,1.7643080949783325,1.278625726699829
0.03388555720448494,0.01738126575946808,-1.0487957000732422,-0.46491000056266785,0.7613226771354675,0.35501375794410706,0.2796635031700134,-3.520815849304199,-3.904991626739502,-4.516007423400879,-0.5611972212791443,1.678533673286438,1.7095576524734497,0.7781968712806702
0.08608771115541458,0.017860950902104378,-1.0792803764343262,-0.42984721064567566,0.4102121591567993,0.6096852421760559,0.5246344208717346,-3.436692476272583,-3.655961275100708,-5.147927761077881,0.2323143184185028,1.40460205078125,1.5541067123413086,-0.3248077929019928
0.05452467501163483,0.017167359590530396,-0.9939812421798706,-0.32658958435058594,0.30873239040374756,0.640741765499115,0.6224737167358398,-3.254643440246582,-4.222325325012207,-4.998290538787842,-0.4468718469142914,1.7425237894058228,1.7689452171325684,1.14029860496521
0.12460789084434509,0.009502418339252472,-1.019404649734497,0.8685078620910645,0.4840545952320099,-0.07641297578811646,0.07447327673435211,-3.7375388145446777,-5.3417158126831055,-5.487814426422119,-1.2680377960205078,0.24714478850364685,0.33254775404930115,0.33987244963645935
0.13596965372562408,0.020159780979156494,-0.9915081858634949,0.5106574296951294,-0.5287822484970093,-0.46458616852760315,-0.4937388002872467,-3.3115410804748535,-3.521007537841797,-4.774882793426514,-0.2549269199371338,1.683579444885254,1.7175605297088623,0.38416415452957153
0.24975121021270752,0.012831201776862144,-1.0506925582885742,-0.2840472161769867,0.2844998240470886,0.7157458662986755,0.5710384249687195,-3.667760133743286,-4.420353412628174,-5.275279998779297,-0.6349382996559143,1.6757527589797974,1.519435167312622,-0.31651532649993896
0.2853495180606842,0.016440045088529587,-1.1063566207885742,0.6253650784492493,-0.5813656449317932,-0.36536967754364014,-0.3707256019115448,-3.532519578933716,-4.090635776519775,-4.983754634857178,0.5627940893173218,1.668436884880066,1.7268801927566528,0.7088409066200256
0.24448519945144653,0.0143888583406806,-1.0851253271102905,0.5009252429008484,-0.48782938718795776,-0.5149028897285461,-0.49595504999160767,-4.133842945098877,-4.56907844543457,-6.028767108917236,-0.49699124693870544,-1.5393147468566895,-1.6256494522094727,-1.5606043338775635
0.35218849778175354,0.012901323847472668,-1.1726219654083252,-0.44031625986099243,0.4345228672027588,0.5774062275886536,0.5328353643417358,-3.3416571617126465,-3.515002965927124,-4.86304235458374,-0.48533162474632263,0.9560155868530273,1.376609206199646,0.20518234372138977
0.24272729456424713,0.009754681028425694,-1.0274652242660522,0.5125079154968262,-0.6247341632843018,-0.41213685274124146,-0.420934796333313,-4.211981296539307,-4.885717391967773,-5.964808940887451,-0.38659119606018066,1.386452078819275,1.2662928104400635,-1.6326614618301392
0.22398409247398376,0.013806790113449097,-1.0017262697219849,-0.3585168421268463,0.26898911595344543,0.6947291493415833,0.5625494718551636,-4.17769193649292,-4.715329170227051,-6.025335788726807,-0.7201805710792542,-1.4038194417953491,-1.418638825416565,-1.265205979347229
0.304799348115921,0.009202555753290653,-0.9747142791748047,0.7018250226974487,0.7114524841308594,0.009000138379633427,-0.03458297997713089,-3.9514822959899902,-4.8819355964660645,-6.3223981857299805,-0.4638002812862396,-1.163243055343628,-0.8818157911300659,-0.014852430671453476
0.32305026054382324,0.01257479377090931,-0.9702855348587036,0.7040230631828308,-0.5456669926643372,-0.3812331557273865,-0.24750831723213196,-4.20009708404541,-5.204152584075928,-5.8816962242126465,-1.7812488079071045,-1.0963214635849,-1.2908258438110352,-1.6773953437805176
0.18338388204574585,0.01330369058996439,-1.01725172996521,0.8408011794090271,0.3970871567726135,0.29735615849494934,-0.2166898101568222,-4.509904384613037,-5.515236854553223,-6.291961193084717,-1.194471001625061,1.66485595703125,1.356255054473877,-1.1778265237808228
0.19403061270713806,0.017163068056106567,-1.02032470703125,0.5531218647956848,-0.5517390966415405,-0.4286576211452484,-0.453754186630249,-3.6181774139404297,-3.978311538696289,-5.259857177734375,-0.3624604642391205,1.727622151374817,1.7275199890136719,0.3434847891330719
0.2403886467218399,0.01149846613407135,-0.940445065498352,-0.4977800250053406,0.5234889984130859,0.51564621925354,0.46074211597442627,-3.731426477432251,-3.9413416385650635,-6.210306167602539,16.11809539794922,1.0996108055114746,1.014430284500122,-1.1453757286071777
0.23304931819438934,0.010310521349310875,-0.9770116806030273,-0.3734239339828491,0.2488737553358078,0.6522780656814575,0.6108598113059998,-4.154961109161377,-4.935258388519287,-5.318978786468506,-1.2583144903182983,-1.035927176475525,-1.0346689224243164,-1.5876096487045288
0.30552998185157776,0.01129048690199852,-1.0209006071090698,0.6132975220680237,-0.6466418504714966,-0.31206321716308594,-0.3291459381580353,-3.863769054412842,-4.148958206176758,-5.918259620666504,1.270492434501648,1.4624626636505127,1.4474897384643555,-1.0891072750091553
0.33780160546302795,0.010159600526094437,-1.0326937437057495,0.6217833161354065,0.7629711031913757,-0.13807620108127594,0.11043355613946915,-3.659123182296753,-4.292379379272461,-5.087004661560059,-0.20552374422550201,1.5268480777740479,1.5243016481399536,-0.13997793197631836
0.3381175398826599,0.010624364949762821,-0.9927552342414856,0.7022842764854431,0.6659663319587708,0.16713665425777435,-0.18801870942115784,-3.7602202892303467,-4.457787036895752,-5.590398788452148,-0.79539954662323,-0.7052632570266724,-0.7025379538536072,-1.5541777610778809
0.2883602976799011,0.013060198165476322,-0.9493008255958557,0.5020936727523804,-0.6225264072418213,-0.407013863325119,-0.44125106930732727,-3.5366477966308594,-5.128129959106445,-6.0013017654418945,-0.7484614253044128,-1.3562822341918945,-1.4140143394470215,-1.3597116470336914
0.25834327936172485,0.013615275733172894,-0.9689439535140991,0.6391613483428955,0.7078486084938049,0.23325276374816895,-0.18977965414524078,-3.8334550857543945,-4.506448745727539,-5.51910924911499,-0.04205584153532982,1.3961430788040161,1.3425027132034302,0.0162297822535038
0.4189094305038452,0.008708924055099487,-1.2477686405181885,0.6805976033210754,0.7289104461669922,-0.029558422043919563,0.06784362345933914,-3.2870261669158936,-4.022959232330322,-5.4589715003967285,0.7791316509246826,0.6183489561080933,1.1444741487503052,-0.14984208345413208
0.36562153697013855,-0.00048510843771509826,-1.1842108964920044,-0.48860660195350647,0.5752953290939331,0.49692708253860474,0.42820829153060913,-3.0188181400299072,-3.5595667362213135,-5.0171098709106445,16.11809539794922,0.21725504100322723,0.8133634924888611,-0.6796602606773376
0.49748557806015015,0.008103389292955399,-1.242972731590271,0.5719727277755737,-0.47484204173088074,-0.5026838779449463,-0.44122686982154846,-3.1981570720672607,-3.976649761199951,-5.445801258087158,1.469624638557434,0.22808437049388885,0.7093361020088196,-0.7924890518188477
0.5014600157737732,0.010248934850096703,-1.2226639986038208,0.6472012996673584,-0.5401791334152222,-0.425484836101532,-0.32908907532691956,-3.1715762615203857,-4.183180332183838,-5.20598840713501,-1.7472087144851685,-1.5159599781036377,-1.5133596658706665,-0.9935101270675659
0.43778643012046814,-0.0018587070517241955,-1.1729183197021484,-0.4746752679347992,0.4558691382408142,0.5889895558357239,0.4689968526363373,-3.0808486938476562,-3.709038257598877,-5.658597469329834,16.11809539794922,0.2567874491214752,0.8967668414115906,-0.8436136841773987
0.45932313799858093,0.014383585192263126,-1.1645877361297607,-0.3099786937236786,0.322788804769516,0.6299241185188293,0.6347568035125732,-3.231741189956665,-3.800260305404663,-4.649895668029785,-1.0358576774597168,1.6502132415771484,1.733826756477356,1.0332964658737183
0.48773276805877686,0.014228922314941883,-1.2763148546218872,-0.38007479906082153,0.33654674887657166,0.5699394941329956,0.6461024284362793,-3.8510665893554688,-4.140773773193359,-5.24734354019165,0.041354916989803314,1.521668791770935,1.6576013565063477,1.096217155456543
0.43395382165908813,0.013091756962239742,-1.2589869499206543,0.6823310256004333,0.726992130279541,-0.0680471733212471,0.03572634607553482,-3.672621726989746,-3.912992000579834,-5.001838684082031,0.8698209524154663,1.428731918334961,1.7074471712112427,0.8077701330184937
0.4713795483112335,0.00938038993626833,-1.1950392723083496,0.5430625677108765,-0.5247211456298828,-0.4916221797466278,-0.43365705013275146,-3.1870298385620117,-3.7804739475250244,-5.665562629699707,0.9627853035926819,0.972729504108429,1.466355800628662,-0.07715165615081787
0.4083311855792999,0.010186436586081982,-1.286197304725647,0.5429999828338623,0.8387696146965027,0.020289167761802673,0.03471174091100693,-3.6570940017700195,-5.822976589202881,-6.361984729766846,-2.3448877334594727,-1.0876277685165405,-1.1185835599899292,0.5153681039810181
0.49235740303993225,0.010105181485414505,-1.2725590467453003,0.6836454272270203,0.6941816806793213,-0.14667272567749023,0.17096152901649475,-3.485466718673706,-3.973552942276001,-5.635076999664307,-1.2101272344589233,-0.47088128328323364,-0.07599733769893646,-0.7393262386322021
0.4835551977157593,0.014449228532612324,-1.1370971202850342,-0.3809024393558502,0.35822194814682007,0.6166867017745972,0.5884622931480408,-3.8111631870269775,-4.268612861633301,-5.323142051696777,-0.2800319790840149,1.629727840423584,1.6829419136047363,1.3675531148910522
0.49800536036491394,0.010860479436814785,-1.1406686305999756,0.7332680821418762,0.678776204586029,0.0002602183085400611,0.03975866734981537,-3.640615940093994,-3.66766357421875,-5.935803413391113,0.09590640664100647,0.032459553331136703,0.43167561292648315,-0.9620795249938965
0.5579757690429688,0.009156964719295502,-1.2283813953399658,0.583795428276062,-0.6375834941864014,-0.34389111399650574,-0.36661845445632935,-3.3779990673065186,-4.197486877441406,-5.009919166564941,-1.001754641532898,-1.0515661239624023,-1.025153636932373,-1.2792201042175293
0.5399982929229736,0.015586492605507374,-1.2139036655426025,0.7772789001464844,0.621809184551239,-0.07288508862257004,0.062278807163238525,-4.157821178436279,-4.532201290130615,-5.643335342407227,0.08163107186555862,1.7713308334350586,1.7674704790115356,1.5783138275146484
0.550687849521637,0.012758875265717506,-1.2251704931259155,0.5177796483039856,-0.5394251346588135,-0.5012833476066589,-0.43547654151916504,-3.92879319190979,-4.221881866455078,-6.685696125030518,2.2021398544311523,1.251810908317566,1.142621397972107,-1.1454919576644897
0.5511636137962341,0.01412727776914835,-1.2432196140289307,0.7415227890014648,0.6699533462524414,0.02791096270084381,-0.022965386509895325,-4.136868953704834,-4.482302188873291,-6.116939067840576,-0.33429935574531555,1.5342051982879639,1.587618112564087,1.5536609888076782
0.5489070415496826,0.015526252798736095,-1.2254527807235718,0.6998490691184998,0.6578035354614258,0.17405851185321808,-0.21727724373340607,-3.859487771987915,-4.239365100860596,-5.853440284729004,-0.2505299150943756,1.6683646440505981,1.6278443336486816,0.13411925733089447
0.48783767223358154,0.011837850324809551,-1.1267685890197754,-0.41453811526298523,0.39042872190475464,0.6294187307357788,0.5287301540374756,-3.5944550037384033,-4.7033514976501465,-5.585176467895508,-0.9722856283187866,-0.9407658576965332,-0.8660231828689575,-1.3225204944610596
0.531718373298645,0.010656195692718029,-1.1276320219039917,-0.3724738657474518,0.3248177468776703,0.7004959583282471,0.5148417353630066,-3.971514940261841,-4.855598449707031,-6.2605671882629395,-1.2794976234436035,-1.16042160987854,-1.6030081510543823,-1.6617156267166138
0.4092143476009369,-0.00029218202689662576,-1.0729581117630005,0.5040116310119629,-0.5852213501930237,-0.45043784379959106,-0.44787725806236267,-3.714395523071289,-4.167695045471191,-5.103018760681152,0.048057425767183304,-0.5000222325325012,-0.5382768511772156,-1.4619371891021729
0.4427313804626465,0.0008211484528146684,-1.1026688814163208,0.6400153636932373,0.6875595450401306,0.1894773542881012,-0.2859030067920685,-4.116276741027832,-4.67335844039917,-5.18987512588501,-0.8518989086151123,-1.6254465579986572,-1.6283055543899536,-1.7418134212493896
0.4338293671607971,0.01587478443980217,-1.0598399639129639,0.6807401776313782,0.6763094067573547,0.18968577682971954,-0.2078886479139328,-3.449777841567993,-4.00989294052124,-5.22590446472168,0.3073737323284149,1.7120434045791626,1.7492883205413818,1.2602243423461914
0.4906299412250519,0.0077119250781834126,-1.0652942657470703,0.6771946549415588,0.7095889449119568,0.18499316275119781,-0.06056792661547661,-3.676162004470825,-4.024092674255371,-5.639712810516357,-0.8318862318992615,0.4405064582824707,0.21058636903762817,-0.8563644886016846
0.34917253255844116,0.008806620724499226,-1.078126072883606,0.5716912150382996,-0.5427455306053162,-0.4947400987148285,-0.36582598090171814,-3.2166261672973633,-4.008748531341553,-5.136893272399902,-1.3682546615600586,-1.6761467456817627,-1.6994773149490356,-1.498064398765564
0.3739686608314514,0.008401300758123398,-1.0412756204605103,-0.34902679920196533,0.48951515555381775,0.5120452046394348,0.6134858727455139,-3.308159589767456,-5.098058700561523,-5.8275628089904785,-1.051289677619934,0.01604306511580944,0.21974879503250122,-0.11464973539113998
0.4613136351108551,0.0033846020232886076,-1.0596634149551392,0.9594204425811768,-0.03274332359433174,-0.25581544637680054,0.11401215940713882,-3.5628252029418945,-3.903933048248291,-4.624179363250732,0.2532224655151367,1.2087571620941162,0.9912033081054688,-0.7495192885398865
0.4024178385734558,0.005343316122889519,-1.037514328956604,-0.384067565202713,0.416572630405426,0.5971754789352417,0.5677506327629089,-3.7201435565948486,-4.029734134674072,-5.500088214874268,0.8014587759971619,0.851728618144989,1.0597262382507324,-1.4057272672653198
0.4941575825214386,0.012460765428841114,-0.9619534611701965,-0.2982129752635956,0.27196890115737915,0.6872523427009583,0.6039752960205078,-2.9192910194396973,-3.618544816970825,-5.642481803894043,-1.4091949462890625,-0.9106045961380005,-0.8315848708152771,-0.8719373345375061
0.44932684302330017,0.01592443883419037,-1.0391156673431396,0.7139214873313904,0.6215217709541321,0.2390238642692566,-0.21655113995075226,-3.488225221633911,-4.404152870178223,-5.350021839141846,0.1429341584444046,1.7504689693450928,1.7381978034973145,0.6947051286697388
0.3921547532081604,0.018100079149007797,-1.1222741603851318,0.743861734867096,0.6670944094657898,0.010880961082875729,-0.03919699415564537,-3.1481263637542725,-3.560685396194458,-4.741529941558838,-0.5235219597816467,1.6422122716903687,1.7431014776229858,0.9795798063278198
0.3796935975551605,0.011541180312633514,-1.0513699054718018,0.7802589535713196,0.5143372416496277,0.3150550127029419,-0.16550981998443604,-4.186846733093262,-5.094343185424805,-5.953007221221924,-2.2268548011779785,0.7239048480987549,1.031177282333374,0.19455432891845703
0.5105859041213989,0.012870856560766697,-1.110549807548523,0.7288417816162109,0.6393793821334839,0.18782660365104675,-0.15717770159244537,-3.687512159347534,-4.3211259841918945,-6.029577732086182,0.06878409534692764,1.7317242622375488,1.5533181428909302,-1.2741678953170776
0.45971304178237915,0.014134056866168976,-1.0274616479873657,0.681241512298584,0.6703776717185974,-0.1924174726009369,0.22243952751159668,-3.12213397026062,-3.7098751068115234,-5.608491897583008,-0.2123996913433075,1.6717885732650757,1.6634894609451294,0.2373029887676239
0.36369097232818604,0.014793693087995052,-0.9817333221435547,0.5314959287643433,-0.6594115495681763,-0.3435436487197876,-0.40579092502593994,-3.7897562980651855,-4.433804035186768,-5.802603721618652,-0.1762455403804779,1.664755940437317,1.6228199005126953,0.4368801414966583
0.38753312826156616,0.016224142163991928,-0.9771146774291992,-0.4786373972892761,0.4619775116443634,0.5505016446113586,0.504411518573761,-3.940200090408325,-4.050357818603516,-5.234297275543213,-0.2116060107946396,1.763169765472412,1.7676349878311157,1.2190468311309814
0.455745667219162,0.0165921188890934,-0.9504765272140503,0.7578102946281433,0.6376587152481079,-0.08566504716873169,0.10851943492889404,-3.3473598957061768,-3.6519289016723633,-5.2565836906433105,-0.5303630232810974,1.696368932723999,1.7459131479263306,1.5390547513961792
0.3998395800590515,0.011856446973979473,-0.9854696989059448,0.7175881862640381,0.6962718963623047,0.010756567120552063,-0.012528505176305771,-3.575439929962158,-3.8429949283599854,-5.902353286743164,1.649284839630127,1.1007258892059326,1.2045373916625977,-1.1622272729873657
0.5002068877220154,0.01516012754291296,-1.0043233633041382,-0.3452328145503998,0.33103981614112854,0.6476507186889648,0.5931066870689392,-3.6046900749206543,-3.71415638923645,-5.2561354637146,0.4706990718841553,1.753985047340393,1.74345064163208,1.3123502731323242
0.4732804000377655,0.011853530071675777,-0.976138710975647,-0.2733910083770752,0.2869141697883606,0.6680814027786255,0.6297656893730164,-3.2899422645568848,-3.504768133163452,-5.886944770812988,16.11809539794922,1.0615878105163574,1.1156344413757324,-0.8131982684135437
0.5317357778549194,0.01559213176369667,-1.1098928451538086,0.7244094610214233,0.5976318717002869,0.24545975029468536,-0.24045071005821228,-3.7056758403778076,-4.552041530609131,-5.895280361175537,-0.5113426446914673,1.7259211540222168,1.6312867403030396,1.0925801992416382
0.12165903300046921,0.016254981979727745,-1.1610636711120605,-0.3171623945236206,0.23482167720794678,0.690352737903595,0.6063661575317383,-4.061925411224365,-4.659073829650879,-6.056363105773926,-1.9188673496246338,1.4732331037521362,0.6548559665679932,1.5419793128967285
0.27605944871902466,0.016053594648838043,-1.0286498069763184,-0.36147600412368774,0.3837292790412903,0.58794766664505,0.6135181188583374,-4.127363204956055,-4.659719467163086,-5.393812656402588,0.40445324778556824,1.735766053199768,1.7093805074691772,0.400010883808136
0.28596171736717224,0.017566366121172905,-0.9627821445465088,-0.3775225877761841,0.3320212960243225,0.6613490581512451,0.5566470623016357,-3.9015121459960938,-4.807424068450928,-5.235105991363525,0.6574345231056213,1.7175188064575195,1.6997902393341064,0.5605656504631042
0.2731088101863861,0.018711507320404053,-0.9548804759979248,0.6658629775047302,0.6818344593048096,-0.19383589923381805,0.23271417617797852,-3.530412197113037,-3.8005523681640625,-5.165709972381592,-0.23852871358394623,1.7688007354736328,1.7611432075500488,0.770018458366394
0.20788033306598663,0.01841723918914795,-0.944957971572876,0.7154607176780701,0.69428551197052,0.039952948689460754,-0.06698783487081528,-4.280752182006836,-4.3308424949646,-5.4278130531311035,0.5293786525726318,1.7478299140930176,1.7561770677566528,0.7714434862136841
0.340228796005249,0.01895388588309288,-0.9273214936256409,0.6362020373344421,-0.6575263738632202,-0.2980157136917114,-0.27219972014427185,-3.5557119846343994,-4.232465744018555,-5.336967945098877,-0.8978291749954224,1.7641972303390503,1.7517467737197876,1.560780644416809
0.47204849123954773,0.02185320295393467,-1.149157166481018,0.0435461662709713,-0.4748605787754059,-0.14584510028362274,0.8667989373207092,-14.230650901794434,-4.248953342437744,-3.3337085247039795,-2.0149030685424805,1.7724539041519165,1.7724539041519165,1.2739589214324951
0.32545650005340576,0.01643279381096363,-0.9610328674316406,0.7300877571105957,0.6719316244125366,0.09048990160226822,-0.08538921177387238,-4.000033378601074,-4.555314064025879,-5.548107147216797,0.44513800740242004,1.7531968355178833,1.7262072563171387,0.4204852879047394
0.3555173873901367,0.013644249178469181,-0.9420978426933289,-0.4418923258781433,0.47727489471435547,0.5568618774414062,0.5165701508522034,-3.62137508392334,-4.142427921295166,-6.297990798950195,16.11809539794922,1.2123864889144897,1.0385067462921143,-1.4009134769439697
0.062343984842300415,0.0075536188669502735,-0.8814423680305481,0.7071622014045715,0.6560637950897217,-0.16902588307857513,0.202317014336586,-3.1916494369506836,-3.830726385116577,-5.7786760330200195,16.11809539794922,0.4383264183998108,0.7257952094078064,-1.0163695812225342
0.08569718152284622,0.012118835002183914,-0.921664297580719,0.5664088129997253,-0.641265869140625,-0.4091780185699463,-0.31706857681274414,-3.823533535003662,-4.015575885772705,-4.574829578399658,0.3239154517650604,1.2902733087539673,1.4534955024719238,0.02769802324473858
0.08471768349409103,0.0028032013215124607,-0.935257613658905,0.6833438277244568,0.7259309887886047,0.044807326048612595,0.06370019912719727,-4.00160551071167,-4.208804130554199,-5.126877784729004,0.597432553768158,0.37757033109664917,0.7209473848342896,-1.7096590995788574
0.15928620100021362,0.012364364229142666,-0.9021999835968018,0.6711891293525696,0.651841938495636,-0.21492277085781097,0.2800276279449463,-3.4177794456481934,-3.7757668495178223,-5.605085372924805,16.11809539794922,1.6692228317260742,1.310774564743042,-1.6727840900421143
0.12829189002513885,0.01671713776886463,-0.9034180045127869,-0.40278899669647217,0.46638238430023193,0.5345341563224792,0.5783785581588745,-3.665921449661255,-4.114339828491211,-5.30926513671875,-0.917458713054657,1.7225315570831299,1.7473163604736328,1.2891796827316284
0.15175634622573853,0.009809215553104877,-0.9306918978691101,0.5619701147079468,-0.5378220677375793,-0.382249116897583,-0.4988212287425995,-4.200135231018066,-4.437088966369629,-5.429523944854736,-0.08846408873796463,1.4583152532577515,0.44037312269210815,-1.6238205432891846
0.1611807942390442,0.01777832582592964,-0.9229435324668884,0.7418351173400879,0.6592835187911987,-0.09497883170843124,0.07749129086732864,-4.015589237213135,-4.368785858154297,-5.424887180328369,0.9737651944160461,1.7724539041519165,1.6906185150146484,0.23493428528308868
0.11055225878953934,0.01645290106534958,-0.8719235062599182,0.7087163329124451,0.7052128911018372,0.016165755689144135,0.011602375656366348,-3.591252565383911,-4.136514663696289,-5.618577480316162,0.56173175573349,1.6422902345657349,1.5887489318847656,-0.3010815978050232
0.0990479588508606,0.018598968163132668,-0.8395307064056396,0.7598403692245483,0.6210659742355347,-0.14128701388835907,0.13022147119045258,-3.721620559692383,-4.120384693145752,-5.300325870513916,0.5712239742279053,1.7500449419021606,1.752249002456665,0.9285330176353455
0.12247467041015625,0.01224385853856802,-0.8388909101486206,0.713918924331665,0.6927956342697144,-0.042595237493515015,0.09241018444299698,-3.514955997467041,-3.7300126552581787,-5.530307769775391,-0.7151875495910645,-0.12298330664634705,-0.28678199648857117,-0.5798451900482178
0.11555621773004532,0.014906401745975018,-0.8266505002975464,0.6267512440681458,-0.675792396068573,-0.2845741808414459,-0.26363810896873474,-3.508690595626831,-3.9981229305267334,-5.80785608291626,16.11809539794922,0.9352149963378906,1.2812470197677612,-1.2819297313690186
0.19701698422431946,0.017520904541015625,-0.8783826231956482,0.5982001423835754,-0.5461456179618835,-0.4819348454475403,-0.33409637212753296,-4.161440372467041,-4.479013919830322,-5.627092361450195,-0.6412975192070007,1.744683861732483,1.7452619075775146,1.4600261449813843
0.22752952575683594,0.022696301341056824,-0.9027724266052246,0.8208688497543335,0.5658268928527832,-0.05538341403007507,0.05428610369563103,-3.6488404273986816,-4.534157752990723,-5.098151683807373,0.6733738780021667,1.7722814083099365,1.7472171783447266,0.8771775960922241
0.19544245302677155,0.011071196757256985,-0.9266350269317627,0.5799894332885742,-0.6382763385772705,-0.24358882009983063,-0.44371169805526733,-4.973706245422363,-5.545318603515625,-6.081176280975342,16.11809539794922,-0.9561359286308289,-1.0493954420089722,-1.327300786972046
0.2828419804573059,0.021304477006196976,-0.9144221544265747,0.8129228353500366,0.5635151863098145,0.10689203441143036,-0.10090173035860062,-3.268970251083374,-3.8598432540893555,-5.077029228210449,-0.2642686069011688,1.7594565153121948,1.7573100328445435,1.4125828742980957
0.373085618019104,0.018408264964818954,-0.9495354890823364,0.7175783514976501,0.6102606058120728,0.22774124145507812,-0.24657106399536133,-3.682663679122925,-4.247611045837402,-5.107366561889648,-0.4231794476509094,1.7589573860168457,1.7295528650283813,1.12065851688385
0.03999881446361542,0.018805282190442085,-0.8246297240257263,0.6247926950454712,-0.6545488834381104,-0.3305794894695282,-0.268173485994339,-3.896437168121338,-4.259500026702881,-5.369462013244629,1.2197600603103638,1.7604198455810547,1.7209151983261108,0.3742625415325165
0.06140310317277908,0.01488810870796442,-0.808082640171051,0.6881270408630371,0.6497589349746704,0.21325749158859253,-0.2425195723772049,-3.792841672897339,-4.466457366943359,-5.87595272064209,-0.5378214120864868,-1.3098711967468262,-1.3005443811416626,-1.3787193298339844
0.1324034482240677,0.0196688249707222,-0.8147518038749695,-0.3823390007019043,0.3989861309528351,0.6082621216773987,0.5697754621505737,-3.601409912109375,-4.131191253662109,-5.654632568359375,-0.6951395869255066,1.7517786026000977,1.7362462282180786,1.5027613639831543
0.1439734548330307,0.01903543621301651,-0.8258548378944397,-0.34737664461135864,0.3499586880207062,0.6322476863861084,0.5975962281227112,-3.638889789581299,-4.121701717376709,-6.22349739074707,-0.23646606504917145,1.7097901105880737,1.6656601428985596,0.1698644757270813
0.21182072162628174,0.019187919795513153,-0.9183556437492371,-0.4227890968322754,0.3925071656703949,0.5978695750236511,0.5565424561500549,-3.553403854370117,-4.623172760009766,-5.291110038757324,0.1295013129711151,1.7518596649169922,1.687870979309082,0.1885364055633545
0.22425827383995056,0.016436461359262466,-0.8878910541534424,0.6709524393081665,0.6402143239974976,0.2630104720592499,-0.26603370904922485,-3.6147749423980713,-4.163694381713867,-6.472280025482178,0.09922652691602707,-0.09255418926477432,-0.2359725832939148,-1.2662708759307861
0.2507515847682953,0.016912108287215233,-0.9121043682098389,0.720475435256958,0.6912147998809814,0.029893305152654648,-0.04736694321036339,-3.762462615966797,-4.291204929351807,-6.022442817687988,1.9357229471206665,1.7031952142715454,1.4978992938995361,-0.6833904385566711
0.29781290888786316,0.013925356790423393,-0.9331273436546326,-0.33210644125938416,0.3536803424358368,0.6448714137077332,0.5905560255050659,-3.7140345573425293,-3.9808154106140137,-6.039828777313232,1.4861867427825928,1.0056827068328857,0.8444415926933289,-1.3486170768737793
0.3212270736694336,0.014203974977135658,-0.9033387303352356,-0.0034560449421405792,-0.4098869264125824,0.06704726815223694,0.9096622467041016,-4.580659866333008,-15.279683113098145,-5.250576496124268,-1.2909841537475586,-0.5124238133430481,-0.19383186101913452,-1.675142765045166
0.3510802686214447,0.01734212599694729,-0.917191207408905,0.7195550799369812,0.6942757368087769,0.004800076596438885,-0.014094797894358635,-3.918689250946045,-4.308670520782471,-6.243772506713867,-0.28243961930274963,1.5415574312210083,1.380756139755249,-0.5291638374328613
0.7925792932510376,0.0156882181763649,-1.235962986946106,0.6968551874160767,0.6386163830757141,-0.23224905133247375,0.22939544916152954,-3.432715892791748,-3.7965145111083984,-5.854665756225586,-0.12995584309101105,1.7110676765441895,1.6836097240447998,1.4289931058883667
0.8018907308578491,0.015184148214757442,-1.2530288696289062,-0.2872117757797241,0.39583349227905273,0.618243396282196,0.6153050661087036,-3.3476955890655518,-3.813161849975586,-4.478915214538574,-0.6059161424636841,0.10137513279914856,-0.0033021699637174606,-0.8958745002746582
0.8004276156425476,0.011299969628453255,-1.2538717985153198,0.6949988007545471,0.6772606372833252,-0.18272945284843445,0.15781205892562866,-3.4173178672790527,-3.7947428226470947,-5.810924530029297,0.4083068072795868,0.7101469039916992,0.7091987133026123,-0.5195121765136719
0.8006279468536377,0.014707483351230621,-1.2522517442703247,0.6737405061721802,0.6652051210403442,0.21903535723686218,-0.23579519987106323,-3.7190070152282715,-4.485040187835693,-5.549404144287109,16.11809539794922,1.726414680480957,1.6539615392684937,0.8707759976387024
0.8374287486076355,0.012119035236537457,-1.106781005859375,0.7033466696739197,0.6425501108169556,-0.2178802192211151,0.21204033493995667,-3.678974151611328,-3.790217399597168,-4.985780715942383,16.11809539794922,0.9808712005615234,1.1828672885894775,-0.056973766535520554
0.8640044331550598,0.014634381979703903,-1.1758368015289307,-0.2952859401702881,0.31393229961395264,0.6277316808700562,0.6482327580451965,-3.5651700496673584,-4.010429382324219,-5.357529163360596,0.022263716906309128,1.720300555229187,1.7318917512893677,1.3484692573547363
0.9482961297035217,0.009210014715790749,-1.231792688369751,0.7201241850852966,0.6929648518562317,0.022194048389792442,0.026986438781023026,-3.5228872299194336,-4.3860039710998535,-5.903759479522705,-1.0758602619171143,-1.0262845754623413,-0.9650407433509827,-1.0946648120880127
0.86925208568573,0.012738147750496864,-1.1875985860824585,0.6898318529129028,0.6758711934089661,-0.1878177672624588,0.17903810739517212,-3.635925769805908,-3.7404062747955322,-6.045835971832275,1.090537190437317,0.852508544921875,1.3131707906723022,-0.2981545627117157
0.8402275443077087,0.009674849919974804,-1.154685139656067,-0.4145123064517975,0.4524975121021271,0.5393658876419067,0.576636791229248,-3.1272928714752197,-3.827251434326172,-6.207677841186523,-1.2784329652786255,-1.024509072303772,-0.6839233636856079,-1.3169680833816528
0.9104270935058594,0.012379041872918606,-1.2123888731002808,0.6778016686439514,0.6731771230697632,0.2122325748205185,-0.20585143566131592,-3.0696842670440674,-3.9203994274139404,-6.020516872406006,-0.30312463641166687,0.4908941984176636,0.6436766982078552,-0.6821693181991577
0.8962064385414124,0.015557087026536465,-1.1814128160476685,-0.354380339384079,0.32328057289123535,0.6313304901123047,0.6093652844429016,-2.965848445892334,-4.2151994705200195,-5.380981922149658,-0.5796793103218079,1.4129737615585327,1.5203405618667603,0.7050203680992126
0.9569383263587952,0.014159894548356533,-1.2393300533294678,0.5976301431655884,-0.6734928488731384,-0.3049962520599365,-0.3101980984210968,-4.135581970214844,-4.330948352813721,-5.864557266235352,0.1674303412437439,1.6379622220993042,1.651605486869812,1.2573184967041016
0.9093196988105774,0.009979701600968838,-1.0959293842315674,0.6460903286933899,0.6745466589927673,0.22966571152210236,-0.27351003885269165,-3.417045831680298,-3.9960830211639404,-5.9195098876953125,-2.0178382396698,-1.3454142808914185,-1.296536922454834,-1.1086513996124268
0.903439998626709,0.008802950382232666,-1.1183581352233887,0.6504986882209778,0.6894446015357971,-0.21772325038909912,0.2326246052980423,-3.108656406402588,-4.451193332672119,-5.81381893157959,-1.1140079498291016,-0.3620719909667969,-0.2540520429611206,-0.7437736988067627
0.9762421250343323,0.009258703328669071,-1.0204640626907349,0.6254861354827881,-0.6612130403518677,-0.29796165227890015,-0.2877207100391388,-2.9477012157440186,-3.8562517166137695,-5.862605094909668,0.5126187205314636,0.36195945739746094,0.7852354645729065,-0.7887496948242188
0.9066534638404846,0.013397813774645329,-1.0490901470184326,-0.3835764527320862,0.4263312816619873,0.5946231484413147,0.5635015964508057,-3.667780876159668,-3.751075506210327,-5.466358661651611,16.11809539794922,0.9959051609039307,1.1888446807861328,-0.1360855996608734
0.9208531379699707,0.013359530828893185,-1.0598357915878296,-0.3612793982028961,0.39648452401161194,0.6261052489280701,0.5659235119819641,-3.51192045211792,-4.067256927490234,-5.440620422363281,-0.10308574140071869,1.7475488185882568,1.76194429397583,1.5912480354309082
0.8434869647026062,0.01527241338044405,-1.0953420400619507,0.7142385840415955,0.6251845955848694,-0.22468964755535126,0.2202771157026291,-3.448993444442749,-3.8773694038391113,-5.477015972137451,-0.0979454442858696,1.6823890209197998,1.7000727653503418,1.5309040546417236
0.9186153411865234,0.014621151611208916,-1.0392028093338013,0.7412806153297424,0.6703049540519714,0.006947206798940897,-0.033853206783533096,-3.229769706726074,-3.8792152404785156,-5.710395336151123,-0.8639262914657593,1.5144211053848267,1.5883042812347412,1.024488925933838
1.047548770904541,0.010353260673582554,-0.9974368214607239,0.7456669211387634,0.6651473045349121,-0.03832239657640457,0.00955770444124937,-3.1333961486816406,-3.6427314281463623,-5.7416157722473145,1.5313462018966675,0.8524621725082397,1.100471019744873,-0.5305342078208923
0.9943413734436035,0.013018852099776268,-0.9976521730422974,-0.3138309419155121,0.4005724787712097,0.6097721457481384,0.6076428294181824,-3.6468160152435303,-4.122990608215332,-5.371067047119141,2.0481784343719482,1.7077275514602661,1.712597131729126,1.3375704288482666
1.0315818786621094,0.008037269115447998,-1.0450191497802734,0.7646116614341736,0.6406339406967163,0.053394027054309845,-0.045893725007772446,-3.5512120723724365,-4.796717166900635,-5.854288578033447,-1.2738951444625854,0.05099785700440407,0.07227121293544769,-0.16344143450260162
1.0539424419403076,0.01197606511414051,-1.007446527481079,-0.4282052516937256,0.45403048396110535,0.5719215273857117,0.5323554277420044,-3.7359707355499268,-4.084718227386475,-5.472304821014404,16.11809539794922,1.5258866548538208,1.5211431980133057,0.6819276809692383
1.0584321022033691,0.008066483773291111,-1.003652811050415,0.6929649710655212,0.6323854923248291,0.23194195330142975,-0.2570817172527313,-2.996549129486084,-3.7760069370269775,-5.760250568389893,-2.2059385776519775,-0.8261685371398926,-0.7822784185409546,-1.1387602090835571
1.0778834819793701,0.013413231819868088,-0.9824203848838806,-0.4750700891017914,0.5051723718643188,0.5209897756576538,0.49767354130744934,-3.4355597496032715,-4.040113925933838,-5.695829391479492,0.8316303491592407,1.7000268697738647,1.7116209268569946,1.1699683666229248
1.1042391061782837,0.010925255715847015,-1.000899314880371,0.5197293758392334,-0.5126480460166931,-0.5113693475723267,-0.453403502702713,-3.903839588165283,-5.078097343444824,-6.575433731079102,1.3970270156860352,1.409440279006958,1.51478111743927,0.6328748464584351
0.7788429856300354,0.014933310449123383,-1.2468136548995972,0.5008450150489807,-0.5398401618003845,-0.47827816009521484,-0.47851523756980896,-3.840467929840088,-4.050593852996826,-6.352672100067139,1.2118102312088013,1.6922826766967773,1.5764610767364502,0.1842922419309616
0.9356364607810974,0.011257893405854702,-1.038738489151001,0.1914648860692978,-0.4278583526611328,0.05045825615525246,0.8818913698196411,-10.365802764892578,-5.299306392669678,-3.8616230487823486,-1.1569843292236328,1.7724539041519165,1.7724539041519165,1.3922042846679688
0.9135693311691284,0.016672184690833092,-1.0375598669052124,-0.34767812490463257,-0.22326049208641052,0.19975939393043518,0.8884654641151428,-10.527854919433594,-5.2016119956970215,-4.3213019371032715,0.1808837354183197,1.7468312978744507,1.7463951110839844,0.9996885061264038
1.2940009832382202,0.011902875266969204,-0.6211369633674622,0.6649412512779236,-0.20544566214084625,-0.7175535559654236,-0.027606181800365448,-3.7364704608917236,-4.926860332489014,-5.103911876678467,-0.6817173361778259,1.6595544815063477,1.564353346824646,1.1710554361343384
1.1345653533935547,0.009201286360621452,-0.5246550440788269,0.5441476106643677,0.7486282587051392,0.021201256662607193,-0.378166139125824,-4.1171464920043945,-4.523358345031738,-4.883798599243164,16.11809539794922,1.7448922395706177,1.720837950706482,0.6264169216156006
1.1355937719345093,0.018512042239308357,-0.5565977692604065,0.6597902178764343,0.7238446474075317,0.12299986183643341,-0.15999001264572144,-3.869344472885132,-4.5374956130981445,-5.002894878387451,16.11809539794922,1.6754631996154785,1.68743097782135,1.671113133430481
1.1264241933822632,0.014101131819188595,-0.4982975423336029,0.5477292537689209,0.49124959111213684,0.6496285200119019,0.19143995642662048,-4.199270725250244,-4.278167247772217,-4.462147235870361,1.0972473621368408,1.5832328796386719,1.341914176940918,-1.7010798454284668
1.1164517402648926,0.005203205160796642,-0.47857630252838135,-0.46570730209350586,0.5688108205795288,0.5559855699539185,0.3878801167011261,-3.5931780338287354,-3.6895928382873535,-5.308835506439209,-0.31634262204170227,-0.8487435579299927,-0.9769847393035889,-1.6245893239974976
1.1357359886169434,0.0035918187350034714,-0.5024626851081848,0.7874717712402344,0.588497519493103,0.18189187347888947,0.02177596278488636,-3.748976945877075,-4.666553020477295,-5.36357307434082,0.6896194219589233,0.849513053894043,0.654951274394989,-1.701700210571289
1.1142628192901611,0.03220726549625397,-0.5033803582191467,-0.4307461977005005,0.2883102595806122,0.45204317569732666,0.725942075252533,-3.8369104862213135,-4.378413677215576,-4.493113040924072,-0.6536790728569031,1.7206804752349854,1.6791973114013672,0.5227169394493103
1.209673523902893,0.00614380044862628,-0.5544854998588562,-0.4669486880302429,0.36546239256858826,0.7183511257171631,0.36382392048835754,-4.073192596435547,-4.381718158721924,-5.190311431884766,16.11809539794922,1.6510169506072998,1.7154512405395508,1.6918727159500122
1.2108325958251953,0.009944196790456772,-0.5793788433074951,0.6188579201698303,-0.36657431721687317,-0.3525599539279938,-0.5986147522926331,-3.9670262336730957,-4.381880283355713,-4.652461528778076,-0.013533521443605423,-0.31140363216400146,-0.39970502257347107,-1.6401058435440063
1.2952274084091187,0.003310269210487604,-0.5890153646469116,0.7202223539352417,0.05881178751587868,-0.6851058602333069,-0.09192833304405212,-4.341189861297607,-4.895712852478027,-5.557789325714111,-0.22541937232017517,0.453591912984848,0.40248629450798035,-0.9438527226448059
1.272321105003357,0.008589053526520729,-0.6185095906257629,0.661558985710144,0.7239406704902649,0.08691611886024475,-0.17520032823085785,-3.482635736465454,-3.94694185256958,-5.073400497436523,-0.5522024035453796,0.5572593808174133,0.6415152549743652,0.09923353046178818
1.2218947410583496,0.005728797987103462,-0.5590592622756958,0.7601215839385986,0.5994899272918701,0.05378557741641998,-0.24481435120105743,-4.0950822830200195,-4.453910827636719,-5.038498401641846,0.7416581511497498,0.6815236806869507,0.5937532782554626,-1.1779229640960693
1.1870588064193726,0.012591707520186901,-0.5923311114311218,0.6420717239379883,0.7630127668380737,0.059853315353393555,-0.0444183312356472,-3.7392783164978027,-4.226149082183838,-5.235828876495361,1.425050139427185,1.72346031665802,1.7485119104385376,1.6883697509765625
1.1904828548431396,0.009426889009773731,-0.5841419696807861,0.5100702047348022,0.7922040224075317,0.18195588886737823,-0.2813064157962799,-3.934251546859741,-4.529741287231445,-6.125533580780029,-0.6414107084274292,-1.3934910297393799,-1.3992552757263184,-1.561959981918335
1.2147477865219116,0.02060049958527088,-0.585964024066925,-0.33285465836524963,0.4615091383457184,0.7052456140518188,0.42290157079696655,-4.072451114654541,-4.55971622467041,-4.935813903808594,16.11809539794922,1.5338594913482666,1.4210457801818848,-0.13505490124225616
1.2384058237075806,0.00933464989066124,-0.5635681748390198,-0.40146031975746155,0.7839053869247437,0.23017145693302155,0.41393598914146423,-3.760937452316284,-4.950833320617676,-5.494378566741943,-1.5286058187484741,-0.70924311876297,-0.7062045931816101,-0.9847787618637085
1.2158522605895996,0.002345290267840028,-0.5279295444488525,0.7208908796310425,0.675355851650238,0.04551339149475098,0.1487930864095688,-3.8659961223602295,-4.676234245300293,-5.577818393707275,-1.3773565292358398,-1.0273469686508179,-0.9714487791061401,-1.7382813692092896
1.1383999586105347,0.02172423154115677,-0.5474168062210083,-0.012369940057396889,0.7471324801445007,0.5794360041618347,0.3254135549068451,-4.062215805053711,-4.294763088226318,-4.8698410987854,0.8860105872154236,1.6281923055648804,1.4781619310379028,-0.7088582515716553
1.1564137935638428,0.022027958184480667,-0.5423992276191711,0.018664836883544922,0.6077333688735962,0.6134166121482849,0.5040156841278076,-4.150947570800781,-4.38937520980835,-4.576017379760742,2.0210886001586914,1.5664920806884766,1.4104118347167969,-1.5327327251434326
1.228139877319336,0.006977057550102472,-0.550818920135498,0.630729615688324,-0.6142280697822571,-0.45924749970436096,-0.11830370128154755,-4.000036239624023,-4.993447303771973,-5.252374649047852,0.6139447689056396,1.6465752124786377,1.6393252611160278,0.49181610345840454
1.1967159509658813,0.018818441778421402,-0.5173894762992859,0.3416524827480316,0.6205520033836365,0.44794344902038574,0.5454680919647217,-3.849807024002075,-4.401209354400635,-4.700750827789307,2.5376994609832764,1.7624160051345825,1.7690279483795166,1.477403163909912
1.197745442390442,0.012063685804605484,-0.6114195585250854,0.5699363946914673,0.807584822177887,0.049765657633543015,-0.1431874930858612,-3.391139268875122,-4.6589555740356445,-6.028488636016846,-0.35659438371658325,-0.3672757148742676,-0.3670555651187897,-0.4357263147830963
1.1794084310531616,0.008208091370761395,-0.546312153339386,-0.4807758927345276,0.3816448450088501,0.5440691709518433,0.5720056295394897,-4.580005645751953,-5.139571189880371,-5.9902472496032715,1.3727446794509888,-1.4504538774490356,-1.099024772644043,-1.7607721090316772
1.1521809101104736,0.00537042086943984,-0.49518683552742004,-0.3327667713165283,0.3981977105140686,0.4734554886817932,0.7117195725440979,-3.9744653701782227,-4.603729248046875,-5.125897407531738,-0.5388607382774353,1.7724539041519165,1.768388271331787,1.1244423389434814
1.141547679901123,0.01068074069917202,-0.5116082429885864,0.7024782299995422,0.634885311126709,0.23217514157295227,-0.2225751280784607,-4.032486915588379,-4.255220413208008,-5.895753383636475,-0.7384258508682251,-1.2059143781661987,-1.3613600730895996,-1.7386903762817383
1.233786940574646,0.015239897184073925,-0.6051391959190369,-0.48325952887535095,0.6627740263938904,0.47171273827552795,0.3235396444797516,-4.091919898986816,-4.582106590270996,-5.854080677032471,16.11809539794922,1.740257740020752,1.7451566457748413,1.685686469078064
1.1812865734100342,0.012986501678824425,-0.561816930770874,0.6862865686416626,0.7057926058769226,-0.12257292866706848,0.12587079405784607,-4.209377288818359,-4.571547508239746,-4.955698013305664,0.45266038179397583,0.5761115550994873,0.569844663143158,-1.705250859260559
1.2411412000656128,0.009340477176010609,-0.6218621134757996,-0.4872666001319885,0.6047153472900391,0.44881671667099,0.44210195541381836,-4.709787845611572,-5.133495330810547,-6.8518195152282715,0.20371916890144348,-0.5780682563781738,-0.5101877450942993,-0.8918537497520447
1.1624802350997925,0.013081311248242855,-0.5123025178909302,0.4653025269508362,0.8680652976036072,0.020778879523277283,0.17182676494121552,-4.125288486480713,-4.7763447761535645,-5.771549224853516,-0.5903321504592896,-0.1262052059173584,-0.31517305970191956,-1.7563427686691284
1.1827459335327148,0.013736438937485218,-0.5128129124641418,0.5709489583969116,0.7986095547676086,0.18889962136745453,-0.023600785061717033,-4.420081615447998,-4.584424018859863,-5.1662163734436035,1.6284493207931519,0.27511653304100037,0.1656690239906311,-1.7553459405899048
1.2233179807662964,0.008741610683500767,-0.5165355801582336,0.6856224536895752,0.6782366633415222,-0.0946853756904602,0.2468838095664978,-4.2646565437316895,-4.596524238586426,-6.160477638244629,0.3609978258609772,-0.21852810680866241,0.12429162859916687,-1.3296728134155273
1.1847680807113647,0.0130347590893507,-0.5173394083976746,0.5329784750938416,-0.44367673993110657,-0.39839968085289,-0.6003021001815796,-4.2066779136657715,-4.56350040435791,-5.379207134246826,-0.7804108262062073,-0.6896914839744568,-0.7894218564033508,-1.7520313262939453
1.2458162307739258,0.010907421819865704,-0.515148937702179,0.5187972784042358,-0.5273259282112122,-0.5412606000900269,-0.39976704120635986,-3.868251323699951,-4.477871417999268,-6.1406331062316895,16.11809539794922,0.37710481882095337,0.34827446937561035,-0.6875177621841431
1.2238069772720337,0.009483391419053078,-0.5295761823654175,0.6467709541320801,-0.6442733407020569,-0.33729228377342224,-0.2298544943332672,-4.279718399047852,-4.335103988647461,-5.774777412414551,0.9878237843513489,0.861114501953125,0.9828740954399109,-0.22536234557628632
1.2312265634536743,0.015400510281324387,-0.5064164400100708,0.5255113244056702,-0.5472012758255005,-0.49111923575401306,-0.42803099751472473,-4.322166919708252,-4.601346492767334,-5.455796241760254,16.11809539794922,1.7664754390716553,1.7676551342010498,1.6091609001159668
1.1510357856750488,0.012009188532829285,-0.48285168409347534,-0.3084299862384796,0.2395424246788025,0.6136890053749084,0.686204195022583,-3.9409263134002686,-4.488858699798584,-5.997421741485596,-0.19777852296829224,-0.08987671136856079,-0.150917187333107,-1.74732506275177
1.205310583114624,0.028837410733103752,-0.4955006241798401,0.5890145301818848,0.7824651598930359,0.05178650841116905,0.1952647715806961,-4.125910758972168,-4.946767807006836,-5.478622913360596,0.2341126948595047,1.6259859800338745,1.5256423950195312,-1.386631727218628
1.203766942024231,0.012168126180768013,-0.4726032316684723,0.7183822989463806,0.5961008071899414,-0.15224456787109375,0.3246726989746094,-4.2859673500061035,-4.606664180755615,-5.02659273147583,2.5260133743286133,1.731775164604187,1.7378488779067993,1.5294220447540283
1.2119461297988892,0.007641036529093981,-0.46732497215270996,0.6991926431655884,-0.381474107503891,-0.5502836108207703,-0.250589519739151,-4.08071756362915,-4.810056686401367,-4.959951400756836,0.4148210287094116,1.1431324481964111,0.9606565237045288,-0.7572070956230164
1.252325415611267,0.015091544948518276,-0.5222715735435486,0.6008315086364746,-0.6884043216705322,-0.26980239152908325,-0.30382177233695984,-4.179407119750977,-5.38397216796875,-5.621919631958008,-0.9567210078239441,0.30874258279800415,0.3518543839454651,0.5053131580352783
1.2499134540557861,0.017228107899427414,-0.5091019868850708,0.7238301038742065,0.5696876049041748,0.22967147827148438,-0.31428802013397217,-4.220612525939941,-4.599309921264648,-5.706643581390381,16.11809539794922,1.748766303062439,1.7498751878738403,1.6956030130386353
1.144887089729309,0.011541394516825676,-0.4721912741661072,0.8862431049346924,0.3976479470729828,0.06998978555202484,-0.2270478904247284,-4.307738780975342,-4.707334041595459,-4.926187515258789,1.2776600122451782,1.7186284065246582,1.4928205013275146,-0.9165546894073486
1.217789649963379,0.014581817202270031,-0.47476300597190857,0.43019673228263855,0.6751012206077576,0.5613405108451843,0.20991887152194977,-3.8971288204193115,-4.439547538757324,-4.8260650634765625,-0.5725199580192566,1.7313989400863647,1.666374921798706,0.05582370609045029
1.201502799987793,0.004604749847203493,-0.468491792678833,0.6431810259819031,0.7436555027961731,-0.17940472066402435,-0.033296018838882446,-3.948296308517456,-4.502384662628174,-5.4555792808532715,-0.3309803605079651,-0.15888839960098267,-0.15227937698364258,-1.6832222938537598
1.195235013961792,0.014062946662306786,-0.4355161190032959,0.5425763130187988,0.4921802878379822,0.5228329300880432,0.43590736389160156,-4.345397472381592,-4.840667247772217,-5.012508392333984,-0.32825398445129395,1.754281759262085,1.6812576055526733,-0.24708029627799988
1.174850344657898,0.010912012308835983,-0.4512302875518799,0.577430248260498,-0.37974193692207336,-0.4620382487773895,-0.5557796955108643,-4.108811855316162,-4.560460090637207,-5.354248523712158,0.21786727011203766,0.9053956866264343,0.42375636100769043,-1.5535893440246582
1.1620161533355713,0.021175548434257507,-0.4429563283920288,0.49595019221305847,0.7079153060913086,0.19341832399368286,0.4641968011856079,-4.60586404800415,-4.643578052520752,-4.731575012207031,1.792685627937317,1.7375483512878418,1.72096848487854,1.4920973777770996
1.2190717458724976,0.005613632034510374,-0.4793088436126709,0.7398518919944763,0.6533784866333008,0.1582280993461609,0.026069292798638344,-4.122328758239746,-4.272406578063965,-4.959150791168213,-0.955079197883606,-0.8983220458030701,-0.8971822261810303,-1.2467252016067505
1.1655532121658325,0.015671374276280403,-0.4422040283679962,0.5350002646446228,0.7624866366386414,0.0008534213411621749,0.3638516962528229,-4.626209735870361,-4.807387351989746,-4.921143531799316,2.421863079071045,1.7641774415969849,1.51505446434021,-0.47861239314079285
1.1915948390960693,0.02095339260995388,-0.44282811880111694,0.048542313277721405,0.7902665138244629,0.405125230550766,0.4571608006954193,-4.204239368438721,-4.808277130126953,-5.393410682678223,1.1046184301376343,1.7344427108764648,1.7550746202468872,0.7009485363960266
1.1684192419052124,0.01706416718661785,-0.4489386975765228,-0.3775480389595032,0.30167314410209656,0.4448389708995819,0.7540351748466492,-4.4588775634765625,-4.730563640594482,-4.816005706787109,0.5690382122993469,1.7213568687438965,1.3501890897750854,-1.2811853885650635
1.1294018030166626,0.012979649938642979,-0.468353271484375,0.7757745981216431,0.5016130805015564,0.2706199586391449,-0.2707821726799011,-3.877777099609375,-5.148797512054443,-5.530123233795166,2.86750864982605,1.7719727754592896,1.764614224433899,1.5366370677947998
1.1896648406982422,0.004648611880838871,-0.47035452723503113,0.13616816699504852,0.8699702024459839,0.09746046364307404,-0.46380123496055603,-4.901766300201416,-6.079907417297363,-10.439624786376953,-0.14929629862308502,1.7724539041519165,1.7188100814819336,-1.0078659057617188
1.2002630233764648,0.018927419558167458,-0.407213032245636,0.6284031271934509,-0.05322996899485588,-0.7757309079170227,-0.02275276742875576,-4.609873294830322,-5.053473949432373,-5.710528373718262,1.787532091140747,1.7724539041519165,1.7724539041519165,1.642000436782837
1.162903904914856,0.00803790707141161,-0.43747982382774353,0.6978552937507629,0.6633310914039612,0.10358405113220215,-0.2495199292898178,-4.1890549659729,-4.443983554840088,-5.754092216491699,-0.4889274537563324,-1.1406744718551636,-1.0844471454620361,-1.6534732580184937
1.197869062423706,0.010502642951905727,-0.40018633008003235,0.9438272714614868,-0.11062915623188019,-0.1381273716688156,0.27905580401420593,-4.993821144104004,-5.120834827423096,-5.192324161529541,0.29483935236930847,1.5345171689987183,1.3261810541152954,0.010606834664940834
1.1912955045700073,0.017953425645828247,-0.44804835319519043,0.6875640749931335,0.6939060688018799,-0.1001109853386879,0.1890178918838501,-4.586612701416016,-4.870490074157715,-5.469796657562256,0.11040940880775452,-0.2875775396823883,-0.7015764713287354,-1.753151774406433
1.180638074874878,0.018232174217700958,-0.40822136402130127,0.7054083347320557,0.6100535988807678,-0.23982781171798706,0.26965972781181335,-3.9989209175109863,-5.14495325088501,-5.59575891494751,0.22877177596092224,1.745710015296936,1.7621492147445679,1.5793766975402832
1.1953014135360718,0.031271304935216904,-0.44225451350212097,0.5356429219245911,0.6937222480773926,0.48149022459983826,0.0018105307826772332,-4.342304229736328,-5.314136981964111,-5.7102837562561035,-0.058026257902383804,1.7560316324234009,1.4701861143112183,-0.6461373567581177
1.2088719606399536,0.013695880770683289,-0.4149433970451355,-0.25768721103668213,0.3004904091358185,0.6689174175262451,0.6291679739952087,-3.656935691833496,-4.334342956542969,-5.345747470855713,-1.042258620262146,-1.0654946565628052,-1.1566475629806519,-1.3234832286834717
1.2146261930465698,0.016000140458345413,-0.42652881145477295,0.7404062747955322,0.6720895171165466,-0.008348370902240276,-0.004954237025231123,-3.749879837036133,-4.4084954261779785,-5.872687339782715,-0.9643576741218567,1.7405126094818115,1.7193458080291748,0.8246712684631348
1.114911675453186,0.02360447868704796,-0.5160806179046631,0.7936897277832031,0.46719321608543396,0.2170407623052597,-0.323543518781662,-3.9401209354400635,-4.359842777252197,-4.850237846374512,0.7203087210655212,0.6538521647453308,0.42170771956443787,-1.522441029548645
1.1072112321853638,0.03096017800271511,-0.5063564777374268,-0.36146098375320435,0.7904168963432312,0.19434703886508942,0.45477065443992615,-4.08784818649292,-4.350666522979736,-5.299689769744873,-0.9596718549728394,1.688091516494751,1.5159494876861572,-0.48818373680114746
1.0930315256118774,0.016172828152775764,-0.5089410543441772,0.31588250398635864,0.08225386589765549,-0.6283089518547058,0.7061730623245239,-5.5544114112854,-14.75538444519043,-6.170151710510254,-2.1335086822509766,0.34058913588523865,0.8657425045967102,1.7724539041519165
1.2957688570022583,0.024111047387123108,-0.6021719574928284,-0.35563206672668457,0.5276942849159241,0.46763575077056885,0.6134992837905884,-4.654683589935303,-5.273503303527832,-6.888321876525879,16.11809539794922,1.7724539041519165,1.7724539041519165,1.710067629814148
1.2035601139068604,0.035526443272829056,-0.5397946834564209,0.69249027967453,-0.5036141872406006,-0.5129128694534302,-0.06124025210738182,-3.98622989654541,-4.607812404632568,-5.163633346557617,16.11809539794922,1.7693111896514893,1.7697230577468872,1.7120734453201294
1.2026536464691162,0.029634475708007812,-0.5401042103767395,0.9128991365432739,-0.16604836285114288,-0.19977600872516632,-0.31485337018966675,-4.371723175048828,-4.639187335968018,-5.027616024017334,0.07665063440799713,1.6089231967926025,1.4042731523513794,-1.1972553730010986
1.1663265228271484,0.026671014726161957,-0.5071424245834351,0.6322529315948486,-0.5373227596282959,-0.44787517189979553,-0.33308911323547363,-4.359288692474365,-4.469366550445557,-4.8468403816223145,1.4653944969177246,1.7135565280914307,1.6026577949523926,-1.3722668886184692
1.200786828994751,0.035757023841142654,-0.5307027101516724,0.5690327882766724,0.7503589391708374,0.3331504762172699,0.046625010669231415,-4.3426947593688965,-4.73537015914917,-5.49021577835083,16.11809539794922,1.7283200025558472,1.628851294517517,0.04723533242940903
1.1573771238327026,0.03169335424900055,-0.5406895279884338,-0.15956418216228485,0.5361306071281433,0.3814367353916168,0.7359410524368286,-4.009004592895508,-4.538480758666992,-5.39172887802124,0.7499173283576965,1.7353090047836304,1.7181133031845093,0.941811203956604
1.2169771194458008,0.03521166741847992,-0.5764503479003906,0.7144201397895813,-0.5399437546730042,-0.4091144800186157,-0.175185427069664,-4.285261154174805,-4.697946548461914,-5.969924449920654,16.11809539794922,1.7701743841171265,1.767598271369934,1.640668272972107
1.2960295677185059,0.03441039100289345,-0.5730973482131958,-0.3608032763004303,0.6535113453865051,0.41695278882980347,0.5185501575469971,-5.01085090637207,-5.278337478637695,-6.058088302612305,2.046445846557617,1.708259105682373,1.7121680974960327,1.5559353828430176
1.160627841949463,0.037336315959692,-0.5311459898948669,-0.2791649401187897,0.7807522416114807,0.316663533449173,0.46067023277282715,-3.8886373043060303,-4.597780704498291,-5.360008716583252,1.32602858543396,1.7713083028793335,1.7692813873291016,1.681998372077942
1.1458715200424194,0.039100468158721924,-0.5199499130249023,0.7163906693458557,0.5831145644187927,-0.3778409957885742,0.06322996318340302,-4.083232402801514,-4.448955535888672,-5.0807905197143555,16.11809539794922,1.7540113925933838,1.7634474039077759,1.6078712940216064
1.1703592538833618,0.03837506100535393,-0.4911740720272064,-0.3972415030002594,0.2573035955429077,0.8127585649490356,0.3397315740585327,-4.084871292114258,-4.489831447601318,-5.299042701721191,1.8818532228469849,1.7704294919967651,1.7708604335784912,1.654099702835083
1.1566849946975708,0.031475979834795,-0.4721886217594147,0.6529735326766968,0.6632958054542542,-0.3531590402126312,-0.09456707537174225,-4.084244728088379,-4.826480865478516,-5.039357662200928,0.6907712817192078,1.7196359634399414,1.6454740762710571,0.6193793416023254
1.2139651775360107,0.035299696028232574,-0.49262046813964844,0.6848554015159607,0.6819696426391602,0.1642933487892151,0.19722604751586914,-4.50138521194458,-5.112922191619873,-5.617905616760254,2.4835402965545654,1.7712639570236206,1.7379440069198608,0.9588574171066284
1.217422366142273,0.036742448806762695,-0.49257245659828186,0.46239498257637024,0.8247620463371277,-0.015328553505241871,0.3251515328884125,-4.405696868896484,-4.646463394165039,-5.682295799255371,1.7236005067825317,1.6415482759475708,1.5194863080978394,-0.3793318569660187
1.1985461711883545,0.03343309462070465,-0.4397725760936737,0.8311886787414551,-0.36818110942840576,-0.4166090190410614,0.002229471690952778,-4.575061798095703,-4.8460693359375,-5.792450428009033,16.11809539794922,1.7602747678756714,1.7071150541305542,1.3627269268035889
0.9248533248901367,0.0009934942936524749,-0.07912272959947586,0.6515225172042847,0.6998739838600159,0.2222818285226822,-0.190487802028656,-4.014134883880615,-4.240813255310059,-5.4331374168396,16.11809539794922,-1.552827000617981,-1.6965540647506714,-1.7323611974716187
0.9464401602745056,0.007512419950217009,-0.11069883406162262,0.5809645652770996,0.7959255576133728,0.07642479985952377,-0.15212474763393402,-3.513010263442993,-4.183805465698242,-5.115809917449951,0.48954132199287415,-0.403722882270813,-0.44290241599082947,-0.4930676221847534
0.9271541237831116,0.010613256134092808,-0.1017058715224266,0.7148552536964417,0.5943779349327087,0.2437179535627365,-0.2762216329574585,-4.0680365562438965,-4.217303276062012,-4.858933448791504,1.1412986516952515,1.6955010890960693,1.7388182878494263,1.6412702798843384
0.9932923316955566,-0.0015916661359369755,-0.07564134150743484,0.5848867297172546,-0.5532674193382263,-0.4399319887161255,-0.39782217144966125,-3.851768970489502,-4.677590370178223,-5.515538692474365,16.11809539794922,-1.604818344116211,-1.7342597246170044,-1.7666964530944824
0.9558190107345581,-0.00042877375381067395,-0.09456765651702881,-0.3153669238090515,0.25055429339408875,0.6276578903198242,0.6661919951438904,-4.203221321105957,-4.63980770111084,-5.925605773925781,16.11809539794922,-1.5618045330047607,-1.7154483795166016,-1.7690404653549194
0.961438775062561,-0.0008644713088870049,-0.06988479197025299,0.7281408309936523,0.5763415098190308,-0.29180970788002014,0.2291037142276764,-4.141935348510742,-4.825684547424316,-5.434436321258545,1.0120705366134644,-1.2286262512207031,-1.6929224729537964,-1.7681776285171509
0.9432632923126221,0.0035632848739624023,-0.10959460586309433,0.6145932078361511,0.7785131335258484,0.00033435082877986133,-0.1272493451833725,-3.546926975250244,-4.268174648284912,-5.986677169799805,16.11809539794922,-1.0440386533737183,-1.1098990440368652,-1.107528805732727
0.8683590888977051,0.008264807052910328,-0.025392930954694748,-0.430710107088089,0.5390572547912598,0.453583300113678,0.5640640258789062,-3.4301540851593018,-3.824281692504883,-4.883972644805908,-0.5816628336906433,1.4910714626312256,1.604702115058899,1.68636155128479
0.8865332007408142,0.007707623764872551,-0.07460954785346985,-0.1857621669769287,0.38630127906799316,0.5586951971054077,0.7100164890289307,-3.606727361679077,-3.977173089981079,-5.410959720611572,-0.5732945799827576,-1.2486516237258911,-1.431254267692566,-1.5902082920074463
0.8764060735702515,0.007419685833156109,-0.06205914914608002,-0.20227770507335663,0.3603399097919464,0.44794267416000366,0.7928342819213867,-3.2920241355895996,-4.107378959655762,-5.263413906097412,0.17933519184589386,0.5427842140197754,0.5562001466751099,0.6238204836845398
0.8994532227516174,-0.000022732801880920306,-0.035502247512340546,0.7104438543319702,0.6575682163238525,-0.19837088882923126,0.1533706784248352,-4.128709316253662,-4.244536399841309,-5.221466541290283,16.11809539794922,-1.5189764499664307,-1.682704210281372,-1.6946386098861694
0.8636550903320312,0.008891385979950428,-0.048518501222133636,-0.2885220944881439,0.4718224108219147,0.4401158094406128,0.7074154615402222,-3.4550235271453857,-4.2476935386657715,-5.294825077056885,2.8164846897125244,-0.32408609986305237,-0.3493012487888336,-0.26223963499069214
0.9252914190292358,0.006196143105626106,0.018500514328479767,0.7808396816253662,0.5928873419761658,0.11067710816860199,-0.1628635674715042,-3.202491044998169,-3.520158052444458,-5.567025661468506,-0.2839660048484802,-0.006227539852261543,-0.25028321146965027,-0.38007330894470215
0.8673908114433289,0.009200815111398697,0.006709293462336063,-0.49150633811950684,0.7439965009689331,0.2839248478412628,0.3525300621986389,-3.7409818172454834,-3.9706838130950928,-5.5721821784973145,1.7726538181304932,0.10682082921266556,0.1914452761411667,0.3004990518093109
0.9801114797592163,-0.0022602477110922337,-0.015936551615595818,0.7176783680915833,0.6436612010002136,0.20900338888168335,-0.16418154537677765,-3.9763340950012207,-4.334718227386475,-5.559991359710693,1.3945213556289673,-1.5067015886306763,-1.7612576484680176,-1.771447777748108
0.9913027882575989,0.008245524950325489,0.009273162111639977,-0.3514169752597809,0.24345527589321136,0.7312049269676208,0.5315777659416199,-3.540945053100586,-4.197854518890381,-5.490231513977051,0.6593155264854431,-1.357062578201294,-1.5725940465927124,-1.6618283987045288
0.9969557523727417,0.013149602338671684,-0.0601450577378273,0.5395159721374512,-0.614639163017273,-0.3857554495334625,-0.4270057678222656,-3.3205738067626953,-4.058036804199219,-4.7264862060546875,-0.6940670609474182,1.6605033874511719,1.6563884019851685,1.7388492822647095
0.969511866569519,0.004498868249356747,-0.1209145039319992,0.9665126204490662,0.19098882377147675,-0.16708475351333618,-0.038201138377189636,-4.222843170166016,-4.941800594329834,-5.9719343185424805,-0.3383227586746216,0.3647075593471527,0.4877609312534332,0.7615201473236084
0.9024105668067932,0.010200124233961105,0.01716984622180462,0.6699826717376709,0.6797468066215515,-0.21868395805358887,0.20308832824230194,-3.3883774280548096,-4.5736002922058105,-5.8413591384887695,0.7716304659843445,-1.416987419128418,-1.7367620468139648,-1.7344542741775513
1.010146975517273,0.00679605919867754,-0.07835689932107925,0.5073388814926147,-0.5743686556816101,-0.4904577136039734,-0.4149206280708313,-3.551499128341675,-4.468074321746826,-5.781925201416016,16.11809539794922,-1.4723131656646729,-1.4974547624588013,-1.655002236366272
1.0109716653823853,0.003510481445118785,-0.02540230005979538,0.563465416431427,-0.46333134174346924,-0.6089887022972107,-0.3113897144794464,-3.451547622680664,-4.463818550109863,-5.942752838134766,0.1990443766117096,-0.7582862973213196,-0.9776312112808228,-1.3500474691390991
1.0042105913162231,0.009772163815796375,-0.020664116367697716,0.6235031485557556,-0.4944228231906891,-0.544834554195404,-0.26447156071662903,-3.263331651687622,-4.506466865539551,-5.130344390869141,-1.8415621519088745,0.6844378709793091,0.45698636770248413,0.2961661219596863
0.9661067128181458,0.012650392949581146,0.03618200123310089,-0.2720720171928406,0.35556355118751526,0.627713143825531,0.6368104815483093,-3.0198469161987305,-4.1505913734436035,-5.492386341094971,-0.6223883032798767,-0.2690010368824005,-0.3375425338745117,-0.3217586874961853
1.1072940826416016,0.03868336230516434,-0.4948863089084625,0.7405309081077576,0.6438671946525574,-0.17907360196113586,0.07058067619800568,-3.920217275619507,-4.599128723144531,-5.733341693878174,0.6107986569404602,1.7651740312576294,1.7632912397384644,1.5455812215805054
1.2271652221679688,0.04191547632217407,-0.4787927567958832,-0.4966006875038147,0.3654337525367737,0.6718313694000244,0.4104735851287842,-4.389780044555664,-4.5805439949035645,-5.649426460266113,0.8253602385520935,1.7600059509277344,1.7233092784881592,1.6801118850708008
1.1324255466461182,0.04953067749738693,-0.5312337279319763,-0.27780213952064514,0.37420588731765747,0.4722493886947632,0.7481821179389954,-4.483527183532715,-5.070496082305908,-5.8810625076293945,16.11809539794922,1.7719215154647827,1.7706042528152466,1.6422507762908936
1.1750380992889404,0.048569582402706146,-0.4816753566265106,-0.3424379825592041,0.4524747133255005,0.7499780654907227,0.33990558981895447,-4.080066680908203,-4.638078689575195,-5.589940547943115,-0.09359297901391983,1.7398735284805298,1.7209644317626953,0.7975072860717773
-0.6400038003921509,0.10660553723573685,-0.17877866327762604,-0.1024675965309143,0.6851133704185486,0.7206491827964783,0.02801462821662426,-3.977658271789551,-5.6158528327941895,-5.829555034637451,1.2447080612182617,1.6917922496795654,1.5813469886779785,1.3725405931472778
-1.1359360218048096,0.012073352932929993,0.0714002177119255,0.9722591042518616,-0.0656321570277214,0.0688309296965599,-0.2136983871459961,-3.9206602573394775,-4.405367374420166,-5.034724712371826,-0.12166771292686462,-1.0355056524276733,-1.6873681545257568,-1.7665542364120483
-1.1722034215927124,0.009970678016543388,0.13526658713817596,0.44469282031059265,0.8241809010505676,-0.22592505812644958,0.2682015001773834,-3.1852028369903564,-4.223753452301025,-4.780177593231201,16.11809539794922,1.770544171333313,1.4934114217758179,0.047029826790094376
-1.2556248903274536,0.0027322981040924788,0.14511898159980774,-0.4173796772956848,0.07213744521141052,0.9058643579483032,0.00035355231375433505,-2.7951667308807373,-4.252228260040283,-4.609966278076172,-0.348661869764328,1.1421608924865723,1.7724539041519165,1.7724539041519165
-1.1551834344863892,0.010456136427819729,0.06051935628056526,0.5629788041114807,-0.46475568413734436,-0.30115073919296265,-0.613486111164093,-4.206033706665039,-4.430938720703125,-4.818462371826172,-0.5169780850410461,0.49155938625335693,-1.1062002182006836,-1.7679073810577393
-1.2863205671310425,0.015740539878606796,0.13318835198879242,-0.29519903659820557,0.31536683440208435,0.6394404172897339,0.6360167264938354,-3.8501498699188232,-5.047572135925293,-5.296073913574219,1.0572797060012817,1.1924327611923218,-0.11375945806503296,-1.5971107482910156
-1.2191098928451538,0.015844954177737236,0.12812471389770508,0.9313544631004333,-0.11049333959817886,0.3318898677825928,-0.101090207695961,-3.7248947620391846,-4.343028545379639,-4.543149471282959,2.2322568893432617,1.6939661502838135,1.7703897953033447,1.648278832435608
-1.1456291675567627,0.02094855345785618,0.10100983828306198,0.9410204291343689,0.2793450653553009,0.07938303053379059,0.17362381517887115,-4.0679850578308105,-4.992573261260986,-5.060437202453613,4.588055610656738,1.7721623182296753,1.6748836040496826,0.564488410949707
-1.1975841522216797,0.014017202891409397,0.14209315180778503,0.6419079303741455,0.7653331160545349,0.034593455493450165,0.03198009356856346,-3.3746747970581055,-3.915100336074829,-4.523236274719238,16.11809539794922,1.7632023096084595,1.7545348405838013,0.9684886336326599
-1.1780335903167725,0.011291529051959515,0.09948107600212097,0.7066333889961243,-0.536041796207428,-0.23632436990737915,-0.3968365788459778,-4.120941162109375,-4.309793472290039,-5.02915096282959,16.11809539794922,1.7669086456298828,1.278623104095459,-0.8563985228538513
-1.2106647491455078,0.0033051581121981144,0.1605476438999176,0.5692312121391296,-0.4935542941093445,-0.37598925828933716,-0.5394553542137146,-3.409217357635498,-3.5802338123321533,-5.504700183868408,1.6863081455230713,1.7656781673431396,1.4072400331497192,-0.8019639849662781
-1.0900053977966309,0.009842201136052608,0.03340590372681618,0.9209250211715698,0.32438337802886963,0.1530030220746994,0.15252083539962769,-3.8379628658294678,-4.109040260314941,-5.021604061126709,0.29184916615486145,1.765832781791687,1.7459614276885986,1.656528115272522
-1.0991456508636475,0.003709817072376609,0.04776451364159584,-0.07976158708333969,0.4059683084487915,0.47486409544944763,0.7767444252967834,-3.920550584793091,-4.564050197601318,-5.02992582321167,0.11003129929304123,0.42460379004478455,-0.40576305985450745,-1.6711174249649048
-1.016578197479248,0.0034082746133208275,0.06292103230953217,0.6112047433853149,0.7774519920349121,0.05549117177724838,-0.13754217326641083,-3.5225839614868164,-4.147092342376709,-4.751740455627441,1.6010968685150146,-0.6471691727638245,-1.3125883340835571,-1.77194344997406
-1.0596592426300049,0.010414361022412777,0.0470750667154789,-0.36851173639297485,0.656089186668396,0.5050534009933472,0.42269036173820496,-3.8121731281280518,-4.893945693969727,-6.294604301452637,-0.10152500867843628,-0.48326775431632996,-1.7192375659942627,-1.7724539041519165
-1.098871111869812,0.030348002910614014,0.07148907333612442,-0.07496922463178635,0.7832569479942322,0.5693088173866272,0.23827634751796722,-4.00496244430542,-4.264182090759277,-5.142020225524902,-0.7341890931129456,1.771921992301941,1.3536127805709839,0.4986589252948761
-1.0721479654312134,0.012278574518859386,0.12657278776168823,0.44918587803840637,0.7464227080345154,0.48105910420417786,0.0983225628733635,-4.080929756164551,-5.168545246124268,-5.989288806915283,-1.221529245376587,-0.4658038914203644,-1.371415138244629,-1.6765743494033813
-1.0466276407241821,0.014728683978319168,0.13917960226535797,0.4769059419631958,0.8104957938194275,0.11663061380386353,0.31945985555648804,-4.058577537536621,-5.001953125,-5.3088483810424805,-0.5352462530136108,0.9440167546272278,-1.0389095544815063,-1.652280569076538
-1.0762193202972412,0.008603057824075222,0.17355211079120636,0.5409148335456848,0.7749980688095093,-0.13253118097782135,0.29870498180389404,-3.2880334854125977,-3.912613868713379,-4.878401756286621,16.11809539794922,1.7655400037765503,1.3557603359222412,-0.08147035539150238
-1.104810357093811,0.014391073025763035,0.11546426266431808,0.5802799463272095,0.8085232377052307,-0.011203517206013203,0.09715873748064041,-3.64949369430542,-4.0801520347595215,-4.717135906219482,16.11809539794922,1.7677897214889526,1.324796199798584,-0.48789796233177185
-1.0485163927078247,0.01946725882589817,0.1272866427898407,0.91176837682724,0.05302741378545761,-0.37750133872032166,0.15283755958080292,-4.806190490722656,-5.382030010223389,-5.644878387451172,16.11809539794922,-0.51203852891922,-1.5575625896453857,-1.7543423175811768
-1.1797372102737427,0.018723513931035995,0.015267077833414078,0.5088427066802979,-0.6516050100326538,-0.3668104112148285,-0.4265443682670593,-3.2142162322998047,-3.8721845149993896,-4.987353801727295,-0.33644425868988037,1.7387175559997559,1.1021522283554077,-1.508670449256897
-1.195346713066101,0.017009027302265167,0.0380161814391613,0.6972742676734924,0.6661025285720825,-0.07902074605226517,0.252728670835495,-4.413973808288574,-4.868713855743408,-5.32173490524292,0.6880342960357666,1.753819227218628,1.64336359500885,1.2606176137924194
-1.1364332437515259,0.02926473692059517,0.03468968719244003,0.6249470710754395,0.024706263095140457,-0.7672825455665588,-0.14180363714694977,-3.6025731563568115,-4.11396598815918,-4.349172592163086,-0.011304537765681744,1.7724539041519165,1.7685736417770386,1.6770845651626587
-1.1545991897583008,0.024609478190541267,0.055555954575538635,-0.21393144130706787,0.7132401466369629,0.5645776391029358,0.3560531735420227,-4.04069709777832,-4.377142906188965,-4.695391654968262,0.01678655482828617,1.7708975076675415,1.532151460647583,0.2596321702003479
-1.2271322011947632,0.025295840576291084,0.014829659834504128,0.9212337732315063,-0.02498394064605236,-0.3647708594799042,0.13283957540988922,-3.9983484745025635,-4.8195061683654785,-5.569962501525879,-1.7057979106903076,0.9912297129631042,-0.8142937421798706,-1.768667221069336
-1.188210129737854,0.009854074567556381,0.026128282770514488,0.8125571608543396,0.28263893723487854,-0.4394795596599579,-0.2583094835281372,-4.919405460357666,-5.28121280670166,-7.103939056396484,-1.4814668893814087,0.9252976179122925,0.9169923067092896,1.2359634637832642
-1.2046633958816528,0.02761736512184143,0.03668626397848129,0.8096678256988525,0.461056649684906,-0.2984451353549957,0.20687010884284973,-4.051488876342773,-4.947787284851074,-5.261125564575195,-0.022427471354603767,-0.4001612365245819,-0.9822521209716797,-1.7696812152862549
-1.1970455646514893,0.02999350056052208,0.045968908816576004,0.9199661016464233,0.23941205441951752,-0.195271834731102,0.2412739098072052,-4.065149307250977,-4.740349769592285,-4.945892810821533,-0.7698012590408325,1.2387038469314575,-0.12212999165058136,-1.710798978805542
-1.1859115362167358,0.017655912786722183,0.08287841081619263,0.7968592047691345,0.48725852370262146,0.2635190188884735,-0.24114789068698883,-3.985274076461792,-4.939161777496338,-5.021527290344238,16.11809539794922,1.75715172290802,1.7508310079574585,1.6530044078826904
-1.2720839977264404,0.013859782367944717,0.17350654304027557,-0.33571144938468933,0.4587468206882477,0.4472981095314026,0.6904879212379456,-3.476701259613037,-4.101400375366211,-5.338183879852295,16.11809539794922,1.7650465965270996,1.1784415245056152,-0.7320123314857483
-1.286211371421814,0.025825319811701775,0.12818388640880585,0.5183607935905457,-0.2695024907588959,-0.6409842371940613,-0.4978048801422119,-3.9599599838256836,-4.719404220581055,-5.215660572052002,-0.28435805439949036,1.6716458797454834,1.5881081819534302,0.9111799001693726
-1.2136881351470947,0.012560906819999218,0.08745761215686798,0.495637446641922,0.3689538836479187,0.3866617679595947,0.6846234202384949,-4.802693843841553,-5.365286827087402,-5.804503917694092,-0.659272313117981,0.1150917336344719,-1.0687400102615356,-1.763780951499939
-1.218337893486023,0.023794852197170258,0.10530030727386475,0.9819641709327698,-0.1682250201702118,0.08572333306074142,0.009911094792187214,-3.7860543727874756,-4.314952850341797,-5.009971618652344,-0.5114506483078003,1.7618486881256104,1.2824273109436035,-0.8353468179702759
-1.0724709033966064,0.01791285164654255,0.048004068434238434,-0.38701963424682617,0.6251005530357361,0.571677565574646,0.36421123147010803,-4.0129194259643555,-4.164581775665283,-5.122625350952148,1.2517342567443848,1.7300982475280762,-0.19397151470184326,-1.7599481344223022
-1.0769580602645874,0.015549453906714916,0.07242818921804428,0.6847057938575745,0.6595166921615601,0.191566601395607,-0.24396304786205292,-3.821207284927368,-4.30713415145874,-4.544272422790527,-0.014599617570638657,1.5969822406768799,0.3465017080307007,-1.4610590934753418
-1.114086389541626,0.017473483458161354,0.06582299619913101,-0.1964408904314041,0.44908007979393005,0.7868487238883972,0.37497615814208984,-4.337839603424072,-4.446120262145996,-5.244098663330078,0.8901399374008179,-0.2623341679573059,-1.1357688903808594,-1.7489657402038574
-0.9962158203125,0.00972945336252451,0.06376317888498306,0.9438588619232178,0.295086145401001,0.14596793055534363,-0.027348622679710388,-3.918161392211914,-4.755095958709717,-5.716590404510498,1.1463420391082764,1.7724539041519165,1.7164586782455444,1.3371673822402954
-1.122800350189209,0.020790135487914085,0.06191256269812584,0.8234008550643921,0.49206769466400146,0.10013681650161743,-0.2642973065376282,-4.244028091430664,-4.449089050292969,-4.754501819610596,16.11809539794922,1.3862742185592651,-0.11204160004854202,-1.7285957336425781
-1.0425118207931519,0.023271232843399048,0.12379204481840134,0.8812163472175598,-0.14655524492263794,-0.42680010199546814,-0.14078688621520996,-4.059381008148193,-4.776796340942383,-5.603479385375977,3.983520984649658,1.3816990852355957,0.5312748551368713,-1.5322699546813965
-1.1259253025054932,0.018342746421694756,0.10838839411735535,0.9597208499908447,0.03908958658576012,0.0031299786642193794,-0.2782050371170044,-3.9569456577301025,-4.24061393737793,-4.914058208465576,0.024927327409386635,1.77216374874115,1.5138498544692993,-1.4763926267623901
-1.0663374662399292,0.022081421688199043,0.1401529163122177,0.9006541967391968,0.19789692759513855,-0.33172693848609924,0.1990378201007843,-4.0659260749816895,-4.6889872550964355,-4.949674606323242,16.11809539794922,1.7676727771759033,1.5731154680252075,0.5988838076591492
-1.2456175088882446,0.009574086405336857,0.2748652696609497,-0.4338233470916748,0.5015819668769836,0.5058677196502686,0.5516436100006104,-2.8795619010925293,-3.446070909500122,-5.309263229370117,16.11809539794922,1.7723398208618164,1.1412773132324219,-0.933155357837677
-1.1437132358551025,0.006896050181239843,0.2964749038219452,0.6019561290740967,-0.5425799489021301,-0.4559006989002228,-0.3679814040660858,-3.1302151679992676,-3.6111207008361816,-5.2455010414123535,16.11809539794922,1.7698005437850952,1.0768227577209473,-0.8845236897468567
-1.1178243160247803,0.007498093880712986,0.24866683781147003,0.6212445497512817,-0.5382295846939087,-0.4311569631099701,-0.37211257219314575,-2.9078259468078613,-3.3161706924438477,-4.753694534301758,16.11809539794922,1.7672806978225708,1.3780972957611084,-0.36053431034088135
-1.1062346696853638,0.022722583264112473,0.27997490763664246,-0.17456777393817902,0.4460451304912567,0.4538256824016571,0.751406729221344,-3.2257888317108154,-4.082645893096924,-4.284217357635498,1.4655451774597168,1.6357238292694092,1.7528965473175049,1.7114245891571045
-1.0131769180297852,0.021303730085492134,0.16599386930465698,0.5326140522956848,0.6597879528999329,0.4283337891101837,0.31230154633522034,-4.174633979797363,-4.544411659240723,-5.317000865936279,0.06492344290018082,0.9882375001907349,-0.09608566015958786,-1.4881272315979004
-1.0762752294540405,0.006973364856094122,0.31550589203834534,-0.46280282735824585,0.44593286514282227,0.5464929938316345,0.5369383692741394,-2.9235823154449463,-3.804311513900757,-5.088785648345947,1.491647481918335,1.6830470561981201,0.5298334360122681,-1.5338892936706543
-1.0947943925857544,0.015355604700744152,0.33200040459632874,-0.4774540960788727,0.4591216742992401,0.5590445399284363,0.4987124502658844,-3.6088688373565674,-4.122076034545898,-4.646491050720215,-0.09107011556625366,1.7715996503829956,1.4859343767166138,0.711892306804657
-1.2491894960403442,0.017974579706788063,0.21064957976341248,-0.4495144784450531,0.27285775542259216,0.7749327421188354,0.35066312551498413,-3.414010763168335,-3.4872567653656006,-4.528149127960205,-0.12548549473285675,1.5807121992111206,1.4754632711410522,1.3502209186553955
-1.2208154201507568,0.011169790290296078,0.35928964614868164,-0.447674423456192,0.4969913065433502,0.521374523639679,0.5298640131950378,-3.2219600677490234,-3.6818392276763916,-5.713660717010498,16.11809539794922,1.7724539041519165,0.7030335664749146,-1.5558744668960571
-0.9923621416091919,0.021970394998788834,0.19703952968120575,0.7848585844039917,-0.2841569781303406,-0.5330750346183777,-0.1381404846906662,-3.7788798809051514,-4.677801132202148,-5.25678014755249,1.417458415031433,0.8192956447601318,-0.38394537568092346,-1.4206732511520386
-1.0387665033340454,0.012450624257326126,0.2438639998435974,0.5727350115776062,-0.3974408209323883,-0.5276537537574768,-0.4853832721710205,-3.258558511734009,-3.678546667098999,-5.002273082733154,0.7386124134063721,1.7649916410446167,1.0991538763046265,-0.7101529240608215
-1.0926538705825806,0.02588478848338127,0.21956710517406464,0.9474703073501587,0.23202092945575714,0.2125784158706665,-0.0572425052523613,-3.2099595069885254,-4.4935479164123535,-4.78386926651001,1.4229583740234375,1.7724539041519165,1.7724539041519165,1.6368297338485718
-1.0668526887893677,0.02490217611193657,0.23350447416305542,0.7844168543815613,0.5272506475448608,0.26981115341186523,-0.18411648273468018,-3.4632508754730225,-4.18226432800293,-4.642547130584717,0.16860085725784302,1.5386600494384766,1.7447181940078735,1.714192271232605
-1.0181210041046143,0.020944861695170403,0.20395521819591522,0.7815112471580505,-0.44798943400382996,-0.4189450442790985,-0.11415208131074905,-4.166688919067383,-4.738253116607666,-5.017826557159424,16.11809539794922,1.7713024616241455,1.5480519533157349,0.5686231255531311
-0.98321932554245,0.018055884167551994,0.23994198441505432,0.7035717964172363,-0.5082692503929138,-0.49399620294570923,-0.05115543305873871,-3.985783576965332,-4.010555267333984,-5.385329723358154,0.3649876117706299,-0.2965775430202484,-1.3089728355407715,-1.6858680248260498
-1.0425841808319092,0.014698759652674198,0.3259890377521515,0.6045250296592712,-0.5174228549003601,-0.4791215658187866,-0.3704937994480133,-3.47184681892395,-3.811485528945923,-5.138838768005371,16.11809539794922,1.7334940433502197,1.1253917217254639,-0.4157620072364807
-0.9808335304260254,0.02837417460978031,0.2948969006538391,0.6874375939369202,-0.3480015695095062,-0.6369597911834717,0.02463012933731079,-4.1123199462890625,-4.774112701416016,-5.5809221267700195,0.9226616024971008,0.6944817304611206,-0.47541847825050354,-1.5013705492019653
-0.9925061464309692,0.011217477731406689,0.31243598461151123,0.5603693723678589,-0.23412717878818512,-0.6895805597305298,-0.39452412724494934,-3.708141565322876,-4.172333240509033,-5.659748554229736,0.11569855362176895,-0.7086993455886841,-1.3242671489715576,-1.7615911960601807
-0.9959295988082886,0.007814183831214905,0.2679232954978943,-0.3227945864200592,-0.27717480063438416,-0.4790078103542328,0.7678080797195435,-3.9923031330108643,-8.218189239501953,-5.295278549194336,-1.2909841537475586,1.7724539041519165,0.9939643144607544,0.4379003345966339
-0.9858640432357788,0.017100054770708084,0.2565264105796814,0.7671900391578674,-0.47410738468170166,-0.4301450848579407,0.040209148079156876,-4.217746734619141,-4.999543190002441,-5.295226097106934,0.5889649391174316,1.580459475517273,0.7553202509880066,-0.36237064003944397
-0.9875085353851318,0.025433098897337914,0.28261587023735046,0.9837791919708252,0.03370970860123634,0.15254849195480347,0.0881538838148117,-4.618292808532715,-4.776882648468018,-4.930541515350342,0.006016431376338005,1.761233925819397,1.7455947399139404,1.1960363388061523
-1.0025299787521362,0.014590282924473286,0.3222754895687103,0.6214069128036499,-0.6331491470336914,-0.4263207018375397,-0.17670950293540955,-3.8541996479034424,-4.17208194732666,-5.513742446899414,0.8163649439811707,1.2063069343566895,-0.7842757105827332,-1.7703520059585571
-0.9951074719429016,0.02361861802637577,0.30781832337379456,0.4788989722728729,0.7736867666244507,0.4147188365459442,-0.008537565357983112,-4.213113307952881,-4.369826316833496,-4.642221450805664,0.1969093680381775,1.7486060857772827,1.7724539041519165,1.6623718738555908
-0.9431505799293518,0.015500047244131565,0.05365009233355522,0.8478023409843445,0.494829386472702,0.1901150792837143,0.015208762139081955,-3.3888306617736816,-3.998955011367798,-4.870614051818848,-0.17939725518226624,-1.115805745124817,-1.4652395248413086,-1.661239743232727
-0.9438190460205078,0.013657424598932266,0.03842666372656822,0.7782560586929321,0.5676541924476624,0.2684510350227356,-0.004498700611293316,-4.129894733428955,-4.3939032554626465,-5.097926139831543,1.0404833555221558,1.7601253986358643,1.72895085811615,1.5614715814590454
-0.9194522500038147,0.02267684042453766,0.033429596573114395,-0.07493074238300323,0.4560989737510681,0.8023364543914795,0.377644419670105,-3.9147276878356934,-4.681469440460205,-4.901734352111816,-1.2303466796875,1.676062822341919,1.157790184020996,0.42937618494033813
-0.9414323568344116,0.0194545891135931,0.057746175676584244,0.9481145143508911,0.23350176215171814,0.20176362991333008,0.07646701484918594,-4.00409460067749,-4.726827144622803,-5.203711032867432,0.31028878688812256,0.36721381545066833,-1.117906093597412,-1.631818413734436
-1.2313079833984375,0.024184109643101692,0.013450564816594124,0.6018980741500854,-0.6781026124954224,-0.2598644196987152,-0.3322139382362366,-3.58805775642395,-4.549811363220215,-6.224859714508057,0.8389204144477844,-0.8054662942886353,-1.2648440599441528,-1.768945574760437
-1.1930478811264038,0.02066725865006447,0.03786183521151543,0.6373437643051147,0.7653934359550476,-0.057814475148916245,-0.0679950937628746,-4.4090776443481445,-4.787225246429443,-5.906736373901367,3.9060144424438477,-0.04083852097392082,-1.1389366388320923,-1.754042148590088
-1.1834007501602173,0.025715665891766548,0.06423501670360565,-0.3556392192840576,0.6318067312240601,0.5911080241203308,0.35345765948295593,-4.411416053771973,-4.645750999450684,-5.28680944442749,0.1970061957836151,1.755040168762207,1.2021411657333374,-1.2897096872329712
-1.155623435974121,0.02984681911766529,0.03699291869997978,-0.2342120110988617,0.4093286395072937,0.7660046219825745,0.4368428885936737,-4.126255512237549,-4.804609775543213,-5.267212390899658,-0.9232751131057739,1.7546019554138184,1.1603153944015503,-0.7324042916297913
-1.2029141187667847,0.02206765115261078,0.08145047724246979,0.8241052031517029,0.5136951804161072,0.04770775884389877,-0.2338629513978958,-4.481565475463867,-5.367386341094971,-5.461749076843262,4.529958724975586,1.7541165351867676,1.7687792778015137,1.6557672023773193
-1.137814998626709,0.020351072773337364,0.05081048235297203,0.2270851880311966,0.34907060861587524,0.535327136516571,0.734851598739624,-4.734280109405518,-5.50406551361084,-5.886024475097656,-0.6405321955680847,1.76866614818573,-1.1994965076446533,-1.7724539041519165
-1.1940441131591797,0.024826737120747566,0.04527659714221954,0.7487342357635498,0.6031920313835144,-0.2321324348449707,0.14721058309078217,-3.9015986919403076,-4.7426910400390625,-5.6677069664001465,1.4288461208343506,-1.2074077129364014,-1.4168847799301147,-1.7724106311798096
-1.2574619054794312,0.026568204164505005,0.09975777566432953,0.9615195989608765,-0.03338119760155678,0.24315963685512543,-0.12344706803560257,-4.446417331695557,-4.916944980621338,-5.597383975982666,16.11809539794922,1.723618745803833,1.7225831747055054,1.6721893548965454
-1.264735460281372,0.023775238543748856,0.11577894538640976,0.7628793716430664,-0.169996976852417,-0.5998212099075317,-0.17126192152500153,-4.401856899261475,-4.9345879554748535,-5.061452388763428,1.0863608121871948,1.7633053064346313,1.6085578203201294,0.33078137040138245
-1.2682771682739258,0.026151685044169426,0.14232704043388367,0.8977699875831604,0.43878668546676636,0.007978840731084347,0.037571050226688385,-3.8750805854797363,-4.666072845458984,-5.134922504425049,16.11809539794922,1.7539628744125366,1.7670964002609253,1.6589484214782715
-1.1785848140716553,0.03116091527044773,0.08611254394054413,0.8906545639038086,0.25878220796585083,0.2332545667886734,0.29216185212135315,-4.281638145446777,-4.904550075531006,-5.0087409019470215,1.204796314239502,1.6176365613937378,0.5402276515960693,-1.610538363456726
-1.2436634302139282,0.03003613092005253,0.09809518605470657,0.946887195110321,-0.17628537118434906,0.08096826076507568,0.2564610242843628,-4.402384281158447,-5.048208236694336,-5.630177974700928,2.4914815425872803,1.7489609718322754,1.4707090854644775,-1.1013805866241455
-1.238995909690857,0.026885515078902245,0.09612113237380981,0.49777358770370483,0.8323760628700256,-0.1983075886964798,-0.14158254861831665,-4.454310417175293,-5.034709453582764,-5.573916912078857,0.3045417070388794,1.693848729133606,1.5079030990600586,0.5666894316673279
-1.2519590854644775,0.02665211446583271,0.12129952758550644,-0.4125940203666687,-0.05443025007843971,0.9050057530403137,-0.08813679218292236,-4.412153244018555,-4.955162048339844,-5.028417110443115,16.11809539794922,1.7597671747207642,1.7711690664291382,1.6617566347122192
-1.2327079772949219,0.027875538915395737,0.09669233113527298,-0.49565693736076355,0.0642659068107605,0.8658564686775208,0.022061066702008247,-4.310555458068848,-5.270033836364746,-5.846224784851074,0.6002377271652222,1.5829482078552246,1.7503172159194946,1.727965235710144
-1.2103040218353271,0.02658461034297943,0.09046412259340286,0.9848054647445679,-0.056333091109991074,-0.02981325052678585,0.16154256463050842,-4.352302074432373,-4.908132553100586,-5.153621196746826,0.7867395877838135,1.693158745765686,0.9421601295471191,-1.5469839572906494
-1.2739375829696655,0.027960188686847687,0.18471574783325195,0.5674693584442139,-0.47884806990623474,-0.5347537994384766,-0.4033873975276947,-3.694446563720703,-4.049468994140625,-4.519227981567383,1.337427020072937,1.7719955444335938,1.769981026649475,1.6499837636947632
-1.2105026245117188,0.025082902982831,0.09897632896900177,-0.42305538058280945,0.02932455576956272,0.9047529697418213,-0.03982865810394287,-4.32963752746582,-4.999326229095459,-5.405780792236328,1.092336893081665,1.513169288635254,1.6800775527954102,1.713667392730713
-1.0532053709030151,0.016471505165100098,0.027919434010982513,0.7391616106033325,0.5933771729469299,0.302975058555603,-0.09874080866575241,-3.977043390274048,-4.269185543060303,-5.1054816246032715,0.8707496523857117,1.7724539041519165,1.3614779710769653,-0.3064939081668854
-1.1174616813659668,0.023408520966768265,0.0414663627743721,0.7020738124847412,-0.5000301003456116,-0.14742957055568695,-0.48510488867759705,-4.823710918426514,-4.904468059539795,-5.425551891326904,-0.42065805196762085,1.7724539041519165,1.680772066116333,0.5845136046409607
-1.038104772567749,0.028210513293743134,0.08760657906532288,0.9273386001586914,0.37282276153564453,-0.02454199083149433,-0.02107139118015766,-3.884690284729004,-4.590559482574463,-5.342548847198486,-0.4757320284843445,0.965234100818634,-0.41686928272247314,-1.7569682598114014
-1.0123775005340576,0.0237522441893816,0.07641372084617615,0.7408115267753601,0.6116532683372498,0.1807251125574112,-0.21075335144996643,-3.9885880947113037,-4.4390339851379395,-5.5272908210754395,0.20322632789611816,-0.7945510149002075,-1.550946831703186,-1.768192172050476
-0.9974061846733093,0.026896169409155846,0.059855762869119644,0.7766406536102295,0.6226531267166138,0.07165773957967758,-0.06322625279426575,-3.7427759170532227,-4.229475498199463,-4.955950736999512,16.11809539794922,1.7218252420425415,0.49017998576164246,-1.534963607788086
-1.0697739124298096,0.022278502583503723,0.1037631630897522,0.9379066228866577,0.23421278595924377,-0.2516794204711914,0.04618459939956665,-4.113000869750977,-5.045291423797607,-5.298344612121582,0.20707900822162628,1.7724539041519165,1.7231189012527466,0.6960257887840271
-1.129624843597412,0.026782866567373276,0.10823555290699005,-0.14071108400821686,0.37132084369659424,0.5995107889175415,0.6949158906936646,-3.890561819076538,-4.8453497886657715,-5.184737205505371,1.1815240383148193,1.7583311796188354,1.7664190530776978,1.7361739873886108
-1.0845246315002441,0.045795101672410965,0.07602174580097198,0.9218900203704834,0.02644394524395466,-0.35463523864746094,0.15379656851291656,-3.1589736938476562,-4.025201797485352,-4.396236896514893,-1.3389805555343628,1.7724539041519165,1.7724539041519165,1.7258042097091675
-1.1056764125823975,0.0237822737544775,0.1323098987340927,-0.4559241533279419,0.3840647339820862,0.5953187942504883,0.5387234687805176,-3.985414743423462,-4.585536479949951,-4.6578826904296875,1.4252549409866333,1.7684755325317383,1.7005723714828491,1.4014610052108765
-1.0705493688583374,0.02758304961025715,0.09272646903991699,0.8377276659011841,0.4835289418697357,-0.25264379382133484,-0.024149391800165176,-4.029807090759277,-4.944519519805908,-5.317517280578613,-0.5440280437469482,-0.20392407476902008,-0.7869883179664612,-1.7109923362731934
-1.0262916088104248,0.014454202726483345,0.15302293002605438,-0.4485946297645569,0.8088075518608093,0.26888027787208557,-0.26888027787208557,-5.603020668029785,-6.169041633605957,-5.731661319732666,-2.053239107131958,1.4930044412612915,0.7298339009284973,1.7724539041519165
-1.1238806247711182,0.02345876581966877,0.09085484594106674,-0.2801970839500427,0.46401533484458923,0.38031646609306335,0.7493588924407959,-4.3965163230896,-5.120384216308594,-5.551867485046387,-1.4044569730758667,1.7626882791519165,1.7724539041519165,1.7148061990737915
-1.1132028102874756,0.029416531324386597,0.10464868694543839,-0.4006335735321045,-0.03883768245577812,0.8735969662666321,-0.2735191881656647,-3.971379518508911,-5.082824230194092,-5.482460021972656,1.3825210332870483,1.7642360925674438,1.7724539041519165,1.6203240156173706
-1.0917633771896362,0.02867952175438404,0.15263760089874268,-0.3205585479736328,0.3493783473968506,0.6440297365188599,0.6003354787826538,-3.6443498134613037,-4.437211990356445,-5.301898002624512,1.5761595964431763,1.7023067474365234,1.7207355499267578,1.6377921104431152
-1.0378365516662598,0.026212958618998528,0.1480254977941513,0.8579221367835999,0.5135918259620667,0.013842038810253143,0.0011966064339503646,-4.264327526092529,-4.989636421203613,-5.365396499633789,0.5437111854553223,1.7724539041519165,1.7627638578414917,1.6020588874816895
-1.0405211448669434,0.020902490243315697,0.15696947276592255,0.49305859208106995,0.795171320438385,0.3319140076637268,0.12012012302875519,-4.2218918800354,-4.331915855407715,-5.140865325927734,0.8627066016197205,1.7690820693969727,1.2836285829544067,-0.7539204359054565
-1.020222783088684,0.030313942581415176,0.14462268352508545,0.876403272151947,0.26727423071861267,-0.39599427580833435,0.060583338141441345,-3.9934353828430176,-5.1477532386779785,-5.700329780578613,16.11809539794922,1.3039225339889526,0.5291012525558472,-1.2925392389297485
-1.206277847290039,0.03375866264104843,0.022174064069986343,0.897761344909668,0.01893146149814129,-0.43141111731529236,0.0868942141532898,-4.335543155670166,-5.102208614349365,-5.5100016593933105,0.22525115311145782,1.739179253578186,0.748148500919342,-1.1800373792648315
-1.1549959182739258,0.024570731446146965,0.05552855134010315,-0.26728516817092896,0.5595897436141968,0.5584323406219482,0.5509730577468872,-4.405942916870117,-4.9688520431518555,-5.803793430328369,-1.2607786655426025,-0.5887498259544373,-1.5771440267562866,-1.7724539041519165
-1.1797999143600464,0.026955388486385345,0.0653199553489685,0.7265430688858032,0.6800444722175598,-0.0883052870631218,-0.04332229495048523,-4.544067859649658,-5.171703815460205,-5.788290977478027,16.11809539794922,-1.3916189670562744,-1.6421360969543457,-1.7724539041519165
-1.1881994009017944,0.02935185842216015,0.07606051862239838,0.6664459109306335,-0.5180419087409973,-0.3269414007663727,-0.4249608516693115,-4.590959072113037,-4.848389625549316,-5.342141628265381,5.1642374992370605,-0.421769380569458,-1.417102575302124,-1.7721720933914185
-1.1907213926315308,0.034100260585546494,0.022475071251392365,0.8032093048095703,0.49782755970954895,-0.3216465711593628,0.05971594899892807,-4.291616916656494,-4.895420074462891,-5.257657527923584,1.7943099737167358,1.7724539041519165,1.4437230825424194,0.19642391800880432
-1.190436840057373,0.04686856269836426,0.020557871088385582,0.9280142784118652,0.053652048110961914,-0.3299528658390045,0.16444474458694458,-3.1106817722320557,-4.554647922515869,-5.641922950744629,-1.2409998178482056,1.7721025943756104,1.7723817825317383,1.7510849237442017
-1.1327426433563232,0.029287109151482582,0.06128590553998947,0.8173474073410034,0.5569300055503845,-0.12148309499025345,0.08374965935945511,-3.795754909515381,-4.411621570587158,-4.9740681648254395,2.4476728439331055,1.7433136701583862,0.7919121384620667,-1.44525146484375
-1.153548240661621,0.03396054357290268,0.08117230981588364,-0.221210315823555,0.4805260896682739,0.4956716299057007,0.6888180375099182,-4.495097637176514,-4.830976963043213,-5.2341508865356445,-0.6902401447296143,-0.0086533697322011,-0.9242640733718872,-1.7716460227966309
-1.283083200454712,0.033111270517110825,0.12130184471607208,-0.21791915595531464,0.3496968150138855,0.5340831279754639,0.7382266521453857,-4.529706954956055,-4.7930402755737305,-5.027223110198975,1.235373854637146,1.690358281135559,1.7106037139892578,1.6764676570892334
-1.2250609397888184,0.030359778553247452,0.09102864563465118,0.9564087390899658,0.03950966149568558,0.12467512488365173,0.26110807061195374,-4.5829033851623535,-5.10959529876709,-5.678045272827148,0.5282917022705078,1.0936472415924072,0.1723310649394989,-1.7009389400482178
-1.2880200147628784,0.02665032632648945,0.12411221861839294,0.8546838164329529,0.4958420991897583,-0.12083401530981064,0.09515957534313202,-5.096314430236816,-5.389890193939209,-5.769482612609863,2.143294334411621,-0.7945839762687683,-1.648344874382019,-1.7107281684875488
-1.2795971632003784,0.03481457009911537,0.111018106341362,0.35074934363365173,0.8965581655502319,-0.16366273164749146,-0.21534363925457,-4.5910444259643555,-5.112039566040039,-6.036736488342285,-1.778832197189331,0.01688959077000618,-1.153375267982483,-1.7724539041519165
-1.2454160451889038,0.039875686168670654,0.09528868645429611,0.5786281228065491,0.7940418124198914,0.18563015758991241,-0.015119368210434914,-4.3380961418151855,-5.02325963973999,-5.322366237640381,-0.9326918721199036,0.6073964238166809,-0.51201331615448,-1.770160436630249
-1.284327745437622,0.03528313711285591,0.11480578035116196,0.952568769454956,0.01785392314195633,0.25373944640159607,0.16706369817256927,-4.400116443634033,-4.83527946472168,-6.2708587646484375,16.11809539794922,1.6122580766677856,0.5740959048271179,-1.630232334136963
-1.2608462572097778,0.027088308706879616,0.11137200891971588,-0.2924497723579407,0.6193978190422058,0.5386064052581787,0.4906349182128906,-4.964705467224121,-5.736896514892578,-6.720578670501709,-0.9008374810218811,-0.29059821367263794,-1.4400386810302734,-1.6616744995117188
-1.2015162706375122,0.03527063503861427,0.09197525680065155,0.37054309248924255,0.8650259971618652,0.30839353799819946,0.1390010118484497,-4.478388786315918,-5.416390419006348,-5.4865593910217285,-0.22935931384563446,1.5080602169036865,1.3507342338562012,0.7909345626831055
-1.1647449731826782,0.030086135491728783,0.13888968527317047,0.5459253787994385,-0.6572940945625305,-0.3647223711013794,-0.37001022696495056,-3.6473703384399414,-4.02799129486084,-5.3840460777282715,0.2139011174440384,1.733978033065796,1.7677417993545532,1.6940315961837769
-1.2507357597351074,0.032828427851200104,0.1842014342546463,0.7546380162239075,0.6527570486068726,0.06309060752391815,-0.02119717001914978,-3.2635416984558105,-3.91318941116333,-5.020982265472412,0.11260486394166946,1.7721073627471924,1.7724539041519165,1.6965583562850952
-1.2237634658813477,0.033664632588624954,0.0862531065940857,0.5794241428375244,0.8132715821266174,-0.03809742629528046,0.037490569055080414,-4.674666881561279,-5.0523905754089355,-5.882082939147949,-0.8509480953216553,-0.22230039536952972,-1.3930435180664062,-1.7619832754135132
-1.1699187755584717,0.036452263593673706,0.08874042332172394,0.9077661037445068,0.41269418597221375,0.007037576287984848,0.07479774951934814,-4.002614974975586,-4.657705307006836,-5.41745662689209,0.15073679387569427,1.2652777433395386,0.15801768004894257,-1.5865306854248047
-0.9782480597496033,0.022096551954746246,0.0707627683877945,0.6534957885742188,0.7215742468833923,0.22687610983848572,-0.028302950784564018,-4.3807854652404785,-4.802847385406494,-5.552015781402588,1.9869575500488281,-0.26810064911842346,-1.33584463596344,-1.766152262687683
-1.0404185056686401,0.034693777561187744,0.0706944540143013,0.6809427738189697,0.6995001435279846,-0.06794057041406631,0.20591403543949127,-3.841707944869995,-4.482455730438232,-5.220322132110596,-0.6939590573310852,1.7720309495925903,1.1900653839111328,-0.2685627043247223
-0.9929130673408508,0.04276985302567482,0.07995593547821045,0.7361794114112854,0.652420699596405,0.1795206516981125,0.012625479139387608,-3.7699201107025146,-4.633998870849609,-5.110532283782959,-1.1365643739700317,1.7372173070907593,1.6132473945617676,1.0889068841934204
-0.9863561391830444,0.03652555122971535,0.06992260366678238,0.7701402306556702,0.6359428763389587,0.02768191508948803,-0.04116373136639595,-3.6842310428619385,-4.489201545715332,-5.041644096374512,-0.8402724266052246,1.7705832719802856,1.1449202299118042,-0.18331313133239746
-1.06962251663208,0.02557750791311264,0.09270020574331284,0.9010154604911804,-0.2223360240459442,-0.368643194437027,0.05329224094748497,-4.410427093505859,-5.600088596343994,-6.004921913146973,16.11809539794922,0.6863061785697937,0.033004555851221085,-1.531857967376709
-1.034121036529541,0.02690792642533779,0.1428939700126648,0.6539687514305115,0.6620556712150574,-0.28212636709213257,0.23326341807842255,-4.835163116455078,-4.981784343719482,-5.387536525726318,-0.2372555285692215,1.7579631805419922,1.5568463802337646,0.7156811356544495
-1.0737183094024658,0.03407517448067665,0.1182156428694725,0.7699288129806519,0.6034461855888367,-0.1894277036190033,0.08473188430070877,-3.9473230838775635,-4.731482982635498,-5.086392879486084,-0.19366689026355743,1.7724539041519165,1.6664825677871704,-0.04272913560271263
-1.0650596618652344,0.028457293286919594,0.17966030538082123,-0.28395789861679077,0.3211124539375305,0.6958006620407104,0.5762951970100403,-4.017202377319336,-4.509444713592529,-5.042322158813477,2.8064498901367188,1.7704811096191406,1.7598588466644287,1.666822910308838
-1.0912445783615112,0.03721899539232254,0.0930207148194313,0.7505884170532227,0.6191211938858032,-0.16596555709838867,0.16050365567207336,-3.634004831314087,-4.261035442352295,-5.237583160400391,-0.5412307381629944,1.6676021814346313,0.5783442258834839,-1.7397468090057373
-1.025961995124817,0.0279981829226017,0.1759573519229889,0.7321183681488037,-0.39701539278030396,-0.49344295263290405,-0.2507897615432739,-4.348342418670654,-4.619991779327393,-5.022329807281494,0.9148681163787842,1.7668511867523193,1.7504605054855347,1.4428763389587402
-1.1334446668624878,0.020369045436382294,0.21791362762451172,0.6795721054077148,-0.5071154236793518,-0.43781155347824097,-0.2988925278186798,-3.491056203842163,-3.646894931793213,-4.303409576416016,0.813493013381958,1.757802128791809,1.7372597455978394,1.178035020828247
-1.2171379327774048,0.017994044348597527,0.2321237474679947,-0.427919864654541,0.18427065014839172,0.8648911118507385,0.1867949217557907,-2.8238210678100586,-3.9020185470581055,-5.479427814483643,-0.15229004621505737,1.7507081031799316,1.7704991102218628,1.7538304328918457
-1.289802074432373,0.03443960100412369,0.2784183621406555,0.558922290802002,-0.3050752580165863,-0.6730790138244629,-0.3761643171310425,-3.1600379943847656,-4.408059597015381,-4.663832187652588,0.2242574691772461,1.7724539041519165,1.7295893430709839,1.6584323644638062
-1.2007774114608765,0.01627148501574993,0.359117329120636,-0.45722708106040955,0.4620419442653656,0.5109798908233643,0.5624590516090393,-3.36867618560791,-3.6097137928009033,-5.129886627197266,2.151309013366699,1.772187352180481,1.364520788192749,-0.12061411887407303
-1.0197830200195312,0.027350138872861862,0.2120133638381958,-0.34744787216186523,0.3146185576915741,0.5692844986915588,0.6754333972930908,-4.380723476409912,-4.666191577911377,-5.5531439781188965,0.8987631797790527,1.768215298652649,1.7505182027816772,1.3055890798568726
-1.024493932723999,0.01663237065076828,0.28829652070999146,0.582007884979248,-0.3317553400993347,-0.5510408282279968,-0.4975532591342926,-3.515512466430664,-3.814729690551758,-5.352122783660889,0.4913262128829956,1.7671116590499878,1.4405341148376465,-0.29116782546043396
-0.9966184496879578,0.020819999277591705,0.2911502718925476,0.8272088766098022,-0.3962193429470062,-0.3983241617679596,0.008578378707170486,-3.9268500804901123,-4.7107834815979,-5.3187360763549805,1.8812880516052246,1.6531912088394165,0.7371971607208252,-1.23163902759552
-0.9857065677642822,0.02354549802839756,0.3240860402584076,-0.48854249715805054,0.6685029864311218,0.38819020986557007,0.4046458899974823,-4.227429389953613,-4.531405925750732,-4.985280990600586,-0.38132452964782715,1.7724539041519165,1.6371331214904785,0.658382773399353
-1.0440478324890137,0.02730533294379711,0.2767604887485504,0.6868605017662048,0.6837527751922607,0.14777106046676636,-0.19715097546577454,-3.571176290512085,-4.1349663734436035,-4.793887615203857,0.9925123453140259,1.6803834438323975,1.7636189460754395,1.59148371219635
-1.0326522588729858,0.027375664561986923,0.3218955993652344,-0.2911766469478607,0.3161831796169281,0.6196742057800293,0.6566949486732483,-3.8242239952087402,-4.184037685394287,-4.753947734832764,1.5725454092025757,1.7678403854370117,1.747222661972046,1.6140822172164917
-1.2419933080673218,0.022913401946425438,0.2666964828968048,0.7735508680343628,0.6112588047981262,-0.06707588583230972,0.15324018895626068,-3.733105421066284,-4.231733322143555,-4.524652481079102,-0.5113308429718018,1.7724539041519165,1.6482493877410889,0.7968006730079651
-1.273428201675415,0.03170791268348694,0.3335493505001068,0.6325018405914307,0.6777506470680237,0.28804075717926025,-0.2400583177804947,-3.85892391204834,-4.386970520019531,-4.764367580413818,2.4396297931671143,1.7724539041519165,1.7703272104263306,1.6278033256530762
-1.1617013216018677,0.025095386430621147,0.33615443110466003,0.5046435594558716,-0.48968082666397095,-0.4717646837234497,-0.5319639444351196,-3.1836893558502197,-3.957338809967041,-4.698537826538086,1.0903621912002563,1.7671016454696655,1.699710488319397,0.9484659433364868
-1.2048707008361816,0.031006259843707085,0.3404507339000702,-0.41827183961868286,0.4421375095844269,0.5544067621231079,0.5676233172416687,-3.158871650695801,-4.227724075317383,-4.56008768081665,0.18909171223640442,1.7524272203445435,1.7724539041519165,1.697921633720398
-1.1611658334732056,0.03779222071170807,0.2856385111808777,0.5652480721473694,-0.521655261516571,-0.42635291814804077,-0.476018488407135,-3.8403918743133545,-4.068488597869873,-5.136971473693848,-0.0846901461482048,1.7724539041519165,1.7724539041519165,1.7037001848220825
-1.0060898065567017,0.02716631069779396,0.2031984031200409,0.42868509888648987,0.88551265001297,0.13957111537456512,0.11232271045446396,-4.04638671875,-5.1082539558410645,-5.885626792907715,-1.194063663482666,1.624888300895691,0.8824779987335205,-0.7695333957672119
-0.9822577238082886,0.032706230878829956,0.2245616316795349,0.7844691276550293,0.07847987115383148,-0.6069376468658447,0.10037833452224731,-4.0804595947265625,-5.113744258880615,-5.927517890930176,16.11809539794922,1.6603647470474243,0.6105571985244751,-1.3321654796600342
-1.002706527709961,0.02921045944094658,0.24691341817378998,0.7106279134750366,0.689395546913147,0.1286519318819046,0.05648399516940117,-4.131897926330566,-4.435134410858154,-5.135049343109131,0.7761054039001465,1.7636791467666626,1.753703236579895,1.3453675508499146
-0.9991651177406311,0.03475615009665489,0.18355970084667206,-0.3695368766784668,0.8158790469169617,0.11739567667245865,0.42895469069480896,-3.9682512283325195,-4.928336143493652,-6.05708646774292,2.004603385925293,1.716519832611084,1.0106922388076782,-1.1330496072769165
-0.989340603351593,0.0314364954829216,0.21711839735507965,-0.28639042377471924,0.3284432888031006,0.6197806000709534,0.6526695489883423,-4.273362159729004,-4.668773174285889,-5.743503570556641,-0.3612401485443115,1.756759524345398,1.7399357557296753,1.2617478370666504
-0.9756395220756531,0.02789898030459881,0.2580752372741699,0.8026143908500671,0.14395801723003387,-0.5782746076583862,-0.02616647258400917,-4.605459213256836,-5.023888111114502,-5.4701409339904785,0.02002290077507496,1.181922197341919,-0.2763373851776123,-1.5852141380310059
-1.0843780040740967,0.03249441087245941,0.3333532512187958,0.7375022768974304,0.6401526927947998,0.1310923993587494,-0.17061573266983032,-3.6623594760894775,-4.098797798156738,-4.808231353759766,0.5830014944076538,1.7724539041519165,1.7724539041519165,1.5962738990783691
-0.9766992330551147,0.034117668867111206,0.2712388336658478,0.7339102029800415,0.13961336016654968,-0.6497860550880432,0.1402212679386139,-4.210833549499512,-4.59735631942749,-5.427974700927734,-0.3414643406867981,1.7724539041519165,1.519409418106079,-0.473018616437912
-0.985114336013794,0.026973342522978783,0.33188432455062866,0.5256982445716858,-0.5255237817764282,-0.4790663719177246,-0.4668635129928589,-4.2988386154174805,-4.865433216094971,-5.791084289550781,-0.0999903529882431,-0.46988725662231445,-1.3940808773040771,-1.7724539041519165
-0.901501476764679,0.027861695736646652,0.03443988785147667,0.8868822455406189,-0.004464791156351566,0.32496577501296997,-0.3283553421497345,-4.2537994384765625,-4.786590099334717,-5.139521598815918,-0.014566360041499138,0.7306588888168335,-0.852594792842865,-1.7677079439163208
-0.9298099875450134,0.025173397734761238,0.04401593282818794,0.8191622495651245,0.5210245251655579,0.2284136712551117,-0.07303296029567719,-3.812302350997925,-4.660843849182129,-5.2541375160217285,1.5801244974136353,1.7659701108932495,1.243160367012024,-1.5267486572265625
-0.9434615969657898,0.032503191381692886,0.06039611995220184,0.22847963869571686,0.6995002031326294,0.6512760519981384,0.1852998584508896,-4.5380964279174805,-5.277317047119141,-5.344440460205078,-0.24027742445468903,1.5760780572891235,-0.3551716208457947,-1.7669328451156616
-0.9080029726028442,0.04381555691361427,0.040848664939403534,0.9297730922698975,-0.031088944524526596,0.35799986124038696,-0.07994726300239563,-4.247908115386963,-4.773931503295898,-5.487921714782715,-0.5356841683387756,1.7724539041519165,1.6977628469467163,1.302698016166687
-0.9774789810180664,0.03328029066324234,0.27190402150154114,0.7928177714347839,0.016625814139842987,-0.6028493642807007,-0.08795567601919174,-4.540870666503906,-5.18548583984375,-5.663740158081055,16.11809539794922,1.6364526748657227,0.7309120893478394,-1.2432211637496948
-1.053726315498352,0.0062871393747627735,0.4000600576400757,0.5360667705535889,-0.5255919098854065,-0.5356284976005554,-0.38663631677627563,-3.2585256099700928,-3.858840227127075,-5.028380393981934,-0.2314557135105133,-0.16444572806358337,-1.1431620121002197,-1.770950198173523
-1.2755564451217651,0.01430770568549633,0.3692869544029236,0.5268116593360901,-0.6020676493644714,-0.41086629033088684,-0.43723323941230774,-3.443791627883911,-3.9272336959838867,-6.072816371917725,16.11809539794922,1.7511242628097534,0.20580033957958221,-1.7450321912765503
-1.247551441192627,0.030658701434731483,0.36477839946746826,-0.46644437313079834,0.5150943994522095,0.4591381847858429,0.5534433722496033,-4.022616386413574,-4.572993278503418,-5.023704528808594,0.2548285126686096,1.7724539041519165,1.7411688566207886,1.2564773559570312
-1.2852413654327393,0.017266670241951942,0.4031171500682831,-0.32695984840393066,0.43089109659194946,0.6141342520713806,0.574690580368042,-3.9622199535369873,-4.564791679382324,-5.6475443840026855,1.1207823753356934,0.331378698348999,-1.231909990310669,-1.7724539041519165
-1.2675484418869019,0.02572505921125412,0.41839873790740967,-0.452411949634552,0.7576287984848022,0.4163464605808258,0.21903790533542633,-4.375303745269775,-4.778902053833008,-4.882749557495117,0.8976790308952332,1.7096047401428223,1.759637475013733,1.604528546333313
-1.2594696283340454,0.01636580191552639,0.43204155564308167,-0.23535698652267456,0.43033796548843384,0.5547033548355103,0.6721015572547913,-4.280282020568848,-4.653535842895508,-6.787486553192139,1.0574513673782349,-0.15018537640571594,-1.3298189640045166,-1.768877387046814
-1.1362874507904053,0.012720414437353611,0.3843204081058502,0.5174225568771362,-0.5319895148277283,-0.511871874332428,-0.4327218532562256,-3.273914098739624,-3.6266350746154785,-5.732182025909424,3.633759021759033,1.7534635066986084,0.5718739628791809,-1.6658250093460083
-1.1183425188064575,0.018142882734537125,0.43062376976013184,0.5260289311408997,-0.5545023083686829,-0.5018770694732666,-0.40489524602890015,-3.5225489139556885,-4.076644420623779,-5.448157787322998,0.2647416293621063,1.1022425889968872,-0.3992553949356079,-1.6837692260742188
-1.1502015590667725,0.01576201431453228,0.4624073803424835,-0.36654505133628845,0.45590510964393616,0.7067325115203857,0.39789995551109314,-4.129915714263916,-4.368330955505371,-4.642446517944336,-2.4756686687469482,-0.5321156978607178,-0.9742767214775085,-0.6329962611198425
-1.204760193824768,0.015375842340290546,0.44505029916763306,-0.47324228286743164,0.5449323058128357,0.4995124042034149,0.47914284467697144,-3.559370756149292,-3.9925811290740967,-5.065402984619141,-0.38550809025764465,-0.13878051936626434,-1.336776614189148,-1.612374186515808
-1.1155277490615845,0.02051107957959175,0.370991587638855,0.5735257267951965,-0.6471905708312988,-0.3751567602157593,-0.3338712751865387,-3.5776631832122803,-4.125920295715332,-4.977005958557129,0.25931164622306824,1.7722193002700806,1.4005308151245117,0.12316932529211044
-1.1550347805023193,0.032115720212459564,0.36473366618156433,0.5717934966087341,0.7577082514762878,0.09527945518493652,-0.2997535169124603,-3.320967674255371,-4.092774391174316,-4.3537211418151855,0.33261191844940186,1.70578134059906,1.7681785821914673,1.6800485849380493
-1.0594799518585205,0.03222300484776497,0.3855738341808319,0.8872970938682556,-0.2923261523246765,0.3380013108253479,0.11403681337833405,-3.777111291885376,-4.457399368286133,-4.77922248840332,-0.6734640002250671,1.7395381927490234,1.7724539041519165,1.633071780204773
-1.0852749347686768,0.026734769344329834,0.37590187788009644,0.9647111296653748,-0.051113374531269073,0.23278413712978363,0.11194367706775665,-4.0508646965026855,-4.540771961212158,-4.842913627624512,0.20684927701950073,1.759062647819519,1.7593603134155273,1.552178144454956
-1.0398428440093994,0.016608834266662598,0.3753548860549927,0.6865825653076172,0.6301751732826233,0.29272544384002686,-0.21399874985218048,-3.8083457946777344,-3.906548261642456,-5.156800746917725,16.11809539794922,1.6314369440078735,0.44987308979034424,-1.4481016397476196
-1.0849305391311646,0.020957814529538155,0.40515822172164917,-0.45512551069259644,0.478311151266098,0.5789129137992859,0.4784757196903229,-4.066232204437256,-4.487576484680176,-5.3648247718811035,-0.1257098764181137,1.7562148571014404,1.1642998456954956,-0.3916201889514923
-1.0508712530136108,0.023052865639328957,0.4451342225074768,-0.49235478043556213,0.2122272104024887,0.7809479236602783,0.3204164505004883,-4.1211066246032715,-4.523559093475342,-4.970324516296387,-0.2002977728843689,-0.9066494107246399,-1.5811315774917603,-1.7671021223068237
-1.0746691226959229,0.02981748804450035,0.4614759683609009,-0.23150162398815155,0.6291427612304688,0.7408124208450317,-0.04223043471574783,-4.45005464553833,-4.592835903167725,-5.271475315093994,-0.24663473665714264,1.662515640258789,0.12863527238368988,-1.6438076496124268
-0.8385772705078125,0.022265231236815453,0.4973156154155731,-0.00017124469741247594,0.4324234127998352,0.5461366176605225,0.7174571752548218,-3.60044527053833,-4.525336742401123,-5.130300998687744,-0.9865729808807373,1.6315836906433105,1.0790677070617676,-0.9783470630645752
-1.2791866064071655,0.017869258299469948,0.39770767092704773,0.5459025502204895,-0.6449042558670044,-0.3651892840862274,-0.39080139994621277,-4.3296637535095215,-4.4999165534973145,-5.699068546295166,2.3054399490356445,1.7457102537155151,0.683419406414032,-1.7526639699935913
-1.2727915048599243,0.02996187098324299,0.3892253637313843,0.870963454246521,0.40078994631767273,-0.19305872917175293,0.20861078798770905,-3.6018805503845215,-4.205886363983154,-4.602846145629883,-0.045902758836746216,1.7683329582214355,1.7724539041519165,1.6235507726669312
-1.2761653661727905,0.02659795619547367,0.35877832770347595,0.4396302402019501,0.8544960021972656,0.19381961226463318,-0.19747360050678253,-3.8793933391571045,-4.777752876281738,-4.9056196212768555,0.8875784277915955,1.7724539041519165,1.7490215301513672,1.0330464839935303
-1.2201275825500488,0.01860969513654709,0.424841970205307,0.7333264350891113,0.6781801581382751,-0.033715277910232544,0.034165553748607635,-3.5983119010925293,-3.9723358154296875,-5.8270583152771,16.11809539794922,1.76424241065979,0.5784670114517212,-1.541497826576233
-1.2187696695327759,0.029961705207824707,0.4147438704967499,0.7659938931465149,0.5612914562225342,0.2632938623428345,-0.16994604468345642,-3.7017745971679688,-4.36102819442749,-4.76237154006958,1.9597930908203125,1.757432460784912,1.769230842590332,1.6110297441482544
-1.1781444549560547,0.03106517717242241,0.4179425835609436,0.6736560463905334,0.6716102957725525,0.21606694161891937,-0.2200959175825119,-3.8502700328826904,-4.400549411773682,-4.95583438873291,1.8917887210845947,1.772030234336853,1.7724539041519165,1.6733112335205078
-1.1252530813217163,0.03126770630478859,0.4045683443546295,-0.368836373090744,0.2783659100532532,0.6485944986343384,0.6048117876052856,-3.989013195037842,-4.735655784606934,-5.3616943359375,0.0729403868317604,1.7724539041519165,1.7724539041519165,1.4939548969268799
-1.2609361410140991,0.0242917537689209,0.4451107978820801,0.5075466632843018,0.8362187147140503,-0.06528715789318085,0.19716039299964905,-4.2166008949279785,-4.984799385070801,-5.388914108276367,-0.5061361789703369,1.7724539041519165,1.7261378765106201,0.7130333185195923
-1.2707710266113281,0.026013918220996857,0.4414815306663513,-0.2875326871871948,0.7308895587921143,0.38172975182533264,0.4872451424598694,-4.15558385848999,-4.722099781036377,-5.08472204208374,0.11806533485651016,1.7724539041519165,1.332550048828125,-1.6899322271347046
-1.2848037481307983,0.0267366711050272,0.4131115972995758,0.6338639259338379,-0.6245014667510986,-0.2796209752559662,-0.36059191823005676,-4.465587139129639,-4.747373104095459,-5.518468379974365,0.6895536184310913,1.770876169204712,1.7017110586166382,0.23975668847560883
-1.2806302309036255,0.02243601717054844,0.43956229090690613,0.6272043585777283,-0.47331324219703674,-0.4853213131427765,-0.3834742307662964,-4.4086174964904785,-4.778104305267334,-5.28766393661499,2.365271806716919,1.6567622423171997,0.2243027687072754,-1.748969316482544
-1.2604631185531616,0.026794444769620895,0.460519939661026,-0.39153891801834106,0.6965471506118774,0.3915938436985016,0.45626041293144226,-4.495129585266113,-4.746938705444336,-5.106252670288086,1.9372681379318237,1.5007195472717285,0.20732371509075165,-1.7084864377975464
-1.2636115550994873,0.02295481041073799,0.4640190303325653,0.8262486457824707,0.5147362947463989,-0.1772974729537964,0.14465580880641937,-4.247642517089844,-4.417821407318115,-5.29910945892334,-0.2508232295513153,-0.826704740524292,-1.296822190284729,-1.7602673768997192
-1.2135175466537476,0.025093236938118935,0.45676562190055847,0.5484793782234192,-0.6072039008140564,-0.4241900146007538,-0.3879905641078949,-3.859196186065674,-4.410190582275391,-5.625918388366699,-0.6746693253517151,1.576912760734558,0.6816975474357605,-0.8870911002159119
-1.1526744365692139,0.02017250657081604,0.43701958656311035,-0.4102610647678375,0.3514992296695709,0.6365190744400024,0.5504340529441833,-3.9583613872528076,-4.279088020324707,-5.622567653656006,3.1106724739074707,1.5221970081329346,0.31977152824401855,-1.5145188570022583
-1.131366491317749,0.023227466270327568,0.41640928387641907,-0.3940030038356781,0.4477991759777069,0.48415255546569824,0.6401826739311218,-4.192230224609375,-4.845383644104004,-5.442851543426514,0.30379241704940796,1.7433135509490967,1.251312017440796,-0.21387387812137604
-1.195717453956604,0.030563222244381905,0.4553115963935852,0.686477541923523,0.6908438801765442,-0.19129830598831177,0.12201730161905289,-4.455352783203125,-4.8113017082214355,-5.335559368133545,1.0324480533599854,1.7724539041519165,1.7530165910720825,1.447426438331604
-1.1306841373443604,0.02854076214134693,0.47797396779060364,0.7067763209342957,0.649128258228302,0.26729610562324524,-0.08747903257608414,-4.105633735656738,-4.736312389373779,-5.604499340057373,0.1584138125181198,1.7158384323120117,1.5895256996154785,0.23042352497577667
-1.1148947477340698,0.030478136613965034,0.4344939589500427,-0.3881336748600006,0.34892916679382324,0.7307586073875427,0.4399915635585785,-3.841317892074585,-4.718722820281982,-5.014169216156006,0.7358640432357788,1.7327460050582886,1.766440749168396,1.630564570426941
-0.9930192828178406,0.026172228157520294,0.37029337882995605,0.5107104182243347,-0.1227245032787323,-0.7933588624000549,0.30772602558135986,-4.537874698638916,-4.736404895782471,-5.279179096221924,-0.7990429401397705,1.7393683195114136,1.6966947317123413,1.2389668226242065
-1.0135523080825806,0.016067709773778915,0.38958731293678284,-0.41897886991500854,0.45089635252952576,0.6270935535430908,0.47739171981811523,-4.286961555480957,-4.867611408233643,-5.628728866577148,1.7609115839004517,0.5868915915489197,-0.6289800405502319,-1.7724379301071167
-1.0185742378234863,0.028400525450706482,0.3955872058868408,0.9116241335868835,-0.3605714440345764,0.19443197548389435,-0.03355409950017929,-4.260233402252197,-4.409313678741455,-4.909748554229736,-1.2720580101013184,1.7719224691390991,1.6742982864379883,1.488161325454712
-0.9955870509147644,0.025319959968328476,0.37180259823799133,0.5563445687294006,-0.39312025904655457,-0.6150795221328735,-0.3970067799091339,-3.974761486053467,-4.773552894592285,-5.347947120666504,0.5365573167800903,-0.6138010621070862,-1.401939034461975,-1.735827088356018
-0.99481600522995,0.03634437918663025,0.3646494746208191,0.6139111518859863,-0.13785147666931152,-0.7766960263252258,-0.029212219640612602,-4.083582878112793,-4.861849308013916,-5.504380702972412,0.7780124545097351,1.7724539041519165,1.3377268314361572,-1.1608790159225464
-1.0021191835403442,0.028626510873436928,0.35925766825675964,0.6109340190887451,-0.6050410270690918,-0.4998188018798828,-0.10424064099788666,-4.040277004241943,-4.858504295349121,-5.443281650543213,-0.9545344114303589,1.7446147203445435,0.27874645590782166,-1.6253982782363892
-1.024510145187378,0.025400714948773384,0.39644655585289,0.534339964389801,-0.5851145386695862,-0.5759005546569824,-0.20114757120609283,-4.585311412811279,-4.723141193389893,-5.713366985321045,1.6306651830673218,1.6980839967727661,0.9295486807823181,-1.6382672786712646
-0.9968493580818176,0.026264194399118423,0.3705067038536072,0.24541662633419037,0.7109176516532898,0.47848719358444214,0.45322924852371216,-4.9331746101379395,-5.17294979095459,-5.531685829162598,0.2714991271495819,1.085859775543213,-0.3440530300140381,-1.5691043138504028
-1.0704212188720703,0.018289297819137573,0.4319860339164734,0.6737142205238342,-0.6138061285018921,-0.36724042892456055,-0.18570314347743988,-4.163717269897461,-4.355633735656738,-5.241590976715088,1.4111049175262451,1.768019676208496,1.2047382593154907,-1.6656384468078613
-1.0886913537979126,0.03172781690955162,0.429593563079834,-0.49659645557403564,0.32853350043296814,0.7170326113700867,0.362383633852005,-4.186017990112305,-4.702751636505127,-5.166921138763428,0.7126666903495789,1.7694904804229736,1.7655991315841675,1.37358820438385
-1.1076630353927612,0.018083028495311737,0.45626020431518555,-0.28651779890060425,0.36849111318588257,0.6257187128067017,0.6249783635139465,-4.215304851531982,-4.522259712219238,-5.778319358825684,2.9246928691864014,-0.8921747207641602,-1.5001662969589233,-1.660918116569519
-1.0691627264022827,0.016780324280261993,0.44450312852859497,-0.31003043055534363,0.4033532738685608,0.6507977843284607,0.5636039972305298,-3.845832109451294,-4.55515718460083,-5.6522979736328125,1.0960041284561157,0.02491900324821472,-1.2054171562194824,-1.7221702337265015
-1.0911197662353516,0.02991674467921257,0.4716454744338989,0.7514275908470154,0.2982945442199707,0.2590365707874298,0.5284666419029236,-4.405667304992676,-4.8020339012146,-5.295980453491211,-0.4805467128753662,1.7633270025253296,1.744949221611023,0.8620922565460205
-1.102621078491211,0.025194698944687843,0.49686339497566223,-0.4946334958076477,0.4747714102268219,0.5764701962471008,0.44453564286231995,-3.605476140975952,-4.45483922958374,-5.527875900268555,-0.13257883489131927,0.6045910716056824,-0.23679013550281525,-1.3029192686080933
-1.0453035831451416,0.023479890078306198,0.41709738969802856,0.5050196647644043,-0.6529632210731506,-0.5320953726768494,-0.18833136558532715,-4.306443691253662,-4.577920436859131,-5.116894721984863,0.015444864518940449,1.763546347618103,0.5013815760612488,-1.4978983402252197
-1.0695865154266357,0.026656338945031166,0.42263275384902954,0.9436019659042358,0.31702855229377747,-0.025746503844857216,0.09189863502979279,-4.275558948516846,-5.06413459777832,-5.306797027587891,-0.399672269821167,1.7724539041519165,1.5237325429916382,0.10106540471315384
-1.138677954673767,0.02731929160654545,0.42192980647087097,0.645483136177063,0.7098942399024963,-0.1896553486585617,0.2084047794342041,-4.1689019203186035,-4.312273979187012,-5.510375022888184,-0.6342247724533081,1.7659448385238647,1.654184341430664,0.6286243200302124
-1.0836195945739746,0.02374592237174511,0.48696476221084595,-0.2339285910129547,0.5093429088592529,0.35327577590942383,0.7490283250808716,-3.7705883979797363,-5.216132164001465,-5.339773654937744,-0.4438517689704895,-0.6998476386070251,-1.274876356124878,-1.6188408136367798
-1.1060335636138916,0.028301021084189415,0.48134440183639526,0.6351219415664673,0.7553262710571289,0.15953201055526733,-0.02553248219192028,-4.65869665145874,-4.721650123596191,-5.163158416748047,16.11809539794922,1.6988002061843872,0.9893615245819092,-1.6470974683761597
-1.1063954830169678,0.026689259335398674,0.482587605714798,0.7325507402420044,0.6164414286613464,-0.2887169122695923,-0.0034647746942937374,-4.39145565032959,-4.998672008514404,-5.624207973480225,-0.704660177230835,1.7577804327011108,1.6213639974594116,-0.6655378341674805
-1.0649574995040894,0.031138669699430466,0.43686410784721375,0.5877904891967773,-0.23031799495220184,-0.6976661682128906,-0.3387002944946289,-3.9618372917175293,-4.683128833770752,-5.295655727386475,-0.6191545724868774,1.7724539041519165,1.6073400974273682,0.5497207641601562
-1.0402226448059082,0.03888966515660286,0.4368879199028015,0.9285513758659363,-0.1349310725927353,0.3443332016468048,-0.03194647654891014,-3.879467248916626,-4.8194050788879395,-5.521522045135498,-1.5557795763015747,1.7485495805740356,1.6539758443832397,0.4984491467475891
-1.291693925857544,0.03501548245549202,0.40041881799697876,0.5928523540496826,-0.24849426746368408,-0.7147548198699951,-0.2755037248134613,-3.865116596221924,-4.946176528930664,-5.055548191070557,-0.2616255283355713,1.7724539041519165,1.7724539041519165,1.5609382390975952
-1.2826101779937744,0.025066735222935677,0.45250123739242554,0.7333657145500183,0.5829461216926575,-0.257620632648468,0.23660129308700562,-3.7269210815429688,-4.1883673667907715,-5.636967658996582,-0.47167205810546875,-1.2838208675384521,-1.5047780275344849,-1.7686430215835571
-1.2659239768981934,0.0270323995500803,0.4452686905860901,0.8599549531936646,0.4888089597225189,-0.0672740638256073,0.13045114278793335,-4.113084316253662,-4.5195817947387695,-5.5257110595703125,-0.6970198154449463,1.7724539041519165,1.751517415046692,-0.5179233551025391
-1.279625415802002,0.032173000276088715,0.44690680503845215,0.9281098246574402,0.10973172634840012,-0.35564813017845154,-0.00924648903310299,-3.969911575317383,-5.092258453369141,-6.4741926193237305,0.32152292132377625,1.7724047899246216,1.244561791419983,-1.4326680898666382
-1.230747103691101,0.026802334934473038,0.4609622359275818,0.7576788663864136,0.5864612460136414,-0.03296395763754845,0.28442808985710144,-4.370088577270508,-4.543148517608643,-5.50403356552124,-2.0069098472595215,0.8917186260223389,1.394352912902832,1.7276611328125
-1.2087868452072144,0.03104771301150322,0.4845212996006012,0.7199212312698364,0.5842057466506958,-0.24623921513557434,0.2824593186378479,-4.12849235534668,-4.8637776374816895,-5.5250959396362305,-0.8609972596168518,1.761874794960022,1.7536680698394775,1.5595933198928833
-1.1644152402877808,0.02648814581334591,0.4466463625431061,0.7315206527709961,0.6297988891601562,-0.15196512639522552,0.2124558687210083,-4.210323810577393,-4.588666915893555,-5.709219455718994,0.02065207250416279,1.7724539041519165,1.5487746000289917,0.16925999522209167
-1.154165267944336,0.03116397000849247,0.4428851306438446,0.8536037802696228,0.4677582085132599,0.19316084682941437,-0.12349805235862732,-4.186212539672852,-5.024309158325195,-5.378497123718262,1.309786081314087,1.7724539041519165,1.7724539041519165,1.6627094745635986
-1.156550407409668,0.03028322570025921,0.46637964248657227,0.7856522798538208,0.5444101691246033,0.2356044054031372,-0.1756662279367447,-4.177802085876465,-5.079706192016602,-5.642879009246826,1.0480281114578247,1.7673414945602417,1.7546961307525635,1.3596019744873047
-1.1478674411773682,0.025992032140493393,0.47965875267982483,0.7602679133415222,0.6116863489151001,0.1061723381280899,-0.19120652973651886,-3.9840939044952393,-4.961900234222412,-6.082794189453125,0.12486033141613007,0.2930746376514435,-0.556874692440033,-1.4569441080093384
-1.249202013015747,0.032823141664266586,0.45510509610176086,0.8002160787582397,0.49882084131240845,-0.23253990709781647,0.23823775351047516,-4.230711936950684,-4.513676166534424,-5.314114570617676,0.024225613102316856,1.7724539041519165,1.7601524591445923,1.4530425071716309
-1.2768055200576782,0.03870444372296333,0.44432201981544495,0.9416518807411194,0.06258989125490189,-0.3236716091632843,0.06790374964475632,-4.219663143157959,-5.272347927093506,-6.04201078414917,2.1173720359802246,1.7724539041519165,1.7689319849014282,1.4032564163208008
-1.1268701553344727,0.025858808308839798,0.4586182236671448,0.6982146501541138,0.6719990372657776,0.1891135722398758,-0.15858663618564606,-4.042860984802246,-4.798771381378174,-5.895968914031982,2.5680246353149414,1.765103816986084,0.8137186765670776,-1.5735979080200195
-1.1866074800491333,0.031363241374492645,0.4831879138946533,0.7876021265983582,0.5887865424156189,0.1419982761144638,-0.11335666477680206,-4.300085544586182,-4.742371559143066,-6.1810431480407715,0.36795923113822937,1.7724539041519165,1.5468170642852783,0.22583721578121185
-1.162520408630371,0.029833350330591202,0.47731244564056396,-0.32442721724510193,0.30969372391700745,0.6501421332359314,0.6133122444152832,-4.336649417877197,-4.8769989013671875,-5.962295055389404,-0.07635064423084259,1.7619068622589111,1.3779058456420898,-1.3709776401519775
-1.1214393377304077,0.02674091048538685,0.5028752684593201,0.659061849117279,0.6700563430786133,-0.24806053936481476,0.23479343950748444,-4.137392044067383,-4.901623725891113,-5.930205345153809,16.11809539794922,1.664921522140503,1.4280097484588623,-1.343490719795227
-1.1514049768447876,0.03248366713523865,0.487616628408432,0.6954535245895386,0.7045405507087708,0.0227609071880579,-0.1394592523574829,-4.2288360595703125,-4.529170036315918,-5.554798603057861,-0.08291459083557129,1.7427945137023926,1.763550043106079,1.6755818128585815
-1.0221047401428223,0.0288421381264925,0.3614122271537781,-0.29828011989593506,0.28984972834587097,0.6526516079902649,0.6332945227622986,-4.368957996368408,-4.880232810974121,-5.678831100463867,2.391505241394043,1.7724539041519165,1.733838438987732,1.1695457696914673
-0.9937331080436707,0.037568099796772,0.34365877509117126,-0.4759269654750824,0.3469158709049225,0.7306029200553894,0.34548845887184143,-3.9785406589508057,-4.677650451660156,-5.18654203414917,-0.8110830783843994,1.7724539041519165,1.7724539041519165,1.6202607154846191
-1.0525925159454346,0.030040614306926727,0.4025140404701233,-0.4189664423465729,0.3241596817970276,0.6279381513595581,0.5701589584350586,-4.281506061553955,-4.398931503295898,-5.527785301208496,-0.43265023827552795,1.7724539041519165,1.7486798763275146,0.8439948558807373
-0.9831178188323975,0.03375360369682312,0.31905290484428406,0.5288648009300232,-0.3964356482028961,-0.4827966094017029,-0.5744982361793518,-4.434394359588623,-4.978194236755371,-5.1442766189575195,1.073882818222046,1.7724539041519165,1.3961193561553955,-1.188069462776184
-0.9834884405136108,0.03634252771735191,0.3410002887248993,0.5689023733139038,-0.09411140531301498,-0.8123934864997864,-0.0866602435708046,-4.312872886657715,-5.637998104095459,-5.98611307144165,1.7739218473434448,1.7019397020339966,0.50905841588974,-1.2959660291671753
-0.9931554794311523,0.032033443450927734,0.3693596124649048,0.5608678460121155,-0.06110210344195366,-0.8238136172294617,0.05499885603785515,-4.437173843383789,-5.060303688049316,-5.707837104797363,0.1822061687707901,1.7722138166427612,1.517508625984192,-0.17291928827762604
-1.0328854322433472,0.02631559409201145,0.38064759969711304,0.8367494344711304,-0.12152868509292603,-0.49971339106559753,0.18806298077106476,-4.52089262008667,-5.863476753234863,-7.4003472328186035,-1.4103320837020874,1.7724539041519165,0.7054415345191956,0.684500515460968
-1.039758563041687,0.029052074998617172,0.3890713155269623,-0.3249059021472931,0.4057168960571289,0.48923420906066895,0.7003426551818848,-3.8375422954559326,-5.513350963592529,-5.65755558013916,0.6875124573707581,1.7715067863464355,1.745018720626831,1.2832541465759277
-1.0138887166976929,0.032762184739112854,0.39248859882354736,-0.49285951256752014,0.5877577066421509,0.5318751335144043,0.35880252718925476,-4.338356971740723,-5.305437088012695,-5.826255798339844,-0.4124826490879059,1.7501094341278076,1.6129926443099976,0.6071367859840393
-1.0156246423721313,0.029287125915288925,0.4160199761390686,-0.30856701731681824,0.4594017565250397,0.5783165097236633,0.59940505027771,-3.7907798290252686,-4.830198764801025,-5.410891056060791,-0.7265624403953552,-0.8498797416687012,-1.3661563396453857,-1.7396608591079712
-1.0684705972671509,0.020284900441765785,0.41983291506767273,-0.45290595293045044,0.1495550125837326,0.7708966135978699,0.4221704304218292,-3.7581734657287598,-4.762488842010498,-8.333052635192871,-1.0573680400848389,1.7724539041519165,1.5505226850509644,-0.039446379989385605
-1.0932979583740234,0.029227104038000107,0.4744702875614166,-0.469620943069458,0.06787809729576111,0.8089219927787781,0.3471223711967468,-4.0594940185546875,-4.934151649475098,-5.296682834625244,0.2649102807044983,1.7424051761627197,1.7446496486663818,1.7167538404464722
-1.1297125816345215,0.02810528129339218,0.4860002398490906,0.7179803848266602,-0.05900353193283081,-0.6885202527046204,-0.0834423080086708,-4.462158679962158,-5.092564105987549,-5.369655609130859,0.3749377727508545,1.6178480386734009,1.717456579208374,1.65375816822052
-1.0223602056503296,0.03416184335947037,0.4150327444076538,-0.3990325629711151,0.19527235627174377,0.8105354309082031,0.38167262077331543,-4.719329357147217,-5.297374725341797,-6.019316673278809,-1.0882827043533325,1.7724539041519165,1.7223000526428223,0.1218811497092247
-1.0689146518707275,0.035641834139823914,0.45126980543136597,-0.4127853810787201,0.32627278566360474,0.7689241766929626,0.36319398880004883,-4.521046161651611,-4.580035209655762,-5.426223278045654,0.22717918455600739,1.7509136199951172,1.1386195421218872,-1.148947834968567
-1.1069530248641968,0.03011428937315941,0.4970005750656128,-0.3395139276981354,0.4067268967628479,0.5688733458518982,0.6290362477302551,-4.751118183135986,-5.071091175079346,-5.6581292152404785,16.11809539794922,1.7611690759658813,1.7666475772857666,1.6259690523147583
-1.022760272026062,0.03458644822239876,0.41713961958885193,0.5629714727401733,-0.06455975770950317,-0.8050830960273743,0.17531801760196686,-4.896827697753906,-5.66926383972168,-5.841574192047119,-0.8658137321472168,1.7724539041519165,1.4466677904129028,-1.4146010875701904
-1.0428273677825928,0.03895741328597069,0.4398905038833618,0.9232194423675537,-0.11221730709075928,0.36584144830703735,0.03511703386902809,-4.5321149826049805,-5.341155529022217,-6.186428546905518,0.85687255859375,1.7233928442001343,0.3879183828830719,-1.7145638465881348
-1.036354422569275,0.03991178423166275,0.4163932800292969,-0.3727353513240814,0.09681679308414459,0.9006070494651794,0.20149898529052734,-3.542435646057129,-4.725067138671875,-5.301753044128418,-2.1047048568725586,1.768232822418213,1.7696852684020996,1.6644935607910156
-1.1270782947540283,0.031155958771705627,0.5065407752990723,0.6942692995071411,-0.36742740869522095,-0.4470323920249939,-0.4279593825340271,-4.208775043487549,-4.874717712402344,-5.542559623718262,0.1130017638206482,1.7630301713943481,1.7304832935333252,1.2162832021713257
-1.0947071313858032,0.028412772342562675,0.5158807039260864,0.8017953038215637,0.5974045395851135,0.013853342272341251,-0.0063390061259269714,-4.126354217529297,-4.422724723815918,-5.839189529418945,0.4139547049999237,1.614815592765808,1.5864146947860718,1.378130555152893
-0.8319995999336243,0.025329414755105972,0.4659561812877655,0.619041919708252,-0.5618402361869812,-0.44419607520103455,-0.32219937443733215,-4.259088039398193,-5.275553226470947,-5.820924282073975,-0.5166086554527283,-1.0802189111709595,-1.4584015607833862,-1.7133210897445679
-0.9124298095703125,0.027000930160284042,0.4794408082962036,0.5263096690177917,-0.553705096244812,-0.4991479516029358,-0.40897446870803833,-4.296210765838623,-5.047693729400635,-5.951903820037842,-1.8010518550872803,0.6398072838783264,0.26178187131881714,0.14911191165447235
-0.8551297187805176,0.02374803088605404,0.4361576735973358,-0.3842862546443939,0.4878455400466919,0.5736106634140015,0.5341362953186035,-4.837730884552002,-4.935726165771484,-5.895071029663086,0.09718921780586243,-0.7028536796569824,-1.057173252105713,-1.4231455326080322
-0.8685053586959839,0.027941018342971802,0.4392979145050049,0.7814189195632935,0.5874683260917664,-0.16002020239830017,0.13659802079200745,-4.70229434967041,-4.980914115905762,-5.882145881652832,0.7798919677734375,1.7341105937957764,1.7240734100341797,1.6247413158416748
-0.8792078495025635,0.025541217997670174,0.4541305601596832,-0.3717272877693176,0.4361356496810913,0.542583703994751,0.6141721606254578,-4.118839740753174,-4.343739032745361,-6.1719970703125,-0.25070813298225403,1.609712839126587,0.6524888277053833,-1.28413724899292
-0.8515121936798096,0.02474207431077957,0.47167131304740906,0.5607925057411194,-0.5552311539649963,-0.4511106610298157,-0.41680845618247986,-4.020687580108643,-4.597398281097412,-6.207580089569092,16.11809539794922,1.7623529434204102,1.073327898979187,-0.8315934538841248
-0.8965264558792114,0.026603056117892265,0.4821109473705292,0.7064404487609863,0.691177248954773,-0.1337982416152954,0.07289650291204453,-4.089469909667969,-4.38527774810791,-6.336883544921875,-1.4856479167938232,0.5584380030632019,-0.45672667026519775,-1.289047360420227
-0.8352253437042236,0.02884497679769993,0.48948171734809875,-0.45378461480140686,0.5882617235183716,0.45908650755882263,0.48710083961486816,-3.944559335708618,-4.858572006225586,-5.501574993133545,0.5587621331214905,1.761626958847046,1.730160117149353,1.3025997877120972
-0.8991730809211731,0.029408708214759827,0.44725874066352844,0.6862627267837524,0.6842127442359924,0.1612730324268341,-0.18678167462348938,-4.829039096832275,-5.112597942352295,-6.2021098136901855,16.11809539794922,1.7304469347000122,1.7303125858306885,1.623361587524414
-0.8918811082839966,0.028542112559080124,0.4644632339477539,0.6162474751472473,0.6982314586639404,0.2346205711364746,-0.27868449687957764,-3.9857466220855713,-5.182358264923096,-5.904500484466553,0.9504785537719727,1.692297101020813,1.7453619241714478,1.6499499082565308
-0.883537769317627,0.02626357413828373,0.4772718548774719,-0.48277977108955383,0.5189309120178223,0.48495861887931824,0.5122982859611511,-3.8123972415924072,-4.4904327392578125,-6.742369174957275,16.11809539794922,1.7082446813583374,1.5873496532440186,-0.20401372015476227
-0.8853265047073364,0.028958085924386978,0.4935087561607361,0.5073766112327576,-0.53021240234375,-0.4839674234390259,-0.47667521238327026,-4.0303568840026855,-4.697999477386475,-5.833938121795654,1.8862038850784302,1.74280846118927,1.7625869512557983,1.701244831085205
-0.9105490446090698,0.029018275439739227,0.49198397994041443,0.6005440950393677,-0.6193679571151733,-0.3633291721343994,-0.3517414331436157,-4.806604862213135,-4.925316333770752,-6.76047945022583,0.34425729513168335,1.7655411958694458,1.7365047931671143,1.102742075920105
-0.8570709824562073,0.02753976359963417,0.4541134536266327,0.689811646938324,0.6809229850769043,-0.1810203641653061,0.1665395051240921,-4.219532489776611,-4.941599369049072,-6.022144317626953,1.6127091646194458,1.7719180583953857,1.6261587142944336,0.6406646966934204
-0.8576956987380981,0.028348024934530258,0.47825372219085693,0.5339595079421997,-0.5532842874526978,-0.45900383591651917,-0.44506093859672546,-4.280577182769775,-4.552719593048096,-5.592591285705566,16.11809539794922,1.7584766149520874,1.77108633518219,1.6562405824661255
-0.8300455212593079,0.026477981358766556,0.49609440565109253,-0.4192473590373993,0.447576105594635,0.5439860820770264,0.5727009773254395,-4.072035312652588,-4.79780912399292,-5.8488922119140625,-0.2784963846206665,-0.03740674629807472,-0.9348504543304443,-1.5519307851791382
-0.8595893383026123,0.031168147921562195,0.5057777166366577,-0.27429574728012085,0.2863384485244751,0.622791051864624,0.6744652986526489,-3.9485442638397217,-4.798629283905029,-5.344391345977783,1.7527109384536743,1.741010308265686,1.76645028591156,1.6068094968795776
-0.8586379289627075,0.029425105080008507,0.5235819220542908,0.576685905456543,-0.6564425230026245,-0.3951260447502136,-0.28353479504585266,-3.5993614196777344,-4.563912391662598,-4.989989757537842,-0.08506448566913605,1.6344890594482422,1.4593901634216309,0.5599949359893799
-0.5057840943336487,0.021388938650488853,0.6791124939918518,-0.3577842116355896,0.43675291538238525,0.513879120349884,0.6458836197853088,-2.087378740310669,-4.118274211883545,-5.3539347648620605,-2.653379440307617,1.339545726776123,1.2594678401947021,-0.9645964503288269
-1.2270236015319824,0.03425372391939163,0.01508597657084465,0.01175055280327797,-0.4748605787754059,0.09746046364307404,0.8745689392089844,-3.9263741970062256,-13.400482177734375,-5.5125508308410645,-1.2227606773376465,-1.1226222515106201,-1.3415043354034424,-1.7724539041519165
-1.2431937456130981,0.041155293583869934,0.09257447719573975,0.8315141797065735,0.5531923174858093,0.040029335767030716,-0.030985170975327492,-4.405195236206055,-4.63827657699585,-5.822700500488281,-0.7301478385925293,1.4734703302383423,0.21669147908687592,-1.758971929550171
-1.2639883756637573,0.041231561452150345,0.10837230831384659,0.6266621351242065,0.7383673787117004,0.18349896371364594,-0.16863074898719788,-4.081697463989258,-4.9223761558532715,-5.383220195770264,-0.008117737248539925,1.738759994506836,1.3901084661483765,-1.1117433309555054
-1.2981901168823242,0.029319262132048607,0.15400147438049316,-0.03525165840983391,-0.3932979106903076,0.05875276401638985,0.9168545007705688,-7.956634998321533,-6.091055393218994,-5.5125508308410645,-1.8718022108078003,1.0991803407669067,0.5074083209037781,1.4944218397140503
-1.11504065990448,0.04022291302680969,0.10015624761581421,0.7976418733596802,0.536034882068634,-0.18841439485549927,0.20232170820236206,-4.077066898345947,-5.120606899261475,-5.739962577819824,-0.8615127801895142,0.5769844055175781,-0.2306017428636551,-1.7724539041519165
-1.0414971113204956,0.041502323001623154,0.07147154211997986,0.8196767568588257,0.5669248104095459,0.03151412680745125,0.0757177323102951,-3.8697545528411865,-3.965282917022705,-5.436100006103516,-0.9917098879814148,1.6686266660690308,1.7635345458984375,1.5038270950317383
-1.0611313581466675,0.0324254184961319,0.13307595252990723,0.49176856875419617,0.843549370765686,0.023630568757653236,0.2145453244447708,-6.040622234344482,-6.260295867919922,-7.646522045135498,-1.1808422803878784,1.0354963541030884,0.9333571195602417,1.6284757852554321
-1.2375134229660034,0.03652312234044075,0.2813549041748047,0.6371155381202698,-0.6397897601127625,-0.31830546259880066,-0.288850337266922,-3.519604444503784,-3.9825093746185303,-5.534865379333496,-0.28762558102607727,1.7724539041519165,1.7724539041519165,1.5890765190124512
-1.1817939281463623,0.036948312073946,0.2240808606147766,-0.38418787717819214,0.4039711058139801,0.5924856662750244,0.5815219283103943,-3.545804738998413,-4.314744472503662,-5.455026149749756,0.8724508881568909,1.7724539041519165,1.7724539041519165,1.688708782196045
-0.9959311485290527,0.03252767398953438,0.22810781002044678,0.5341365337371826,0.06231190636754036,-0.8009675145149231,0.2631850838661194,-4.981158256530762,-6.060544967651367,-6.1236701011657715,-1.8131786584854126,0.8093103170394897,0.849149227142334,1.652167558670044
-0.9686291813850403,0.03313877806067467,0.30048608779907227,0.5497137308120728,-0.5363968014717102,-0.482367604970932,-0.42120635509490967,-4.264841556549072,-5.161368370056152,-6.346120834350586,-1.8472471237182617,1.396236538887024,1.4269155263900757,0.38329067826271057
-0.9819400310516357,0.04470565542578697,0.26934000849723816,-0.35031601786613464,0.5924346446990967,0.39432671666145325,0.6089386940002441,-4.487306118011475,-5.242161273956299,-7.363841533660889,-1.02389395236969,1.7724539041519165,1.74610435962677,1.6963698863983154
-0.9823640584945679,0.045590195804834366,0.30409666895866394,-0.29122260212898254,0.5398919582366943,0.4333905577659607,0.6602110862731934,-3.9700798988342285,-5.449699401855469,-7.576761245727539,-1.726103663444519,1.7724539041519165,1.7560800313949585,1.5842615365982056
-0.8823140859603882,0.046800073236227036,0.017366692423820496,0.8825736045837402,-0.2749585211277008,0.34595856070518494,0.1605437695980072,-4.369754314422607,-5.024716854095459,-6.030018329620361,-0.4218962788581848,1.7674978971481323,0.9297065138816833,0.33941835165023804
-1.271747350692749,0.0297591220587492,0.46026960015296936,0.38085615634918213,-0.3172649145126343,0.8111551403999329,0.3103528320789337,-5.668539047241211,-15.32101821899414,-6.797900676727295,-0.3243834376335144,0.9661611318588257,0.4100971519947052,-0.4657036066055298
-1.210713267326355,0.031705185770988464,0.5002304315567017,0.6081628799438477,-0.6354818344116211,-0.4091540575027466,-0.2426801472902298,-4.351873874664307,-5.065680027008057,-5.949158191680908,-0.7518144249916077,0.15021279454231262,-0.16884319484233856,-0.5282852053642273
-1.0093668699264526,0.03753006458282471,0.39991292357444763,-0.49561387300491333,-0.04687407612800598,0.8648135662078857,-0.06532379239797592,-4.535887241363525,-5.406890869140625,-6.183663368225098,16.11809539794922,1.7480720281600952,0.6588724851608276,-1.7219183444976807
-1.0305588245391846,0.038870133459568024,0.4278136193752289,-0.4571740925312042,0.0022677206434309483,0.8865372538566589,0.07098142802715302,-4.231099605560303,-5.538546085357666,-5.697368621826172,-0.8338472247123718,1.7495942115783691,1.0489412546157837,-0.34048816561698914
-0.9824704527854919,0.041367556899785995,0.3345373868942261,0.5626768469810486,0.23214773833751678,-0.7345429062843323,0.29991474747657776,-4.326425075531006,-5.854480743408203,-6.834190845489502,1.7635741233825684,1.7724539041519165,1.2918174266815186,-0.1518886387348175
-1.0029586553573608,0.04067689925432205,0.39351701736450195,-0.2398495078086853,-0.2315549999475479,0.10575497150421143,0.9368406534194946,-15.633767127990723,-5.975644588470459,-4.683539390563965,-1.2005772590637207,1.7724539041519165,-0.2015732079744339,-0.6603260040283203
-1.0114611387252808,0.042684976011514664,0.3918672204017639,-0.0435461662709713,-0.09054837375879288,-0.08225386589765549,0.9915336966514587,-15.402994155883789,-5.515559196472168,-4.159270763397217,-1.8382794857025146,1.7724539041519165,1.7724539041519165,-1.2163898944854736
-1.0414366722106934,0.04289674386382103,0.4363667070865631,0.5118719935417175,-0.005901639815419912,-0.8539860844612122,0.09305889159440994,-5.02630090713501,-6.228323459625244,-6.669193267822266,-1.6831071376800537,1.5776035785675049,-0.8926876783370972,-1.7724539041519165
-0.6643250584602356,0.022938085719943047,0.9114671349525452,-0.4252309203147888,0.5140082240104675,0.44311195611953735,0.5988539457321167,-4.241898059844971,-4.83992862701416,-6.6865925788879395,-0.023494496941566467,-0.8704390525817871,-0.8115155100822449,-1.7172878980636597
-0.6380882859230042,0.006861691828817129,0.9773716926574707,0.7456151843070984,-0.3260858952999115,-0.4463626742362976,-0.37213748693466187,-4.052487373352051,-4.683448791503906,-4.892950534820557,-0.48963072896003723,-1.2241926193237305,-1.2488937377929688,-1.7651300430297852
-0.6476214528083801,0.021882863715291023,0.8841134309768677,0.6480442881584167,0.7400676608085632,-0.007569584529846907,-0.17966973781585693,-4.57492733001709,-5.359817981719971,-6.177615165710449,-1.078095555305481,-1.5963205099105835,-1.7548288106918335,-1.7693748474121094
-0.6423094272613525,0.02082200162112713,0.9065850377082825,0.6217768788337708,-0.6154715418815613,-0.28682252764701843,-0.390283465385437,-4.644131183624268,-4.866011619567871,-6.014477252960205,1.029636263847351,-0.7083956003189087,-0.8216904997825623,-1.668947696685791
-0.6598373651504517,0.027496064081788063,0.8988240957260132,0.599141538143158,-0.6930742263793945,-0.2700098752975464,-0.2962636947631836,-4.008876800537109,-4.727736949920654,-5.549028396606445,-0.27383673191070557,1.5841196775436401,1.5216724872589111,0.9340159296989441
-0.7007852792739868,0.026552714407444,0.8964663147926331,-0.27349552512168884,0.36735183000564575,0.5208311676979065,0.720408022403717,-4.288262367248535,-5.953552722930908,-6.413853168487549,-1.0629523992538452,0.775962233543396,0.724206268787384,0.710008442401886
-0.676720380783081,0.02579263225197792,0.8826732635498047,0.7721792459487915,0.6219079494476318,-0.023696720600128174,-0.1280946284532547,-5.0929765701293945,-5.835862159729004,-6.861488342285156,-0.14018204808235168,-1.354280710220337,-1.629552960395813,-1.6966232061386108
-0.6532674431800842,0.02521192841231823,0.8921229243278503,0.6443585157394409,0.7515026926994324,0.10823211818933487,-0.09127765148878098,-4.383028984069824,-4.89010763168335,-5.955585956573486,0.7020264267921448,1.0651147365570068,0.5831299424171448,-1.5636100769042969
-0.6855614185333252,0.02774331346154213,0.9279114007949829,-0.3441620469093323,0.4254825711250305,0.537392258644104,0.6416592597961426,-3.741995334625244,-4.71232795715332,-6.4475226402282715,16.11809539794922,1.420255184173584,1.3176326751708984,0.30267012119293213
-0.6247404217720032,0.018070384860038757,0.9371991753578186,0.6100408434867859,-0.5017654299736023,-0.3529289662837982,-0.5015204548835754,-3.835761070251465,-3.870737075805664,-5.77103853225708,7.2701897621154785,1.193189263343811,1.0484881401062012,-0.6259393692016602
-0.6754338145256042,0.025145938619971275,0.9290575981140137,0.5310285091400146,-0.5629239082336426,-0.37671637535095215,-0.5091268420219421,-3.88869309425354,-4.4770121574401855,-6.915629863739014,16.11809539794922,1.11471688747406,0.9622451663017273,-0.6908169984817505
-0.7317610383033752,0.02076755464076996,0.9845775961875916,0.6095011830329895,0.768196165561676,-0.19464071094989777,0.02231448143720627,-3.993741989135742,-4.827548027038574,-5.051001071929932,-0.8587226867675781,-1.5290076732635498,-1.5651241540908813,-1.7587461471557617
-0.682285487651825,0.02443378046154976,0.9813308119773865,-0.42086243629455566,0.474383682012558,0.4329841434955597,0.6405932307243347,-3.5383589267730713,-4.291651248931885,-5.987261772155762,16.11809539794922,1.6056874990463257,1.511608362197876,0.39631664752960205
-0.6238674521446228,0.013730671256780624,0.9439436793327332,0.5389074087142944,0.8275968432426453,0.0007023919024504721,-0.15704049170017242,-4.0871901512146,-4.6375932693481445,-5.558688640594482,-0.07268425822257996,-0.2738747298717499,-0.3069821298122406,-1.1992084980010986
-0.7709105014801025,0.02755429968237877,0.9938585758209229,0.6357938647270203,0.7533652782440186,0.14478003978729248,-0.08512134104967117,-4.242918968200684,-4.614635944366455,-5.0762810707092285,16.11809539794922,1.6552670001983643,1.6618332862854004,1.4054241180419922
-0.6988312602043152,0.028417807072401047,0.9517282247543335,0.5216625928878784,-0.5845133066177368,-0.38893774151802063,-0.4847058653831482,-4.133556365966797,-4.687780857086182,-6.642360210418701,0.5266565084457397,0.4955751597881317,0.510502815246582,-0.7442713379859924
-0.6726294755935669,0.02908671833574772,0.9066503047943115,0.6967447996139526,0.7162746787071228,-0.0378199927508831,-0.008178649470210075,-4.531400203704834,-4.568057537078857,-5.832192420959473,16.11809539794922,1.7017583847045898,1.7193901538848877,1.5334429740905762
-0.7083504796028137,0.02948814630508423,0.947204053401947,-0.37933915853500366,0.4940337538719177,0.4800662398338318,0.6177126169204712,-3.6674389839172363,-4.912712097167969,-6.311056137084961,-1.0367215871810913,-1.4202616214752197,-1.6050995588302612,-1.6477410793304443
-0.641835629940033,0.027538416907191277,0.9345418214797974,-0.4437362551689148,0.5701342821121216,0.442867249250412,0.5309553742408752,-4.047914505004883,-4.331201553344727,-5.251962661743164,1.835229754447937,1.7484500408172607,1.7450121641159058,1.3984124660491943
-0.6932362914085388,0.029313163831830025,0.9515894055366516,-0.33477887511253357,0.30272480845451355,0.6123278141021729,0.6491035223007202,-3.8037221431732178,-4.322468280792236,-5.600942611694336,-0.03873434662818909,1.7353520393371582,1.753292202949524,1.5859482288360596
-0.6737086772918701,0.029482584446668625,0.9878218770027161,-0.4239506125450134,0.4460657238960266,0.5372872948646545,0.5767266154289246,-3.5031630992889404,-4.087575435638428,-5.263263702392578,0.4333668649196625,1.768290638923645,1.7668899297714233,1.607671856880188
-1.1829230785369873,0.013473201543092728,1.1229783296585083,0.572404682636261,-0.5002864003181458,-0.6493209004402161,0.02118593268096447,-3.9182674884796143,-4.489503383636475,-5.055721282958984,1.8050230741500854,-1.2920604944229126,-1.1210606098175049,-1.5697813034057617
-1.2403579950332642,0.018861906602978706,1.1205929517745972,0.8567171692848206,-0.2757223844528198,-0.3835045099258423,-0.20721282064914703,-3.9036242961883545,-4.28895378112793,-5.31034517288208,1.8077956438064575,1.4030296802520752,1.4203599691390991,0.025742031633853912
-1.0090012550354004,0.01434183120727539,1.0574380159378052,-0.3877236843109131,0.18414054811000824,0.5142767429351807,0.7424836754798889,-3.3937103748321533,-3.9602560997009277,-4.9470038414001465,-0.6710619926452637,-0.9785363674163818,-0.9200471043586731,-1.5533546209335327
-1.0081464052200317,0.013893594034016132,1.0913304090499878,0.551052987575531,-0.38670483231544495,-0.3784711956977844,-0.6352633833885193,-3.5070512294769287,-3.724508285522461,-4.721709728240967,0.336667537689209,1.5726088285446167,1.5095866918563843,0.6706510186195374
-1.10964035987854,0.019024023786187172,1.100685954093933,-0.3040309250354767,0.3854219317436218,0.3977542817592621,0.7751172184944153,-3.337348461151123,-3.9397032260894775,-5.1867499351501465,-0.7960876822471619,1.5450628995895386,1.6224092245101929,0.7189247608184814
-0.974539577960968,0.011086290702223778,1.0963138341903687,0.44718673825263977,0.8309995532035828,0.2980915307998657,-0.1435449719429016,-3.8208675384521484,-3.9445254802703857,-4.795960903167725,16.11809539794922,1.4251750707626343,1.4123932123184204,-0.40163296461105347
-1.2746037244796753,0.010409259237349033,1.1462013721466064,0.6866464614868164,0.6585302948951721,-0.2133396714925766,0.22212760150432587,-3.211289405822754,-3.540297269821167,-5.039854526519775,16.11809539794922,0.6487902402877808,0.7762271165847778,-1.1221671104431152
-1.0481106042861938,0.013208250515162945,1.1227530241012573,0.6032733917236328,-0.616121232509613,-0.2932074964046478,-0.41289860010147095,-3.0167250633239746,-3.4706344604492188,-4.947502136230469,16.11809539794922,1.105760097503662,1.22682523727417,-0.48119232058525085
-1.0575578212738037,0.014464976266026497,1.150848627090454,-0.39611977338790894,0.445608913898468,0.5718088746070862,0.5635214447975159,-3.02698016166687,-3.7642295360565186,-5.115375995635986,2.5613183975219727,0.5724617838859558,0.8452064394950867,-1.612522006034851
-1.052927851676941,0.026044033467769623,1.125092625617981,0.7012089490890503,0.6805821061134338,-0.14247144758701324,0.1575305312871933,-3.299452781677246,-3.5952866077423096,-4.3512654304504395,0.21925634145736694,1.6721829175949097,1.756661057472229,1.286435842514038
-0.9441930651664734,0.006640927400439978,1.1032193899154663,0.9859402775764465,0.14984865486621857,-0.050801169127225876,-0.053725466132164,-3.201786756515503,-4.132676601409912,-4.552071571350098,16.11809539794922,1.4641371965408325,1.5574615001678467,0.8906370401382446
-1.1953833103179932,0.007419767789542675,1.2210400104522705,0.9466228485107422,0.19924426078796387,-0.22030429542064667,-0.1251913607120514,-3.5930144786834717,-4.175967216491699,-4.493797779083252,-0.825981855392456,-1.370680570602417,-1.2269947528839111,-1.6942963600158691
-1.1149133443832397,0.018530651926994324,1.22836434841156,0.7690516710281372,0.5575147867202759,0.189488485455513,-0.24865813553333282,-3.790496587753296,-3.960479736328125,-5.361716270446777,-0.3007758557796478,-1.0116040706634521,-0.6419312357902527,-1.680614948272705
-1.2399675846099854,0.015093594789505005,1.1584149599075317,0.7137384414672852,0.6681766510009766,0.18473000824451447,-0.09996099025011063,-3.3997750282287598,-3.7307233810424805,-4.763116359710693,2.178776979446411,1.262831211090088,1.221423625946045,-0.5937833786010742
-1.2205504179000854,0.014898347668349743,1.1983356475830078,0.8480667471885681,0.5253830552101135,0.0008154274546541274,0.06895506381988525,-3.9055545330047607,-4.065771579742432,-5.309006214141846,0.869638204574585,-0.22033290565013885,-0.38267382979393005,-1.675614356994629
-1.2726572751998901,0.020457353442907333,1.222069263458252,0.8916153907775879,-0.3400523364543915,-0.29349979758262634,-0.056958943605422974,-3.482419729232788,-4.891939163208008,-5.022425651550293,0.7800760269165039,1.418286919593811,1.2510815858840942,-1.487705111503601
-1.2336745262145996,0.02106429450213909,1.2639533281326294,-0.3693162798881531,0.3404700458049774,0.7386904954910278,0.44946855306625366,-3.649505138397217,-4.298493385314941,-5.207756996154785,0.24607238173484802,-0.29239267110824585,-0.49402499198913574,-1.7223700284957886
-1.1205356121063232,0.01913427747786045,1.11867356300354,-0.2441408485174179,0.332868754863739,0.5538308024406433,0.72309410572052,-3.4216275215148926,-3.7407288551330566,-5.5673604011535645,16.11809539794922,0.988722562789917,1.2213462591171265,-0.5372321009635925
-1.1254379749298096,0.016338879242539406,1.1760414838790894,-0.3328886330127716,0.39948058128356934,0.6303488612174988,0.5764206051826477,-3.0915470123291016,-3.560912609100342,-5.263945579528809,16.11809539794922,0.6503653526306152,0.9699194431304932,-1.0666426420211792
-1.055763602256775,0.014600269496440887,1.2122182846069336,-0.4372265636920929,0.6022472977638245,0.49175676703453064,0.45200270414352417,-3.9315361976623535,-4.277237415313721,-5.038066387176514,2.4206855297088623,0.2942601442337036,0.4311627149581909,-0.39557144045829773
-0.9862816333770752,0.028183354064822197,1.2004890441894531,0.7812973260879517,0.6237353682518005,0.02041834034025669,-0.010574864223599434,-2.9768247604370117,-3.562284469604492,-4.109157562255859,0.8734157681465149,1.4959907531738281,1.6050348281860352,0.9397919774055481
-0.8848255276679993,0.007181562948971987,1.0844484567642212,0.9331997036933899,-0.24768801033496857,0.25596505403518677,-0.04765388369560242,-3.736508369445801,-4.210939884185791,-6.189616680145264,16.11809539794922,1.6520967483520508,1.5903009176254272,1.1707700490951538
-0.8543959856033325,0.01431121677160263,1.0772578716278076,0.6696212291717529,0.725086510181427,-0.11375708878040314,-0.11364991217851639,-3.4168941974639893,-3.936927080154419,-4.535942077636719,-1.4418188333511353,0.5362216234207153,0.5658881068229675,-1.567283034324646
-0.7326374650001526,0.011252393014729023,1.052069067955017,0.6526722311973572,-0.4085685908794403,-0.4685787260532379,-0.43304118514060974,-3.3924076557159424,-3.6270718574523926,-4.79962158203125,2.143080711364746,1.1681947708129883,0.9991112351417542,-1.1496508121490479
-0.6591716408729553,0.009592829272150993,1.018728256225586,-0.44824495911598206,0.22090044617652893,0.7722042202949524,0.3924029469490051,-3.8026070594787598,-4.139695167541504,-5.495595932006836,1.5852460861206055,-0.37479791045188904,-0.32952696084976196,-1.7495523691177368
-0.7166553139686584,0.012397954240441322,1.1159396171569824,0.6255455017089844,-0.4015195965766907,-0.6138666868209839,-0.26578661799430847,-3.8732550144195557,-4.165781497955322,-5.73402214050293,3.22613525390625,-0.3985741138458252,-0.4219745397567749,-1.6072496175765991
-0.720676600933075,0.015585027635097504,1.1137568950653076,0.6303046345710754,-0.3567742109298706,-0.6173893809318542,-0.3070155680179596,-3.492136240005493,-4.090238094329834,-4.941115379333496,1.0031826496124268,0.40428417921066284,0.449910044670105,-1.4889819622039795
-0.6958494186401367,0.015305424109101295,1.173586130142212,0.7766374349594116,-0.41187745332717896,-0.45642900466918945,-0.13734543323516846,-3.321701765060425,-4.153458595275879,-5.642616271972656,2.5677905082702637,-0.693099856376648,-0.7141191363334656,-1.6859147548675537
-0.8218613862991333,0.01847018301486969,1.0193893909454346,-0.33484265208244324,0.3589874505996704,0.450409471988678,0.7457477450370789,-3.8478667736053467,-4.002956390380859,-6.220605373382568,2.4122116565704346,0.49047595262527466,0.5177791714668274,-0.9798362255096436
-0.9139155149459839,0.01428765058517456,1.1268510818481445,0.675631582736969,0.058712370693683624,-0.6430491209030151,0.35575640201568604,-2.9610183238983154,-4.1254706382751465,-4.890292167663574,-0.04732853174209595,1.5379267930984497,1.4766085147857666,0.6001163721084595
-0.9251334071159363,0.009180174209177494,1.127002239227295,0.718616783618927,-0.2209545373916626,-0.6383662819862366,-0.1650984287261963,-3.295278310775757,-4.392401695251465,-4.727258682250977,16.11809539794922,0.9721195101737976,1.135116696357727,-0.6014018058776855
-0.9181444644927979,0.022351568564772606,1.1160041093826294,0.9276661276817322,-0.2633218765258789,0.2631230354309082,0.029383501037955284,-3.396489143371582,-4.199440956115723,-4.319413661956787,-0.7253690958023071,1.7365792989730835,1.7506986856460571,1.4702283143997192
-0.8030254244804382,0.011832930147647858,1.0416693687438965,-0.37619227170944214,0.33366453647613525,0.4564357399940491,0.7340393662452698,-3.2325985431671143,-3.7321507930755615,-5.2890191078186035,16.11809539794922,1.548807144165039,1.4329023361206055,-0.22111834585666656
-0.9132311344146729,0.01927068643271923,1.0833368301391602,0.7226626873016357,0.4468390941619873,0.4168960154056549,0.32294148206710815,-4.626210689544678,-4.652480602264404,-5.737582683563232,-1.0490518808364868,-0.12891826033592224,-0.14972545206546783,-1.098771572113037
-0.8570616841316223,0.018726076930761337,1.0672508478164673,0.5438138246536255,0.8095026016235352,0.008875258266925812,-0.22111812233924866,-3.689255714416504,-4.045236587524414,-4.917850017547607,16.11809539794922,1.5375369787216187,1.4962319135665894,0.3367266356945038
-0.7297315001487732,0.012754619121551514,1.009266972541809,0.6171228885650635,-0.6457732915878296,-0.2473136931657791,-0.3754625916481018,-4.232053756713867,-4.373753070831299,-4.752958297729492,1.9653116464614868,0.5309174656867981,0.5197092890739441,-0.8663702011108398
-0.7294266223907471,0.025900311768054962,1.0690484046936035,0.5554673075675964,-0.5745610594749451,-0.44050294160842896,-0.409014493227005,-3.168497323989868,-4.03590202331543,-4.763626575469971,1.0216143131256104,1.6793720722198486,1.6836345195770264,1.0018335580825806
-0.7388476729393005,0.020550042390823364,0.9982573986053467,0.8619585633277893,0.4781394600868225,0.15536004304885864,-0.06537085026502609,-3.9893529415130615,-4.566109657287598,-4.839789390563965,0.8630627989768982,1.744533896446228,1.7443547248840332,1.525444507598877
-0.6986328959465027,0.016261514276266098,1.0096807479858398,0.510538637638092,0.8563302755355835,0.0722176805138588,0.02886863425374031,-4.012657642364502,-4.196500301361084,-4.9427409172058105,1.008945107460022,1.48121976852417,1.2220603227615356,-0.9286539554595947
-0.779019296169281,0.01995854824781418,0.9902052283287048,0.7190366387367249,-0.49002015590667725,-0.1885521411895752,-0.4553181827068329,-4.040961265563965,-4.432248592376709,-5.695008754730225,-0.257579505443573,-0.06676167249679565,-0.12156207859516144,-0.8552931547164917
-0.8195495009422302,0.02059500478208065,1.031383752822876,0.5539279580116272,0.8166708946228027,-0.16181354224681854,0.005374927073717117,-3.5258641242980957,-4.1667327880859375,-5.241319179534912,1.5096560716629028,1.5928744077682495,1.5932420492172241,0.8415025472640991
-0.7866766452789307,0.019268719479441643,1.0602892637252808,-0.2685582935810089,0.3995240330696106,0.5030250549316406,0.7177902460098267,-3.275771379470825,-3.813279628753662,-4.540079116821289,0.8346364498138428,1.731082558631897,1.712105393409729,1.5581914186477661
-0.8097611665725708,0.022671177983283997,1.0911805629730225,-0.49090147018432617,0.44008466601371765,0.6580604910850525,0.3637273609638214,-3.5011587142944336,-4.6971821784973145,-5.401589870452881,0.5592547655105591,1.281543254852295,1.0530648231506348,-0.7937572002410889
-0.6615124344825745,0.021433139219880104,0.9967870116233826,0.7062838077545166,-0.5491060614585876,-0.3537670969963074,-0.27293702960014343,-3.7925500869750977,-4.185235500335693,-4.94663143157959,1.186302900314331,1.2462420463562012,1.2091856002807617,-0.35049450397491455
-0.6747723817825317,0.015946973115205765,1.018020749092102,0.46956321597099304,0.8204361796379089,-0.2473401427268982,0.212644562125206,-3.9327328205108643,-4.953001022338867,-5.0990800857543945,-0.8450621962547302,-0.8203957676887512,-0.601972758769989,-1.4919143915176392
-0.8034237027168274,0.005783011671155691,1.1138781309127808,-0.49755486845970154,-0.05031242594122887,0.865251362323761,-0.03532592952251434,-2.944112539291382,-4.661811351776123,-7.852028846740723,-1.2779299020767212,1.2343047857284546,1.3170969486236572,0.256870836019516
-0.7669532895088196,0.0077675143256783485,1.1810133457183838,-0.37600070238113403,0.24431657791137695,0.6116757392883301,0.6517558097839355,-2.925647258758545,-3.0584280490875244,-4.494091033935547,0.6541440486907959,1.6890610456466675,1.6260733604431152,-0.8046491742134094
-0.9477630257606506,0.003076112363487482,1.1958670616149902,-0.40226152539253235,0.522718071937561,0.5387425422668457,0.524125874042511,-2.932088851928711,-3.2790956497192383,-4.773470401763916,16.11809539794922,0.6941361427307129,1.0782936811447144,-0.6927518844604492
-0.7501576542854309,0.006788880098611116,1.224122166633606,0.6727344393730164,0.6992483735084534,0.2039579153060913,-0.1299276500940323,-2.9588711261749268,-3.462446451187134,-4.436253070831299,0.007181824184954166,0.05006430298089981,0.3878391683101654,-1.45211923122406
-0.8258919715881348,0.00744658475741744,1.2504853010177612,-0.4810364544391632,0.40935400128364563,0.5834645628929138,0.510492205619812,-2.7397408485412598,-3.489250898361206,-4.705357074737549,0.9533661007881165,0.8472171425819397,1.0695441961288452,-0.8121122717857361
-0.7268016934394836,0.024182545021176338,1.264613389968872,0.6862341165542603,0.7079768776893616,-0.04892350360751152,0.15955553948879242,-3.2324843406677246,-3.505059242248535,-4.57240104675293,1.6066302061080933,1.3456860780715942,1.4033045768737793,0.48673439025878906
-0.6467962861061096,0.01863045059144497,1.2589176893234253,-0.4322375953197479,0.4642035663127899,0.6069924831390381,0.47879618406295776,-3.3290748596191406,-3.835125684738159,-4.522307872772217,-0.04968336597084999,-0.8095951080322266,-0.6404016017913818,-1.640364646911621
-0.7273246645927429,0.016344035044312477,1.2454924583435059,-0.3315556049346924,0.32530662417411804,0.5802687406539917,0.6689803004264832,-2.7555627822875977,-3.731739044189453,-4.4989471435546875,-2.0239217281341553,-1.163349986076355,-0.8520690202713013,-1.668656349182129
-1.2813973426818848,0.02054738812148571,1.097640872001648,0.5198999047279358,0.851457953453064,0.005941142328083515,0.06847032904624939,-3.779649019241333,-4.174064636230469,-5.5830302238464355,16.11809539794922,1.5854719877243042,1.409964680671692,-0.4932692348957062
-1.2494409084320068,0.021081745624542236,1.112123727798462,0.9796968102455139,0.05443136394023895,-0.19256886839866638,-0.012192638590931892,-3.6212806701660156,-4.729287624359131,-5.679888725280762,1.5361111164093018,1.640089511871338,1.6801750659942627,0.8154900670051575
-1.2060375213623047,0.02127891220152378,1.129120111465454,0.5280224680900574,0.8171164989471436,-0.13053923845291138,0.19097749888896942,-3.740658760070801,-4.754353046417236,-5.256419658660889,-0.8399486541748047,-0.0732637494802475,-0.0032290646340698004,-1.5311479568481445
-1.1810235977172852,0.022122131660580635,1.1446837186813354,0.8131184577941895,0.5781112313270569,0.021602271124720573,0.06449087709188461,-3.3945508003234863,-4.01076078414917,-4.640913486480713,-0.5296354293823242,1.7302953004837036,1.7570843696594238,0.5609836578369141
-1.2656431198120117,0.028815682977437973,1.1132466793060303,-0.33256641030311584,0.2714345157146454,0.6914856433868408,0.5810081958770752,-3.481379508972168,-4.054187297821045,-4.745121479034424,0.021959999576210976,1.7466031312942505,1.7370959520339966,1.0933085680007935
-1.1937485933303833,0.01818680576980114,1.1626993417739868,0.7060756087303162,-0.42483729124069214,-0.5153911709785461,-0.23524974286556244,-3.622861623764038,-4.432453632354736,-4.894852161407471,0.38818976283073425,1.1958342790603638,1.3546897172927856,-0.8119179606437683
-1.2172569036483765,0.02501564472913742,1.1364890336990356,0.6920251846313477,0.7124757766723633,-0.1160077303647995,0.004644629079848528,-3.905225992202759,-4.44337272644043,-4.714432239532471,0.5565564036369324,1.5652395486831665,1.6793709993362427,0.8551374673843384
-1.042496919631958,0.02583138644695282,1.040639877319336,0.48145419359207153,0.8761321902275085,-0.007021572440862656,-0.023343292996287346,-4.2363057136535645,-4.551459312438965,-5.327634334564209,16.11809539794922,1.387826681137085,1.4490777254104614,0.14806194603443146
-1.0451560020446777,0.025368211790919304,1.0323885679244995,0.49401378631591797,0.8640269637107849,-0.09367029368877411,-0.025173170492053032,-3.5986430644989014,-4.158412933349609,-5.304164886474609,-1.7076581716537476,-0.45007142424583435,-0.530907928943634,-1.297353744506836
-1.0184286832809448,0.020895661786198616,1.0511330366134644,0.4593577980995178,0.8491231799125671,-0.1836465448141098,0.18507899343967438,-3.6499342918395996,-4.467929363250732,-5.195199966430664,0.946963369846344,0.7000648975372314,0.6293502449989319,-1.356384038925171
-1.0377147197723389,0.02608465403318405,1.0252106189727783,0.91939377784729,0.3909125328063965,0.04354045167565346,-0.0025918702594935894,-4.057733535766602,-5.014562606811523,-5.499269962310791,-1.7395139932632446,-1.525938868522644,-1.5455859899520874,-1.7622222900390625
-1.0052521228790283,0.020890582352876663,1.0574650764465332,0.6703723073005676,-0.579322874546051,-0.29032400250434875,-0.36152175068855286,-4.062703609466553,-4.446640491485596,-5.09381103515625,3.9779226779937744,1.5946531295776367,1.384652018547058,-1.4561679363250732
-1.1186575889587402,0.022837739437818527,1.0856646299362183,-0.4861427843570709,0.4708481729030609,0.39586254954338074,0.6206932067871094,-3.9878010749816895,-4.498365879058838,-6.493040084838867,1.0745073556900024,0.08278625458478928,0.31673911213874817,-1.1993211507797241
-1.0757516622543335,0.023964764550328255,1.0445059537887573,0.5669358968734741,0.7942598462104797,0.11355423927307129,-0.1866558939218521,-4.157454967498779,-4.613151550292969,-5.963634967803955,0.29059985280036926,-0.19002637267112732,-0.07392216473817825,-1.1073635816574097
-0.9704806804656982,0.027540292590856552,1.071480631828308,0.6612248420715332,0.7024670243263245,-0.2111545205116272,0.15727543830871582,-3.869088888168335,-4.507752418518066,-5.121956825256348,4.565221786499023,1.7263424396514893,1.747963309288025,1.2474405765533447
-1.2829304933547974,0.028445644304156303,1.0917389392852783,0.6121503114700317,-0.5802576541900635,-0.2882557809352875,-0.4533008337020874,-4.109896183013916,-4.270745754241943,-4.935636043548584,1.0506898164749146,1.7596423625946045,1.7547330856323242,0.970187783241272
-1.2083942890167236,0.027281371876597404,1.081021785736084,0.5189915299415588,0.8513856530189514,0.07182114571332932,-0.025139065459370613,-3.342097520828247,-3.8059191703796387,-5.003855228424072,-0.7535760998725891,-0.8486765623092651,-1.1621514558792114,-1.7165091037750244
-1.1389433145523071,0.032690711319446564,1.112795114517212,0.5693631172180176,-0.4960506558418274,-0.509056031703949,-0.41306331753730774,-3.4802258014678955,-3.7090799808502197,-4.894328594207764,-1.440980315208435,1.7086215019226074,1.7357159852981567,1.6705902814865112
-1.2780420780181885,0.029860155656933784,1.074882984161377,0.9391692876815796,-0.2887457311153412,-0.14525356888771057,-0.1161392331123352,-4.2451300621032715,-5.108969211578369,-5.330808639526367,0.19175197184085846,-0.0777597427368164,-0.26077717542648315,-1.0335322618484497
-1.2450716495513916,0.025194741785526276,1.116665244102478,-0.11404947936534882,-0.48177266120910645,-0.21496598422527313,0.8418298363685608,-3.7755908966064453,-5.088138580322266,-9.47359848022461,-0.29225873947143555,1.4527170658111572,1.4527170658111572,-0.2293764054775238
-1.1980202198028564,0.030855979770421982,1.127618670463562,0.7443968057632446,-0.47952690720558167,-0.4138972759246826,-0.21122591197490692,-4.431745529174805,-5.318636417388916,-6.232194900512695,-0.8478498458862305,-1.5033329725265503,-1.5550332069396973,-1.642086148262024
-1.0242228507995605,0.030902497470378876,1.0396902561187744,0.6905743479728699,0.6791327595710754,-0.22925391793251038,0.09658374637365341,-4.499627590179443,-4.558684349060059,-5.702737331390381,0.20623527467250824,1.6226038932800293,1.7284513711929321,1.6334799528121948
-1.1099876165390015,0.028592385351657867,1.0546025037765503,0.4729093313217163,0.8040878772735596,0.21301662921905518,-0.29055705666542053,-3.835818290710449,-5.338952541351318,-6.1733903884887695,-1.1083861589431763,-1.0282726287841797,-1.08108389377594,-1.5931676626205444
-1.0766994953155518,0.03126184269785881,1.056810975074768,0.6673610210418701,0.7271497249603271,0.10321702063083649,-0.1234051063656807,-3.777106523513794,-4.220570087432861,-5.395863056182861,0.42359456419944763,1.7482539415359497,1.7508577108383179,1.5828509330749512
-1.2051568031311035,0.018305271863937378,1.1809377670288086,0.7301777005195618,0.6425725817680359,0.13111981749534607,-0.19169911742210388,-3.5914320945739746,-3.7560572624206543,-4.934203147888184,0.24776101112365723,1.0107736587524414,1.0372658967971802,-1.5967029333114624
-1.2715750932693481,0.0233375933021307,1.2160307168960571,0.924424409866333,-0.2109670639038086,-0.3038986623287201,-0.0926174446940422,-3.524873733520508,-4.9492621421813965,-5.456564426422119,-0.14186356961727142,0.43085214495658875,0.3247647285461426,-1.7259868383407593
-1.1666098833084106,0.03466593101620674,1.2126418352127075,0.7092552781105042,0.6848875284194946,-0.1084417998790741,0.1269899308681488,-2.5438148975372314,-3.8634097576141357,-4.558213233947754,-0.3785408139228821,1.7413877248764038,1.7667523622512817,1.580792784690857
-1.2708265781402588,0.019979681819677353,1.260231852531433,-0.36573782563209534,0.24976640939712524,0.690173864364624,0.5722872018814087,-3.501948595046997,-3.7650506496429443,-5.429685115814209,2.3785393238067627,0.8372631072998047,0.9994499683380127,-1.2755941152572632
-1.0871466398239136,0.02946304716169834,1.1997631788253784,-0.4005320370197296,0.5350679159164429,0.5071797370910645,0.544100284576416,-3.323704957962036,-4.033590793609619,-4.783745765686035,-0.13360419869422913,1.7568244934082031,1.7619969844818115,1.000613808631897
-1.0510562658309937,0.02255370281636715,1.1885733604431152,-0.277329683303833,0.30686280131340027,0.6579462885856628,0.6293092370033264,-3.2338790893554688,-4.2625932693481445,-4.977231502532959,-0.6184291243553162,1.5567229986190796,1.500454068183899,-1.1354985237121582
-1.055936336517334,0.022448576986789703,1.2604658603668213,0.7588653564453125,0.6261346936225891,-0.1474112868309021,0.10172837227582932,-2.9353644847869873,-3.936570167541504,-5.491685390472412,-0.7267772555351257,-0.09100090712308884,0.22182418406009674,-1.486341953277588
-1.0236612558364868,0.03620557859539986,1.2735679149627686,0.7163671255111694,0.6900879144668579,-0.04154540225863457,0.09418486058712006,-3.2411301136016846,-3.9095544815063477,-4.737051486968994,0.7399197220802307,1.6971778869628906,1.7196218967437744,1.384089708328247
-1.0764780044555664,0.02488003298640251,1.2475228309631348,-0.38417091965675354,0.32619038224220276,0.6376936435699463,0.5825455784797668,-3.1503336429595947,-4.091695308685303,-4.641073226928711,-1.9888067245483398,-1.3550869226455688,-1.3968769311904907,-1.5889726877212524
-0.9895170331001282,0.022734811529517174,1.259116768836975,0.7253819704055786,0.6757885813713074,-0.11672312766313553,0.05921587347984314,-3.0359342098236084,-3.366367816925049,-5.378672122955322,2.0791850090026855,0.919310450553894,1.127245306968689,-0.6170600652694702
-1.2024579048156738,0.027872031554579735,1.2396291494369507,0.7379059791564941,0.6447949409484863,-0.12982235848903656,0.15126293897628784,-3.603971481323242,-4.433751106262207,-5.409927845001221,-1.0461125373840332,-1.624297857284546,-1.6486197710037231,-1.5939741134643555
-1.2627617120742798,0.03339748457074165,1.2407870292663574,-0.4400879442691803,0.45669567584991455,0.546447217464447,0.5469434261322021,-3.1664886474609375,-3.620180130004883,-4.774660587310791,-0.14287780225276947,1.768106460571289,1.7679016590118408,1.4433625936508179
-1.280867338180542,0.027920998632907867,1.222654104232788,0.880896806716919,-0.364685595035553,-0.2856765687465668,-0.09702641516923904,-3.663959503173828,-4.337734699249268,-5.2128705978393555,0.02729048952460289,1.5287964344024658,1.5285316705703735,0.3428758382797241
-1.2515894174575806,0.029811203479766846,1.256874442100525,0.6229572892189026,-0.5893336534500122,-0.40736183524131775,-0.3141120672225952,-3.777899980545044,-3.9904727935791016,-5.398899078369141,0.5246289968490601,1.553845763206482,1.59397554397583,0.1453719288110733
-0.8917990922927856,0.02231445722281933,1.0495461225509644,-0.33549416065216064,0.274290531873703,0.6922858357429504,0.577017068862915,-3.4710326194763184,-4.313749313354492,-5.316643238067627,-0.8249732255935669,-1.3088797330856323,-1.4215586185455322,-1.612051010131836
-0.8520568013191223,0.026374096050858498,1.047471284866333,0.5902285575866699,0.7684792280197144,0.11940260231494904,-0.21636289358139038,-3.561699390411377,-4.154499530792236,-4.897940635681152,-0.4700726866722107,1.740831732749939,1.7378365993499756,1.6804347038269043
-0.9258070588111877,0.023897122591733932,1.1259037256240845,-0.37961041927337646,0.508544385433197,0.568504810333252,0.5235272645950317,-3.7422306537628174,-4.91858434677124,-5.393685340881348,-0.05918166786432266,0.40540409088134766,0.4756138026714325,-1.1878646612167358
-0.6401709914207458,0.016456495970487595,0.9949417114257812,0.5266643166542053,-0.2886497676372528,-0.6171137094497681,-0.5084060430526733,-4.062522888183594,-4.51128625869751,-5.213383674621582,0.6545081734657288,0.29609450697898865,0.19680574536323547,-1.725593090057373
-0.6397992372512817,0.019086796790361404,1.0849565267562866,0.5444033145904541,-0.6990225315093994,-0.29960671067237854,-0.35387611389160156,-3.702760696411133,-4.086935520172119,-4.765349388122559,1.018919825553894,0.07789167016744614,-0.05454055592417717,-1.2235257625579834
-0.6261684894561768,0.01267075166106224,1.024723768234253,0.6539821028709412,0.6302847266197205,0.09701967239379883,-0.40698373317718506,-3.3572781085968018,-3.853022575378418,-4.735734462738037,16.11809539794922,1.680053472518921,1.6742944717407227,1.420805811882019
-0.7490831613540649,0.026928680017590523,1.1247811317443848,-0.3310323655605316,0.34176868200302124,0.6183075308799744,0.6255457997322083,-2.9130513668060303,-3.6904757022857666,-4.548617839813232,0.8147245049476624,1.7589937448501587,1.7724539041519165,1.646579384803772
-0.8091208338737488,0.028721380978822708,1.1450567245483398,-0.25105521082878113,0.41658303141593933,0.5987924337387085,0.6362998485565186,-3.732484817504883,-4.645010471343994,-5.091908931732178,-0.4163171648979187,1.7724539041519165,1.747872233390808,0.8491775989532471
-0.6837865710258484,0.025597216561436653,1.0638612508773804,0.7094594240188599,-0.4586680233478546,-0.40995627641677856,-0.3438412845134735,-3.8739919662475586,-5.27863883972168,-5.621824264526367,-0.43524426221847534,-0.6616111993789673,-0.7532447576522827,-1.304463267326355
-0.6551513075828552,0.023704100400209427,1.1105016469955444,0.693796694278717,0.6188282370567322,-0.2743884027004242,0.24578192830085754,-3.5342838764190674,-3.8375532627105713,-5.025242328643799,-0.44510504603385925,-1.6465009450912476,-1.722449779510498,-1.7321898937225342
-0.6237249970436096,0.009663212113082409,1.0529345273971558,-0.1700497418642044,0.4603431820869446,0.5747455954551697,0.6548547744750977,-3.42500638961792,-3.810340642929077,-4.911078929901123,16.11809539794922,1.6196179389953613,1.4528402090072632,0.09365905821323395
-0.8174060583114624,0.02824212796986103,1.0053898096084595,0.6087270975112915,0.7615996599197388,0.1119624599814415,-0.19204601645469666,-4.243188381195068,-4.401583194732666,-5.207376956939697,3.018702983856201,1.7591508626937866,1.7582095861434937,1.44764244556427
-0.8755455613136292,0.02838888019323349,1.0411254167556763,-0.18672588467597961,0.3783370554447174,0.45254164934158325,0.7856211066246033,-3.970036745071411,-4.974493980407715,-6.2729716300964355,-0.5310487151145935,0.5893400311470032,0.662755012512207,0.2239382565021515
-0.9068545699119568,0.030346490442752838,1.0474032163619995,0.5412101149559021,0.7491456866264343,0.22813011705875397,-0.30631518363952637,-3.10593318939209,-3.915161609649658,-5.457462787628174,-1.48678457736969,-0.8233258128166199,-1.2760156393051147,-1.6138248443603516
-0.9252811670303345,0.03037855215370655,1.093814492225647,0.6810032725334167,0.7089457511901855,0.10913806408643723,-0.14737485349178314,-4.156342029571533,-5.038376808166504,-6.191657543182373,-1.860111117362976,0.6046732664108276,0.769070565700531,0.8391915559768677
-0.7399866580963135,0.021604273468255997,0.9850105047225952,-0.026957150548696518,-0.261968195438385,-0.6213968396186829,0.7379105091094971,-5.686339855194092,-13.527459144592285,-5.4266815185546875,0.03922071307897568,1.7724539041519165,1.3971107006072998,0.5074083209037781
-0.6410252451896667,0.02116219513118267,0.9820360541343689,0.6667585372924805,-0.3831723630428314,-0.4888186454772949,-0.4119081199169159,-3.27437162399292,-4.384088039398193,-5.261242866516113,-0.9832685589790344,1.452415943145752,1.101149082183838,-1.439551591873169
-0.624125599861145,0.015506084077060223,1.0155761241912842,-0.4428541660308838,0.40314170718193054,0.5113285183906555,0.6163603663444519,-3.645167827606201,-4.302506923675537,-4.731628894805908,0.353263258934021,0.8876304626464844,0.6091689467430115,-1.6894932985305786
-0.7923285961151123,0.02748364582657814,0.988405704498291,0.45788323879241943,0.8772792220115662,0.08871008455753326,-0.11337821930646896,-4.198310375213623,-5.131613731384277,-5.761359214782715,16.11809539794922,1.6696434020996094,1.6906856298446655,0.9653952121734619
-0.7102841138839722,0.029318077489733696,1.014338493347168,0.5642145276069641,-0.6121661067008972,-0.3154797852039337,-0.4553978145122528,-4.490206718444824,-5.136814594268799,-6.3034796714782715,-0.5328943133354187,-0.8757233023643494,-0.7979348301887512,-1.1182096004486084
-0.6939207315444946,0.032817292958498,1.0503199100494385,0.7117463946342468,0.6722254753112793,-0.12396270036697388,0.16175051033496857,-3.976989507675171,-4.108440399169922,-5.24588680267334,0.9050959348678589,1.7665717601776123,1.765663743019104,1.3848052024841309
-0.7309955954551697,0.022968675941228867,1.1328855752944946,0.27164512872695923,-0.45135945081710815,0.41265174746513367,0.74310302734375,-2.795961380004883,-15.172967910766602,-4.6282734870910645,-1.3143208026885986,1.7724539041519165,1.7585521936416626,0.45180195569992065
-0.6320495009422302,0.031238913536071777,1.0826510190963745,0.7418990135192871,0.6598170399665833,-0.07733113318681717,0.09081410616636276,-3.801734209060669,-4.073575973510742,-4.716985702514648,1.7581205368041992,1.7709057331085205,1.7692738771438599,1.5356796979904175
-0.6613200902938843,0.029177675023674965,1.064793348312378,0.5105463862419128,0.8141565918922424,0.16679053008556366,-0.2206181287765503,-4.081840515136719,-5.420957565307617,-5.858214855194092,-0.6660389304161072,-1.2470200061798096,-1.3188133239746094,-1.6582177877426147
-0.9319690465927124,0.024106135591864586,1.2284722328186035,-0.16310399770736694,0.45808085799217224,0.5581570863723755,0.6723241209983826,-3.235792636871338,-3.595827579498291,-4.519196510314941,0.6130574941635132,1.5552488565444946,1.5927354097366333,0.8170480728149414
-0.9074633717536926,0.031711943447589874,1.159523367881775,0.79188472032547,0.5895068049430847,-0.04733170196413994,0.1521841585636139,-4.243189334869385,-4.6549906730651855,-5.172735214233398,0.10612428188323975,1.6529412269592285,1.7204846143722534,1.2575170993804932
-0.8386508822441101,0.027116645127534866,1.1555593013763428,-0.42862603068351746,0.3278813064098358,0.699449896812439,0.4685545563697815,-3.612865924835205,-4.203608512878418,-5.66644287109375,-1.4947775602340698,0.6823185682296753,0.4817602336406708,-1.2218564748764038
-0.7116346955299377,0.02867734245955944,1.1753290891647339,0.5430960059165955,-0.5388495326042175,-0.4346579611301422,-0.4751424193382263,-3.2294442653656006,-3.7134389877319336,-4.83581018447876,1.7901945114135742,1.756132960319519,1.7201029062271118,0.8837993144989014
-0.8612546920776367,0.032121699303388596,1.221860408782959,-0.2829846441745758,0.34066686034202576,0.6126097440719604,0.6546564698219299,-2.918081283569336,-3.2094404697418213,-4.113957405090332,-1.0856599807739258,1.771838665008545,1.7719545364379883,1.6853952407836914
-0.910439133644104,0.0314200222492218,1.1707944869995117,-0.48093751072883606,0.46379557251930237,0.5836944580078125,0.46140390634536743,-3.89750599861145,-5.19555139541626,-6.344485282897949,16.11809539794922,-1.4345992803573608,-1.431673526763916,-1.3620939254760742
-0.9206122756004333,0.03338150680065155,1.2274175882339478,-0.3420236110687256,0.3973827362060547,0.6056698560714722,0.5985572934150696,-3.694758653640747,-5.2549567222595215,-6.199868679046631,-0.3588653802871704,-1.1660343408584595,-1.107424259185791,-1.3367043733596802
-0.8320388793945312,0.025343293324112892,1.2748370170593262,0.4176523685455322,0.8861111998558044,0.11050952225923538,-0.1678127646446228,-2.938688039779663,-4.0856451988220215,-4.196697235107422,-0.3787868320941925,1.7562388181686401,1.5748623609542847,0.8623764514923096
-0.7120699882507324,0.030390098690986633,1.245455265045166,0.7138561010360718,0.6997972726821899,-0.018074776977300644,0.01914532110095024,-3.135460376739502,-3.4911203384399414,-4.705816745758057,0.9325642585754395,1.7246206998825073,1.724368929862976,1.519591212272644
-0.5657577514648438,0.004549943841993809,0.9621690511703491,0.6080559492111206,-0.4862808287143707,-0.3911319971084595,-0.4907287359237671,-4.043868064880371,-4.4022297859191895,-4.996187210083008,16.11809539794922,-0.6669889092445374,-0.1510051041841507,-1.6371140480041504
-0.5223398208618164,0.014816472306847572,0.9591014981269836,0.5466089248657227,-0.47619378566741943,-0.45829325914382935,-0.5142231583595276,-3.2222673892974854,-3.504819393157959,-4.4577956199646,16.11809539794922,1.7048332691192627,1.6115636825561523,0.7110953330993652
-0.4371029734611511,0.010193856433033943,0.9829294681549072,0.5506477952003479,-0.25947874784469604,-0.6564117074012756,-0.44562485814094543,-3.3704962730407715,-3.769519805908203,-5.685589790344238,0.08281903713941574,-1.2854361534118652,-1.0374140739440918,-1.7536427974700928
-0.5056889653205872,0.012789644300937653,0.8459500074386597,0.49527230858802795,0.8116526007652283,0.2998453378677368,-0.07757693529129028,-4.3373613357543945,-5.0293378829956055,-5.4752349853515625,1.2634623050689697,-1.638024091720581,-1.6891812086105347,-1.7664260864257812
-0.4921334385871887,0.010334772989153862,0.8847762942314148,0.5386403799057007,0.7977114915847778,-0.14172181487083435,0.23116640746593475,-3.5530083179473877,-4.061625003814697,-5.892751216888428,16.11809539794922,0.24663971364498138,0.2521877586841583,-1.6552850008010864
-0.5285164713859558,0.015249780379235744,0.8321064114570618,0.7530325055122375,0.6162066459655762,0.08384965360164642,0.2149432748556137,-4.688300132751465,-5.230393886566162,-5.6910247802734375,16.11809539794922,-1.7233871221542358,-1.736144781112671,-1.7724539041519165
-0.5317711234092712,0.025574663653969765,0.8580257296562195,0.5920634865760803,-0.7021688222885132,-0.26369383931159973,-0.29476314783096313,-3.9787118434906006,-4.615321159362793,-5.111023902893066,1.8027158975601196,1.6378231048583984,1.6723672151565552,1.4086031913757324
-0.5605334043502808,0.01954733394086361,0.8424240350723267,0.7532256245613098,0.6541178822517395,-0.06834810972213745,-0.010462934151291847,-4.093348979949951,-4.955812931060791,-5.311161518096924,-0.15469592809677124,-0.02860061638057232,-0.513361930847168,-1.6513110399246216
-0.5476522445678711,0.01791476272046566,0.8607121706008911,0.5267592668533325,0.8025667667388916,0.19498689472675323,-0.20097589492797852,-3.925755262374878,-4.27608585357666,-5.312099933624268,2.0223512649536133,1.216324806213379,0.5767902731895447,-1.0855978727340698
-0.5632098317146301,0.0197453610599041,0.8322924971580505,0.6017122864723206,0.7800323367118835,-0.171724334359169,-0.0016136645572260022,-4.208090782165527,-4.819372177124023,-5.650122165679932,-0.6243046522140503,-1.2966092824935913,-1.537814974784851,-1.7253471612930298
-0.49628952145576477,0.022551551461219788,0.8458791375160217,0.9038063883781433,0.3476116955280304,-0.16633616387844086,0.18609783053398132,-3.9211645126342773,-5.494499206542969,-5.623108863830566,-0.7767069935798645,-1.0614657402038574,-1.1557364463806152,-1.41403067111969
-0.5691294074058533,0.016922079026699066,0.8841672539710999,-0.47088000178337097,0.5333532691001892,0.4428424835205078,0.5456160306930542,-3.9564242362976074,-4.805047512054443,-5.335750102996826,1.3370693922042847,-0.0917515829205513,-0.4173320233821869,-1.7122974395751953
-0.577375054359436,0.012317320331931114,0.9564054608345032,-0.4289218783378601,0.013842687010765076,0.8945616483688354,-0.12487548589706421,-3.1188206672668457,-4.383553981781006,-4.591023921966553,-1.0128254890441895,1.5002105236053467,1.6821105480194092,1.7554247379302979
-0.487233966588974,0.012487399391829967,0.893521249294281,0.5950697660446167,-0.3846212327480316,-0.47331008315086365,-0.5233889818191528,-3.4016528129577637,-3.9595839977264404,-5.617609024047852,16.11809539794922,1.401015281677246,0.8308888673782349,-1.3170305490493774
-0.5237271189689636,0.024485988542437553,0.928992509841919,0.5019762516021729,-0.5768872499465942,-0.44348785281181335,-0.4674820303916931,-3.426453113555908,-3.6614813804626465,-4.645172595977783,1.5944678783416748,1.750179409980774,1.7636232376098633,1.7118099927902222
-0.5780619382858276,0.022389709949493408,0.899442195892334,0.9682264924049377,-0.1652822047472,0.18696044385433197,0.01628195121884346,-3.861001491546631,-4.765489101409912,-4.882058143615723,2.5474472045898438,1.7448936700820923,1.7241144180297852,1.4335358142852783
-0.5123959183692932,0.008195164613425732,0.9722428321838379,-0.44087088108062744,0.45434942841529846,0.5187973380088806,0.57449871301651,-3.5016040802001953,-3.8451082706451416,-4.7342143058776855,0.5626558661460876,0.3162935674190521,0.3395834267139435,-1.7093183994293213
-0.5498297214508057,0.010536184534430504,0.9945736527442932,0.9796104431152344,-0.14479951560497284,-0.13898088037967682,-0.008989726193249226,-3.6347460746765137,-4.562629699707031,-4.674924850463867,2.155209541320801,1.5069284439086914,1.2605373859405518,0.01827779784798622
-0.5690863728523254,0.012093715369701385,0.9277942180633545,0.5008490085601807,-0.41791674494743347,-0.4753586947917938,-0.5903642773628235,-3.294231653213501,-3.829657793045044,-5.121240139007568,0.9970284700393677,1.3589822053909302,0.9355502724647522,-1.6162186861038208
-0.46919316053390503,0.011142394505441189,0.9715079665184021,0.576623797416687,-0.4514957666397095,-0.481862872838974,-0.48110783100128174,-3.078415632247925,-3.581342935562134,-5.050573348999023,16.11809539794922,1.454519271850586,1.108487606048584,-0.9675360918045044
-0.5621039867401123,0.018647432327270508,0.975635826587677,-0.48322975635528564,0.6547170877456665,0.29765599966049194,0.4992348551750183,-4.040297031402588,-4.747124671936035,-5.303199291229248,1.218483567237854,0.6543886661529541,0.49746134877204895,-1.587140440940857
-0.6255500316619873,0.017081243917346,0.88204425573349,-0.179464191198349,0.43216776847839355,0.6048502922058105,0.6443443894386292,-4.627622604370117,-5.902225017547607,-7.060319423675537,0.2627454996109009,-0.8007205128669739,-1.224136233329773,-1.7724539041519165
-0.5934491753578186,0.021112971007823944,0.8553906083106995,0.6366764307022095,0.7309792041778564,-0.20159173011779785,0.14026159048080444,-4.0440993309021,-4.418480396270752,-5.945122241973877,-0.6802481412887573,-1.339411973953247,-0.9445631504058838,-0.9118596315383911
-0.5605714917182922,0.019433116540312767,0.855326771736145,-0.3854829967021942,0.5243329405784607,0.3763010501861572,0.6594508290290833,-4.1884989738464355,-4.656142711639404,-5.27734375,16.11809539794922,1.5645954608917236,1.2925626039505005,0.26123541593551636
-0.5622403025627136,0.024568969383835793,0.8715124726295471,-0.36954259872436523,0.46819019317626953,0.6726548075675964,0.4379175007343292,-4.112913131713867,-4.414318084716797,-5.298505783081055,-0.3412497639656067,1.676853060722351,1.726434350013733,1.7110223770141602
-0.5759521722793579,0.025840112939476967,0.8476151823997498,-0.1411302089691162,0.47499772906303406,0.41337820887565613,0.7639226913452148,-4.55446195602417,-5.261631011962891,-5.750023365020752,16.11809539794922,1.7356196641921997,1.742930293083191,1.5713331699371338
-0.6196925640106201,0.02248256467282772,0.862920880317688,-0.36289578676223755,0.44008731842041016,0.46647897362709045,0.6760378479957581,-3.9895031452178955,-5.081037521362305,-5.917531967163086,-0.35879138112068176,0.20426440238952637,-0.1901467740535736,-1.4488754272460938
-0.595281183719635,0.02051672339439392,0.8788629770278931,-0.4915473461151123,0.46126681566238403,0.45382481813430786,0.5828011631965637,-3.556589126586914,-4.587700366973877,-5.695757865905762,1.9863237142562866,1.3136111497879028,0.5925853848457336,-1.5101585388183594
-0.6326131224632263,0.025187166407704353,0.877011239528656,0.5353659987449646,0.7665744423866272,0.21014264225959778,-0.2856343388557434,-3.8549842834472656,-4.519990921020508,-5.3597412109375,-0.5662296414375305,1.672490119934082,1.7387676239013672,1.6821032762527466
-0.5816023349761963,0.022626109421253204,0.8705007433891296,-0.4508841633796692,0.3726612329483032,0.5030046105384827,0.6362494826316833,-4.109653949737549,-4.4926581382751465,-5.832900524139404,1.6091618537902832,1.4822697639465332,1.1814366579055786,-0.5013622641563416
-0.5096896290779114,0.022241760045289993,0.8646876811981201,0.5950189232826233,0.8029469847679138,-0.024324800819158554,0.02523854747414589,-3.9365530014038086,-4.892947196960449,-5.170146942138672,1.4841935634613037,1.4565746784210205,1.4224092960357666,0.3629686236381531
-0.4689503014087677,0.026868585497140884,0.9012288451194763,0.6744765639305115,0.6415266990661621,-0.25851961970329285,0.25824877619743347,-3.437636375427246,-4.2779059410095215,-5.223044395446777,16.11809539794922,1.742741346359253,1.76435387134552,1.601120948791504
-0.5942833423614502,0.020123060792684555,0.9517022371292114,0.8300220966339111,-0.29829660058021545,-0.4434387981891632,-0.1595132201910019,-3.964885711669922,-5.093893527984619,-5.747495174407959,3.330024480819702,0.8622371554374695,0.5922911763191223,-1.4510698318481445
-0.5995292663574219,0.023830216377973557,0.9334182143211365,0.6096137762069702,0.7685348987579346,0.11146262288093567,-0.15906348824501038,-3.385573387145996,-4.270394325256348,-4.707897186279297,2.123100519180298,1.7552887201309204,1.7449665069580078,1.5119045972824097
-0.6200268268585205,0.018795594573020935,0.978946328163147,0.5031833648681641,0.8260248899459839,-0.09561635553836823,-0.23525917530059814,-3.8850109577178955,-4.261466979980469,-5.192834854125977,16.11809539794922,1.718447208404541,1.6956897974014282,1.078037142753601
-0.594864010810852,0.02049463987350464,0.9104552865028381,0.6919605731964111,0.7152977585792542,0.07161632180213928,-0.06641414016485214,-4.027506351470947,-4.688382625579834,-5.198644638061523,1.7059366703033447,1.4238131046295166,1.273844599723816,0.20098792016506195
-0.6275577545166016,0.018037177622318268,0.9317275285720825,-0.4443534016609192,0.4635162055492401,0.45414501428604126,0.6176204681396484,-3.1158299446105957,-4.289311408996582,-6.04162073135376,0.048566676676273346,1.653480887413025,1.036805510520935,-1.2180612087249756
-0.6261371970176697,0.020343508571386337,0.9041841626167297,0.6177778840065002,0.7518805861473083,0.10885100811719894,-0.20292244851589203,-4.4137115478515625,-4.823530673980713,-5.6895318031311035,1.6466588973999023,0.710381269454956,0.3793221116065979,-1.177224040031433
-0.611707866191864,0.026768406853079796,0.8911611437797546,0.5973737835884094,0.7957474589347839,0.09918574243783951,0.009629244916141033,-4.316422462463379,-4.7148919105529785,-5.43709135055542,16.11809539794922,1.748824119567871,1.757179856300354,1.4406914710998535
-0.38632965087890625,0.022081531584262848,0.8565672039985657,0.6903649568557739,0.6318438053131104,0.25277405977249146,-0.24550944566726685,-2.733961343765259,-4.036181449890137,-5.233354568481445,-1.0870344638824463,-0.6796561479568481,-0.8560221791267395,-1.3920066356658936
-0.40544596314430237,0.02327895164489746,0.9989967942237854,0.6773218512535095,-0.493166983127594,-0.4713013172149658,-0.27549323439598083,-3.743274450302124,-4.598073482513428,-5.639302730560303,-0.6512566804885864,-0.6521877646446228,-0.8574832677841187,-1.6072101593017578
-0.426608681678772,0.02133289724588394,0.9226174354553223,0.746588408946991,-0.3526480793952942,-0.49443450570106506,-0.27162402868270874,-3.643129825592041,-4.465967178344727,-5.747430324554443,0.323028028011322,-1.4504168033599854,-1.4547502994537354,-1.6229171752929688
-0.45148372650146484,0.025499695912003517,0.9515705704689026,0.6363236308097839,-0.6032551527023315,-0.35112571716308594,-0.32846033573150635,-3.5092005729675293,-3.652308940887451,-4.969361782073975,16.11809539794922,1.7345727682113647,1.7398914098739624,1.4097973108291626
-0.5979675054550171,0.02773277834057808,0.8383856415748596,0.6036151051521301,0.7722674012184143,0.11972641199827194,-0.15785270929336548,-4.100073337554932,-4.983692169189453,-5.790677070617676,2.207322359085083,1.6818801164627075,1.7241636514663696,1.5764782428741455
-0.5997034907341003,0.02551037073135376,0.8407553434371948,0.49523812532424927,0.8162545561790466,0.17099551856517792,-0.243368461728096,-4.283648490905762,-5.0019612312316895,-6.174838542938232,4.5367655754089355,1.4211126565933228,1.4130585193634033,0.9620614647865295
-0.6195356845855713,0.025714488700032234,0.8589546084403992,-0.28959548473358154,0.3765861392021179,0.5287843346595764,0.7033523321151733,-4.204677581787109,-4.725247383117676,-6.249861240386963,16.11809539794922,1.4440350532531738,1.2137480974197388,-0.15810953080654144
-0.6383416652679443,0.025926148518919945,0.8609020709991455,-0.4712893068790436,0.48984044790267944,0.4210187792778015,0.60057133436203,-4.097690582275391,-5.0186614990234375,-5.965485095977783,-0.23582929372787476,0.9516118764877319,0.8185542821884155,0.41725027561187744
-0.60030597448349,0.02742098644375801,0.864226758480072,0.643968403339386,0.6801363229751587,0.21908430755138397,-0.2733520567417145,-4.254173755645752,-4.67164421081543,-5.38702392578125,3.137645721435547,1.7398662567138672,1.7553526163101196,1.5158687829971313
-0.5239943265914917,0.027463765814900398,0.8412960767745972,0.7441753149032593,0.6316553354263306,0.06540588289499283,-0.2072117030620575,-4.224766731262207,-5.172708988189697,-5.786457061767578,0.31767088174819946,1.7600138187408447,1.7531682252883911,1.618394136428833
-0.4709933400154114,0.027092959731817245,0.8663790225982666,0.7525094151496887,0.5694708228111267,-0.25053873658180237,0.21601590514183044,-4.244185447692871,-4.731198787689209,-5.824860572814941,0.7269216179847717,1.7603493928909302,1.7622095346450806,1.6225736141204834
-0.5522152185440063,0.0248490609228611,0.9925909042358398,0.6826497912406921,-0.5993207693099976,-0.3241499364376068,-0.26406580209732056,-3.7001469135284424,-5.022322177886963,-5.566856861114502,0.3287293016910553,1.6734349727630615,1.3296419382095337,-1.5038655996322632
-0.6018984317779541,0.028459884226322174,0.9862627387046814,0.5506247878074646,0.7694814205169678,0.13562747836112976,-0.2937956750392914,-3.965343952178955,-4.470893383026123,-4.884998321533203,0.9843794703483582,1.7392224073410034,1.6761795282363892,1.0898351669311523
-0.4546276330947876,0.023877814412117004,0.8840845227241516,0.8327704071998596,-0.3754459321498871,-0.36172616481781006,-0.18624718487262726,-3.9111084938049316,-5.494553089141846,-5.705117702484131,1.354955792427063,1.377225399017334,1.1863021850585938,0.0422447994351387
-0.4323660433292389,0.010182535275816917,1.0056471824645996,0.7497345805168152,0.5450314879417419,0.3553113639354706,-0.12079990655183792,-3.535672426223755,-4.230827808380127,-4.815625190734863,1.7817542552947998,-1.1197890043258667,-0.9539644122123718,-1.7485134601593018
-0.510947048664093,0.0044797370210289955,0.9956293106079102,0.6585794687271118,-0.5536774396896362,-0.49547454714775085,-0.11924485117197037,-3.8377344608306885,-4.377913951873779,-4.858013153076172,0.317364364862442,0.6523751616477966,0.7307590842247009,-0.33535802364349365
-0.5467661023139954,0.005582180339843035,1.0451858043670654,0.5002424120903015,-0.3000704348087311,-0.6942930817604065,-0.42151200771331787,-3.7966415882110596,-4.112877368927002,-5.2582879066467285,0.7652129530906677,0.40055084228515625,0.3661520183086395,-1.484243392944336
-0.5910378694534302,0.0027396713849157095,1.1366362571716309,0.7785519957542419,-0.36177584528923035,-0.49841323494911194,-0.12066176533699036,-3.44624662399292,-3.949093818664551,-4.710569381713867,-1.031909465789795,-1.6464837789535522,-1.7140861749649048,-1.6127175092697144
-0.5402536392211914,0.003657696070149541,1.0721192359924316,0.8149911165237427,0.5315009951591492,0.1964074671268463,0.12132696807384491,-3.65649676322937,-4.191879749298096,-4.781262397766113,-0.5852248668670654,-0.2694356143474579,-0.3742509186267853,-1.6033194065093994
-0.45190882682800293,0.0103220846503973,1.0632215738296509,0.12277719378471375,0.4036254584789276,0.9060752391815186,0.03224744275212288,-4.5047502517700195,-4.899836540222168,-5.125255107879639,3.1810593605041504,-1.205411672592163,-1.3624712228775024,-1.756948709487915
-0.448980450630188,0.005384586751461029,1.0835027694702148,0.7414736151695251,0.6101391911506653,0.11427292227745056,0.2547326683998108,-4.4378204345703125,-5.0323567390441895,-5.340517997741699,1.3624885082244873,-1.6165647506713867,-1.7434381246566772,-1.634694218635559
-0.4396092891693115,0.019639233127236366,1.0518667697906494,-0.23645350337028503,0.8393509387969971,0.41697949171066284,-0.2563353180885315,-4.418747901916504,-4.66621732711792,-4.930992603302002,0.823593258857727,1.599988341331482,1.688003420829773,0.980956494808197
-0.4516735374927521,0.019984131678938866,1.0400726795196533,0.6754440069198608,0.7346972227096558,-0.06310417503118515,-0.0036417788360267878,-4.1404876708984375,-4.643538475036621,-5.244748592376709,0.5456041693687439,-0.1171991154551506,-0.35670557618141174,-1.71728515625
-0.4330800175666809,0.01492927223443985,1.1034824848175049,-0.3426215946674347,0.6050850749015808,0.7036316394805908,0.1462361216545105,-4.3124308586120605,-4.685582160949707,-5.070725440979004,-0.32930412888526917,-1.4106415510177612,-1.5355253219604492,-1.6722952127456665
-0.5450139045715332,0.005632603075355291,0.9844006299972534,-0.12925608456134796,-0.592366099357605,-0.02004506066441536,0.7949801683425903,-9.268141746520996,-5.036945819854736,-3.334935188293457,-0.3566749393939972,1.3554059267044067,1.4388154745101929,1.0912754535675049
-0.5601778030395508,0.012128572911024094,1.0163803100585938,0.5761215090751648,-0.2103196382522583,-0.4146495759487152,-0.672246515750885,-4.013829231262207,-4.355383396148682,-5.490202903747559,-0.19869619607925415,1.60269296169281,1.5364569425582886,-1.0748813152313232
-0.5397182106971741,0.021384721621870995,1.0517444610595703,-0.4485970735549927,0.5878012180328369,0.38319891691207886,0.5535422563552856,-3.7792725563049316,-4.425138473510742,-4.545154571533203,1.1506839990615845,1.6713387966156006,1.5038583278656006,0.6159194111824036
-0.4724975824356079,0.018331242725253105,1.0287765264511108,0.7276445627212524,0.684777557849884,0.009592228569090366,0.03900111839175224,-3.8342666625976562,-4.762312889099121,-5.056896686553955,0.29761722683906555,1.5366278886795044,1.3879269361495972,0.6208482384681702
-0.5320942997932434,0.018059300258755684,1.0573275089263916,0.6673275828361511,-0.6068246364593506,-0.35051044821739197,-0.25215110182762146,-3.862705707550049,-4.436859130859375,-4.817689895629883,1.1316348314285278,1.3749465942382812,1.0705586671829224,-0.27306225895881653
-0.47337043285369873,0.018684515729546547,1.0962430238723755,0.6010235548019409,0.6724745631217957,0.1746632307767868,0.39502084255218506,-4.117085933685303,-4.922930717468262,-5.113369941711426,-1.060738205909729,0.09283657371997833,-0.1990172266960144,-0.4201962947845459
-0.5095070600509644,0.019937938079237938,1.075171947479248,0.5506762266159058,0.8035430312156677,-0.12273953855037689,-0.18976110219955444,-3.933852195739746,-4.455127239227295,-5.049599647521973,2.044928789138794,1.7709749937057495,1.6923171281814575,1.1807310581207275
-0.43890202045440674,0.015469763427972794,1.0505447387695312,0.7411134839057922,0.5994827151298523,-0.03306106477975845,0.30046346783638,-4.08731746673584,-4.520180702209473,-5.630845546722412,1.230419635772705,-1.511755108833313,-1.6742231845855713,-1.7722787857055664
-0.407971054315567,0.014030489139258862,1.0424764156341553,0.6634755730628967,0.5819948315620422,0.02872704155743122,0.4693153500556946,-4.210727691650391,-4.754888534545898,-5.589085578918457,-0.2912995517253876,-1.205323576927185,-1.6174051761627197,-1.7697880268096924
-0.46446236968040466,0.01660292223095894,1.0946890115737915,0.13375407457351685,0.8666409850120544,0.4154888987541199,0.24168622493743896,-4.453075885772705,-4.9017229080200195,-5.6169304847717285,0.48461276292800903,-1.3357080221176147,-1.6074260473251343,-1.727702260017395
-0.47120532393455505,0.010589533485472202,1.0871970653533936,0.5964356660842896,-0.30252718925476074,-0.6781487464904785,-0.3047229051589966,-3.836599588394165,-4.870927333831787,-5.468996524810791,5.245255947113037,-0.17564186453819275,-0.24277572333812714,-1.6287232637405396
-0.46172139048576355,0.015461787581443787,1.088047981262207,0.4153665602207184,0.36501312255859375,0.5619758367538452,0.6151578426361084,-4.42218542098999,-4.702706813812256,-5.135706901550293,-0.09520881623029709,1.5991740226745605,1.1442980766296387,-0.8517097234725952
-0.4511226713657379,0.01318372506648302,1.0656030178070068,0.9626683592796326,0.11986182630062103,-0.11831706762313843,0.21190518140792847,-4.452064514160156,-4.7799482345581055,-5.103745460510254,0.5880603194236755,0.8591812252998352,0.7940034866333008,-1.2706905603408813
-0.40267473459243774,0.018615446984767914,1.0630970001220703,0.534788966178894,-0.2724604308605194,-0.6134842038154602,-0.5132282376289368,-4.466719627380371,-4.905407905578613,-5.563702583312988,-0.15657764673233032,-1.2603973150253296,-1.5648765563964844,-1.7199647426605225
-0.4403126835823059,0.018822498619556427,1.089974045753479,0.42541569471359253,0.12156976759433746,0.3817591667175293,0.8114814758300781,-4.564582347869873,-4.732504367828369,-5.4040117263793945,-0.09442242234945297,1.442762017250061,1.3436071872711182,0.42155221104621887
-0.45804741978645325,0.023905176669359207,1.1066174507141113,0.8425135612487793,-0.4028114378452301,0.06743992865085602,0.351234495639801,-4.155896186828613,-4.638513565063477,-4.897069454193115,-0.6644355058670044,1.6573433876037598,1.5981848239898682,1.3430962562561035
-0.4800538122653961,0.012910344637930393,1.1170042753219604,0.6155182719230652,-0.44062942266464233,-0.6204906702041626,-0.20487622916698456,-4.002170085906982,-4.73953914642334,-5.368674278259277,3.43049955368042,-1.6701281070709229,-1.564972162246704,-1.7656983137130737
-0.4481893479824066,0.012701057828962803,1.1489465236663818,0.9300401210784912,-0.08684979379177094,-0.26350298523902893,-0.2409328818321228,-4.320246696472168,-4.8051629066467285,-5.282409191131592,3.6969799995422363,-0.5824799537658691,-0.6964031457901001,-1.7543885707855225
-0.3749551773071289,0.009888162836432457,1.1021935939788818,-0.2639821171760559,0.6794894933700562,0.38168975710868835,0.5682608485221863,-3.3295392990112305,-3.744312047958374,-6.040642738342285,-1.6806942224502563,-1.3623322248458862,-1.6752420663833618,-1.7472829818725586
-0.4681210517883301,0.016691680997610092,1.0677080154418945,0.9507660865783691,-0.05596179887652397,0.19377440214157104,0.23529481887817383,-4.46131706237793,-4.674620151519775,-5.069387435913086,1.2611225843429565,1.3723115921020508,1.258979320526123,0.09017927944660187
-0.4026139974594116,0.029202425852417946,1.06839120388031,-0.12680846452713013,0.7824258804321289,0.5363188982009888,-0.2899850904941559,-4.565658092498779,-4.966203212738037,-5.412588596343994,-0.4923272132873535,0.520356297492981,-0.05519377440214157,-1.733315348625183
-0.4858800768852234,0.003427674062550068,1.263224720954895,0.8847229480743408,0.447614461183548,0.08241715282201767,-0.10056834667921066,-3.212263584136963,-4.086709499359131,-5.009300231933594,-1.4085923433303833,-1.4823817014694214,-1.3659332990646362,-1.7384823560714722
-0.3962745666503906,0.012249059975147247,1.2175471782684326,0.6085904836654663,-0.22339822351932526,-0.6095495223999023,-0.4562458395957947,-3.7778825759887695,-4.111448287963867,-5.895819187164307,16.11809539794922,-1.4516326189041138,-1.1771278381347656,-1.7189775705337524
-0.4746088683605194,0.007117037195712328,1.2376155853271484,0.548924446105957,-0.529935896396637,-0.46626338362693787,-0.44771459698677063,-4.288811683654785,-4.511711120605469,-4.962437152862549,0.9882716536521912,-0.9860174655914307,-0.6028570532798767,-1.7582777738571167
-0.562185525894165,0.02945503406226635,1.2237985134124756,0.6848360896110535,0.667371928691864,0.21100614964962006,-0.20270834863185883,-3.6796200275421143,-4.056396961212158,-4.988419532775879,1.8257088661193848,1.7287309169769287,1.708337426185608,1.1118382215499878
-0.6096181273460388,0.02659217081964016,1.2425532341003418,-0.4378942847251892,0.5555850267410278,0.3499966859817505,0.6140652894973755,-3.1304752826690674,-4.123164653778076,-4.920927047729492,-1.1402238607406616,-1.6331950426101685,-1.718916893005371,-1.6922940015792847
-0.42816615104675293,0.012991433963179588,1.164860725402832,0.495362251996994,0.8254173398017883,-0.013046401552855968,0.27042970061302185,-4.0115203857421875,-4.144230842590332,-5.425680637359619,1.3626242876052856,-1.4487344026565552,-1.2130330801010132,-1.7239925861358643
-0.431691974401474,0.01336267776787281,1.2196458578109741,0.6478201746940613,-0.528937041759491,-0.39560264348983765,-0.37954333424568176,-3.411115884780884,-3.9053330421447754,-4.968356609344482,2.676753044128418,1.0621654987335205,1.0538458824157715,-1.121599793434143
-0.45648929476737976,0.012577628716826439,1.2572214603424072,0.6082829833030701,-0.6437500715255737,-0.3134497404098511,-0.342530220746994,-3.7129175662994385,-4.11367130279541,-4.728203296661377,0.6558790802955627,-0.011919649317860603,0.3954947590827942,-1.6269073486328125
-0.40833643078804016,0.02823154255747795,1.2165132761001587,-0.435190349817276,0.4422987401485443,0.5081325173377991,0.5973127484321594,-3.6269688606262207,-3.997373580932617,-5.012723922729492,16.11809539794922,1.734273910522461,1.6974079608917236,1.0913127660751343
-0.33633288741111755,0.01076759397983551,1.2650952339172363,0.9144420027732849,-0.1766291856765747,-0.3495634198188782,-0.10199697315692902,-3.5211269855499268,-4.5472235679626465,-4.781327724456787,-1.322628378868103,-1.4851778745651245,-1.2997703552246094,-0.37580859661102295
-0.2977699339389801,0.014336471445858479,1.2827104330062866,0.6868783831596375,0.7179597020149231,0.07301290333271027,0.08602937310934067,-3.247523784637451,-4.360424995422363,-4.790555953979492,-0.06125948578119278,-1.458851933479309,-1.173256278038025,-1.6515800952911377
-0.38309812545776367,0.017340462654829025,1.2646446228027344,-0.3530961275100708,0.13371913135051727,0.7128986120223999,0.590946614742279,-3.641367197036743,-3.993542194366455,-5.240410327911377,1.3876454830169678,-1.2072216272354126,-1.0352201461791992,-1.63876473903656
-0.4704715311527252,0.01718396134674549,1.265203595161438,0.6098085045814514,-0.5632060766220093,-0.35462772846221924,-0.4303157925605774,-3.3879916667938232,-3.879349708557129,-5.256293296813965,0.5431879758834839,1.1030174493789673,1.1469591856002808,-0.6076996922492981
-0.3393183946609497,0.028179187327623367,1.2868257761001587,0.8236053586006165,0.5541094541549683,0.06205442175269127,-0.10385660082101822,-3.29438853263855,-4.712703704833984,-4.838540554046631,0.7936596274375916,1.6312252283096313,1.5974345207214355,0.8728582262992859
-0.6368201971054077,0.015068143606185913,1.0298075675964355,0.7193329930305481,-0.25541940331459045,-0.5935097932815552,-0.2550825774669647,-3.9726245403289795,-4.725065231323242,-5.713045120239258,1.2292804718017578,-0.03796634078025818,0.04081287235021591,-1.6855099201202393
-0.5754665732383728,0.027959877625107765,1.0333778858184814,-0.4414876699447632,0.4586801528930664,0.519914448261261,0.5695525407791138,-3.5882692337036133,-3.7543134689331055,-4.933882236480713,0.48134589195251465,1.7711608409881592,1.767084002494812,1.3608349561691284
-0.5267638564109802,0.023454351350665092,1.0231021642684937,0.6713041067123413,-0.4795210659503937,-0.44196605682373047,-0.3522447645664215,-4.063140392303467,-4.944304943084717,-5.393725395202637,-0.35477298498153687,1.3331044912338257,0.9737423062324524,-1.6918731927871704
-0.5575942993164062,0.019700348377227783,1.1022814512252808,0.5398909449577332,-0.6040710210800171,-0.46109509468078613,-0.36194923520088196,-3.786010503768921,-3.9905872344970703,-5.239667892456055,1.989890694618225,0.5618970990180969,0.42757219076156616,-1.3105030059814453
-0.4905119836330414,0.02880297787487507,1.0935640335083008,0.9324741363525391,-0.06179939582943916,0.09428334981203079,-0.34319597482681274,-3.952052116394043,-4.599371910095215,-5.056321620941162,-1.0359182357788086,1.7376307249069214,1.7695136070251465,1.7360024452209473
-0.5053431391716003,0.022242499515414238,1.1244977712631226,0.8367749452590942,0.5097703337669373,0.19408802688121796,0.04766276851296425,-4.52073860168457,-4.692856311798096,-5.6119160652160645,0.023829685524106026,-1.4267323017120361,-1.4561370611190796,-1.7588478326797485
-0.5987105369567871,0.024892788380384445,1.116670846939087,0.6661159992218018,0.7374365329742432,0.0019059566548094153,-0.11168335378170013,-4.105777740478516,-4.768259048461914,-5.302639961242676,0.48915019631385803,1.5195229053497314,1.2190451622009277,-0.14864298701286316
-0.5143017768859863,0.024410543963313103,1.1288412809371948,-0.4906742572784424,0.47727781534194946,0.48577842116355896,0.5435659885406494,-3.3683953285217285,-4.189728736877441,-5.418633460998535,-1.720224142074585,1.3263404369354248,1.245752215385437,-1.1933130025863647
-0.4791445732116699,0.027682485058903694,1.0176961421966553,0.5389859080314636,-0.5872702598571777,-0.3998912572860718,-0.4524320960044861,-3.1185715198516846,-3.9010672569274902,-4.740665435791016,-0.682126522064209,1.7724539041519165,1.7724539041519165,1.6051576137542725
-0.4231249690055847,0.025770964100956917,1.0220093727111816,-0.46195462346076965,0.405864417552948,0.5518782138824463,0.5632960200309753,-3.763978958129883,-4.291140079498291,-5.479519844055176,1.8075233697891235,1.3918488025665283,1.064518690109253,-0.8752990365028381
-0.3946115970611572,0.022327769547700882,1.0717439651489258,0.6689946055412292,-0.34385278820991516,-0.6099370121955872,-0.24937592446804047,-4.495815277099609,-5.308814525604248,-5.675740718841553,16.11809539794922,-0.24843741953372955,-0.7359251379966736,-1.565009355545044
-0.40247535705566406,0.037570398300886154,1.0620585680007935,0.23503801226615906,0.3377557098865509,0.547657310962677,0.728525698184967,-4.7183003425598145,-5.007486820220947,-5.437496185302734,-0.6307560801506042,1.763021469116211,1.587085485458374,1.120514988899231
-0.4586886763572693,0.021011877804994583,1.028473973274231,0.7789568901062012,0.555436372756958,0.2150108516216278,-0.1961808055639267,-4.274806022644043,-4.784672260284424,-6.3023457527160645,16.11809539794922,0.3732461631298065,0.46154558658599854,-0.8190367817878723
-0.41374993324279785,0.026416175067424774,1.0558780431747437,0.627856433391571,-0.47568821907043457,-0.6041563749313354,-0.12046601623296738,-4.598668575286865,-4.9223151206970215,-5.105739593505859,-1.0529810190200806,1.7251272201538086,1.5440561771392822,0.4753498435020447
-0.3986380994319916,0.01751776970922947,1.0600117444992065,0.6154701113700867,-0.3763190507888794,-0.6015027165412903,-0.34318360686302185,-4.66951322555542,-5.238396167755127,-6.230955600738525,-1.6449726819992065,1.291266918182373,0.46050167083740234,-0.9700832962989807
-0.4233933091163635,0.026058631017804146,1.0782495737075806,-0.1464155912399292,0.8860764503479004,0.4397895038127899,-0.004026873502880335,-4.574617385864258,-5.304169178009033,-5.423379898071289,-0.8847267031669617,-1.5452274084091187,-1.7377551794052124,-1.7682607173919678
-0.4357522130012512,0.02698384039103985,1.0777614116668701,-0.22657901048660278,0.6575132012367249,0.4626914858818054,0.5497771501541138,-4.343194484710693,-4.930089473724365,-5.764666557312012,-1.2932755947113037,-0.8568711280822754,-1.3015210628509521,-1.718666911125183
-0.45236513018608093,0.019381629303097725,1.1366750001907349,0.9076129198074341,-0.03392164781689644,-0.25091248750686646,0.33485978841781616,-4.67367696762085,-5.07855749130249,-5.610081195831299,-0.44187048077583313,-1.2936395406723022,-1.6319154500961304,-1.1888877153396606
-0.42329856753349304,0.02718348614871502,1.1135380268096924,0.12543068826198578,0.7854776978492737,0.4968026280403137,-0.34710103273391724,-4.4400248527526855,-4.903746128082275,-5.406631946563721,0.27534011006355286,1.7043852806091309,1.5573058128356934,1.1191927194595337
-0.39968031644821167,0.019508909434080124,1.133307695388794,0.725370466709137,0.6513591408729553,0.08471167087554932,0.20589524507522583,-4.3225321769714355,-4.839418411254883,-5.668730735778809,-0.029554354026913643,-1.1987539529800415,-1.442511796951294,-1.7194678783416748
-0.41452282667160034,0.030070671811699867,1.1208757162094116,0.9547531008720398,0.2777612507343292,0.03320574760437012,-0.10095836967229843,-4.4850993156433105,-4.902565956115723,-5.44358491897583,-0.8306634426116943,-0.02163582108914852,-0.5794042944908142,-1.5164320468902588
-0.41003432869911194,0.025166675448417664,1.092847466468811,0.7333043217658997,-0.2117011696100235,-0.6460850834846497,0.004626329988241196,-4.6872053146362305,-5.3597798347473145,-5.510472297668457,-0.08399036526679993,1.5808918476104736,1.7072129249572754,1.4503129720687866
-0.4174526631832123,0.0283597894012928,1.0841273069381714,0.4924282431602478,0.8058041930198669,-0.09063655883073807,0.316194623708725,-4.658620834350586,-5.292588233947754,-5.751223087310791,-0.20164169371128082,1.7370542287826538,1.5273845195770264,-0.805342972278595
-0.4004899263381958,0.02852771431207657,1.126731038093567,0.7577161192893982,0.6379302740097046,-0.07122381776571274,0.11763668805360794,-4.446352958679199,-4.806673526763916,-5.349105358123779,-0.6213301420211792,1.655627965927124,1.1720261573791504,-0.8240256309509277
-0.3929077386856079,0.029098577797412872,1.0797743797302246,0.22088783979415894,0.4774877727031708,0.7942149639129639,0.3040338158607483,-4.6289143562316895,-4.815615177154541,-5.1090989112854,-0.3298056423664093,1.5467839241027832,1.3400574922561646,0.2720257043838501
-0.38643595576286316,0.023921407759189606,1.1028903722763062,0.8795962929725647,0.3096231520175934,0.34424567222595215,0.10926473140716553,-4.691739082336426,-5.067439556121826,-5.71516227722168,-0.479585200548172,-0.22784817218780518,-0.9650972485542297,-1.6465286016464233
-0.381700724363327,0.02473367191851139,1.0904045104980469,0.589918851852417,0.7300015687942505,-0.22875796258449554,0.25838595628738403,-4.220329761505127,-5.104940414428711,-5.798476696014404,0.6884046196937561,-1.4345813989639282,-1.6699049472808838,-1.7603508234024048
-0.4060254991054535,0.030236823484301567,1.1258108615875244,-0.28862911462783813,0.4452183246612549,0.5522459745407104,0.6430383324623108,-4.620977878570557,-4.818783283233643,-5.203529357910156,0.3598892390727997,1.7653080224990845,1.691406488418579,1.1008734703063965
-0.37712085247039795,0.02925679460167885,1.113505244255066,-0.4871708154678345,0.5250687599182129,0.4292888939380646,0.5501621961593628,-4.512546062469482,-5.29279899597168,-5.3937811851501465,0.9482753872871399,-1.3262104988098145,-1.5904295444488525,-1.565793514251709
-0.48842790722846985,0.028049055486917496,1.058327317237854,0.5229103565216064,-0.7063414454460144,-0.30477604269981384,-0.36709409952163696,-4.129733085632324,-5.0655012130737305,-5.704938888549805,-1.3294081687927246,-1.5476839542388916,-1.7037184238433838,-1.676164984703064
-0.5900332927703857,0.030761977657675743,1.120604395866394,0.7205071449279785,0.6694666147232056,-0.16394676268100739,0.07619336247444153,-4.059336185455322,-4.273845672607422,-5.25797700881958,1.0909011363983154,1.7437770366668701,1.7216014862060547,1.4600353240966797
-0.5273545980453491,0.03008332848548889,1.1220301389694214,0.5677233934402466,0.8144844174385071,-0.10500641912221909,-0.05726182833313942,-3.7980291843414307,-4.31641960144043,-4.718514919281006,16.11809539794922,1.713294506072998,1.6445122957229614,1.1917260885238647
-0.5466681122779846,0.023193160071969032,1.1414340734481812,0.7351706624031067,0.6452458500862122,-0.18276068568229675,0.09889598935842514,-4.063844680786133,-5.181118011474609,-6.261096954345703,-0.23754635453224182,-0.7911913990974426,-1.0048770904541016,-1.639832854270935
-0.49515101313591003,0.027320509776473045,1.082676649093628,0.5486011505126953,-0.5522052645683289,-0.4247153699398041,-0.4623017907142639,-4.453165054321289,-4.929166316986084,-5.679421424865723,-1.0180532932281494,1.6883529424667358,1.258620262145996,-1.2463093996047974
-0.42764756083488464,0.02888813428580761,1.0146570205688477,0.5659365653991699,-0.5702823996543884,-0.4219992160797119,-0.420012503862381,-3.256938934326172,-4.29329776763916,-5.3328704833984375,-0.30352121591567993,1.7423064708709717,1.659661889076233,0.8456684947013855
-0.4230861961841583,0.030953941866755486,1.0477654933929443,0.5519067645072937,0.6094897985458374,0.13772819936275482,0.5522246360778809,-4.478487014770508,-4.868895530700684,-5.726471900939941,0.10045944899320602,0.43557605147361755,-0.14409977197647095,-1.618167757987976
-0.4218314588069916,0.029965534806251526,0.9997777938842773,0.7070159912109375,0.6969071626663208,0.025905068963766098,-0.11737842112779617,-3.971421718597412,-4.24614953994751,-5.609358310699463,0.8371814489364624,1.7623413801193237,1.7407251596450806,1.4612009525299072
-0.48122525215148926,0.03005206398665905,1.1000865697860718,-0.32440853118896484,0.3490563929080963,0.6015982627868652,0.6410914659500122,-4.053951263427734,-4.791226863861084,-5.4091267585754395,-0.5058234333992004,1.7357844114303589,1.6138821840286255,0.7687661051750183
-0.4237782955169678,0.032213665544986725,1.0945616960525513,0.9256162643432617,0.01372185442596674,0.36670470237731934,0.09259547293186188,-4.8316802978515625,-5.234128952026367,-5.455694675445557,0.4198037087917328,1.4663903713226318,0.9855442047119141,-0.7078843116760254
-0.4255337417125702,0.025820035487413406,1.1175132989883423,-0.40890374779701233,0.28774529695510864,0.7287184596061707,0.46794208884239197,-4.581068992614746,-5.582826614379883,-5.764814853668213,0.8060427308082581,0.9697085022926331,0.3398854732513428,-1.5354477167129517
-0.4413507580757141,0.028829656541347504,1.1335209608078003,-0.43842360377311707,0.18828873336315155,0.7191677689552307,0.5051037669181824,-4.794756889343262,-5.101281642913818,-5.704596519470215,1.5744116306304932,-1.2927879095077515,-1.5527081489562988,-1.5460833311080933
-0.4134843349456787,0.02964925207197666,1.109565019607544,0.8795156478881836,0.362647145986557,-0.30671051144599915,0.029459794983267784,-4.449280261993408,-5.164612770080566,-5.631518363952637,1.001340627670288,0.4967758357524872,0.13232433795928955,-0.8662296533584595
-0.44027841091156006,0.02962193451821804,1.117168664932251,-0.3823974132537842,0.4627872407436371,0.42112839221954346,0.679890513420105,-4.54564094543457,-5.794188499450684,-6.280955791473389,0.45448723435401917,0.15783056616783142,-0.1920272707939148,-1.3322933912277222
-0.4345806837081909,0.03182290494441986,1.1180291175842285,-0.17163915932178497,0.7304462790489197,0.3809187114238739,0.5402676463127136,-4.9992289543151855,-5.326725959777832,-5.783732891082764,3.072767734527588,1.7288511991500854,1.4410456418991089,-0.576888382434845
-0.3760833144187927,0.02994043380022049,1.1038802862167358,-0.4634949266910553,0.5653398633003235,0.4853999614715576,0.4795311987400055,-4.474701881408691,-5.075506210327148,-5.39937162399292,1.1218029260635376,1.7520831823349,1.7358521223068237,1.2678062915802002
-0.3768645226955414,0.03006177581846714,1.129320502281189,0.7817107439041138,0.5508633255958557,0.2445267289876938,-0.16026407480239868,-4.510509014129639,-4.947183609008789,-5.745504379272461,-1.2246664762496948,0.8437048196792603,0.5136162042617798,0.7379431128501892
-0.3930721879005432,0.028517823666334152,1.1406019926071167,0.516125500202179,-0.5732395648956299,-0.6191715002059937,-0.14709684252738953,-4.7476983070373535,-5.069639682769775,-5.393057823181152,1.2308284044265747,-0.5794057250022888,-0.9895597696304321,-1.6033368110656738
-0.4547278881072998,0.03581728786230087,1.0869663953781128,-0.49487486481666565,0.6958619952201843,0.45450127124786377,0.2535814046859741,-4.6081109046936035,-5.322105884552002,-5.918549537658691,-0.30781102180480957,0.1759798526763916,-0.46966758370399475,-1.2768396139144897
-0.45218363404273987,0.03858435899019241,1.0657527446746826,0.3032049536705017,0.4843985140323639,0.8205775618553162,-0.008792116306722164,-4.893369674682617,-5.254927158355713,-5.660567760467529,0.6692125797271729,-1.295069932937622,-1.509482741355896,-1.769141435623169
-0.39701128005981445,0.03505526855587959,1.080149531364441,0.8378130197525024,0.5269230008125305,-0.08191515505313873,-0.11709578335285187,-5.003220558166504,-5.116067886352539,-5.529319763183594,0.3680640161037445,0.9089266657829285,0.4423157274723053,-1.1829322576522827
-0.4281531870365143,0.03128151595592499,1.0887603759765625,-0.338874489068985,0.24144746363162994,0.6232222318649292,0.6621640920639038,-4.804702281951904,-4.871443748474121,-5.798457145690918,0.19909580051898956,0.002791524399071932,-0.33857929706573486,-1.6543431282043457
-0.4444405734539032,0.03252563625574112,1.0981154441833496,-0.4366602301597595,0.36311066150665283,0.5470925569534302,0.6149538159370422,-4.435173988342285,-5.402364253997803,-5.6878204345703125,0.4663550555706024,1.2100492715835571,0.7210828065872192,-1.2507292032241821
-0.40131983160972595,0.03431163355708122,1.0762302875518799,-0.47773224115371704,0.25696828961372375,0.5451047420501709,0.639218270778656,-4.81439208984375,-5.271816253662109,-5.4705681800842285,0.8752618432044983,-0.5317392945289612,-1.1615874767303467,-1.7031068801879883
-0.4393600821495056,0.032299499958753586,1.1280614137649536,0.7147959470748901,-0.4138420522212982,-0.41984638571739197,-0.3762054443359375,-4.591023921966553,-5.203666687011719,-5.519369125366211,1.0073022842407227,1.7615320682525635,1.6925088167190552,0.9514082074165344
-0.4656003415584564,0.02837768942117691,1.160555124282837,0.6780397891998291,0.7282350659370422,-0.07682792842388153,0.06350783258676529,-3.6347618103027344,-4.111659049987793,-5.204657077789307,2.7359964847564697,1.7683651447296143,1.7422642707824707,1.3739023208618164
-0.43903130292892456,0.030041417106986046,1.1012825965881348,0.7410875558853149,-0.14817869663238525,-0.6548372507095337,0.004520855378359556,-4.91023063659668,-6.068423271179199,-6.651491641998291,-0.08217509835958481,-0.6979774236679077,-1.2685667276382446,-1.639665961265564
-0.4393075704574585,0.031499724835157394,1.1329890489578247,0.6864378452301025,0.6287026405334473,0.23951928317546844,-0.27598294615745544,-5.104567050933838,-5.326032638549805,-5.766566753387451,0.08795510977506638,0.23537205159664154,-0.12597855925559998,-0.6190470457077026
-0.3850375711917877,0.032873887568712234,1.1317673921585083,-0.25025275349617004,0.3839566111564636,0.5209150314331055,0.7201377749443054,-4.366065502166748,-5.149367332458496,-5.523811340332031,-0.7976441979408264,1.7516793012619019,1.5071942806243896,0.6987696886062622
-0.40311819314956665,0.02905997633934021,1.109588384628296,0.6643027663230896,-0.49128296971321106,-0.15736450254917145,-0.5409059524536133,-5.1311516761779785,-5.482952117919922,-6.552305221557617,-0.5237907767295837,1.7061108350753784,1.2770863771438599,0.24692857265472412
-0.5948327779769897,0.022995861247181892,1.2036830186843872,-0.27162355184555054,0.43952831625938416,0.317228764295578,0.7952367067337036,-3.5432703495025635,-4.981198787689209,-5.181825160980225,-0.4497266113758087,0.9324431419372559,0.5355172157287598,-0.30599090456962585
-0.4717943072319031,0.018547063693404198,1.2034392356872559,-0.25764933228492737,0.2881569266319275,0.588410496711731,0.7101799249649048,-3.329437017440796,-3.583449363708496,-4.843023777008057,16.11809539794922,1.613458514213562,1.4760793447494507,0.23794828355312347
-0.5441834926605225,0.0232416819781065,1.2582772970199585,0.6231008172035217,-0.6464409828186035,-0.255315899848938,-0.35871052742004395,-3.145087480545044,-3.7571167945861816,-5.745167255401611,6.9000468254089355,1.1996004581451416,1.363930344581604,-0.1638433039188385
-0.5497190356254578,0.0210588239133358,1.2772842645645142,0.7369120121002197,0.6335909366607666,-0.20970556139945984,0.1074560210108757,-3.7729220390319824,-3.8840227127075195,-6.1816511154174805,0.5868322849273682,0.636592447757721,0.907481849193573,-1.057218313217163
-0.5067731142044067,0.02480195090174675,1.2354485988616943,-0.3788096308708191,0.5189418792724609,0.45235973596572876,0.6185250878334045,-3.1239593029022217,-3.7617475986480713,-4.880512237548828,-0.3938123881816864,1.7722846269607544,1.734134316444397,1.6858892440795898
-0.39031681418418884,0.02019825205206871,1.1979877948760986,0.7761033773422241,-0.3437500298023224,-0.49868491291999817,-0.17553584277629852,-3.8289904594421387,-4.9837775230407715,-5.950081825256348,2.7848126888275146,-0.7710655331611633,-0.5640807747840881,-1.5754250288009644
-0.464581161737442,0.025910304859280586,1.2332746982574463,-0.45785361528396606,0.5006064176559448,0.48727771639823914,0.5498396754264832,-3.237427234649658,-3.4318785667419434,-4.743987083435059,16.11809539794922,1.7480757236480713,1.7012770175933838,1.0748151540756226
-0.38187840580940247,0.013713741675019264,1.2905452251434326,0.3089704215526581,-0.35597261786460876,-0.03525165840983391,0.8812366724014282,-3.9936330318450928,-13.529584884643555,-4.453341960906982,-0.8010361194610596,1.3971107006072998,1.4944218397140503,-0.15986841917037964
-0.384913831949234,0.028745125979185104,1.2601263523101807,-0.4575747847557068,0.48868146538734436,0.4830342233181,0.5643524527549744,-3.760338306427002,-4.277289867401123,-5.238333225250244,2.2492401599884033,1.4899582862854004,1.5107779502868652,0.5093171000480652
-0.5217692852020264,0.02579466439783573,1.1667819023132324,-0.4022105634212494,0.3939327001571655,0.5176236629486084,0.6442898511886597,-3.6261954307556152,-3.8543643951416016,-5.508517265319824,1.6224483251571655,1.6486200094223022,1.470597267150879,0.17001330852508545
-0.5210164785385132,0.02817378006875515,1.1520063877105713,0.6228940486907959,0.777920663356781,0.018129270523786545,-0.08070781081914902,-3.8237464427948,-4.747883319854736,-5.478758811950684,16.11809539794922,1.7434848546981812,1.7018035650253296,1.2186065912246704
-0.5467348098754883,0.02473665587604046,1.188028335571289,0.5167551636695862,-0.4826451241970062,-0.4542545676231384,-0.5419138073921204,-3.698613166809082,-4.214158058166504,-5.705046653747559,16.11809539794922,1.3920048475265503,1.0744004249572754,-0.9628686904907227
-0.550049901008606,0.028920993208885193,1.1803278923034668,0.9129018783569336,-0.3560050129890442,-0.16069570183753967,-0.11852216720581055,-4.140982151031494,-4.890495300292969,-5.44162654876709,0.16515308618545532,1.7702560424804688,1.7250391244888306,1.6908552646636963
-0.5497920513153076,0.027603426948189735,1.1945786476135254,0.7421571016311646,0.667456865310669,-0.02964780665934086,0.05315208435058594,-4.102789878845215,-4.6895270347595215,-5.755577564239502,-0.0032380763441324234,1.023082971572876,0.15245278179645538,-1.7145984172821045
-0.584169328212738,0.02658049389719963,1.2878615856170654,-0.2753864824771881,0.46839040517807007,0.6089099645614624,0.5779285430908203,-4.494490146636963,-5.300628662109375,-6.463217735290527,0.29276415705680847,-1.411269187927246,-0.6906694769859314,-1.7724539041519165
-0.5622888803482056,0.03154008463025093,1.2675859928131104,0.6920267343521118,0.6537986397743225,-0.21873432397842407,0.2140132337808609,-3.3957810401916504,-3.77817702293396,-4.86690092086792,-0.07710415124893188,1.7524677515029907,1.7452694177627563,1.2010103464126587
-0.39694440364837646,0.02733030915260315,1.1923778057098389,0.6959282755851746,-0.5539767146110535,-0.3633541762828827,-0.2770693600177765,-3.8492627143859863,-4.718159198760986,-5.6169867515563965,0.8408824801445007,1.6300691366195679,1.4950321912765503,0.17425337433815002
-0.4291410744190216,0.028631599619984627,1.1408259868621826,0.7022520303726196,-0.4340322017669678,-0.5186633467674255,-0.22236551344394684,-4.7483367919921875,-5.787741661071777,-7.019769191741943,-1.4410057067871094,-1.7724539041519165,-1.7724539041519165,0.012750747613608837
-0.3846217691898346,0.02903570607304573,1.1819342374801636,0.6348556280136108,0.712022602558136,-0.103138267993927,0.2816818058490753,-5.832089424133301,-6.057733535766602,-6.859396934509277,-0.060276713222265244,-0.5149365663528442,-0.5126124024391174,0.01225011982023716
-0.40004652738571167,0.02878706157207489,1.2782844305038452,0.691264271736145,0.7076869010925293,0.10888007283210754,-0.09735552966594696,-3.485292434692383,-4.286273956298828,-5.102100372314453,1.186272382736206,1.7591038942337036,1.76094651222229,1.2966670989990234
-0.30353060364723206,0.026820825412869453,1.2830246686935425,0.6362103223800659,0.7676814794540405,-0.04246128350496292,0.06402008980512619,-2.938551664352417,-4.672882556915283,-5.460710525512695,-0.7674437165260315,1.2578504085540771,1.2240591049194336,-0.22742222249507904
-0.37512877583503723,0.026529455557465553,1.2249648571014404,0.7732059955596924,0.6186226606369019,-0.07180438190698624,0.11959361284971237,-5.083791732788086,-5.889163970947266,-6.6156086921691895,0.4120001196861267,0.03494371846318245,0.20819763839244843,-1.541770577430725
-0.2866666615009308,0.023962708190083504,1.2859166860580444,0.5886287093162537,0.7996513843536377,-0.025475548580288887,0.1158660277724266,-3.920769453048706,-4.443670272827148,-5.313830375671387,1.688053011894226,1.2435030937194824,1.1723655462265015,-0.0704604759812355
-0.2947190999984741,0.022073158994317055,1.2846382856369019,0.7203590273857117,0.655688464641571,0.03132546320557594,-0.22399598360061646,-4.411986827850342,-4.626053810119629,-5.299314975738525,-0.2937500774860382,1.6528825759887695,1.6484133005142212,1.6504515409469604
-0.2680678367614746,0.029407743364572525,1.2826669216156006,0.7276982069015503,0.6777500510215759,-0.08570734411478043,0.06135500222444534,-4.150785446166992,-4.609879493713379,-5.681514263153076,2.8911869525909424,1.7163513898849487,1.7038652896881104,1.2253620624542236
-1.2216876745224,0.02934739924967289,1.1242238283157349,-0.6601045727729797,-0.08225386589765549,0.6899300813674927,-0.28546929359436035,-5.708358287811279,-6.022511005401611,-8.600053787231445,-1.5676685571670532,0.28498274087905884,1.2580946683883667,1.1607835292816162
-1.1379971504211426,0.03198091313242912,1.0797076225280762,-0.25417059659957886,0.33234739303588867,0.5665271282196045,0.709922194480896,-3.8416507244110107,-5.251615047454834,-6.318596839904785,1.3763893842697144,0.298789918422699,0.3800595998764038,0.03709563612937927
-1.2272471189498901,0.03321516141295433,1.2765289545059204,-0.33832016587257385,0.31047654151916504,0.6472085118293762,0.608493983745575,-3.9415271282196045,-5.121628761291504,-6.387937068939209,-0.3452860414981842,1.7724539041519165,1.746195912361145,-0.842926025390625
-1.0549207925796509,0.02917008101940155,1.199448585510254,-0.05045825615525246,-0.10575497150421143,0.01175055280327797,0.9930416941642761,-5.509510040283203,-14.545862197875977,-5.150789737701416,-2.1335086822509766,1.577831506729126,-1.7307491302490234,-1.7724539041519165
-0.9135201573371887,0.031780898571014404,1.114418387413025,0.5038642287254333,-0.5627391934394836,-0.4371166527271271,-0.48823609948158264,-3.8010506629943848,-4.970019817352295,-6.078109264373779,0.42622676491737366,-1.597725510597229,-1.6962929964065552,-1.7393981218338013
-0.9479545950889587,0.03265620768070221,1.1716066598892212,0.7617660760879517,0.6281779408454895,-0.13443978130817413,0.08385016024112701,-5.26764440536499,-5.493938446044922,-6.6894145011901855,1.806088924407959,-1.1457599401474,-1.2062479257583618,-1.421791434288025
-0.9382670521736145,0.034061722457408905,1.2727967500686646,-0.2759881913661957,0.3213016986846924,0.6407617330551147,0.6403281688690186,-4.472405433654785,-4.821535587310791,-6.6063642501831055,16.11809539794922,-1.6140189170837402,-1.534125804901123,-1.392074704170227
-0.9275530576705933,0.03223755583167076,1.2430332899093628,-0.3346257209777832,0.3409285247325897,0.6329043507575989,0.6092827320098877,-3.735288381576538,-5.434988021850586,-7.0946431159973145,-2.7894511222839355,-1.5512657165527344,-1.3124045133590698,0.4549558460712433
-0.4001714587211609,0.030270377174019814,1.0185811519622803,-0.4989275336265564,0.4846385717391968,0.39529910683631897,0.599946141242981,-5.167773723602295,-5.663022994995117,-6.4562249183654785,-1.2626527547836304,1.0612584352493286,1.1176013946533203,1.6879826784133911
-0.46796783804893494,0.04447310417890549,1.0720891952514648,0.38389334082603455,0.7529870867729187,0.5304944515228271,0.06490032374858856,-4.595526218414307,-5.4592742919921875,-5.786910057067871,-2.181049108505249,-0.6720121502876282,-1.2550925016403198,-1.5441956520080566
-0.4569864869117737,0.02924593910574913,1.0594528913497925,0.575864851474762,0.801764726638794,-0.0007739740540273488,-0.1598512828350067,-5.51105260848999,-6.09284782409668,-7.386154651641846,0.04626183956861496,-1.7724539041519165,-1.5799611806869507,-0.7880515456199646
-0.4475540220737457,0.030997835099697113,1.067835807800293,-0.21092146635055542,0.3441590666770935,0.562217652797699,0.7217880487442017,-5.037625312805176,-5.253650188446045,-6.460982799530029,-1.446599006652832,1.5389970541000366,1.267453908920288,-1.3742585182189941
-0.444193571805954,0.03266124799847603,1.0786350965499878,0.5331063866615295,-0.48972034454345703,-0.6867879033088684,-0.06552822887897491,-5.470412254333496,-6.303288459777832,-6.625278472900391,2.654038190841675,-0.0582149401307106,-0.14043056964874268,-1.050849437713623
-0.412895530462265,0.04332572594285011,1.0545432567596436,-0.48593035340309143,0.27985841035842896,0.5930554866790771,0.5777855515480042,-4.848531723022461,-5.468453407287598,-5.648431301116943,-1.1816531419754028,-0.9836731553077698,-1.5766031742095947,-1.7266899347305298
-0.4029720425605774,0.033738791942596436,1.0927376747131348,0.6733497381210327,0.6862448453903198,0.1840362548828125,-0.20444753766059875,-4.702724456787109,-5.479011058807373,-6.026934623718262,0.24577537178993225,-1.0666977167129517,-1.2680237293243408,-1.3994722366333008
-0.433798223733902,0.031201932579278946,1.138582706451416,0.8162782788276672,0.5324345231056213,0.19134078919887543,-0.11658445745706558,-4.60983419418335,-5.597782611846924,-6.2981038093566895,-1.4475444555282593,0.859983503818512,0.42624127864837646,0.6320938467979431
-0.37936773896217346,0.03385557234287262,1.1185555458068848,-0.2228681892156601,0.5048683285713196,0.39851540327072144,0.7325457334518433,-4.33121919631958,-5.17006778717041,-5.6607561111450195,-0.13807739317417145,1.143595814704895,0.5544532537460327,-1.342878818511963
-0.3792972266674042,0.029674889519810677,1.1178120374679565,0.026957150548696518,-0.5661001205444336,0.19837696850299835,0.7996565103530884,-15.172408103942871,-5.861084461212158,-5.035228252410889,-0.2443457543849945,1.7724539041519165,1.1051770448684692,-1.7307491302490234
-0.40141239762306213,0.04272283613681793,1.0646984577178955,-0.4702262580394745,0.5508363842964172,0.4422571659088135,0.529032289981842,-4.520272254943848,-5.053946495056152,-5.78938102722168,1.5121361017227173,1.5301690101623535,0.8920117020606995,-0.8802580833435059
-0.45177778601646423,0.047847360372543335,1.0644071102142334,0.834039032459259,0.40246108174324036,0.2172786444425583,0.3085351288318634,-4.54262638092041,-5.013480186462402,-5.591328144073486,-1.6231231689453125,0.20836840569972992,-0.9860185980796814,-1.7161023616790771
-0.40320372581481934,0.04219268634915352,1.0734615325927734,0.549095630645752,0.7430875301361084,-0.35014477372169495,0.15399213135242462,-4.6350812911987305,-5.037744522094727,-5.506504058837891,-0.6267120838165283,1.7724539041519165,1.7242412567138672,1.3974906206130981
-0.4542950987815857,0.05125223100185394,1.0650912523269653,0.8939578533172607,0.40788793563842773,0.18406587839126587,0.02421935833990574,-4.872801303863525,-4.980628490447998,-5.8113250732421875,0.2744833528995514,1.6597208976745605,0.9391406774520874,-1.269515872001648
-0.45133259892463684,0.05089857429265976,1.0635625123977661,0.891074538230896,0.39572063088417053,0.20984046161174774,0.07320068031549454,-4.714452266693115,-5.279344081878662,-5.7029643058776855,0.08443434536457062,0.9797052145004272,-0.2754037082195282,-1.5426836013793945
-0.4309524595737457,0.04191999137401581,1.1281658411026,-0.01175055280327797,-0.0435461662709713,0.7029595375061035,0.709798276424408,-16.182329177856445,-5.2633585929870605,-6.793966770172119,0.023530498147010803,0.3544907569885254,-0.3683924078941345,-1.1746851205825806
-0.6046971082687378,0.0314827524125576,1.21640145778656,-0.43022415041923523,0.5494905710220337,0.43093621730804443,0.5720675587654114,-4.797219753265381,-5.570692539215088,-7.451993942260742,0.34745773673057556,-0.6212156414985657,-0.5478301048278809,-0.4465480148792267
-0.4482190012931824,0.055503960698843,1.0630513429641724,0.8465140461921692,0.47939538955688477,-0.046020377427339554,0.2268836349248886,-4.8801069259643555,-5.136577129364014,-5.926262378692627,0.4863933026790619,1.7315548658370972,1.5829967260360718,0.5879923701286316
-0.4516005218029022,0.056709613651037216,1.0675262212753296,0.8927741646766663,0.4223345220088959,0.1535668820142746,-0.03170318901538849,-4.632663249969482,-5.120935440063477,-5.7650885581970215,-0.6803934574127197,1.763626217842102,1.747360348701477,1.4094281196594238
0.9317209720611572,0.0033865782897919416,0.022640632465481758,0.7486247420310974,0.5680075883865356,0.1758888214826584,-0.2932429909706116,-3.5345070362091064,-3.968017339706421,-6.464600086212158,2.619807720184326,0.806694507598877,0.8786357641220093,1.0421459674835205
0.9774113893508911,0.012495781295001507,0.03957781195640564,0.8130677938461304,0.5067254900932312,0.23803406953811646,-0.1596554070711136,-3.85152530670166,-4.481259346008301,-5.616333484649658,0.15663231909275055,1.2983262538909912,1.4351320266723633,1.5810716152191162
0.9925806522369385,0.013562506064772606,0.030930526554584503,-0.38740578293800354,0.22792552411556244,0.7194246649742126,0.5295232534408569,-4.7812981605529785,-5.155714511871338,-5.819703578948975,1.3799288272857666,0.47859618067741394,-0.10992665588855743,-1.2377333641052246
