x,y,z,rot_0,rot_1,rot_2,rot_3,scale_0,scale_1,scale_2,opacity,f_dc_0,f_dc_1,f_dc_2
-1.0228744745254517,0.042394958436489105,-0.5929688215255737,-0.0013686344027519226,0.9186943173408508,0.39391571283340454,0.02879701927304268,-2.927818536758423,-3.977524757385254,-5.457633018493652,-0.7777420878410339,1.559170126914978,1.1072325706481934,0.2225308120250702
-0.9966602325439453,-0.0256617721170187,-0.5930536389350891,0.9763379693031311,0.033377353101968765,-0.021258367225527763,-0.21259860694408417,-3.1886096000671387,-4.832405090332031,-6.297070026397705,-0.8568479418754578,1.7274447679519653,1.0651689767837524,-0.02394820563495159
-0.9951345324516296,0.04872952401638031,-0.5934246778488159,0.042571790516376495,0.8230279684066772,0.5642792582511902,0.049005523324012756,-3.1931657791137695,-3.618690013885498,-6.00980806350708,-2.523505687713623,-1.162969708442688,-1.2465821504592896,-1.7042300701141357
-0.9700677990913391,0.025585224851965904,-0.5604782104492188,0.2263633906841278,0.7753287553787231,0.5829371213912964,0.0883699283003807,-1.7152665853500366,-3.0109920501708984,-7.403549671173096,-0.9597879648208618,-0.12475334107875824,-0.12587499618530273,-0.8195528984069824
-1.0887336730957031,0.06910013407468796,-0.5953989624977112,0.9919793009757996,-0.02369832992553711,-0.007014833390712738,-0.12396048754453659,-2.7576801776885986,-4.085151195526123,-6.6914286613464355,-0.6478707194328308,0.8638450503349304,0.9030546545982361,-0.4542226493358612
-1.074957251548767,0.10284136235713959,-0.5901225209236145,0.980267345905304,0.01338394358754158,-0.028705403208732605,0.19512252509593964,-3.673583507537842,-4.356198787689209,-6.632865905761719,-0.3813692033290863,1.3129483461380005,0.9184378981590271,0.09301912784576416
-0.990490734577179,0.11934622377157211,-0.5937396287918091,0.9538471102714539,-0.27731087803840637,0.04667346179485321,-0.10533708333969116,-3.3846278190612793,-4.623973369598389,-5.839848041534424,0.08500870317220688,-0.9944804310798645,-1.172448754310608,-1.4685111045837402
-0.9588295221328735,0.03358291834592819,-0.585462749004364,0.007317845709621906,0.682598352432251,0.7194037437438965,0.12831278145313263,-3.061246395111084,-3.58158802986145,-5.70939826965332,-2.2587318420410156,1.1342209577560425,0.3878326416015625,-0.1586277037858963
-1.00736403465271,0.15603633224964142,-0.5893014073371887,0.6328040361404419,0.6767054200172424,-0.23557621240615845,-0.29348376393318176,-3.1021740436553955,-4.091994762420654,-5.745552062988281,-0.6847947835922241,0.6838224530220032,0.6075468063354492,0.024910153821110725
-0.9164696335792542,-0.036976467818021774,-0.5939717888832092,-0.013974952511489391,0.41582828760147095,0.9081199169158936,-0.04700767621397972,-3.0177290439605713,-3.597250461578369,-5.261064052581787,-2.0668704509735107,0.24449586868286133,0.12963826954364777,-0.7877299785614014
-0.7465345859527588,-0.023402536287903786,-0.5759154558181763,0.9504159092903137,-0.0030645171646028757,-0.056394852697849274,0.3058101534843445,-2.773465394973755,-3.0524022579193115,-4.880821704864502,-0.7128680944442749,-0.9638689756393433,-1.0114128589630127,-1.748709797859192
-0.8935927152633667,-0.005659685004502535,-0.592609167098999,0.9795878529548645,-0.02381429448723793,0.0023377370089292526,-0.19958706200122833,-2.840297222137451,-4.359299182891846,-7.347315311431885,-2.4111225605010986,1.671057939529419,1.3435214757919312,0.2571795582771301
-0.7789442539215088,0.0031080134212970734,-0.5894168019294739,0.988612711429596,0.03584231808781624,-0.020487286150455475,-0.14470836520195007,-2.9352049827575684,-4.541482925415039,-7.794787883758545,-1.2692559957504272,1.5095008611679077,0.9972690939903259,0.3622644245624542
-0.8542582988739014,0.10658013820648193,-0.5873199701309204,0.08118242025375366,0.8875531554222107,0.4505730867385864,0.05140688642859459,-3.147123336791992,-3.322920322418213,-5.485732555389404,-1.0257978439331055,1.42960786819458,1.0684800148010254,-0.05861152708530426
-0.9110515117645264,0.08835189044475555,-0.5907411575317383,0.9909855127334595,0.040510669350624084,-0.01577366329729557,-0.1267191618680954,-2.963181734085083,-3.637286901473999,-5.843995094299316,-2.596252202987671,1.7724539041519165,1.6513735055923462,0.9527093768119812
-0.9215225577354431,0.15008379518985748,-0.5947864651679993,0.9968428611755371,-0.05743984505534172,-0.04875309392809868,-0.025061143562197685,-3.8119940757751465,-4.50469446182251,-6.029556751251221,-0.627575159072876,1.2419158220291138,1.0287420749664307,0.5108956098556519
-1.08586847782135,0.14130790531635284,-0.590116560459137,0.08225386589765549,0.9957860112190247,0.02004506066441536,-0.03525165840983391,-3.5886831283569336,-5.396786212921143,-12.111845016479492,-0.38915154337882996,1.480520248413086,1.2580946683883667,0.1459667682647705
-1.0247087478637695,0.17565064132213593,-0.5950378775596619,0.9780735373497009,-0.08619149774312973,0.004485053010284901,0.18953371047973633,-3.0737216472625732,-4.052817344665527,-5.168740272521973,-1.97980535030365,-1.2604858875274658,-1.2717268466949463,-1.6781907081604004
-1.0521820783615112,0.16348426043987274,-0.5938699841499329,0.8378434181213379,0.5195783376693726,-0.0602458119392395,-0.1562921404838562,-3.183520793914795,-5.532840728759766,-6.651524543762207,-1.1789087057113647,0.9105547070503235,0.7327445149421692,-0.2293764054775238
-1.0770612955093384,0.18912163376808167,-0.5923029780387878,0.9853044748306274,0.09416230767965317,-0.06237051635980606,0.12813447415828705,-4.2146148681640625,-5.350284576416016,-6.861606597900391,-0.2947125732898712,0.6528276801109314,0.5942777991294861,-0.2117360532283783
-1.0308637619018555,0.19363148510456085,-0.5958601236343384,-0.03323015198111534,0.3825179934501648,0.9233415126800537,0.004031716380268335,-3.5594279766082764,-4.00817346572876,-6.358750343322754,-1.3655717372894287,1.67106294631958,1.4918036460876465,0.607296347618103
-1.0471910238265991,0.20910705626010895,-0.5937501192092896,0.9735423922538757,-0.056712161749601364,0.06543128192424774,0.21146565675735474,-4.534067630767822,-4.891637802124023,-6.524035930633545,-0.2315659075975418,-1.3878098726272583,-1.4739540815353394,-1.4850069284439087
-0.9888336658477783,0.22054632008075714,-0.5948668718338013,-0.01686783879995346,0.8752373456954956,0.48282626271247864,0.02353408746421337,-3.782616376876831,-4.2517313957214355,-5.882960796356201,-1.2002958059310913,1.6166439056396484,1.1846494674682617,-0.07468652725219727
-0.966291069984436,0.2049008309841156,-0.5917215347290039,0.9319740533828735,-0.18031258881092072,0.16741029918193817,-0.2662433683872223,-3.3139946460723877,-3.5616674423217773,-5.425915718078613,-1.5228698253631592,-1.1586785316467285,-0.9939643740653992,-1.1606018543243408
-1.0846343040466309,0.22755825519561768,-0.5861959457397461,-0.0008150517824105918,0.5287297964096069,0.8212559223175049,0.21443608403205872,-3.990658760070801,-5.309659957885742,-6.902376651763916,0.03175537288188934,1.1379574537277222,0.8036080598831177,0.0892571434378624
-1.0687459707260132,0.22684697806835175,-0.5898274779319763,0.9836636781692505,0.14258922636508942,0.0680685043334961,0.0862596333026886,-3.5702216625213623,-5.512986183166504,-6.9706597328186035,-0.03970268741250038,1.5089664459228516,1.0662745237350464,0.4824073612689972
-1.0632432699203491,0.24766840040683746,-0.5870029330253601,0.029493384063243866,0.786601185798645,0.6167142391204834,-0.0072266836650669575,-4.120521545410156,-4.867462158203125,-6.029444694519043,-0.13322168588638306,0.9328282475471497,0.7347626686096191,0.20274776220321655
-1.0905110836029053,0.256130576133728,-0.5843026041984558,0.9657665491104126,0.02191370539367199,0.04466547444462776,0.2545972466468811,-4.399224758148193,-4.822670936584473,-7.171967029571533,-0.2773493230342865,1.2377716302871704,0.903674840927124,0.2571795582771301
-1.0368123054504395,0.32721492648124695,-0.5975907444953918,0.9809442162513733,-0.08061058074235916,0.052311237901449203,0.1688607782125473,-3.1702992916107178,-3.9771244525909424,-5.576959133148193,-0.6668654084205627,-1.0075234174728394,-1.0773680210113525,-1.3858156204223633
-1.0429075956344604,0.2619563937187195,-0.5919114351272583,-0.048654574900865555,0.6052219271659851,0.7870569825172424,-0.10899753123521805,-4.16378116607666,-4.843086242675781,-6.51991081237793,1.633288860321045,0.3782951831817627,0.22853896021842957,-0.36332574486732483
-1.0281362533569336,0.38851237297058105,-0.5625988245010376,-0.32729262113571167,0.7670965194702148,0.5412371754646301,-0.10726065188646317,-2.8193328380584717,-3.2792000770568848,-3.6138699054718018,1.7322654724121094,-0.09689280390739441,-0.11548490822315216,-1.041488528251648
-1.096020221710205,0.2576090693473816,-0.5651168823242188,0.5483498573303223,0.4597528874874115,0.4022226631641388,0.5711012482643127,-4.232714653015137,-4.853951454162598,-6.089732646942139,-1.289164423942566,-0.11626001447439194,-0.16272585093975067,-0.7302154898643494
-1.0783137083053589,0.2502034604549408,-0.5657322406768799,0.36841437220573425,0.8560413122177124,0.36011987924575806,0.042163748294115067,-7.7379937171936035,-5.7500834465026855,-5.1946306228637695,-1.773577094078064,1.7724539041519165,1.7724539041519165,1.7724539041519165
-0.9741990566253662,0.3113254904747009,-0.5979195237159729,0.7755029201507568,-0.5661001205444336,0.09746046364307404,-0.261968195438385,-4.265125274658203,-5.4582295417785645,-7.6563239097595215,0.95225590467453,0.28498274087905884,0.3266875445842743,-0.32668760418891907
-1.029207468032837,0.2628493905067444,-0.5810130834579468,-0.2135835736989975,0.8603058457374573,0.23017258942127228,-0.4015924036502838,-3.7351293563842773,-4.797717094421387,-8.887170791625977,1.2909841537475586,-0.6603260040283203,-0.813243567943573,-1.1746851205825806
-0.9157545566558838,0.23247189819812775,-0.5926187634468079,-0.016434891149401665,0.7182286381721497,0.6953513622283936,0.019079525023698807,-3.3992955684661865,-4.132275104522705,-7.641692638397217,-2.0683233737945557,1.7724539041519165,1.7724539041519165,0.7325712442398071
-0.8873679041862488,0.23324573040008545,-0.5920361876487732,0.972399890422821,-0.07337057590484619,0.03176044672727585,-0.21919496357440948,-3.4982964992523193,-4.5073161125183105,-5.234555721282959,-1.3189893960952759,1.4547396898269653,1.4500614404678345,0.30029618740081787
-0.8204757571220398,0.24438565969467163,-0.59782475233078,0.9945976138114929,-0.07129883766174316,-0.010849439539015293,-0.07466191053390503,-3.453862428665161,-4.800947666168213,-6.064755439758301,-0.8996307253837585,0.9321499466896057,0.7006272077560425,0.14555326104164124
-0.901872456073761,0.26610469818115234,-0.5922037363052368,0.9643695950508118,-0.05361020192503929,0.046040840446949005,0.25494611263275146,-3.1187238693237305,-3.658859968185425,-4.74362850189209,-1.2851022481918335,-1.6769158840179443,-1.4028950929641724,-1.677908182144165
-0.9634827971458435,0.3069233298301697,-0.5958585739135742,0.9966179728507996,-0.0017759492620825768,-0.06619375199079514,-0.04866112023591995,-3.410280227661133,-3.8370449542999268,-6.091498374938965,-2.086031198501587,-1.2439543008804321,-1.229552149772644,-1.579572081565857
-0.9066809415817261,0.2957208454608917,-0.5893081426620483,0.11057215929031372,0.9017179608345032,0.4131740629673004,0.06297407299280167,-4.295046806335449,-4.913947582244873,-6.391258239746094,-1.4854435920715332,1.3690242767333984,1.0046443939208984,0.41919514536857605
-0.8544309139251709,0.26512765884399414,-0.5955383777618408,0.9951698780059814,0.030430972576141357,0.05343502387404442,-0.07652167975902557,-3.601956844329834,-5.244542598724365,-8.292166709899902,-1.6494377851486206,0.9040512442588806,0.8345432281494141,0.1670183688402176
-0.8313661217689514,0.23123455047607422,-0.5951018333435059,-0.5135682821273804,0.8580347895622253,-0.0034560449421405792,0.0034560449421405792,-3.9722328186035156,-6.702450275421143,-6.33190393447876,-0.7286538481712341,-0.7298339605331421,-0.8410467505455017,-0.9522595405578613
-0.8721097111701965,0.2532333731651306,-0.5802667737007141,0.21982525289058685,0.4746708869934082,0.8514489531517029,0.0374041348695755,-3.544494152069092,-4.54793119430542,-5.535398006439209,-1.028743863105774,0.16698357462882996,0.2253045290708542,-0.40026742219924927
-0.8244543671607971,0.2932630479335785,-0.5956329107284546,0.9960653185844421,0.0826912671327591,-0.005613313522189856,0.03137792646884918,-3.486438035964966,-4.855193138122559,-5.873991966247559,0.1517004370689392,1.0699049234390259,0.95206218957901,-0.014460805803537369
-0.8910584449768066,0.2793985605239868,-0.5712499618530273,0.9621601104736328,-0.12328054010868073,-0.2219041883945465,-0.09903715550899506,-2.9522507190704346,-3.6690096855163574,-7.060561656951904,-1.4297164678573608,0.4830225110054016,0.2889944612979889,-0.58487468957901
-0.7954851388931274,-0.02200200781226158,-0.5834670066833496,0.9428542256355286,-0.08435647934675217,-0.07942608743906021,0.3124122619628906,-2.9532549381256104,-3.8763537406921387,-5.050823211669922,-0.9986046552658081,-0.3785703480243683,-0.41009721159935,-1.7181715965270996
-0.7891101241111755,0.0014571216888725758,-0.5889500975608826,0.9658032655715942,0.03933924064040184,0.004120626486837864,0.2562410235404968,-3.650705575942993,-4.1920623779296875,-7.310061931610107,-1.1593066453933716,1.7724539041519165,1.3715280294418335,0.13770955801010132
-0.8085581660270691,0.04648414999246597,-0.5792198777198792,0.12491612136363983,0.8134461641311646,0.5634110569953918,0.07258982956409454,-2.9168241024017334,-3.2368452548980713,-5.016540050506592,-1.1202738285064697,0.724353015422821,0.4252632260322571,-1.6757011413574219
-0.7351154685020447,0.020684098824858665,-0.5776144862174988,-0.028769128024578094,0.7531173229217529,0.6571361422538757,-0.012599409557878971,-2.1490774154663086,-3.690098524093628,-6.752144813537598,1.0367969274520874,-0.10854554921388626,-0.25148001313209534,-1.052429437637329
-0.7214036583900452,0.02554519847035408,-0.5425519347190857,0.6802792549133301,0.42620331048965454,0.2735552191734314,0.5298475027084351,-2.237414598464966,-3.904038906097412,-5.939695835113525,1.1156424283981323,-0.0798782929778099,-0.29056936502456665,-0.9128985404968262
-0.732681930065155,0.07337204366922379,-0.5850193500518799,0.042179595679044724,0.48231327533721924,0.874742329120636,0.020510168746113777,-2.9540205001831055,-3.7757716178894043,-7.752009868621826,-1.6782081127166748,0.850081741809845,0.45295870304107666,-0.36653751134872437
-0.6229759454727173,0.012991209514439106,-0.5396004319190979,0.9522507190704346,-0.04448764771223068,-0.2705695629119873,-0.1342814564704895,-3.2188162803649902,-3.737654209136963,-5.917181491851807,0.30877023935317993,-0.7610503435134888,-0.8547824025154114,-1.4178385734558105
-0.6167351603507996,0.04901246353983879,-0.5415166020393372,0.9277031421661377,0.22601036727428436,-0.29686978459358215,-0.012429128400981426,-2.885483980178833,-3.8838508129119873,-5.624396324157715,-0.0968775674700737,0.8875548243522644,0.5186446905136108,-0.08342526853084564
-0.6618368625640869,0.14220085740089417,-0.5515850186347961,0.09884320199489594,0.8618621230125427,0.4603108763694763,0.1885141134262085,-3.0462772846221924,-3.2641472816467285,-4.928696155548096,-1.668849229812622,-0.7368172407150269,-0.8977864980697632,-1.3850980997085571
-0.6612487435340881,0.10863140970468521,-0.5027971863746643,-0.3041887581348419,0.715552568435669,0.5964443683624268,-0.19926831126213074,-2.1644256114959717,-3.435378074645996,-3.586315155029297,1.3759762048721313,0.1841784566640854,-0.058339379727840424,-0.5668025612831116
-0.7412329316139221,0.1675514131784439,-0.5846610069274902,0.9969449639320374,-0.05283636227250099,-0.05608855187892914,0.012771227397024632,-2.9413721561431885,-3.9697141647338867,-5.3145647048950195,-1.760675311088562,1.5319501161575317,1.1000579595565796,0.21651023626327515
-0.6812859773635864,0.15148667991161346,-0.57353276014328,0.16025905311107635,0.6206182837486267,0.7542150616645813,0.14251194894313812,-2.5942060947418213,-3.6270248889923096,-6.034236907958984,-0.8483858704566956,-0.31181687116622925,-0.536182701587677,-1.0376094579696655
-0.7791908383369446,0.25793200731277466,-0.5947766900062561,0.9671346545219421,-0.031273070722818375,0.02212359756231308,0.2513624131679535,-4.137618541717529,-4.288879871368408,-5.969303131103516,-2.2336390018463135,1.7724539041519165,1.633439064025879,1.0273313522338867
-0.7779969573020935,0.2993605434894562,-0.5848841667175293,0.14564505219459534,0.584485650062561,0.7851365208625793,0.14396074414253235,-2.5455636978149414,-3.545919179916382,-4.389914035797119,-1.3007370233535767,-0.3030293881893158,-0.4901375472545624,-1.0388402938842773
-0.740370512008667,0.28266456723213196,-0.5857865214347839,-0.08050576597452164,0.9102357029914856,0.39123010635375977,0.10921914875507355,-3.5727946758270264,-4.25790548324585,-5.9596848487854,-1.448639154434204,1.0075498819351196,0.7715387344360352,0.07645876705646515
-0.6927325129508972,0.2561074495315552,-0.5780931115150452,0.06799212098121643,0.7621951103210449,0.6316355466842651,0.12438762933015823,-3.279493570327759,-4.042593955993652,-7.62249231338501,-0.6808450818061829,0.7338436841964722,0.35876572132110596,0.0037419006694108248
-0.7287375926971436,0.3071017563343048,-0.5832523703575134,0.9890472888946533,0.026871150359511375,-0.0811767429113388,-0.12030694633722305,-3.7275285720825195,-4.46396017074585,-7.476944446563721,-0.5539368987083435,1.200283169746399,0.9495198726654053,0.5961242318153381
-0.5865519642829895,0.2227521389722824,-0.49806100130081177,0.9287833571434021,0.012590620666742325,-0.3681279718875885,0.041045576333999634,-2.6741316318511963,-3.667776107788086,-5.184571266174316,0.3467831015586853,0.6150004267692566,0.35621798038482666,-0.1814328283071518
-0.6430192589759827,0.3028787076473236,-0.5450301766395569,0.9349307417869568,0.031868044286966324,-0.22623756527900696,-0.2714875340461731,-3.737410545349121,-4.820664882659912,-6.476355075836182,-0.01758580282330513,1.2126246690750122,1.0159322023391724,0.32881131768226624
-0.6085476279258728,0.3364863991737366,-0.504417896270752,0.8541867136955261,-0.23679782450199127,-0.43979522585868835,0.14447139203548431,-3.0700860023498535,-4.444604873657227,-6.187811374664307,0.4906093180179596,0.3748606741428375,0.13013526797294617,-0.3745214343070984
-0.9638213515281677,0.4884496033191681,-0.7721185684204102,-0.13054236769676208,0.5480657815933228,0.7685520648956299,-0.30316707491874695,-3.9076340198516846,-5.207718849182129,-6.0095319747924805,16.11809539794922,-0.2649320065975189,0.3684751093387604,-0.34741589426994324
-1.078131079673767,0.5420507788658142,-0.690926194190979,0.5579956769943237,0.6636184453964233,-0.49204885959625244,0.07835369557142258,-2.6443376541137695,-2.7796270847320557,-3.9951908588409424,-0.11928379535675049,0.5060963034629822,1.4241517782211304,-0.21976132690906525
-1.0384409427642822,0.4585014581680298,-0.58660888671875,0.12431979924440384,0.7250031232833862,0.6557012796401978,0.17020855844020844,-2.8345277309417725,-3.742690324783325,-5.779206275939941,-1.573098063468933,1.6020482778549194,1.1249308586120605,0.03591208904981613
-1.0169309377670288,0.3731500506401062,-0.5893579721450806,0.11266706138849258,0.8961734175682068,0.391915500164032,-0.174875870347023,-3.016845226287842,-8.883676528930664,-3.8270232677459717,-0.4878840446472168,-1.327602744102478,-1.5083235502243042,-1.619536280632019
-1.0827513933181763,0.40564247965812683,-0.5518335700035095,-0.10170026868581772,0.9044490456581116,0.31699252128601074,-0.2667296528816223,-3.1407456398010254,-4.099497318267822,-6.963969707489014,0.6675688624382019,-0.7378773093223572,-0.7807311415672302,-1.6861717700958252
-1.077141523361206,0.44355037808418274,-0.5942786931991577,0.4231935739517212,0.8288487195968628,0.3587242066860199,0.0723457857966423,-3.1926372051239014,-3.976921796798706,-5.701823711395264,0.3534468114376068,-1.2236557006835938,-1.2787057161331177,-1.7724539041519165
-1.0306203365325928,0.44745326042175293,-0.5596378445625305,0.4542694687843323,0.22437791526317596,0.39336633682250977,0.767174482345581,-2.961010217666626,-3.602461576461792,-4.829778671264648,1.2983700037002563,0.3411823809146881,0.3266875445842743,-0.43093356490135193
-1.0246962308883667,0.4513799548149109,-0.5835229754447937,-0.16136838495731354,0.47652649879455566,0.8636052012443542,0.03269242122769356,-2.995196580886841,-4.776434421539307,-6.551564693450928,-0.6044799089431763,-0.7908744215965271,-0.6520957350730896,-1.4775660037994385
-0.9626560211181641,0.4088934063911438,-0.6016483306884766,0.9778721928596497,0.19738692045211792,-0.02886343188583851,0.06301768869161606,-4.305948734283447,-4.786638259887695,-7.039940357208252,0.6607131361961365,-1.077869176864624,-1.0931246280670166,-1.5572926998138428
-0.9965858459472656,0.47216561436653137,-0.5734021663665771,0.9397243857383728,0.3193337917327881,0.0389721505343914,-0.11586732417345047,-3.3053534030914307,-4.255009651184082,-4.842626094818115,-0.33889102935791016,1.171196460723877,0.9046353697776794,-0.002276116982102394
-1.0274790525436401,0.4770202338695526,-0.5490038394927979,0.8377600312232971,0.5459932684898376,-0.00014031340833753347,-0.007030408829450607,-2.5800859928131104,-4.114190101623535,-4.928445339202881,-0.36297816038131714,-1.4894851446151733,-1.4730241298675537,-1.190544843673706
-0.9748857021331787,0.48522865772247314,-0.5608899593353271,0.8040622472763062,0.584054172039032,-0.10849884152412415,0.02434418350458145,-3.903646230697632,-5.001168251037598,-6.992209434509277,0.9301847219467163,1.3912690877914429,1.182233214378357,0.3670271337032318
-0.9187973737716675,0.33353495597839355,-0.5976422429084778,0.8175776600837708,0.47056856751441956,-0.2867049276828766,0.16712957620620728,-3.4764862060546875,-4.255559921264648,-4.94049596786499,-1.3835065364837646,-0.5582126975059509,-0.8274369239807129,-1.1230844259262085
-0.92404705286026,0.3703550100326538,-0.597166121006012,0.10866137593984604,0.6292957067489624,0.7644093632698059,0.08864519000053406,-3.637720823287964,-3.8693010807037354,-5.912479400634766,0.33278876543045044,-1.0214719772338867,-1.0328649282455444,-1.3444838523864746
-0.9151771664619446,0.3752577006816864,-0.5838308334350586,-0.4181814193725586,-0.4181814193725586,0.6295570731163025,-0.5038913488388062,-2.9471089839935303,-2.9390664100646973,-6.770977973937988,-1.5676685571670532,-0.18767161667346954,0.1459667682647705,-0.8827515840530396
-0.8569119572639465,0.32874611020088196,-0.5922819972038269,0.9980923533439636,0.06048039346933365,0.008051326498389244,-0.009429803118109703,-3.61372447013855,-5.107052803039551,-6.776181697845459,-0.23187433183193207,1.2099344730377197,1.0655157566070557,0.5264495015144348
-0.8471930623054504,0.3546178936958313,-0.5913854241371155,0.9799724817276001,0.19876572489738464,0.005663230083882809,0.010677534155547619,-3.6460399627685547,-5.473247051239014,-6.805098056793213,-0.8833557367324829,1.3457138538360596,1.2345010042190552,0.5346863865852356
-0.8892839550971985,0.4127426743507385,-0.5940306782722473,0.9334597587585449,0.14216892421245575,-0.0946514680981636,-0.31540754437446594,-3.9075894355773926,-5.957507610321045,-7.664041042327881,-1.3656245470046997,1.0771201848983765,1.0426666736602783,0.36345136165618896
-0.8573046326637268,0.38799065351486206,-0.5926690697669983,0.9602543711662292,-0.0520031712949276,-0.00900364387780428,-0.27409157156944275,-3.2954113483428955,-4.762441635131836,-5.709139347076416,-0.17151212692260742,-1.7325947284698486,-1.6316478252410889,-1.7724539041519165
-0.839813232421875,0.3905913829803467,-0.5901709198951721,-0.05133189260959625,0.9170448780059814,0.3900144398212433,-0.0654405727982521,-3.36025071144104,-4.331769943237305,-5.988882541656494,0.24359874427318573,0.2844207286834717,0.1577027142047882,-0.4010064899921417
-0.938093364238739,0.47263476252555847,-0.5644655227661133,-0.2663525938987732,0.8508842587471008,0.4051560163497925,0.20223963260650635,-3.9585657119750977,-4.4936394691467285,-5.721017360687256,-0.6174180507659912,1.7724539041519165,1.7326674461364746,0.7635814547538757
-0.9257774949073792,0.43323221802711487,-0.5907242894172668,-0.27797678112983704,0.8315296769142151,0.46393242478370667,0.12670457363128662,-3.977466344833374,-5.115910053253174,-7.909487247467041,-0.7567371129989624,1.2659616470336914,1.0123076438903809,-0.025582386180758476
-0.9220237135887146,0.44762057065963745,-0.5870820879936218,-0.0034560449421405792,0.9752326607704163,-0.2052890658378601,-0.08225386589765549,-3.637498617172241,-6.118741512298584,-9.254264831542969,-0.1808837354183197,-0.8827515840530396,-0.8410467505455017,-1.3971107006072998
-0.9379177093505859,0.44857510924339294,-0.5827813148498535,-0.2676083743572235,0.8632722496986389,0.3961273729801178,0.1619565784931183,-3.7364163398742676,-4.131951332092285,-5.849088191986084,-0.9226210117340088,1.3480119705200195,1.1953059434890747,-0.5792838335037231
-0.90118408203125,0.44528642296791077,-0.5868387222290039,-0.027931753545999527,0.6214349865913391,0.7556444406509399,0.2050362378358841,-4.124217510223389,-5.517265319824219,-7.055881023406982,0.31245577335357666,-1.4774717092514038,-1.4350506067276,-1.6991809606552124
-0.867896556854248,0.4493978023529053,-0.5748834609985352,0.5172382593154907,0.8221415877342224,-0.053574442863464355,0.23168419301509857,-4.130257606506348,-4.691558837890625,-5.977865219116211,-0.44774389266967773,-1.30289626121521,-1.2438486814498901,-1.7724539041519165
-0.909418523311615,0.4697043001651764,-0.5648385882377625,-0.19827494025230408,0.4400089681148529,0.693054735660553,0.5354944467544556,-4.046406269073486,-4.8709001541137695,-6.3138346672058105,0.4907997250556946,1.7724539041519165,1.7321715354919434,1.1051770448684692
-0.8943681716918945,0.4828624427318573,-0.5272140502929688,0.5352077484130859,0.8412372469902039,0.05932225286960602,-0.04851238802075386,-2.57085919380188,-3.0376622676849365,-4.5559563636779785,-0.3678165376186371,-1.5058480501174927,-1.7610868215560913,-1.5016928911209106
-0.8736936450004578,0.44770991802215576,-0.5848225355148315,0.9696319103240967,0.23677979409694672,-0.04122702404856682,0.04527226462960243,-4.068583965301514,-5.380275249481201,-5.785558700561523,-0.42889371514320374,1.4820982217788696,1.366968035697937,0.7542906999588013
-0.8535536527633667,0.4346531331539154,-0.5896223187446594,0.979882538318634,0.19053058326244354,-0.05057072639465332,0.031158853322267532,-3.856499671936035,-5.2820539474487305,-6.782262802124023,-0.23083005845546722,0.604380190372467,0.5146634578704834,-0.06894435733556747
-0.854975163936615,0.4250567555427551,-0.581631064414978,0.5018389821052551,0.7868971228599548,0.338019460439682,0.12121632695198059,-3.850155830383301,-4.331015110015869,-4.6800031661987305,-0.19726985692977905,-0.6930139660835266,-0.5965107679367065,-1.3619434833526611
-0.8438787460327148,0.4223286807537079,-0.5913087129592896,0.32141217589378357,0.9253383278846741,0.16658136248588562,0.11266706138849258,-2.6542165279388428,-12.493453025817871,-6.403883457183838,-0.65805584192276,0.39619556069374084,0.2571795582771301,-0.32668760418891907
-0.8329131603240967,0.4520302712917328,-0.5778401494026184,0.8851214051246643,0.29814037680625916,-0.11801306903362274,0.3372615575790405,-4.074966907501221,-5.97149658203125,-8.000781059265137,0.18353304266929626,0.8366096615791321,0.7875097393989563,-0.19891037046909332
-0.876108705997467,0.46679264307022095,-0.5516586303710938,0.7071762681007385,0.6637325286865234,0.15896297991275787,-0.18463918566703796,-3.6407454013824463,-4.161362171173096,-4.928537368774414,1.7194164991378784,-0.9008491039276123,-0.9655574560165405,-0.6967340707778931
-0.8119798898696899,0.46338269114494324,-0.5717288851737976,0.9044553637504578,0.3544677793979645,-0.0343228317797184,0.23480850458145142,-4.38490104675293,-4.945834636688232,-8.734407424926758,0.18151730298995972,1.1419821977615356,0.9379591941833496,-0.107369564473629
-0.8057981729507446,0.46475130319595337,-0.5729637145996094,0.8484144806861877,0.5170199871063232,0.11347870528697968,0.002393687143921852,-3.757631540298462,-6.240357875823975,-7.898778438568115,-0.33885982632637024,0.8859879374504089,0.7108848094940186,0.15272469818592072
-1.0623681545257568,0.5529506802558899,-0.5423774719238281,0.6480090618133545,-0.02827015146613121,-0.6668409109115601,0.36688995361328125,-2.839026927947998,-3.149670124053955,-4.640748500823975,-1.8462347984313965,0.4171821177005768,1.0404224395751953,0.3611273765563965
-0.9333345293998718,0.7424213290214539,-0.678789496421814,-0.12729062139987946,0.681749165058136,0.7058409452438354,-0.14423516392707825,-1.812522053718567,-4.264255046844482,-5.043447017669678,-0.9631308913230896,1.2561464309692383,1.2610172033309937,1.1390727758407593
-0.9587255716323853,0.5234974026679993,-0.5419535040855408,0.9199841618537903,-0.37662816047668457,0.07264633476734161,0.08064063638448715,-3.599905252456665,-4.462276458740234,-6.149148464202881,-0.6264986991882324,0.16534678637981415,0.793089747428894,-0.3311312794685364
-0.9479933381080627,0.6049922108650208,-0.5843726992607117,-0.514950692653656,0.6799610257148743,-0.521862804889679,0.01175055280327797,-5.61103630065918,-3.3384459018707275,-4.748358726501465,0.40546509623527527,1.2997994422912598,1.7724539041519165,0.03475397080183029
-0.7630401849746704,0.33943232893943787,-0.5867968797683716,0.992176353931427,0.011300701647996902,-0.06476140767335892,0.10613342374563217,-3.1168859004974365,-4.80131196975708,-6.677609443664551,-1.3547457456588745,1.1329803466796875,0.933554470539093,0.5107801556587219
-0.7885010242462158,0.38018059730529785,-0.5891180038452148,-0.021336475387215614,0.3898680508136749,0.9000018835067749,-0.1937633752822876,-3.2770822048187256,-4.470783710479736,-5.6754150390625,-0.4322400987148285,-0.5886624455451965,-0.6176711320877075,-1.1042816638946533
-0.8006466627120972,0.3847340941429138,-0.5898246765136719,0.9570682048797607,-0.022791020572185516,-0.0519450381398201,0.28425824642181396,-4.539707183837891,-5.7586870193481445,-7.581377983093262,-1.3299028873443604,0.7829157114028931,0.6081590056419373,0.11279468238353729
-0.7667272686958313,0.3962889015674591,-0.5867173075675964,0.9939713478088379,0.09899044781923294,0.0011995905078947544,0.04712091013789177,-4.282450199127197,-5.827245235443115,-6.717901229858398,-0.15784113109111786,1.1788195371627808,0.9852568507194519,0.41363510489463806
-0.7709277272224426,0.36401689052581787,-0.5884909629821777,-0.16658136248588562,0.9830456972122192,-0.0739593580365181,-0.02004506066441536,-4.118679046630859,-8.069557189941406,-5.460954189300537,0.023530498147010803,0.6186211109161377,0.5491131544113159,0.10426196455955505
-0.701640248298645,0.3335352838039398,-0.5732641220092773,0.1906784623861313,0.8666585683822632,0.3961440324783325,0.23582729697227478,-3.3438503742218018,-4.633369445800781,-5.596146106719971,-0.4850628972053528,-0.08694833517074585,-0.26832473278045654,-0.7429458498954773
-0.7959861159324646,0.4398179352283478,-0.5602957606315613,0.5473331212997437,-0.6052381992340088,-0.522590160369873,-0.24700739979743958,-3.4122986793518066,-3.614053964614868,-3.897282361984253,-0.04236222058534622,-0.5845587849617004,-0.6428261995315552,-1.3415954113006592
-0.7882170677185059,0.4236285388469696,-0.585982084274292,0.9717293381690979,0.20332865417003632,-0.05989980325102806,-0.10397876054048538,-3.9913525581359863,-6.501222610473633,-7.309630393981934,-1.1175535917282104,1.6334378719329834,1.2889591455459595,0.14864932000637054
-0.7750704884529114,0.41502195596694946,-0.5851691365242004,0.9698463678359985,-0.22979934513568878,-0.04315927252173424,0.06875762343406677,-3.5240957736968994,-5.523083686828613,-6.467901229858398,1.2965281009674072,-1.069810390472412,-1.1169562339782715,-1.32003915309906
-0.7608919739723206,0.47204893827438354,-0.5709766149520874,0.9577287435531616,0.2298768311738968,-0.024063190445303917,0.17126968502998352,-3.6918649673461914,-4.504775524139404,-7.477061748504639,0.704454779624939,1.163686752319336,0.9126049876213074,0.21973952651023865
-0.8136782646179199,0.47293713688850403,-0.5553638935089111,0.7850472927093506,0.5837991833686829,0.05371049419045448,0.199986070394516,-4.613002777099609,-5.189930438995361,-7.801582336425781,0.6984750628471375,1.7724539041519165,1.7301015853881836,0.9765917658805847
-0.7493756413459778,0.48280736804008484,-0.5507807731628418,0.8561365008354187,0.46459248661994934,-0.1337714046239853,0.18245361745357513,-3.159625768661499,-4.777395248413086,-5.9449381828308105,-0.16105996072292328,1.3050833940505981,0.9522594809532166,0.41271382570266724
-0.7871108055114746,0.4851624667644501,-0.5500423908233643,-0.35005322098731995,0.28654512763023376,0.8102124333381653,0.37270697951316833,-3.991595983505249,-4.743732452392578,-6.1719207763671875,1.2174088954925537,1.74875009059906,1.289734125137329,0.77884441614151
-0.7139762043952942,0.4180179536342621,-0.5777183175086975,0.9412203431129456,-0.17589205503463745,-0.1744544804096222,0.2296341508626938,-3.296405076980591,-4.751591682434082,-5.0947957038879395,0.6922361850738525,-0.8397442698478699,-0.87570720911026,-1.2325387001037598
-0.7354193925857544,0.45506662130355835,-0.558039128780365,0.8256435990333557,0.439323753118515,-0.20748436450958252,0.28680577874183655,-3.2782747745513916,-4.1586689949035645,-4.447128772735596,1.7819774150848389,0.4437742233276367,0.15127630531787872,-0.5458940267562866
-0.7140715718269348,0.46137377619743347,-0.5718773007392883,0.9407066106796265,0.32708126306533813,0.0046134404838085175,-0.0898202657699585,-4.745735168457031,-5.693652629852295,-5.859745025634766,2.3663742542266846,-1.400383472442627,-1.3845443725585938,-1.5374619960784912
-0.7113229036331177,0.4766383767127991,-0.5527580380439758,0.9039989709854126,0.4261348843574524,-0.032045185565948486,-0.012961660511791706,-3.5977258682250977,-3.883890390396118,-5.040690898895264,-0.49037688970565796,1.7724539041519165,1.4753631353378296,0.8403483629226685
-0.6879748702049255,0.47818294167518616,-0.4845341145992279,0.6390824317932129,-0.3971201777458191,-0.5273666381835938,-0.39465638995170593,-3.3196425437927246,-4.568160057067871,-4.931643486022949,0.30205482244491577,-0.7020307779312134,-0.9123172163963318,-1.1180983781814575
-0.6840890049934387,0.47729313373565674,-0.5481643676757812,0.9451687335968018,0.3089415431022644,-0.10233726352453232,-0.02717117965221405,-3.6766908168792725,-4.310935974121094,-5.2559075355529785,0.2457513064146042,1.5765961408615112,1.2501667737960815,0.5738281607627869
-0.6141819357872009,0.37632131576538086,-0.5148373246192932,0.7923741340637207,-0.43386679887771606,-0.42489132285118103,0.05805300548672676,-3.107409954071045,-4.689074993133545,-5.809975624084473,-0.7854808568954468,0.825137197971344,0.6200534105300903,0.00604273471981287
-0.6702430248260498,0.39067763090133667,-0.5643585920333862,0.19784535467624664,0.6266043782234192,0.732465922832489,0.1780949831008911,-3.6544220447540283,-3.881032943725586,-6.15425968170166,-0.37621915340423584,1.0456706285476685,0.9341597557067871,0.6163730025291443
-0.9327027797698975,1.1188098192214966,-0.853047788143158,0.5699231028556824,-0.4647550880908966,-0.5548268556594849,-0.38904687762260437,-1.8400028944015503,-1.8756694793701172,-6.426877021789551,-1.951385498046875,-1.595362901687622,-1.6090829372406006,-1.6473394632339478
-0.9513300061225891,1.3859691619873047,-0.8864090442657471,0.7170814871788025,0.602313756942749,0.2641601860523224,0.23071987926959991,-1.4218823909759521,-2.0664873123168945,-2.6570863723754883,-1.3790196180343628,-1.770056962966919,-1.769018292427063,-1.7724539041519165
-1.0250672101974487,0.8323159217834473,-0.697963297367096,0.4302380383014679,0.5020069479942322,0.5946367979049683,0.4574836790561676,-2.5629260540008545,-3.793384075164795,-4.5164055824279785,-1.3774746656417847,1.753418207168579,1.7550734281539917,1.7683156728744507
-0.9207964539527893,0.7618638873100281,-0.7147431373596191,0.03525165840983391,0.9909610748291016,0.02004506066441536,-0.12787365913391113,-11.625954627990723,-2.2899208068847656,-4.553474426269531,-0.7646061182022095,0.7715387344360352,0.7715387344360352,0.47960513830184937
-0.8800851702690125,0.9256086349487305,-0.6901965737342834,-0.026533206924796104,0.6025716066360474,0.7975065112113953,-0.013668115250766277,-2.727092981338501,-3.014228343963623,-3.882977247238159,-1.4393171072006226,1.6372151374816895,1.5970089435577393,1.5677682161331177
-1.0460646152496338,0.9189164042472839,-0.657524585723877,0.4105456471443176,0.5870683789253235,0.5991317629814148,0.35755300521850586,-1.8951785564422607,-5.032037258148193,-5.517199993133545,-0.29310160875320435,1.5173016786575317,1.4289685487747192,1.2119371891021729
-0.936725378036499,0.7924926280975342,-0.6531424522399902,0.21771803498268127,0.6080056428909302,0.7571660280227661,-0.09812068194150925,-2.8229501247406006,-4.026369571685791,-4.327560901641846,-0.7328518033027649,1.2382397651672363,1.434873342514038,1.3365565538406372
-0.9175688028335571,1.0585529804229736,-0.7030091881752014,0.6312258243560791,0.3662340044975281,0.3743453323841095,0.5720945000648499,-2.4861574172973633,-3.407104969024658,-3.743553400039673,1.2231792211532593,0.3250405788421631,0.2818736135959625,-0.22930487990379333
-0.9320672750473022,1.0371854305267334,-0.6283600926399231,0.3123490810394287,0.6301171779632568,0.6467010378837585,0.2952425479888916,-2.7230076789855957,-4.811001300811768,-5.488916397094727,0.588759183883667,1.1206848621368408,1.0682907104492188,0.833016037940979
-0.8619256615638733,1.181081771850586,-0.693378210067749,0.36954358220100403,0.6945987939834595,0.5069196224212646,0.352139949798584,-2.0585458278656006,-3.529212474822998,-4.765203475952148,-1.0436334609985352,1.5722081661224365,1.4784280061721802,1.1611326932907104
-0.9124332666397095,1.1929630041122437,-0.6910792589187622,-0.15627510845661163,0.8386489748954773,0.5204061269760132,-0.03772894665598869,-2.910306453704834,-3.2768733501434326,-4.486748218536377,0.37089547514915466,-0.5026456713676453,-0.6794630885124207,-1.3780667781829834
-0.8845332264900208,1.2802741527557373,-0.6939799785614014,0.49263256788253784,0.6132843494415283,0.44266390800476074,0.43039992451667786,-2.147425651550293,-3.636708974838257,-5.052701473236084,-0.7495367527008057,1.6225093603134155,1.7524611949920654,1.2502840757369995
-0.8953081369400024,1.335088849067688,-0.7055944204330444,0.19929738342761993,0.7325937151908875,0.6122351288795471,0.22080554068088531,-2.282498359680176,-3.5463664531707764,-4.87843132019043,0.8106240034103394,-0.16828668117523193,-0.07329913973808289,-0.7631556391716003
-0.94379723072052,1.3302174806594849,-0.680865466594696,0.5665889978408813,0.2319175750017166,-0.7816274166107178,-0.1193723976612091,-3.0378172397613525,-3.1491031646728516,-3.827192783355713,-1.0602343082427979,1.7724539041519165,1.7724539041519165,1.1324868202209473
-0.9334090352058411,1.1053886413574219,-0.6766244769096375,-0.026957150548696518,0.9980652928352356,0.03525165840983391,0.0435461662709713,-12.107791900634766,-2.211580991744995,-3.3478739261627197,-0.8566524386405945,1.7724539041519165,1.7724539041519165,1.7724539041519165
-0.663276731967926,1.3252575397491455,-0.6653258204460144,-0.05200832709670067,0.8466067910194397,0.5296399593353271,0.0057991016656160355,-2.297603130340576,-2.7921111583709717,-3.947998046875,-1.5829923152923584,1.4837042093276978,1.3553013801574707,1.3051060438156128
-0.8817412853240967,1.1673392057418823,-0.6596587896347046,0.5013640522956848,0.30159059166908264,0.3971211910247803,0.707086980342865,-2.2258996963500977,-3.659209966659546,-5.378511905670166,-0.29793572425842285,1.422743320465088,1.4182313680648804,1.5800020694732666
-1.0308763980865479,1.2515314817428589,-0.6821646094322205,0.5621878504753113,0.4348761737346649,0.4144997000694275,0.5683463215827942,-2.1495585441589355,-4.246131420135498,-4.7731547355651855,0.4460907578468323,0.9872592687606812,0.8856744170188904,0.45845821499824524
-0.9163046479225159,1.601265788078308,-0.6988595724105835,-0.07694707810878754,0.7069399356842041,0.6994572281837463,-0.07123719155788422,-1.598486065864563,-3.8262898921966553,-4.196520805358887,16.11809539794922,-1.0196118354797363,-1.0896494388580322,-1.504913091659546
-0.6529807448387146,-0.042486704885959625,-0.5427759885787964,-0.31588250398635864,0.8776576519012451,-0.2218780815601349,-0.2840868830680847,-13.858467102050781,-3.4336814880371094,-4.219017505645752,3.00815486907959,-0.813243567943573,-0.9244563579559326,-1.4388154745101929
-0.5936312079429626,0.034072987735271454,-0.512752115726471,0.31334012746810913,0.6706575155258179,0.5933444499969482,0.31619423627853394,-2.8822147846221924,-4.444831848144531,-5.375896453857422,2.9195921421051025,-0.44606879353523254,-0.5412942171096802,-1.099181890487671
-0.5769615769386292,0.08023473620414734,-0.49088433384895325,-0.3072216808795929,0.7247788906097412,0.6146857738494873,-0.04971698671579361,-3.3776066303253174,-3.5566017627716064,-4.194325923919678,-0.5146172046661377,1.742008090019226,1.4571211338043213,1.7345784902572632
-0.5608982443809509,0.028396902605891228,-0.4764111042022705,0.23657341301441193,0.6766630411148071,0.6280944347381592,0.3027499318122864,-3.3574767112731934,-3.515388250350952,-5.722080707550049,-1.1678969860076904,-1.7724539041519165,-1.5087999105453491,-1.6968683004379272
-0.5410042405128479,-0.006440204568207264,-0.466952383518219,0.8757789134979248,0.04547441750764847,-0.4744960367679596,0.076137475669384,-3.165173053741455,-3.7398836612701416,-4.782784938812256,-0.5788590908050537,-1.1013641357421875,-0.994131863117218,-1.5053421258926392
-0.5499334335327148,0.0929681733250618,-0.46523919701576233,-0.15137477219104767,0.9299961924552917,0.19008246064186096,-0.2757923901081085,-11.240484237670898,-3.778376340866089,-5.611291885375977,1.6524039506912231,-1.3554059267044067,-1.3554059267044067,-1.619536280632019
-0.5692548155784607,0.1502222865819931,-0.48169952630996704,0.09746046364307404,0.9543268084526062,0.1831703782081604,0.21496598422527313,-4.55097770690918,-2.0078976154327393,-7.283576488494873,-0.7646061182022095,1.7029458284378052,1.369307518005371,0.7715387344360352
-0.6164569854736328,0.32866784930229187,-0.5235423445701599,0.1512201726436615,0.7927764654159546,0.5013934969902039,0.3118372857570648,-3.5723555088043213,-5.021100997924805,-6.285966873168945,0.005995150189846754,1.021767497062683,0.6807327270507812,0.19180625677108765
-0.5717764496803284,0.31810852885246277,-0.48375383019447327,0.8778464794158936,-0.20964080095291138,-0.38234999775886536,0.19810283184051514,-3.4651641845703125,-4.506028175354004,-6.067927837371826,1.2605149745941162,1.040421485900879,0.7657117247581482,0.16068564355373383
-0.5403078198432922,0.32077428698539734,-0.445356160402298,0.40477973222732544,0.39109060168266296,0.7945910692214966,0.22765447199344635,-3.218639373779297,-3.8905608654022217,-4.789564609527588,0.2618445158004761,1.2355252504348755,0.9309006333351135,0.4167078733444214
-0.8340515494346619,0.4743277430534363,-0.5287252068519592,0.7598121762275696,0.5613327026367188,-0.13691551983356476,0.2980690598487854,-3.712053060531616,-4.141289710998535,-5.332646369934082,0.7682228088378906,-1.305446982383728,-1.3958076238632202,-1.0956193208694458
-0.9356810450553894,0.40479734539985657,-0.4474549889564514,0.1791960895061493,0.4262100160121918,0.8379924893379211,-0.28983160853385925,-2.262493371963501,-2.912842273712158,-4.793790817260742,1.2904638051986694,-0.3145684003829956,-0.3318208158016205,-0.751149594783783
-0.8726320862770081,0.483617901802063,-0.4870948791503906,0.5627033710479736,0.8142270445823669,0.11020179092884064,-0.0908561497926712,-3.2589735984802246,-4.339118003845215,-5.315157890319824,1.7582064867019653,0.55897057056427,0.4687076807022095,0.1402580440044403
-0.8339128494262695,0.448215514421463,-0.4285948574542999,0.4694415330886841,0.8825613856315613,-0.02268468216061592,-0.013978562317788601,-2.9173407554626465,-3.609055757522583,-5.651760101318359,16.11809539794922,-1.5949122905731201,-1.3255454301834106,-1.7724539041519165
-1.0532499551773071,0.6004451513290405,-0.43176835775375366,0.4468684792518616,0.8035200834274292,0.287138968706131,-0.26872891187667847,-2.7815358638763428,-3.5460445880889893,-5.872710704803467,-1.3333128690719604,0.42931151390075684,1.1553391218185425,0.036640673875808716
-0.8495347499847412,0.5799764394760132,-0.44751060009002686,0.9885381460189819,-0.023175103589892387,-0.1491640955209732,0.0022976757027208805,-3.1347029209136963,-4.659082412719727,-5.09575891494751,0.5545846223831177,0.7008580565452576,1.2256689071655273,0.13903295993804932
-0.9901127815246582,0.4089791774749756,-0.3661132752895355,0.5076680183410645,-0.252711683511734,-0.433366984128952,-0.7004306316375732,-2.180623769760132,-2.544877529144287,-3.8925020694732666,16.11809539794922,-1.6433790922164917,-1.5374712944030762,-1.7724539041519165
-1.071736216545105,0.5161440372467041,-0.3921384811401367,0.1083860769867897,0.638663649559021,0.48019468784332275,0.591417133808136,-2.9808099269866943,-3.2100820541381836,-5.113304138183594,-1.7988594770431519,0.7788870930671692,1.7648906707763672,-0.8350304961204529
-1.0143437385559082,0.4782904386520386,-0.35145846009254456,-0.11338324099779129,0.6816504597663879,0.45252352952957153,0.5636659860610962,-2.8495261669158936,-4.095654010772705,-5.121852874755859,-1.7252556085586548,0.2295806109905243,0.9920586943626404,0.8587427139282227
-1.0384624004364014,0.46932438015937805,-0.29310110211372375,-0.4485291540622711,0.6810497045516968,0.5347627401351929,0.22140850126743317,-2.3678500652313232,-3.2875759601593018,-5.750245571136475,0.21465255320072174,-1.6748796701431274,-1.1761504411697388,-1.7724539041519165
-1.0317643880844116,0.5238097310066223,-0.2634701132774353,-0.013914051465690136,0.7298474907875061,0.5911179184913635,0.34308698773384094,-2.381848096847534,-3.2616660594940186,-4.735321998596191,-1.252229928970337,-0.38090500235557556,0.6415303945541382,-0.13067622482776642
-0.8668298125267029,0.43241629004478455,-0.312910258769989,0.689736008644104,0.7118386030197144,0.10190053284168243,0.08465400338172913,-2.7361550331115723,-3.0283079147338867,-3.857140064239502,16.11809539794922,-1.32345712184906,-0.9804053902626038,-1.7724539041519165
-1.0543735027313232,0.5028034448623657,-0.30811578035354614,0.6684732437133789,-0.3649240732192993,-0.5029802322387695,-0.40863773226737976,-2.953145980834961,-3.110164165496826,-5.182491779327393,16.11809539794922,-1.244193196296692,-1.1871517896652222,-1.7724539041519165
-1.004522442817688,0.5579833388328552,-0.3517495393753052,0.5108034610748291,0.7837343811988831,0.2923814058303833,-0.19837696850299835,-2.728027105331421,-2.368260622024536,-15.792783737182617,-1.2909841537475586,-1.1051771640777588,-1.327602744102478,-1.7724539041519165
-0.9335597157478333,0.6047671437263489,-0.3486897349357605,0.47277286648750305,0.46538859605789185,0.20883966982364655,0.7185299396514893,-2.722771644592285,-4.04036808013916,-5.142679691314697,-0.8856570720672607,-0.8558948636054993,0.48901093006134033,-1.6443226337432861
-0.7728089690208435,0.6013676524162292,-0.29744061827659607,0.10378150641918182,0.852839469909668,0.31535619497299194,0.40304428339004517,-2.410060167312622,-3.4407191276550293,-4.621460437774658,0.1086619421839714,-0.6637743711471558,-0.19948357343673706,-1.7724539041519165
-0.8451210856437683,0.5342438220977783,-0.33139070868492126,-0.23708467185497284,0.8613803386688232,-0.08916595578193665,0.4403001070022583,-2.2943737506866455,-17.315488815307617,-2.072270631790161,-0.5719616413116455,-1.577831506729126,-1.6890443563461304,-1.7724539041519165
-0.9766355752944946,0.5849241018295288,-0.27949419617652893,-0.03224508464336395,0.9041665196418762,0.36972445249557495,-0.21153469383716583,-3.013435125350952,-3.587602138519287,-4.594668865203857,-1.3973976373672485,-1.634777545928955,-1.1315488815307617,-1.7724539041519165
-0.8136871457099915,0.6915327906608582,-0.2887575924396515,0.879075825214386,0.10900253802537918,-0.35269954800605774,0.3015744388103485,-3.0073633193969727,-3.341425895690918,-5.009732246398926,-1.5089977979660034,1.5717742443084717,1.4268804788589478,-1.5617841482162476
-0.7492210865020752,0.4748404622077942,-0.497787207365036,0.9346318244934082,0.12773212790489197,-0.31984493136405945,-0.08858384937047958,-3.2917327880859375,-4.548725605010986,-5.124026298522949,-0.20609475672245026,0.9647634625434875,1.3433682918548584,0.11835777014493942
-0.6612997055053711,0.3289668560028076,-0.5354121923446655,0.8194016218185425,0.33385393023490906,-0.4278583526611328,0.18455280363559723,-13.368598937988281,-4.405094623565674,-5.136829853057861,2.463853359222412,-0.11816361546516418,-0.41009721159935,-0.8410467505455017
-0.6396027207374573,0.39244744181632996,-0.5045746564865112,0.91759192943573,-0.1158912181854248,-0.16979466378688812,-0.34024113416671753,-2.636376142501831,-2.7861175537109375,-5.292280673980713,-0.8220623731613159,1.3341453075408936,0.7710036039352417,-0.19177447259426117
-0.665056586265564,0.44766443967819214,-0.5245830416679382,-0.44306495785713196,0.7497724890708923,-0.49144959449768066,-0.0034560449421405792,-10.879106521606445,-3.6373648643493652,-4.117902755737305,-0.03922071307897568,0.3266875445842743,-0.07645881921052933,-0.813243567943573
-0.6607586741447449,0.4587346911430359,-0.517713189125061,0.3226477801799774,0.25993865728378296,0.6483900547027588,0.6386866569519043,-3.0675456523895264,-3.8377037048339844,-5.298702716827393,-1.6615815162658691,-1.3716845512390137,-1.3822327852249146,-1.4656742811203003
-0.6270436644554138,0.4758634865283966,-0.49304819107055664,-0.41344839334487915,0.8235327005386353,0.12075219303369522,0.3691519796848297,-3.42529559135437,-4.180754661560059,-5.761293411254883,16.11809539794922,0.9457088112831116,0.4632803797721863,-0.1439957171678543
-0.627933144569397,0.4859885275363922,-0.4764612019062042,0.537809431552887,-0.7317489385604858,-0.13906334340572357,-0.39492517709732056,-3.864170789718628,-4.477975368499756,-6.767975330352783,3.9000253677368164,1.3736249208450317,0.8611220717430115,0.3214207887649536
-0.5870855450630188,0.4081689119338989,-0.4849196970462799,0.8640034198760986,0.03376849740743637,-0.3927704691886902,-0.31319180130958557,-3.0015451908111572,-3.643808364868164,-4.612298488616943,-1.587380290031433,-1.3457763195037842,-1.4152843952178955,-1.6861963272094727
-0.6451220512390137,0.4867648184299469,-0.43241217732429504,0.73320472240448,-0.5483899712562561,-0.3267083466053009,-0.23439474403858185,-2.9520580768585205,-4.072861194610596,-6.347977638244629,1.5326974391937256,-0.3979376256465912,-0.5059995055198669,-0.5157854557037354
-0.5734734535217285,0.4243701100349426,-0.4168456494808197,0.5330027937889099,-0.6277840733528137,-0.39439496397972107,-0.4077349603176117,-3.1285901069641113,-3.5836281776428223,-4.149561882019043,1.6905701160430908,0.09151449054479599,-0.1551935076713562,-0.4665530323982239
-0.5615622997283936,0.45167726278305054,-0.4455678462982178,0.8586086630821228,0.3597235381603241,-0.3448357880115509,-0.12032647430896759,-3.4998302459716797,-4.5371174812316895,-5.931170463562012,0.8959222435951233,1.435789704322815,1.0847352743148804,0.5278707146644592
-0.6121085286140442,0.47885552048683167,-0.3951641619205475,0.6988762617111206,0.6756546497344971,-0.13361072540283203,0.19290141761302948,-3.005326271057129,-4.035174369812012,-4.962174892425537,0.9866754412651062,0.8703796863555908,0.20841845870018005,-0.38974303007125854
-0.7365553975105286,0.44456714391708374,-0.392814964056015,0.5711681842803955,0.8029817342758179,-0.09429094940423965,0.1417618989944458,-2.787830352783203,-3.679934501647949,-5.715027332305908,16.11809539794922,-1.4811457395553589,-1.156598687171936,-1.7724539041519165
-0.7034124732017517,0.46055540442466736,-0.3319984972476959,0.686647891998291,0.6626831293106079,-0.17659451067447662,0.24120557308197021,-2.626899003982544,-3.304875373840332,-3.9278481006622314,1.6805027723312378,-1.6755424737930298,-1.238249659538269,-1.7724539041519165
-0.5872344374656677,0.3820316791534424,-0.38813552260398865,0.3227945864200592,0.9463231563568115,0.01175055280327797,-0.01175055280327797,-8.357491493225098,-2.947974920272827,-3.4412107467651367,3.0992729663848877,0.47960513830184937,0.3266875445842743,0.10426196455955505
-0.5364607572555542,0.4800664484500885,-0.3795751929283142,-0.41979724168777466,0.800392746925354,0.146616131067276,0.40205156803131104,-3.208982229232788,-4.382309436798096,-6.134650230407715,16.11809539794922,1.4008402824401855,1.0862938165664673,0.674159586429596
-0.5943774580955505,0.4835375249385834,-0.31089261174201965,0.6764605045318604,0.6879355311393738,-0.18918101489543915,0.18263760209083557,-2.9278199672698975,-3.465587854385376,-6.301697254180908,1.450912594795227,-1.7724539041519165,-1.0452464818954468,-1.7724539041519165
-0.7091460824012756,0.5788277387619019,-0.3212530314922333,-0.32020407915115356,0.7526687383651733,0.4668038487434387,0.3362339437007904,-3.055281162261963,-4.512753009796143,-5.6571044921875,-1.092886209487915,0.556610107421875,1.068803310394287,-0.13091683387756348
-0.7883387804031372,0.6785643100738525,-0.31990811228752136,0.4462883770465851,0.4696750342845917,0.3713192045688629,0.6650970578193665,-2.530181884765625,-4.427760124206543,-6.155206203460693,-2.095893144607544,1.1295846700668335,1.4199126958847046,0.20249062776565552
-0.775428056716919,0.5376507639884949,-0.25968918204307556,-0.33965253829956055,0.46641337871551514,0.8071702122688293,-0.12478377670049667,-2.125788688659668,-2.8595852851867676,-3.2473175525665283,0.2229083627462387,-1.2468085289001465,-0.8632712960243225,-1.7724539041519165
-0.8091618418693542,0.5733442306518555,-0.30799970030784607,-0.2135835736989975,0.7988746166229248,0.30758798122406006,-0.4707133173942566,-16.444326400756836,-2.6502838134765625,-3.4412107467651367,1.6524039506912231,-1.3971107006072998,-0.7715387940406799,-1.7724539041519165
-0.7297934293746948,0.5300690531730652,-0.3061661720275879,0.5124024152755737,0.4624691903591156,0.06877788156270981,0.7203024625778198,-2.3487131595611572,-3.1108558177948,-5.346914768218994,-0.31372636556625366,-1.7724539041519165,-0.872147798538208,-1.7724539041519165
-0.8291347622871399,0.6633794903755188,-0.30606406927108765,0.4170248508453369,0.8706873655319214,-0.18116821348667145,-0.18754157423973083,-3.2812352180480957,-4.107263088226318,-5.115487098693848,-0.9813886880874634,0.20809227228164673,0.5949721932411194,-0.984562337398529
-0.6891464591026306,0.6836626529693604,-0.32090264558792114,0.7726060152053833,-0.11096799373626709,-0.5417835116386414,0.3118278980255127,-2.759932279586792,-4.447434902191162,-5.023377418518066,-0.38112542033195496,-0.300991415977478,0.19052669405937195,-1.7724539041519165
-0.6395089626312256,0.5210424065589905,-0.3673037588596344,-0.45263901352882385,0.4981580376625061,0.10935233533382416,0.7314359545707703,-3.8126742839813232,-4.661215305328369,-5.138230323791504,-0.18805307149887085,0.19386406242847443,0.7935031652450562,-1.0322822332382202
-0.6073133945465088,0.5275013446807861,-0.39446908235549927,0.4780437648296356,0.8400838375091553,-0.22768369317054749,0.11787043511867523,-3.823953628540039,-4.975191593170166,-5.72029447555542,2.9737000465393066,0.32496199011802673,1.118503451347351,-0.7742553353309631
-0.5932495594024658,0.6499055624008179,-0.26008257269859314,0.6381885409355164,0.23468221724033356,0.3224909007549286,0.6585129499435425,-3.7651305198669434,-4.331801414489746,-5.211970329284668,0.9732133746147156,0.26166772842407227,0.6050691604614258,-0.7155827879905701
-1.0893217325210571,0.45883598923683167,-0.22136639058589935,0.29929348826408386,0.8839584589004517,0.2757923901081085,-0.23017258942127228,-3.089405059814453,-10.781951904296875,-1.6366987228393555,-0.9328200221061707,-1.4666187763214111,-1.4666187763214111,-1.7724539041519165
-1.0304570198059082,0.46870097517967224,-0.19712765514850616,0.5228952765464783,-0.3930545449256897,-0.6361053586006165,-0.40921705961227417,-1.8506242036819458,-2.8175151348114014,-3.7250733375549316,-1.7538440227508545,-0.4029008150100708,0.2068740278482437,-1.643442988395691
-0.8888624906539917,0.46162885427474976,-0.17458438873291016,0.4527418911457062,0.7946988344192505,0.36841437220573425,-0.16658136248588562,-2.728027105331421,-13.461172103881836,-1.8544846773147583,1.2679531574249268,-1.4666187763214111,-1.4388154745101929,-1.7724539041519165
-1.0219171047210693,0.5497496128082275,-0.2575101852416992,0.4963551163673401,0.8229486346244812,0.25364601612091064,-0.10977645963430405,-3.1940319538116455,-5.592898845672607,-6.305331230163574,3.4592111110687256,-1.4214818477630615,-1.269472599029541,-1.7724539041519165
-1.074637770652771,0.619968831539154,-0.17880961298942566,0.802553653717041,0.29125967621803284,0.43420279026031494,0.2873035669326782,-3.0727014541625977,-3.6490418910980225,-4.929405689239502,-1.2430698871612549,0.43399515748023987,0.6147159337997437,-0.2801753282546997
-1.0433166027069092,0.5577486753463745,-0.23387093842029572,0.9326780438423157,0.20757193863391876,0.22274534404277802,0.19341692328453064,-4.107685089111328,-4.567444324493408,-8.708722114562988,16.11809539794922,1.522225022315979,1.636386752128601,1.7724539041519165
-1.0180072784423828,0.5777865648269653,-0.24283230304718018,0.9485145807266235,0.08397816866636276,0.305358350276947,-0.0049022408202290535,-3.4949562549591064,-4.47033166885376,-8.023966789245605,0.2291267216205597,1.513360857963562,1.6144745349884033,1.7724539041519165
-1.0180094242095947,0.5607790946960449,-0.24518921971321106,0.937162458896637,0.05252369865775108,0.27016863226890564,0.2144218385219574,-4.008636951446533,-4.4029340744018555,-6.271738529205322,16.11809539794922,1.6682274341583252,1.6890727281570435,1.7724539041519165
-0.981138288974762,0.5732942223548889,-0.2588132321834564,0.2289368212223053,0.5276321172714233,0.6879248023033142,0.44266441464424133,-3.8060646057128906,-4.81340217590332,-5.363292694091797,0.7629929184913635,0.8161543011665344,0.852088987827301,0.021745465695858
-1.0337728261947632,0.5901015400886536,-0.2256980538368225,-0.05875276401638985,0.8348062038421631,0.18178796768188477,0.5163331031799316,-11.240484237670898,-5.752538681030273,-3.8767824172973633,1.8055528402328491,1.2580946683883667,1.3415043354034424,1.7724539041519165
-1.0492223501205444,0.5937235951423645,-0.21073846518993378,0.961117684841156,0.11089640855789185,0.2449662685394287,0.06281986087560654,-4.206368923187256,-4.7238593101501465,-6.182565212249756,16.11809539794922,1.357923150062561,1.4824166297912598,1.7724539041519165
-1.0341718196868896,0.6112210750579834,-0.21349652111530304,0.9230159521102905,0.26505035161972046,0.26648423075675964,0.0823163241147995,-3.789983034133911,-5.569118976593018,-7.382575988769531,0.5434638857841492,1.5983753204345703,1.700607180595398,1.7724539041519165
-1.0004792213439941,0.599362313747406,-0.24176232516765594,-0.26387548446655273,0.7844968438148499,0.5345756411552429,-0.1707727015018463,-4.374240398406982,-4.514822959899902,-7.951094150543213,2.052727460861206,1.5727115869522095,1.646059513092041,1.7724539041519165
-1.008532166481018,0.6121150851249695,-0.2317146360874176,0.951094388961792,0.15035612881183624,0.2240784764289856,0.15033738315105438,-3.9727723598480225,-4.985168933868408,-6.896431922912598,0.4358811676502228,1.7554600238800049,1.7682054042816162,1.7724539041519165
-0.9379866123199463,0.40967458486557007,-0.12086975574493408,0.8187413215637207,0.5717602372169495,-0.03899848088622093,0.03510020673274994,-1.7981966733932495,-2.5278985500335693,-3.0218913555145264,-1.0036237239837646,0.1646496206521988,1.7222615480422974,-1.7575531005859375
-1.0866613388061523,0.6246179938316345,-0.16254156827926636,0.5238701701164246,0.8135879635810852,0.25027668476104736,-0.0315638892352581,-2.235478639602661,-3.8753879070281982,-5.593178749084473,0.8403093218803406,-0.5646993517875671,-0.2945234179496765,-1.7724539041519165
-0.9552167654037476,0.6248290538787842,-0.12287361919879913,-0.02849206142127514,0.49419212341308594,0.7464813590049744,0.4446660280227661,-2.842900514602661,-4.0981831550598145,-5.773461818695068,-0.9572402238845825,-1.4464328289031982,-0.6654041409492493,-1.7724539041519165
-0.8560119271278381,0.6537277698516846,-0.26402291655540466,0.09079709649085999,0.46397802233695984,0.6490277051925659,0.59602290391922,-2.6041524410247803,-3.299959421157837,-5.20908260345459,-0.7721705436706543,1.1563080549240112,1.4133094549179077,-1.5885515213012695
-0.8511258363723755,0.6049013733863831,-0.1268850862979889,-0.3510531187057495,0.29431843757629395,0.8798906207084656,0.12621742486953735,-2.1121373176574707,-3.2510926723480225,-5.639082431793213,2.1059577465057373,-0.4063512980937958,0.11356578767299652,-1.5435237884521484
-1.0080021619796753,0.4728532135486603,-0.07994363456964493,0.5521361827850342,-0.5854731798171997,-0.5349351167678833,-0.25731542706489563,-1.877618432044983,-2.6426150798797607,-3.440732717514038,0.5476796627044678,-1.3644685745239258,-1.4111912250518799,-1.7724539041519165
-0.845109224319458,0.41308557987213135,-0.0891074389219284,0.5670391321182251,-0.378989577293396,-0.5409618020057678,-0.4921320080757141,-2.0608296394348145,-2.5213687419891357,-3.7754909992218018,16.11809539794922,-1.7399351596832275,-1.5489259958267212,-1.7724539041519165
-0.8531959652900696,0.49991926550865173,0.04645559936761856,-0.47454628348350525,0.6009328961372375,0.5144301056861877,0.3860662877559662,-2.501345157623291,-3.026628017425537,-4.138750076293945,0.5632628202438354,1.0090625286102295,0.7606175541877747,-1.7724539041519165
-1.016340970993042,0.5942357182502747,-0.11780437082052231,-0.053439803421497345,0.5908396244049072,0.6741229295730591,0.44001248478889465,-2.9398868083953857,-4.513428688049316,-5.643614292144775,1.1256409883499146,-1.664016604423523,-1.2236111164093018,-1.7724539041519165
-1.0748307704925537,0.6082552671432495,-0.12130489945411682,0.15137477219104767,0.9357506632804871,-0.1831703782081604,0.2605857849121094,-4.117324352264404,-14.040885925292969,-2.9434142112731934,1.1143606901168823,-1.2163898944854736,-0.7020307779312134,-1.3554059267044067
-1.0192301273345947,0.691223680973053,-0.060808517038822174,0.5194209814071655,-0.4315698444843292,-0.7317728996276855,-0.09196614474058151,-2.6677768230438232,-5.027914524078369,-5.891304969787598,0.18952833116054535,-1.311010718345642,-0.5908179879188538,-1.7724539041519165
-1.0508651733398438,0.6703181862831116,-0.05208546295762062,0.08764518052339554,0.4990121126174927,0.5787518620491028,0.6390238404273987,-2.619074821472168,-4.822331428527832,-5.581718921661377,-1.0521245002746582,-0.444678395986557,0.1798265427350998,-1.7724539041519165
-1.0232621431350708,0.517272412776947,-0.016759566962718964,0.8356577754020691,0.39767125248908997,0.18175412714481354,-0.33241406083106995,-2.756208896636963,-3.112769842147827,-4.466848850250244,0.13472259044647217,-0.6139275431632996,-0.22276413440704346,-1.7724539041519165
-1.0783193111419678,0.61104816198349,-0.0013177479850128293,-0.21496598422527313,0.8619348406791687,0.37809130549430847,0.2605857849121094,-5.755570888519287,-3.4336814880371094,-4.794594764709473,1.7117167711257935,1.5639299154281616,1.480520248413086,-1.7724539041519165
-1.0241926908493042,0.6006951332092285,0.021218160167336464,0.8028736114501953,0.11479856818914413,-0.575271487236023,-0.10619759559631348,-2.8593509197235107,-3.3664283752441406,-4.259248733520508,-0.5078035593032837,0.7819640040397644,0.9522594809532166,-1.4075430631637573
-0.9428027868270874,0.6424872279167175,-0.0380597747862339,0.6182771921157837,0.7088929414749146,0.32363006472587585,-0.10231173038482666,-2.583991765975952,-3.0452492237091064,-7.079349994659424,-0.6488728523254395,-1.1409025192260742,-0.6260289549827576,-1.7724539041519165
-0.8820878267288208,0.517159640789032,-0.05896572023630142,-0.48408380150794983,0.2929454743862152,0.47799763083457947,0.6718363761901855,-1.2642475366592407,-2.626922130584717,-5.012092113494873,-0.7544592618942261,-1.5670316219329834,-1.0397673845291138,-1.7724539041519165
-0.8432902693748474,0.6709330081939697,-0.08978810906410217,0.5749546885490417,-0.18282821774482727,-0.7948476076126099,-0.06494757533073425,-2.8152167797088623,-3.1901445388793945,-3.918616533279419,-0.5385914444923401,0.536861777305603,1.1031091213226318,-0.2871865928173065
-0.8022273182868958,0.5255002379417419,-0.08420643955469131,0.9182482957839966,-0.2643093764781952,0.14138872921466827,0.25878530740737915,-1.8862565755844116,-2.0737152099609375,-3.871845245361328,-0.761843740940094,1.0069695711135864,1.5078763961791992,-1.6929316520690918
-0.9354112148284912,0.5559589862823486,-0.027269825339317322,0.9390451312065125,0.21693864464759827,0.2584253251552582,0.06594087183475494,-1.828660011291504,-2.7639944553375244,-4.247167110443115,-0.8562199473381042,1.7724539041519165,1.7724539041519165,-1.7724539041519165
-0.9264318346977234,0.5621727108955383,-0.0065157474018633366,-0.3490605354309082,0.8493580222129822,-0.21496598422527313,-0.3324715197086334,-2.9448537826538086,-4.264082908630371,-5.253500461578369,-1.2005772590637207,0.03475397080183029,0.36839234828948975,-0.07645881921052933
-0.8870828747749329,0.6154133081436157,-0.03215595334768295,0.7075682282447815,-0.28977251052856445,-0.32730603218078613,-0.5552025437355042,-2.8148152828216553,-3.159839153289795,-4.579686164855957,-1.4611321687698364,-1.7724539041519165,-1.1316982507705688,-1.7724539041519165
-0.9482842683792114,0.6620648503303528,0.020686224102973938,0.5247945785522461,-0.06083859130740166,-0.8064073920249939,0.2656998634338379,-2.8914661407470703,-4.478329658508301,-4.800152778625488,1.1249507665634155,-0.24388928711414337,0.30352580547332764,-1.7724539041519165
-0.6407848596572876,0.4484855830669403,-0.1780562400817871,0.6395246982574463,-0.6015968322753906,-0.3677879571914673,-0.3063027858734131,-2.5311193466186523,-2.8200886249542236,-3.6201114654541016,5.474195957183838,-1.2377595901489258,-0.9930193424224854,-1.7724539041519165
-0.554034411907196,0.44694310426712036,-0.192228764295578,0.7953131198883057,0.5621607303619385,-0.14470826089382172,0.174676313996315,-3.135328531265259,-4.316818714141846,-5.812216758728027,16.11809539794922,-1.577831506729126,-1.4960198402404785,-1.7724539041519165
-0.7982267141342163,0.7102124691009521,-0.2672266662120819,-0.06914358586072922,0.6529563069343567,0.7528240084648132,0.046078361570835114,-2.0717215538024902,-4.775478363037109,-5.634188652038574,-0.20963546633720398,-0.671830952167511,-0.08903051912784576,-1.7724539041519165
-0.6256324648857117,0.5846968293190002,-0.23768258094787598,0.7851780652999878,-0.2466716468334198,-0.5129073262214661,0.24407917261123657,-2.7110016345977783,-3.1649203300476074,-4.292346954345703,2.0187442302703857,-0.5714753270149231,-0.14739304780960083,-1.7566319704055786
-0.5801770687103271,0.551381528377533,-0.19360439479351044,0.5730574727058411,-0.6205919981002808,-0.5338128805160522,-0.03891677409410477,-2.557347297668457,-3.894352912902832,-4.3193278312683105,1.2725237607955933,-1.312159776687622,-0.7811664342880249,-1.7724539041519165
-0.6007892489433289,0.6433593034744263,-0.21088019013404846,0.264425128698349,0.5224449634552002,0.7861741185188293,0.19763804972171783,-3.3327128887176514,-3.795964002609253,-4.6910858154296875,-0.8278467059135437,0.5875787734985352,0.7145976424217224,-0.7074349522590637
-0.5348405241966248,0.47660884261131287,-0.08441907167434692,0.9295200109481812,-0.31606364250183105,-0.09631901234388351,0.16376511752605438,-2.7477996349334717,-2.8872663974761963,-3.4867916107177734,16.11809539794922,0.34020182490348816,0.013309290632605553,-1.6808770895004272
-0.5857760906219482,0.5469813346862793,-0.039713211357593536,-0.029815934598445892,0.6087202429771423,0.7426548600196838,-0.2775508165359497,-2.4360811710357666,-4.123392105102539,-4.574398040771484,0.23547081649303436,0.5553346872329712,0.8015387654304504,-1.5707064867019653
-0.7927467226982117,0.6133851408958435,-0.08593332767486572,0.619479238986969,-0.2377525418996811,-0.7248104810714722,-0.18538860976696014,-2.562837839126587,-3.2018423080444336,-4.086519241333008,0.10166244953870773,-1.0911648273468018,-0.5593386292457581,-1.7724539041519165
-0.5502683520317078,0.5581385493278503,-0.11952278017997742,0.8349484801292419,0.3727487623691559,-0.25044500827789307,0.31811434030532837,-2.2558884620666504,-3.3062868118286133,-4.27854061126709,-0.2756863534450531,-0.4646952748298645,-0.35387852787971497,-1.7596687078475952
-0.5414716601371765,0.03805965557694435,-0.42015600204467773,-0.08916595578193665,0.9632841944694519,-0.174875870347023,-0.1831703782081604,-12.789223670959473,-2.87861704826355,-4.119587421417236,2.7725887298583984,-0.5491132140159607,-0.47960519790649414,-1.0637449026107788
-0.4945265054702759,0.09998834133148193,-0.3998590111732483,0.29928505420684814,0.7389518022537231,0.5084202289581299,0.32540363073349,-2.8294625282287598,-3.2547311782836914,-5.734496116638184,-1.7887250185012817,0.8348726034164429,0.6124470233917236,0.11070071905851364
-0.5280396938323975,0.180772066116333,-0.43677106499671936,0.14534904062747955,0.8424650430679321,0.34064313769340515,0.3912653625011444,-3.3790910243988037,-4.469764232635498,-5.657864093780518,-0.20216308534145355,0.895007848739624,0.6494317650794983,-0.0068559967912733555
-0.4784626364707947,0.15796227753162384,-0.4105982780456543,0.8288446068763733,-0.16128526628017426,-0.5352078676223755,0.02358396351337433,-3.0099968910217285,-4.967033863067627,-6.029077529907227,-1.1325260400772095,-0.7472010254859924,-0.858413815498352,-1.1284924745559692
-0.5437864661216736,0.14617814123630524,-0.4164712727069855,0.2840868830680847,0.9475743770599365,0.08225386589765549,-0.12096156924962997,-15.403534889221191,-4.890436172485352,-5.532151222229004,3.567518711090088,-0.5491132140159607,-0.7020307779312134,-1.1455190181732178
-0.5449438095092773,0.25914812088012695,-0.46276041865348816,0.0739593580365181,0.8869907855987549,0.11266706138849258,-0.4416825473308563,-5.827356338500977,-6.48148250579834,-3.4876506328582764,1.0520923137664795,-0.47960519790649414,-0.5908179879188538,-0.8456806540489197
-0.5005678534507751,-0.02690517157316208,-0.37075015902519226,0.8010700941085815,0.019118811935186386,-0.5028505325317383,0.3241335451602936,-2.6694209575653076,-3.1039791107177734,-3.8160274028778076,0.12786297500133514,0.590817928314209,0.4639378786087036,-0.45913705229759216
-0.47588643431663513,-0.028474800288677216,-0.3717942237854004,0.09746046364307404,0.9737657904624939,0.2052890658378601,0.01175055280327797,-13.273087501525879,-3.089003324508667,-5.257072925567627,-0.10204925388097763,-0.8827515840530396,-0.813243567943573,-1.5816476345062256
-0.4608635902404785,0.0023132923524826765,-0.36164724826812744,0.2634119689464569,0.7281306385993958,0.46461257338523865,0.42962202429771423,-3.428439140319824,-3.662658214569092,-4.811724662780762,-0.5138413906097412,1.7724539041519165,1.5816826820373535,1.120673656463623
-0.4787275791168213,0.07110781967639923,-0.36588212847709656,0.5751835703849792,0.24423471093177795,0.656920313835144,0.42186370491981506,-3.5356383323669434,-4.453535556793213,-5.662163257598877,16.11809539794922,-0.35768380761146545,-0.4891127943992615,-1.1083744764328003
-0.4717690348625183,0.1342235803604126,-0.3360216021537781,0.6618746519088745,0.3362729251384735,0.4369962811470032,0.5078155994415283,-2.37672758102417,-3.097823143005371,-6.759559631347656,-0.07659246772527695,0.860075831413269,0.5207620859146118,0.20027104020118713
-0.44860517978668213,0.1271533966064453,-0.3308261036872864,0.3221781849861145,0.611522376537323,0.5711173415184021,0.4427940547466278,-2.571444272994995,-3.5358805656433105,-6.637695789337158,-2.5967772006988525,-1.1737759113311768,-1.1712678670883179,-1.5835740566253662
-0.47462740540504456,-0.024964870885014534,-0.2146349549293518,0.6370211839675903,0.5105736255645752,0.24951739609241486,0.5208259224891663,-1.2759549617767334,-2.4316506385803223,-6.735869884490967,-0.3040343225002289,-0.592734694480896,-0.8148195147514343,-1.3920105695724487
-0.41801711916923523,-0.034019339829683304,-0.2964880168437958,-0.3103528320789337,0.6084457039833069,-0.5619528889656067,-0.4665660560131073,-5.755137920379639,-14.528759002685547,-3.0192739963531494,1.3143208026885986,-0.8827515840530396,-0.8827515840530396,-1.240922212600708
-0.44527989625930786,0.017904367297887802,-0.21423833072185516,0.6937309503555298,0.33529341220855713,0.22453883290290833,0.5965718626976013,-2.4576356410980225,-3.197688341140747,-3.3396670818328857,0.6557540893554688,0.6945388317108154,0.5014951229095459,0.23643586039543152
-0.42405983805656433,0.13657568395137787,-0.26245036721229553,0.374946653842926,0.5891157388687134,0.5510891675949097,0.45679140090942383,-2.34836483001709,-3.4279444217681885,-5.838557243347168,-2.1440680027008057,1.3970423936843872,0.9100252389907837,0.5124421119689941
-0.4311566948890686,0.10448625683784485,-0.28377705812454224,0.6533970236778259,-0.20368768274784088,-0.545953094959259,-0.4832379221916199,-3.1074059009552,-4.092201232910156,-5.814271926879883,-0.37871888279914856,-0.8000986576080322,-0.7983136773109436,-1.161268949508667
-0.49465465545654297,0.14956437051296234,-0.40242335200309753,0.8850075602531433,-0.11963677406311035,-0.4145614206790924,0.17489288747310638,-3.5037193298339844,-4.632760047912598,-7.394640922546387,-0.9748455286026001,-0.8598397970199585,-0.9495137929916382,-1.4768226146697998
-0.4790458381175995,0.13900165259838104,-0.3811981976032257,0.23885536193847656,0.47325026988983154,0.8121262192726135,-0.2437894493341446,-3.4200217723846436,-5.491275787353516,-6.631392955780029,0.23528674244880676,-0.37402740120887756,-0.5745440125465393,-1.0313987731933594
-0.49724358320236206,0.22771713137626648,-0.3775019943714142,0.5846967697143555,0.43145614862442017,0.6119055151939392,0.3123250901699066,-3.28184175491333,-3.7620866298675537,-6.169741630554199,-2.115123748779297,-0.846794605255127,-0.9729063510894775,-1.370771050453186
-0.4614310562610626,0.1684398353099823,-0.3489260673522949,0.44701650738716125,0.3311751186847687,0.8019213676452637,0.2177644819021225,-3.1760284900665283,-3.43430495262146,-7.722161769866943,-2.0943267345428467,-0.6981818079948425,-0.8217566609382629,-1.0724462270736694
-0.4660676121711731,0.2360517531633377,-0.3449292480945587,0.815667986869812,-0.004709857515990734,-0.5742058157920837,0.07036474347114563,-3.3044679164886475,-3.5981369018554688,-5.959554195404053,-1.0268747806549072,1.1761555671691895,0.7682119011878967,0.3513725697994232
-0.48478230834007263,0.27668341994285583,-0.3783140480518341,0.8601067662239075,-0.1487722396850586,-0.482455849647522,-0.07293492555618286,-2.7985947132110596,-4.27099084854126,-5.150496006011963,1.1212717294692993,1.0301928520202637,0.7074509859085083,0.24816523492336273
-0.47560882568359375,0.3130742013454437,-0.3678808808326721,0.4317523241043091,0.5529947876930237,0.491840660572052,0.515635073184967,-2.6240689754486084,-4.7053117752075195,-5.484326362609863,-1.4391436576843262,-1.4454842805862427,-1.710742712020874,-1.7430328130722046
-0.4495851993560791,0.18322202563285828,-0.320567786693573,0.7824843525886536,-0.15378838777542114,-0.5591232180595398,0.2268228679895401,-2.8048596382141113,-4.122247219085693,-5.944204330444336,-1.3524608612060547,1.6826667785644531,1.251717209815979,0.7352855205535889
-0.4456855058670044,0.19675081968307495,-0.3123578429222107,-0.002403606427833438,0.6555338501930237,0.7060761451721191,-0.26781731843948364,-4.1419453620910645,-5.049052715301514,-5.486770153045654,2.4760093688964844,-1.4035923480987549,-1.3797121047973633,-1.4130823612213135
-0.4282756447792053,0.15590506792068481,-0.2525438070297241,0.5177851915359497,0.6097054481506348,0.33861827850341797,0.4954749345779419,-3.5318071842193604,-3.9548919200897217,-4.627758979797363,0.09213583171367645,-1.2774014472961426,-1.2246640920639038,-1.7515852451324463
-0.4411710798740387,0.2026049792766571,-0.3052155375480652,0.45625370740890503,0.403727650642395,0.5505662560462952,0.5707129836082458,-3.281951665878296,-3.870713233947754,-4.998583793640137,-1.3213716745376587,1.695806860923767,1.166719675064087,0.7060379981994629
-0.4215867817401886,0.27088120579719543,-0.3562339246273041,0.6936721205711365,0.5451533198356628,0.42847058176994324,0.1950381100177765,-3.234544038772583,-3.434234619140625,-5.735412120819092,-1.5229119062423706,1.2818223237991333,0.7493219375610352,0.4354471266269684
-0.44427749514579773,0.31802213191986084,-0.2916134297847748,0.39470553398132324,0.558322548866272,0.6216781139373779,0.3820991814136505,-3.1539463996887207,-3.793924331665039,-7.2899274826049805,-0.764147937297821,0.7715387344360352,0.35354313254356384,-0.14760607481002808
-0.4350694417953491,0.3000172972679138,-0.2648429870605469,0.4725552499294281,0.37516823410987854,0.7409658432006836,0.2948049306869507,-2.6863491535186768,-3.831851005554199,-6.141244411468506,-1.593597650527954,1.4330271482467651,0.8355234265327454,0.28232142329216003
-0.5250726342201233,0.3167365789413452,-0.42865195870399475,0.37418124079704285,0.8833613395690918,-0.2632523775100708,0.1017807349562645,-4.172357559204102,-4.584392547607422,-5.836902141571045,-0.3126579821109772,-0.925541877746582,-1.0001763105392456,-1.2298060655593872
-0.5244966745376587,0.347860723733902,-0.4167015850543976,0.05875276401638985,0.8834264278411865,0.40850451588630676,-0.2218780815601349,-4.216883182525635,-8.059379577636719,-2.9449286460876465,0.38915154337882996,0.8827515244483948,0.6603259444236755,0.1492377370595932
-0.5226879715919495,0.38711681962013245,-0.4151998460292816,-0.09305017441511154,0.7907774448394775,0.40872979164123535,0.4460411071777344,-3.027505874633789,-3.4606802463531494,-5.080210208892822,-0.7148566246032715,0.6667919754981995,0.37347787618637085,-0.05104270204901695
-0.4999012351036072,0.32331129908561707,-0.3750745952129364,0.558028519153595,0.32531964778900146,0.7049558162689209,0.2929309904575348,-2.946682929992676,-3.580188274383545,-5.442445755004883,-1.0211793184280396,1.7314461469650269,0.9237592816352844,0.21432939171791077
-0.5013942718505859,0.3724133372306824,-0.3849177956581116,0.2594383955001831,0.508180558681488,0.7194589376449585,0.3960089385509491,-3.271439552307129,-4.082408428192139,-4.632380962371826,-1.1027426719665527,-1.281072735786438,-1.344071865081787,-1.7724539041519165
-0.5175635814666748,0.39511582255363464,-0.34842649102211,-0.024153754115104675,0.42412838339805603,0.820698082447052,-0.3820815682411194,-3.2653470039367676,-3.9738121032714844,-4.251236915588379,0.08361607044935226,1.4527170658111572,1.0305352210998535,0.6190711855888367
-0.46545347571372986,0.33951833844184875,-0.33655521273612976,0.8072920441627502,-0.18654237687587738,-0.530630350112915,0.1786419004201889,-3.2217857837677,-4.983834266662598,-6.532517910003662,-0.6091221570968628,1.3204352855682373,0.91754549741745,0.3922177851200104
-0.5392395257949829,0.46205830574035645,-0.37747737765312195,0.8793067932128906,0.24760617315769196,-0.4027104377746582,0.05775029957294464,-3.035125732421875,-4.301835060119629,-5.712344646453857,16.11809539794922,0.8343985080718994,0.4690842032432556,-0.1761026233434677
-0.4477233588695526,0.4026130139827728,-0.28520360589027405,0.01175055280327797,0.8539827466011047,0.05045825615525246,0.5177155137062073,-2.2164297103881836,-10.873296737670898,-2.6549811363220215,-0.9916401505470276,-0.1459668129682541,-0.7298339605331421,-1.240922212600708
-0.5138676762580872,0.43788281083106995,-0.318521648645401,0.6082948446273804,0.06986360251903534,-0.7834491729736328,-0.10631944984197617,-3.1479599475860596,-3.380708932876587,-5.1887359619140625,-1.7100414037704468,1.560979962348938,1.2718864679336548,1.2755085229873657
-0.4748736023902893,0.4601024091243744,-0.2890879213809967,0.7801717519760132,0.3034096360206604,-0.5099985003471375,0.19792979955673218,-2.8839778900146484,-3.9631760120391846,-5.341615200042725,16.11809539794922,1.211479902267456,0.9127227663993835,0.6111189126968384
-0.49246665835380554,0.45501983165740967,-0.317072331905365,0.6368725299835205,-0.5762203931808472,-0.4155534505844116,-0.2994641661643982,-3.2374329566955566,-4.567718505859375,-5.3043365478515625,-0.6455280184745789,-0.9939643740653992,-1.0991874933242798,-0.7273246645927429
-0.5148518085479736,0.490632563829422,-0.3116874396800995,-0.488684743642807,0.7689496874809265,-0.0435461662709713,-0.4098869264125824,-8.795537948608398,-3.0232577323913574,-4.216236591339111,-2.219203472137451,1.6334378719329834,1.7724539041519165,0.6126243472099304
-0.41545626521110535,0.04281335696578026,-0.2569490075111389,-0.15477843582630157,0.6352881789207458,0.7360076308250427,-0.1753433644771576,-2.7359347343444824,-5.6290130615234375,-5.841545104980469,1.05482017993927,-0.9358627200126648,-1.001494288444519,-1.2818092107772827
-0.37927430868148804,-0.028368204832077026,-0.22462740540504456,0.3287273943424225,0.44804146885871887,0.831267237663269,-0.013853700831532478,-2.6999025344848633,-4.506714820861816,-4.667695045471191,-0.8843374848365784,1.4454998970031738,1.027026653289795,0.7584394812583923
-0.319590300321579,0.052072279155254364,-0.20327341556549072,0.9741389751434326,0.18589618802070618,-0.015551650896668434,-0.12749117612838745,-3.2291409969329834,-4.342283725738525,-5.803462505340576,-0.8486267924308777,1.7724539041519165,1.3683174848556519,0.8099495768547058
-0.29660549759864807,0.08583934605121613,-0.07512205094099045,-0.23866182565689087,0.8140748143196106,0.5292713642120361,0.013950194232165813,-2.074317455291748,-2.651777744293213,-5.212175369262695,-1.586720585823059,-0.15937401354312897,-0.8604398965835571,-1.646397590637207
-0.38525906205177307,0.12106023728847504,-0.20020551979541779,-0.1488991677761078,0.6908621191978455,0.6956433057785034,-0.12891438603401184,-3.059269428253174,-5.065877914428711,-5.690117359161377,-1.435159683227539,-1.69166898727417,-1.6651114225387573,-1.5395394563674927
-0.25784313678741455,0.09713215380907059,-0.19884328544139862,0.9849500060081482,0.11504440009593964,-0.0396549217402935,0.12274282425642014,-3.1626358032226562,-4.233537673950195,-6.80140495300293,-1.8328582048416138,1.7724539041519165,1.5362683534622192,0.9672567248344421
-0.4576303958892822,0.26664096117019653,-0.236669659614563,0.5026751756668091,-0.06882794201374054,-0.5146982669830322,-0.6911339163780212,-2.669679641723633,-2.8943848609924316,-3.4496171474456787,-0.06919322162866592,-1.3699487447738647,-1.4302010536193848,-1.7641619443893433
-0.4496478736400604,0.2415517270565033,-0.18439114093780518,0.7090265154838562,0.07427645474672318,0.49536043405532837,0.49636924266815186,-2.3608016967773438,-2.7900028228759766,-3.9356515407562256,0.6389516592025757,0.24772311747074127,-0.06700237840414047,-0.43356212973594666
-0.3432987332344055,0.14722475409507751,-0.19402991235256195,0.6450396776199341,0.631698489189148,0.03163088485598564,0.4288126826286316,-1.5658819675445557,-3.160505771636963,-5.657504081726074,-1.4056669473648071,-0.30322182178497314,-0.7742927074432373,-1.3233038187026978
-0.23622356355190277,0.19927595555782318,-0.19432984292507172,0.07726375758647919,0.9160270094871521,0.39028239250183105,0.051033925265073776,-3.1159043312072754,-4.208899974822998,-5.218557357788086,-1.1948213577270508,1.7724539041519165,1.5520644187927246,1.0199295282363892
-0.38433003425598145,0.36503398418426514,-0.13333217799663544,0.6216976046562195,-0.2282150536775589,-0.7076386213302612,0.24628758430480957,-3.1149935722351074,-3.5361037254333496,-3.936649799346924,1.5315903425216675,-0.028301188722252846,-0.054327789694070816,-0.582931637763977
-0.37351053953170776,0.2928635776042938,-0.17301495373249054,0.5243790745735168,0.48929563164711,0.4413636028766632,0.5392722487449646,-2.6925835609436035,-3.250828504562378,-3.344942331314087,-0.7143691182136536,-0.6187125444412231,-0.8620133399963379,-1.209547758102417
-0.3094651997089386,0.24152551591396332,-0.1961989849805832,0.9915944337844849,0.04525481536984444,0.012672524899244308,-0.12054839730262756,-3.9608616828918457,-4.701628684997559,-6.166598796844482,-1.8142619132995605,1.7446506023406982,1.3633722066879272,0.9328774213790894
-0.27167510986328125,0.3089420199394226,-0.1995612531900406,-0.022799286991357803,0.8161381483078003,0.5771457552909851,-0.01736423932015896,-3.4299726486206055,-3.682343006134033,-5.319320201873779,0.2666427195072174,1.0896888971328735,0.7357463240623474,0.36504483222961426
-0.20561270415782928,0.03234356269240379,-0.20055946707725525,0.9719710350036621,0.10595621913671494,-0.01526569202542305,0.20931434631347656,-3.0881171226501465,-3.821058511734009,-4.659650802612305,-0.5841237902641296,1.6093204021453857,0.9687609076499939,0.397168904542923
-0.19548892974853516,-0.04364039748907089,-0.1947312206029892,0.04259517788887024,0.7657315135002136,0.6415923237800598,0.014150742441415787,-3.4491164684295654,-4.481683254241943,-6.19175910949707,-0.14473749697208405,1.7724539041519165,1.4910500049591064,1.306364893913269
-0.1460224688053131,-0.014367712661623955,-0.1903935670852661,0.9305842518806458,-0.35584330558776855,-0.030386239290237427,-0.08040592074394226,-3.0333738327026367,-3.4522299766540527,-4.653069019317627,-0.1371130794286728,-1.3178346157073975,-1.360360026359558,-1.6418883800506592
-0.18075287342071533,0.055939849466085434,-0.198232039809227,-0.03600122034549713,0.6030653715133667,0.7968783378601074,-0.000964217004366219,-3.057839870452881,-4.311602592468262,-5.735682010650635,-0.7748797535896301,1.7679603099822998,1.6455135345458984,1.3872395753860474
-0.12314298748970032,-0.017395198345184326,-0.19924357533454895,0.011200358159840107,0.44312503933906555,0.8961971998214722,0.018584229052066803,-3.135334014892578,-4.863668918609619,-5.796698093414307,0.6931982636451721,1.4043278694152832,1.0876352787017822,0.7874016165733337
-0.2641042172908783,0.12787196040153503,-0.19709710776805878,0.9897645115852356,0.08972542732954025,-0.055237606167793274,-0.09625133126974106,-3.179166793823242,-4.20918083190918,-5.136678218841553,-0.8099498748779297,1.6304445266723633,1.0400081872940063,0.19300027191638947
-0.14701178669929504,0.08374084532260895,-0.19832415878772736,-0.03730820491909981,0.6276333928108215,0.7775943279266357,-0.00561152258887887,-3.3000426292419434,-4.690039157867432,-6.820416450500488,0.4964207410812378,1.575143575668335,1.2894309759140015,0.9370855689048767
-0.06695982068777084,0.03681512176990509,-0.2061656415462494,0.6767288446426392,0.6971474289894104,-0.20300628244876862,0.12170436978340149,-4.455397605895996,-4.617116928100586,-5.505668640136719,0.8745924830436707,0.628786027431488,0.3990357518196106,0.08827368170022964
-0.0648537278175354,0.013909474946558475,-0.19920794665813446,0.9853120446205139,0.019722068682312965,-0.019286371767520905,-0.16852064430713654,-3.042107105255127,-3.6725893020629883,-7.008145332336426,-1.4918694496154785,0.8400468230247498,0.6491469144821167,0.3259398341178894
-0.05439581349492073,-0.004416448529809713,-0.19953416287899017,0.9881663918495178,0.007361378986388445,0.002436933806166053,-0.15318948030471802,-2.9885411262512207,-4.4586639404296875,-6.002838134765625,-0.4747438430786133,1.5457220077514648,1.3002909421920776,0.8723660111427307
0.01397010125219822,-0.02330959029495716,-0.20071084797382355,0.9700077176094055,0.05138394609093666,-0.0031017325818538666,0.23756082355976105,-3.570561647415161,-4.972803115844727,-6.238273620605469,-0.5649773478507996,-1.6970441341400146,-1.6764777898788452,-1.7321277856826782
-0.049053166061639786,0.009142378345131874,-0.1994577795267105,0.04562247544527054,0.8333278894424438,0.5495766401290894,0.038061849772930145,-3.11330246925354,-4.85355806350708,-7.267613410949707,1.3118897676467896,0.6309157609939575,0.4069533944129944,0.12417101860046387
0.02352944202721119,0.011369047686457634,-0.19846707582473755,0.025004006922245026,0.8995857834815979,0.43555909395217896,-0.02021111734211445,-3.7332258224487305,-3.8860604763031006,-5.167898178100586,0.8861739635467529,1.0873442888259888,0.6727225184440613,0.3114158809185028
-0.09010132402181625,0.05267877131700516,-0.19984254240989685,0.9958595633506775,-0.039371490478515625,-0.007737547159194946,0.08157040178775787,-3.6662206649780273,-4.887674808502197,-6.387240886688232,1.5162343978881836,1.3766165971755981,1.161022424697876,0.7242012619972229
-0.10020288825035095,0.1114119216799736,-0.19621263444423676,0.02336190454661846,0.6077631115913391,0.7932764887809753,0.028118500486016273,-3.7703468799591064,-3.856372594833374,-7.942957878112793,0.20912890136241913,1.510587215423584,1.2132651805877686,0.9502863883972168
-0.10276053845882416,0.15850017964839935,-0.19399790465831757,0.1088365986943245,0.8780683279037476,0.46036210656166077,0.07223141193389893,-3.060314893722534,-4.312646389007568,-5.704741477966309,0.400826632976532,1.1021746397018433,0.8526574373245239,0.5066889524459839
-0.030781138688325882,0.07771454751491547,-0.195999875664711,0.04185311123728752,0.3798145651817322,0.9220899343490601,0.061150431632995605,-3.6690783500671387,-4.269638538360596,-5.871567249298096,0.6384984254837036,1.6209415197372437,1.3627389669418335,1.0354506969451904
0.010680980049073696,0.053724754601716995,-0.19796986877918243,-0.04815501719713211,0.5208005309104919,0.8514477014541626,-0.03853210434317589,-3.68576979637146,-4.919209957122803,-5.630408763885498,0.4921746551990509,1.4777663946151733,1.1010462045669556,0.8124894499778748
-0.03577522933483124,0.13073797523975372,-0.12990345060825348,0.6665410995483398,0.4303798973560333,0.1932951658964157,0.5771768093109131,-2.8104665279388428,-3.6270101070404053,-6.305179119110107,-0.08911506086587906,0.26871877908706665,-0.02055189572274685,-0.2228022813796997
-0.019562292844057083,0.12334010004997253,-0.19578522443771362,0.9948469996452332,-0.08102354407310486,0.01844625733792782,-0.058089811354875565,-3.1899666786193848,-4.303252220153809,-5.989394664764404,0.1404390186071396,1.0039891004562378,0.7637851238250732,0.41801729798316956
-0.21333396434783936,0.16883251070976257,-0.19745516777038574,0.019100118428468704,0.6797658205032349,0.733125627040863,-0.008970322087407112,-3.2051830291748047,-3.61327862739563,-6.44113302230835,-1.1292262077331543,1.6368834972381592,1.3101106882095337,0.8929456472396851
-0.20857754349708557,0.28024575114250183,0.01252504251897335,-0.28422752022743225,0.6785934567451477,0.3845427930355072,0.5575414299964905,-2.267461061477661,-2.7258894443511963,-3.9145145416259766,-0.13965542614459991,-1.6606566905975342,-1.7426908016204834,-1.7707345485687256
-0.20476903021335602,0.3094009459018707,-0.19698040187358856,-0.05982179567217827,0.7077573537826538,0.70167475938797,-0.056155726313591,-3.5782577991485596,-3.766634464263916,-4.962634563446045,-0.8244883418083191,0.6162077784538269,0.3297540545463562,0.06059766933321953
-0.11729378253221512,0.22020673751831055,-0.1973852962255478,0.9823814034461975,-0.05513409897685051,-0.0028521218337118626,0.1785466969013214,-3.4838008880615234,-4.150998592376709,-5.557701110839844,-0.46736228466033936,1.1459834575653076,0.8310468792915344,0.4802573025226593
-0.08249975740909576,0.22739386558532715,-0.08750371634960175,0.7275574803352356,0.04396586865186691,-0.5599681735038757,-0.39390698075294495,-2.4669296741485596,-2.699268102645874,-3.6405348777770996,3.251357078552246,-0.7737019062042236,-0.8782074451446533,-1.100438117980957
-0.04046368971467018,0.15913574397563934,-0.19720616936683655,-0.011927628889679909,0.7659143209457397,0.6426886320114136,-0.013574193231761456,-3.1710031032562256,-3.78181791305542,-7.334339618682861,0.27983370423316956,0.6433990597724915,0.3821898400783539,0.03220229968428612
-0.01882457546889782,0.16852343082427979,-0.19478026032447815,0.9804729223251343,-0.19442617893218994,0.001699086744338274,0.02946934476494789,-2.924712896347046,-4.457897663116455,-5.955418109893799,1.5397430658340454,0.8235374093055725,0.48989906907081604,0.1794242262840271
0.0010711817303672433,0.19431526958942413,-0.19714824855327606,0.9617308974266052,-0.20849016308784485,-0.09773963689804077,0.14850077033042908,-3.985123872756958,-4.876410961151123,-5.735230445861816,0.6793225407600403,-1.4869412183761597,-1.4869412183761597,-1.701075792312622
-0.1080862358212471,0.29683196544647217,-0.1948643922805786,-0.0029045676346868277,0.4478383958339691,0.8940859436988831,-0.006530895829200745,-2.3362112045288086,-5.536844730377197,-6.146450042724609,-0.8285433053970337,0.5403057336807251,0.24425998330116272,-0.06404487043619156
-0.12802983820438385,0.3401627838611603,-0.1933469921350479,0.9861013293266296,-0.08488211780786514,0.0007010909030213952,-0.14282414317131042,-2.921663999557495,-4.445063591003418,-5.130256175994873,-0.038264475762844086,1.370263934135437,1.0676995515823364,0.6709786653518677
-0.07465619593858719,0.3056351840496063,-0.19427436590194702,-0.025894176214933395,0.886451005935669,0.46207424998283386,-0.004630553536117077,-3.8768057823181152,-4.643394470214844,-6.354042053222656,-1.1457240581512451,0.4864380955696106,0.20256999135017395,-0.13080716133117676
-0.040923528373241425,0.2665632367134094,-0.19111157953739166,0.0161980502307415,0.595135509967804,0.8032751083374023,0.017333056777715683,-3.219160556793213,-4.231827259063721,-6.573102951049805,0.027377216145396233,0.8444358110427856,0.5930773615837097,0.3696500360965729
-0.012508997693657875,0.24326635897159576,-0.19649240374565125,0.994205892086029,-0.09213485568761826,-0.016276534646749496,-0.05292356014251709,-2.934870481491089,-4.624112129211426,-6.235031604766846,0.3324243426322937,0.6951594948768616,0.39619556069374084,0.037224575877189636
0.006061290390789509,0.278772234916687,-0.19410096108913422,0.9864258766174316,0.01125845592468977,0.021558668464422226,-0.1623958796262741,-3.54441499710083,-4.689576625823975,-6.70339298248291,-0.8223967552185059,-1.3527216911315918,-1.3357658386230469,-1.4623392820358276
-0.05189717561006546,0.056079402565956116,-0.11271325498819351,-0.03525165840983391,0.9782595038414001,-0.174875870347023,0.10575497150421143,-9.156631469726562,-2.431546211242676,-3.2348759174346924,3.567518711090088,-0.3683924078941345,-0.4379003942012787,-0.7775355577468872
-0.4638080596923828,0.41259175539016724,-0.24354645609855652,-0.46614307165145874,0.6422520279884338,0.5376294851303101,0.2849166989326477,-2.7969164848327637,-3.4280412197113037,-4.238330841064453,1.5846654176712036,0.11516454070806503,-0.0684024840593338,-0.5669045448303223
-0.5128360390663147,0.3598732650279999,-0.2263202667236328,0.4358988404273987,0.7025594711303711,0.39980435371398926,0.3956751525402069,-3.439401149749756,-4.117419242858887,-4.870359897613525,0.3821595013141632,0.6447039246559143,0.5114395022392273,-0.38038572669029236
-0.44071704149246216,0.43078604340553284,-0.23512253165245056,0.8110976815223694,-0.01643681898713112,-0.5430227518081665,0.21674102544784546,-2.754373550415039,-3.747936964035034,-4.534848213195801,-0.6377613544464111,1.2117412090301514,1.0020591020584106,0.8387203216552734
-0.43041324615478516,0.4021252393722534,-0.23502476513385773,0.8585962057113647,-0.15226823091506958,-0.40580546855926514,0.2737679183483124,-3.407435894012451,-3.902724504470825,-4.597692489624023,-0.9225279092788696,-1.003021240234375,-1.1461181640625,-1.5309685468673706
-0.4660246670246124,0.5115265250205994,-0.23270058631896973,0.8601769804954529,-0.026579244062304497,-0.3683750629425049,0.3516943156719208,-2.9581000804901123,-3.4103291034698486,-4.291721343994141,-1.2301048040390015,0.33238449692726135,0.622187614440918,-0.718997597694397
-0.5052068829536438,0.4705336093902588,-0.2094368189573288,0.12925608456134796,0.8804274201393127,-0.3490605354309082,-0.29376381635665894,-4.166330337524414,-6.994299411773682,-3.1605305671691895,0.7465723752975464,-0.6325227618217468,-0.29888439178466797,-1.7724539041519165
-0.44400057196617126,0.4436649978160858,-0.18658509850502014,0.7856709957122803,0.12107718735933304,-0.5925046801567078,-0.13038259744644165,-2.712467908859253,-3.493025064468384,-5.120995998382568,-0.921574592590332,1.7724539041519165,1.7724539041519165,1.6855071783065796
-0.43267738819122314,0.39620012044906616,-0.18987727165222168,0.6027971506118774,-0.10521011054515839,-0.70231693983078,-0.363754540681839,-2.8529975414276123,-2.9741599559783936,-4.765263080596924,-1.029947280883789,0.7056239247322083,0.4134558439254761,0.0676935538649559
-0.4661844074726105,0.4837307929992676,-0.18177080154418945,0.7072376608848572,-0.23145560920238495,-0.6323288679122925,-0.21541456878185272,-3.235490322113037,-3.768322467803955,-4.078913688659668,-0.8985978364944458,1.7724539041519165,1.2717747688293457,1.4260965585708618
-0.5339363217353821,0.4810183346271515,-0.1720784306526184,-0.32995498180389404,0.6801783442497253,0.31915169954299927,0.571514904499054,-2.851111888885498,-3.8180904388427734,-5.680717945098877,1.917795181274414,-1.7182188034057617,-1.221801996231079,-1.7724539041519165
-0.4100436568260193,0.3980497419834137,-0.1974327266216278,-0.02502705715596676,0.562086820602417,0.8219246864318848,-0.0887235701084137,-3.3620355129241943,-5.31886100769043,-5.740291118621826,0.5499458909034729,1.3756802082061768,1.0663689374923706,0.6728202104568481
-0.2939309775829315,0.37743645906448364,-0.19329795241355896,-0.016266491264104843,0.8615155220031738,0.5073035359382629,-0.013019257225096226,-3.509756565093994,-3.7895395755767822,-4.580074787139893,0.9777573347091675,1.028228521347046,0.743413507938385,0.3620944321155548
-0.342341810464859,0.3437023162841797,-0.1350296586751938,0.7144409418106079,0.12422868609428406,-0.629259467124939,-0.2795959413051605,-2.369819164276123,-3.0230588912963867,-6.488266468048096,-0.011008351109921932,1.2286874055862427,0.7997429370880127,0.5451344847679138
-0.3554508686065674,0.46164050698280334,-0.1635952740907669,0.891999363899231,0.4116891026496887,-0.18336723744869232,0.035009339451789856,-3.377988576889038,-3.8401451110839844,-4.3113322257995605,1.8896418809890747,1.3024544715881348,1.0777992010116577,1.0627262592315674
-0.34408867359161377,0.43138912320137024,-0.16531074047088623,-0.453782320022583,0.7058115005493164,0.4162198007106781,0.350246787071228,-3.0250661373138428,-3.5360283851623535,-5.7350616455078125,0.8095051050186157,-0.06005033850669861,-0.5020621418952942,-0.7944908738136292
-0.23656663298606873,0.43573707342147827,-0.17978136241436005,0.9632607102394104,0.13356660306453705,-0.11001642793416977,0.2053903341293335,-3.5374491214752197,-4.0499587059021,-5.0488152503967285,-0.022876016795635223,1.6763783693313599,1.3925739526748657,1.1901272535324097
-0.30795642733573914,0.45495662093162537,-0.10977980494499207,-0.3639093041419983,0.28163668513298035,0.4996963143348694,0.7338626384735107,-3.075378656387329,-3.4404914379119873,-4.0285539627075195,2.1370248794555664,1.7724539041519165,1.766059160232544,1.6436614990234375
-0.28005000948905945,0.46314510703086853,-0.16606998443603516,0.8022351861000061,0.5905786156654358,0.05496908351778984,-0.06792677938938141,-3.8567843437194824,-4.928806304931641,-5.087200164794922,-0.902242124080658,-0.6193112730979919,-0.8251157402992249,-0.9897151589393616
-0.2698393166065216,0.444158136844635,-0.16284950077533722,0.8612589836120605,0.44388237595558167,-0.24553833901882172,-0.030203986912965775,-3.294241189956665,-4.002429962158203,-5.72733211517334,1.2014553546905518,0.6741309762001038,0.3546393811702728,0.050778113305568695
-0.45736825466156006,0.3776625990867615,-0.12653090059757233,-0.0739593580365181,0.9039065837860107,-0.3172649145126343,-0.27717480063438416,-8.261120796203613,-3.299389600753784,-3.2943522930145264,4.840242385864258,0.5074083209037781,0.39619556069374084,-1.0364868640899658
-0.41300177574157715,0.46984055638313293,-0.1332094371318817,0.05875276401638985,0.8121017217636108,0.5799243450164795,0.026957150548696518,-13.858057975769043,-3.089003324508667,-4.022938251495361,-0.133531391620636,1.7724539041519165,1.0634722709655762,-1.4726154804229736
-0.47741350531578064,0.5572684407234192,-0.07098358124494553,-0.08934907615184784,0.6219683289527893,0.7573239207267761,-0.1778554618358612,-2.6321678161621094,-3.2732131481170654,-3.80397367477417,-0.5414751172065735,1.7637404203414917,1.7496649026870728,0.057560913264751434
-0.37518206238746643,0.4595150053501129,-0.09444153308868408,0.6625975370407104,-0.4301084578037262,-0.4323921203613281,-0.4347507953643799,-3.233769416809082,-3.5237514972686768,-5.232147216796875,1.4561963081359863,1.7724539041519165,1.5469290018081665,0.39089664816856384
-0.3140524923801422,0.43386921286582947,-0.11903437972068787,-0.39468032121658325,0.8785935044288635,0.2536737024784088,-0.08916595578193665,-11.916394233703613,-3.7319090366363525,-3.3472180366516113,0.95225590467453,1.522225022315979,0.9939643144607544,0.7715387344360352
-0.27917107939720154,0.45891669392585754,-0.107524074614048,0.6686778664588928,-0.5886918902397156,-0.21021132171154022,-0.4026449918746948,-3.590163469314575,-3.6160800457000732,-5.186198711395264,1.2622497081756592,1.6832093000411987,1.4875277280807495,-0.006950825918465853
-0.2667747139930725,0.4116442799568176,-0.022201159968972206,0.9668858051300049,-0.2550489902496338,-0.008890132419764996,-0.0016684405272826552,-2.1184914112091064,-3.9634017944335938,-6.062073707580566,-0.08430063724517822,1.7724539041519165,1.7724539041519165,1.724421739578247
-0.47123974561691284,0.5924086570739746,-0.08531393110752106,0.6318070888519287,0.5380875468254089,0.4083787798881531,0.38014259934425354,-2.793731451034546,-3.306476593017578,-4.491888999938965,-1.240081548690796,-1.0614675283432007,-0.28880107402801514,-1.1850782632827759
-0.4141353368759155,0.5459972620010376,-0.0981653481721878,-0.0034560449421405792,0.992011547088623,-0.08916595578193665,-0.08916595578193665,-11.916394233703613,-2.721057891845703,-4.649703502655029,-1.8718022108078003,1.7724539041519165,1.7724539041519165,1.7724539041519165
-0.49943050742149353,0.6212558150291443,-0.10222527384757996,0.5448583960533142,0.7636884450912476,-0.18691322207450867,0.29150086641311646,-2.664033889770508,-3.4249563217163086,-3.87947678565979,1.1212750673294067,0.41879910230636597,0.5641813278198242,-1.7572461366653442
-0.43095895648002625,0.6230567097663879,-0.06996408104896545,-0.013909571804106236,0.6569570899009705,0.670874834060669,-0.34371623396873474,-3.050971269607544,-3.6778128147125244,-5.034825801849365,-1.0171600580215454,1.303292989730835,1.7470937967300415,1.1283869743347168
-0.41456183791160583,0.7164849638938904,-0.11937124282121658,0.4714391231536865,0.7965970039367676,0.3260799050331116,-0.19196422398090363,-2.6863975524902344,-3.6548595428466797,-4.814237117767334,-0.5905166268348694,1.560289978981018,1.682129144668579,-0.826598048210144
-0.37615838646888733,0.6115255355834961,0.12571269273757935,0.8791480660438538,-0.10747265070676804,-0.443485826253891,-0.1373630315065384,-2.3697354793548584,-3.943552017211914,-4.438384056091309,0.472113698720932,1.2169245481491089,1.3967362642288208,-0.9912914037704468
-0.36340653896331787,0.6339935660362244,-0.13119734823703766,-0.3201942443847656,0.20849162340164185,0.2984962463378906,0.8745895624160767,-3.2150940895080566,-3.5681886672973633,-5.324413776397705,0.6959997415542603,0.9695026278495789,1.3709783554077148,-1.3428151607513428
-0.40869849920272827,0.579496443271637,-0.016955895349383354,0.5208479166030884,0.4276864528656006,0.389952152967453,0.6274863481521606,-3.272732734680176,-3.7400102615356445,-5.798161029815674,0.2471938282251358,-0.9781710505485535,-0.30038851499557495,-1.7581647634506226
-0.2110164910554886,0.38545992970466614,-0.20889002084732056,0.947719931602478,-0.06160804629325867,0.2883031368255615,0.1221173107624054,-2.652247428894043,-3.5853400230407715,-3.7325689792633057,-0.2924844026565552,0.2578536570072174,-0.14434900879859924,-0.5466191172599792
-0.22673293948173523,0.3626342713832855,-0.19614753127098083,0.9711902737617493,0.04966271296143532,-0.0008230728562921286,-0.23307162523269653,-3.1615984439849854,-4.553468704223633,-5.43922758102417,0.9210155010223389,1.3840980529785156,1.069880723953247,0.7784326672554016
-0.22844894230365753,0.369229257106781,-0.19228391349315643,0.029120231047272682,0.43600454926490784,0.8745774626731873,0.21015796065330505,-4.318729400634766,-4.884805679321289,-5.913497447967529,-1.7421464920043945,-1.3069359064102173,-1.5143322944641113,-1.6622402667999268
-0.20886015892028809,0.3972800672054291,-0.1909174770116806,-0.03449332341551781,0.4831470549106598,0.8258196115493774,0.2887924909591675,-3.912501811981201,-5.641880989074707,-6.586380481719971,-1.322275161743164,1.1279593706130981,0.8152428865432739,0.6370325684547424
-0.15593315660953522,0.3370538055896759,-0.19597093760967255,-0.04508550465106964,0.9148135185241699,0.3964651823043823,0.06244099140167236,-3.675398349761963,-4.364319801330566,-6.37316370010376,-1.4127181768417358,1.1958688497543335,0.8823843002319336,0.4610458016395569
-0.18826185166835785,0.407640278339386,-0.1897931545972824,0.9677862524986267,0.030316023156046867,0.03380117565393448,-0.24764537811279297,-3.638946294784546,-4.721355438232422,-6.618094444274902,-2.5538506507873535,-1.210334062576294,-1.1953837871551514,-1.2675491571426392
-0.23423254489898682,0.4391973614692688,-0.18231362104415894,0.9297406673431396,0.35865917801856995,0.07892786711454391,-0.026763522997498512,-4.011494159698486,-5.0770769119262695,-5.330045700073242,0.6048396229743958,-1.0732239484786987,-1.3403748273849487,-1.7557834386825562
-0.201609805226326,0.4380757212638855,-0.17226701974868774,0.6112342476844788,0.7082675099372864,-0.2072451263666153,-0.28600579500198364,-2.7786002159118652,-3.819375514984131,-5.073318958282471,-1.6822785139083862,1.7724539041519165,1.7724539041519165,1.7724539041519165
-0.1286105215549469,0.4516095519065857,-0.16337619721889496,-0.27183064818382263,0.5217838883399963,0.6940783858299255,0.4148551821708679,-3.9453015327453613,-4.125473976135254,-5.1683454513549805,0.06053362786769867,1.7724539041519165,1.7724539041519165,1.7450705766677856
-0.1873909831047058,0.46329212188720703,-0.13779152929782867,-0.43193280696868896,0.6664022207260132,0.47004467248916626,0.38522738218307495,-3.942683458328247,-5.490242004394531,-8.116780281066895,-1.4105229377746582,-1.1104429960250854,-1.1335904598236084,-1.3453246355056763
-0.17438223958015442,0.46418896317481995,-0.1453692466020584,0.813115656375885,0.5311902165412903,-0.12787584960460663,0.20081740617752075,-3.4439172744750977,-4.406825542449951,-5.862170219421387,-0.1337634027004242,1.7724539041519165,1.7724539041519165,1.3610702753067017
-0.17571385204792023,0.4261777997016907,-0.1370103508234024,0.6071878671646118,0.22652481496334076,-0.738625705242157,0.1855841875076294,-3.0876073837280273,-3.7717928886413574,-4.479547023773193,0.30365121364593506,1.0234960317611694,0.5623970031738281,0.14644280076026917
-0.228729248046875,0.45807114243507385,-0.11320033669471741,0.5890543460845947,0.8077925443649292,0.013089693151414394,-0.017744727432727814,-3.6456661224365234,-4.151287078857422,-5.826534271240234,-0.017269030213356018,0.1914067417383194,-0.6425511240959167,-1.7634284496307373
-0.17720100283622742,0.4657769203186035,-0.1151256263256073,0.6205790638923645,0.7547812461853027,-0.11229434609413147,0.18049068748950958,-3.123598098754883,-4.105229377746582,-5.799205303192139,2.824916362762451,1.7724539041519165,1.7349227666854858,1.3433454036712646
-0.01604483649134636,0.33592525124549866,-0.19167037308216095,0.9501749277114868,0.01825925149023533,0.02046642266213894,-0.310508131980896,-3.589221239089966,-4.252989768981934,-5.95123815536499,2.4704864025115967,1.1280672550201416,0.836546003818512,0.5197417140007019
-0.055995725095272064,0.3665923774242401,-0.1860504299402237,0.3697968125343323,0.8364391326904297,-0.4002099931240082,0.05875276401638985,-14.922736167907715,-3.5325863361358643,-2.5792784690856934,-0.7646061182022095,-0.6325227618217468,-0.8827515840530396,-1.3971107006072998
-0.00023345282534137368,0.3876411020755768,-0.15308867394924164,-0.30335110425949097,0.7793639302253723,0.4152083992958069,0.3580111265182495,-3.033006429672241,-3.9753711223602295,-5.48259162902832,5.842935085296631,0.5667978525161743,0.10502636432647705,-0.20352953672409058
-0.020519495010375977,0.3963177502155304,-0.18980716168880463,-0.4934505820274353,0.7454138398170471,0.4293367862701416,0.12858721613883972,-3.1811254024505615,-3.748749256134033,-4.921891689300537,-0.24064387381076813,-0.9724550843238831,-1.0845891237258911,-1.462982177734375
-0.07986985146999359,0.44186168909072876,-0.18049195408821106,0.9791575074195862,0.13979385793209076,0.11976180225610733,-0.08582139015197754,-3.892256259918213,-5.120959281921387,-5.615041255950928,-0.19196364283561707,1.7724539041519165,1.716343879699707,1.5102595090866089
-0.04441503435373306,0.45940881967544556,-0.13968534767627716,0.8255026340484619,0.4511048495769501,-0.24405354261398315,0.23555827140808105,-3.8529434204101562,-5.392971515655518,-7.280815601348877,-0.6959585547447205,1.7724539041519165,1.5430570840835571,1.3079121112823486
-0.06387913227081299,0.39986342191696167,-0.13345642387866974,0.9860098958015442,0.0036458566319197416,0.047061219811439514,-0.15986396372318268,-2.449761152267456,-3.4759209156036377,-3.522671937942505,-0.040852975100278854,1.7724539041519165,1.771608829498291,1.772172212600708
-0.10501528531312943,0.4225309193134308,-0.12591961026191711,0.9404416084289551,0.18620161712169647,0.26896294951438904,0.092506542801857,-2.8820154666900635,-3.6800241470336914,-6.129539966583252,0.623297929763794,0.9325287938117981,0.7089510560035706,0.9967080950737
-0.0891028642654419,0.44907593727111816,-0.1002129539847374,0.8280385732650757,-0.22062209248542786,-0.31949135661125183,-0.4044790267944336,-3.668890953063965,-3.9086053371429443,-4.310681343078613,2.2846856117248535,1.7724539041519165,1.7387129068374634,1.728285789489746
-0.04806023836135864,0.4234148859977722,-0.1907242387533188,0.9536752700805664,0.02507534623146057,0.03182237967848778,-0.2980973422527313,-3.880993127822876,-4.325211524963379,-6.152477264404297,-2.396066427230835,1.5196343660354614,1.1511629819869995,0.6493310332298279
-0.04029645770788193,0.4232465624809265,-0.20544980466365814,0.49559682607650757,0.8308133482933044,-0.174875870347023,0.1831703782081604,-2.0007410049438477,-1.7102065086364746,-15.114761352539062,-2.1335086822509766,-0.7715387940406799,-1.5083235502243042,-1.619536280632019
-0.04298536479473114,0.44200873374938965,-0.17942604422569275,0.8067614436149597,0.5138817429542542,0.10750427842140198,-0.2711167633533478,-4.1332621574401855,-5.563870906829834,-6.052128791809082,0.5819075107574463,1.7534371614456177,1.5098298788070679,1.4176336526870728
-0.011641096323728561,0.4460907280445099,-0.1721079796552658,0.8541964888572693,0.4698392450809479,0.13210217654705048,-0.17929986119270325,-3.8338968753814697,-4.804579257965088,-6.258848190307617,-0.11073904484510422,1.7724539041519165,1.7523589134216309,1.7202068567276
-0.023580772802233696,0.4277719557285309,-0.14252230525016785,-0.36185550689697266,0.5920201539993286,0.5572140216827393,0.4561636447906494,-3.3054590225219727,-3.605376958847046,-5.279391288757324,16.11809539794922,0.5218087434768677,0.16666384041309357,-0.10376317799091339
-0.04727916792035103,0.45130372047424316,-0.16286815702915192,0.8346505165100098,0.5437312722206116,-0.05686669051647186,0.06693994998931885,-3.6670961380004883,-5.746639728546143,-6.254396438598633,0.5531293153762817,-1.3971107006072998,-1.482702374458313,-1.6358075141906738
-0.20171047747135162,0.37403449416160583,-0.08578510582447052,-0.3852565288543701,0.7398422360420227,0.5327414274215698,0.14281974732875824,-3.2068490982055664,-3.2499399185180664,-4.631154537200928,1.3435006141662598,-0.036127474159002304,-0.3144501745700836,-0.8616484999656677
-0.20801368355751038,0.43036285042762756,-0.07375895231962204,0.6940491795539856,0.7193663716316223,-0.008178628981113434,0.027219679206609726,-2.7901124954223633,-3.81561541557312,-4.593332290649414,16.11809539794922,1.7724539041519165,1.2176090478897095,0.28067341446876526
-0.229317307472229,0.4503176212310791,-0.06605937331914902,0.5922884941101074,0.7918770909309387,0.12792152166366577,-0.07590187340974808,-3.26640248298645,-4.80077600479126,-7.306490421295166,3.994349718093872,1.4394875764846802,0.7474543452262878,-0.15131890773773193
-0.19766117632389069,0.45614567399024963,-0.08987373113632202,0.7369102835655212,-0.4507282078266144,-0.3523252010345459,-0.36010313034057617,-3.7081196308135986,-4.533933162689209,-7.585368633270264,-1.0956625938415527,-0.04584941267967224,-0.7983397245407104,-1.4627041816711426
-0.21756716072559357,0.4427797198295593,-0.0502382256090641,0.48767387866973877,0.8729541897773743,-0.0053215730004012585,0.009842416271567345,-2.4472789764404297,-4.415526866912842,-6.085547924041748,0.6005175709724426,1.7724539041519165,1.7724539041519165,1.1147236824035645
-0.15186211466789246,0.4736643135547638,-0.12343139946460724,0.7955300807952881,0.5901236534118652,0.13672111928462982,0.0139049356803298,-4.360281467437744,-6.290151119232178,-8.355942726135254,-0.07938595861196518,-1.0212035179138184,-1.0146281719207764,-1.234987735748291
-0.08676817268133163,0.4631195664405823,-0.07754439860582352,0.5508174896240234,0.833869993686676,0.033273983746767044,0.012397503480315208,-2.680121898651123,-3.8969388008117676,-5.533442497253418,16.11809539794922,1.7724539041519165,1.764970064163208,0.7702092528343201
-0.22868770360946655,0.34888795018196106,-0.0044016726315021515,0.24537917971611023,0.9455999135971069,-0.09746046364307404,-0.19008246064186096,-4.750903129577637,-5.25530481338501,-3.5354385375976562,2.0149030685424805,1.522225022315979,1.5639299154281616,1.7724539041519165
-0.1164330244064331,0.38657665252685547,-0.127953439950943,0.9248560667037964,0.2686905562877655,0.2651006877422333,0.0465647354722023,-3.0697152614593506,-3.411036968231201,-5.174293041229248,16.11809539794922,-0.5905009508132935,-0.8477333784103394,-1.1945337057113647
-0.11486799269914627,0.3949194550514221,-0.08964137732982635,-0.09746046364307404,-0.22879016399383545,0.05875276401638985,0.9668012261390686,-2.7994182109832764,-11.334650039672852,-4.069984436035156,5.537334442138672,0.07645876705646515,-0.2293764054775238,-0.3683924078941345
-0.09986499696969986,0.4228748381137848,-0.12174887955188751,-0.34788399934768677,0.7544466853141785,0.5479020476341248,0.09792996942996979,-3.2799839973449707,-3.520111322402954,-5.028903007507324,1.691921591758728,0.7298339009284973,0.43332335352897644,0.2127172350883484
-0.0931612029671669,0.41380685567855835,-0.13084647059440613,-0.4833710491657257,0.7809357047080994,0.3536892831325531,0.17718848586082458,-3.1056625843048096,-3.224398136138916,-4.968016147613525,0.013727756217122078,0.3112066090106964,-0.10122829675674438,-0.7592477202415466
-0.05174491927027702,0.4118138253688812,-0.08019912987947464,0.7302990555763245,0.6488122344017029,-0.13402721285820007,0.16656114161014557,-2.9110031127929688,-3.8332197666168213,-6.374016761779785,2.16268253326416,0.46794912219047546,-0.47960519790649414,-1.256842851638794
-0.03445977717638016,0.4404505491256714,-0.11280141770839691,0.9908576607704163,0.09519363194704056,0.09150269627571106,0.027685493230819702,-2.395785093307495,-4.16376256942749,-4.907097339630127,0.02168973721563816,1.3376867771148682,1.263920545578003,1.1889281272888184
-0.006254310719668865,0.4695598781108856,-0.1152448058128357,-0.34961697459220886,0.5045318603515625,0.6735054850578308,0.41183239221572876,-3.8374950885772705,-4.999834060668945,-8.066696166992188,-1.8848727941513062,-1.127832293510437,-1.1900088787078857,-1.4798591136932373
-0.003010690212249756,0.4586554169654846,-0.07729631662368774,0.4707133173942566,0.8372726440429688,-0.09746046364307404,-0.2605857849121094,-15.209053993225098,-4.016655921936035,-5.041202068328857,2.4107987880706787,1.7724539041519165,1.522225022315979,1.480520248413086
-0.009722583927214146,0.37104836106300354,-0.0461851991713047,0.4994884729385376,0.8581334948539734,0.03122369758784771,0.11464393138885498,-2.134786367416382,-3.5176610946655273,-5.448686599731445,-0.04999165236949921,-0.659385621547699,-0.8200374841690063,-0.913794755935669
0.008462394587695599,0.45398664474487305,-0.06078988313674927,0.529558002948761,0.8476606011390686,0.031902845948934555,0.004699029494076967,-2.518994092941284,-3.8286635875701904,-5.855867862701416,0.6975660920143127,1.7724539041519165,1.7724539041519165,0.46748030185699463
-1.0443761348724365,1.0166000127792358,-0.2899167835712433,0.08169403672218323,0.5009470582008362,0.8482545614242554,0.15113675594329834,-2.2173917293548584,-3.882883310317993,-4.069834232330322,-0.22294318675994873,0.6452897787094116,1.2209547758102417,-1.7724539041519165
-0.9152014851570129,0.7018622756004333,-0.2590506076812744,0.29512643814086914,0.6481469869613647,0.5538240671157837,0.4313754439353943,-1.9107718467712402,-3.7690229415893555,-5.572074890136719,-1.4730192422866821,-0.6609323024749756,-0.13638785481452942,-1.7724539041519165
-0.9233803749084473,0.7828454375267029,-0.32161080837249756,0.4932127296924591,0.5387306213378906,0.5125832557678223,0.4514077603816986,-2.991384267807007,-5.091989040374756,-5.393096446990967,16.11809539794922,0.4504382610321045,0.7914742231369019,-1.7724539041519165
-0.7654064893722534,0.7678928375244141,-0.30920711159706116,0.14308026432991028,0.6934941411018372,0.6780760288238525,0.19699455797672272,-2.2192471027374268,-6.194969177246094,-6.193111419677734,2.7725887298583984,-0.8827515840530396,-0.3683924078941345,-1.7307491302490234
-0.7341488599777222,0.8522857427597046,-0.2915930151939392,0.1458258181810379,0.68462073802948,0.683725118637085,-0.20627464354038239,-3.750967502593994,-4.052633762359619,-5.990565776824951,1.201460361480713,0.6761948466300964,1.2252863645553589,-0.5213099718093872
-0.6319764852523804,0.8053308725357056,-0.2768944203853607,-0.050477370619773865,0.8429560661315918,0.5199877619743347,0.12841282784938812,-2.8811323642730713,-4.825824737548828,-5.382521152496338,16.11809539794922,-0.2540089786052704,0.4078044593334198,-1.7724539041519165
-0.6211863160133362,0.8404889106750488,-0.26871204376220703,-0.1280498504638672,0.8417555093765259,0.5000147223472595,0.15822812914848328,-3.1142873764038086,-4.886648178100586,-5.2889933586120605,4.3895440101623535,0.8915992379188538,1.1575336456298828,-1.240160584449768
-0.9910835027694702,0.7631716132164001,-0.1451941579580307,-0.2702627182006836,0.6928406953811646,-0.63798588514328,-0.19975939393043518,-3.161083459854126,-4.742760181427002,-15.890230178833008,4.139158725738525,-1.1051771640777588,-0.2571796178817749,-1.244193196296692
-1.062054991722107,0.7141578793525696,-0.059276700019836426,-0.42561355233192444,0.5352932810783386,0.3760433793067932,0.6252244114875793,-2.646805763244629,-3.8411483764648438,-4.555579662322998,0.6806875467300415,0.33801791071891785,0.9407331943511963,-0.42226749658584595
-1.0165947675704956,0.7478277683258057,-0.13167336583137512,0.1444626748561859,0.8765115737915039,0.37809130549430847,0.2605857849121094,-15.502906799316406,-5.540051460266113,-3.5354385375976562,-1.2227606773376465,1.2997994422912598,1.4527170658111572,1.522225022315979
-1.0209487676620483,0.7096166610717773,-0.06265349686145782,0.6618604063987732,-0.3153567314147949,-0.6653236150741577,0.14083822071552277,-3.039428234100342,-4.985128879547119,-6.037188529968262,1.360884666442871,-1.1468819379806519,-0.21634264290332794,-1.7724539041519165
-0.9698058366775513,0.7431066036224365,-0.02716822177171707,-0.2898883819580078,0.2962736487388611,0.7647777199745178,0.49325618147850037,-3.0843865871429443,-3.5432441234588623,-5.5923967361450195,0.36699530482292175,-0.9046080112457275,0.01289751660078764,-1.7724539041519165
-0.9089884161949158,0.7526150941848755,-0.04765405133366585,0.6977056860923767,0.6447277665138245,-0.270283043384552,-0.15646086633205414,-2.059852361679077,-2.9914772510528564,-3.944597005844116,-1.3026909828186035,1.302690863609314,1.495414137840271,0.26291951537132263
-0.8586209416389465,0.8257272839546204,-0.08758386969566345,-0.560570478439331,0.6864783763885498,-0.06704726815223694,-0.4582715630531311,-4.509793281555176,-3.2905514240264893,-17.027080535888672,5.537334442138672,0.07645876705646515,0.6603259444236755,-0.3683924078941345
-0.9846615791320801,0.7460626363754272,0.00037023224285803735,0.8394498825073242,0.5144608020782471,0.086697056889534,-0.15211044251918793,-3.032703161239624,-3.5988824367523193,-4.845147609710693,0.13830173015594482,0.41135773062705994,1.1534342765808105,-0.3461785316467285
-0.9488916993141174,0.7773351669311523,-0.038791485130786896,0.05045825615525246,0.9968276023864746,0.03525165840983391,-0.05045825615525246,-4.411842346191406,-9.355659484863281,-2.7298548221588135,-1.773577094078064,-1.7307491302490234,-1.035669207572937,-1.6890443563461304
-0.8033432960510254,1.0260757207870483,-0.10725636780261993,0.48106318712234497,0.8562979698181152,-0.0030128525104373693,-0.18794383108615875,-2.7653660774230957,-3.581700325012207,-5.493020057678223,-0.05313184857368469,1.225435495376587,1.5749194622039795,-1.4077749252319336
-0.9008722305297852,0.9206792712211609,-0.005749905481934547,0.1340218186378479,0.6017348170280457,0.5252184271812439,0.5865995287895203,-2.8278868198394775,-4.723849773406982,-5.113200664520264,0.6308476328849792,-0.5192899107933044,0.14633028209209442,-1.2429001331329346
-0.8364827036857605,0.9578444957733154,-0.05609438195824623,-0.019100802019238472,0.6561270356178284,0.723473072052002,-0.21382036805152893,-3.0718631744384766,-4.143765926361084,-5.751711368560791,16.11809539794922,0.9011767506599426,1.0697267055511475,-1.188530445098877
-0.6314581036567688,0.7322478890419006,-0.1595631241798401,0.5329839587211609,0.1077326163649559,0.39368969202041626,0.7411681413650513,-3.4623918533325195,-4.435868263244629,-5.606937408447266,16.11809539794922,-0.23374506831169128,0.2961043119430542,-1.7724539041519165
-0.6339250802993774,0.7655322551727295,-0.1622420996427536,-0.1444626748561859,0.8934696316719055,0.01175055280327797,-0.42509353160858154,-3.9220871925354004,-4.315639972686768,-16.07845115661621,5.537334442138672,0.5074083209037781,1.021767497062683,-1.7724539041519165
-0.6770980954170227,0.8103834390640259,-0.19604404270648956,0.18178796768188477,0.8011916875839233,0.49974408745765686,0.2744099497795105,-6.770200252532959,-3.589535713195801,-4.310906887054443,5.537334442138672,1.1329803466796875,1.6334378719329834,0.28498274087905884
-0.6386739611625671,0.7720811367034912,-0.19707351922988892,0.705838680267334,-0.566123366355896,-0.30873242020606995,-0.2932240664958954,-3.1514573097229004,-5.300783157348633,-5.91624116897583,0.6911890506744385,-0.6321184039115906,0.3391711413860321,-1.7724539041519165
-0.7512931823730469,1.0250221490859985,-0.25315767526626587,0.10906632989645004,0.6871473789215088,0.6121966242790222,0.3756970763206482,-2.6832048892974854,-4.215267181396484,-4.817389965057373,16.11809539794922,-0.27384185791015625,0.41008877754211426,-1.3253490924835205
-0.6463414430618286,1.0031120777130127,-0.14057037234306335,0.4728967249393463,0.6447116732597351,0.2528853416442871,0.5447610020637512,-2.6557092666625977,-4.7116923332214355,-5.69345235824585,16.11809539794922,-0.49172019958496094,0.2457122802734375,-1.4884477853775024
-0.6394767165184021,1.0254350900650024,-0.1498507857322693,0.2422705888748169,0.7704042196273804,0.4483797252178192,0.38306382298469543,-2.8729982376098633,-4.902339458465576,-6.751803874969482,16.11809539794922,0.17803621292114258,0.6578854322433472,-1.3074824810028076
-0.5799588561058044,0.7348445653915405,-0.07847204059362411,0.339383602142334,0.6976318955421448,-0.24537917971611023,-0.5813067555427551,-4.750903129577637,-3.347500801086426,-12.592607498168945,5.537334442138672,-0.5908179879188538,0.28498274087905884,-1.7724539041519165
-0.5858460664749146,0.758450448513031,-0.03526432439684868,0.026957150548696518,0.9494059085845947,-0.2536737024784088,-0.1831703782081604,-4.555001258850098,-6.764462947845459,-3.9269371032714844,5.537334442138672,0.03475397080183029,0.8410466909408569,0.2571795582771301
-0.6683300137519836,0.8453747630119324,0.001939155743457377,0.7536881566047668,-0.13684888184070587,-0.5600774884223938,0.3154991567134857,-2.7522618770599365,-4.867708683013916,-5.975232124328613,4.810898780822754,-0.24485397338867188,0.3266875445842743,-1.4822372198104858
-0.7192898988723755,0.9803460240364075,-0.11433149874210358,-0.08225386589765549,0.93996262550354,0.16796378791332245,0.28546929359436035,-16.738595962524414,-4.415301322937012,-4.26573371887207,4.139158725738525,0.5491131544113159,0.9939643144607544,-1.7724539041519165
-0.6248940825462341,1.0653194189071655,-0.10724960267543793,0.3816339075565338,0.7360414862632751,0.27384448051452637,0.4874502122402191,-3.4374263286590576,-4.304088115692139,-6.992084503173828,0.6822439432144165,-0.1649818867444992,0.6187142729759216,-1.7724539041519165
-0.5974288582801819,1.1097416877746582,-0.10511095076799393,0.3996979296207428,0.7584527730941772,0.2407451868057251,0.45500847697257996,-3.1025261878967285,-4.879979610443115,-6.224210739135742,16.11809539794922,0.10647144168615341,0.664958655834198,-1.2790260314941406
-0.5929248332977295,1.1153011322021484,-0.08057355880737305,0.5772330164909363,0.6238220930099487,0.16480745375156403,0.5004863142967224,-3.163728713989258,-4.759509563446045,-6.749247074127197,16.11809539794922,-0.248195618391037,0.4379003345966339,-1.027536392211914
-0.5701842308044434,1.1521328687667847,-0.07127822935581207,0.5159283876419067,0.6984649300575256,0.10693900287151337,0.48428162932395935,-3.6451098918914795,-5.081549167633057,-7.345907688140869,16.11809539794922,0.07180146872997284,0.6150929927825928,-1.4388154745101929
-0.588789701461792,1.127882957458496,-0.06289374828338623,0.4845374822616577,0.7335779070854187,0.2827044725418091,0.3836209774017334,-3.53781795501709,-5.895985126495361,-16.274200439453125,0.7465723752975464,0.9105547070503235,1.1746851205825806,-1.7724539041519165
-0.5578131079673767,1.168685793876648,-0.06244692951440811,0.7065557241439819,-0.48283320665359497,-0.5131291151046753,0.06595151871442795,-3.9595823287963867,-4.785815238952637,-8.07622241973877,-0.3327401280403137,1.2902758121490479,1.2522556781768799,-0.8690579533576965
-0.46901729702949524,0.866093635559082,-0.23464679718017578,0.9158123731613159,0.1477929949760437,0.031460363417863846,0.37209567427635193,-3.0207488536834717,-5.053469657897949,-7.423409461975098,16.11809539794922,-0.053274430334568024,0.3322588801383972,-1.7724539041519165
-0.43572181463241577,0.8705785274505615,-0.22661276161670685,0.03525165840983391,0.8990731835365295,-0.4237110912799835,0.1043725535273552,-4.509793281555176,-2.94885516166687,-16.35701560974121,5.537334442138672,1.2580946683883667,1.522225022315979,-0.8410467505455017
-0.42590978741645813,0.8835617899894714,-0.23278529942035675,0.0739593580365181,0.9378477931022644,0.33800119161605835,0.026957150548696518,-2.942577362060547,-4.600387096405029,-17.531511306762695,5.537334442138672,0.07645876705646515,0.47960513830184937,-1.7724539041519165
-0.38481801748275757,0.9225401282310486,-0.2343965768814087,0.9340826272964478,-0.1118079423904419,0.039584703743457794,0.3367812931537628,-3.2338626384735107,-4.437836647033691,-6.566918849945068,16.11809539794922,0.7899500131607056,1.0269505977630615,-1.7724539041519165
0.8321138024330139,0.0071762194857001305,-0.5936797857284546,0.9903789758682251,-0.0311500895768404,0.11558938771486282,0.06941336393356323,-3.6511478424072266,-4.215700626373291,-6.349709510803223,1.069069266319275,1.2162069082260132,1.4119585752487183,-0.031564850360155106
0.7266228199005127,-0.01345720887184143,-0.5212370753288269,-0.3347209692001343,0.41072940826416016,0.8289343118667603,-0.17925167083740234,-2.873105049133301,-3.2943332195281982,-5.297095775604248,-0.8556898236274719,-1.7544324398040771,-1.4838513135910034,-1.7724539041519165
0.7843227386474609,0.06052347645163536,-0.5712283253669739,0.940924346446991,-0.005257904063910246,0.28039228916168213,-0.18977339565753937,-3.852710247039795,-4.299807548522949,-6.606134414672852,2.1067535877227783,-1.5211926698684692,-1.0675363540649414,-1.6269867420196533
0.7999507188796997,0.0497271791100502,-0.5787844061851501,-0.15775875747203827,0.6421951651573181,0.7379670739173889,-0.13454417884349823,-3.235808849334717,-4.01620626449585,-5.96605110168457,0.05456596612930298,-0.2847878634929657,0.6642453074455261,-1.7251408100128174
0.7544561624526978,0.0924772173166275,-0.5456495881080627,0.9238901734352112,-0.07731588184833527,0.36207371950149536,-0.09670493006706238,-3.8783581256866455,-4.385453224182129,-6.765408992767334,-0.56818687915802,1.0936113595962524,1.2174750566482544,-0.12198788672685623
0.7571806311607361,0.13608954846858978,-0.5491605401039124,-0.20662884414196014,0.6188997030258179,0.7313500046730042,-0.19848138093948364,-3.4605565071105957,-4.344056606292725,-5.756313800811768,1.3471624851226807,-1.4956940412521362,-1.244805097579956,-1.7398531436920166
0.786858856678009,0.13643476366996765,-0.5713926553726196,-0.23017258942127228,0.899198591709137,-0.13616816699504852,0.34629568457603455,-16.1810302734375,-5.041744709014893,-3.6333131790161133,0.6406570076942444,-1.1051771640777588,-0.9244563579559326,-1.619536280632019
0.8129285573959351,0.1662507951259613,-0.5835980176925659,-0.12899161875247955,0.6343510150909424,0.7553827166557312,-0.10176894068717957,-2.1956911087036133,-4.078113079071045,-6.430443286895752,1.1840229034423828,0.0865921601653099,0.2673129439353943,-0.9989356398582458
0.8336020708084106,0.11609388887882233,-0.56112140417099,-0.08241888880729675,0.40900900959968567,0.9016628861427307,0.1136787012219429,-2.6675877571105957,-3.3795130252838135,-5.664801120758057,16.11809539794922,-0.21191196143627167,0.32029834389686584,-0.7205401659011841
0.8662338256835938,0.22616036236286163,-0.5619823932647705,-0.07695640623569489,0.5794424414634705,0.8071877360343933,0.0822928324341774,-2.223729133605957,-3.309009075164795,-6.1835808753967285,2.3508450984954834,-0.18266524374485016,0.11408929526805878,-0.8112039566040039
0.7996144890785217,0.20208890736103058,-0.5807316303253174,-0.1463303565979004,0.6779133677482605,0.7051180601119995,-0.14774790406227112,-3.4710395336151123,-4.378332614898682,-5.906912803649902,0.25894561409950256,1.2216005325317383,0.8228800892829895,0.027431009337306023
0.7975488901138306,0.3165799379348755,-0.5728575587272644,-0.18138007819652557,0.41590437293052673,0.8888087272644043,-0.06437282264232635,-3.6958372592926025,-4.047457695007324,-6.1895365715026855,2.2367944717407227,1.1227389574050903,0.9936127066612244,0.3686419725418091
0.8320650458335876,-0.016078952699899673,-0.5996382236480713,-0.09215360134840012,0.5651837587356567,0.81951904296875,-0.021531222388148308,-3.9875502586364746,-4.226661682128906,-7.834623336791992,1.5324149131774902,0.590817928314209,0.7155978083610535,-0.04899013414978981
0.8851407766342163,0.00929166004061699,-0.6052832007408142,-0.03635101765394211,0.6269649863243103,0.7780837416648865,-0.013387279585003853,-2.7473490238189697,-3.558805227279663,-7.216825008392334,0.8183159828186035,0.22877757251262665,0.6484957933425903,-0.7486769556999207
1.0139153003692627,-0.007809849455952644,-0.60518479347229,0.998764157295227,0.027648290619254112,0.004175596404820681,-0.04108927771449089,-2.3776252269744873,-4.151172161102295,-5.646421432495117,0.3414013981819153,0.2658136188983917,0.43565231561660767,-0.3233542740345001
0.8803597092628479,0.10634782910346985,-0.5894492864608765,0.7702585458755493,0.4911951422691345,0.13376058638095856,0.38410577178001404,-3.137322187423706,-4.710967540740967,-5.133812427520752,-0.1739904135465622,-1.410300374031067,-0.8409357070922852,-1.7724539041519165
0.9047043323516846,0.12179040908813477,-0.6045902967453003,-0.012807144783437252,0.7270098924636841,0.6863937377929688,-0.012498319149017334,-3.239656686782837,-3.823812484741211,-7.4762725830078125,0.2924014925956726,0.4821304380893707,0.5819743871688843,-0.2774019241333008
1.077362060546875,-0.02252284064888954,-0.5348808169364929,0.948418140411377,0.01383303478360176,-0.07517210394144058,-0.30767005681991577,-2.4451992511749268,-2.719853639602661,-3.920576333999634,1.8713887929916382,-0.7136937379837036,-0.013378050178289413,-1.327602744102478
1.0507339239120483,0.07078573852777481,-0.6036316752433777,0.9655328989028931,0.0010934716556221247,0.025380250066518784,-0.2590382397174835,-2.766761541366577,-3.173274517059326,-4.672820568084717,1.8104867935180664,0.018383629620075226,0.5019751191139221,-0.8776221871376038
1.0190322399139404,0.08227619528770447,-0.6081957817077637,-0.03525165840983391,0.9894209504127502,0.05875276401638985,-0.12787365913391113,-5.317736625671387,-3.881826639175415,-14.045249938964844,5.537334442138672,-1.2163898944854736,-0.6325227618217468,-1.577831506729126
0.9770039319992065,0.13288547098636627,-0.6036202907562256,0.9703148007392883,0.08511745184659958,-0.036694176495075226,-0.2233780324459076,-3.266047477722168,-4.312625408172607,-7.841704368591309,1.7919306755065918,0.7733786106109619,0.9831746220588684,0.030892377719283104
0.8729557394981384,0.24597585201263428,-0.5967394709587097,-0.04362839460372925,0.685023844242096,0.7270051836967468,-0.01738712191581726,-2.2290596961975098,-4.366644382476807,-7.466043949127197,-0.642320454120636,0.04840201139450073,0.2929441034793854,-0.5800132751464844
0.9310982823371887,0.23295842111110687,-0.5969832539558411,0.992150068283081,0.037638869136571884,-0.015597878955304623,0.11822961270809174,-3.198530435562134,-3.805328130722046,-6.897990703582764,1.9998234510421753,1.0691256523132324,1.0027930736541748,0.15731245279312134
0.9656267762184143,0.22538059949874878,-0.5746670365333557,-0.16028839349746704,0.70126873254776,0.6944718956947327,0.015446281991899014,-2.2023379802703857,-3.0371124744415283,-3.9116151332855225,1.1644737720489502,-0.3522479236125946,0.09721528738737106,-0.8664994239807129
0.7654628157615662,0.26508599519729614,-0.5424478054046631,-0.2161581665277481,0.5685572624206543,0.7734774947166443,-0.1781877875328064,-1.9279742240905762,-3.2822446823120117,-7.2375006675720215,0.18126559257507324,-1.1762254238128662,-0.7715387940406799,-1.7273885011672974
0.9352837800979614,0.26623743772506714,-0.5948690176010132,0.6566571593284607,0.6945069432258606,0.2071344256401062,0.20870272815227509,-3.349482297897339,-5.528925895690918,-5.7183146476745605,1.9015322923660278,0.9365890622138977,0.9258215427398682,0.1459667682647705
0.9337043762207031,0.32208549976348877,-0.5931767225265503,0.9272118210792542,-0.025315364822745323,0.008153384551405907,0.37359192967414856,-3.2559654712677,-3.960176467895508,-7.398492336273193,-0.20923113822937012,0.7897419929504395,0.730913519859314,0.025137456133961678
1.023850679397583,0.1768304705619812,-0.5864045023918152,-0.042163748294115067,0.8740246891975403,0.2840868830680847,0.391915500164032,-10.487286567687988,-3.0941240787506104,-3.016258478164673,1.3862943649291992,-0.07645881921052933,0.2571795582771301,-0.7715387940406799
1.0692603588104248,0.15140949189662933,-0.6045041084289551,0.9456409811973572,0.05976606532931328,0.035501882433891296,0.3176960051059723,-3.1607985496520996,-4.637862682342529,-5.786282539367676,1.1775952577590942,0.7460965514183044,1.0191290378570557,-0.041475798934698105
1.0596340894699097,0.24539200961589813,-0.5934808254241943,-0.017130756750702858,0.4083324372768402,0.9125505089759827,0.014923066832125187,-2.9323537349700928,-4.115556240081787,-5.894505500793457,0.6781418323516846,1.2997994422912598,1.0326238870620728,-0.03615783154964447
1.0241363048553467,0.23473116755485535,-0.5897240042686462,0.014242651872336864,0.6290111541748047,0.7715229392051697,0.09431050717830658,-2.6161577701568604,-4.139957904815674,-6.2283220291137695,-0.5376653671264648,1.1537528038024902,1.1645712852478027,0.345533162355423
1.0338468551635742,0.2798754572868347,-0.5636106729507446,0.4302273094654083,0.5000979900360107,0.4616844654083252,0.5930041670799255,-2.9749748706817627,-4.009021282196045,-4.464385509490967,-0.4056319296360016,1.1098545789718628,0.8094286918640137,0.10027766227722168
1.0832562446594238,0.30218321084976196,-0.5867187976837158,0.9564677476882935,-0.11348838359117508,-0.04416272044181824,-0.26521599292755127,-3.615787982940674,-3.9386565685272217,-5.313016414642334,0.2044636756181717,1.7724539041519165,1.421322226524353,0.33425837755203247
0.884248673915863,0.3695894181728363,-0.5443812608718872,0.55255526304245,0.3582068085670471,0.20401592552661896,0.7243949770927429,-2.7108407020568848,-3.2928593158721924,-3.6115243434906006,16.11809539794922,0.04330270364880562,0.09432601928710938,-0.6147230863571167
0.7696791887283325,0.3842025101184845,-0.555566668510437,-0.23190024495124817,0.6801958084106445,0.6743248701095581,-0.16982924938201904,-3.693842887878418,-4.881073474884033,-5.4019269943237305,-0.24974554777145386,1.3244918584823608,1.273342490196228,0.6071469187736511
0.7639081478118896,0.4460015594959259,-0.5424233078956604,0.9213234186172485,0.2215239554643631,0.23755401372909546,0.2136782854795456,-4.074451923370361,-4.818967819213867,-5.989603042602539,-1.7133855819702148,-1.619536280632019,-1.4937009811401367,-1.7623306512832642
0.813521146774292,0.44548866152763367,-0.566146731376648,0.9216983914375305,0.07747876644134521,0.2255627065896988,-0.30592581629753113,-4.112085342407227,-4.687154293060303,-6.940917015075684,-1.5288418531417847,1.6957337856292725,1.6173064708709717,0.8520634770393372
0.7878545522689819,0.4628130793571472,-0.5489830374717712,-0.354208379983902,0.371460497379303,0.8221363425254822,0.2462628185749054,-4.2088751792907715,-5.219267845153809,-6.032978057861328,-1.1002604961395264,-1.0246692895889282,-0.7684274315834045,-1.516620397567749
0.8650237321853638,0.47125744819641113,-0.5606721043586731,0.8476344347000122,0.512361466884613,0.1288660317659378,-0.048940207809209824,-3.5812737941741943,-4.320281982421875,-5.4619903564453125,-0.35696956515312195,1.5357704162597656,1.5231581926345825,0.9190868139266968
0.8435211181640625,0.33788061141967773,-0.5879255533218384,-0.016980649903416634,0.7319948673248291,0.681098461151123,0.00021186264348216355,-2.80245304107666,-4.7842607498168945,-5.644846439361572,-2.038187265396118,-1.0661953687667847,-0.7868074178695679,-1.3491442203521729
0.8710620403289795,0.3160053789615631,-0.5950825810432434,-0.008774974383413792,0.7208268046379089,0.6929373145103455,-0.013021966442465782,-3.178044557571411,-4.225018501281738,-7.301549911499023,2.53538179397583,0.551157534122467,0.44239792227745056,-0.22283446788787842
0.8761340379714966,0.35909026861190796,-0.5313663482666016,-0.4734213948249817,0.7775526642799377,0.40308600664138794,0.093838632106781,-3.2153713703155518,-3.392864227294922,-6.309210300445557,2.51608943939209,0.48703962564468384,0.40248626470565796,-0.23052017390727997
0.8627006411552429,0.3729953169822693,-0.5925060510635376,-0.08916595578193665,0.9958090782165527,-0.0034560449421405792,-0.02004506066441536,-4.1641411781311035,-4.987639904022217,-12.888032913208008,1.8718022108078003,0.9939643144607544,0.9105547070503235,0.2571795582771301
0.9000751972198486,0.4034765064716339,-0.590745747089386,0.9695848226547241,0.1840507537126541,0.040944669395685196,-0.15605822205543518,-3.2455172538757324,-4.609337329864502,-5.1837663650512695,1.2901896238327026,0.8350875377655029,0.728392481803894,0.002771650208160281
0.8525283932685852,0.3955754339694977,-0.581610381603241,-0.19837696850299835,0.843455970287323,0.2218780815601349,0.44721221923828125,-5.461935997009277,-3.4879753589630127,-12.691226959228516,3.567518711090088,0.5491131544113159,0.590817928314209,-0.2571796178817749
0.9715678095817566,0.3341405391693115,-0.5894359350204468,0.99830561876297,-0.04205060750246048,-0.038196247071027756,0.012595516629517078,-2.6646740436553955,-4.344865798950195,-6.43414831161499,-0.8128323554992676,0.9380841255187988,0.7644167542457581,0.1465144157409668
0.9488971829414368,0.3405363857746124,-0.5572041273117065,0.5799243450164795,0.7814193367958069,0.22879016399383545,0.026957150548696518,-3.4431440830230713,-8.789820671081543,-5.0866546630859375,0.7108467817306519,1.3415043354034424,0.9105547070503235,0.5074083209037781
0.8942470550537109,0.44201019406318665,-0.586529552936554,0.9936332106590271,0.03749112784862518,0.0958394780755043,0.04585094749927521,-3.661041498184204,-4.674918174743652,-6.9263691902160645,1.7585525512695312,0.8483154773712158,0.7998758554458618,-0.01584559492766857
0.8787367343902588,0.47073233127593994,-0.5574782490730286,-0.33277907967567444,0.3737727403640747,0.7324334979057312,0.46162015199661255,-4.369423866271973,-4.436483383178711,-5.404384136199951,-0.5623629689216614,1.7724539041519165,1.7724539041519165,1.7685760259628296
0.9380424618721008,0.461284339427948,-0.560653030872345,0.8514571189880371,0.43534061312675476,0.2819805443286896,-0.07737082988023758,-3.3761684894561768,-4.384964942932129,-4.654367446899414,16.11809539794922,1.2220587730407715,1.2811455726623535,0.25554409623146057
0.8985432386398315,0.4677577018737793,-0.5340810418128967,-0.481905460357666,0.6054816246032715,0.058182571083307266,0.6306931972503662,-3.800257921218872,-4.161925315856934,-5.446682453155518,-0.15994411706924438,1.6716163158416748,1.421678900718689,0.7497100234031677
0.927094578742981,0.48743757605552673,-0.5520514845848083,-0.3444514870643616,0.4491584300994873,0.695149302482605,0.443144828081131,-3.759336233139038,-4.347065448760986,-6.755114555358887,0.8625903725624084,1.7189666032791138,1.5500792264938354,0.9714335203170776
1.041597843170166,0.3554660677909851,-0.5919557213783264,0.028730306774377823,0.9168501496315002,0.3981733024120331,0.004290915559977293,-3.0779361724853516,-3.5919747352600098,-5.976527690887451,0.6369866132736206,1.3368582725524902,1.1502044200897217,0.40416795015335083
1.0284111499786377,0.4030386507511139,-0.5655811429023743,0.6035893559455872,0.6502140760421753,0.42864930629730225,0.1707669049501419,-3.1382060050964355,-3.7539854049682617,-3.9097068309783936,2.221851348876953,0.18972565233707428,0.1597953587770462,-0.44415920972824097
1.061718463897705,0.4034304618835449,-0.5914222002029419,0.9873539209365845,-0.09619776904582977,-0.061915457248687744,0.10974851995706558,-4.4418416023254395,-5.024163246154785,-5.962175369262695,-0.4759131073951721,-0.744469404220581,-0.5931009650230408,-1.1345294713974
1.0960500240325928,0.3861648440361023,-0.5788421034812927,0.4583948254585266,0.5229032039642334,0.49441269040107727,0.5215386152267456,-3.394368886947632,-4.1328864097595215,-5.164246559143066,-0.5098337531089783,1.0091683864593506,0.7754462957382202,-0.11735251545906067
1.0312206745147705,0.40901607275009155,-0.5940418839454651,0.9876054525375366,0.15411214530467987,-0.013352137990295887,0.026582658290863037,-3.1628036499023438,-5.749851226806641,-6.497285842895508,1.5278269052505493,1.1164332628250122,0.9423312544822693,0.16781514883041382
0.986242949962616,0.4723115563392639,-0.5728920102119446,0.8348924517631531,0.4941450357437134,0.13679179549217224,-0.20015810430049896,-3.9131920337677,-4.649072647094727,-5.913388252258301,16.11809539794922,1.306045651435852,1.430066466331482,0.4696522057056427
0.9752160310745239,0.48595213890075684,-0.5443978905677795,0.800687849521637,0.549003541469574,0.23919636011123657,0.01670924760401249,-4.045368671417236,-4.667560577392578,-7.206851482391357,16.11809539794922,1.156907558441162,1.1817961931228638,0.5927711129188538
1.0026583671569824,0.5193509459495544,-0.5396945476531982,0.6757106184959412,0.36180609464645386,0.39145427942276,0.5091906189918518,-3.2602579593658447,-3.7522950172424316,-5.749479293823242,-1.718398928642273,-0.9009402990341187,-0.706398069858551,-1.114795446395874
1.0436099767684937,0.454387903213501,-0.5885316133499146,0.9820367097854614,0.18729229271411896,-0.01623815856873989,-0.016179146245121956,-3.1965577602386475,-4.37928581237793,-5.472960948944092,0.8793011903762817,0.9093687534332275,0.8573105931282043,0.07241150736808777
1.0544942617416382,0.43779003620147705,-0.5675104856491089,0.9880586266517639,0.07722238451242447,0.08289919048547745,0.1044248715043068,-3.1682064533233643,-3.8522119522094727,-6.172904014587402,-0.29528507590293884,0.6035069227218628,0.9947829842567444,-0.45995768904685974
1.0901075601577759,0.4415683448314667,-0.5828019976615906,0.19271224737167358,0.4760059714317322,0.7314331531524658,0.4486488997936249,-3.555647611618042,-4.889801979064941,-5.416836738586426,-0.12804840505123138,0.11527546495199203,0.08835797756910324,-0.8061578273773193
1.0388554334640503,0.47827595472335815,-0.5792075991630554,0.8520668745040894,0.47336632013320923,-0.05905432999134064,0.21545055508613586,-4.043202877044678,-5.074840068817139,-8.176166534423828,0.7836411595344543,1.1206188201904297,1.1654036045074463,0.5565300583839417
1.0359891653060913,0.48897963762283325,-0.5517122149467468,0.748534619808197,0.6328402757644653,-0.08642416447401047,0.17815707623958588,-3.766779661178589,-4.610208034515381,-7.506042957305908,0.451041579246521,0.4379003345966339,0.3424069583415985,0.05047336965799332
1.0891064405441284,0.4708784222602844,-0.5816676616668701,-0.1361617147922516,0.6747231483459473,0.6865876317024231,0.23410695791244507,-4.464414596557617,-4.93093204498291,-6.86579704284668,-0.05178338289260864,1.430173397064209,1.288540005683899,0.5766942501068115
1.0853848457336426,0.4872671663761139,-0.5442138314247131,0.8654688000679016,0.4210246205329895,0.2685619592666626,-0.03970460593700409,-3.6906654834747314,-4.324681282043457,-5.033172607421875,-0.7553998231887817,0.4876613914966583,0.4648154675960541,0.5280137658119202
1.0880086421966553,0.48722630739212036,-0.5524088144302368,0.6950636506080627,0.6125673651695251,-0.2983563244342804,0.22941499948501587,-3.9199750423431396,-5.432732582092285,-6.454845428466797,-0.028240423649549484,0.9323796629905701,0.7418447136878967,0.3815041184425354
1.035629153251648,0.6114978790283203,-0.563305675983429,0.23017258942127228,0.9309902191162109,-0.05875276401638985,0.27717480063438416,-7.134649753570557,-3.5940122604370117,-7.283006191253662,0.8944319486618042,0.2571795582771301,0.3266875445842743,-0.3683924078941345
0.6428259611129761,1.4752280712127686,-0.9010854363441467,0.42519211769104004,0.4499713182449341,0.2759701907634735,0.7352400422096252,-1.6772035360336304,-2.187580108642578,-2.514268159866333,-1.8120182752609253,-1.721292495727539,-1.632922887802124,-1.6890443563461304
0.7563529014587402,1.3255218267440796,-0.9965265989303589,0.19878803193569183,0.7994998097419739,0.5668181777000427,0.0006896417471580207,-3.025496482849121,-3.7889952659606934,-5.3793439865112305,16.11809539794922,-0.6001015305519104,0.020596636459231377,-0.7206305265426636
0.7319361567497253,1.3819005489349365,-1.0258415937423706,0.23416858911514282,0.7834428548812866,0.5706499814987183,-0.07576946169137955,-2.6356611251831055,-3.3501482009887695,-5.927853107452393,16.11809539794922,-0.9863038659095764,-0.39279061555862427,-1.1914228200912476
0.8115422129631042,1.4515800476074219,-1.0633258819580078,0.18258507549762726,0.7731449007987976,0.5636587738990784,-0.22627083957195282,-2.2975680828094482,-4.120630741119385,-5.14218807220459,16.11809539794922,-1.00691819190979,-0.3603275418281555,-1.3970606327056885
0.7920058965682983,0.7110335826873779,-0.6332823038101196,-0.0005694375722669065,0.8707050085067749,0.4794037640094757,0.10974720120429993,-3.719905138015747,-4.576442241668701,-5.789026260375977,16.11809539794922,1.324019193649292,1.3526508808135986,-1.093130350112915
0.8188185095787048,0.7504306435585022,-0.6237569451332092,-0.15912094712257385,0.8267543911933899,0.5395298600196838,-0.008080118335783482,-3.5713987350463867,-4.68211555480957,-7.404449939727783,16.11809539794922,0.00425097206607461,0.5803171396255493,-1.7425504922866821
0.8254678249359131,0.7910000681877136,-0.5979193449020386,-0.44863075017929077,0.7135910987854004,0.5376352071762085,-0.021601323038339615,-3.330861806869507,-4.398255348205566,-6.8613972663879395,1.499216914176941,-0.4888901710510254,0.04693836718797684,-1.3500385284423828
0.8809036612510681,0.7977839112281799,-0.6570082902908325,0.026957150548696518,0.9734634757041931,0.2052890658378601,0.09746046364307404,-5.195167064666748,-17.424253463745117,-3.441358804702759,2.4107987880706787,0.8410466909408569,1.1746851205825806,0.36839234828948975
0.8922706842422485,0.8048402070999146,-0.6540448665618896,0.5986177325248718,-0.2784651815891266,-0.6884667277336121,-0.3002125322818756,-3.623577833175659,-4.828093528747559,-7.055941104888916,16.11809539794922,-0.4366539418697357,0.4808516204357147,-0.9626468420028687
0.8408382534980774,0.8116194605827332,-0.587499737739563,-0.4236010015010834,0.7595969438552856,0.4932704269886017,0.016092488542199135,-3.1171724796295166,-4.337746620178223,-6.148808479309082,16.11809539794922,0.6994468569755554,1.296378493309021,0.39619556069374084
0.8907324075698853,0.8040779829025269,-0.6082214713096619,0.681153416633606,-0.22597835958003998,-0.5894595980644226,-0.3708115220069885,-3.7594923973083496,-4.587600231170654,-5.712363243103027,16.11809539794922,0.003674191888421774,0.6829185485839844,-0.7864872217178345
0.9035570025444031,0.9636223316192627,-0.4491470456123352,0.37271350622177124,0.6967455744743347,0.2751299738883972,0.5476621389389038,-2.5750861167907715,-3.516939401626587,-4.959889888763428,-1.3951606750488281,-0.859072744846344,0.10959567874670029,-1.7325382232666016
0.8938673138618469,0.7851235270500183,-0.5536578893661499,0.7213431596755981,-0.14587640762329102,-0.41749027371406555,-0.532997190952301,-3.749159336090088,-4.549826145172119,-6.59971809387207,16.11809539794922,0.3144644796848297,0.8987120389938354,-0.688234806060791
0.8944023847579956,0.7479036450386047,-0.5203729867935181,0.26345017552375793,0.5612209439277649,0.7820547223091125,0.06336716562509537,-2.758707284927368,-5.08798360824585,-5.580420017242432,0.3315664827823639,-0.4476681649684906,0.19444377720355988,-1.6918351650238037
0.5690895915031433,0.026334794238209724,-0.3427773714065552,0.3123464584350586,0.6522636413574219,0.6645551919937134,0.1880379021167755,-3.6688618659973145,-4.315083026885986,-4.662564754486084,0.09917553514242172,-1.758885145187378,-1.7724539041519165,-1.7724539041519165
0.5505045652389526,0.049779344350099564,-0.3236069977283478,0.20241329073905945,0.6956971883773804,0.6678687930107117,0.17025141417980194,-3.69169545173645,-4.726977348327637,-5.521401882171631,-0.9027795791625977,0.12922605872154236,0.07992124557495117,-0.6839916706085205
0.5564581155776978,-0.027835248038172722,-0.3324156701564789,0.9494115710258484,-0.0503007210791111,-0.06634674966335297,-0.3027963638305664,-3.3354759216308594,-3.5163848400115967,-4.3333940505981445,-1.040257215499878,-0.505919873714447,-0.8761570453643799,-1.0099949836730957
0.5401073098182678,-0.000685265869833529,-0.304487407207489,0.3011995553970337,0.7445065379142761,0.5884553790092468,0.09332240372896194,-3.082496166229248,-4.43679141998291,-5.275238990783691,16.11809539794922,-1.7724539041519165,-1.7724539041519165,-1.7724539041519165
0.5334610939025879,0.014016497880220413,-0.2931104004383087,-0.4762939512729645,0.2879627048969269,0.82538902759552,-0.09462831169366837,-4.237919807434082,-4.899256229400635,-6.1393232345581055,-1.2002742290496826,0.6074807047843933,0.7526841759681702,0.5364461541175842
0.5335626006126404,0.04649867117404938,-0.28718337416648865,0.3558480441570282,0.6516913771629333,0.607119083404541,0.2829786539077759,-3.4299733638763428,-4.739971160888672,-4.954854488372803,1.0182535648345947,-1.7402628660202026,-1.7134369611740112,-1.767088770866394
0.5486357808113098,0.0840413048863411,-0.3120054602622986,-0.08304963260889053,0.668449342250824,0.7248105406761169,-0.1446649730205536,-3.7053792476654053,-4.528775215148926,-6.110888957977295,-0.44734928011894226,-0.08467169851064682,-0.1888119876384735,-0.6902432441711426
0.4929201304912567,-0.007031811401247978,-0.23078887164592743,0.48788121342658997,0.334943562746048,0.23835398256778717,0.7700468301773071,-3.1151936054229736,-3.72623610496521,-4.638226509094238,1.6380988359451294,-1.630661964416504,-1.672818660736084,-1.7724539041519165
0.5377867221832275,0.0901888757944107,-0.293560653924942,-0.4305345118045807,0.38850441575050354,0.32776889204978943,0.7458363771438599,-3.738783836364746,-4.612937927246094,-5.478150844573975,-1.252610206604004,0.3736487329006195,0.19614018499851227,-0.18854768574237823
0.542913556098938,0.14261451363563538,-0.30316591262817383,0.5689144730567932,0.36970099806785583,0.2908697724342346,0.6745756268501282,-4.1227030754089355,-4.518794059753418,-6.077086448669434,-0.9587499499320984,0.3718072175979614,0.4761413335800171,-0.04153914377093315
0.542435348033905,0.13449274003505707,-0.2959018051624298,-0.4177010953426361,0.3508780002593994,0.5293605923652649,0.6497597694396973,-3.813908100128174,-5.5824689865112305,-5.8837761878967285,16.11809539794922,-1.7396832704544067,-1.7724539041519165,-1.7724539041519165
0.5162984728813171,0.18502429127693176,-0.26044225692749023,0.0010715090902522206,0.5023820400238037,0.4770866930484772,0.7211098670959473,-3.7232937812805176,-4.525228500366211,-5.223879814147949,0.999606192111969,-1.7724539041519165,-1.7682664394378662,-1.7724539041519165
0.5339758396148682,0.21843060851097107,-0.29351288080215454,-0.461302787065506,-0.1691569834947586,0.8543446063995361,0.1693546324968338,-4.507355690002441,-5.050924301147461,-6.43166971206665,-0.8760512471199036,0.8598995804786682,0.9711123704910278,0.2577069103717804
0.5050517916679382,0.24995821714401245,-0.24337446689605713,0.662899911403656,0.25899991393089294,0.3189384937286377,0.6259081363677979,-2.3058457374572754,-4.1012654304504395,-6.717861652374268,1.2035095691680908,-1.7679884433746338,-1.766313910484314,-1.767151117324829
0.5453494191169739,0.28062811493873596,-0.31151771545410156,-0.48852887749671936,-0.31576377153396606,0.8108469247817993,0.06449820846319199,-3.843567371368408,-4.946091651916504,-5.348506450653076,-0.9083002209663391,0.43100935220718384,0.34234926104545593,-0.27190572023391724
0.5351091027259827,0.2500600516796112,-0.289564311504364,0.792628288269043,0.24553149938583374,0.4741568863391876,0.29432961344718933,-4.233922004699707,-4.999057292938232,-6.118683338165283,-2.649247884750366,1.1034247875213623,1.1883257627487183,0.29401859641075134
0.5225837230682373,0.3041655421257019,-0.26913943886756897,0.6739842891693115,0.26154327392578125,0.29931142926216125,0.6226981282234192,-2.858891248703003,-4.432925224304199,-5.067655086517334,4.732882022857666,-1.7724539041519165,-1.7652842998504639,-1.7724539041519165
0.5465967655181885,0.3144685626029968,-0.3118297755718231,0.5026448369026184,0.21919113397598267,-0.8155986666679382,-0.18466781079769135,-4.0817790031433105,-5.311645984649658,-6.45460319519043,-0.0418466255068779,0.6634460091590881,0.5099043846130371,-0.08301091939210892
0.5492468476295471,0.3295350670814514,-0.3085809648036957,-0.4781438708305359,0.0717114731669426,0.8694071769714355,-0.10181856155395508,-3.4270007610321045,-3.9337987899780273,-4.987722396850586,-0.688954770565033,0.2642792761325836,0.2661153972148895,-0.2749072313308716
0.5484311580657959,0.360293984413147,-0.2996309995651245,-0.34767812490463257,0.46380123496055603,-0.34767812490463257,0.7369723916053772,-4.019941806793213,-4.851306915283203,-7.810445308685303,-0.65805584192276,1.2997994422912598,1.480520248413086,1.0634722709655762
0.5419337749481201,0.39431455731391907,-0.3040356934070587,0.4053589105606079,0.4272126853466034,0.22776848077774048,0.7754321694374084,-4.5992326736450195,-4.968034744262695,-6.047151565551758,-0.550625205039978,0.9108389019966125,0.975618302822113,0.3266875445842743
0.532316267490387,0.4098970592021942,-0.27320030331611633,0.6765546202659607,0.4135805666446686,0.5068644285202026,0.3381027281284332,-3.482966899871826,-3.7044825553894043,-4.716486930847168,-0.20293277502059937,-1.7001943588256836,-1.7598429918289185,-1.7724539041519165
0.5803439617156982,0.441970556974411,-0.28698375821113586,0.504607617855072,0.8306002020835876,0.19095928966999054,0.13787296414375305,-3.7161099910736084,-4.363576889038086,-4.4864912033081055,-0.3241897523403168,0.43619537353515625,0.2527059316635132,0.7075971961021423
0.5493138432502747,0.40957123041152954,-0.30696484446525574,-0.04123470559716225,0.8600764274597168,0.3973013162612915,0.31736400723457336,-3.286700963973999,-4.576626777648926,-5.324355602264404,-1.0366865396499634,-0.13915425539016724,-0.30802708864212036,-0.9274381399154663
0.5514965057373047,0.4448707103729248,-0.2673885226249695,0.5842832326889038,0.6981537938117981,0.18665620684623718,0.3692611753940582,-3.638751983642578,-4.741153240203857,-5.430011749267578,0.6755279302597046,-0.6518513560295105,-0.741470456123352,-1.1352097988128662
0.06823346018791199,-0.010233500972390175,-0.20029319822788239,0.9393484592437744,-0.02532062865793705,-0.051748692989349365,0.3380908668041229,-3.5418739318847656,-4.86536169052124,-5.868036270141602,-1.4827790260314941,-1.2401001453399658,-1.5199531316757202,-1.3475446701049805
0.10707367211580276,-0.029438339173793793,-0.19860583543777466,0.018282590433955193,0.6015467047691345,0.7986247539520264,-0.002411691937595606,-3.0789177417755127,-3.5006864070892334,-4.939712047576904,0.08178570121526718,1.28257417678833,0.9169835448265076,0.647481381893158
0.06496842950582504,0.018411898985505104,-0.13357126712799072,-0.13561062514781952,0.8102259039878845,0.5475662350654602,-0.1591067761182785,-2.2982890605926514,-3.0898754596710205,-5.131782531738281,0.5720148682594299,-0.18769343197345734,-0.5491234660148621,-1.06346595287323
0.10352843254804611,-0.027801912277936935,-0.1980835348367691,0.09746046364307404,0.9924449324607849,0.03525165840983391,-0.0656648501753807,-5.534035682678223,-4.790714263916016,-12.691226959228516,5.537334442138672,-1.7724539041519165,-1.619536280632019,-1.7724539041519165
0.1620127409696579,0.036798764020204544,-0.12262820452451706,0.447365403175354,0.8093388080596924,0.37898752093315125,-0.034690048545598984,-2.5861079692840576,-2.725510358810425,-5.54340124130249,0.540334939956665,-1.2165037393569946,-1.3559447526931763,-1.2869023084640503
0.038593146950006485,0.04765757545828819,-0.19939102232456207,0.9852853417396545,-0.15762226283550262,0.06601721793413162,-0.0031190472654998302,-3.99416184425354,-5.205516815185547,-5.973944187164307,0.1591963768005371,-1.0969613790512085,-1.2504411935806274,-1.3131389617919922
0.02092345990240574,0.07400761544704437,-0.1848982721567154,0.40391331911087036,0.9079309105873108,0.11176766455173492,0.0048417286016047,-3.7424116134643555,-4.113553047180176,-5.126503944396973,0.5381134152412415,-1.742539405822754,-1.544440746307373,-1.5021032094955444
0.04384668916463852,0.0893477275967598,-0.19917504489421844,-0.033215753734111786,0.3955003023147583,0.9178632497787476,-0.0018161121988669038,-3.366286516189575,-4.306086540222168,-5.251327037811279,2.6391375064849854,0.8034204244613647,0.34467607736587524,0.34568339586257935
0.05859125033020973,0.09251021593809128,-0.15315580368041992,0.904597282409668,-0.32570043206214905,-0.24282950162887573,-0.12906111776828766,-2.507686138153076,-3.017033815383911,-7.482886791229248,-1.7278419733047485,-1.6181107759475708,-1.686970829963684,-1.6181107759475708
0.08694576472043991,0.06293481588363647,-0.2017662227153778,-0.09873329102993011,0.7389637231826782,0.6652267575263977,0.040715593844652176,-3.9028468132019043,-5.016042709350586,-7.8176374435424805,-2.2315738201141357,-1.4064399003982544,-1.6230837106704712,-1.6039531230926514
0.10226128995418549,0.09626265615224838,-0.1974400281906128,-0.03237593546509743,0.4633904695510864,0.8855237364768982,0.008295733481645584,-3.5092873573303223,-4.204344749450684,-5.991397380828857,0.8415582180023193,1.2332415580749512,0.8139275908470154,0.5192087888717651
0.07301163673400879,0.11614638566970825,-0.19416110217571259,0.7776193022727966,-0.5591880679130554,0.20667147636413574,-0.19975939393043518,-5.137487411499023,-6.3358235359191895,-16.178625106811523,3.0992729663848877,-0.6603260040283203,-0.8410467505455017,-0.9522595405578613
0.12551997601985931,0.09726838767528534,-0.20465220510959625,0.03330104053020477,0.7825265526771545,0.6013921499252319,-0.1577044576406479,-2.8142645359039307,-4.333680152893066,-6.821272373199463,0.1824265718460083,0.28373584151268005,-0.03625029698014259,-0.3261888325214386
0.1607169657945633,0.11669916659593582,-0.20273487269878387,0.9849032163619995,-0.04726183041930199,0.02829418145120144,0.1641080677509308,-3.610058307647705,-4.2466535568237305,-7.038978099822998,2.6628594398498535,0.8736445903778076,0.6466655731201172,0.3547319769859314
0.0733376070857048,0.1502634435892105,-0.19614769518375397,0.9988723397254944,-0.036535605788230896,0.014961179345846176,0.02636878751218319,-3.277341842651367,-4.010282516479492,-5.739048004150391,0.7600017189979553,1.319592833518982,0.9611693024635315,0.6651970744132996
0.2512119710445404,-0.006383912172168493,-0.202762633562088,0.026462825015187263,0.5788955092430115,0.8146921396255493,0.02136285975575447,-2.7534003257751465,-3.0344133377075195,-5.740119457244873,0.4979853332042694,0.9401624202728271,0.5134618878364563,0.11555524915456772
0.19122759997844696,-0.01330441515892744,-0.19912852346897125,-0.004659915342926979,0.5139402151107788,0.8570414781570435,-0.03638097643852234,-3.535281181335449,-3.752561569213867,-6.032717227935791,0.7069694399833679,1.4734125137329102,1.1182893514633179,0.7521081566810608
0.16710370779037476,0.014887279830873013,-0.19595874845981598,-0.06531675159931183,0.8105579018592834,0.5802634358406067,-0.044988010078668594,-3.9922661781311035,-4.052170753479004,-7.098659992218018,-1.743977665901184,-1.525707721710205,-1.4666187763214111,-1.6386535167694092
0.17311543226242065,-0.020343424752354622,-0.1608888804912567,0.524446964263916,0.5000086426734924,0.617189884185791,0.3066323697566986,-2.6558830738067627,-3.734520435333252,-7.577963829040527,2.8038454055786133,-0.4175807237625122,-0.5543956756591797,-0.9285282492637634
0.22178998589515686,0.01182281319051981,-0.19904880225658417,-0.12426360696554184,0.4432535469532013,0.8244955539703369,-0.3290773034095764,-2.765000581741333,-3.9052839279174805,-5.347233772277832,0.12410299479961395,0.9188610911369324,0.5988842248916626,0.33111584186553955
0.22527191042900085,0.09815121442079544,-0.20057940483093262,0.03404752165079117,0.431009441614151,0.9016185998916626,0.01246981043368578,-3.2730653285980225,-3.4945926666259766,-5.406094551086426,0.5289115905761719,1.1962890625,0.8903330564498901,0.6105636358261108
0.23790940642356873,0.0611073300242424,-0.17280563712120056,0.3407660126686096,0.8720391988754272,-0.05045825615525246,-0.34767812490463257,-3.4431440830230713,-4.063604354858398,-7.881295680999756,-2.053239107131958,1.480520248413086,1.0634722709655762,0.9522594809532166
0.25816431641578674,0.07399516552686691,-0.20066849887371063,0.397389680147171,0.8254237771034241,0.3937137722969055,0.07580601423978806,-3.5470430850982666,-4.24290657043457,-6.077213287353516,-0.7395231127738953,-0.2248900830745697,-0.4268401265144348,-0.7216913104057312
0.27056774497032166,0.052639782428741455,-0.18631623685359955,0.6981467008590698,0.6186320185661316,0.288234144449234,0.21634840965270996,-2.9456558227539062,-11.531631469726562,-2.7249860763549805,-2.1335086822509766,1.1051770448684692,0.36839234828948975,-0.29888439178466797
0.13404522836208344,0.19658808410167694,-0.20854336023330688,0.43753528594970703,0.46933090686798096,0.5384517908096313,0.5462243556976318,-4.1208815574646,-10.486411094665527,-2.6541359424591064,0.3728889524936676,0.4379003345966339,0.1459667682647705,-0.18767161667346954
0.021390361711382866,0.16989076137542725,-0.1957262009382248,0.012895353138446808,0.41779354214668274,0.9080938100814819,-0.02545304410159588,-3.5329525470733643,-5.432454586029053,-7.388488292694092,-0.6804670691490173,-1.6471034288406372,-1.6567050218582153,-1.666689395904541
0.005533639807254076,0.21809402108192444,-0.14024421572685242,0.7542155981063843,0.5481823682785034,-0.025056255981326103,0.36059269309043884,-2.1619250774383545,-3.5068259239196777,-4.841972351074219,-0.4446408450603485,-0.015819089487195015,-0.30942338705062866,-0.8165427446365356
0.03719352185726166,0.23816271126270294,-0.1952286958694458,-0.03026207722723484,0.48642510175704956,0.872523307800293,-0.034320734441280365,-3.087433099746704,-3.9071640968322754,-5.973143577575684,-0.23403312265872955,1.1404657363891602,0.7766219973564148,0.36340299248695374
0.1620701551437378,0.15071022510528564,-0.20550715923309326,-0.23383431136608124,0.620863139629364,0.7473127841949463,0.03706894442439079,-3.1269657611846924,-3.740727424621582,-6.5203776359558105,-1.454637050628662,0.703090488910675,0.17875708639621735,-0.49122360348701477
0.1613621860742569,0.15248212218284607,-0.20094957947731018,-0.00545852305367589,0.49061593413352966,0.8708641529083252,-0.029357386752963066,-3.3927524089813232,-4.201920509338379,-5.576735973358154,0.5746675729751587,1.271241307258606,1.0130126476287842,0.7570322155952454
0.09870631992816925,0.23641936480998993,-0.1971500813961029,-0.005043928977102041,0.6441898345947266,0.7648242115974426,-0.0061595807783305645,-3.4166784286499023,-3.9000537395477295,-6.135446548461914,0.22273145616054535,1.1826273202896118,0.8161138892173767,0.4277936518192291
0.11347747594118118,0.2508280277252197,-0.19679582118988037,0.980518102645874,-0.14914782345294952,-0.07541517913341522,-0.10320737957954407,-3.099170446395874,-3.9739015102386475,-5.386763095855713,0.18075507879257202,0.6581345796585083,0.33411291241645813,-0.03161360323429108
0.06106971576809883,0.2787744402885437,-0.1998644918203354,-0.3891506493091583,-0.4762429893016815,-0.49974408745765686,0.6099264025688171,-3.016443967819214,-8.531464576721191,-2.1453490257263184,-1.3862943649291992,-0.2293764054775238,-0.7298339605331421,-0.9244563579559326
0.08453019708395004,0.2950911223888397,-0.19691111147403717,0.9862397313117981,-0.02033107727766037,-0.0020036560017615557,0.16405436396598816,-3.7464799880981445,-4.982572555541992,-7.235511779785156,-0.9070154428482056,1.7724539041519165,1.640073537826538,1.256492018699646
0.21211804449558258,0.14596913754940033,-0.20165230333805084,0.9805188179016113,0.026652229949831963,-0.005824144463986158,0.1945214867591858,-3.992079496383667,-4.528043746948242,-7.382396221160889,1.4709196090698242,0.6370283961296082,0.31947633624076843,0.010876194573938847
0.18664181232452393,0.20308800041675568,-0.20168210566043854,0.2605857849121094,0.7498515248298645,0.24537917971611023,-0.5564232468605042,-3.4905529022216797,-2.5809192657470703,-10.09794807434082,-1.4360558986663818,0.8410466909408569,0.39619556069374084,0.47960513830184937
0.2787751257419586,0.10277672857046127,-0.19984431564807892,0.028620067983865738,0.6134330034255981,0.7885158061981201,0.033520299941301346,-3.358490228652954,-4.376032829284668,-7.945504665374756,1.032206416130066,1.0634722709655762,0.8332921862602234,0.48672959208488464
0.2463633418083191,0.17873607575893402,-0.1988793909549713,-0.049259003251791,0.5744265913963318,0.8170205354690552,-0.009225771762430668,-4.020596504211426,-4.616071701049805,-6.1100754737854,0.04075584560632706,1.6052664518356323,1.3575141429901123,1.0160646438598633
0.2505694329738617,0.1865895390510559,-0.11409652233123779,0.4493666887283325,0.8663330078125,0.014691967517137527,0.2175334393978119,-2.521559953689575,-2.768183946609497,-3.5734100341796875,16.11809539794922,-0.9559656381607056,-0.9777579307556152,-1.1801213026046753
0.2785579264163971,0.16984494030475616,-0.20226840674877167,0.0015820255503058434,0.547142505645752,0.836643397808075,-0.02569783665239811,-3.5091006755828857,-4.152805328369141,-5.385842800140381,1.011393427848816,0.9988059997558594,0.6741209030151367,0.1733510047197342
0.24689100682735443,0.2286233752965927,-0.19957749545574188,0.9997373223304749,0.006839818321168423,-0.005152037832885981,-0.021259648725390434,-3.3372373580932617,-4.080345630645752,-7.813807010650635,-1.679139256477356,1.4907238483428955,1.143183946609497,0.7298339009284973
0.1840490847826004,0.2375764101743698,-0.19802501797676086,0.09312006086111069,0.8707210421562195,0.4796994626522064,-0.055335093289613724,-3.1884589195251465,-3.6958372592926025,-4.253477096557617,-0.36958426237106323,1.1471996307373047,0.8225788474082947,0.5659365653991699
0.14313803613185883,0.2954765558242798,-0.19703444838523865,-0.05091368407011032,0.5455889701843262,0.8361361622810364,-0.024836553260684013,-3.8054940700531006,-4.475833415985107,-5.513589859008789,0.20531818270683289,1.5161445140838623,1.222184181213379,0.9954186081886292
0.18995806574821472,0.34858036041259766,-0.19761396944522858,0.013117590919137001,0.7284508943557739,0.684633195400238,0.021554240956902504,-2.71105694770813,-3.594151735305786,-5.382935523986816,-1.0811599493026733,1.404782772064209,1.040742039680481,0.6876658797264099
0.22977565228939056,0.24802973866462708,-0.14487957954406738,-0.39269325137138367,0.8152926564216614,0.36432191729545593,0.21990780532360077,-2.22009539604187,-2.6827890872955322,-3.773634433746338,-0.9111558794975281,0.9563046097755432,0.020434537902474403,-0.9668447971343994
0.29118895530700684,0.2496185302734375,-0.20094747841358185,0.9783602356910706,-0.13870826363563538,0.013816081918776035,-0.15290647745132446,-3.0385820865631104,-4.177814960479736,-5.093655109405518,0.727658748626709,1.096659779548645,0.6897064447402954,0.3200463652610779
0.26872387528419495,0.2755764126777649,-0.19955745339393616,0.9101842045783997,0.3846505284309387,-0.047665614634752274,-0.1460709422826767,-3.7957372665405273,-4.969995975494385,-5.466390609741211,-0.8111417889595032,1.6739678382873535,1.3538882732391357,0.910701334476471
0.22383694350719452,0.30319738388061523,-0.19832900166511536,0.9995232224464417,-0.02737337164580822,0.009519584476947784,0.010647477582097054,-3.6758108139038086,-5.058349609375,-6.130296230316162,-0.527808666229248,1.7724539041519165,1.7724539041519165,1.6634360551834106
0.2607688903808594,0.3088340759277344,-0.20163054764270782,0.9246730208396912,-0.05128709226846695,-0.023062467575073242,-0.3765866756439209,-3.8069839477539062,-4.265312671661377,-5.978881359100342,-0.8348950743675232,1.215613603591919,0.8697887063026428,0.6473631262779236
0.17312265932559967,-0.0032836569007486105,-0.08286751806735992,0.2827044725418091,0.9201876521110535,-0.042163748294115067,0.26749786734580994,-3.163350820541382,-2.2982683181762695,-10.681955337524414,2.2643637657165527,-1.035669207572937,-1.035669207572937,-1.2163898944854736
0.06106971576809883,0.18290495872497559,-0.13462169468402863,-0.261968195438385,0.9012514352798462,0.3310891091823578,0.09746046364307404,-2.8027610778808594,-8.352948188781738,-3.3422043323516846,0.9135472178459167,-0.7715387940406799,-0.8410467505455017,-1.1746851205825806
0.2992147207260132,-0.0027790807653218508,-0.20656096935272217,-0.0034560449421405792,0.7894123792648315,-0.6034254431724548,0.11266706138849258,-3.4905529022216797,-3.533006429672241,-15.404487609863281,1.0726368427276611,0.39619556069374084,0.10426196455955505,-0.07645881921052933
0.35105279088020325,0.13834978640079498,-0.1981523036956787,0.876497745513916,-0.30099472403526306,0.11030175536870956,-0.359148234128952,-2.945941209793091,-3.6382272243499756,-4.258262634277344,-0.24096566438674927,0.578163743019104,0.4528810381889343,0.37440741062164307
0.29419535398483276,-0.025011951103806496,-0.20059742033481598,-0.044271163642406464,0.5595219135284424,0.8262808322906494,-0.047278404235839844,-3.142226219177246,-4.305288314819336,-6.8207106590271,-0.21094472706317902,1.4156975746154785,0.9012033343315125,0.5397617816925049
0.29148223996162415,-0.025955883786082268,-0.18212157487869263,0.5313451290130615,0.4330938160419464,0.5628222227096558,0.4618801176548004,-3.3308162689208984,-4.301913738250732,-6.01555871963501,-2.0355095863342285,-1.0299804210662842,-1.1214981079101562,-1.0840044021606445
0.35117006301879883,0.00007432359416270629,-0.1944214254617691,-0.09294403344392776,0.6176667809486389,0.780705988407135,0.018635571002960205,-2.873591423034668,-3.999953508377075,-5.264519214630127,-0.30981069803237915,0.03475397080183029,-0.17646737396717072,-0.4351646602153778
0.40143588185310364,-0.028078917413949966,-0.20499569177627563,-0.053873300552368164,0.6104423999786377,0.7841588854789734,-0.09773705154657364,-3.4215760231018066,-3.715604543685913,-6.351113796234131,2.3733866214752197,0.8228098154067993,0.7313166856765747,0.6454458832740784
0.36362311244010925,0.02918526902794838,-0.17888043820858002,0.9368254542350769,0.2937043309211731,0.1316227912902832,0.1370082050561905,-3.273078441619873,-4.05245304107666,-5.051695346832275,-0.8023072481155396,1.4963903427124023,1.1990180015563965,0.7857447266578674
0.3183867633342743,0.10611022263765335,-0.12166817486286163,-0.023250559344887733,0.7425559759140015,0.66498202085495,-0.07660902291536331,-2.3584821224212646,-3.1627655029296875,-4.928112506866455,-0.4487028121948242,-0.3282022178173065,-0.5507630705833435,-1.5084587335586548
0.30192887783050537,0.11090880632400513,-0.20229125022888184,0.9378548860549927,-0.3415236473083496,0.006980617064982653,0.06116444617509842,-4.149631023406982,-5.220432281494141,-5.8006696701049805,0.48126140236854553,-1.0503212213516235,-1.2398332357406616,-1.4213758707046509
0.297238826751709,0.1293429434299469,-0.2026575654745102,0.9964107275009155,-0.06348201632499695,-0.04465167969465256,-0.033792365342378616,-3.795332670211792,-3.814038038253784,-7.1090216636657715,0.42756009101867676,1.1935298442840576,0.9458606243133545,0.5894501805305481
0.3355405330657959,0.11136683076620102,-0.19531549513339996,0.0313861109316349,0.7966467142105103,0.6035475730895996,0.009961036033928394,-2.112018346786499,-3.0477004051208496,-5.414616107940674,0.46450573205947876,0.3137196898460388,-0.0739649161696434,-0.4475450813770294
0.4115903973579407,0.013245279900729656,-0.2044953852891922,-0.041856616735458374,0.8023566007614136,0.5950888395309448,0.018473094329237938,-3.1466944217681885,-3.589257001876831,-7.276919841766357,4.353827476501465,0.8250831365585327,0.9664146304130554,0.9522510766983032
0.47652357816696167,0.03809158876538277,-0.2191886007785797,-0.34767812490463257,0.9181625843048096,-0.05045825615525246,-0.1831703782081604,-3.089897394180298,-5.898348331451416,-4.459750175476074,-0.023530498147010803,-0.813243567943573,-0.813243567943573,-1.4388154745101929
0.512206494808197,0.07594940811395645,-0.23361694812774658,0.599571943283081,0.3880801200866699,0.47754234075546265,0.5117231607437134,-2.7926137447357178,-3.9478182792663574,-4.562146186828613,16.11809539794922,-1.6769123077392578,-1.7647749185562134,-1.7724539041519165
0.507201611995697,0.13042902946472168,-0.26156771183013916,-0.29929348826408386,0.928568959236145,0.1831703782081604,-0.12096156924962997,-3.6842029094696045,-8.159555435180664,-4.849088668823242,0.05491575598716736,-1.6473394632339478,-1.6473394632339478,-1.7724539041519165
0.5285202860832214,0.13066451251506805,-0.2701526880264282,-0.005823974497616291,0.7266813516616821,0.6867083311080933,-0.01821932941675186,-3.3721351623535156,-4.736545085906982,-5.179633140563965,-0.652998685836792,0.30433186888694763,0.4572494924068451,-0.21916118264198303
0.49186983704566956,0.12301994860172272,-0.2291138917207718,0.6332166194915771,0.3068679869174957,0.24588730931282043,0.6666394472122192,-3.0561747550964355,-3.6777422428131104,-4.6212029457092285,1.629395842552185,-1.7662622928619385,-1.7396875619888306,-1.7714219093322754
0.45505931973457336,0.0833200067281723,-0.18311792612075806,-0.12282238155603409,0.7196417450904846,0.6831963658332825,-0.01652619056403637,-2.935192823410034,-3.4790422916412354,-4.986499309539795,0.003185074310749769,0.25648418068885803,0.10046215355396271,-0.8731589317321777
0.45260506868362427,0.05777006223797798,-0.19919484853744507,0.0739593580365181,0.9891871809959412,-0.09746046364307404,-0.08087144792079926,-3.5840389728546143,-4.559475421905518,-11.62646198272705,-0.07061756402254105,1.5917330980300903,1.661241054534912,1.0634722709655762
0.4262455105781555,0.11707235127687454,-0.20079144835472107,0.05507846549153328,0.7458475828170776,0.6638045907020569,-0.006419604178518057,-3.2379889488220215,-4.190526962280273,-6.810965061187744,-0.40263599157333374,1.2570441961288452,1.6741169691085815,1.7104588747024536
0.4001820683479309,0.18687653541564941,-0.20599029958248138,-0.012679150328040123,0.6130083799362183,0.7886279225349426,-0.04610821604728699,-2.6942901611328125,-3.979811191558838,-6.252739906311035,-0.4913410544395447,0.6157370209693909,0.4197712540626526,0.3135417401790619
0.31538936495780945,0.21250773966312408,-0.20283058285713196,-0.011454655788838863,0.6763732433319092,0.7364557385444641,-0.004582210909575224,-3.398709774017334,-4.248946189880371,-6.870507717132568,0.9675121903419495,1.0875589847564697,0.8130951523780823,0.4411717355251312
0.4432254433631897,0.13411518931388855,-0.1936967819929123,-0.1024552658200264,0.6542179584503174,0.7406493425369263,-0.11375555396080017,-2.588122606277466,-4.151950836181641,-5.483177661895752,-0.12468395382165909,-0.13663507997989655,-0.49128255248069763,-0.7389635443687439
0.3347872495651245,0.27854660153388977,-0.20145297050476074,0.9881229996681213,-0.007351625710725784,-0.038651883602142334,-0.14854268729686737,-3.2882940769195557,-4.0708842277526855,-5.901276588439941,-0.13192743062973022,1.5976855754852295,1.1866631507873535,0.7724065780639648
0.2990182042121887,0.31144869327545166,-0.20136046409606934,0.9839943647384644,0.02166765183210373,-0.04841867461800575,-0.17012110352516174,-3.9707276821136475,-4.277922630310059,-7.699626922607422,-0.4760299324989319,1.4597227573394775,1.0982812643051147,0.739904522895813
0.33223265409469604,0.3095535635948181,-0.20273441076278687,-0.18455280363559723,-0.13755059242248535,0.7895649075508118,0.5688650012016296,-5.386988162994385,-12.399319648742676,-6.19014310836792,-0.4218320846557617,-0.8827515840530396,-1.1468819379806519,-1.5500283241271973
0.43392497301101685,0.2931429445743561,-0.17840030789375305,0.1435399353504181,0.7908421158790588,0.5926189422607422,0.052609894424676895,-3.242891311645508,-3.397918224334717,-3.9344959259033203,0.5293213725090027,0.9286144375801086,0.44959187507629395,0.003804125590249896
0.40130850672721863,0.2807020843029022,-0.1998644918203354,0.11201352626085281,0.5582119822502136,0.8120619654655457,0.12809230387210846,-3.351628541946411,-4.264033794403076,-5.174551010131836,-0.7182866334915161,1.4586066007614136,1.0499869585037231,0.590817928314209
0.48141947388648987,0.13984498381614685,-0.21495094895362854,0.6161454916000366,0.3806140124797821,0.276658833026886,0.6316308975219727,-2.4711360931396484,-3.636444330215454,-6.519347667694092,-0.764767050743103,-1.7724539041519165,-1.7724539041519165,-1.7724539041519165
0.5313636660575867,0.21956266462802887,-0.12895993888378143,-0.4839416444301605,0.7172816395759583,0.4492005705833435,0.22254519164562225,-2.7548775672912598,-4.027005672454834,-4.7992167472839355,0.34387701749801636,-1.652212381362915,-1.4785302877426147,-1.7724539041519165
0.4500564932823181,0.14741502702236176,-0.2045406699180603,0.9696566462516785,-0.09667231142520905,0.035040438175201416,0.22179406881332397,-4.024145603179932,-5.036900043487549,-6.888507843017578,2.8172929286956787,-1.5755200386047363,-1.5527194738388062,-1.7724539041519165
0.45544612407684326,0.21821726858615875,-0.203525111079216,-0.06410937011241913,0.851219117641449,0.5206362009048462,-0.01593533530831337,-4.044588088989258,-4.783733367919922,-7.836880207061768,-0.7937249541282654,1.5032908916473389,1.2998731136322021,1.2932028770446777
0.4638787806034088,0.2434685230255127,-0.19657742977142334,-0.07271184027194977,0.6783305406570435,0.723332405090332,-0.10663408786058426,-3.1495885848999023,-4.581003665924072,-5.714659690856934,0.5277966856956482,1.2355563640594482,0.8695032596588135,0.6222929358482361
0.49539411067962646,0.21291440725326538,-0.146831214427948,0.45116519927978516,0.3451022207736969,0.1562148630619049,0.8080540299415588,-2.282015562057495,-2.8192150592803955,-3.6652634143829346,-0.4435962438583374,-0.6287075281143188,-0.6630368828773499,-1.7693748474121094
0.49056267738342285,0.19804224371910095,-0.204169362783432,-0.19008246064186096,0.7900440096855164,0.4002099931240082,0.4237110912799835,-3.3436458110809326,-10.68853759765625,-3.825272560119629,0.05491575598716736,-1.7724539041519165,-1.7724539041519165,-1.7724539041519165
0.433198481798172,0.2488395869731903,-0.19934380054473877,-0.050194576382637024,0.8845764994621277,0.46366626024246216,0.0042985486797988415,-3.638960123062134,-4.3033223152160645,-7.3519816398620605,2.1103429794311523,0.5166853070259094,0.5722640156745911,0.8301544785499573
0.4850309193134308,0.3063618242740631,-0.1991879791021347,0.4399927854537964,0.3715384304523468,0.1836668998003006,0.7966379523277283,-2.624436855316162,-3.043458938598633,-5.701748847961426,1.851010799407959,-1.7724539041519165,-1.7724539041519165,-1.7724539041519165
0.4442856013774872,0.29996663331985474,-0.1003740131855011,-0.0034560449421405792,-0.40297484397888184,0.7873470783233643,-0.4665660560131073,-3.089897394180298,-9.349664688110352,-2.9456558227539062,0.9718605875968933,0.39619556069374084,-0.07645881921052933,-0.4379003942012787
0.05139513313770294,0.3348318338394165,-0.19404636323451996,0.9956711530685425,0.009508959017693996,0.022603854537010193,-0.08965234458446503,-3.519007682800293,-4.197116851806641,-6.479060649871826,0.02323201112449169,1.398790955543518,1.054726243019104,0.7220113277435303
0.08861726522445679,0.33618268370628357,-0.1927705556154251,0.9783908724784851,-0.03997841104865074,0.0305495522916317,-0.2005486786365509,-3.4487786293029785,-4.274804592132568,-5.138710021972656,0.3242805600166321,1.715533971786499,1.4417724609375,1.1597646474838257
0.024874655529856682,0.3934002220630646,-0.19163142144680023,-0.4989626407623291,0.70323646068573,0.3350779116153717,0.379759818315506,-3.0985796451568604,-3.152390241622925,-4.12050199508667,1.6256426572799683,0.07677607238292694,-0.1862863153219223,-0.6654776930809021
0.05604945868253708,0.41402000188827515,-0.12953373789787292,-0.20225843787193298,0.42820897698402405,0.6938989758491516,0.5424323081970215,-2.7593894004821777,-3.4296011924743652,-4.459658145904541,2.2138147354125977,1.1580761671066284,0.8052260875701904,0.5180185437202454
0.13152527809143066,0.32872748374938965,-0.19881218671798706,0.08916595578193665,0.8691790103912354,0.4403001070022583,0.20667147636413574,-9.533771514892578,-2.5809192657470703,-3.587343454360962,-0.9328200221061707,0.590817928314209,0.21547475457191467,0.10426196455955505
0.09536228328943253,0.37853187322616577,-0.19017425179481506,0.9950195550918579,-0.06252779066562653,0.07487096637487411,-0.020511725917458534,-4.13826322555542,-5.051409721374512,-6.046239852905273,-0.1703135073184967,-0.898004412651062,-1.1031297445297241,-1.3428555727005005
0.10189518332481384,0.3992086946964264,-0.14638970792293549,-0.3333253264427185,0.5021024942398071,0.6967092156410217,0.3890804350376129,-3.162821054458618,-3.343528985977173,-6.637129306793213,2.433148145675659,-0.2611333727836609,-0.5934538245201111,-0.9939643740653992
0.06912920624017715,0.33024120330810547,-0.14591003954410553,-0.5343045592308044,0.7607290744781494,0.2605857849121094,0.2605857849121094,-2.5089471340179443,-15.880388259887695,-3.0177557468414307,-1.6817585229873657,1.7724539041519165,1.7724539041519165,1.7724539041519165
0.03741120174527168,0.43065184354782104,-0.18474958837032318,-0.23708467185497284,0.9542867541313171,-0.174875870347023,-0.05045825615525246,-4.5522894859313965,-5.898348331451416,-11.821131706237793,0.9718605875968933,-0.7715387940406799,-1.244193196296692,-1.327602744102478
0.06664896011352539,0.42471420764923096,-0.1886126846075058,0.9336405992507935,0.13010641932487488,0.008203776553273201,0.3336469233036041,-4.194352626800537,-4.973263263702393,-7.374356269836426,-1.8883609771728516,1.7639011144638062,1.6003122329711914,1.1533030271530151
0.056338392198085785,0.44846630096435547,-0.15665897727012634,0.6059927940368652,0.7307173013687134,0.017237840220332146,-0.31389135122299194,-3.439849376678467,-4.002209186553955,-4.862538814544678,-1.1654748916625977,1.7724539041519165,1.4912071228027344,1.650575876235962
0.06575289368629456,0.45532363653182983,-0.1565471738576889,0.4168891906738281,0.9063825607299805,0.031463924795389175,0.06069621071219444,-3.594125986099243,-5.427334308624268,-5.674984931945801,-0.9830459356307983,-1.443493366241455,-1.3710947036743164,-1.7290937900543213
0.11357870697975159,0.44104698300361633,-0.17653228342533112,-0.4122513234615326,0.7888908982276917,0.4327470064163208,0.14293359220027924,-4.063387870788574,-4.552344799041748,-5.182122707366943,-0.3926180601119995,1.7724539041519165,1.7724539041519165,1.514013648033142
0.10395901650190353,0.458554208278656,-0.1387394517660141,0.6023039221763611,0.7363330721855164,0.038824662566185,-0.305836945772171,-2.9149341583251953,-3.5123963356018066,-5.1025261878967285,0.17759811878204346,1.645103096961975,1.2864302396774292,0.8428059220314026
0.11044683307409286,0.4264194369316101,-0.1373790204524994,0.904800534248352,0.30798619985580444,0.1133909821510315,-0.27133554220199585,-3.188669204711914,-3.7643327713012695,-4.07777214050293,1.187538981437683,1.5049073696136475,1.1401058435440063,0.9092387557029724
0.07007485628128052,0.4669497013092041,-0.1401418298482895,0.5910617113113403,0.8014925718307495,0.06739308685064316,0.06094159930944443,-3.3171274662017822,-4.108907222747803,-5.530808448791504,-1.0472577810287476,-1.0249537229537964,-1.1468819379806519,-1.5885469913482666
0.12224388867616653,0.45244795083999634,-0.16545383632183075,0.8438264727592468,0.5186907649040222,0.08046949654817581,0.1115412786602974,-5.0221052169799805,-5.4180402755737305,-5.96871280670166,-1.7492027282714844,-1.3014582395553589,-1.5588173866271973,-1.611106276512146
0.12488315999507904,0.45828890800476074,-0.15202432870864868,-0.2946571409702301,0.4091275930404663,0.7372620701789856,0.4497070610523224,-3.524153470993042,-5.044130325317383,-8.707186698913574,-2.5639255046844482,-1.07919180393219,-1.2722347974777222,-1.4639739990234375
0.14837656915187836,0.4645417034626007,-0.1519910842180252,0.9372310638427734,0.3371969759464264,0.01445171982049942,0.08767732977867126,-4.26647424697876,-5.529478073120117,-6.668877601623535,-1.2479313611984253,-0.38643378019332886,-0.6455567479133606,-1.0996731519699097
0.13406172394752502,0.4306376576423645,-0.11515834182500839,0.9187563061714172,-0.37417247891426086,0.12472342699766159,0.018051980063319206,-2.3823726177215576,-3.8387184143066406,-4.420621871948242,-1.295372724533081,1.7724539041519165,1.7724539041519165,1.7683569192886353
0.21386753022670746,0.34285426139831543,-0.20070672035217285,0.9925022721290588,0.02201201021671295,0.03008309006690979,-0.11640337109565735,-4.0504021644592285,-4.460596084594727,-5.831106185913086,-0.22200651466846466,1.6927841901779175,1.352380633354187,1.0505985021591187
0.17011629045009613,0.3800213932991028,-0.19668617844581604,0.9279854893684387,-0.3165554106235504,-0.009619475342333317,-0.19632385671138763,-3.470688819885254,-4.375449180603027,-4.965053081512451,-0.48366257548332214,1.525335669517517,1.2097464799880981,0.8931203484535217
0.14354461431503296,0.39574578404426575,-0.19442042708396912,0.9804446697235107,-0.13306501507759094,-0.022964438423514366,0.1431593894958496,-3.696547508239746,-4.951027870178223,-6.440905570983887,-0.6245367527008057,0.8320692181587219,0.4745737314224243,0.0764051079750061
0.21865667402744293,0.37679028511047363,-0.19548676908016205,0.49347591400146484,0.7935139536857605,-0.282241553068161,-0.2171562761068344,-3.788426637649536,-4.206911563873291,-5.304187297821045,-1.1866402626037598,1.7695980072021484,1.3443602323532104,0.9013145565986633
0.2354474514722824,0.3964564800262451,-0.14571616053581238,0.38419386744499207,0.15619932115077972,0.8107548952102661,0.4131263196468353,-2.731386184692383,-3.142324686050415,-3.7899582386016846,-0.39888542890548706,1.0577685832977295,0.36311987042427063,-0.030914409086108208
0.17406737804412842,0.43298837542533875,-0.1872793585062027,0.9493635892868042,0.208254873752594,-0.09825068712234497,0.21374163031578064,-4.0257568359375,-5.023471355438232,-5.681939601898193,-0.09754129499197006,1.7724539041519165,1.639032006263733,1.3883438110351562
0.18836602568626404,0.4516177177429199,-0.16704833507537842,0.8338095545768738,0.41614866256713867,0.16320931911468506,-0.3239516019821167,-3.9365909099578857,-4.206029415130615,-5.228418827056885,-0.14237503707408905,1.7724539041519165,1.7334904670715332,1.6206750869750977
0.19965557754039764,0.4148900806903839,-0.19269074499607086,0.9775634407997131,0.20745620131492615,-0.022926567122340202,-0.02838999405503273,-3.9572203159332275,-5.6621856689453125,-7.1055779457092285,-1.0243330001831055,-0.7505716681480408,-1.0565598011016846,-1.491042137145996
0.20928095281124115,0.43125349283218384,-0.1768903136253357,0.6425636410713196,0.5267049670219421,0.029789509251713753,-0.5557035207748413,-3.851398229598999,-3.991508960723877,-5.029003143310547,-0.7657925486564636,1.6808998584747314,1.3746451139450073,1.0422029495239258
0.14216585457324982,0.42599377036094666,-0.12728068232536316,-0.2715374529361725,0.5649681687355042,0.6063668131828308,0.4892828166484833,-3.43540358543396,-3.9931132793426514,-4.949438571929932,16.11809539794922,0.6675699949264526,0.2222004532814026,-0.30683791637420654
0.1522410809993744,0.4518772065639496,-0.17052848637104034,0.9175617098808289,0.39661577343940735,-0.0222807414829731,0.016734780743718147,-4.418066501617432,-5.350940227508545,-7.659351348876953,-2.2456202507019043,-1.0903624296188354,-1.3799285888671875,-1.459313154220581
0.15570375323295593,0.4553760886192322,-0.1675300896167755,0.05875276401638985,0.8757895827293396,-0.34629568457603455,0.3310891091823578,-4.218410015106201,-10.00422477722168,-4.7481489181518555,-0.9328200221061707,1.7724539041519165,1.480520248413086,1.4110122919082642
0.20675158500671387,0.4526033103466034,-0.16974423825740814,0.878180742263794,0.4551708996295929,-0.012259799987077713,0.14651863276958466,-4.273465633392334,-6.104135990142822,-6.721737384796143,-0.9468944072723389,-0.7645660638809204,-1.1076329946517944,-1.4087319374084473
0.1497807800769806,0.47154757380485535,-0.12283055484294891,0.7105212211608887,0.6920365691184998,0.06039576232433319,-0.11223772168159485,-3.4301605224609375,-4.334580898284912,-6.958721160888672,1.3983228206634521,1.7724539041519165,1.7446506023406982,1.2574321031570435
0.24500387907028198,0.44380059838294983,-0.17943036556243896,0.9051909446716309,0.35099008679389954,0.12288755178451538,-0.20575213432312012,-4.15944766998291,-4.276401042938232,-5.89497709274292,0.2722455561161041,1.6138205528259277,1.3027268648147583,1.209518313407898
0.28107184171676636,0.4209269881248474,-0.19253183901309967,0.9254299998283386,0.35956040024757385,-0.006748587358742952,-0.11937379837036133,-3.0261805057525635,-5.298583507537842,-5.849318027496338,-1.0928958654403687,1.184985876083374,0.8111141920089722,0.5704504251480103
0.294145792722702,0.4450012743473053,-0.17770764231681824,0.9254118800163269,0.3423026502132416,0.08062700182199478,-0.14121267199516296,-3.847416877746582,-4.387121200561523,-5.9630327224731445,0.34510302543640137,1.7724539041519165,1.7267369031906128,1.7215265035629272
0.26731231808662415,0.450735479593277,-0.1277731955051422,-0.23698052763938904,0.6325786709785461,0.3502841293811798,0.6488339304924011,-3.6946630477905273,-4.456036567687988,-4.999968528747559,-0.901047945022583,1.4677783250808716,1.219786524772644,0.2926069498062134
0.24155864119529724,0.46589142084121704,-0.14550663530826569,0.7477953433990479,0.6624649167060852,-0.012804330326616764,0.04217071086168289,-3.5719263553619385,-4.912547588348389,-7.1656999588012695,1.522265076637268,1.7724539041519165,1.5367528200149536,1.2517547607421875
0.28199130296707153,0.4679507315158844,-0.13816174864768982,-0.317669153213501,0.30684566497802734,0.7759689688682556,0.4503379166126251,-4.332719326019287,-4.629452228546143,-5.21398401260376,0.14378100633621216,1.7724539041519165,1.6877529621124268,1.5829246044158936
0.030731201171875,0.4657176733016968,-0.12663385272026062,-0.45135945081710815,0.8206018805503845,-0.2702627182006836,-0.22326049208641052,-5.316083908081055,-4.121623516082764,-16.358726501464844,-0.5719616413116455,0.03475397080183029,-0.2571796178817749,-1.1746851205825806
0.07137352228164673,0.46840953826904297,-0.0863543152809143,0.6721898317337036,0.734434962272644,-0.08711043745279312,0.03431961312890053,-3.3945655822753906,-3.5994985103607178,-5.203312873840332,0.22978094220161438,1.7724539041519165,1.7724539041519165,1.5652462244033813
0.09948775172233582,0.4230912923812866,-0.11859334260225296,0.861626386642456,0.4078342318534851,0.24986663460731506,-0.16981729865074158,-3.7406246662139893,-3.869028091430664,-5.906868934631348,3.158432960510254,0.7366381883621216,0.42293092608451843,0.15423621237277985
0.14205190539360046,0.44838884472846985,-0.0836002305150032,0.9458705186843872,-0.28105562925338745,0.10865224897861481,0.12054601311683655,-2.89017653465271,-4.302687644958496,-4.819730758666992,-0.011265450157225132,1.7724539041519165,1.565232753753662,0.74547278881073
0.1930145025253296,0.4501945972442627,-0.12075864523649216,0.5808088183403015,-0.23640750348567963,-0.5824481844902039,-0.5172298550605774,-3.4895243644714355,-3.9664082527160645,-4.651412487030029,-0.4846627712249756,1.1903427839279175,0.8373993635177612,0.5256081223487854
0.16798144578933716,0.46847307682037354,-0.114409901201725,0.6015554070472717,0.7488164305686951,0.19246116280555725,-0.20090728998184204,-3.7586159706115723,-4.075723648071289,-6.173564434051514,-0.5607627034187317,1.7724539041519165,1.7724539041519165,1.677329659461975
0.16977663338184357,0.4496399164199829,-0.07646733522415161,0.7944762706756592,0.5979825854301453,0.10552209615707397,-0.009453792124986649,-2.668241262435913,-4.138642311096191,-5.36292028427124,0.8145077228546143,1.1045219898223877,0.4758971631526947,-0.41448652744293213
0.17843295633792877,0.4398054778575897,-0.0874391496181488,-0.47347813844680786,0.8333650231361389,-0.06704726815223694,-0.27717480063438416,-4.9443440437316895,-3.8769772052764893,-16.07939910888672,-0.11778303235769272,-0.2571796178817749,-0.8410467505455017,-1.035669207572937
0.22484925389289856,0.46198776364326477,-0.11831079423427582,0.5704426765441895,0.8178989291191101,0.015223097987473011,-0.07351693511009216,-4.118481159210205,-4.507297992706299,-5.82179069519043,0.32458359003067017,1.7724539041519165,1.761293888092041,1.2246147394180298
0.23012174665927887,0.4538448750972748,-0.06855855882167816,0.49685338139533997,0.8653049468994141,0.04232190549373627,0.05092029646039009,-3.2581734657287598,-4.36796236038208,-6.400055885314941,1.2857344150543213,1.7724539041519165,1.6311408281326294,1.0007613897323608
0.28745704889297485,0.43221229314804077,-0.08258367329835892,0.9903146028518677,0.09848245978355408,0.0947515070438385,0.024502761662006378,-3.114229202270508,-3.935338020324707,-5.1135358810424805,2.245877265930176,1.0550917387008667,0.4689878523349762,-0.2590765655040741
0.18040989339351654,0.3370992839336395,-0.026638327166438103,0.9140795469284058,0.4050864577293396,-0.006506061181426048,0.017921343445777893,-1.897661566734314,-4.079078197479248,-4.950587749481201,-0.08987225592136383,1.7477030754089355,1.611574411392212,1.7724539041519165
0.22307009994983673,0.3952364921569824,-0.04350950941443443,-0.026957150548696518,0.9989457130432129,0.03525165840983391,0.01175055280327797,-1.7845544815063477,-4.366269588470459,-14.919119834899902,4.139158725738525,1.7724539041519165,1.7724539041519165,1.7724539041519165
0.1787930727005005,0.4435645043849945,-0.04975767433643341,0.9897075891494751,-0.14239880442619324,-0.0020967803429812193,0.014039195142686367,-1.838882327079773,-4.77160120010376,-6.328337669372559,0.22353626787662506,1.7724539041519165,1.7724539041519165,1.6508244276046753
0.27223077416419983,0.40235456824302673,-0.08048301935195923,0.7608135938644409,0.631388783454895,0.10777323693037033,-0.10438315570354462,-2.9364240169525146,-3.2102208137512207,-5.532416820526123,1.7626643180847168,-0.13760894536972046,-0.629829466342926,-1.1637547016143799
0.28401756286621094,0.358463317155838,-0.20130838453769684,0.021547917276620865,0.582219660282135,0.8094857335090637,0.0727238729596138,-3.911140203475952,-4.074495315551758,-7.2766289710998535,0.017122425138950348,1.7700281143188477,1.528096079826355,1.3041305541992188
0.3150367736816406,0.3329455852508545,-0.2022361159324646,0.9970686435699463,0.05674903467297554,0.00010517462942516431,-0.05131889134645462,-2.729614019393921,-5.23970365524292,-6.270670413970947,-1.6971774101257324,1.5971139669418335,1.1817216873168945,0.8893741965293884
0.34300291538238525,0.36774832010269165,-0.19844697415828705,-0.024268455803394318,0.8297092318534851,0.5573840737342834,-0.017795301973819733,-4.120471477508545,-5.105395793914795,-7.682608604431152,-0.8987234234809875,1.7724539041519165,1.64713454246521,1.2231471538543701
0.3334049582481384,0.4046323895454407,-0.152056485414505,-0.3680597245693207,0.5370662212371826,0.640430748462677,0.4073578417301178,-3.307882308959961,-3.8031742572784424,-4.567322731018066,-0.23267042636871338,-0.030279194936156273,-0.48454004526138306,-0.8980047702789307
0.360293984413147,0.3261745870113373,-0.20103058218955994,0.985227644443512,-0.0853288471698761,-0.1483321636915207,-0.006557755637913942,-3.5033724308013916,-3.640719175338745,-5.565502166748047,-0.7666640877723694,1.2482640743255615,0.9248088002204895,0.6303962469100952
0.38959938287734985,0.3751673102378845,-0.12556511163711548,0.7516142725944519,0.02063652127981186,-0.6226258873939514,0.21676523983478546,-3.215989589691162,-3.816624641418457,-7.348346710205078,0.2247687727212906,-0.4913540482521057,-0.6040354371070862,-0.6477962732315063
0.4126322269439697,0.40918153524398804,-0.20118428766727448,0.9790117740631104,0.08117063343524933,0.03669075667858124,-0.18330582976341248,-3.9188027381896973,-4.229458332061768,-5.729021072387695,-0.7420031428337097,1.7198201417922974,1.7150726318359375,1.7132594585418701
0.33669328689575195,0.4129166007041931,-0.12790194153785706,-0.42960065603256226,0.6747969388961792,0.2796129584312439,0.5309509634971619,-2.9811694622039795,-3.4901657104492188,-4.206600666046143,1.1040343046188354,0.9394474029541016,0.6662129759788513,0.4338056445121765
0.28294920921325684,0.4683088958263397,-0.14820410311222076,-0.1831703782081604,0.9754050970077515,-0.02004506066441536,-0.12096156924962997,-4.795648097991943,-6.338728427886963,-6.625268459320068,-1.2909841537475586,-1.1746851205825806,-1.577831506729126,-1.577831506729126
0.32848700881004333,0.4576681852340698,-0.15799668431282043,0.8498711585998535,0.45861944556236267,-0.20988304913043976,0.15276235342025757,-4.535050392150879,-5.3794708251953125,-6.5131378173828125,-0.5524142384529114,1.7724539041519165,1.7724539041519165,1.7354607582092285
0.37230581045150757,0.4358074367046356,-0.13915413618087769,0.7839224338531494,0.5538465976715088,0.06218838691711426,-0.27359136939048767,-3.540379285812378,-3.652862071990967,-4.094052314758301,1.013277530670166,1.6322389841079712,1.4853007793426514,0.9590250849723816
0.3559398353099823,0.43138569593429565,-0.19108152389526367,0.6762178540229797,0.7347253561019897,-0.03513602912425995,-0.04090873897075653,-3.626739978790283,-5.352872371673584,-5.881089687347412,-0.7788475155830383,1.7724539041519165,1.7724539041519165,1.7724539041519165
0.37977471947669983,0.44863632321357727,-0.16979463398456573,0.8576987385749817,0.51205974817276,0.033400390297174454,-0.032127052545547485,-3.5852792263031006,-4.663986682891846,-7.223853588104248,-0.6987994909286499,1.7724539041519165,1.7724539041519165,1.759792685508728
0.3874654471874237,0.41182029247283936,-0.19397509098052979,0.15966928005218506,0.8844901323318481,-0.37809130549430847,0.2218780815601349,-4.0224289894104,-10.191904067993164,-4.8490376472473145,-1.7423112392425537,1.7724539041519165,1.1746851205825806,1.021767497062683
0.47081151604652405,0.39596518874168396,-0.21097882091999054,0.9222587943077087,0.07956033945083618,0.08050689101219177,-0.3696315586566925,-3.873595714569092,-5.071969985961914,-7.163418769836426,5.123870849609375,-1.3469972610473633,-1.3712403774261475,-1.4625672101974487
0.4998258948326111,0.38037237524986267,-0.23413465917110443,-0.47435611486434937,0.22983041405677795,0.8342626094818115,-0.16177187860012054,-3.2816195487976074,-3.4681906700134277,-4.527440547943115,0.6664889454841614,-1.7724539041519165,-1.7724539041519165,-1.7312092781066895
0.4535164535045624,0.3790118098258972,-0.2048647105693817,-0.04105594754219055,0.6809005737304688,0.724868655204773,-0.09619885683059692,-3.739863395690918,-5.201564311981201,-7.907841682434082,-0.21695588529109955,1.5510462522506714,1.2580946683883667,1.1051770448684692
0.5248352289199829,0.43052253127098083,-0.2618286907672882,0.571488618850708,-0.14581841230392456,-0.7703241109848022,-0.24236032366752625,-4.238414287567139,-5.494189262390137,-6.534053325653076,0.10492800176143646,0.6280356645584106,0.5920370221138,0.7550966143608093
0.5274728536605835,0.43771156668663025,-0.25777655839920044,0.7461057901382446,0.46337953209877014,0.4292641878128052,0.2105654627084732,-4.149062633514404,-4.80560827255249,-6.136541366577148,-1.2774662971496582,-0.012493565678596497,-0.08690360933542252,0.11623655259609222
0.5080325603485107,0.42658472061157227,-0.2234148383140564,-0.26500359177589417,0.6745898723602295,0.6888278722763062,-0.014756574295461178,-3.7608795166015625,-4.307077407836914,-4.437232971191406,16.11809539794922,-1.7724539041519165,-1.7724539041519165,-1.7724539041519165
0.5412954688072205,0.4665532410144806,-0.23558977246284485,0.7744618058204651,0.5639612078666687,0.2859485447406769,-0.019750753417611122,-4.336447238922119,-4.717425346374512,-6.267950057983398,1.0549325942993164,1.0102940797805786,0.6834330558776855,0.3847220838069916
0.5860762000083923,0.46722543239593506,-0.19630977511405945,0.6668527126312256,0.7321111559867859,-0.08566092699766159,0.10946673899888992,-3.598762273788452,-4.934713840484619,-6.30327033996582,-1.2699851989746094,1.7138170003890991,1.679443597793579,-0.5693424344062805
0.4324345886707306,0.37630605697631836,-0.16347694396972656,0.5342154502868652,0.3799173831939697,0.21976886689662933,0.7224806547164917,-2.929577350616455,-3.7483084201812744,-6.612280368804932,-0.5344221591949463,1.605615496635437,1.1735596656799316,0.45279303193092346
0.4242335259914398,0.37343183159828186,-0.17782706022262573,-0.4494187831878662,0.5950568318367004,0.6641077995300293,0.053767554461956024,-3.6931512355804443,-3.845611572265625,-4.538050174713135,1.5252869129180908,0.23626288771629333,-0.0727902427315712,-0.2909680902957916
0.506150484085083,0.3352479338645935,-0.08910791575908661,0.8379039764404297,0.1719679981470108,-0.5049319267272949,0.11570504307746887,-2.984722852706909,-3.2817327976226807,-3.8786280155181885,1.1115574836730957,0.23051871359348297,0.06954313814640045,-0.7096230983734131
0.42584943771362305,0.4482721984386444,-0.17128770053386688,-0.4447394907474518,0.1122475415468216,0.8644666075706482,0.20568113029003143,-3.819304943084717,-4.256012916564941,-4.769305229187012,-0.7509580850601196,1.7724539041519165,1.7724539041519165,1.7724539041519165
0.44494491815567017,0.43706122040748596,-0.19002361595630646,0.30794796347618103,0.4557642340660095,0.15313145518302917,0.8209736943244934,-4.045105457305908,-5.415475845336914,-5.877407073974609,-0.6477048993110657,0.5549964308738708,0.7985482215881348,0.819920539855957
0.4623221158981323,0.42618098855018616,-0.20280821621418,0.972394585609436,0.22179895639419556,-0.02259102649986744,0.06887446343898773,-4.759354114532471,-5.962194442749023,-7.198911190032959,-0.6358897089958191,0.5541856288909912,0.6653984189033508,0.7740166187286377
0.46240511536598206,0.44505229592323303,-0.1968953162431717,0.911611020565033,0.38207852840423584,0.1407041847705841,-0.05642373114824295,-3.702831745147705,-4.823436737060547,-5.299681663513184,-0.6592249274253845,-1.7448288202285767,-1.5318033695220947,-1.7305835485458374
0.434059739112854,0.4567950665950775,-0.1731872260570526,0.8282384872436523,0.5337916612625122,0.14202924072742462,0.0944204330444336,-4.238332748413086,-5.596352577209473,-8.69361686706543,-0.45458492636680603,-1.3447742462158203,-1.275266170501709,-1.4285423755645752
0.5040257573127747,0.4581955373287201,-0.1863461136817932,0.5444146990776062,-0.2562618553638458,-0.7947283387184143,0.07968300580978394,-3.643853187561035,-3.9565396308898926,-4.9821367263793945,16.11809539794922,-0.4909200072288513,-0.32260215282440186,-0.42257049679756165
0.4906276762485504,0.4505860209465027,-0.19468159973621368,0.9143396019935608,0.2860683500766754,0.1782214343547821,-0.22446636855602264,-3.8103699684143066,-4.367073059082031,-7.739548206329346,1.253380298614502,-1.7348761558532715,-1.5986597537994385,-1.6472913026809692
0.4454752206802368,0.41655242443084717,-0.16373670101165771,-0.3899620771408081,0.2192193865776062,0.7303507924079895,0.5161978006362915,-2.5180630683898926,-3.161940097808838,-6.560506820678711,-1.0462764501571655,-0.5249547362327576,-0.9266101121902466,-1.6868906021118164
0.4447172284126282,0.4256110191345215,-0.15684537589550018,-0.22634918987751007,0.8301793932914734,0.41629382967948914,-0.2937135696411133,-3.2084076404571533,-3.5399932861328125,-5.624260425567627,1.7799625396728516,0.34673377871513367,0.4135344624519348,0.20980145037174225
0.5124934315681458,0.48242712020874023,-0.15084177255630493,0.718497097492218,0.6918700933456421,0.0350937619805336,0.062017057090997696,-2.8287312984466553,-3.627131938934326,-5.543021202087402,-1.2791188955307007,-1.548932433128357,-1.3515251874923706,-1.6199697256088257
0.425586462020874,0.4677075445652008,-0.1481619030237198,-0.45549875497817993,0.4065859019756317,0.763510525226593,0.21038170158863068,-4.161578178405762,-5.389955997467041,-6.13934850692749,1.254212737083435,1.3640429973602295,1.1657671928405762,1.018020510673523
0.4262961149215698,0.45638927817344666,-0.13978643715381622,-0.05045825615525246,0.9475703835487366,0.24537917971611023,-0.19837696850299835,-2.438816785812378,-12.210233688354492,-4.455115795135498,-1.2909841537475586,-0.18767161667346954,-0.1459668129682541,-1.5500283241271973
0.4541853964328766,0.4771190285682678,-0.1413854956626892,0.6695776581764221,0.7358145713806152,0.07984086871147156,0.062194373458623886,-4.1268839836120605,-4.878326892852783,-5.896659851074219,1.2914173603057861,1.7724539041519165,1.6965597867965698,1.127142310142517
0.5049446225166321,0.4549362063407898,-0.2021152675151825,-0.3769296407699585,0.4509781002998352,0.6839088201522827,0.43221694231033325,-3.2788546085357666,-4.396939277648926,-5.359701633453369,0.004061011131852865,-1.3087621927261353,-1.394898772239685,-1.3712526559829712
0.5324345827102661,0.46910834312438965,-0.1894771009683609,0.6584131121635437,0.6609984040260315,-0.2203972488641739,0.2846020460128784,-3.3421406745910645,-4.649349212646484,-6.945837020874023,0.3369445204734802,-1.3269778490066528,-1.1855928897857666,-1.2762101888656616
0.601845383644104,0.47349271178245544,-0.1781621128320694,0.6926900148391724,0.7205166220664978,-0.03212356194853783,0.002100980142131448,-2.985586643218994,-3.9995009899139404,-5.239373207092285,-0.5963661670684814,0.689690113067627,0.8126204609870911,0.24916844069957733
0.5277119278907776,0.4486377537250519,-0.13424134254455566,0.8939365744590759,0.07588914781808853,-0.41776230931282043,-0.143502339720726,-2.9135308265686035,-4.128755569458008,-4.453460693359375,-0.8093647956848145,1.7724539041519165,1.7724539041519165,1.759130835533142
0.6246458292007446,0.4736393392086029,-0.13558362424373627,0.6531877517700195,0.7530496120452881,0.04568064957857132,-0.06461644172668457,-2.8358962535858154,-4.134500503540039,-5.757357597351074,1.6269389390945435,-0.9577059149742126,-1.0275410413742065,-1.0057648420333862
0.2883346378803253,0.47068941593170166,-0.11411647498607635,0.6415187120437622,0.733902096748352,0.003210148774087429,0.22322899103164673,-4.195411682128906,-4.927067279815674,-6.555206775665283,0.21420007944107056,1.7724539041519165,1.6558171510696411,1.01423180103302
0.3413742780685425,0.46903926134109497,-0.09343809634447098,0.6254302263259888,0.7677631974220276,0.11207102239131927,-0.08256394416093826,-3.3209755420684814,-4.615429401397705,-5.584914207458496,0.005772884003818035,1.7724539041519165,1.748343586921692,1.409595012664795
0.3523350656032562,0.46009451150894165,-0.09273257106542587,0.7112624645233154,0.6461559534072876,0.23512186110019684,-0.1459655612707138,-2.763157606124878,-4.6516242027282715,-6.092095375061035,-1.4222193956375122,-1.1847683191299438,-0.916126549243927,-1.3376998901367188
0.36781424283981323,0.45969510078430176,-0.12477389723062515,0.5400633215904236,-0.5766332745552063,-0.5096285939216614,-0.34074094891548157,-4.1142120361328125,-5.010783672332764,-5.490569114685059,2.6212317943573,1.558846116065979,1.4194632768630981,1.0221344232559204
0.43211278319358826,0.45096391439437866,-0.10151456296443939,0.8622936010360718,0.24387721717357635,-0.4438170790672302,0.0001929552381625399,-3.3251779079437256,-4.410617828369141,-5.019329071044922,-0.7526502013206482,1.6874465942382812,1.6260524988174438,0.8809579610824585
0.41791778802871704,0.46449440717697144,-0.07790213078260422,0.6129592657089233,0.7891316413879395,-0.019145743921399117,0.03443290293216705,-3.152068853378296,-3.8661434650421143,-5.103914737701416,16.11809539794922,1.7724539041519165,1.7724539041519165,1.7512738704681396
0.333776593208313,0.4477810263633728,-0.06686480343341827,0.9491944313049316,-0.30849578976631165,-0.000379234115825966,0.06212954968214035,-2.599186658859253,-4.151389122009277,-4.907107830047607,0.5071214437484741,1.7724539041519165,1.4846141338348389,0.40278559923171997
0.4621625542640686,0.37195664644241333,-0.09532073140144348,0.6901723146438599,0.6392077803611755,0.2953290343284607,-0.16690216958522797,-2.6309523582458496,-2.957798957824707,-3.6415772438049316,0.3482334613800049,-0.8852449059486389,-0.9854909777641296,-1.0799777507781982
0.5213768482208252,0.38124388456344604,-0.10637886822223663,-0.13755059242248535,0.8043721318244934,-0.5757770538330078,-0.05045825615525246,-3.3458621501922607,-11.919716835021973,-2.5069918632507324,-1.9061697721481323,1.6334378719329834,1.7029458284378052,1.7029458284378052
0.4516582787036896,0.47919201850891113,-0.12476983666419983,0.4390943646430969,0.8140239715576172,0.2496974915266037,-0.28672680258750916,-3.340116024017334,-4.829165458679199,-5.555071830749512,0.2459094226360321,1.481341004371643,1.3917677402496338,0.9519495964050293
0.4694816470146179,0.45949873328208923,-0.0974351167678833,-0.174875870347023,0.7732175588607788,0.026957150548696518,0.6089550852775574,-3.873732805252075,-15.497665405273438,-3.3449716567993164,2.1756255626678467,1.1051770448684692,0.7298339009284973,-0.29888439178466797
0.5839430093765259,0.47654110193252563,-0.13573722541332245,-0.37607574462890625,0.38171446323394775,0.6446561813354492,0.5452334880828857,-3.540518283843994,-3.6173977851867676,-5.497108459472656,1.7324154376983643,-0.5364031791687012,-0.5074849128723145,-0.8258295059204102
0.5359679460525513,0.47249796986579895,-0.08686067909002304,0.5553545355796814,0.8293917179107666,-0.023564985021948814,0.05599454417824745,-3.4067070484161377,-3.924025297164917,-6.072389125823975,16.11809539794922,1.7724539041519165,1.7349421977996826,0.9594890475273132
0.4956307113170624,0.3774665892124176,-0.06357429921627045,0.9523717164993286,0.12452804297208786,0.07886740565299988,0.26694729924201965,-2.6472628116607666,-3.1796867847442627,-4.018339157104492,0.2476777583360672,1.5554393529891968,1.452099084854126,1.6932737827301025
0.6446301937103271,-0.020715253427624702,-0.4474841356277466,0.5369395017623901,0.0753277838230133,-0.7763981223106384,-0.32129064202308655,-2.7976858615875244,-4.021095275878906,-4.864382266998291,-0.570208728313446,-1.2925946712493896,-1.1918261051177979,-1.577831506729126
0.6854093074798584,-0.02298644743859768,-0.4609726071357727,0.34629568457603455,0.8345703482627869,0.2522912621498108,0.34629568457603455,-3.5391669273376465,-9.1521577835083,-2.729020595550537,-1.4360558986663818,-0.9522595405578613,-0.4379003942012787,-1.6473394632339478
0.6733982563018799,0.01713521033525467,-0.4762975871562958,-0.3116564452648163,0.5757118463516235,0.7494075894355774,-0.09906785935163498,-3.8446476459503174,-4.493590831756592,-6.130244255065918,-0.7857066988945007,0.900026798248291,1.2785032987594604,-1.0136833190917969
0.6502351760864258,0.05616128817200661,-0.4461175501346588,0.5323607921600342,0.326557457447052,0.2711404860019684,0.7324172854423523,-3.7586236000061035,-4.321097373962402,-5.499609470367432,1.3428964614868164,-1.7724539041519165,-1.7724539041519165,-1.7724539041519165
0.631989061832428,0.03469325602054596,-0.42810237407684326,-0.3723183572292328,0.325664758682251,0.8681588172912598,0.040271904319524765,-3.440805673599243,-5.254212856292725,-5.572360515594482,-0.9469537138938904,0.660411536693573,1.0104777812957764,-0.528639018535614
0.6713143587112427,0.09322495758533478,-0.4511447250843048,0.8090149760246277,0.18569819629192352,0.3912082314491272,0.397450715303421,-3.10735821723938,-3.240457534790039,-4.53518533706665,0.05030053108930588,-1.0274314880371094,-0.4721400737762451,-1.674284815788269
0.6688699126243591,0.08990884572267532,-0.4634566009044647,-0.07820158451795578,0.5756835341453552,0.8000808358192444,-0.14947785437107086,-3.827404737472534,-4.153744220733643,-5.177816390991211,0.3564484715461731,0.42770832777023315,0.19584695994853973,-0.9664132595062256
0.6294854879379272,0.09247034788131714,-0.4215908348560333,-0.22562338411808014,0.5175461769104004,0.8253535032272339,0.0056212665513157845,-3.773595094680786,-4.763866424560547,-5.8991241455078125,0.11269892752170563,-0.14380013942718506,0.0010833124397322536,-0.8453851342201233
0.6053808331489563,0.0737585499882698,-0.3879549503326416,0.6829227805137634,0.41489899158477783,0.3857400119304657,0.4611723721027374,-3.2811882495880127,-3.677686929702759,-4.626141548156738,16.11809539794922,-1.705562949180603,-1.6388866901397705,-1.7724539041519165
0.7864575982093811,-0.04779219627380371,-0.3587713837623596,0.4949451982975006,0.43296557664871216,0.2615932822227478,0.7064977288246155,0.08132980018854141,-1.2756192684173584,-4.988533020019531,-1.5920357704162598,-1.6892426013946533,-1.7720904350280762,-1.7724539041519165
0.7681835889816284,0.029131406918168068,-0.5479229092597961,0.9054111838340759,0.28096869587898254,0.22739307582378387,-0.22266477346420288,-3.2386841773986816,-4.290848255157471,-5.37013578414917,0.6931295394897461,-0.11831511557102203,0.6203618049621582,-0.888731062412262
0.7004358172416687,0.03128752484917641,-0.5001857280731201,-0.22334706783294678,0.5978402495384216,0.7666307687759399,-0.07057170569896698,-3.3963510990142822,-4.7106709480285645,-6.433932781219482,-0.9331751465797424,0.13378658890724182,0.5847929120063782,-1.3453208208084106
0.7498810887336731,0.048203155398368835,-0.5436939001083374,-0.420797199010849,0.015416874550282955,0.8066407442092896,0.4147562086582184,-4.3692426681518555,-5.134684085845947,-7.2779645919799805,0.26701927185058594,-1.7724539041519165,-1.0008177757263184,-1.7724539041519165
0.7314980626106262,0.052677180618047714,-0.5304182767868042,0.08916595578193665,0.9159953594207764,0.2840868830680847,-0.26888027787208557,-2.80312180519104,-9.901387214660645,-6.410401821136475,0.11778303235769272,-1.6473394632339478,-1.2163898944854736,-1.7724539041519165
0.720470130443573,0.11910519748926163,-0.5164974331855774,-0.23968714475631714,0.485802561044693,0.8289464116096497,-0.13926176726818085,-3.3440864086151123,-5.198622703552246,-6.975322246551514,0.300402969121933,-0.3553898334503174,-0.07645881921052933,-0.7042097449302673
0.729820966720581,0.13760706782341003,-0.5216716527938843,-0.21081998944282532,0.4708956778049469,0.8552196621894836,0.04910743981599808,-4.443141937255859,-5.3564863204956055,-6.759486675262451,0.5940769910812378,0.04267054423689842,0.30691468715667725,0.11577697843313217
0.7094004154205322,0.18697203695774078,-0.5136375427246094,0.01369398832321167,0.846244215965271,0.5046943426132202,-0.17019641399383545,-3.1126604080200195,-3.943310499191284,-6.141854286193848,0.29165202379226685,-0.29940667748451233,-0.20038118958473206,-0.6504083275794983
0.6825060248374939,0.16358140110969543,-0.48885607719421387,-0.39468032121658325,0.8150778412818909,0.38638582825660706,-0.174875870347023,-5.606040954589844,-4.595624923706055,-13.372079849243164,1.4615178108215332,-0.2293764054775238,0.07645876705646515,-0.8827515840530396
0.6875975131988525,0.19875569641590118,-0.4882894456386566,0.6699944138526917,0.2843334376811981,0.2625424861907959,0.6335088610649109,-4.032306671142578,-4.672955513000488,-6.406920909881592,0.8833478689193726,0.8247101902961731,0.9583210945129395,-0.4320808947086334
0.6228628754615784,0.16419051587581635,-0.42234256863594055,-0.234222874045372,0.5357649326324463,0.7963811159133911,-0.15450792014598846,-3.5660104751586914,-5.827958106994629,-6.84369421005249,-1.7310256958007812,0.9533271789550781,0.654394268989563,0.2916908860206604
0.6165836453437805,0.2708440124988556,-0.40489548444747925,-0.3126421868801117,0.5990857481956482,0.7245337963104248,-0.1356535702943802,-3.908482551574707,-4.557277679443359,-8.71627140045166,-1.0753552913665771,0.12298908829689026,0.16756609082221985,-0.6996757388114929
0.6516647934913635,0.15928533673286438,-0.45212674140930176,0.9030563831329346,0.12573201954364777,0.31677210330963135,-0.2614116072654724,-3.4099957942962646,-5.363275051116943,-5.7151336669921875,0.3530389368534088,0.417614609003067,0.325557142496109,-0.40973901748657227
0.6838398575782776,0.17854876816272736,-0.48565179109573364,-0.18572470545768738,0.43069300055503845,0.8670366406440735,0.1680992841720581,-2.8004608154296875,-5.1327009201049805,-5.621243000030518,-0.7712388634681702,0.06575950980186462,0.13968564569950104,-0.5266983509063721
0.6509334444999695,0.1879388689994812,-0.44308507442474365,-0.2840868830680847,0.8466017842292786,0.35459020733833313,0.27717480063438416,-12.304794311523438,-3.540588855743408,-5.042418003082275,0.4218320846557617,-0.29888439178466797,-0.11816361546516418,-0.8827515840530396
0.6642491817474365,0.2606426179409027,-0.4727845788002014,-0.29633238911628723,0.3268257975578308,0.8877029418945312,-0.13174034655094147,-4.051817417144775,-5.234392166137695,-7.074711799621582,16.11809539794922,-0.17082959413528442,-0.1459668129682541,-0.7883808016777039
0.6804548501968384,0.2575763165950775,-0.4889204204082489,0.3342340886592865,0.381023108959198,0.3021566867828369,0.8073477149009705,-3.544177770614624,-5.101837635040283,-6.0320940017700195,-0.5525364279747009,-0.4501875936985016,-0.24426434934139252,-1.1876003742218018
0.6372803449630737,0.239595428109169,-0.43903258442878723,0.3519238531589508,0.40715697407722473,0.191473588347435,0.8207988142967224,-3.9421215057373047,-4.398838520050049,-6.777942180633545,-0.41313621401786804,-0.040766049176454544,0.22336433827877045,-0.42362329363822937
0.6378689408302307,0.24183624982833862,-0.44019150733947754,-0.4278583526611328,0.5301572680473328,0.6156336665153503,-0.3960627317428589,-5.256605625152588,-4.412140369415283,-10.005836486816406,1.2909841537475586,-0.11816361546516418,0.10426196455955505,-0.5491132140159607
0.6019612550735474,0.23382903635501862,-0.3968884348869324,-0.004713982809334993,0.8629857301712036,0.3793874680995941,-0.3336143493652344,-3.576075553894043,-6.169518947601318,-6.467099189758301,-0.12904638051986694,-0.48199233412742615,-0.4152671992778778,-0.9343878626823425
0.6160258054733276,0.25944557785987854,-0.4138723611831665,0.6496739387512207,0.3036075830459595,0.338593453168869,0.6091803312301636,-2.6592068672180176,-3.368114471435547,-5.928747653961182,-2.0851755142211914,-0.8488009572029114,-0.8614171147346497,-1.30723237991333
0.6774864792823792,0.32102376222610474,-0.4445663094520569,-0.22728034853935242,0.494411438703537,0.836428165435791,0.06549002975225449,-3.5404205322265625,-4.128791332244873,-5.60989236831665,0.40160515904426575,0.505268394947052,0.48131707310676575,-0.11987555772066116
0.6283560395240784,0.2925761640071869,-0.42213308811187744,-0.3206987977027893,0.39180442690849304,0.8618597984313965,0.028969136998057365,-2.6956048011779785,-4.879288196563721,-6.481118679046631,0.15192703902721405,-0.44741755723953247,-0.44339409470558167,-0.9557415246963501
0.6509334444999695,0.26878494024276733,-0.4278280735015869,-0.2536737024784088,0.8768712282180786,0.0739593580365181,0.4015924036502838,-12.208142280578613,-1.7821953296661377,-3.0155093669891357,-0.9916401505470276,-1.0634723901748657,-0.9522595405578613,-1.619536280632019
0.6574146151542664,0.3055162727832794,-0.44216790795326233,-0.48002657294273376,-0.0586077906191349,0.8706763386726379,-0.08979032188653946,-3.3843934535980225,-4.005837917327881,-6.391424655914307,0.13925273716449738,0.6426105499267578,0.5524348020553589,-0.3451409935951233
0.724991500377655,0.19559383392333984,-0.5223124623298645,0.4574408531188965,0.33172178268432617,0.2710130214691162,0.7792692184448242,-3.8135266304016113,-4.956070423126221,-6.182307243347168,0.211280956864357,0.02304972894489765,0.33740517497062683,-0.036458078771829605
0.7460141777992249,0.2537558674812317,-0.5396250486373901,0.0435461662709713,0.9948624968528748,-0.08916595578193665,-0.02004506066441536,-5.085605144500732,-4.121623516082764,-13.17870044708252,4.840242385864258,-0.8410467505455017,-0.29888439178466797,-1.2163898944854736
0.7280365228652954,0.2700607180595398,-0.5225672125816345,0.9360158443450928,0.04805482178926468,0.3473174273967743,-0.03058961220085621,-4.04054069519043,-4.707484722137451,-5.648813724517822,2.0989317893981934,0.26359453797340393,0.7790209650993347,-0.2914021611213684
0.7496986389160156,0.28719833493232727,-0.5325111150741577,-0.32221341133117676,0.3120577335357666,0.8905491828918457,0.07563476264476776,-2.7958812713623047,-4.465762138366699,-6.373520851135254,1.2786448001861572,-0.37122857570648193,-0.19050776958465576,-0.90325528383255
0.7111185789108276,0.24372334778308868,-0.5134576559066772,-0.391915500164032,0.6877716779708862,0.05045825615525246,0.6089550852775574,-13.754351615905762,-2.9423067569732666,-5.5380730628967285,1.7117167711257935,-0.5908179879188538,-0.2571796178817749,-0.9244563579559326
0.7115346193313599,0.28708890080451965,-0.5084629058837891,-0.15543201565742493,0.8834511041641235,0.4251159131526947,-0.12096070498228073,-3.7498748302459717,-5.180492401123047,-6.7088446617126465,-0.4314765930175781,0.8410466909408569,1.2704689502716064,0.4379003345966339
0.6880864500999451,0.2878427803516388,-0.4955122470855713,-0.12787365913391113,0.8293145298957825,0.339383602142334,0.42509353160858154,-1.6374866962432861,-9.534455299377441,-2.8714582920074463,-1.8382794857025146,-1.3554059267044067,-1.2163898944854736,-1.4666187763214111
0.6026708483695984,0.014628438279032707,-0.3914914131164551,0.36554452776908875,0.42313411831855774,0.19441716372966766,0.8059383630752563,-3.1298792362213135,-5.088569641113281,-5.60064172744751,-2.143381357192993,0.5429273247718811,0.7731462121009827,-0.3968607187271118
0.6103093028068542,0.0021047547925263643,-0.40462830662727356,-0.4037584364414215,0.11534025520086288,0.9074843525886536,0.012162057682871819,-3.163336992263794,-4.552785396575928,-6.209568977355957,-0.09181950241327286,-1.4666187763214111,-1.3554059267044067,-1.7724539041519165
0.6256433129310608,-0.03635064885020256,-0.38243579864501953,0.007779971230775118,0.4782336950302124,0.871162474155426,0.1109410896897316,-2.7365472316741943,-3.389296054840088,-6.042430400848389,-0.8612043261528015,-0.24439434707164764,0.08900280296802521,-0.9401979446411133
0.5911148190498352,-0.007451863028109074,-0.37630391120910645,0.3321124017238617,0.8500093817710876,-0.22441866993904114,-0.34179189801216125,-3.3902125358581543,-4.734852313995361,-6.21411657333374,-0.14127829670906067,-1.737730622291565,-1.5996943712234497,-1.7724539041519165
0.5893042087554932,0.02864115498960018,-0.3516813814640045,0.2909989655017853,0.6542967557907104,0.4140341877937317,0.5619528889656067,-4.117634296417236,-11.063307762145996,-3.540078639984131,-0.7286538481712341,-1.2163898944854736,-0.32668760418891907,-1.7724539041519165
0.5938965082168579,0.11922933161258698,-0.37992656230926514,-0.37173664569854736,0.3005414307117462,0.876716673374176,-0.05342879146337509,-3.730644464492798,-5.005733489990234,-5.60417366027832,-1.4810364246368408,-0.2065696120262146,-0.04044527933001518,-0.8841369152069092
0.5767838358879089,0.11214548349380493,-0.3604923486709595,0.27763184905052185,0.4537382423877716,0.4430151581764221,0.7216507196426392,-3.8900396823883057,-5.607761859893799,-5.949765205383301,16.11809539794922,-1.7724539041519165,-1.6298967599868774,-1.7724539041519165
0.6129665374755859,0.12111712992191315,-0.3565112352371216,-0.14049547910690308,0.7862059473991394,0.5954760313034058,-0.08688817918300629,-3.44578218460083,-3.954197645187378,-6.345020771026611,0.23459292948246002,-0.2619284689426422,-0.19061139225959778,-0.7020307779312134
0.5520148873329163,-0.022410981357097626,-0.3244437277317047,-0.42775267362594604,0.23016053438186646,0.8565866947174072,-0.17410624027252197,-3.91351580619812,-4.831638336181641,-5.325813293457031,-0.5574721097946167,0.13557611405849457,0.03475397080183029,-0.6012086272239685
0.570023238658905,0.08456636220216751,-0.31464794278144836,-0.13150352239608765,0.5640954375267029,0.7245550751686096,0.37352800369262695,-2.9861090183258057,-4.125865936279297,-5.448268890380859,0.26982957124710083,-0.8194020986557007,-0.8527820706367493,-1.330431342124939
0.5975313782691956,0.1668035089969635,-0.38988572359085083,-0.4367505609989166,-0.05492580309510231,0.8658602237701416,-0.23773545026779175,-3.9830431938171387,-5.311208248138428,-6.324030876159668,0.3721007704734802,-1.5935816764831543,-1.5039502382278442,-1.7724539041519165
0.572731077671051,0.18322856724262238,-0.35433611273765564,-0.4899694323539734,0.09672728925943375,0.858701229095459,-0.11491742730140686,-3.221165895462036,-3.7804882526397705,-5.948531627655029,-2.221566915512085,0.1604330688714981,0.13569027185440063,-0.36392712593078613
0.6122449040412903,0.20961205661296844,-0.4016098380088806,0.8959565758705139,0.17803500592708588,0.31813400983810425,0.2536850869655609,-3.731107711791992,-4.312822341918945,-7.632476806640625,-0.5318625569343567,-0.19586297869682312,-0.05659900978207588,-0.9281787276268005
0.5987452268600464,0.19751863181591034,-0.39724233746528625,0.7697407603263855,0.2015806883573532,0.330992728471756,0.5072556138038635,-4.158946990966797,-4.764824867248535,-6.54113245010376,-1.6060792207717896,0.5692126750946045,0.4201183021068573,-0.38646411895751953
0.5624265074729919,0.16142579913139343,-0.3370140790939331,0.5280954837799072,-0.11111324280500412,-0.7842344641685486,0.30617859959602356,-3.6282553672790527,-4.915717601776123,-5.8770318031311035,1.0065069198608398,-1.7047137022018433,-1.6670804023742676,-1.7724539041519165
0.5803777575492859,0.253574937582016,-0.3660667836666107,-0.4121069610118866,0.31463170051574707,0.8535075187683105,-0.051957909017801285,-3.8214478492736816,-5.385262966156006,-8.007616996765137,0.49006181955337524,-0.03451530635356903,0.0175261702388525,-0.6744663119316101
0.5936547517776489,0.2554425895214081,-0.38355451822280884,0.0739593580365181,0.9174796342849731,-0.23017258942127228,0.31588250398635864,-14.628379821777344,-5.819179534912109,-3.783928394317627,2.0149030685424805,-0.5213099718093872,-0.3683924078941345,-0.9244563579559326
0.5615328550338745,0.23014266788959503,-0.33885499835014343,0.5183417201042175,-0.032545119524002075,-0.8519598245620728,-0.06653663516044617,-4.692746162414551,-5.592419624328613,-7.961184501647949,0.7354878783226013,0.10814892500638962,0.09480750560760498,-0.4662637710571289
0.5597758889198303,0.2582508623600006,-0.3336661756038666,-0.4386109709739685,0.1907179057598114,0.8781679272651672,-0.008260662667453289,-4.175724506378174,-4.473973751068115,-6.528568744659424,-0.6093842387199402,0.37114453315734863,0.13368146121501923,-0.5569257140159607
0.5778158903121948,0.287537157535553,-0.3601953387260437,-0.4039693772792816,0.14424461126327515,0.8970565795898438,-0.10626256465911865,-4.201392650604248,-5.173354148864746,-7.191766738891602,-0.27854856848716736,0.37834492325782776,0.2969898581504822,-0.38332128524780273
0.5545298457145691,0.21974129974842072,-0.3264119327068329,-0.44751834869384766,0.26703116297721863,0.8458223342895508,0.11404488980770111,-4.038406848907471,-5.483800888061523,-7.228875637054443,-1.0972493886947632,0.4084818363189697,0.36704179644584656,-0.06096857413649559
0.5595951080322266,0.2525703012943268,-0.3347627520561218,0.5410965085029602,0.44321006536483765,0.30565714836120605,0.6460287570953369,-2.2265779972076416,-5.081589698791504,-8.760598182678223,-0.4005967080593109,-1.023461937904358,-0.942367434501648,-1.4605151414871216
0.665549635887146,0.32174432277679443,-0.4358685314655304,0.5549346208572388,-0.24488788843154907,-0.7901746034622192,0.08775877207517624,-1.8283443450927734,-3.3817012310028076,-7.041779518127441,-1.6868997812271118,-0.7897576689720154,-0.4953518509864807,-1.4091490507125854
0.6602945923805237,0.38836807012557983,-0.4490497410297394,-0.4598304033279419,0.16424454748630524,0.8707084059715271,-0.05870823934674263,-2.382237672805786,-3.4910731315612793,-5.930068492889404,-0.47710028290748596,-0.6260107159614563,-0.8423358201980591,-1.2045400142669678
0.695303738117218,0.44909313321113586,-0.48493775725364685,0.7995943427085876,0.4864792227745056,0.24338650703430176,-0.254459947347641,-3.3009891510009766,-4.424887180328369,-4.9280686378479,1.8309060335159302,0.3825729191303253,0.3909386694431305,-0.0786527767777443
0.6220690011978149,0.3442377746105194,-0.48018208146095276,0.6041781306266785,-0.08163157850503922,-0.6124384999275208,-0.5032138228416443,-1.1198225021362305,-1.7819936275482178,-6.870492458343506,-2.041865110397339,-0.22763647139072418,-0.7676964402198792,-1.545243501663208
0.6310778260231018,0.34315165877342224,-0.42785969376564026,-0.4379889965057373,0.0618702732026577,0.8968396782875061,0.004032348282635212,-3.159228801727295,-3.957777738571167,-6.0806779861450195,-0.12224394828081131,0.28115957975387573,0.11573466658592224,-0.44897177815437317
0.6698875427246094,0.33709046244621277,-0.46564817428588867,-0.31612399220466614,0.4503531754016876,0.8065335750579834,-0.21622031927108765,-2.737488031387329,-4.843740940093994,-6.899023532867432,0.46964842081069946,-0.2719728350639343,-0.06291387230157852,-0.8175882697105408
0.6501570343971252,0.36865460872650146,-0.4483616352081299,-0.43080413341522217,0.04474606364965439,0.8889764547348022,-0.14874964952468872,-3.385005474090576,-4.697999000549316,-7.595158576965332,-0.261392742395401,0.5400270223617554,0.4435828626155853,-0.11903061717748642
0.6304913759231567,0.3259856402873993,-0.4251461327075958,-0.2195596694946289,0.6130852699279785,0.7378652691841125,-0.17741142213344574,-3.746565103530884,-4.861362457275391,-6.792396545410156,1.0777806043624878,0.1581384837627411,-0.024909663945436478,-0.6423671245574951
0.6235964894294739,0.33334094285964966,-0.4238646626472473,0.0739593580365181,0.9720430970191956,-0.05875276401638985,-0.21496598422527313,-6.119680881500244,-2.514885663986206,-11.626449584960938,-0.5890069007873535,-0.5491132140159607,-0.47960519790649414,-1.1051771640777588
0.6424255967140198,0.3980436623096466,-0.41727814078330994,-0.30398863554000854,0.36299875378608704,0.7866085767745972,0.39632031321525574,-2.6932969093322754,-3.708969831466675,-4.8857221603393555,-1.6361684799194336,0.08966144174337387,0.010083223693072796,-0.46478816866874695
0.7003902196884155,0.4835473299026489,-0.4772801995277405,0.8290135860443115,0.49337244033813477,0.2632848024368286,0.0011085440637543797,-4.102736949920654,-5.0066399574279785,-6.919406890869141,1.190237283706665,1.6128027439117432,1.4892089366912842,0.9626858234405518
0.641242504119873,0.45356065034866333,-0.4280247092247009,-0.4050794541835785,-0.1450216919183731,0.8858963847160339,-0.1733981817960739,-3.430140733718872,-4.987715721130371,-5.207355976104736,0.9121442437171936,1.1636865139007568,1.2277493476867676,0.7328091859817505
0.6401316523551941,0.42780810594558716,-0.4277571439743042,0.5107197761535645,-0.12538230419158936,-0.8493055701255798,0.0460936464369297,-2.759462594985962,-4.094780445098877,-7.514299392700195,1.5262107849121094,0.07327983528375626,-0.05334329977631569,-0.4255075454711914
0.6663749814033508,0.43777701258659363,-0.43874433636665344,-0.4947953224182129,0.23468203842639923,0.8211960196495056,-0.16043394804000854,-3.0382094383239746,-4.355269432067871,-5.209733009338379,2.3634583950042725,-0.3329644799232483,-0.39681175351142883,-0.5553900599479675
0.6817307472229004,0.4756608009338379,-0.4516322910785675,0.8595786690711975,0.4286060929298401,0.2735253572463989,-0.05104085057973862,-3.196237087249756,-4.953904628753662,-6.053908824920654,1.5834611654281616,1.7724539041519165,1.6151604652404785,1.2763720750808716
0.6795513033866882,0.4823446273803711,-0.4394058287143707,-0.4674781262874603,0.08712644129991531,0.7185223698616028,0.5075419545173645,-3.9778735637664795,-4.723350524902344,-6.511842250823975,-0.4692600667476654,1.6947726011276245,1.5623797178268433,1.393531322479248
0.709220290184021,0.35969144105911255,-0.5072546601295471,0.885448694229126,-0.046358343213796616,0.3015281558036804,-0.3505884110927582,-3.317654848098755,-4.051718235015869,-4.901124477386475,3.0161259174346924,-0.12192536890506744,-0.0747409388422966,-0.60017329454422
0.7324612140655518,0.3344641625881195,-0.5325561761856079,0.6110520958900452,0.264004111289978,0.2895716428756714,0.6877975463867188,-3.4857139587402344,-4.744635105133057,-6.342342376708984,-0.26987749338150024,1.1835923194885254,0.8633147478103638,0.397945374250412
0.7343670129776001,0.38973915576934814,-0.5266082286834717,-0.41019463539123535,-0.13251039385795593,0.8463084101676941,-0.3129591643810272,-3.423196315765381,-4.887646675109863,-5.549952983856201,-2.284825563430786,-1.3147478103637695,-1.602144718170166,-1.5576481819152832
0.7576335072517395,0.3728450834751129,-0.5214546918869019,0.6166902780532837,0.21982747316360474,0.4706816077232361,0.5914623737335205,-3.0266339778900146,-3.3468222618103027,-6.800782203674316,0.7779677510261536,0.5135970115661621,0.5947145223617554,-0.11392319947481155
0.7169288396835327,0.40574967861175537,-0.513668417930603,-0.2659505009651184,0.553878128528595,0.7702234387397766,-0.17101238667964935,-3.2241251468658447,-4.784437656402588,-4.8504862785339355,1.154759407043457,0.37276849150657654,0.2746841609477997,-0.2813797891139984
0.7704581022262573,0.3365423083305359,-0.521599531173706,-0.11877487599849701,0.6346693634986877,0.7622984051704407,0.04459289461374283,-2.3386776447296143,-3.6088242530822754,-5.090306758880615,-0.4453451335430145,-0.2020370066165924,0.08249249309301376,-0.9119251370429993
0.7437174320220947,0.42155370116233826,-0.535823404788971,0.8545766472816467,-0.2695387601852417,0.37211424112319946,-0.24203021824359894,-3.4721264839172363,-4.180087566375732,-5.694752216339111,-1.2803999185562134,1.7062727212905884,1.6462191343307495,1.0154645442962646
0.7281814813613892,0.44905540347099304,-0.4965362846851349,-0.41988319158554077,0.14529165625572205,0.8940631747245789,-0.05691640079021454,-3.2141950130462646,-4.30589485168457,-6.635625839233398,1.1158456802368164,-0.2715475559234619,-0.2715475559234619,-0.7227844595909119
0.7490947842597961,0.4801541864871979,-0.5119791030883789,0.886997401714325,0.42623746395111084,0.15450860559940338,-0.08766011893749237,-3.6612560749053955,-4.401544570922852,-6.104160785675049,0.46670371294021606,1.7458292245864868,1.6627007722854614,1.10720956325531
0.727241039276123,0.4574268162250519,-0.4917624890804291,0.3697968125343323,0.893071711063385,-0.11266706138849258,0.23017258942127228,-13.851466178894043,-3.780709743499756,-4.507611274719238,0.3083013594150543,1.0634722709655762,1.1329803466796875,0.6186211109161377
0.7319784164428711,0.49120575189590454,-0.48520413041114807,0.6962506771087646,0.633996844291687,0.26127496361732483,-0.21217530965805054,-3.7177531719207764,-4.423866271972656,-6.678025722503662,0.3181460201740265,1.5717332363128662,1.332979440689087,0.8774067163467407
0.7835217714309692,0.467805951833725,-0.5239144563674927,0.9740762114524841,0.17969423532485962,-0.0012319586239755154,0.13741904497146606,-3.5424301624298096,-4.575502395629883,-5.622239112854004,-0.8338894248008728,1.5469683408737183,1.7313194274902344,0.8663602471351624
0.8081570863723755,0.4790283143520355,-0.5412474870681763,0.7915147542953491,0.5622281432151794,0.17248132824897766,-0.16629517078399658,-3.650297164916992,-5.516360282897949,-6.392541408538818,-0.5072524547576904,1.702532172203064,1.6652405261993408,1.2855669260025024
0.81432044506073,0.44123515486717224,-0.509883463382721,0.5441258549690247,-0.33158817887306213,-0.7580439448356628,-0.13908874988555908,-3.5498576164245605,-3.642094612121582,-4.247256278991699,-0.8627076745033264,1.2096846103668213,1.2117812633514404,-0.17796319723129272
0.772875964641571,0.4839307963848114,-0.4800461232662201,0.7100824117660522,0.6696209907531738,0.16636663675308228,-0.14040248095989227,-3.2760438919067383,-4.307580947875977,-5.417030334472656,16.11809539794922,0.3818861246109009,0.1514149308204651,0.04936826229095459
0.7999202013015747,0.48500147461891174,-0.48908406496047974,-0.08225386589765549,0.9943802356719971,-0.0435461662709713,0.05045825615525246,-5.611699104309082,-7.561742782592773,-5.970709800720215,4.139158725738525,-0.7715387940406799,-0.9244563579559326,-1.285897970199585
0.7067680358886719,0.39331579208374023,-0.45372897386550903,-0.0034560449421405792,0.9646759033203125,0.19699455797672272,0.174875870347023,-11.43108081817627,-2.5806429386138916,-3.878321647644043,-1.773577094078064,0.5074083209037781,1.2580946683883667,-0.1459668129682541
0.694176197052002,0.4825405478477478,-0.41291046142578125,0.5247355699539185,0.7875257730484009,0.15923801064491272,-0.28124547004699707,-3.9712045192718506,-4.239289283752441,-5.649522304534912,2.9063825607299805,0.6543456315994263,0.128288134932518,0.10636032372713089
0.7370384335517883,0.46552494168281555,-0.40812236070632935,0.5854899883270264,0.7383069396018982,-0.2905055284500122,0.16646575927734375,-3.1723058223724365,-3.516756772994995,-4.962448596954346,-0.9914041757583618,-0.018555816262960434,-0.2641913890838623,-0.2215469926595688
0.7662726640701294,0.48113876581192017,-0.4481809139251709,0.555223286151886,0.7418202757835388,0.2429942786693573,-0.28702542185783386,-3.15299391746521,-4.030429363250732,-5.661128044128418,0.31894299387931824,0.9963825345039368,0.7475633025169373,0.2200331836938858
0.8248196840286255,0.47366800904273987,-0.44899895787239075,0.6116456389427185,0.744486927986145,0.17482273280620575,-0.2026471346616745,-3.168092727661133,-4.355315208435059,-6.295419216156006,1.9152040481567383,0.7388615608215332,1.6640502214431763,-1.3652979135513306
0.734406590461731,0.506371796131134,-0.46886202692985535,0.12925608456134796,-0.5121858716011047,-0.261968195438385,0.8076702356338501,-3.1614327430725098,-13.85798454284668,-1.7072726488113403,-1.6817585229873657,-0.6603260040283203,-1.244193196296692,-1.5500283241271973
0.590839684009552,0.3374771475791931,-0.3788672983646393,0.49421441555023193,0.7205696702003479,-0.31588250398635864,0.3697968125343323,-12.596451759338379,-5.457515716552734,-3.437819004058838,2.219203472137451,-0.29888439178466797,-0.32668760418891907,-0.8827515840530396
0.5932399034500122,0.379018098115921,-0.37712612748146057,-0.45148804783821106,-0.1259808987379074,0.8832787871360779,-0.010292408056557178,-3.7015268802642822,-3.950153112411499,-6.911681652069092,0.9533655047416687,0.35239121317863464,0.1364600509405136,-0.4154028594493866
0.6092653870582581,0.3946945071220398,-0.40056243538856506,0.12787365913391113,0.9656916856765747,-0.0739593580365181,0.2135835736989975,-4.311862468719482,-3.4354851245880127,-14.340261459350586,-0.9328200221061707,-0.9244563579559326,-1.0634723901748657,-1.1468819379806519
0.5599919557571411,0.4022320806980133,-0.3709733188152313,0.9113618731498718,-0.14910723268985748,-0.23341506719589233,-0.30447325110435486,-2.2230982780456543,-2.8740365505218506,-5.8322882652282715,-2.1198880672454834,-0.33611416816711426,-1.0380258560180664,-1.041429877281189
0.6132513880729675,0.4012012183666229,-0.3914129436016083,-0.3578576445579529,0.4415002465248108,0.8218015432357788,-0.04071430489420891,-3.1231067180633545,-4.098668575286865,-6.4587602615356445,-0.2934359014034271,1.278916358947754,0.893703818321228,0.5438366532325745
0.5708785057067871,0.35126444697380066,-0.3471280634403229,0.37670889496803284,0.873175859451294,-0.16658136248588562,0.2605857849121094,-12.887794494628906,-4.750627040863037,-3.3434255123138428,0.133531391620636,0.7298339009284973,0.5074083209037781,-0.1459668129682541
0.6077772974967957,0.4543209671974182,-0.3814394772052765,-0.4019410312175751,0.5773455500602722,0.7105347514152527,0.015997665002942085,-3.666887044906616,-4.712212085723877,-6.727619647979736,-0.11687377095222473,1.0649268627166748,1.0757696628570557,0.6792258620262146
0.5794222950935364,0.4486282169818878,-0.3495924472808838,-0.4693276286125183,0.3124769628047943,0.8186654448509216,0.10897980630397797,-3.4939916133880615,-5.049880027770996,-7.025787830352783,-1.5471247434616089,-1.1979418992996216,-1.218440055847168,-1.5863012075424194
0.6215416789054871,0.46264564990997314,-0.39492470026016235,-0.4101966321468353,0.1527051478624344,0.847114622592926,0.30135807394981384,-3.4926743507385254,-4.398324489593506,-6.482617378234863,0.2659502327442169,1.6557435989379883,1.6196942329406738,1.482479453086853
0.5733827352523804,0.4416683316230774,-0.3449706733226776,-0.48443835973739624,-0.07467550039291382,0.8538732528686523,0.17505274713039398,-3.967217206954956,-4.444694995880127,-5.662998676300049,16.11809539794922,0.915855884552002,0.5666055679321289,0.09616775065660477
0.592385470867157,0.45933568477630615,-0.33811020851135254,0.5604904890060425,-0.10686828941106796,-0.7867637872695923,0.23544065654277802,-3.720642566680908,-4.033390522003174,-5.121456146240234,-1.2737994194030762,1.7724539041519165,1.644686222076416,1.1479207277297974
0.5689097046852112,0.4376949667930603,-0.32076767086982727,0.37921661138534546,0.408245712518692,0.1185055673122406,0.8218799233436584,-3.692790985107422,-4.120352745056152,-5.007185459136963,1.6050865650177002,1.6766453981399536,1.2248749732971191,0.5303870439529419
0.6156630516052246,0.4780619740486145,-0.3389947712421417,-0.37838244438171387,0.434458464384079,0.4783633351325989,0.6627526879310608,-3.1238629817962646,-4.533067226409912,-5.074392318725586,0.34344422817230225,1.2117576599121094,0.9235318303108215,0.8123190402984619
0.6485767960548401,0.47980138659477234,-0.38074275851249695,-0.31054726243019104,0.2542147934436798,0.711233913898468,0.5771321654319763,-3.9665982723236084,-4.265808582305908,-5.06807804107666,0.3546283543109894,-1.431373953819275,-1.391113042831421,-1.4042330980300903
0.6755470037460327,0.4728407859802246,-0.3779299855232239,0.5354651212692261,-0.32212522625923157,-0.5411968231201172,-0.5626885294914246,-3.864975690841675,-4.481154441833496,-5.155137538909912,1.7513924837112427,1.2158303260803223,1.05289888381958,0.3294561803340912
0.6384011507034302,0.47421103715896606,-0.34464725852012634,-0.3530067801475525,0.24986961483955383,0.7353328466415405,0.5217633247375488,-3.4089677333831787,-4.163897514343262,-4.355823516845703,16.11809539794922,0.42864739894866943,0.0031116954050958157,0.03572438284754753
0.6507952213287354,0.4752426743507385,-0.31092366576194763,0.6393902897834778,0.6797456741333008,-0.34591954946517944,0.09729078412055969,-3.3981986045837402,-4.281919479370117,-5.370379447937012,0.8482424020767212,1.3519316911697388,1.2420222759246826,0.13358883559703827
0.5828490257263184,0.47845521569252014,-0.3209173083305359,-0.4244787096977234,0.16623853147029877,0.7026837468147278,0.5462766289710999,-3.7777416706085205,-5.045912265777588,-6.020806312561035,1.4738378524780273,1.7724539041519165,1.5448014736175537,1.1144813299179077
0.6249266266822815,0.47173914313316345,-0.2805137038230896,-0.27522012591362,0.3317974805831909,0.5624207258224487,0.7055829167366028,-3.060126543045044,-3.966221332550049,-6.540450096130371,-1.946325659751892,1.7724539041519165,1.7467408180236816,1.6429486274719238
0.576585054397583,0.4759194552898407,-0.2725380063056946,-0.3714156746864319,0.32046443223953247,0.5403441190719604,0.6836528182029724,-3.7344510555267334,-4.173741340637207,-5.977198600769043,0.3700943887233734,1.3473801612854004,0.9544323086738586,0.7028047442436218
0.6463727355003357,0.4160648584365845,-0.3219509720802307,-0.02004506066441536,0.8915960788726807,-0.2605857849121094,-0.3697968125343323,-3.2958984375,-10.290661811828613,-3.783928394317627,4.139158725738525,-1.035669207572937,-0.9244563579559326,-1.577831506729126
0.7271309494972229,0.47294193506240845,-0.400182843208313,-0.26044151186943054,0.31231260299682617,0.5655078887939453,0.7175178527832031,-3.201082468032837,-4.181276321411133,-5.943741321563721,16.11809539794922,1.4301916360855103,1.6809487342834473,-0.7143473625183105
0.8105811476707458,0.5051677227020264,-0.37914565205574036,-0.33163002133369446,0.8132649660110474,0.4737471342086792,0.06469375640153885,-2.8148796558380127,-4.855216026306152,-5.981930732727051,-0.48858019709587097,0.5545260906219482,0.865914523601532,-1.1894880533218384
0.7112687826156616,0.47174325585365295,-0.35107505321502686,0.6031000018119812,0.7825214862823486,0.07498470693826675,-0.1353064626455307,-3.2059319019317627,-4.596810817718506,-5.73659610748291,-0.22140656411647797,1.7381870746612549,1.7724539041519165,-0.32014691829681396
0.8079119324684143,0.6476808786392212,-0.38911208510398865,0.5415254831314087,0.47381895780563354,0.4088362157344818,0.5613365769386292,-2.4324023723602295,-3.3960061073303223,-6.107578754425049,-2.0001349449157715,-0.5148865580558777,0.012913846410810947,-1.7724539041519165
0.758244514465332,0.529123067855835,-0.329600989818573,-0.018112335354089737,0.6329987645149231,0.7739408612251282,-0.00021547528740484267,-2.8261871337890625,-3.4950053691864014,-4.575047492980957,-1.1646469831466675,-0.5686461329460144,0.13259294629096985,-1.656270146369934
0.8442081212997437,0.7280553579330444,-0.33346477150917053,0.7582017183303833,0.4841715693473816,0.2790847718715668,0.33588650822639465,-3.162599563598633,-3.673581838607788,-5.793211936950684,-1.5654966831207275,-1.14152991771698,-0.15023577213287354,-1.7724539041519165
0.8866745233535767,0.3767710030078888,-0.5204215049743652,0.32417699694633484,0.861659824848175,-0.37809130549430847,0.09746046364307404,-10.48982048034668,-3.3368494510650635,-3.92551851272583,1.2005772590637207,0.7715387344360352,0.9522594809532166,0.07645876705646515
0.9274575710296631,0.3908046782016754,-0.5320078134536743,-0.06302642822265625,0.4771604537963867,0.8697976469993591,0.10861697047948837,-2.7055294513702393,-3.3335585594177246,-4.842291355133057,16.11809539794922,0.0880400612950325,0.12885554134845734,-0.7838355898857117
0.8360936045646667,0.48531174659729004,-0.5199533104896545,0.6475062966346741,0.6710397601127625,0.30223533511161804,-0.19772456586360931,-3.7542197704315186,-5.22108793258667,-6.502018928527832,-0.314279705286026,1.171204686164856,0.7465184926986694,0.591508686542511
0.8746656775474548,0.47262564301490784,-0.5081144571304321,0.8438879251480103,0.5003942251205444,-0.04086640849709511,0.1891789585351944,-3.5995538234710693,-4.092057704925537,-4.41517448425293,2.6819610595703125,0.5066742300987244,0.30148327350616455,0.15949027240276337
0.8477476239204407,0.4442237317562103,-0.4940198063850403,0.6252824068069458,0.19383031129837036,-0.7455130815505981,-0.12514784932136536,-3.063728094100952,-3.7147538661956787,-4.685542583465576,-0.6440063118934631,1.6716084480285645,1.7698620557785034,0.824434757232666
0.8648452758789062,0.4804346561431885,-0.48522254824638367,0.5832134485244751,0.7893183827400208,-0.1067143976688385,0.15953242778778076,-3.6054368019104004,-4.634789943695068,-5.693362236022949,1.5852243900299072,1.720276951789856,1.7724539041519165,-0.5787781476974487
0.945126473903656,0.4856395423412323,-0.5061582326889038,0.6966866254806519,0.6162074208259583,0.21752400696277618,-0.2959721088409424,-3.5809383392333984,-3.940561056137085,-4.510435581207275,3.2764084339141846,0.4969075620174408,0.2679256200790405,0.01271824724972248
0.9258413314819336,0.46946558356285095,-0.5049798488616943,0.8446618914604187,0.4829731285572052,0.20593509078025818,0.1042783111333847,-4.1361188888549805,-4.4619879722595215,-4.562300682067871,1.3331689834594727,1.2035921812057495,0.8196423649787903,0.6046746373176575
0.8954399228096008,0.47494497895240784,-0.4864257276058197,-0.37658411264419556,0.10659509152173996,0.4963078796863556,0.7749195694923401,-3.121098756790161,-3.8052988052368164,-5.09848165512085,0.7959219217300415,-0.6810967922210693,-0.7150078415870667,-0.6819669604301453
0.8718295097351074,0.43455633521080017,-0.36825138330459595,0.3988686203956604,0.4863545596599579,0.23779556155204773,0.7401461601257324,-2.264984130859375,-2.9764456748962402,-3.54624605178833,1.0257396697998047,-1.3991695642471313,-0.9602363109588623,-1.7724539041519165
0.923557460308075,0.4784725606441498,-0.4591619670391083,0.5899926424026489,0.8069385886192322,0.025450751185417175,-0.010535944253206253,-3.344473361968994,-4.053433418273926,-5.610777854919434,1.6229963302612305,0.7639565467834473,1.6778323650360107,-1.3418611288070679
1.0054147243499756,0.4603922665119171,-0.5431259274482727,-0.43671226501464844,0.5332428216934204,0.7035356760025024,0.17312438786029816,-3.5355212688446045,-4.08814811706543,-4.340635299682617,16.11809539794922,-0.34050193428993225,-0.22540608048439026,-0.7835860848426819
1.0056254863739014,0.48915016651153564,-0.5203248858451843,0.6722908020019531,0.7390500903129578,0.01025189645588398,0.041532449424266815,-2.800816059112549,-4.774346828460693,-6.709517955780029,-0.5150157809257507,0.34345418214797974,0.18430206179618835,-0.15531861782073975
1.0513187646865845,0.47382673621177673,-0.5145442485809326,0.8770268559455872,0.4803650379180908,0.006362711079418659,0.00572691485285759,-3.1458213329315186,-3.9433364868164062,-4.349467754364014,1.6972980499267578,-0.5848234295845032,-0.6385334134101868,-0.4405265748500824
1.0180188417434692,0.4859727919101715,-0.5100581049919128,0.7600780129432678,0.605394184589386,0.23615646362304688,-0.0030648584943264723,-3.077857255935669,-4.327306747436523,-6.227939605712891,0.22518236935138702,0.5136627554893494,0.2929428815841675,0.5000167489051819
1.0731518268585205,0.46600860357284546,-0.5422778725624084,0.9592275619506836,0.25256431102752686,-0.06900378316640854,-0.10645297914743423,-3.535097122192383,-3.8530073165893555,-5.388380527496338,0.3381986916065216,-0.24923616647720337,-0.30620524287223816,-0.39818134903907776
1.0328401327133179,0.4799937307834625,-0.47254621982574463,0.48079919815063477,0.8727942705154419,-0.006354953162372112,0.08379658311605453,-3.4674463272094727,-4.469559669494629,-5.5420122146606445,1.199288010597229,1.2956788539886475,1.7724539041519165,-0.7190584540367126
0.9331908226013184,0.5650361180305481,-0.4469909071922302,0.35019534826278687,0.510807454586029,0.7748172879219055,0.1268746554851532,-2.5505993366241455,-4.054742813110352,-5.579863548278809,0.35343503952026367,-0.3683924078941345,0.3121541142463684,-1.6833833456039429
0.9840619564056396,0.5220913887023926,-0.3740622103214264,0.9016868472099304,-0.17609526216983795,-0.2452085316181183,-0.30955466628074646,-2.659511089324951,-3.87093186378479,-4.863737106323242,-0.33132490515708923,0.31792616844177246,1.1712454557418823,-1.7509886026382446
0.9551841616630554,0.49308809638023376,-0.3761071562767029,0.964049220085144,0.03411459922790527,-0.003269106149673462,0.2635045349597931,-3.12373948097229,-4.219232559204102,-5.745078086853027,-0.7909144163131714,0.7204770445823669,1.4167909622192383,0.19835445284843445
1.0128474235534668,0.4523763060569763,-0.34161168336868286,-0.059288717806339264,0.771500289440155,0.6015700697898865,0.1984579861164093,-2.539564847946167,-2.9555938243865967,-4.412434101104736,2.539212942123413,-1.6409629583358765,-1.2305233478546143,-1.7724539041519165
1.050939917564392,0.49176526069641113,-0.3671014606952667,0.9888031482696533,0.0012379366671666503,-0.06449747830629349,0.1345616579055786,-2.924677848815918,-5.631822109222412,-6.208128452301025,16.11809539794922,0.5416384935379028,1.3662374019622803,-0.3609177768230438
0.8564039468765259,0.567547619342804,-0.2921711504459381,0.37268775701522827,0.6324576139450073,0.25638827681541443,0.6287815570831299,-2.440950870513916,-3.7421116828918457,-4.267516136169434,0.8304862380027771,-0.8500557541847229,-0.16692396998405457,-1.7724539041519165
0.8924005031585693,0.5340574383735657,-0.32714876532554626,-0.4415495693683624,0.761264979839325,0.4597708582878113,0.11882922053337097,-2.7522990703582764,-3.6421122550964355,-4.661799907684326,-1.7929956912994385,1.7522315979003906,1.7724539041519165,0.4985378086566925
0.9429975152015686,0.4974398612976074,-0.41065454483032227,-0.042163748294115067,0.9903398752212524,-0.09746046364307404,-0.08916595578193665,-5.037050724029541,-4.938162803649902,-16.538734436035156,-1.1786550283432007,1.661241054534912,1.7724539041519165,1.7724539041519165
0.9436786770820618,0.5107024908065796,-0.2670726776123047,0.44006115198135376,0.5534246563911438,0.2746131122112274,0.6516555547714233,-2.1437506675720215,-3.699718475341797,-4.2371296882629395,0.13713033497333527,-1.3743480443954468,-0.5705257058143616,-1.7724539041519165
0.9987871646881104,0.5333117842674255,-0.33973759412765503,0.3316504955291748,0.36309269070625305,0.7663065791130066,0.4134560227394104,-2.684840679168701,-3.4294636249542236,-5.153370380401611,-0.6508644223213196,-0.8375219106674194,0.6057636737823486,-1.7724539041519165
0.6901800036430359,0.10119891166687012,-0.22487042844295502,-0.36824068427085876,0.7107465863227844,0.5699111223220825,-0.18557855486869812,-2.307983636856079,-2.5393407344818115,-4.169489860534668,16.11809539794922,-1.158484697341919,-1.0539839267730713,-1.5088872909545898
0.8125006556510925,0.14849074184894562,-0.14249365031719208,0.6722061634063721,0.7106643319129944,-0.07256624102592468,-0.19449736177921295,-1.9368470907211304,-2.9117231369018555,-3.7635066509246826,1.2544541358947754,-1.326673984527588,-1.0190733671188354,-1.6702760457992554
0.7569880485534668,0.25031042098999023,-0.005035299342125654,0.9945003390312195,-0.06959235668182373,-0.0683780238032341,0.038084425032138824,-2.4142019748687744,-3.05704927444458,-3.3683972358703613,3.3070969581604004,-1.360905647277832,-1.261120319366455,-1.7520205974578857
1.0457261800765991,0.22331129014492035,-0.06992671638727188,0.9263315200805664,0.25320345163345337,-0.21894994378089905,0.17279720306396484,-2.451798439025879,-3.320446491241455,-3.556140899658203,0.6674271821975708,-1.1891957521438599,-1.1826869249343872,-1.7724539041519165
0.5657005310058594,0.4668828547000885,-0.23246045410633087,-0.40502387285232544,0.34289872646331787,0.73138028383255,0.4283211827278137,-3.643225908279419,-4.284470558166504,-4.892480373382568,-0.18529392778873444,1.272790789604187,1.0400404930114746,1.6121337413787842
0.6553117632865906,0.46209588646888733,-0.21520976722240448,0.5946545004844666,0.045441512018442154,-0.775130033493042,0.20855340361595154,-3.492872476577759,-4.227941036224365,-5.018067359924316,2.56852388381958,-0.9143378734588623,-0.44178307056427,-1.7724539041519165
0.6669686436653137,0.4031265676021576,-0.06508926302194595,0.6965916156768799,0.6634531617164612,-0.1675637662410736,0.21566739678382874,-2.8390984535217285,-3.2031655311584473,-4.26493501663208,-1.4390863180160522,1.7724539041519165,1.7724539041519165,1.7724539041519165
0.7843165993690491,0.48271527886390686,-0.1950918436050415,0.896737277507782,0.16380076110363007,-0.27125486731529236,0.3089537024497986,-2.748060703277588,-3.3811051845550537,-4.736252307891846,-1.200242519378662,-1.1198893785476685,-0.7239077091217041,-1.7724539041519165
0.7879864573478699,0.431016206741333,-0.2502925992012024,-0.16471806168556213,0.4047037661075592,0.8458225727081299,-0.3060506582260132,-3.0053350925445557,-3.4220006465911865,-4.774884223937988,3.447985887527466,-1.4994280338287354,-1.1289502382278442,-1.7724539041519165
0.7990447878837585,0.4478669762611389,-0.24667587876319885,0.7265710830688477,-0.18288394808769226,-0.6546955704689026,-0.10010802745819092,-2.4432902336120605,-3.4223129749298096,-4.477776527404785,0.16451306641101837,-1.5500283241271973,-1.3012295961380005,-1.7724539041519165
0.7453179359436035,0.4486577808856964,-0.12442081421613693,-0.4482300579547882,0.38077512383461,0.6210416555404663,0.518080472946167,-2.685192346572876,-3.397674083709717,-4.502438545227051,3.1939446926116943,-1.2194747924804688,-1.0778472423553467,-1.5635643005371094
0.8177808523178101,0.4863377809524536,-0.22602742910385132,-0.1831703782081604,0.9786852598190308,0.0656648501753807,0.0656648501753807,-4.310025215148926,-3.4453165531158447,-11.153892517089844,2.8457396030426025,-1.327602744102478,-0.5901637673377991,-1.7724539041519165
0.762129008769989,0.3213924467563629,-0.1503719538450241,0.3711792230606079,0.9093828201293945,-0.13616816699504852,0.12925608456134796,-2.7308945655822754,-3.159452438354492,-16.92683219909668,0.22843924164772034,1.3415043354034424,1.7724539041519165,1.6334378719329834
0.7315804362297058,0.46399497985839844,-0.10672144591808319,-0.4582558870315552,-0.03306866064667702,0.8805217146873474,0.11657383292913437,-2.84590482711792,-4.502721309661865,-5.166175365447998,-1.1308571100234985,0.9950525760650635,1.16139554977417,0.06457936763763428
0.5823307633399963,0.587842583656311,-0.18715856969356537,0.2564385235309601,-0.4928320050239563,0.5958554148674011,0.5799243450164795,-5.756258964538574,-3.238859176635742,-4.410712718963623,5.537334442138672,0.39619556069374084,0.9087011814117432,-1.6473394632339478
0.8231298923492432,0.5509510040283203,-0.21608814597129822,0.22642043232917786,0.7594815492630005,0.5441669821739197,0.2753250300884247,-2.7106382846832275,-3.8667821884155273,-4.721661567687988,1.134751319885254,-0.936047375202179,-0.17581921815872192,-1.7724539041519165
0.8214114308357239,0.6016613245010376,-0.21860335767269135,0.19033873081207275,0.715197741985321,0.6162523031234741,0.26925164461135864,-3.2265396118164062,-4.902807235717773,-5.7980122566223145,16.11809539794922,0.44412001967430115,1.0577563047409058,-0.9743767380714417
0.837694525718689,0.5079127550125122,-0.17844855785369873,-0.2734757661819458,0.3849369287490845,0.8146550059318542,0.33670732378959656,-3.198573350906372,-3.5512096881866455,-4.927895545959473,-1.7866789102554321,1.6164389848709106,1.521285891532898,-1.244193196296692
0.7740359306335449,0.5691117644309998,-0.14980264008045197,0.7134124636650085,0.6249505281448364,-0.2308628261089325,0.21721391379833221,-2.24853515625,-3.5301148891448975,-4.134781837463379,-1.3084684610366821,-0.28956612944602966,0.616549551486969,-1.6973812580108643
0.5802669525146484,0.4659467935562134,-0.10174321383237839,0.648939847946167,0.7512952089309692,0.1188211441040039,0.017722731456160545,-2.8235976696014404,-3.71647572517395,-5.075413703918457,1.6159838438034058,0.6235620975494385,0.4505106210708618,-0.3019084334373474
0.6765108108520508,0.46924489736557007,-0.11666402965784073,0.6329749822616577,0.6894202828407288,0.2779691219329834,-0.21627657115459442,-3.0441958904266357,-3.7212183475494385,-4.630924224853516,16.11809539794922,-0.055767353624105453,-0.052454978227615356,-0.2526959478855133
0.6390528082847595,0.43875738978385925,-0.07263422757387161,0.30758798122406006,0.8215771317481995,-0.45550671219825745,-0.15137477219104767,-13.370482444763184,-3.540604591369629,-4.410712718963623,3.0992729663848877,-1.2163898944854736,-1.326893925666809,-1.327602744102478
0.6385575532913208,0.36202654242515564,-0.024358149617910385,0.8330387473106384,0.5499511361122131,-0.04949184134602547,0.0339219868183136,-2.233079195022583,-4.228121280670166,-4.417079925537109,0.7230092883110046,-0.9332549571990967,-0.7146677374839783,-1.7604905366897583
0.8366470336914062,0.45723164081573486,-0.10331407189369202,0.5264855027198792,0.810945987701416,-0.2320670336484909,0.10641660541296005,-2.700037956237793,-3.6130077838897705,-4.3823771476745605,0.1933239996433258,1.7485432624816895,1.7724539041519165,-1.1924902200698853
0.708617627620697,0.3895909786224365,-0.028212670236825943,-0.28546929359436035,0.6536041498184204,0.5508935451507568,-0.43338802456855774,-14.918343544006348,-6.192788600921631,-3.9741039276123047,4.139158725738525,-0.5213099718093872,-0.41233232617378235,-0.5213099718093872
0.756803035736084,0.40071168541908264,-0.01753191649913788,0.6578314900398254,0.6902262568473816,0.16671469807624817,0.2511008679866791,-3.3771634101867676,-5.0676655769348145,-6.189497470855713,4.2529706954956055,-0.4941595494747162,-0.26932021975517273,-1.7724539041519165
0.831062912940979,0.3376913070678711,0.006796630565077066,0.6407678723335266,0.7380957007408142,0.0041194637306034565,0.21122100949287415,-2.9096128940582275,-3.8154330253601074,-5.030285835266113,1.1676387786865234,-0.5887959003448486,-0.5512930750846863,-1.714733600616455
0.7975777983665466,0.3860328197479248,0.008298595435917377,0.6582381129264832,0.6877958178520203,0.13765035569667816,-0.2733347415924072,-3.4401800632476807,-3.9462549686431885,-4.439923286437988,0.684653639793396,1.6696937084197998,1.7724539041519165,0.9498140811920166
0.7203901410102844,0.4371713697910309,-0.02057771384716034,-0.4264759421348572,0.903735339641571,0.03525165840983391,0.01175055280327797,-1.925694227218628,-6.335720539093018,-6.771634578704834,1.0520923137664795,1.2580946683883667,1.1373416185379028,1.2580946683883667
0.5882355570793152,0.6239783763885498,-0.08238109201192856,-0.0647052600979805,0.7868526577949524,0.540183961391449,-0.29133734107017517,-3.0313196182250977,-4.395082473754883,-5.020065784454346,0.7430270910263062,0.14003488421440125,0.5920594930648804,-1.0349277257919312
0.7953060865402222,0.5941866636276245,-0.04625892639160156,-0.15137477219104767,0.9302879571914673,0.19837696850299835,0.26888027787208557,-4.020778656005859,-13.95876407623291,-2.219583511352539,-1.6817585229873657,-0.9244563579559326,-0.23450088500976562,-1.7724539041519165
0.7827751636505127,0.6810389161109924,-0.07994349300861359,-0.49327021837234497,0.45669883489608765,0.22423295676708221,0.7055708765983582,-2.841411828994751,-3.226348638534546,-4.159043788909912,-0.10341019928455353,1.497597098350525,1.7724539041519165,0.6971051096916199
1.0489519834518433,0.477402001619339,-0.25609448552131653,0.7379630208015442,0.6272085905075073,0.19319412112236023,-0.15714973211288452,-3.473966598510742,-4.193127632141113,-5.226792335510254,-0.46581435203552246,1.6554628610610962,1.7724539041519165,1.5188424587249756
1.0612369775772095,0.44523751735687256,-0.22375912964344025,0.711491584777832,0.694150984287262,-0.10676072537899017,0.023157745599746704,-2.452927350997925,-3.288658618927002,-4.666926860809326,1.7660675048828125,-1.0315525531768799,-0.4374088644981384,-1.7724539041519165
1.0821305513381958,0.4828455150127411,-0.20232371985912323,-0.46526744961738586,0.6411260366439819,0.4199048578739166,0.44290345907211304,-2.7443366050720215,-4.460882186889648,-5.100872039794922,-0.5851171612739563,1.2688791751861572,1.6300023794174194,-0.8353000283241272
0.9858066439628601,0.45144549012184143,-0.17674726247787476,0.02004506066441536,0.7029595375061035,0.7109389305114746,-0.0034560449421405792,-3.340657949447632,-7.495058536529541,-4.750297546386719,1.7117167711257935,-0.03475402295589447,0.36250463128089905,-1.327602744102478
0.9387909173965454,0.468237042427063,-0.13933277130126953,0.5745619535446167,0.7478709816932678,-0.25325021147727966,0.21548053622245789,-2.8256707191467285,-2.97346568107605,-4.887170314788818,1.8976771831512451,-1.1039234399795532,-0.570339560508728,-1.7609790563583374
0.9233759045600891,0.7219411730766296,-0.1995832324028015,0.47262030839920044,0.4288069009780884,0.08524255454540253,0.7651721239089966,-2.981483221054077,-3.8828184604644775,-4.788079261779785,-1.2702480554580688,0.951538622379303,1.509921908378601,0.15889526903629303
0.8627551794052124,0.5233569741249084,-0.16570600867271423,-0.4604923129081726,0.4884597063064575,0.2170391082763672,0.708694577217102,-4.898201942443848,-5.706363677978516,-6.458999156951904,1.089368224143982,1.607561469078064,0.6700690984725952,0.5188932418823242
0.8305143117904663,0.6309582591056824,-0.10753455758094788,0.5113757252693176,0.490684449672699,0.06011761352419853,0.7029291987419128,-2.7505767345428467,-3.4972023963928223,-4.65275239944458,-0.5902698040008545,-0.7789050340652466,-0.16242387890815735,-1.665205478668213
0.847747266292572,0.6734873056411743,-0.16147734224796295,0.02004506066441536,0.945341169834137,0.29929348826408386,0.12787365913391113,-3.880063772201538,-15.213390350341797,-1.7102065086364746,-1.2909841537475586,-0.9244563579559326,-0.5520570278167725,-1.7724539041519165
0.9331521987915039,0.6541390419006348,-0.09812664240598679,-0.4633784592151642,0.39421412348747253,0.370236337184906,0.7019976377487183,-2.434779405593872,-3.406498432159424,-4.164434909820557,-1.7921944856643677,-1.3138507604599,-0.5799928307533264,-1.7724539041519165
1.0691756010055542,0.4942033588886261,-0.1338157206773758,0.9032251834869385,-0.2542746961116791,0.25758039951324463,0.23061007261276245,-2.6778526306152344,-4.4577765464782715,-4.714160442352295,0.24849876761436462,-0.15939167141914368,-0.11654926836490631,-0.5055182576179504
0.9194043278694153,0.4690687954425812,-0.1089787408709526,0.6227174401283264,0.7307985424995422,-0.18576061725616455,0.20892463624477386,-3.2251663208007812,-3.775601387023926,-5.626647472381592,16.11809539794922,1.4705760478973389,1.7724539041519165,-1.562451958656311
0.863980233669281,0.4224075973033905,-0.04576438292860985,0.8427107334136963,0.5357273817062378,-0.017718084156513214,0.05020853132009506,-3.094919443130493,-3.5957655906677246,-5.27299690246582,0.578678548336029,-1.167252540588379,-0.9740161895751953,-1.5158811807632446
0.847923755645752,0.39129337668418884,-0.0061657605692744255,0.8295816779136658,-0.26425686478614807,-0.34493401646614075,-0.35068944096565247,-3.223594903945923,-3.858060359954834,-4.544238090515137,0.19534562528133392,-0.1717296987771988,0.011403833515942097,-1.4908133745193481
1.0364298820495605,0.4521791934967041,-0.02249276079237461,0.4352121949195862,0.8989098072052002,0.04882485419511795,-0.012947985902428627,-2.6554996967315674,-3.713900089263916,-5.397627353668213,16.11809539794922,1.7724539041519165,1.7540711164474487,-1.6490730047225952
1.0361049175262451,0.39388489723205566,-0.06402266025543213,0.8738128542900085,0.09612714499235153,-0.3476376533508301,-0.3261268734931946,-2.8948142528533936,-3.3928403854370117,-5.404843807220459,-0.672485888004303,1.7724539041519165,1.7724539041519165,1.2450494766235352
1.0221813917160034,0.45197659730911255,-0.09110870957374573,0.5878558158874512,0.796693742275238,-0.022281453013420105,0.13859349489212036,-2.9233946800231934,-3.110753059387207,-4.023943901062012,-1.5741089582443237,0.9171226620674133,1.2102528810501099,0.4754817485809326
0.9889416098594666,0.4362160861492157,-0.020973877981305122,0.9104248881340027,-0.027165153995156288,-0.3915349543094635,-0.13072487711906433,-2.646686315536499,-3.1218936443328857,-4.644588470458984,-1.1133359670639038,1.7724539041519165,1.7724539041519165,1.1439584493637085
1.0521607398986816,0.443515419960022,-0.03897101432085037,0.0034560449421405792,0.9986510872840881,0.05045825615525246,-0.01175055280327797,-2.652719736099243,-14.927526473999023,-4.2166643142700195,1.3143208026885986,-0.1459668129682541,0.1465664654970169,-1.7724539041519165
0.8434663414955139,0.5910146236419678,-0.12607891857624054,-0.30758798122406006,0.9471204876899719,0.02004506066441536,0.08916595578193665,-2.7308945655822754,-14.339916229248047,-3.2949347496032715,-0.65805584192276,-1.1746851205825806,-0.7298884391784668,-1.7724539041519165
0.9900564551353455,0.6842138171195984,-0.05792802944779396,0.9571631550788879,0.16383647918701172,-0.1490532010793686,-0.1864924132823944,-2.1850547790527344,-3.516322374343872,-3.8931052684783936,-1.8240174055099487,1.2787450551986694,1.6321412324905396,1.016784429550171
0.5926806926727295,0.8456884622573853,-0.3501149117946625,0.19451728463172913,0.37629878520965576,0.8883620500564575,0.1771300882101059,-3.606044054031372,-4.746479034423828,-7.083156108856201,16.11809539794922,0.4216476380825043,0.9236372709274292,-1.1084764003753662
0.6143744587898254,0.8051533102989197,-0.34334856271743774,0.22913287580013275,0.4015559256076813,0.8593328595161438,0.2186274230480194,-3.180140733718872,-5.469050407409668,-8.145161628723145,16.11809539794922,0.6958441734313965,1.0229194164276123,-1.1269053220748901
0.6960598230361938,0.7724568247795105,-0.26708391308784485,0.6527941823005676,0.6911473274230957,-0.3084549307823181,-0.03210423141717911,-2.310063600540161,-4.265815734863281,-5.399602890014648,-2.6740024089813232,1.083574652671814,1.385793924331665,1.0638924837112427
0.6344797611236572,0.8045980930328369,-0.33435413241386414,-0.058805547654628754,0.5009742379188538,0.8280451893806458,-0.2447608858346939,-3.2913002967834473,-5.890162467956543,-6.641851902008057,-0.05877291411161423,0.914063036441803,1.325563907623291,-1.1626092195510864
0.6309988498687744,0.7979650497436523,-0.3377895653247833,0.1576165109872818,0.4704262614250183,0.8634854555130005,0.09082435816526413,-3.0669355392456055,-5.349507808685303,-7.093780040740967,6.468603134155273,0.01113890577107668,0.6214119791984558,-1.2652580738067627
0.5769180059432983,0.877167820930481,-0.35219094157218933,0.8352121114730835,0.40271666646003723,-0.2990403175354004,-0.22542154788970947,-4.039890766143799,-5.452213764190674,-7.406959533691406,16.11809539794922,0.6877291798591614,1.1908372640609741,-0.5087489485740662
0.8962099552154541,0.7232879400253296,-0.38825392723083496,0.44886958599090576,0.8459748029708862,-0.11932238936424255,0.2619253695011139,-3.136690855026245,-3.6828043460845947,-4.476752758026123,1.149532437324524,0.6274470686912537,1.3411362171173096,0.3756971061229706
0.8843458890914917,0.9168986678123474,-0.41325974464416504,-0.23520542681217194,0.784372091293335,0.5131460428237915,-0.2571380138397217,-2.4891197681427,-4.307743072509766,-5.179713726043701,16.11809539794922,-0.08872964233160019,0.6507790088653564,-1.2285975217819214
0.8150510787963867,0.7439496517181396,-0.283508837223053,0.8491272926330566,0.4155409634113312,0.29585379362106323,-0.13703684508800507,-2.964324712753296,-3.4668080806732178,-4.585598468780518,-1.342309832572937,0.07030640542507172,0.7454172968864441,-0.5442287921905518
0.9587486982345581,0.8080748319625854,-0.2809705436229706,0.0944000706076622,0.6666580438613892,0.7263461351394653,0.1381191611289978,-3.126084566116333,-4.610846042633057,-5.821797847747803,16.11809539794922,0.4581845998764038,1.3024708032608032,-1.7724539041519165
0.9890315532684326,0.7838956117630005,-0.3237571716308594,0.4726233184337616,0.395099401473999,0.7545839548110962,0.22611209750175476,-2.9063968658447266,-3.5168697834014893,-4.753494739532471,-0.4906357228755951,0.021678442135453224,0.7689765095710754,-0.8445792198181152
0.9697132706642151,0.7413920164108276,-0.3002346158027649,-0.18336333334445953,0.6808739900588989,0.7038504481315613,-0.08592458814382553,-2.6802818775177,-3.701404571533203,-5.8174920082092285,-1.093056321144104,-0.3143332302570343,0.6284658908843994,-1.7724539041519165
0.960984468460083,0.8671342134475708,-0.27474772930145264,0.17961250245571136,0.6468485593795776,0.718444287776947,0.1821100413799286,-3.636143445968628,-4.811729431152344,-7.789404392242432,16.11809539794922,1.1159497499465942,1.6007816791534424,-1.7724539041519165
0.9551881551742554,0.9038280248641968,-0.2805003225803375,0.35744383931159973,0.7045378088951111,0.5342224836349487,0.3007768392562866,-3.948324203491211,-5.42251443862915,-6.526017665863037,2.811999559402466,1.1997727155685425,1.462637186050415,-1.001853108406067
0.7400572896003723,0.7610021233558655,-0.2233475148677826,0.4181775450706482,0.410385400056839,0.07651794701814651,0.8067566752433777,-4.007289409637451,-4.485703945159912,-5.452838897705078,2.0739150047302246,1.0106106996536255,1.39491605758667,0.21529754996299744
0.7813931107521057,0.6935794353485107,-0.26837560534477234,0.1385391801595688,0.6799173951148987,0.6030062437057495,0.39357680082321167,-2.8807880878448486,-4.9787139892578125,-5.557714939117432,1.4283729791641235,0.5736513733863831,0.9403257966041565,-1.407113790512085
0.7788347601890564,0.7404321432113647,-0.23762772977352142,-0.26183634996414185,0.531775176525116,0.7986340522766113,0.10411782562732697,-3.229436159133911,-4.434291839599609,-5.2146897315979,0.905058741569519,-1.3678206205368042,-0.18091599643230438,-1.7724539041519165
0.8285965323448181,0.7001509666442871,-0.24649278819561005,-0.13446269929409027,0.5651599764823914,0.8129909634590149,-0.039492011070251465,-3.732912540435791,-5.0659589767456055,-5.939608573913574,1.6523966789245605,-1.2315171957015991,-0.46732497215270996,-1.7724539041519165
0.7833160161972046,0.7586749792098999,-0.22618326544761658,-0.020722566172480583,0.49866482615470886,0.7634823322296143,0.4098764657974243,-3.262629985809326,-4.246209144592285,-5.084685802459717,16.11809539794922,0.7047419548034668,1.5692179203033447,-0.24257315695285797
0.8261010050773621,0.7092824578285217,-0.24090400338172913,0.276772141456604,0.4853091537952423,0.5920867323875427,0.5807800889015198,-3.3250794410705566,-4.786457061767578,-5.802649021148682,16.11809539794922,-0.4117300510406494,0.29246440529823303,-1.7724539041519165
0.8140575885772705,0.713891327381134,-0.10048773139715195,-0.3325110077857971,0.575304388999939,0.5902807712554932,0.458290159702301,-3.051628828048706,-4.198544025421143,-5.132533550262451,1.3382350206375122,-1.0303105115890503,-0.022780735045671463,-1.7724539041519165
0.7482935190200806,0.7835336327552795,-0.20013296604156494,-0.2960861623287201,0.4196699261665344,0.7875723242759705,0.3404996395111084,-3.645156145095825,-4.852876663208008,-5.829880714416504,16.11809539794922,-0.9846011996269226,0.13615310192108154,-1.630255103111267
0.7282021045684814,0.8111332654953003,-0.1571735441684723,-0.1833016276359558,0.35232189297676086,0.6557084918022156,0.642118513584137,-3.0634653568267822,-4.427737236022949,-5.37522554397583,16.11809539794922,0.48913365602493286,1.2261605262756348,0.14947891235351562
0.8038679361343384,0.7099655866622925,-0.07506353408098221,0.2605857849121094,0.9213603138923645,0.26888027787208557,0.1043725535273552,-4.747804164886475,-16.737998962402344,-3.343446731567383,5.537334442138672,0.18767155706882477,0.9976168870925903,0.03475397080183029
0.7961503863334656,0.7347264885902405,-0.00989500805735588,-0.3881296217441559,0.6528270840644836,0.48908281326293945,0.42891746759414673,-3.4839870929718018,-4.4437947273254395,-5.556610107421875,1.5184754133224487,1.1049729585647583,1.5194246768951416,0.9226571917533875
0.8173690438270569,0.670006513595581,0.05674402415752411,0.5758891105651855,0.4688526391983032,-0.6684862375259399,-0.04068329185247421,-2.416085958480835,-4.301355361938477,-4.6518988609313965,0.04378439113497734,0.4816560447216034,1.1210681200027466,-0.7525582909584045
0.8947436213493347,0.7209982872009277,-0.1680743396282196,0.3059235215187073,0.8361868858337402,0.22914846241474152,0.39331066608428955,-2.6961350440979004,-4.330954074859619,-4.921095848083496,1.380896806716919,0.3643244802951813,0.9393740892410278,-0.8437799215316772
0.9610239863395691,0.7619250416755676,-0.21458633244037628,0.8740905523300171,-0.3918367326259613,-0.2835511565208435,0.04503794014453888,-3.4516239166259766,-4.566293716430664,-5.088508129119873,16.11809539794922,0.5758090019226074,1.265936255455017,-0.3728616237640381
0.9215929508209229,0.792438268661499,-0.24233846366405487,-0.2536737024784088,0.8623338341712952,0.28546929359436035,0.3324715197086334,-4.122405529022217,-3.540604591369629,-15.697858810424805,-1.1786550283432007,-1.7307491302490234,-1.0601468086242676,-1.7724539041519165
0.960570216178894,0.7850180268287659,-0.22108520567417145,0.9424697160720825,0.23122212290763855,-0.23955075442790985,-0.030043939128518105,-3.0450971126556396,-3.4269227981567383,-6.143980503082275,-0.13524845242500305,-0.2740602195262909,0.6716681718826294,-1.7724539041519165
0.9376911520957947,0.7269159555435181,-0.2133050411939621,-0.2013673335313797,0.5866197943687439,0.5992370247840881,0.5062049031257629,-3.0516233444213867,-3.5289764404296875,-4.371917724609375,0.5152208805084229,-0.538493812084198,0.4262814223766327,-1.445961356163025
0.8843206763267517,0.7854793071746826,-0.18016690015792847,-0.036319877952337265,0.8395941257476807,0.489500492811203,0.2327055037021637,-3.065596580505371,-4.36841344833374,-5.542411804199219,0.7702363729476929,1.0557645559310913,1.5193159580230713,0.26299628615379333
0.9893635511398315,0.8029102087020874,-0.14596286416053772,0.11911647766828537,0.6902507543563843,0.47510093450546265,0.5325825810432434,-2.992004632949829,-4.880960464477539,-5.627976417541504,1.6141036748886108,-0.6519476175308228,0.2605116069316864,-1.7724539041519165
0.9312624335289001,0.8758214712142944,-0.13184697926044464,-0.36493226885795593,0.7242954969406128,0.41082701086997986,0.4164632558822632,-2.7710094451904297,-3.6569736003875732,-6.272611618041992,-0.5369877815246582,0.35820069909095764,1.0069981813430786,-0.29746079444885254
0.9086058735847473,0.7136459946632385,-0.07071424275636673,0.6794688105583191,0.5990574359893799,-0.42361101508140564,0.0024548214860260487,-2.5628082752227783,-3.6936051845550537,-4.531259536743164,-0.9315446019172668,-1.0586646795272827,-0.576521098613739,-1.4600911140441895
0.9167421460151672,0.7825969457626343,-0.12481047213077545,0.5964522361755371,0.6612892150878906,0.32413285970687866,0.31918513774871826,-3.1883082389831543,-3.6625146865844727,-4.961817741394043,-0.4644898772239685,1.3041090965270996,1.7254716157913208,0.9288874864578247
0.9560874700546265,0.730950117111206,-0.025320570915937424,0.505082905292511,-0.4799704849720001,-0.4259848892688751,-0.5771104693412781,-2.9283411502838135,-3.852112054824829,-5.302780628204346,3.877366542816162,-0.6852427124977112,0.041308969259262085,-1.7724539041519165
0.9658799767494202,0.6914674639701843,0.03382578864693642,0.8165528178215027,0.2195463627576828,-0.5319371819496155,-0.04564792662858963,-2.701449155807495,-4.459648609161377,-4.49634313583374,16.11809539794922,0.9004601836204529,1.487811803817749,-0.805629312992096
0.8637022972106934,0.7595496773719788,0.03244497999548912,0.6825472712516785,-0.23622222244739532,-0.5724471807479858,-0.3881140351295471,-2.9158565998077393,-4.419829845428467,-4.568625450134277,0.6773224472999573,1.036068320274353,1.47026526927948,-0.2536373436450958
0.9922280311584473,0.8051263689994812,-0.10872674733400345,-0.01175055280327797,0.9377173781394958,0.12787365913391113,0.3227945864200592,-3.340657949447632,-13.180578231811523,-4.362200736999512,1.4615178108215332,-0.8827515840530396,-0.03126496449112892,-1.6890443563461304
1.0416220426559448,0.8221606612205505,-0.10964997857809067,0.6314701437950134,0.6602203845977783,0.09461937844753265,0.3954765498638153,-2.9670774936676025,-4.366365432739258,-5.054423809051514,16.11809539794922,-0.07645881921052933,0.7428557872772217,-1.206097960472107
1.026207685470581,0.8217809796333313,-0.10569179058074951,0.4986356496810913,0.7879511117935181,0.24019160866737366,0.2698213756084442,-2.9293203353881836,-4.101247787475586,-4.609372615814209,1.2313748598098755,0.9522301554679871,1.385016918182373,0.427471399307251
1.0009864568710327,0.849583625793457,-0.09141309559345245,-0.02610313892364502,0.7069028615951538,0.4944145381450653,0.5051348805427551,-3.3795971870422363,-4.394030570983887,-6.7963361740112305,16.11809539794922,0.11660369485616684,0.9693617820739746,-1.1336833238601685
1.0695433616638184,0.7393536567687988,0.010844253934919834,0.6837604641914368,-0.4907156229019165,-0.5170547366142273,-0.15596210956573486,-2.7942378520965576,-4.621393203735352,-5.370362758636475,16.11809539794922,1.1494929790496826,1.6441859006881714,0.44926726818084717
0.9847077131271362,0.87876957654953,-0.07121686637401581,-0.16671955585479736,0.6978397369384766,0.5026862621307373,0.4822145104408264,-3.6694846153259277,-4.6260480880737305,-6.431292533874512,16.11809539794922,0.23502163589000702,0.9715307354927063,-0.8161773085594177
0.9798069000244141,0.9005995988845825,-0.020204534754157066,-0.3717539310455322,0.3291511535644531,0.5541052222251892,0.6681511402130127,-4.383586406707764,-4.698635101318359,-6.400628089904785,3.6898980140686035,1.1234922409057617,1.3996583223342896,0.37355515360832214
-0.9927797317504883,1.5099260807037354,-0.6832780838012695,0.049238283187150955,0.4685388207435608,0.8783213496208191,0.08123180270195007,-2.0207931995391846,-2.814561367034912,-3.7956671714782715,-1.3077601194381714,0.43073567748069763,0.2582322359085083,-0.752058744430542
-0.9212234020233154,1.6836464405059814,-0.6765362024307251,0.2998376488685608,0.6632685661315918,0.6257699131965637,0.2803286910057068,-1.9144725799560547,-4.022927761077881,-4.484530925750732,0.4564560651779175,-0.6479297876358032,-0.6459891200065613,-1.4095960855484009
-0.9231306910514832,1.8368600606918335,-0.6792716383934021,0.41919514536857605,0.5456092357635498,0.552786648273468,0.47012007236480713,-1.3750275373458862,-3.4669413566589355,-4.123661041259766,-0.9250355958938599,0.818767786026001,0.5550028681755066,0.30533894896507263
-0.996711015701294,1.5235413312911987,-0.6552963256835938,0.11240485310554504,0.567482054233551,0.7739244699478149,0.2576240599155426,-2.106410026550293,-3.635874032974243,-3.7321999073028564,-1.3659192323684692,1.4833555221557617,1.1347509622573853,1.0585287809371948
-0.9300433993339539,1.528425693511963,-0.6612900495529175,-0.2399250566959381,0.6264247894287109,0.7346577048301697,-0.10151838511228561,-2.0384674072265625,-4.199342727661133,-4.369846343994141,0.18854638934135437,0.18782800436019897,0.27841776609420776,-0.24830207228660583
-0.8807547688484192,1.579952597618103,-0.6581222414970398,-0.15103235840797424,0.784217894077301,0.5703737139701843,-0.19200366735458374,-2.349757194519043,-3.192012310028076,-4.291615009307861,-1.7494930028915405,1.7724539041519165,1.676701545715332,1.4495222568511963
-1.0498539209365845,1.8438489437103271,-0.6872618198394775,0.1925414651632309,0.6690690517425537,0.6921380758285522,0.19031354784965515,-1.5956121683120728,-3.7348341941833496,-4.742625713348389,0.78318852186203,-0.12018807232379913,-0.3350314497947693,-0.676252007484436
-0.8485637903213501,1.6996376514434814,-0.6796131730079651,0.02004506066441536,0.9893050193786621,0.02004506066441536,-0.14308026432991028,-5.537369251251221,-1.7142504453659058,-18.11537742614746,2.0149030685424805,-0.18767161667346954,-0.23450088500976562,-0.8827515840530396
-0.6657375693321228,1.5445860624313354,-0.6887020468711853,-0.2287212610244751,0.6575902700424194,0.6853687763214111,-0.2133805900812149,-2.089886426925659,-2.678812265396118,-2.9832630157470703,-1.827049732208252,1.6945387125015259,1.6645712852478027,1.7724539041519165
-0.6453464031219482,1.6334943771362305,-0.6921370625495911,0.6999602317810059,0.1323421597480774,0.4257512092590332,0.5579221844673157,-1.8622490167617798,-3.628551721572876,-5.496647357940674,-2.1373846530914307,-1.5835131406784058,-1.7724539041519165,-1.7724539041519165
-0.5824005007743835,1.6919045448303223,-0.6826087236404419,0.5279789566993713,0.5023263096809387,0.486054003238678,0.4823463559150696,-1.6223264932632446,-3.599491834640503,-5.095550537109375,-1.0221575498580933,1.422141432762146,1.4356135129928589,1.4749754667282104
-0.5843321084976196,1.7220170497894287,-0.6803886890411377,-0.1922815442085266,0.6544631123542786,0.7019671201705933,-0.20481207966804504,-2.6693856716156006,-3.4321610927581787,-5.162552833557129,-2.3966331481933594,-1.5804227590560913,-1.4928110837936401,-1.718143105506897
-0.624514102935791,1.6862008571624756,-0.6530814170837402,0.0700809508562088,0.7166074514389038,0.6934279203414917,0.026835134252905846,-1.9124590158462524,-3.0563056468963623,-4.674036502838135,-1.9661023616790771,0.7817111015319824,0.8217211365699768,0.04154076427221298
-0.6058909893035889,1.7368755340576172,-0.6676650047302246,0.8814376592636108,-0.3314262330532074,-0.004826141521334648,-0.33645355701446533,-3.3569118976593018,-3.8056344985961914,-4.434197425842285,-1.487318754196167,-1.1293798685073853,-0.8908825516700745,-1.6412588357925415
-0.43934234976768494,1.7395637035369873,-0.6100892424583435,0.8439784646034241,0.44036218523979187,-0.1587405949831009,0.26188328862190247,-2.4339070320129395,-3.2963430881500244,-4.9059624671936035,-1.711355447769165,-1.636703372001648,-1.5902624130249023,-1.7224406003952026
-0.5538647770881653,1.8546103239059448,-0.6395547986030579,0.5282830595970154,0.5981584191322327,0.4200003743171692,0.432114839553833,-1.8556684255599976,-3.157646894454956,-3.8096232414245605,-0.8956383466720581,1.7724539041519165,1.7724539041519165,1.7724539041519165
-0.6102055311203003,1.9870024919509888,-0.6841849088668823,0.1038820669054985,0.6572818756103516,0.7387105226516724,-0.10721853375434875,-2.1801364421844482,-2.8184971809387207,-5.379323482513428,-0.4855385422706604,-0.30963417887687683,-0.2256963700056076,-0.7400555610656738
-0.9277398586273193,2.1336138248443604,-0.6896671056747437,0.14124128222465515,0.7310977578163147,0.6483304500579834,0.15879102051258087,-2.0236802101135254,-3.6138358116149902,-4.409858226776123,0.2692287564277649,-0.7465196251869202,-0.925229549407959,-1.1496659517288208
-0.9225039482116699,1.8867303133010864,-0.6929931044578552,0.6017234325408936,0.35060325264930725,0.35722222924232483,0.6224134564399719,-1.7600276470184326,-4.456474781036377,-5.148935794830322,2.5454928874969482,-1.1342235803604126,-1.151651382446289,-1.4064462184906006
-1.072149634361267,1.873132348060608,-0.6868285536766052,0.40934625267982483,0.6702462434768677,0.5113204121589661,0.3489370048046112,-2.125795602798462,-3.833009958267212,-5.517636299133301,-1.4087443351745605,1.2343889474868774,0.9943405389785767,1.0519956350326538
-0.9015852212905884,2.142793655395508,-0.6757692694664001,0.29502803087234497,0.6925598382949829,0.604171872138977,0.26133444905281067,-2.175313711166382,-3.3713886737823486,-7.210930824279785,1.6857726573944092,0.005266468971967697,-0.177745059132576,-0.6977635622024536
-0.9624016880989075,1.9056923389434814,-0.6585282683372498,-0.09271377325057983,0.8026472926139832,0.5879751443862915,-0.03803572803735733,-1.6347936391830444,-2.344712734222412,-3.6528139114379883,-2.4264800548553467,1.0490416288375854,0.5284591317176819,0.6592678427696228
-0.9115117192268372,1.7794605493545532,-0.6739409565925598,0.3711792230606079,-0.5978957414627075,0.6692384481430054,-0.23846709728240967,-1.7804608345031738,-3.593637228012085,-11.433953285217285,-0.7286538481712341,0.9939643144607544,0.7298339009284973,-0.006950825918465853
-0.8129434585571289,2.027850389480591,-0.7267407774925232,0.13603393733501434,0.894387423992157,0.37399762868881226,-0.2041853666305542,-2.2630250453948975,-2.431490659713745,-3.9211320877075195,-1.9961280822753906,-1.2996689081192017,-1.383339762687683,-1.6424877643585205
-0.891120433807373,2.0434153079986572,-0.6483330726623535,0.39129963517189026,0.6308338046073914,0.5910837054252625,0.3155208230018616,-1.6893516778945923,-3.7088723182678223,-5.655909538269043,-0.26148486137390137,1.1780086755752563,1.0982561111450195,1.2065980434417725
-1.0360373258590698,2.0711185932159424,-0.6504325270652771,-0.0656648501753807,0.7914819717407227,0.05875276401638985,0.6048078536987305,-4.455995559692383,-1.4247450828552246,-12.39991569519043,-1.54044508934021,1.7724539041519165,1.7724539041519165,1.7446506023406982
-0.6927390098571777,1.8372262716293335,-0.6828525066375732,0.14213034510612488,0.6449914574623108,0.7428221106529236,0.10954584181308746,-2.1367380619049072,-3.413451910018921,-4.77882194519043,-0.6852516531944275,0.28637316823005676,0.3173842132091522,-0.16457346081733704
-0.7041472792625427,1.8423409461975098,-0.5841386914253235,0.24537917971611023,0.8910879492759705,0.19008246064186096,-0.3310891091823578,-17.318504333496094,-3.3893213272094727,-4.599771022796631,-0.7286538481712341,-1.285897970199585,-1.285897970199585,-1.7724539041519165
-0.5676031708717346,2.0478289127349854,-0.664497971534729,0.3036661744117737,0.6683931350708008,0.6019471883773804,0.31416085362434387,-1.8792545795440674,-2.849658250808716,-5.286566257476807,0.16067253053188324,0.8940950632095337,0.7482976317405701,0.6883760690689087
-0.6982683539390564,2.043023109436035,-0.6748812794685364,-0.1444626748561859,0.6932826042175293,0.7002076506614685,-0.09054837375879288,-2.071279764175415,-10.964727401733398,-3.537212371826172,0.7465723752975464,0.590817928314209,0.5491131544113159,0.4379003345966339
-0.03562581539154053,1.4584550857543945,-0.8537258505821228,0.4027255177497864,0.5116944313049316,0.6603764295578003,0.3740106225013733,-2.837118148803711,-3.3363144397735596,-5.2813897132873535,-0.08807097375392914,-0.5890452265739441,-0.15289758145809174,-1.227639079093933
-0.12160272151231766,1.4998433589935303,-0.8441421389579773,-0.042163748294115067,0.8914996385574341,0.05875276401638985,0.44721221923828125,-5.610962390899658,-4.316601276397705,-11.530550003051758,5.537334442138672,0.3266875445842743,-0.1459668129682541,-0.1459668129682541
-0.11061292141675949,1.5436753034591675,-0.8411338329315186,-0.06013275682926178,0.8576916456222534,0.48089516162872314,-0.1717233657836914,-3.3354125022888184,-4.391808986663818,-5.877560615539551,1.3783142566680908,-1.1296542882919312,-1.189124584197998,-1.6384568214416504
-0.10542779415845871,1.564151406288147,-0.8352123498916626,0.5328654050827026,0.6945697665214539,0.3835294246673584,0.2941640019416809,-3.264423131942749,-4.263257026672363,-5.426061630249023,16.11809539794922,-0.40282323956489563,-0.33943989872932434,-0.8787498474121094
-0.1141204982995987,1.561385989189148,-0.826745867729187,-0.26749786734580994,0.585453987121582,0.11266706138849258,0.7569640874862671,-11.626761436462402,-3.8765361309051514,-4.406578540802002,2.463853359222412,-1.244193196296692,-0.9522595405578613,-1.7724539041519165
-0.004559364169836044,1.6349693536758423,-0.9339444041252136,-0.2522912621498108,0.9674375057220459,-0.0034560449421405792,0.02004506066441536,-4.5557050704956055,-2.870673179626465,-5.750875949859619,0.2762533724308014,1.2997994422912598,1.7446506023406982,1.369307518005371
0.033012520521879196,1.64771568775177,-0.7916563153266907,0.30049756169319153,0.6526411771774292,0.5640231966972351,0.40698713064193726,-2.881305694580078,-3.11234712600708,-3.8961293697357178,1.4006801843643188,-1.5175557136535645,-0.9856778979301453,-1.7724539041519165
-0.17785197496414185,1.7399451732635498,-0.8168895244598389,0.500347375869751,-0.3084654211997986,-0.30608421564102173,-0.7488752007484436,-3.160449266433716,-3.4498419761657715,-5.219071388244629,-0.6562592387199402,-1.5653504133224487,-1.191772699356079,-1.7724539041519165
-0.09065718948841095,1.8054394721984863,-0.7582492828369141,-0.18596622347831726,0.6024991273880005,0.5497989654541016,0.5478434562683105,-2.5793447494506836,-3.455364942550659,-6.635824680328369,2.302748441696167,-1.3593708276748657,-1.5423979759216309,-1.569577932357788
-0.06599248200654984,1.7553443908691406,-0.754483699798584,-0.485030859708786,-0.30902186036109924,0.8177231550216675,0.024070261046290398,-2.5095791816711426,-3.065338134765625,-4.077464580535889,2.5526976585388184,-1.612777829170227,-1.505985975265503,-1.7724539041519165
-0.039832703769207,1.8129075765609741,-0.836149275302887,0.05045825615525246,0.8789458274841309,-0.026957150548696518,-0.47347813844680786,-2.868954658508301,-13.856583595275879,-3.730404853820801,3.725693464279175,-1.4388154745101929,-1.327602744102478,-1.7724539041519165
-0.5464861392974854,1.582792043685913,-0.6988599300384521,-0.026957150548696518,0.9823417067527771,0.026957150548696518,-0.1831703782081604,-13.080856323242188,-2.367741584777832,-3.8752992153167725,-0.5045560002326965,0.6186211109161377,0.6881291270256042,0.2571795582771301
-0.27066850662231445,1.6755459308624268,-0.7613167762756348,-0.36442920565605164,0.8051301836967468,0.4377528429031372,0.16531550884246826,-2.4973697662353516,-3.080271005630493,-4.79413366317749,-0.7565348744392395,-0.8965498805046082,-0.3543100655078888,-1.237126111984253
-0.3483092188835144,1.602707862854004,-0.6370103359222412,0.7906785011291504,0.47460997104644775,0.1150759756565094,0.36922943592071533,-2.548222541809082,-3.8978230953216553,-4.650144577026367,-0.021898282691836357,-1.323005199432373,-0.697433352470398,-1.7478504180908203
-0.3624838888645172,1.6167478561401367,-0.6157718896865845,0.28285014629364014,0.8563523292541504,0.3393911123275757,0.26733893156051636,-2.4958977699279785,-3.8432869911193848,-4.847560405731201,-0.47233590483665466,-0.031336504966020584,0.5488721132278442,-1.0516804456710815
-0.2920905351638794,1.582792043685913,-0.6734707951545715,-0.2702627182006836,-0.5840715765953064,0.7160841822624207,-0.2702627182006836,-4.696959972381592,-11.23190975189209,-3.086430072784424,4.840242385864258,-1.6890443563461304,-1.1051771640777588,-1.7724539041519165
-0.29049375653266907,1.6389116048812866,-0.5512736439704895,0.15153037011623383,0.6805115342140198,0.6110891103744507,-0.37485021352767944,-2.7215259075164795,-3.491401433944702,-4.9248270988464355,-0.39502575993537903,-0.8561536073684692,-0.4413786828517914,-1.4823238849639893
-0.32743728160858154,1.6478475332260132,-0.5538955926895142,0.5670741200447083,0.7870160341262817,0.2429538518190384,0.0024832317139953375,-2.7926247119903564,-4.566319942474365,-5.3193678855896,0.8817200660705566,-1.332054615020752,-0.8293966054916382,-1.7724539041519165
-0.03220565617084503,1.550048828125,-0.7971701622009277,0.194310262799263,0.7455862760543823,0.6360511779785156,0.042232170701026917,-2.775644063949585,-4.191287517547607,-4.764023303985596,1.0834670066833496,-1.3995482921600342,-1.1087226867675781,-1.7724539041519165
-0.21669811010360718,1.7759634256362915,-0.7075115442276001,0.778770923614502,0.5229194760322571,-0.060927458107471466,-0.3411143124103546,-3.167341947555542,-3.262542486190796,-4.5562005043029785,16.11809539794922,-1.5083235502243042,-1.1526284217834473,-1.7724539041519165
-0.158857062458992,1.7459888458251953,-0.6869872212409973,-0.3606034517288208,0.6943536996841431,0.605053722858429,-0.14747221767902374,-2.1262636184692383,-3.5579371452331543,-5.425238132476807,0.3571629226207733,-1.711551308631897,-1.3235665559768677,-1.7724539041519165
0.03371763229370117,1.6269512176513672,-0.8286891579627991,-0.16811683773994446,0.35974958539009094,0.8826624155044556,-0.2514438331127167,-2.7753028869628906,-4.003190994262695,-4.6205339431762695,-1.7817867994308472,0.48569580912590027,1.4155181646347046,-1.6898595094680786
-0.08793271332979202,1.7165801525115967,-0.7120246291160583,-0.23017258942127228,0.9376053214073181,0.2605857849121094,0.0034560449421405792,-12.981146812438965,-2.7920901775360107,-2.724194288253784,1.7423112392425537,-1.4388154745101929,-1.3554059267044067,-1.6890443563461304
-0.19499225914478302,1.5283691883087158,-0.5738126039505005,0.15199922025203705,0.7903496623039246,0.5914031267166138,0.04985954612493515,-3.254288673400879,-4.408092498779297,-6.671200275421143,16.11809539794922,-1.5033628940582275,-0.9931811094284058,-1.7724539041519165
-0.2660830020904541,1.7725616693496704,-0.6506826877593994,0.9424813985824585,-0.18983152508735657,0.08521585166454315,-0.2615933418273926,-2.516587257385254,-4.655019283294678,-4.795899391174316,16.11809539794922,-1.0764793157577515,-0.5213099718093872,-1.7636536359786987
-0.12137951701879501,1.6667112112045288,-0.5664278268814087,0.565882682800293,0.3486713767051697,0.26609906554222107,0.6981377601623535,-2.8040547370910645,-2.9003076553344727,-3.430593967437744,0.6718137264251709,-1.7724539041519165,-1.5739701986312866,-1.7724539041519165
-0.07346086949110031,1.664840579032898,-0.6092252135276794,-0.23739348351955414,0.7175558805465698,0.6168695688247681,-0.2196129560470581,-2.614145040512085,-3.1478681564331055,-3.8194897174835205,16.11809539794922,-1.3481210470199585,-1.023604393005371,-1.7503494024276733
-0.08362015336751938,1.7391791343688965,-0.6441866755485535,0.5328028798103333,0.23780328035354614,0.7536846995353699,0.3025394082069397,-3.070451021194458,-3.993020534515381,-4.2710747718811035,16.11809539794922,0.466666042804718,0.7188951373100281,-0.8961593508720398
-0.03616238385438919,1.818334698677063,-0.5961164832115173,0.16477027535438538,0.8518716096878052,0.4527507424354553,-0.20538324117660522,-2.5988736152648926,-3.684154987335205,-3.95174241065979,0.7451102137565613,0.5553303956985474,0.43768545985221863,-0.4024682939052582
-0.14485052227973938,1.8073228597640991,-0.7418177127838135,0.635903000831604,0.6927747130393982,-0.31113553047180176,-0.1374237835407257,-2.710235595703125,-3.0622639656066895,-5.519430160522461,0.4361284375190735,-1.709288477897644,-1.5609025955200195,-1.7724539041519165
-0.16008272767066956,1.8093854188919067,-0.6998594999313354,0.4053212106227875,0.6718495488166809,0.5853034257888794,0.20433492958545685,-2.590801954269409,-3.3460850715637207,-3.8177762031555176,-0.7543847560882568,0.6794083118438721,0.9181582927703857,-1.113264799118042
-0.1636498123407364,1.8767950534820557,-0.6626948118209839,-0.22489798069000244,0.5163278579711914,0.4623049795627594,0.6849091649055481,-2.8851985931396484,-3.5870864391326904,-3.9135966300964355,1.0051171779632568,-1.5409753322601318,-1.2484127283096313,-1.7724539041519165
-0.10343160480260849,1.8209348917007446,-0.8041777610778809,0.48730233311653137,0.7525405883789062,-0.4098869264125824,-0.16796378791332245,-2.4368808269500732,-3.4836208820343018,-13.856908798217773,4.840242385864258,-1.3971107006072998,-1.2163898944854736,-1.6473394632339478
-0.057943057268857956,1.8393141031265259,-0.7708603739738464,-0.3889336585998535,0.08735455572605133,0.8181626200675964,0.41437870264053345,-2.8858587741851807,-2.9236721992492676,-5.576399326324463,16.11809539794922,1.6664966344833374,1.6579517126083374,0.6130347847938538
-0.0960499718785286,1.8456400632858276,-0.7440879344940186,0.676031231880188,0.353096067905426,0.28789007663726807,0.5791581869125366,-2.1255173683166504,-2.9661879539489746,-3.5480620861053467,1.9930200576782227,-1.0907522439956665,-0.3030708432197571,-1.6724276542663574
0.016755031421780586,1.8349547386169434,-0.7611790895462036,-0.1081346943974495,0.803693950176239,0.5213376879692078,-0.2656877040863037,-2.323613405227661,-3.023531198501587,-3.7534019947052,16.11809539794922,-1.6589131355285645,-1.3790701627731323,-1.759302020072937
-0.09159038960933685,1.9075838327407837,-0.719858705997467,0.8209772109985352,0.45792001485824585,0.2924308180809021,-0.17547054588794708,-2.867119073867798,-3.7626023292541504,-4.962480545043945,-0.3643886148929596,1.186576247215271,1.5720858573913574,1.1611032485961914
-0.17216534912586212,2.0112085342407227,-0.7627618908882141,-0.2632848918437958,0.5990394353866577,0.7412933111190796,-0.14938890933990479,-2.0250771045684814,-3.6116185188293457,-5.182860851287842,16.11809539794922,-1.226061463356018,-0.8761088848114014,-1.6418874263763428
-0.1472560614347458,1.9828184843063354,-0.7284805774688721,0.3532077968120575,0.733710765838623,0.3615022897720337,-0.4541243016719818,-4.264885902404785,-2.7292237281799316,-16.360361099243164,5.537334442138672,-0.9522595405578613,-0.4379003942012787,-1.4666187763214111
-0.20390717685222626,2.0028867721557617,-0.7106141448020935,-0.08225386589765549,0.9058980941772461,-0.0034560449421405792,0.4154165983200073,-13.662494659423828,-1.9276766777038574,-5.1954474449157715,1.8382794857025146,-1.2163898944854736,-0.9939643740653992,-1.7724539041519165
-0.15910787880420685,2.262274742126465,-0.6882433891296387,0.060596514493227005,0.6628188490867615,0.6967036724090576,0.26758790016174316,-1.6824438571929932,-3.5176808834075928,-3.749805450439453,-0.05062342807650566,0.25217992067337036,0.4872302711009979,-0.1561456322669983
-0.09969048947095871,1.9480335712432861,-0.6885161995887756,0.08225386589765549,0.7441181540489197,-0.4803902506828308,0.4568891227245331,-15.789628028869629,-2.870673179626465,-4.358280181884766,1.4109870195388794,0.9522594809532166,1.2997994422912598,0.4379003345966339
-0.005137397907674313,1.9977740049362183,-0.7340893745422363,0.6623212695121765,0.6693540811538696,-0.32470470666885376,0.08867070823907852,-3.1395952701568604,-3.3788628578186035,-5.367656707763672,16.11809539794922,-1.717915415763855,-1.528251051902771,-1.7724539041519165
-0.05853826180100441,2.0242927074432373,-0.6908670663833618,0.4098869264125824,0.7679151296615601,-0.4568891227245331,-0.1831703782081604,-2.4368808269500732,-3.4836208820343018,-17.42292022705078,0.7465723752975464,-1.3971107006072998,-1.3971107006072998,-1.7724539041519165
-0.1594197005033493,1.8425366878509521,-0.656069278717041,0.3936259150505066,0.8427854180335999,-0.17322036623954773,-0.3236759305000305,-2.469668388366699,-3.6511971950531006,-4.339666366577148,0.6680908799171448,-0.7333478927612305,-0.6264504790306091,-1.7724539041519165
-0.1855396032333374,1.8736933469772339,-0.5161932110786438,0.7423895001411438,-0.2832266092300415,-0.5824914574623108,0.17130161821842194,-2.935131311416626,-3.26033878326416,-5.123654365539551,-0.5341870784759521,-0.8565898537635803,-1.002894639968872,-1.4760875701904297
-0.07874725013971329,1.8778725862503052,-0.6667494177818298,0.38958635926246643,0.35073432326316833,0.15010689198970795,0.8382576107978821,-3.258880853652954,-3.4081473350524902,-5.103673934936523,1.5015774965286255,1.4372844696044922,0.6670357584953308,0.006572645157575607
-0.055992867797613144,2.0744125843048096,-0.6318649649620056,0.9536752104759216,0.10645056515932083,0.26331865787506104,-0.09917259216308594,-2.617002248764038,-3.068730592727661,-3.6147780418395996,0.2505015432834625,-0.7305556535720825,0.11752121895551682,-1.7338814735412598
-0.054411452263593674,1.8884543180465698,-0.5571607947349548,0.7779288291931152,0.44963839650154114,0.3398389518260956,0.2777797281742096,-3.5612330436706543,-4.178161144256592,-4.823883533477783,0.6080864667892456,1.7724539041519165,1.7724539041519165,1.5323443412780762
-0.002077678218483925,2.036957025527954,-0.6782312989234924,0.5462278127670288,0.39114895462989807,0.305337518453598,0.6748382449150085,-2.406118631362915,-3.051525354385376,-4.362041473388672,1.2613931894302368,-1.5232114791870117,-1.3227710723876953,-1.7724539041519165
-0.01898936741054058,1.9640880823135376,-0.6076471209526062,0.11404947936534882,0.9506430625915527,-0.2536737024784088,-0.13755059242248535,-4.94623327255249,-2.5091912746429443,-11.627145767211914,3.725693464279175,-0.03475402295589447,-0.1459668129682541,-0.7715387940406799
-0.8081449270248413,2.5965652465820312,-1.0193116664886475,0.9608297348022461,-0.25824230909347534,-0.048066914081573486,0.0883556604385376,-1.1257144212722778,-3.2373528480529785,-4.051548957824707,0.10300246626138687,-1.5634557008743286,-1.7724539041519165,-1.7724539041519165
-1.0390515327453613,2.6278562545776367,-1.0271575450897217,-0.12400294095277786,0.458518385887146,0.835706353187561,0.27564287185668945,-2.065166473388672,-2.3103020191192627,-3.2099337577819824,-1.7410098314285278,-0.1459668129682541,-0.43925052881240845,-0.9778125286102295
-0.6790283918380737,2.809628963470459,-1.0618304014205933,-0.02004506066441536,0.99884432554245,-0.0034560449421405792,-0.0435461662709713,-1.639205813407898,-11.341925621032715,-3.086430072784424,-0.8010361194610596,-1.7724539041519165,-1.7724539041519165,-1.7724539041519165
-0.9435849785804749,2.2201313972473145,-0.7710859775543213,0.46300336718559265,0.7956032752990723,0.13288851082324982,0.3674016296863556,-2.5345911979675293,-2.795938014984131,-2.9544310569763184,-1.6863253116607666,1.7724539041519165,1.5706108808517456,1.7724539041519165
-1.0483295917510986,2.3079235553741455,-0.6635972261428833,-0.5204803347587585,0.7399975657463074,0.0739593580365181,0.4195638597011566,-3.5419931411743164,-10.383212089538574,-2.7966413497924805,2.6390573978424072,-0.2293764054775238,-0.2293764054775238,-0.6603260040283203
-0.1601686328649521,2.7852425575256348,-1.0750043392181396,0.5299000144004822,0.8351157307624817,0.1318182796239853,-0.06642009317874908,-1.7888227701187134,-3.550097942352295,-4.999111175537109,16.11809539794922,-1.4829951524734497,-1.4239495992660522,-1.7724539041519165
-0.09411853551864624,2.7846415042877197,-1.026100516319275,0.6215143799781799,0.7769841551780701,0.012839345261454582,-0.099250428378582,-2.1160390377044678,-3.3100056648254395,-5.265190124511719,8.024619102478027,-1.5095256567001343,-1.2370401620864868,-1.7724539041519165
-0.027006035670638084,2.7681546211242676,-1.0190449953079224,0.0034560449421405792,0.7364016771316528,0.6656342148780823,0.12096156924962997,-16.736865997314453,-2.289158582687378,-4.648068904876709,5.537334442138672,-0.5491132140159607,-0.2293764054775238,-1.7724539041519165
-0.2717737555503845,2.3976075649261475,-0.6348245739936829,-0.3684603273868561,0.6232258081436157,0.6803929805755615,-0.11354314535856247,-1.6336623430252075,-4.3055195808410645,-4.52603006362915,2.297778606414795,-0.8520451188087463,-0.5538609623908997,-1.190636157989502
0.0817716121673584,2.1448168754577637,-0.6152704358100891,0.6935878396034241,0.6951436400413513,0.13725163042545319,-0.12989675998687744,-2.3438494205474854,-2.9575886726379395,-4.8438215255737305,16.11809539794922,-1.580599308013916,-0.8766665458679199,-1.7724539041519165
-0.047849372029304504,2.4550905227661133,-0.5723844766616821,-0.2522912621498108,0.8181365728378296,0.02004506066441536,0.5163331031799316,-3.974066972732544,-1.4876115322113037,-9.349084854125977,5.537334442138672,-1.244193196296692,-0.7715387940406799,-1.7724539041519165
-0.1937541663646698,2.573101758956909,-0.5523913502693176,-0.05876168981194496,0.6370005011558533,0.7231376767158508,0.26047900319099426,-1.99650239944458,-3.6438119411468506,-4.979249477386475,16.11809539794922,-1.234233021736145,-0.885707676410675,-1.4388154745101929
-0.44280388951301575,1.566737413406372,-0.4896347224712372,0.22879016399383545,0.9044138789176941,0.3227945864200592,0.15966928005218506,-2.868954658508301,-4.5995001792907715,-17.73685646057129,5.537334442138672,-0.7298339605331421,-0.2293764054775238,-1.7724539041519165
-0.4096910357475281,1.6068838834762573,-0.4486924707889557,0.39519262313842773,0.823756754398346,0.24229395389556885,0.3264066278934479,-2.5856571197509766,-3.778463363647461,-3.9783174991607666,-1.580745816230774,0.6638842225074768,1.0424901247024536,0.30690351128578186
-0.37876763939857483,1.5652979612350464,-0.39811745285987854,0.9592500329017639,-0.18538333475589752,-0.156096950173378,0.14527930319309235,-2.2450382709503174,-4.194291114807129,-4.630657196044922,0.07837492972612381,-0.37674209475517273,0.19913464784622192,-1.2417656183242798
-0.3969636857509613,1.5832841396331787,-0.4965335428714752,0.933144211769104,-0.0012574151623994112,0.04737626761198044,0.35636472702026367,-2.7322492599487305,-4.68919563293457,-4.854981422424316,16.11809539794922,-1.1213845014572144,-0.5476758480072021,-1.5166105031967163
-0.28343310952186584,1.522093415260315,-0.5112669467926025,-0.16706453263759613,0.5303720831871033,0.7986833453178406,-0.22999967634677887,-2.876450777053833,-4.606539249420166,-5.337160110473633,16.11809539794922,-0.7519363760948181,-0.1459668129682541,-1.7724539041519165
-0.3321738541126251,1.4663963317871094,-0.4788208305835724,0.8353943228721619,-0.5453639030456543,-0.05875276401638985,0.03525165840983391,-4.505850315093994,-17.424253463745117,-2.941535711288452,5.537334442138672,-0.8827515840530396,-0.32668760418891907,-1.7724539041519165
-0.41295844316482544,1.5963797569274902,-0.4757760763168335,0.7815792560577393,0.5134359002113342,0.3367295265197754,-0.11013931781053543,-2.899016857147217,-4.513838768005371,-4.652785301208496,16.11809539794922,-0.8959296345710754,-0.35598939657211304,-1.7724539041519165
-0.3520345091819763,1.6883653402328491,-0.4104946553707123,0.22566428780555725,0.7875863313674927,0.5727726221084595,-0.02673836052417755,-3.249117136001587,-4.666560173034668,-5.4567999839782715,16.11809539794922,0.17260923981666565,0.7895289063453674,-1.0990837812423706
-0.3235481381416321,1.5654531717300415,-0.33205974102020264,0.4062785506248474,0.8579422831535339,0.28779321908950806,0.12667997181415558,-2.3193256855010986,-3.182189702987671,-5.305885314941406,-1.1462002992630005,-0.010137995705008507,0.7095580101013184,-1.124015212059021
-0.2625923156738281,1.4773591756820679,-0.5176844596862793,-0.22818754613399506,0.5371099710464478,0.8098872303962708,-0.05937953293323517,-3.303567409515381,-4.533177375793457,-6.05753231048584,16.11809539794922,-0.8583419919013977,-0.504014790058136,-1.4937676191329956
-0.2461094856262207,1.5462652444839478,-0.518828272819519,-0.11313576996326447,0.45045772194862366,0.8506353497505188,-0.24638932943344116,-2.9464046955108643,-4.746578216552734,-6.028214931488037,16.11809539794922,-1.0271257162094116,-0.6072678565979004,-1.7724539041519165
-0.19605344533920288,1.5227649211883545,-0.4833279252052307,-0.007320111151784658,0.8185243606567383,0.5376055240631104,0.20234759151935577,-3.368248224258423,-4.153278350830078,-5.423782825469971,16.11809539794922,-0.8794938325881958,-0.4047752618789673,-1.319132685661316
-0.2178027331829071,1.5680752992630005,-0.4684771001338959,-0.15966928005218506,0.9473263025283813,0.1444626748561859,0.23708467185497284,-3.9242122173309326,-3.2321553230285645,-15.788833618164062,5.537334442138672,-1.0634723901748657,-0.47960519790649414,-1.7724539041519165
-0.19105158746242523,1.5904203653335571,-0.490985244512558,0.35902491211891174,0.7059817910194397,0.5956292152404785,-0.13385316729545593,-3.0717084407806396,-3.90851092338562,-5.101393699645996,16.11809539794922,-1.162441611289978,-0.7928248643875122,-1.6825271844863892
-0.11277526617050171,1.6552022695541382,-0.4990878999233246,-0.011827212758362293,0.43478578329086304,0.8998233079910278,-0.03375564143061638,-2.9212486743927,-3.270530939102173,-3.659161329269409,2.7996575832366943,-1.174795389175415,-0.7655546069145203,-1.7715661525726318
-0.2501067817211151,1.7037378549575806,-0.5177570581436157,0.648260772228241,-0.6142899990081787,-0.4303240180015564,-0.13125178217887878,-3.2247073650360107,-4.301389217376709,-5.00676965713501,0.9625222682952881,-0.3472057282924652,0.2878829538822174,-1.4165867567062378
-0.20610378682613373,1.6886334419250488,-0.5182626247406006,0.9665845632553101,-0.2019927203655243,-0.15442855656147003,-0.03263576701283455,-2.991112470626831,-4.73477029800415,-5.5000834465026855,16.11809539794922,-1.3090742826461792,-0.8147979974746704,-1.7724539041519165
-0.14785876870155334,1.727515459060669,-0.5173790454864502,-0.46151217818260193,0.3693462014198303,0.610463559627533,0.5271850824356079,-2.8266661167144775,-3.6407408714294434,-5.205308437347412,1.4045822620391846,-1.3180811405181885,-0.9244563579559326,-1.7724539041519165
-0.1950524002313614,1.7048611640930176,-0.3809291124343872,-0.2864486575126648,0.43120309710502625,0.5794656276702881,0.629468560218811,-2.331991672515869,-3.161203145980835,-3.9333035945892334,-0.7022669911384583,-1.3297371864318848,-0.7531365156173706,-1.7724539041519165
-0.025173906236886978,1.642672061920166,-0.3810379207134247,0.9655935764312744,0.04789009317755699,0.24081948399543762,0.0856831967830658,-2.953871726989746,-3.2971901893615723,-3.7427468299865723,2.2322428226470947,-0.11302191019058228,0.5886869430541992,-1.3051491975784302
-0.13745608925819397,1.719563603401184,-0.425447940826416,0.49821150302886963,0.33553385734558105,0.3116242587566376,0.7362694144248962,-2.6934444904327393,-3.930297374725342,-4.963083744049072,-0.14327888190746307,-1.3306140899658203,-0.8572889566421509,-1.7724539041519165
0.03674580529332161,1.7300924062728882,-0.47441941499710083,-0.4140923023223877,-0.24938026070594788,0.8490206003189087,0.21330970525741577,-2.6494877338409424,-3.780743360519409,-4.388021469116211,1.826518177986145,-1.4596726894378662,-1.2407296895980835,-1.7724539041519165
-0.13870494067668915,1.5466692447662354,-0.4031236171722412,-0.174875870347023,0.9675738215446472,0.16658136248588562,-0.0739593580365181,-4.505850315093994,-3.8293864727020264,-12.110127449035645,5.537334442138672,-0.8410467505455017,-0.2571796178817749,-1.7724539041519165
-0.23169828951358795,1.6416587829589844,-0.36315926909446716,0.6190512776374817,0.01175055280327797,-0.6034254431724548,0.5025089383125305,-14.144423484802246,-4.69379997253418,-3.0139827728271484,5.537334442138672,-0.3683924078941345,0.18767155706882477,-1.2163898944854736
-0.14813672006130219,1.5993177890777588,-0.4059180021286011,0.2402213215827942,0.5430440306663513,0.8045876026153564,-0.005970115773379803,-3.4570510387420654,-4.490121364593506,-5.7638258934021,16.11809539794922,-0.5976665616035461,0.04259408265352249,-1.4540868997573853
-0.26216164231300354,1.6189148426055908,-0.2869918942451477,-0.1043725535273552,0.9662337303161621,0.16658136248588562,0.16658136248588562,-5.386616230010986,-4.26945161819458,-17.12508201599121,-0.5212969183921814,1.1051770448684692,1.3415043354034424,-0.3683924078941345
-0.1194467693567276,1.7468668222427368,-0.30838504433631897,0.7925565838813782,0.5381650328636169,0.11685122549533844,0.2618744373321533,-3.093543291091919,-3.6938889026641846,-4.338130474090576,0.8050108551979065,0.03467055410146713,0.8323755860328674,-0.6797083020210266
-0.052622370421886444,1.7062110900878906,-0.2737151086330414,0.4396466314792633,0.878596842288971,0.011418062262237072,0.18613974750041962,-2.696570873260498,-4.341348648071289,-4.878105163574219,-2.033797025680542,1.3480257987976074,1.6878873109817505,1.386399745941162
-0.08340134471654892,1.6402980089187622,-0.39234188199043274,0.5766013860702515,-0.6383187770843506,-0.23190899193286896,-0.4542005658149719,-3.416546106338501,-3.626258373260498,-4.26242208480835,16.11809539794922,-1.4447565078735352,-0.9584381580352783,-1.7724539041519165
-0.1020086258649826,1.6720530986785889,-0.3239940404891968,0.8434467315673828,0.01961294747889042,-0.35421860218048096,0.4034131169319153,-3.4139063358306885,-3.802313804626465,-6.020007133483887,-0.24666637182235718,1.4705781936645508,1.7683221101760864,0.07193968445062637
-0.07064090669155121,1.6902223825454712,-0.3685324192047119,-0.09843707084655762,0.7654516100883484,0.6263821721076965,-0.1097240298986435,-2.7130942344665527,-4.419607639312744,-5.025337219238281,1.5496430397033691,-1.2620482444763184,-0.5888198018074036,-1.7724539041519165
-0.06657615303993225,1.734262466430664,-0.29775986075401306,-0.46555042266845703,0.545748233795166,0.5674957036972046,0.40419089794158936,-2.4328088760375977,-3.0530734062194824,-4.717905521392822,-2.0013070106506348,-1.7179515361785889,-0.9276676774024963,-1.7724539041519165
-0.0862877368927002,1.7449883222579956,-0.27692264318466187,0.5909352898597717,0.7347345352172852,0.24413976073265076,-0.22661960124969482,-2.977625846862793,-3.3743369579315186,-4.818258762359619,0.03734351694583893,-0.9565027356147766,-0.020718896761536598,-1.7724539041519165
0.025362364947795868,1.7150529623031616,-0.2817046344280243,0.7679250240325928,0.5529420375823975,-0.31862980127334595,-0.05496664345264435,-2.562363862991333,-3.385643243789673,-4.19041633605957,-0.8212769627571106,-0.05423487350344658,0.8529334664344788,-1.0751729011535645
-0.08188742399215698,1.9203689098358154,-0.4286711513996124,0.8283772468566895,0.5124251842498779,-0.08022389560937881,0.21160271763801575,-2.49530291557312,-3.74332857131958,-4.330650806427002,-0.7302854657173157,-0.17008140683174133,-0.04444108158349991,-1.202779769897461
-0.08925480395555496,1.9512726068496704,-0.46587875485420227,0.7033189535140991,0.7031065225601196,0.10479480028152466,0.0013055492890998721,-2.4520866870880127,-3.0712974071502686,-4.044686794281006,-1.5261341333389282,-1.4197924137115479,-1.2983359098434448,-1.7724539041519165
0.0705690011382103,1.8843114376068115,-0.5080805420875549,0.11541447788476944,0.8831446766853333,0.3869202136993408,0.23880475759506226,-1.7242496013641357,-2.450969934463501,-3.9750733375549316,-0.8992204666137695,0.7668522000312805,1.7708444595336914,-1.6509373188018799
-0.06633862107992172,1.8383272886276245,-0.3982689082622528,0.4060063064098358,0.7612172365188599,0.17113997042179108,0.47583433985710144,-2.8506717681884766,-3.5314650535583496,-3.8221073150634766,-0.7152881026268005,0.7901966571807861,1.2736784219741821,0.15716150403022766
-0.04076014459133148,1.7877126932144165,-0.4146021902561188,0.4226316213607788,0.8374141454696655,-0.17016038298606873,-0.3019362986087799,-2.7522599697113037,-3.395671844482422,-4.486164093017578,1.6395372152328491,-0.8198099136352539,-0.3824602961540222,-1.4181801080703735
-0.06713207066059113,1.960259199142456,-0.4391709566116333,0.8039794564247131,-0.39986518025398254,-0.2810896933078766,-0.3386937975883484,-3.129281759262085,-4.3975300788879395,-5.273255825042725,16.11809539794922,-1.0779292583465576,-0.4523572623729706,-1.7724539041519165
-0.011348863132297993,1.884431004524231,-0.3518460988998413,0.24946069717407227,0.5165358781814575,0.802316427230835,-0.16507090628147125,-2.789193868637085,-3.7321150302886963,-4.5109429359436035,1.1661765575408936,-1.227522611618042,-0.6267412304878235,-1.7724539041519165
-0.07243382185697556,1.9533851146697998,-0.37632399797439575,0.2827044725418091,0.8229901790618896,0.49144959449768066,-0.03525165840983391,-4.7966694831848145,-2.870673179626465,-14.629678726196289,1.2679531574249268,-0.9522595405578613,-0.6325227618217468,-1.7724539041519165
-0.0018871416104957461,1.7339725494384766,-0.1948387622833252,-0.2702627182006836,0.7857823967933655,0.06704726815223694,-0.5522759556770325,-17.318504333496094,-4.5995001792907715,-3.2957217693328857,4.139158725738525,0.9105547070503235,1.4527170658111572,-0.29888439178466797
-0.24917973577976227,1.7506738901138306,-0.13587547838687897,0.2374027520418167,0.7084821462631226,0.6064293384552002,0.27191248536109924,-2.321704149246216,-4.670247554779053,-5.84470796585083,-0.005005252081900835,0.5592796802520752,0.7788643836975098,0.23386119306087494
-0.2538902759552002,1.9832038879394531,-0.13147081434726715,-0.12665826082229614,0.7176197171211243,0.668809175491333,-0.14722073078155518,-1.967734694480896,-3.595283269882202,-5.471742153167725,1.314416766166687,-0.3461155891418457,-0.0410698801279068,-0.7083466053009033
-0.19076195359230042,1.9646108150482178,-0.17340801656246185,-0.10217366367578506,0.678570568561554,0.7147912383079529,-0.13481850922107697,-2.013246536254883,-2.574814558029175,-5.642132759094238,-1.1404629945755005,-0.9769992828369141,-0.6179248690605164,-1.5459669828414917
-0.16797691583633423,2.175431728363037,-0.1944580227136612,-0.07680971920490265,0.6690487861633301,0.7142775654792786,-0.19047696888446808,-1.7699813842773438,-2.99053692817688,-5.952709674835205,-0.11073853820562363,-1.4417908191680908,-1.0927022695541382,-1.6809715032577515
-0.09900786727666855,2.0995302200317383,-0.19389894604682922,0.36310088634490967,0.5359302163124084,0.6739415526390076,0.35600465536117554,-1.8602862358093262,-4.384237766265869,-4.803996562957764,16.11809539794922,-0.14483007788658142,0.28833702206611633,-0.3689887225627899
-0.23169828951358795,2.0363337993621826,-0.12760460376739502,-0.0034560449421405792,0.9148408770561218,0.042163748294115067,0.4015924036502838,-5.037633419036865,-2.210575580596924,-17.221677780151367,1.1786550283432007,1.6334378719329834,1.7724539041519165,0.6603259444236755
-0.5254198312759399,2.6387407779693604,-0.4234403967857361,0.9343364834785461,-0.3458240330219269,-0.07290606945753098,-0.04588861018419266,-1.943116307258606,-2.8256947994232178,-4.18506383895874,-0.8283107876777649,-1.129652738571167,-1.1849886178970337,-1.5766488313674927
-1.0115396976470947,2.3171310424804688,-0.12872013449668884,0.12157374620437622,0.7455913424491882,0.6453456282615662,0.11332431435585022,-2.153653860092163,-3.8182170391082764,-5.451607704162598,-0.5192758440971375,-0.45138874650001526,-0.1075824499130249,-0.48251235485076904
-1.0948262214660645,2.332005500793457,-0.2141156941652298,-0.2840868830680847,0.8613404035568237,0.32417699694633484,-0.26888027787208557,-3.5419931411743164,-16.54412269592285,-1.9272754192352295,-1.5953861474990845,-1.7724539041519165,-1.7585523128509521,-1.7585523128509521
-0.9801943898200989,2.4429709911346436,-0.10482114553451538,0.866788387298584,-0.26412317156791687,-0.42287352681159973,-0.009740258567035198,-1.6567202806472778,-2.466560125350952,-3.6616733074188232,-1.3300449848175049,-0.7658669948577881,-0.3978699743747711,-1.019654631614685
-0.9044377207756042,2.590470314025879,-0.15797992050647736,0.5379636287689209,0.7862073183059692,-0.1916997879743576,0.23606015741825104,-2.0655484199523926,-2.522529125213623,-3.815392255783081,3.242293357849121,-1.1326698064804077,-1.2609018087387085,-1.7711447477340698
-0.9894143342971802,2.583200216293335,-0.1200040951371193,0.6078938245773315,0.39613077044487,0.26911601424217224,0.6333419680595398,-1.7220698595046997,-2.637439012527466,-3.786294937133789,-1.2225428819656372,0.4349396228790283,0.7723094820976257,0.361869215965271
-1.0450044870376587,2.688152551651001,-0.15853193402290344,0.2592827379703522,0.6733865737915039,0.624215841293335,0.29946210980415344,-1.636315941810608,-2.9145405292510986,-5.540307998657227,-0.2204776406288147,0.011380498297512531,0.3902299404144287,-0.25908583402633667
-0.9366353154182434,2.6250131130218506,-0.09907740354537964,0.589592456817627,0.4781091809272766,0.46203774213790894,0.4585994780063629,-1.857049822807312,-2.8220181465148926,-4.071905136108398,1.5139172077178955,-0.1458147019147873,0.286606103181839,-0.46834179759025574
-0.7653253078460693,2.780731678009033,-0.05489913374185562,0.6842819452285767,-0.549591600894928,-0.10680317878723145,-0.4672262370586395,-2.4066426753997803,-2.487739324569702,-4.814145565032959,3.393125295639038,-1.6391602754592896,-1.5611850023269653,-1.7724539041519165
-0.570332944393158,2.756869077682495,-0.11057616770267487,-0.39134448766708374,0.7482203841209412,0.17131201922893524,0.5076100826263428,-2.196074962615967,-2.605138063430786,-3.5113604068756104,-0.44558537006378174,-0.5857729315757751,-0.6012086272239685,-1.485122561454773
0.052261319011449814,2.3593382835388184,-0.33347663283348083,0.9034647941589355,0.35306069254875183,-0.11521168798208237,-0.21406956017017365,-1.8982388973236084,-3.9757282733917236,-4.778463840484619,-2.72650146484375,1.7724539041519165,1.7724539041519165,1.7724539041519165
-0.1540435552597046,2.6747426986694336,-0.4059808552265167,0.9706347584724426,0.15718644857406616,0.035857390612363815,-0.1785353273153305,-1.5765002965927124,-2.4349706172943115,-2.823091506958008,0.8069152235984802,-1.6199997663497925,-1.5023666620254517,-1.7603414058685303
-0.33275362849235535,2.540090322494507,-0.40758538246154785,-0.0034560449421405792,0.994184136390686,-0.02004506066441536,0.10575497150421143,-3.1612329483032227,-2.07083797454834,-16.448095321655273,-1.9061697721481323,1.7724539041519165,1.7724539041519165,-0.8410467505455017
-0.14561040699481964,2.841259241104126,-0.24906595051288605,0.8163540959358215,0.5064621567726135,0.262584388256073,-0.09006393700838089,-1.2708559036254883,-2.6687278747558594,-3.8029518127441406,2.001896858215332,-1.739751935005188,-1.580702781677246,-1.7724539041519165
-0.15911027789115906,2.5308585166931152,-0.2577923834323883,0.5190653204917908,0.19356024265289307,0.40776845812797546,0.7258309125900269,-1.4231520891189575,-3.0534889698028564,-4.176888465881348,0.012527582235634327,-0.8096271753311157,-0.5290926694869995,-1.5447481870651245
-0.12702949345111847,2.7781031131744385,-0.3010116517543793,0.7452422976493835,0.6270087957382202,0.10923444479703903,0.19885094463825226,-1.559181809425354,-2.0714709758758545,-4.193180084228516,3.865318775177002,-0.995064914226532,-0.6661956310272217,-1.4070156812667847
-0.22868412733078003,2.3586959838867188,-0.1875426471233368,-0.14140887558460236,0.7290744185447693,0.6194866895675659,-0.2543427348136902,-1.6142271757125854,-3.8943495750427246,-5.144279956817627,16.11809539794922,-1.3761508464813232,-1.1852426528930664,-1.4907892942428589
-0.17474792897701263,2.3536479473114014,-0.20367524027824402,0.05479629710316658,0.7388437390327454,0.6654710173606873,-0.0908605307340622,-1.5420571565628052,-3.155766487121582,-4.093087196350098,0.03671400994062424,-0.11330761015415192,0.2327088862657547,-0.4132395088672638
-0.1060730367898941,2.4800729751586914,-0.06791622936725616,0.22194628417491913,0.3849503695964813,0.895285964012146,-0.031875766813755035,-2.552241802215576,-3.787780284881592,-5.21792459487915,0.5377391576766968,1.1917721033096313,1.3038504123687744,0.8837642073631287
-0.296966552734375,2.647252082824707,-0.16187816858291626,0.5636512637138367,0.7399156093597412,-0.35724326968193054,-0.08484900742769241,-2.290998697280884,-3.9927706718444824,-4.324131965637207,16.11809539794922,-1.3508626222610474,-1.0577162504196167,-1.3825106620788574
-0.46235379576683044,2.7835586071014404,-0.11220201849937439,0.38500338792800903,0.9047645330429077,0.12096156924962997,-0.13616816699504852,-4.214470386505127,-1.7044456005096436,-12.203030586242676,5.537334442138672,-1.7724539041519165,-1.5500283241271973,-1.7724539041519165
-0.5225390195846558,2.719048500061035,-0.0296123418956995,0.6233221292495728,-0.5278055667877197,-0.03710675239562988,-0.5757724642753601,-2.044872522354126,-3.0541911125183105,-4.063940525054932,16.11809539794922,-1.7724539041519165,-1.5497992038726807,-1.7724539041519165
-0.437070369720459,2.7014875411987305,-0.04858449101448059,0.5250930786132812,-0.4449554979801178,-0.5412131547927856,-0.48309439420700073,-1.5483025312423706,-3.1829617023468018,-3.622889757156372,1.0437160730361938,-1.7476609945297241,-1.737902283668518,-1.7724539041519165
-0.5069537162780762,2.755727767944336,-0.012374832294881344,-0.03339143469929695,0.5334208607673645,0.6992901563644409,-0.4747004210948944,-2.346428871154785,-3.831993818283081,-5.147164821624756,-0.07274224609136581,1.7724539041519165,1.7724539041519165,0.17378370463848114
-0.4687804877758026,2.641620635986328,0.08210492879152298,0.3312412202358246,0.5267850160598755,0.7797302603721619,-0.06926422566175461,-1.9366027116775513,-3.2226855754852295,-3.8351259231567383,1.412673830986023,-0.7814295887947083,-0.49873048067092896,-0.9264122247695923
-0.08725088089704514,2.554163694381714,-0.07353364676237106,0.05875276401638985,0.898966908454895,0.4320056140422821,0.042163748294115067,-4.071927070617676,-3.2974562644958496,-16.448095321655273,2.0149030685424805,1.7029458284378052,1.7446506023406982,1.7724539041519165
0.21949942409992218,1.5908112525939941,-0.8451315760612488,-0.049345340579748154,0.7614574432373047,0.4939365088939667,-0.41686248779296875,-3.0533266067504883,-3.698254346847534,-4.987514972686768,0.5043856501579285,-1.354953646659851,-0.9517319202423096,-1.7724539041519165
0.053041692823171616,1.5732293128967285,-0.8282439112663269,0.47952142357826233,0.15882347524166107,0.39880335330963135,0.7653693556785583,-3.0531351566314697,-3.8438942432403564,-5.995011806488037,16.11809539794922,-1.3387634754180908,-1.0411509275436401,-1.7724539041519165
0.08016099035739899,1.7690037488937378,-0.8469719290733337,0.37468209862709045,0.606063961982727,0.6633373498916626,0.22865551710128784,-2.63812518119812,-3.139321804046631,-3.6957058906555176,16.11809539794922,-1.5277045965194702,-1.1967507600784302,-1.7526729106903076
0.18033726513385773,1.6714348793029785,-0.8973776698112488,0.973063588142395,0.04769303649663925,0.05189354717731476,-0.21949884295463562,-2.8641135692596436,-3.2527968883514404,-4.225296497344971,1.55555260181427,-1.4538567066192627,-0.9615122079849243,-1.7724539041519165
0.23785065114498138,1.724926471710205,-0.8570150136947632,0.42682069540023804,0.3719854950904846,0.4039842486381531,0.7185037136077881,-2.5598325729370117,-3.1427571773529053,-3.9465317726135254,0.06233241409063339,-0.838947594165802,-0.2302323430776596,-1.6869361400604248
0.09546097368001938,1.9116864204406738,-0.874415397644043,0.6890352964401245,0.6661223769187927,-0.28535324335098267,0.009211105294525623,-2.4713833332061768,-3.0096747875213623,-3.8919057846069336,0.7891989946365356,-1.7324711084365845,-1.3548784255981445,-1.7724539041519165
0.24294257164001465,1.8827461004257202,-0.8483412265777588,0.8527229428291321,0.4948848485946655,-0.16633035242557526,0.01693367213010788,-2.1091501712799072,-3.4336259365081787,-3.97275447845459,2.0418343544006348,-1.1790069341659546,-0.6589550971984863,-1.7602709531784058
0.1630842238664627,1.9456819295883179,-0.794516384601593,-0.17033874988555908,0.6890344619750977,0.6980903744697571,0.09426610171794891,-1.5908862352371216,-3.054858446121216,-3.699282169342041,0.9267749190330505,-0.20970499515533447,0.4226464629173279,-1.485262393951416
0.19349290430545807,1.94194757938385,-0.8657366633415222,0.9790358543395996,0.11355284601449966,0.0349588543176651,-0.16544628143310547,-2.898491382598877,-3.216979742050171,-3.638922929763794,2.1281492710113525,0.8855854868888855,1.4033149480819702,-1.3517674207687378
0.045267459005117416,1.98389732837677,-0.8685715198516846,0.5555225014686584,-0.525089681148529,-0.5712572932243347,-0.2988990545272827,-2.332777500152588,-3.4714250564575195,-4.6806960105896,16.11809539794922,-0.9999395608901978,-0.3662567436695099,-1.607154130935669
0.06342248618602753,2.029229164123535,-0.920478343963623,-0.19008246064186096,0.9742170572280884,0.12096156924962997,0.01175055280327797,-1.9258569478988647,-2.7239725589752197,-17.857715606689453,-1.2909841537475586,1.7724539041519165,1.7724539041519165,1.7724539041519165
0.6182891726493835,1.9003854990005493,-0.7879429459571838,0.47084906697273254,0.8449224233627319,0.054527997970581055,0.24785882234573364,-2.2556066513061523,-3.8262436389923096,-4.947880268096924,2.2928473949432373,-1.4995356798171997,-1.0932073593139648,-1.7724539041519165
0.359413206577301,1.9717426300048828,-0.6101247668266296,-0.36990800499916077,0.4113447070121765,0.636381983757019,0.5375701189041138,-1.9372049570083618,-2.5440714359283447,-3.293314218521118,1.6608784198760986,-1.7724539041519165,-1.6614253520965576,-1.7724539041519165
0.26888614892959595,1.7421337366104126,-0.7459336519241333,-0.02004506066441536,0.8901222944259644,0.43891769647598267,0.12096156924962997,-2.3614063262939453,-4.01431131362915,-16.448095321655273,2.092745542526245,-1.3971107006072998,-1.1051771640777588,-1.7724539041519165
0.060261502861976624,1.754799723625183,-0.6449662446975708,0.05875276401638985,0.758469820022583,0.6490452289581299,0.0034560449421405792,-14.723085403442383,-3.2337357997894287,-1.7118898630142212,-0.19671028852462769,-1.6890443563461304,-1.6890443563461304,-1.7724539041519165
0.16071829199790955,1.6997065544128418,-0.6355343461036682,0.7379931807518005,0.2905518710613251,0.2722761631011963,0.5448039770126343,-2.8640198707580566,-3.0177366733551025,-5.135207176208496,1.751220464706421,-1.3784610033035278,-1.177729606628418,-1.7724539041519165
0.18404576182365417,1.742252230644226,-0.6064201593399048,0.9764610528945923,-0.13444295525550842,-0.1055971160531044,-0.13152259588241577,-2.8936479091644287,-3.653794765472412,-4.845893859863281,16.11809539794922,-1.3966301679611206,-1.1849403381347656,-1.7724539041519165
0.5354620814323425,1.7027283906936646,-0.6014642715454102,0.6310737729072571,0.7248297333717346,0.16658136248588562,-0.22049565613269806,-17.53435707092285,-4.01431131362915,-4.069358825683594,-0.7286538481712341,1.7724539041519165,1.6334378719329834,0.9105547070503235
0.02443706803023815,1.8687934875488281,-0.8216592073440552,-0.1831703782081604,0.8304360508918762,0.5260100364685059,-0.01175055280327797,-5.259788513183594,-2.516880989074707,-5.195435047149658,2.7725887298583984,-0.11816361546516418,0.3266875445842743,-0.4379003942012787
0.0720771998167038,1.963606595993042,-0.7863118648529053,0.40676069259643555,0.6922282576560974,0.3263239860534668,0.4988771378993988,-2.1001815795898438,-2.9695470333099365,-4.2892656326293945,1.1085952520370483,1.0083287954330444,1.217315673828125,0.5896508693695068
0.026544388383626938,1.818129539489746,-0.7104876041412354,-0.05875276401638985,0.9836676120758057,-0.05875276401638985,-0.15966928005218506,-2.654412031173706,-3.727569103240967,-16.35898208618164,4.840242385864258,-1.7724539041519165,-1.7724539041519165,-1.7724539041519165
0.11429071426391602,1.9870092868804932,-0.6870511174201965,0.21466948091983795,0.528748095035553,0.4898834526538849,0.6590574383735657,-1.625441551208496,-2.9061412811279297,-3.1586999893188477,-0.856419026851654,1.4005855321884155,1.5164353847503662,0.578458845615387
0.16246651113033295,1.9461966753005981,-0.7378777265548706,-0.05875276401638985,0.9393036365509033,0.2840868830680847,-0.1831703782081604,-3.0186896324157715,-2.2142090797424316,-7.966068267822266,1.2452157735824585,-1.6890443563461304,-1.619536280632019,-1.7724539041519165
0.038043245673179626,1.9546805620193481,-0.5963032245635986,0.5996167063713074,0.3945806920528412,0.29684337973594666,0.6298014521598816,-2.1020660400390625,-3.211909532546997,-3.844770908355713,7.436681270599365,-1.159287691116333,-1.0243967771530151,-1.7724539041519165
0.14492951333522797,1.9099620580673218,-0.5989639163017273,0.8640853762626648,-0.3930947482585907,0.057699840515851974,-0.30903682112693787,-2.4414334297180176,-2.579887866973877,-3.617633581161499,16.11809539794922,-1.5759148597717285,-1.588477373123169,-1.7724539041519165
0.17616409063339233,1.9025694131851196,-0.654096245765686,0.4154165983200073,0.7658218145370483,0.3227945864200592,0.3697968125343323,-13.07591724395752,-3.090364933013916,-2.4329025745391846,3.567518711090088,-1.327602744102478,-1.6473394632339478,-1.3554059267044067
0.35844725370407104,1.7899829149246216,-0.7921208143234253,0.03525165840983391,-0.5425990223884583,0.5661001205444336,0.6195758581161499,-8.973835945129395,-3.4886176586151123,-2.5058140754699707,0.6061357855796814,-1.7724539041519165,-1.285897970199585,-1.7724539041519165
0.49858400225639343,1.8687934875488281,-0.8076956272125244,-0.5052737593650818,0.7622775435447693,0.40297484397888184,-0.03525165840983391,-2.432677984237671,-4.221402645111084,-4.409611701965332,-0.133531391620636,1.522225022315979,1.2580946683883667,1.7724539041519165
0.2889227271080017,2.026341199874878,-0.7126271724700928,0.7885079383850098,0.4998476207256317,-0.18862107396125793,0.30467963218688965,-2.5145959854125977,-2.6502716541290283,-5.314284324645996,16.11809539794922,-1.7724539041519165,-1.7480010986328125,-1.7724539041519165
0.4259469509124756,1.8330379724502563,-0.6728256344795227,0.9377166628837585,-0.32037240266799927,0.13258688151836395,-0.02167213335633278,-2.28013277053833,-3.1673054695129395,-3.262301206588745,16.11809539794922,-1.5536948442459106,-1.5689468383789062,-1.7724539041519165
0.40261608362197876,1.959774374961853,-0.6140764951705933,-0.37061187624931335,0.3427482545375824,0.8578752279281616,-0.09602373093366623,-2.181187391281128,-2.32853627204895,-2.547415018081665,1.518453598022461,0.46230167150497437,1.2585099935531616,-1.035669207572937
0.4613467752933502,1.8412222862243652,-0.5578925013542175,0.9359923601150513,0.22612175345420837,0.16235771775245667,-0.2154698371887207,-2.4333112239837646,-3.363809823989868,-4.677608013153076,16.11809539794922,-1.4093379974365234,-1.7024449110031128,-1.7724539041519165
0.36420938372612,1.8960334062576294,-0.5406029224395752,0.726524293422699,0.6738921999931335,0.07709672302007675,-0.10994485020637512,-2.1194722652435303,-3.4495482444763184,-3.692206382751465,16.11809539794922,-1.3428782224655151,-1.0499736070632935,-1.4787927865982056
0.3587113916873932,2.0888876914978027,-0.5821127891540527,0.4894951283931732,0.8631888031959534,-0.058019109070301056,-0.10924026370048523,-2.2110893726348877,-3.3083434104919434,-3.9126193523406982,1.6940667629241943,-1.7724539041519165,-1.0899937152862549,-1.7724539041519165
0.5630891919136047,2.0100839138031006,-0.5832042098045349,0.9604983925819397,0.1804787665605545,-0.1308341771364212,0.16659130156040192,-2.1983489990234375,-3.115718364715576,-4.4039177894592285,0.36746564507484436,-1.7724539041519165,-0.909059464931488,-1.7724539041519165
0.7213373780250549,1.4223814010620117,-1.0484329462051392,0.2673657536506653,0.43275246024131775,0.8540035486221313,-0.10917313396930695,-3.041506052017212,-3.4206669330596924,-6.341508865356445,16.11809539794922,-0.7153003215789795,-0.26223596930503845,-0.7652217149734497
0.7398720979690552,1.5071094036102295,-1.0944859981536865,0.26888027787208557,0.9442489147186279,0.05045825615525246,0.1831703782081604,-3.5888631343841553,-2.9469940662384033,-11.822271347045898,5.537334442138672,-0.11816361546516418,0.10426196455955505,0.03475397080183029
0.6619012951850891,1.7069504261016846,-0.8946994543075562,0.12787365913391113,0.9896082878112793,0.0034560449421405792,-0.0656648501753807,-3.089961290359497,-2.1504886150360107,-12.203030586242676,0.007843177765607834,-1.4666187763214111,-1.327602744102478,-1.7724539041519165
0.6919829845428467,1.70930814743042,-0.8830762505531311,-0.14275600016117096,0.398451030254364,0.8624409437179565,0.27758440375328064,-3.1511270999908447,-3.293135166168213,-4.766055583953857,1.0169228315353394,-0.8610260486602783,-0.6409476399421692,-1.3054161071777344
0.6619398593902588,1.750666618347168,-0.8118704557418823,0.5065911412239075,0.2194727212190628,-0.8337544798851013,-0.00711143109947443,-2.7207694053649902,-2.899266004562378,-3.929918050765991,16.11809539794922,-1.6079531908035278,-1.4415452480316162,-1.7395331859588623
0.7735892534255981,1.7471531629562378,-0.916242241859436,-0.0962529331445694,0.5204479694366455,0.8022915124893188,0.27603909373283386,-3.904893398284912,-4.775408744812012,-5.127303600311279,16.11809539794922,-0.25978562235832214,0.1659519076347351,-0.7311071157455444
0.9948577880859375,1.7435410022735596,-0.9022182822227478,-0.13616816699504852,0.949711799621582,0.26749786734580994,0.08916595578193665,-4.650019645690918,-5.607321739196777,-11.53062629699707,-0.9916401505470276,1.7724539041519165,1.7724539041519165,0.4379003345966339
1.0281180143356323,1.715524673461914,-0.8890370726585388,0.26998811960220337,0.44866862893104553,0.6633952856063843,0.5345180630683899,-3.9556970596313477,-4.66321325302124,-6.303476810455322,16.11809539794922,0.6407183408737183,1.2334243059158325,-0.45589980483055115
1.0030938386917114,1.741190791130066,-0.8749695420265198,0.9192624092102051,0.13697707653045654,0.09395191073417664,-0.3568851351737976,-3.082221746444702,-4.440747261047363,-4.732966899871826,2.459920644760132,-0.2299983948469162,0.39285939931869507,-1.0485045909881592
0.9528104066848755,1.8153209686279297,-0.8937950134277344,0.2389729619026184,0.40874356031417847,0.6735209822654724,0.5676178932189941,-2.979586362838745,-3.4372260570526123,-4.52747917175293,-0.28117072582244873,0.4563356637954712,0.9346198439598083,-0.8003997206687927
0.6081646084785461,1.9025694131851196,-1.0794483423233032,0.03525165840983391,0.9771394729614258,0.03525165840983391,0.20667147636413574,-14.628056526184082,-7.503004550933838,-4.36100435256958,3.00815486907959,0.5074083209037781,0.6186211109161377,0.36839234828948975
0.6133471727371216,1.909631609916687,-1.0792783498764038,0.5360580086708069,0.08707262575626373,-0.835857093334198,0.08001932501792908,-4.3405327796936035,-6.436521530151367,-6.90308141708374,0.7923139333724976,1.76704740524292,1.632431983947754,0.32731619477272034
0.5906361937522888,1.8828948736190796,-1.0148589611053467,0.6050689816474915,0.1463499516248703,-0.6789987087249756,-0.38914522528648376,-3.332397937774658,-5.481510162353516,-7.047745227813721,-0.054541245102882385,1.7724539041519165,1.7724539041519165,1.7724539041519165
0.6208085417747498,1.9096060991287231,-1.0998566150665283,0.2827044725418091,0.9027324318885803,0.2439967691898346,0.2135835736989975,-10.969443321228027,-5.830343246459961,-5.5356879234313965,1.2909841537475586,1.7724539041519165,1.5639299154281616,1.661241054534912
0.6619012951850891,1.9152354001998901,-1.0719294548034668,-0.1831703782081604,0.9746583104133606,0.12787365913391113,-0.01175055280327797,-3.089961290359497,-12.696219444274902,-1.857712745666504,-2.219203472137451,0.21547475457191467,-1.7724539041519165,-1.7724539041519165
0.6643701791763306,1.907075047492981,-1.0272974967956543,0.6082838773727417,-0.4283446967601776,-0.49687135219573975,-0.44680020213127136,-2.9613893032073975,-3.1724302768707275,-5.943807601928711,16.11809539794922,-1.7058510780334473,-0.3918415904045105,-1.7724539041519165
0.7149742245674133,1.9166970252990723,-1.0575268268585205,-0.4912918210029602,0.2337770164012909,0.5276641249656677,0.6523428559303284,-2.1954658031463623,-3.153655767440796,-5.62334680557251,16.11809539794922,-1.721827507019043,-0.8600157499313354,-1.7724539041519165
0.7620498538017273,1.913230538368225,-0.9979371428489685,0.5281875729560852,-0.4073120057582855,-0.444485068321228,-0.5979530811309814,-3.09274959564209,-3.906203031539917,-5.333862781524658,16.11809539794922,-1.7724539041519165,-0.7604902386665344,-1.7724539041519165
0.785183310508728,1.9249606132507324,-0.9765674471855164,0.7038074135780334,-0.18432877957820892,-0.6554940342903137,-0.20249836146831512,-3.0002269744873047,-3.7433502674102783,-4.333045482635498,-0.6034077405929565,1.1091395616531372,1.2771791219711304,-0.3579263389110565
0.801780104637146,1.8139065504074097,-0.9363696575164795,0.677264928817749,-0.2733987271785736,-0.3346846103668213,-0.5954422950744629,-2.670335054397583,-3.0871033668518066,-4.3756256103515625,0.11126048862934113,-1.5395301580429077,-0.9210529327392578,-1.7724539041519165
0.6610984802246094,1.9338657855987549,-0.9503746628761292,0.5306311249732971,0.49479806423187256,0.6875810623168945,0.028944557532668114,-2.945568561553955,-3.8214104175567627,-5.123458385467529,-1.3139679431915283,-1.7724539041519165,-0.9658296704292297,-1.7724539041519165
0.7356574535369873,1.9433820247650146,-1.0998566150665283,-0.1831703782081604,0.9629349708557129,-0.05045825615525246,0.1914648860692978,-4.166955947875977,-15.213176727294922,-2.2951810359954834,0.5045560002326965,-1.7724539041519165,-0.1459668129682541,-1.7724539041519165
0.6305781602859497,1.8437466621398926,-0.9392050504684448,-0.4669775664806366,0.05179915949702263,0.5031722784042358,0.7253044247627258,-2.7623744010925293,-3.3127593994140625,-4.645122528076172,-0.6223604679107666,0.8827515244483948,1.312831163406372,0.11628616601228714
0.6406440734863281,1.8279248476028442,-0.9435505270957947,0.6280914545059204,-0.20245979726314545,-0.370358943939209,-0.6537166237831116,-2.474282741546631,-3.201937675476074,-6.312244415283203,16.11809539794922,-1.7724539041519165,-1.3363605737686157,-1.7724539041519165
0.6910809874534607,1.8831931352615356,-0.8882864117622375,0.9275327920913696,-0.08445487171411514,-0.36400705575942993,-0.007007897365838289,-2.5296807289123535,-3.7910678386688232,-5.9078049659729,1.211011290550232,-1.7724539041519165,-0.830704391002655,-1.7724539041519165
0.5856808423995972,1.8178056478500366,-0.7706218361854553,0.564396858215332,0.7716930508613586,-0.15371744334697723,0.2496335506439209,-2.4283974170684814,-3.00097393989563,-4.993332862854004,1.5079604387283325,-1.5640875101089478,-1.6292020082473755,-1.7724539041519165
0.6966720819473267,1.8476835489273071,-0.9253118634223938,-0.37256163358688354,0.5287748575210571,-0.1527571827173233,0.7471681237220764,-2.7969553470611572,-15.213176727294922,-3.0161938667297363,3.9120230674743652,-1.7724539041519165,-0.7298339605331421,-1.7724539041519165
0.8613142967224121,1.8163114786148071,-0.9119614362716675,0.7406632304191589,0.6674417853355408,0.0050439354963600636,-0.07690219581127167,-2.5901968479156494,-3.4254775047302246,-3.783339500427246,0.7946768403053284,-0.6445748805999756,-0.0985940620303154,-1.7724539041519165
1.0464870929718018,1.8870887756347656,-1.0429282188415527,-0.08916595578193665,0.9493213891983032,0.13616816699504852,-0.26888027787208557,-15.309097290039062,-2.1504886150360107,-4.020750999450684,-1.8382794857025146,-1.3971107006072998,-1.7724539041519165,-1.7724539041519165
0.8895430564880371,1.9495761394500732,-0.9249608516693115,0.6822075247764587,0.6535602807998657,0.3027377426624298,-0.12570475041866302,-2.452540159225464,-3.8272509574890137,-4.93843936920166,3.6731367111206055,-1.336060643196106,-0.9505497217178345,-1.7724539041519165
1.0114305019378662,2.0784859657287598,-0.9882949590682983,0.8883294463157654,0.19397476315498352,0.23499757051467896,-0.34354138374328613,-2.676743507385254,-3.4098992347717285,-4.294775009155273,-0.012592135928571224,-1.4312334060668945,-0.5642773509025574,-1.7724539041519165
1.0435348749160767,1.9974349737167358,-1.066011905670166,-0.1013483926653862,0.6336544156074524,0.6552249789237976,0.39861106872558594,-3.1862475872039795,-3.8601458072662354,-4.977172374725342,16.11809539794922,-0.44895610213279724,0.1877990961074829,-0.9716343879699707
1.0561485290527344,2.0412466526031494,-1.047500729560852,-0.197842538356781,0.6865695118904114,0.672676682472229,0.1923193633556366,-2.897852897644043,-4.072246074676514,-4.642321586608887,-0.14429467916488647,0.7960300445556641,1.3827297687530518,-0.15328791737556458
0.9668850302696228,1.926018476486206,-0.9634885191917419,-0.15406787395477295,0.8608884811401367,0.45967233180999756,-0.1543872356414795,-2.5873520374298096,-3.548856735229492,-4.0657501220703125,0.09111039340496063,0.12217845022678375,0.6936187148094177,-0.08560816943645477
1.0886335372924805,2.110854387283325,-0.9994262456893921,0.5329221487045288,0.7980632781982422,0.10575497150421143,0.2605857849121094,-3.541348695755005,-4.412563800811768,-13.855690002441406,0.6406570076942444,1.661241054534912,1.7724539041519165,1.7724539041519165
1.0254833698272705,2.1156888008117676,-0.9453866481781006,0.9445987343788147,0.1793181598186493,0.21892708539962769,-0.16628025472164154,-2.158048629760742,-3.7387771606445312,-3.9232325553894043,-1.3455688953399658,0.9165149331092834,1.3322389125823975,-0.9549118280410767
0.9360612034797668,1.8151746988296509,-0.908968985080719,0.5291891694068909,0.15743902325630188,0.6931946873664856,0.4633065462112427,-2.497096061706543,-3.329477071762085,-4.265649795532227,1.3819197416305542,-1.6165670156478882,-1.0014870166778564,-1.7724539041519165
0.9358528852462769,1.775909662246704,-0.8834211826324463,-0.0739593580365181,0.9598857164382935,0.2522912621498108,-0.09746046364307404,-3.343371868133545,-4.221402645111084,-15.889107704162598,-0.5890069007873535,0.6186211109161377,1.021767497062683,-1.3554059267044067
0.9432284832000732,1.8476835489273071,-0.8490492701530457,-0.3932979106903076,0.7053444981575012,-0.1914648860692978,0.5578056573867798,-4.650019645690918,-3.4886176586151123,-9.902271270751953,2.463853359222412,0.6881291270256042,1.021767497062683,0.10426196455955505
0.925652801990509,1.9495373964309692,-0.8464223742485046,-0.27416038513183594,0.7206410765647888,0.545792281627655,0.32805994153022766,-2.7131454944610596,-2.950578212738037,-4.433677673339844,0.13046060502529144,0.05262355878949165,0.4294918179512024,-0.4379003942012787
0.9190065264701843,1.8828558921813965,-0.8603296279907227,0.854138970375061,-0.33879077434539795,-0.38398799300193787,-0.09066778421401978,-3.760695695877075,-4.20974588394165,-4.52187967300415,16.11809539794922,0.46564963459968567,0.7528235912322998,0.1463979184627533
0.9192073941230774,1.927931308746338,-0.8328733444213867,-0.26706641912460327,0.7361248135566711,0.5944844484329224,-0.18271291255950928,-2.593090772628784,-3.3675873279571533,-3.8109724521636963,16.11809539794922,-1.5648093223571777,-1.190111756324768,-1.7347954511642456
1.0121403932571411,1.8992201089859009,-0.6903632879257202,0.4014853835105896,0.9040651917457581,0.11858446151018143,-0.08610089123249054,-2.6244161128997803,-2.8836114406585693,-3.4961202144622803,1.9144582748413086,-1.6174134016036987,-1.6165415048599243,-1.7239283323287964
0.9295122623443604,1.9176350831985474,-0.8318038582801819,0.5169090032577515,0.5986283421516418,0.3034825325012207,0.531363844871521,-4.1236114501953125,-4.49090576171875,-4.852754592895508,16.11809539794922,0.746548056602478,0.9926180243492126,0.6744021773338318
0.978674590587616,1.925504446029663,-0.9389392137527466,0.09729676693677902,0.7693279981613159,0.5970264673233032,0.2054925262928009,-3.1177825927734375,-3.6462433338165283,-4.932381629943848,16.11809539794922,-1.676668643951416,-1.174025535583496,-1.7724539041519165
0.9756344556808472,1.7846975326538086,-0.8597891330718994,0.5035857558250427,-0.015772610902786255,-0.694973886013031,0.5129950642585754,-3.830505132675171,-4.876272678375244,-5.84455680847168,1.513427734375,0.8461240530014038,1.4581092596054077,-0.41380876302719116
0.9339478611946106,1.991532564163208,-0.8851929306983948,0.9607895612716675,0.2087552845478058,0.062046803534030914,0.17162400484085083,-3.2778728008270264,-3.6837515830993652,-4.55615234375,1.805906891822815,1.2745635509490967,1.6642168760299683,1.2745635509490967
0.9326918721199036,1.9546407461166382,-0.8463639616966248,-0.0435461662709713,0.9965975284576416,-0.02004506066441536,-0.06704726815223694,-5.259788513183594,-3.536407947540283,-15.50024700164795,0.5549968481063843,1.1746851205825806,1.5917330980300903,0.21547475457191467
0.9056127071380615,2.1370551586151123,-0.8933061957359314,0.29247361421585083,0.6567164063453674,0.6818220019340515,-0.13528282940387726,-3.182464361190796,-3.557481050491333,-3.743256092071533,16.11809539794922,-1.6982886791229248,-1.3398234844207764,-1.7724539041519165
0.9792495369911194,2.0958268642425537,-0.7483016848564148,0.8065377473831177,-0.4468439221382141,-0.3704592287540436,-0.11219344288110733,-2.226158857345581,-2.6557023525238037,-3.2853074073791504,16.11809539794922,-1.2588804960250854,-0.6873617768287659,-1.7724539041519165
0.6137880682945251,1.6241858005523682,-0.6973877549171448,0.8789384365081787,-0.13843877613544464,-0.35739508271217346,-0.2838497459888458,-3.5021395683288574,-5.0863518714904785,-6.421521186828613,0.09921559691429138,1.7724539041519165,1.6811963319778442,1.166411280632019
0.6363511681556702,1.6339881420135498,-0.6887689232826233,0.3766176402568817,0.45941299200057983,0.7971639633178711,0.1078353077173233,-3.8849058151245117,-4.554238796234131,-6.898125648498535,1.428848147392273,1.7724539041519165,1.3215467929840088,0.8901646137237549
0.6378868818283081,1.6172164678573608,-0.6822466850280762,0.4699745178222656,0.67252516746521,0.5438150763511658,0.17634928226470947,-4.0385870933532715,-4.2228217124938965,-5.673939228057861,2.551339626312256,1.5234185457229614,0.7209455966949463,-0.03624647855758667
0.6264064908027649,1.6933057308197021,-0.7021411657333374,0.15973883867263794,0.518788754940033,0.788736879825592,-0.2885061502456665,-3.16744327545166,-3.7275948524475098,-4.5627851486206055,2.1155784130096436,-1.0079041719436646,-0.7811864614486694,-1.5404188632965088
0.7804743051528931,1.707150936126709,-0.7803401350975037,0.7100269794464111,-0.49890685081481934,-0.08940161764621735,-0.488836407661438,-2.8356080055236816,-3.640146255493164,-4.1355462074279785,0.5450968146324158,-1.437778353691101,-1.2295153141021729,-1.754489779472351
0.790814220905304,1.7362138032913208,-0.7514093518257141,0.03296789154410362,0.6712639331817627,0.7297607064247131,-0.12556710839271545,-2.973876953125,-3.2323474884033203,-4.560392379760742,1.091092586517334,0.3599323332309723,0.3772333860397339,-1.568615436553955
0.7651599645614624,1.7224310636520386,-0.7137100100517273,-0.30205830931663513,0.7900584936141968,-0.3573550283908844,-0.3960627317428589,-13.273894309997559,-4.078031539916992,-3.7291054725646973,2.7725887298583984,-0.03475402295589447,-0.32668760418891907,-1.7724539041519165
0.8102020025253296,1.7629445791244507,-0.7140878438949585,0.8791635036468506,0.3816804885864258,0.2705366611480713,0.0905616357922554,-2.7854855060577393,-3.078155994415283,-5.422963619232178,0.3879917860031128,-1.5015716552734375,-1.228429913520813,-1.7724539041519165
0.643989086151123,1.652064561843872,-0.686319887638092,0.3615022897720337,0.8604568839073181,0.19837696850299835,-0.29929348826408386,-10.193373680114746,-3.8231499195098877,-5.827333450317383,-0.08632808178663254,1.7724539041519165,1.7724539041519165,1.7724539041519165
0.9204601645469666,1.745813250541687,-0.8240698575973511,0.9242343902587891,0.2646062672138214,0.12299863994121552,0.24626338481903076,-2.436690330505371,-3.8166329860687256,-4.544895648956299,0.1559276133775711,-0.8684720993041992,-0.48393896222114563,-1.290231704711914
0.910626232624054,1.758924961090088,-0.6944783329963684,-0.3763866424560547,0.6279886960983276,0.5029403567314148,0.4593628942966461,-2.8527514934539795,-3.2149174213409424,-3.6707980632781982,1.1546565294265747,-1.3669462203979492,-1.1998504400253296,-1.7724539041519165
0.8937064409255981,1.7027283906936646,-0.735729455947876,0.11266706138849258,0.8989520072937012,0.41679900884628296,0.0739593580365181,-3.3908863067626953,-4.747096061706543,-14.528094291687012,5.537334442138672,-0.18767161667346954,0.18767155706882477,-1.1746851205825806
1.0508149862289429,1.781974196434021,-0.7013888359069824,-0.2804916799068451,0.7611894011497498,0.577150285243988,0.09387554228305817,-2.847168445587158,-3.46096134185791,-4.416999340057373,-0.7227271199226379,-1.1685895919799805,-1.4232325553894043,-1.5112355947494507
0.982331395149231,1.8082022666931152,-0.5618292093276978,-0.4692818820476532,0.04546800255775452,0.8799139857292175,-0.05880900099873543,-2.45715069770813,-2.749073028564453,-4.699245929718018,0.8696820735931396,-1.3416389226913452,-1.4390389919281006,-1.7724539041519165
0.6203739643096924,1.8117945194244385,-0.7749503254890442,-0.43463069200515747,0.38914754986763,0.741784393787384,0.33078137040138245,-2.381653308868408,-2.73295521736145,-3.0390162467956543,16.11809539794922,-0.4940187931060791,-0.013338354416191578,-1.5964462757110596
0.7149456739425659,1.9432685375213623,-0.7775338888168335,0.9702866673469543,0.17000062763690948,-0.16686409711837769,-0.04242581129074097,-2.5054636001586914,-3.4906258583068848,-3.7020514011383057,16.11809539794922,-1.133584976196289,-0.40119704604148865,-1.7724539041519165
0.6007890105247498,1.7942049503326416,-0.6320767402648926,0.0739593580365181,0.9340274333953857,-0.03525165840983391,-0.34767812490463257,-4.214470386505127,-3.170015573501587,-12.397461891174316,2.4107987880706787,-1.3971107006072998,-1.5083235502243042,-1.7724539041519165
0.6912341713905334,1.9744808673858643,-0.5736822485923767,0.972429633140564,0.10961663722991943,-0.20174090564250946,0.040809690952301025,-2.247685670852661,-2.792473793029785,-3.9836935997009277,0.9853523969650269,-0.8077311515808105,-0.22953638434410095,-0.9542573094367981
0.688066840171814,1.9207472801208496,-0.6079538464546204,0.5005733966827393,0.821533203125,0.08357631415128708,0.2598547041416168,-3.391143321990967,-4.748109340667725,-6.407332420349121,16.11809539794922,1.35308837890625,1.2997994422912598,0.24443480372428894
0.7799112200737,1.8139076232910156,-0.6868569254875183,-0.15828685462474823,0.7624655365943909,0.11957915127277374,0.6158671975135803,-2.868227243423462,-12.489128112792969,-4.020750999450684,1.9061697721481323,-0.3683924078941345,-0.29888439178466797,-1.7724539041519165
0.5828264951705933,2.05433988571167,-0.4838394522666931,-0.4692882001399994,0.29912349581718445,0.4821508824825287,0.6766270995140076,-2.383220911026001,-3.176624298095703,-4.521617412567139,1.7137906551361084,-1.4998693466186523,-1.091086745262146,-1.7724539041519165
0.8104673027992249,2.0841150283813477,-0.6261690855026245,0.02004506066441536,0.7133567929267883,-0.0656648501753807,0.6974298357963562,-2.5831403732299805,-15.786660194396973,-2.003535509109497,1.0933903455734253,-0.8827515840530396,-0.41009721159935,-1.7724539041519165
0.8570095896720886,1.8506799936294556,-0.7852787375450134,0.9340237975120544,0.18325337767601013,0.2953619360923767,-0.08233503252267838,-2.306061267852783,-3.5826780796051025,-4.797927379608154,1.7482869625091553,-1.0797820091247559,-0.8277409672737122,-1.7724539041519165
0.8905454874038696,1.8983474969863892,-0.7733237147331238,0.33800119161605835,0.8141511678695679,-0.15137477219104767,0.44721221923828125,-2.511868715286255,-4.125822067260742,-7.739232540130615,4.139158725738525,-1.4388154745101929,-1.3554059267044067,-1.7724539041519165
0.8887585401535034,1.8254518508911133,-0.6905640959739685,0.5560820698738098,-0.47529274225234985,-0.054508280009031296,-0.6796310544013977,-3.4603970050811768,-3.9216628074645996,-4.101251125335693,1.9853085279464722,1.4911001920700073,1.0279924869537354,1.051332950592041
0.8855894804000854,1.8058127164840698,-0.6884053349494934,0.7956922650337219,-0.3799377381801605,-0.38587915897369385,-0.2713271677494049,-3.014963388442993,-3.3426804542541504,-4.727070331573486,0.4357498586177826,-0.4752160608768463,-0.5175752639770508,-1.7380270957946777
0.8986477851867676,1.8028689622879028,-0.7146942615509033,0.6554828882217407,0.6656010746955872,0.35350677371025085,-0.04848012700676918,-2.913846254348755,-4.428071022033691,-4.599258899688721,-1.9318110942840576,1.4410426616668701,1.6686619520187378,0.3196134865283966
0.9446840882301331,2.1430249214172363,-0.7061551809310913,-0.35889387130737305,0.5842887759208679,0.7277737259864807,0.012134095653891563,-2.082260847091675,-2.6117067337036133,-3.4040236473083496,0.33925262093544006,-0.0828993171453476,0.9783009886741638,-1.2860326766967773
1.0821704864501953,1.9434750080108643,-0.7236411571502686,-0.4720957279205322,0.8611761927604675,-0.1444626748561859,-0.12096156924962997,-2.7303175926208496,-5.895376682281494,-2.217219591140747,-0.38915154337882996,-0.7715387940406799,-0.2293764054775238,-1.7724539041519165
0.890656590461731,1.801793098449707,-0.6760680079460144,0.437698096036911,0.7457910180091858,0.41472890973091125,0.2832244038581848,-3.642334461212158,-3.8270020484924316,-4.893250465393066,16.11809539794922,0.8888466954231262,0.8993011116981506,0.4238499701023102
0.8377078771591187,1.7666293382644653,-0.6336714625358582,0.05045825615525246,0.971634030342102,0.02004506066441536,0.23017258942127228,-3.4393246173858643,-12.889493942260742,-2.796222448348999,4.139158725738525,-0.8827515840530396,-1.0634723901748657,-1.7724539041519165
0.9150089025497437,1.7899669408798218,-0.6279817223548889,0.6240313649177551,-0.11649319529533386,-0.6909891963005066,0.345757395029068,-3.178159236907959,-3.6988344192504883,-4.0504608154296875,1.9440102577209473,-0.7275097370147705,-0.6696228384971619,-1.2917084693908691
0.898556649684906,1.7838226556777954,-0.6127351522445679,0.02004506066441536,0.7511298060417175,0.4002099931240082,-0.5246276259422302,-3.9729857444763184,-12.794978141784668,-3.731534957885742,4.840242385864258,0.07645876705646515,0.2571795582771301,-1.7724539041519165
1.0522798299789429,1.7617169618606567,-0.6744124889373779,0.08225386589765549,0.9864748120307922,-0.12096156924962997,0.0739593580365181,-4.842091083526611,-3.8317971229553223,-6.62654972076416,-0.3083013594150543,1.7724539041519165,1.2024883031845093,0.1459667682647705
1.0783405303955078,1.7822767496109009,-0.6314401626586914,0.7613480091094971,-0.5175548195838928,-0.3712013065814972,-0.12122616916894913,-3.349433422088623,-4.026363372802734,-4.452248573303223,16.11809539794922,-1.509972095489502,-1.48256254196167,-1.7724539041519165
0.9300000667572021,2.032233476638794,-0.5468876957893372,0.6889439821243286,0.6834984421730042,-0.16221123933792114,0.1785319447517395,-2.1570255756378174,-2.361685037612915,-3.9310457706451416,1.91635000705719,-1.363922119140625,-0.946961522102356,-1.7724539041519165
0.10416436195373535,2.7466487884521484,-0.9984594583511353,0.6901847720146179,0.7157173156738281,-0.10657449811697006,-0.005964366719126701,-2.509826421737671,-4.6655449867248535,-6.25277853012085,16.11809539794922,-1.2724449634552002,-0.7479424476623535,-1.7724539041519165
0.25849097967147827,2.234478712081909,-0.5547562837600708,0.5282694101333618,0.8266855478286743,0.0715685486793518,0.18000100553035736,-2.1854310035705566,-2.639641523361206,-3.3407845497131348,0.17544926702976227,-0.3932602107524872,0.18998916447162628,-1.7724539041519165
0.9039426445960999,2.135791778564453,-0.8973956108093262,0.6465266942977905,0.7232856750488281,-0.19734473526477814,0.14112421870231628,-2.4350569248199463,-4.031865119934082,-4.335724353790283,2.6763272285461426,-0.9794203042984009,0.14676827192306519,-1.7724539041519165
0.9628733396530151,2.1552844047546387,-0.9310487508773804,0.9473331570625305,0.09548474103212357,0.28370511531829834,-0.11381523311138153,-2.5033316612243652,-3.613638401031494,-4.1270270347595215,0.8143503069877625,0.07972626388072968,1.2368264198303223,-1.2470123767852783
0.8652771711349487,2.1592984199523926,-0.8713749647140503,-0.4830569326877594,0.0926850363612175,0.636008620262146,0.5946078300476074,-2.935539484024048,-3.5333657264709473,-5.158344745635986,0.49662479758262634,1.6854195594787598,1.7724539041519165,1.0109041929244995
0.8483830690383911,2.132601499557495,-0.848127543926239,0.617249608039856,0.7651402354240417,0.1831703782081604,-0.0034560449421405792,-5.253772735595703,-3.532499313354492,-5.089964866638184,2.577688455581665,0.1459667682647705,0.590817928314209,-0.03475402295589447
0.8612135648727417,2.158193826675415,-0.8424797654151917,0.9844892024993896,-0.03487936779856682,0.12309550493955612,-0.12004990130662918,-3.2900125980377197,-3.5889475345611572,-4.9628753662109375,-0.19621485471725464,1.7724539041519165,1.7724539041519165,1.7724539041519165
0.7383126020431519,2.253223419189453,-0.6761094331741333,0.9558132886886597,0.23480525612831116,-0.17679157853126526,0.00567078310996294,-2.0236756801605225,-2.998523235321045,-3.8490586280822754,-0.06457150727510452,-0.8410467505455017,-0.5158878564834595,-1.3420016765594482
0.8184646964073181,2.29848051071167,-0.650848388671875,0.9717069268226624,0.05958707258105278,-0.16530774533748627,0.1578238308429718,-2.0782077312469482,-3.192131280899048,-4.933226108551025,-2.842736005783081,1.7724539041519165,1.7724539041519165,-1.5384013652801514
0.6348915696144104,2.1361711025238037,-0.5287017226219177,0.5829365849494934,0.810332179069519,0.03397926688194275,0.04890883341431618,-2.0064120292663574,-2.760376214981079,-4.378238677978516,-1.2119563817977905,-1.7724539041519165,-1.7724539041519165,-1.6415092945098877
0.9333380460739136,2.1773018836975098,-0.7278904318809509,0.9753451943397522,0.1834188848733902,0.009153224527835846,-0.12237454205751419,-2.4663989543914795,-3.0993754863739014,-3.417375326156616,16.11809539794922,-1.67526376247406,-1.4333932399749756,-1.7724539041519165
0.9957011342048645,2.2529547214508057,-0.6891244649887085,0.0034560449421405792,0.9982606172561646,0.05875276401638985,0.0034560449421405792,-1.5638868808746338,-16.544076919555664,-3.6795730590820312,1.4109870195388794,0.5074083209037781,1.5917330980300903,-1.7307491302490234
0.8271740674972534,2.1422066688537598,-0.5298133492469788,0.9245288372039795,-0.26047056913375854,0.2669166624546051,0.07846634089946747,-1.5643194913864136,-2.415560245513916,-3.600113868713379,0.03517523407936096,1.7660276889801025,1.7724539041519165,1.739519715309143
0.9842971563339233,2.1929564476013184,-0.681629478931427,-0.17704704403877258,0.7263017296791077,0.6641218066215515,0.009077027440071106,-2.4655354022979736,-3.4388530254364014,-4.758328437805176,-0.6093267798423767,1.6531473398208618,1.5024889707565308,0.7528256177902222
1.0748008489608765,2.187451124191284,-0.5356778502464294,0.940040647983551,0.04688055068254471,-0.33025088906288147,-0.07113492488861084,-3.0894830226898193,-4.0398993492126465,-4.63373327255249,-0.13402500748634338,0.7808356285095215,1.3490819931030273,0.7308249473571777
1.0601128339767456,2.1694443225860596,-0.5663372874259949,-0.04014431685209274,0.3822884261608124,0.914305567741394,-0.1276296228170395,-2.945690870285034,-3.6049673557281494,-5.338763236999512,0.7258570790290833,0.2525341510772705,0.8364013433456421,-0.4703749120235443
1.0493508577346802,2.1419618129730225,-0.5291662812232971,0.4240000247955322,0.6465118527412415,0.503352701663971,0.38585296273231506,-2.561267375946045,-3.1268486976623535,-3.565140724182129,-0.9302099347114563,1.725603461265564,1.7724539041519165,1.0765670537948608
1.059007167816162,2.2295024394989014,-0.5782904624938965,0.8888218402862549,0.4517817497253418,-0.028983015567064285,0.07105594873428345,-3.1587579250335693,-3.8449182510375977,-4.9813618659973145,1.5400527715682983,-1.7724539041519165,-1.1468819379806519,-1.7724539041519165
1.0736302137374878,2.262779474258423,-0.5504919290542603,-0.174875870347023,-0.6117199659347534,0.42509353160858154,0.6438265442848206,-4.506647109985352,-9.70748519897461,-2.729414463043213,3.725693464279175,1.1746851205825806,1.5639299154281616,1.369307518005371
0.9440341591835022,2.3570504188537598,-0.49737629294395447,0.9621129631996155,0.23231874406337738,-0.13044723868370056,-0.05788060277700424,-2.0293362140655518,-2.8355019092559814,-3.3015811443328857,-1.8133786916732788,-1.5893460512161255,-1.4904433488845825,-1.7724539041519165
1.0352623462677002,2.3304381370544434,-0.5864872336387634,0.690165638923645,-0.27447643876075745,-0.5327308177947998,-0.40562543272972107,-2.408247470855713,-3.487161159515381,-3.89935564994812,0.8338198661804199,-0.970482349395752,-0.15613004565238953,-1.3876467943191528
0.02290363423526287,1.6227152347564697,-0.4054086208343506,-0.2319517880678177,0.6808632612228394,0.683824896812439,-0.12250339984893799,-3.1881449222564697,-3.565958023071289,-4.98250150680542,16.11809539794922,-0.9783104658126831,-0.4938134551048279,-1.5455015897750854
0.07656456530094147,1.6438199281692505,-0.4729708731174469,-0.23017258942127228,0.957419753074646,-0.09746046364307404,0.1444626748561859,-3.7823925018310547,-2.587348222732544,-14.146163940429688,3.4299468994140625,-1.1468819379806519,-0.813243567943573,-1.7724539041519165
0.18542331457138062,1.6931047439575195,-0.4923034608364105,0.4315076470375061,0.8183659315109253,-0.37636932730674744,-0.04923894628882408,-2.813979148864746,-4.512153148651123,-4.852768898010254,16.11809539794922,-1.3911842107772827,-1.117167353630066,-1.7724539041519165
0.2164219617843628,1.7569425106048584,-0.48322969675064087,0.9476509690284729,-0.029812583699822426,-0.20078878104686737,0.24648074805736542,-2.7749574184417725,-3.3524928092956543,-5.4494781494140625,0.6847580671310425,-0.9782552719116211,-0.6662169098854065,-1.6053224802017212
0.21716225147247314,1.6704061031341553,-0.4822743237018585,0.42855575680732727,0.14437974989414215,0.4558391273021698,0.7666193246841431,-3.0692989826202393,-4.5992207527160645,-6.329975605010986,16.11809539794922,-0.19095559418201447,0.6075745820999146,-1.7724539041519165
0.15893693268299103,1.666589379310608,-0.38369032740592957,0.3795717656612396,0.867831289768219,-0.192927286028862,-0.2560725510120392,-2.887493371963501,-3.130183458328247,-4.249165058135986,0.8600687980651855,-1.246743083000183,-0.7696904540061951,-1.643173336982727
0.12406061589717865,1.7625784873962402,-0.3783577084541321,0.4910970628261566,0.25877711176872253,0.40605050325393677,0.725934624671936,-2.508384943008423,-3.0117297172546387,-4.9131550788879395,1.079042673110962,1.2409582138061523,1.7724539041519165,-0.5034376382827759
0.15173491835594177,1.748000979423523,-0.4200051426887512,-0.43032172322273254,0.5084376931190491,0.175486221909523,0.7249268293380737,-2.5251376628875732,-3.6887664794921875,-4.570507526397705,16.11809539794922,-1.571687936782837,-1.3327747583389282,-1.7724539041519165
0.0018380150431767106,1.614345669746399,-0.39997661113739014,-0.13616816699504852,0.9812769889831543,-0.0034560449421405792,0.13616816699504852,-3.9729857444763184,-3.1701912879943848,-11.82273006439209,2.2643637657165527,-1.2163898944854736,-0.8410467505455017,-1.7724539041519165
0.16410137712955475,1.7322427034378052,-0.39262059330940247,0.5743946433067322,0.7528858780860901,-0.31588250398635864,0.05875276401638985,-13.464530944824219,-1.2011269330978394,-3.1599552631378174,-1.5676685571670532,-1.619536280632019,-1.5500283241271973,-1.7724539041519165
0.004898762796074152,1.8393360376358032,-0.5323096513748169,-0.45376911759376526,0.6067506074905396,0.29054397344589233,0.5844069719314575,-2.351888656616211,-2.853595733642578,-4.16570520401001,1.4763351678848267,-1.7182073593139648,-1.7061525583267212,-1.7724539041519165
0.06966444104909897,1.8788701295852661,-0.5395265221595764,0.6144555807113647,0.7504802346229553,-0.2419809103012085,-0.02586483396589756,-2.5204062461853027,-3.0238935947418213,-4.265151500701904,1.8678933382034302,-0.893101155757904,-1.0175573825836182,-1.4950801134109497
0.003973059356212616,1.8943511247634888,-0.4905121326446533,-0.3324715197086334,0.9356648921966553,-0.09746046364307404,-0.06704726815223694,-7.739108562469482,-3.485241651535034,-3.8799972534179688,0.4878840446472168,1.7724539041519165,1.7724539041519165,1.7724539041519165
0.1518879234790802,1.9363868236541748,-0.536016047000885,0.13742931187152863,0.7265880107879639,0.6687231659889221,0.07741061598062515,-2.045106887817383,-2.689894914627075,-2.9839489459991455,-0.311519056558609,-1.5732346773147583,1.1570086479187012,-1.722649097442627
0.06956219673156738,2.053016424179077,-0.49632343649864197,0.3293083906173706,0.7333621382713318,0.4644468128681183,0.37151727080345154,-2.5142765045166016,-3.906373977661133,-5.335605144500732,3.7501120567321777,0.3522999882698059,0.8785492181777954,0.07225646823644638
0.07134296745061874,2.0330591201782227,-0.5180006623268127,0.5759797692298889,0.7217119932174683,-0.3799690902233124,-0.05479586496949196,-2.9478378295898438,-3.1555426120758057,-4.4280195236206055,16.11809539794922,-1.7724539041519165,-1.3935306072235107,-1.7724539041519165
0.08386249095201492,1.9946528673171997,-0.4356020390987396,0.40247565507888794,0.7388774156570435,0.5254668593406677,-0.12632516026496887,-2.987701892852783,-3.5061604976654053,-4.295853614807129,0.9063683748245239,0.3147796094417572,0.5676196217536926,-0.6078944206237793
0.041472166776657104,2.120687961578369,-0.5030718445777893,0.576117992401123,0.38158705830574036,0.6236410140991211,0.36544665694236755,-2.3367908000946045,-3.027677059173584,-4.052519798278809,-0.628267765045166,-1.0569713115692139,-0.3385255038738251,-1.7724539041519165
0.12460306286811829,1.7739979028701782,-0.34848451614379883,0.2052890658378601,0.7254412174224854,0.5633352994918823,-0.33800119161605835,-2.7303175926208496,-4.414639949798584,-8.608521461486816,4.139158725738525,-0.813243567943573,-0.4379003942012787,-1.619536280632019
0.08583121746778488,1.8346211910247803,-0.32675451040267944,0.568789005279541,0.7071729302406311,0.2369372844696045,0.3467654287815094,-2.5896432399749756,-3.454383134841919,-4.098621368408203,1.0633680820465088,-0.5807231664657593,0.2729657292366028,-1.7724539041519165
0.11819793283939362,1.7739979028701782,-0.2817145586013794,-0.0034560449421405792,0.782467782497406,0.5951309204101562,-0.1831703782081604,-2.875168561935425,-4.5091552734375,-11.919230461120605,2.463853359222412,-1.035669207572937,-0.47960519790649414,-1.4388154745101929
0.04664778709411621,1.8763741254806519,-0.33482101559638977,-0.3698120415210724,0.648894727230072,0.6605392694473267,0.0765671357512474,-2.7589497566223145,-3.4193263053894043,-5.389237403869629,16.11809539794922,-0.17906132340431213,0.4332902431488037,-0.8337118029594421
0.3680013418197632,1.9403772354125977,-0.46001583337783813,-0.15635570883750916,0.4270012080669403,0.8129274845123291,0.3638293445110321,-2.4987893104553223,-3.2237660884857178,-4.994840621948242,-2.271530866622925,1.6353719234466553,1.649552822113037,1.5339133739471436
0.39276760816574097,1.980157494544983,-0.4994889795780182,0.9133402109146118,0.383979469537735,0.12011321634054184,-0.06278752535581589,-1.5756043195724487,-2.2793164253234863,-3.131192684173584,-0.2489035278558731,1.7532111406326294,1.7715152502059937,0.2971188426017761
0.3318885862827301,2.02878475189209,-0.41301408410072327,0.7964562773704529,-0.06028510630130768,-0.442111074924469,0.40811869502067566,-2.3163535594940186,-2.5531067848205566,-3.8720738887786865,-1.6560183763504028,1.001521348953247,1.5196388959884644,0.2866800129413605
0.4762606918811798,2.0936965942382812,-0.3878290057182312,0.9611088037490845,-0.26394835114479065,-0.0733998566865921,-0.034837137907743454,-2.372375011444092,-3.6467905044555664,-5.310816764831543,-1.002859115600586,1.385288953781128,1.7724539041519165,1.3368933200836182
0.7971420288085938,1.614345669746399,-0.5182386636734009,-0.37256163358688354,0.8419433236122131,-0.3089704215526581,-0.23846709728240967,-5.45961332321167,-3.7372820377349854,-5.1938886642456055,5.537334442138672,0.47960513830184937,-0.29888439178466797,-0.5213099718093872
1.0412485599517822,1.5964971780776978,-0.47281697392463684,0.21105563640594482,0.8520879745483398,0.4485130310058594,0.16804060339927673,-3.2618215084075928,-4.177055358886719,-4.680805683135986,1.1551029682159424,0.30581414699554443,0.581044614315033,-1.2284384965896606
1.001973032951355,1.5754536390304565,-0.48681068420410156,0.3817959427833557,0.5753883123397827,0.5623847842216492,0.45484450459480286,-3.628314971923828,-5.385708808898926,-5.960543632507324,1.1111968755722046,0.39157211780548096,0.5786520838737488,-0.43618032336235046
0.9622101187705994,1.5947355031967163,-0.4593622386455536,0.8897441029548645,0.1855628341436386,0.16728320717811584,-0.3820185959339142,-3.0575714111328125,-4.931249618530273,-5.052342891693115,-0.2027740627527237,0.869239330291748,0.9524820446968079,-0.8230769634246826
0.9989374876022339,1.5761204957962036,-0.48540160059928894,0.2086050808429718,0.6069016456604004,0.6812194585800171,0.3522702753543854,-3.7996349334716797,-4.507475852966309,-7.7107343673706055,16.11809539794922,0.45528095960617065,0.7541581392288208,-0.6086243987083435
0.9538719058036804,1.5946080684661865,-0.4748208224773407,-0.3988242447376251,0.1704314798116684,0.8978585600852966,-0.07577811181545258,-3.4618265628814697,-5.043885707855225,-5.4119086265563965,16.11809539794922,-1.150177001953125,-1.331020474433899,-1.7724539041519165
0.9369874000549316,1.6585570573806763,-0.4412834346294403,0.28546929359436035,0.9097630977630615,-0.26888027787208557,-0.13616816699504852,-2.798931360244751,-17.315950393676758,-4.362499713897705,-0.65805584192276,1.4527170658111572,1.0634722709655762,0.5074083209037781
1.0030983686447144,1.63084876537323,-0.47991207242012024,0.20713841915130615,0.7211271524429321,0.6374813318252563,0.17517663538455963,-3.1144931316375732,-4.414018154144287,-5.580358028411865,16.11809539794922,0.07489917427301407,0.33883050084114075,-1.059417724609375
1.0191866159439087,1.6339951753616333,-0.5074875354766846,0.5868363976478577,0.7887076139450073,0.1444626748561859,-0.11266706138849258,-4.1178364753723145,-12.212135314941406,-3.3900716304779053,-0.08632808178663254,-0.5491132140159607,-0.2571796178817749,-1.7724539041519165
1.0684148073196411,1.7611385583877563,-0.5196777582168579,0.9096911549568176,-0.09498339891433716,0.1715238094329834,-0.36608701944351196,-2.9905238151550293,-3.1645350456237793,-3.7935917377471924,16.11809539794922,-1.3607370853424072,-1.3045711517333984,-1.7605116367340088
1.0648046731948853,1.6832515001296997,-0.423401415348053,0.7534990906715393,-0.016142500564455986,-0.6572476625442505,0.002012933837249875,-2.6521565914154053,-3.5493898391723633,-4.467391014099121,-0.24896197021007538,-1.1871342658996582,-0.8476306200027466,-1.7724539041519165
0.9789981245994568,1.670067548751831,-0.4381334185600281,0.7360178232192993,0.4371710419654846,0.42612022161483765,0.2925419509410858,-3.2730822563171387,-4.126657009124756,-4.876275539398193,-0.31238672137260437,0.32230570912361145,0.6693136692047119,-0.17243999242782593
1.0087682008743286,1.6881322860717773,-0.4351408779621124,-0.12352128326892853,0.77833092212677,0.556747555732727,-0.2626321315765381,-3.1836161613464355,-3.919400453567505,-5.192540645599365,1.1128358840942383,-1.045271396636963,-0.8163312077522278,-1.7724539041519165
1.0384020805358887,1.6462761163711548,-0.4576930105686188,0.15137477219104767,0.8197234272956848,0.4541243016719818,-0.314500093460083,-3.164870262145996,-4.745442867279053,-12.884235382080078,5.537334442138672,-0.5213099718093872,-0.18767161667346954,-1.7724539041519165
1.0738471746444702,1.6237107515335083,-0.4138665795326233,0.294155091047287,0.5752679705619812,0.7632348537445068,0.0034835017286241055,-3.5602943897247314,-4.371888637542725,-5.540251731872559,16.11809539794922,-0.5623704791069031,-0.07950674742460251,-1.7133783102035522
1.0490772724151611,1.673294186592102,-0.4548637866973877,-0.11266706138849258,0.9933611154556274,-0.02004506066441536,-0.01175055280327797,-4.506647109985352,-3.233201503753662,-13.559738159179688,4.139158725738525,-0.32668760418891907,-0.07645881921052933,-1.7724539041519165
1.0581291913986206,1.695023536682129,-0.41816598176956177,0.25773143768310547,0.5779811143875122,0.7392302751541138,0.23032790422439575,-2.7659714221954346,-4.337408065795898,-5.339303493499756,16.11809539794922,0.8130523562431335,1.4618937969207764,-0.6843602061271667
0.9561342597007751,1.6803998947143555,-0.3849225342273712,0.6352124214172363,0.44543156027793884,0.5309244394302368,0.3409034013748169,-3.462574005126953,-5.055602550506592,-5.444740295410156,1.1054949760437012,0.9961186051368713,1.3067859411239624,0.4008016586303711
1.0945043563842773,1.6273443698883057,-0.3935869336128235,0.00016062194481492043,0.8061167597770691,0.5752653479576111,0.13872824609279633,-3.3994176387786865,-4.495408535003662,-6.1943278312683105,16.11809539794922,-0.6256775259971619,-0.3542753756046295,-1.0594100952148438
1.0885756015777588,1.6192580461502075,-0.3541429936885834,0.27717480063438416,0.8840125203132629,-0.2923814058303833,-0.23708467185497284,-16.178579330444336,-3.2962114810943604,-4.459000110626221,4.139158725738525,-0.2571796178817749,0.21547475457191467,-1.7724539041519165
0.9410030841827393,1.7480056285858154,-0.40071961283683777,0.07472782582044601,0.5722333192825317,0.7955800294876099,-0.18443764746189117,-2.8343818187713623,-3.6533203125,-4.67563009262085,-0.23516592383384705,-0.6991238594055176,-0.007153958547860384,-1.5319774150848389
1.0875080823898315,1.6266266107559204,-0.32754817605018616,-0.5564232468605042,0.7830000519752502,-0.2757923901081085,0.03525165840983391,-17.024812698364258,-4.461897850036621,-3.2935712337493896,5.537334442138672,0.9939643144607544,1.3415043354034424,0.10426196455955505
0.6366540193557739,1.8675949573516846,-0.4731024205684662,0.9487685561180115,0.25697237253189087,-0.17633211612701416,0.052061740309000015,-2.558100700378418,-3.079054117202759,-5.780703067779541,1.2271335124969482,1.7724539041519165,1.7724539041519165,1.7724539041519165
0.7245505452156067,1.9262816905975342,-0.5131460428237915,0.5716298222541809,0.7668243050575256,0.2536737024784088,0.1444626748561859,-2.5854668617248535,-3.0126662254333496,-12.787734031677246,1.8718022108078003,-0.813243567943573,-0.7298339605331421,-1.7724539041519165
0.8040968179702759,1.8477351665496826,-0.39795300364494324,0.4841417968273163,0.6128872632980347,0.16614679992198944,0.6019726991653442,-3.1046061515808105,-3.3936219215393066,-4.892813682556152,0.9334832429885864,0.021656442433595657,0.4940427839756012,-1.2502301931381226
0.6815845966339111,2.0436248779296875,-0.4976000487804413,-0.020498638972640038,0.3948022425174713,0.9169548153877258,0.053896646946668625,-2.096143960952759,-3.2489800453186035,-4.512974262237549,-0.7163286209106445,-1.420005440711975,-1.6383464336395264,-1.6996526718139648
0.8099522590637207,2.088012933731079,-0.533178985118866,0.9176899194717407,-0.18026919662952423,0.23463566601276398,-0.2651308476924896,-1.474269151687622,-2.210209608078003,-2.9628992080688477,0.7376828789710999,1.5794705152511597,1.7724539041519165,-0.08976651728153229
0.8722609281539917,1.9168052673339844,-0.5111628174781799,0.16840200126171112,0.6429382562637329,0.712128221988678,0.22615166008472443,-2.551132917404175,-3.067455768585205,-4.021698474884033,0.11495064944028854,1.7451030015945435,1.7724539041519165,1.3156729936599731
0.8609086275100708,1.9315450191497803,-0.44004732370376587,0.3478187918663025,0.31094446778297424,0.44963496923446655,0.7616849541664124,-2.8190815448760986,-3.264873504638672,-3.553842306137085,16.11809539794922,-1.7463445663452148,-1.4638073444366455,-1.7724539041519165
0.953464686870575,1.9335651397705078,-0.5349336266517639,0.3360317349433899,0.8008774518966675,0.491580992937088,0.06345184892416,-2.560654878616333,-2.8554508686065674,-4.098841190338135,2.584561586380005,-1.1394859552383423,-0.882631242275238,-1.7724539041519165
0.8483830690383911,1.7911912202835083,-0.41355693340301514,0.0034560449421405792,0.9953272342681885,0.08225386589765549,0.05045825615525246,-11.916913032531738,-3.627014398574829,-3.783496856689453,3.0992729663848877,-0.7298339605331421,-0.5908179879188538,-1.7724539041519165
0.9855876564979553,1.8432238101959229,-0.43848252296447754,0.3545886278152466,0.5846822261810303,0.20296837389469147,0.7008690237998962,-2.2670063972473145,-2.6739141941070557,-3.7155635356903076,1.7381783723831177,-0.6386500597000122,-0.1995091438293457,-1.5609039068222046
0.8304416537284851,1.8600832223892212,-0.4245268702507019,0.23593252897262573,0.8466131687164307,0.3940567970275879,-0.268888920545578,-3.890249013900757,-3.912899971008301,-5.186981678009033,16.11809539794922,-1.7724539041519165,-0.8918430805206299,-1.7724539041519165
1.0143600702285767,1.8580693006515503,-0.41937780380249023,0.9698240160942078,-0.042884789407253265,-0.12726841866970062,-0.20348212122917175,-3.127662420272827,-3.88280987739563,-4.842465877532959,0.38341477513313293,1.7724539041519165,1.7724539041519165,1.612371563911438
0.9451868534088135,1.9720383882522583,-0.4689927101135254,0.9103884696960449,0.15979622304439545,-0.0469309501349926,-0.37875521183013916,-2.5470895767211914,-2.8628346920013428,-4.375341892242432,0.31356552243232727,-1.0146050453186035,-0.06751027703285217,-1.7724539041519165
0.8921514749526978,2.049091100692749,-0.47353672981262207,-0.08225386589765549,0.8586381673812866,0.2052890658378601,0.462418794631958,-2.5092294216156006,-14.149694442749023,-4.2140374183654785,5.537334442138672,-0.03475402295589447,0.10426196455955505,-1.327602744102478
0.9904674291610718,2.033754825592041,-0.44959190487861633,0.5255381464958191,0.8136386871337891,0.15089009702205658,0.19757020473480225,-3.5168745517730713,-4.176560878753662,-4.453430652618408,16.11809539794922,0.4582487642765045,1.4293267726898193,1.3679544925689697
1.0105853080749512,1.9466561079025269,-0.4247068762779236,0.7343119382858276,0.6753016114234924,0.04318149760365486,-0.053750164806842804,-2.3437790870666504,-3.1746926307678223,-4.802647590637207,16.11809539794922,-1.163051724433899,-0.36061981320381165,-1.7724539041519165
1.044523000717163,2.0304067134857178,-0.44171789288520813,-0.3099311888217926,0.2608640491962433,0.5729045271873474,0.7125117778778076,-2.620208263397217,-2.8842766284942627,-4.567953109741211,16.11809539794922,-0.2693181037902832,0.022458167746663094,-1.7107388973236084
1.0384020805358887,2.0687406063079834,-0.46731242537498474,0.8986075520515442,0.3573550283908844,0.2315549999475479,0.10575497150421143,-1.8535887002944946,-8.967117309570312,-4.2140374183654785,0.7465723752975464,1.7724539041519165,1.7724539041519165,0.9105547070503235
0.870741069316864,1.777539610862732,-0.3808840215206146,0.8768108487129211,-0.12072375416755676,-0.43055275082588196,0.17678475379943848,-3.6470625400543213,-3.941884756088257,-6.403102874755859,-0.8829254508018494,1.7724539041519165,1.7724539041519165,1.2978214025497437
0.9123499989509583,1.8213257789611816,-0.3340686857700348,0.7739512324333191,-0.3825071156024933,-0.3429538309574127,-0.3702302575111389,-2.6726174354553223,-3.065838098526001,-4.951235294342041,-0.07329422980546951,0.36839234828948975,1.0848476886749268,-0.7743280529975891
1.017055869102478,1.949501633644104,0.15768574178218842,0.5552405118942261,-0.4926179051399231,-0.48784732818603516,-0.4593915343284607,-0.8941249251365662,-3.4922780990600586,-4.664161682128906,-2.897977113723755,0.9423140287399292,1.1916604042053223,0.7701970934867859
1.048579454421997,2.0473921298980713,-0.3567987382411957,0.3915047347545624,0.9066336750984192,-0.14829440414905548,-0.05242257937788963,-1.9458345174789429,-3.6463732719421387,-5.052465438842773,0.13021880388259888,1.3767882585525513,1.7724539041519165,1.0292097330093384
0.13338667154312134,2.248185396194458,-0.37632888555526733,-0.4610629379749298,0.3697400987148285,0.6365311741828918,0.49552127718925476,-3.100433826446533,-3.8932418823242188,-4.5982513427734375,16.11809539794922,-0.04770868271589279,0.5794139504432678,-1.357697606086731
0.4067758321762085,2.264357328414917,-0.4275927245616913,0.4004635214805603,0.4830692410469055,0.7188488245010376,0.29921475052833557,-2.1719677448272705,-2.718045949935913,-4.02689266204834,-2.0843732357025146,-1.6551188230514526,-1.4909073114395142,-1.7724539041519165
0.3252972364425659,2.451906204223633,-0.36319655179977417,-0.09746046364307404,0.9930647611618042,-0.0034560449421405792,0.0656648501753807,-1.5638868808746338,-3.0126662254333496,-15.890596389770508,-0.5890069007873535,-1.577831506729126,-1.3971107006072998,-1.7724539041519165
0.6227971911430359,2.157015085220337,-0.5049466490745544,0.6325452327728271,0.6976984143257141,0.26513671875,-0.20689621567726135,-2.289762496948242,-2.7178869247436523,-4.4039387702941895,0.9593533277511597,-0.18767161667346954,-0.2863343358039856,-1.6486910581588745
-0.9158614873886108,0.29886528849601746,0.15898913145065308,0.5522133708000183,-0.2153213918209076,-0.7783535718917847,-0.2070331871509552,-1.9284518957138062,-2.5520987510681152,-4.210248947143555,0.8625261783599854,0.1120247170329094,0.09268997609615326,-1.751282811164856
-0.6652408838272095,0.24891583621501923,0.030812853947281837,0.5650863647460938,0.7948530316352844,0.20440547168254852,0.08428803086280823,-2.2817201614379883,-2.519167184829712,-4.606619834899902,16.11809539794922,-1.7448500394821167,-1.7724539041519165,-1.7724539041519165
-0.5978294014930725,0.3404290974140167,0.08581604808568954,0.6546416282653809,-0.40278613567352295,-0.34769243001937866,-0.5369521975517273,-2.1458139419555664,-2.5223171710968018,-3.5080015659332275,2.2755703926086426,-1.7441045045852661,-1.7342488765716553,-1.7724539041519165
-0.9708952903747559,0.4449930787086487,0.11878715455532074,0.27581465244293213,0.5348045825958252,0.7978176474571228,0.03738068416714668,-2.9722697734832764,-3.104166269302368,-3.323099136352539,16.11809539794922,1.6736692190170288,1.6266289949417114,-0.6924304962158203
-0.998419463634491,0.3690109848976135,0.1724185347557068,0.6989560723304749,-0.4596169888973236,-0.11181127279996872,-0.5363868474960327,-2.146444320678711,-2.5346364974975586,-4.302328109741211,0.9786619544029236,-1.4377042055130005,-1.0203808546066284,-1.7415920495986938
-1.0267298221588135,0.46566423773765564,0.17186006903648376,0.3864375352859497,0.8832113146781921,-0.16933174431324005,0.2047695517539978,-2.580454111099243,-4.372758865356445,-6.075845241546631,-0.19014886021614075,-1.6302032470703125,-0.6836060285568237,-1.2115412950515747
-0.947189211845398,0.47467389702796936,0.011960110627114773,0.1831703782081604,0.9048933982849121,0.26749786734580994,0.2757923901081085,-3.92724347114563,-7.344607830047607,-2.0761804580688477,1.3619623184204102,1.7724539041519165,1.2024883031845093,-1.7724539041519165
-0.8313990831375122,0.4260004460811615,0.10825151950120926,0.9533045887947083,0.1548188179731369,0.24846401810646057,-0.0742098018527031,-1.230566143989563,-2.677341938018799,-4.150997161865234,-1.3273570537567139,1.7724539041519165,1.7724539041519165,-1.7485480308532715
-1.0256212949752808,0.6633528470993042,0.05887199193239212,-0.2647343873977661,0.5552045106887817,0.676841676235199,0.4044119119644165,-3.580810785293579,-4.207114219665527,-5.109151840209961,-1.691731333732605,-1.3071485757827759,-1.0047760009765625,-1.7724539041519165
-0.9433547854423523,0.5639707446098328,0.08541635423898697,-0.4748605787754059,-0.44306495785713196,0.6628715395927429,0.37256163358688354,-2.7279627323150635,-4.2194600105285645,-15.50394344329834,-0.5890069007873535,1.7724539041519165,1.7724539041519165,1.021767497062683
-1.0308862924575806,0.6783312559127808,0.16050316393375397,0.5513165593147278,-0.2733510136604309,-0.6097865104675293,-0.4994893968105316,-3.081665277481079,-4.046971797943115,-5.790361404418945,16.11809539794922,-0.4067032039165497,-0.1968431919813156,-1.7724539041519165
-1.0598393678665161,0.5947808623313904,0.28179702162742615,0.6890153884887695,-0.4083937108516693,-0.1480451375246048,-0.5801336169242859,-2.5640957355499268,-4.167767524719238,-4.819981098175049,-0.5732726454734802,1.7724539041519165,1.7724539041519165,-0.674132227897644
-0.8906551003456116,0.5108271837234497,0.16648602485656738,0.6540191769599915,0.6341453194618225,-0.411043256521225,-0.03408888727426529,-3.93192458152771,-4.2639570236206055,-4.685050964355469,0.30822667479515076,1.7724539041519165,1.7724539041519165,0.8682742118835449
-0.8160435557365417,0.6212732195854187,0.09392909705638885,-0.3368810713291168,0.45071539282798767,0.2957057058811188,0.7719617486000061,-2.5726587772369385,-4.058332920074463,-4.53641939163208,-0.958889365196228,-0.6316840648651123,0.20802758634090424,-1.3319275379180908
-0.7423818111419678,0.5905748605728149,0.08843857049942017,0.7253515720367432,0.14400877058506012,-0.5837128162384033,-0.335269957780838,-3.1885015964508057,-3.7120046615600586,-3.9741225242614746,0.8515702486038208,0.053630273789167404,0.283499538898468,-1.7724539041519165
-0.797012984752655,0.549217164516449,0.1281348466873169,0.566846489906311,0.7913898825645447,0.22844573855400085,-0.014130663126707077,-3.4023170471191406,-4.202570915222168,-5.875173568725586,1.2287429571151733,-1.5793724060058594,-1.4652788639068604,-1.7724539041519165
-0.7005601525306702,0.5365451574325562,0.08923888951539993,0.40484336018562317,0.15098387002944946,0.36052030324935913,0.8266382813453674,-2.500922441482544,-3.051460027694702,-4.366722106933594,-0.4410570561885834,1.625923991203308,1.4527170658111572,-0.8971499800682068
-0.803656816482544,0.60091233253479,0.07132481783628464,0.7735311985015869,0.1766844540834427,0.3967982530593872,0.4615010917186737,-3.4838571548461914,-3.9926750659942627,-4.534468173980713,16.11809539794922,1.0881872177124023,1.193387508392334,-0.7669291496276855
-0.8197780847549438,0.5977038741111755,0.12586097419261932,0.7156534194946289,-0.014681560918688774,-0.6827874779701233,0.14637614786624908,-2.862699508666992,-3.3478152751922607,-4.184357643127441,-1.4606572389602661,1.7724539041519165,1.7724539041519165,0.50416100025177
-0.5818857550621033,0.702325701713562,0.03714597970247269,0.22837083041667938,0.6791180372238159,0.6853489279747009,-0.13016259670257568,-3.04884934425354,-4.320118427276611,-4.746325969696045,3.981804370880127,1.5921965837478638,1.6823252439498901,-0.80638188123703
-0.6171683073043823,0.5088320970535278,0.12188556790351868,0.05875276401638985,0.9952638745307922,0.05045825615525246,0.05875276401638985,-8.167892456054688,-5.46616268157959,-1.8553369045257568,-0.08632808178663254,1.0634722709655762,0.8827515244483948,0.18767155706882477
-0.7157832980155945,0.31462275981903076,0.1657383292913437,0.9365500807762146,-0.3251333236694336,0.05190964415669441,-0.12028137594461441,-2.2912111282348633,-3.016849994659424,-3.8425862789154053,1.7268352508544922,-0.2360266149044037,-0.37343043088912964,-1.7697333097457886
-0.7321942448616028,0.36922702193260193,0.36145883798599243,0.6594803929328918,0.729305624961853,0.10787401348352432,-0.14684028923511505,-2.812272310256958,-3.2011938095092773,-4.45853328704834,0.18512333929538727,1.6475566625595093,1.4438689947128296,0.033185724169015884
-0.7310356497764587,0.6313573718070984,0.21909770369529724,0.18599411845207214,0.5545296669006348,0.8048083186149597,-0.10092845559120178,-2.902222156524658,-4.206781387329102,-4.887683391571045,16.11809539794922,1.7724539041519165,1.759326696395874,-1.3728119134902954
-0.6396285891532898,0.5369880199432373,0.18330124020576477,0.5575305819511414,0.2598097026348114,-0.7825583219528198,0.0962342768907547,-3.1882517337799072,-3.671877145767212,-4.341769218444824,-1.5648269653320312,1.7724539041519165,1.7724539041519165,0.8224142789840698
-0.9906980395317078,0.30625078082084656,0.5031276345252991,-0.29640308022499084,0.5330316424369812,0.29450303316116333,0.7357244491577148,-2.4971251487731934,-3.08357572555542,-3.971212148666382,1.0346643924713135,-1.655318260192871,-1.56870436668396,-1.7561458349227905
-0.6505163311958313,0.31745216250419617,0.3428044319152832,0.9358111619949341,-0.31902286410331726,0.14974507689476013,0.007634459994733334,-2.499691963195801,-2.8139376640319824,-3.295659303665161,-0.14863476157188416,1.1371396780014038,1.2097440958023071,-0.8924936652183533
-0.6600325703620911,0.28123852610588074,0.540717601776123,0.3697968125343323,0.8917439579963684,0.01175055280327797,-0.2605857849121094,-3.729600667953491,-12.88076400756836,-3.923064708709717,-1.54044508934021,1.7724539041519165,1.7724539041519165,1.7724539041519165
-0.943297803401947,0.45340126752853394,0.32447120547294617,0.8614822030067444,-0.27040159702301025,-0.32000863552093506,-0.28692489862442017,-2.3408362865448,-3.893798351287842,-5.5488691329956055,-0.05204663798213005,1.5442947149276733,1.3676306009292603,0.007708375342190266
-0.9873544573783875,0.3924233913421631,0.41411828994750977,0.822716236114502,-0.06881516426801682,-0.4711681008338928,-0.3104885220527649,-2.8306500911712646,-4.000708103179932,-5.120669841766357,2.9860639572143555,1.2601619958877563,1.1327944993972778,-0.5162347555160522
-1.0145319700241089,0.4496367573738098,0.351671427488327,0.9844042658805847,-0.13277867436408997,0.11537448316812515,-0.002607787726446986,-2.67020583152771,-3.459045171737671,-4.108270645141602,0.7281036972999573,1.7614386081695557,1.7537758350372314,-1.2879865169525146
-1.0260424613952637,0.49276435375213623,0.3536313474178314,0.44393104314804077,0.6554931402206421,0.6109383702278137,0.0028696521185338497,-2.7253503799438477,-4.553191184997559,-5.751051902770996,-0.02223316580057144,1.7724539041519165,1.6114357709884644,-0.8550702333450317
-0.9374738931655884,0.38469648361206055,0.36001095175743103,-0.28030383586883545,0.5885458588600159,0.5273483991622925,0.5449286103248596,-3.344667434692383,-3.569683790206909,-4.702181339263916,1.9200903177261353,1.7724539041519165,1.747083067893982,-0.6505960822105408
-1.0665314197540283,0.5181735754013062,0.37222424149513245,0.35243672132492065,0.9039505124092102,-0.19375593960285187,0.14532865583896637,-3.6867642402648926,-4.432401180267334,-5.946147918701172,-1.535341739654541,-0.4201900362968445,-0.38358074426651,-1.2502292394638062
-1.0144046545028687,0.5015268325805664,0.37290284037590027,-0.46901801228523254,0.243547260761261,0.4313497543334961,0.7311937212944031,-4.013477325439453,-4.508828163146973,-6.735228538513184,0.6028328537940979,1.7724539041519165,1.7724539041519165,-0.29155609011650085
-1.0315945148468018,0.36805257201194763,0.45477554202079773,0.7444617748260498,-0.027799230068922043,-0.6621789932250977,-0.08076423406600952,-3.1456503868103027,-5.1143317222595215,-5.816030502319336,0.4408658742904663,1.6677485704421997,1.7724539041519165,0.24919138848781586
-1.0915554761886597,0.36344048380851746,0.4803411662578583,0.6710314154624939,0.7017367482185364,-0.1482084095478058,0.18792733550071716,-3.6276144981384277,-4.371939659118652,-5.391441345214844,1.926840901374817,1.7724539041519165,1.7724539041519165,0.03666350245475769
-1.0010783672332764,0.40598705410957336,0.44009336829185486,0.21279412508010864,0.3908308446407318,0.8515030741691589,-0.27733084559440613,-3.0772430896759033,-3.847412347793579,-5.207086086273193,0.5388808846473694,1.7724539041519165,1.5061556100845337,-0.07645881921052933
-1.010311245918274,0.39816969633102417,0.49380993843078613,0.6551346778869629,0.38834112882614136,-0.6443172097206116,0.06960607320070267,-3.187551259994507,-4.581519603729248,-4.852492332458496,-0.8245809674263,-0.32115986943244934,-0.5195928812026978,-1.7724539041519165
-1.0719242095947266,0.35867035388946533,0.5848745703697205,-0.239153653383255,0.5278369784355164,0.3149707317352295,0.7516562342643738,-2.57143497467041,-4.192312240600586,-5.226207256317139,0.9955724477767944,1.4537434577941895,1.4992735385894775,0.1995246261358261
-0.8603749871253967,0.3520752787590027,0.4961242377758026,0.5782610774040222,-0.2975826561450958,-0.5171799063682556,-0.5564023852348328,-3.284609079360962,-3.9659464359283447,-4.886068344116211,2.5780768394470215,-1.7143582105636597,-1.6401216983795166,-1.7724539041519165
-0.8423277139663696,0.3662484884262085,0.5281397700309753,-0.38756242394447327,0.4843443036079407,0.48874884843826294,0.6134578585624695,-2.680478096008301,-3.8350656032562256,-5.167501449584961,0.16094177961349487,1.7481565475463867,1.6810752153396606,-0.0009357864619232714
-0.6891689300537109,0.35142970085144043,0.3547111749649048,0.7544803023338318,-0.15267837047576904,-0.6042017936706543,-0.2058858424425125,-3.3783175945281982,-4.689334392547607,-4.792699337005615,2.9457077980041504,-1.6165496110916138,-1.4317740201950073,-1.6586707830429077
-0.6926852464675903,0.37274521589279175,0.3749459981918335,0.7245969772338867,-0.5149806141853333,-0.3407057821750641,-0.3060617446899414,-3.971883773803711,-4.1450910568237305,-5.2434983253479,0.20490175485610962,1.7724539041519165,1.7724539041519165,1.3937839269638062
-0.6600525975227356,0.37855470180511475,0.4406467378139496,0.8653041124343872,0.05413134768605232,-0.46990424394607544,-0.16585710644721985,-3.0894603729248047,-4.479532718658447,-5.514522552490234,-1.0652785301208496,-0.8505220413208008,-0.8290356993675232,-1.3427271842956543
-0.6274446845054626,0.3665282130241394,0.3881070613861084,0.6587952375411987,0.6556956768035889,-0.2790006995201111,0.24126872420310974,-2.57338809967041,-3.033200263977051,-4.389736175537109,-1.2498453855514526,1.7724539041519165,1.7724539041519165,0.7142317295074463
-0.7741848230361938,0.366879403591156,0.47258439660072327,0.6623556613922119,-0.3684450387954712,-0.5720973014831543,-0.3134292960166931,-3.0188372135162354,-4.911518096923828,-5.183263301849365,0.9083285331726074,1.7724539041519165,1.7476760149002075,0.30616044998168945
-0.6955785155296326,0.4795030355453491,0.5283105373382568,0.5730122327804565,0.6745063066482544,0.08916595578193665,0.4568891227245331,-5.827859401702881,-3.169605016708374,-7.136858940124512,1.54044508934021,1.7724539041519165,1.6334378719329834,0.28498274087905884
-0.47812092304229736,0.29699012637138367,0.14307518303394318,0.6862321496009827,0.08590365946292877,-0.7216418385505676,-0.030643852427601814,-2.271239995956421,-2.8052918910980225,-4.06965970993042,1.2084884643554688,-1.5554964542388916,-1.7724539041519165,-1.7724539041519165
-0.43934082984924316,0.3210536241531372,0.0987703800201416,-0.26327016949653625,0.40084004402160645,0.6258805990219116,0.6150524616241455,-2.3937978744506836,-3.2067105770111084,-3.998882532119751,1.4511932134628296,-1.3819096088409424,-1.4144936800003052,-1.7724539041519165
0.030181849375367165,0.22122332453727722,0.15762211382389069,0.8830429315567017,-0.37005823850631714,0.09316105395555496,0.27315402030944824,-1.6674245595932007,-2.3879809379577637,-3.5316381454467773,-1.3803867101669312,-1.5938628911972046,-1.5938628911972046,-1.5692979097366333
-0.43058857321739197,0.39252567291259766,0.016431232914328575,-0.2750074565410614,0.43060705065727234,0.6964786648750305,0.5038511157035828,-2.581411838531494,-3.071160316467285,-4.2691168785095215,-0.04451962560415268,-0.9329071044921875,-1.0047053098678589,-1.6389222145080566
-0.4687589108943939,0.4708079993724823,0.13857053220272064,0.6396252512931824,-0.3693293035030365,-0.5229631662368774,-0.425423264503479,-2.4837851524353027,-3.951772689819336,-4.161808490753174,0.02503703162074089,1.4715676307678223,1.4271420240402222,-0.8131306767463684
-0.46156615018844604,0.45023077726364136,0.278989315032959,0.9321402907371521,-0.28757327795028687,0.15133896470069885,0.15972664952278137,-3.0943901538848877,-4.104552745819092,-5.06721305847168,1.711035132408142,1.7724539041519165,1.6624996662139893,-0.37307459115982056
-1.0340505838394165,0.6852418780326843,0.017024576663970947,-0.4494917392730713,0.3302202820777893,0.5708392262458801,0.6025398969650269,-3.4033427238464355,-4.409841060638428,-6.531932353973389,16.11809539794922,-0.8368538618087769,0.006162812002003193,-1.7724539041519165
-1.0408443212509155,0.7139154672622681,0.15720970928668976,-0.4221470057964325,0.4735507071018219,0.4822436273097992,0.6041380167007446,-3.2181167602539062,-3.508904457092285,-5.681846618652344,-0.9800685048103333,-0.0076008751057088375,0.4020616114139557,-1.5997765064239502
-1.0587046146392822,0.6882448792457581,0.13245972990989685,-0.36358141899108887,0.5041750073432922,0.3615782856941223,0.6948937177658081,-2.2933313846588135,-3.341035842895508,-4.325409412384033,-1.8112093210220337,1.6934982538223267,1.7724539041519165,0.5047594904899597
-1.0368725061416626,0.7039388418197632,0.12408239394426346,-0.3428226411342621,0.31307366490364075,0.7369792461395264,0.4912424385547638,-3.0436418056488037,-4.072422027587891,-6.512442111968994,16.11809539794922,-0.673873245716095,0.006144887302070856,-1.2592549324035645
-1.021567702293396,0.8254665732383728,0.1294640302658081,0.6040652990341187,-0.11819721013307571,-0.7575660943984985,0.2173202633857727,-3.3197853565216064,-5.767878532409668,-7.472273826599121,1.9702950716018677,-1.0799963474273682,-0.7209685444831848,-1.7724539041519165
-0.9820802211761475,0.8720292448997498,0.09224579483270645,0.32980552315711975,0.7063935995101929,0.5590000152587891,0.2824099361896515,-3.769221544265747,-4.582500457763672,-7.281167507171631,16.11809539794922,-0.08921493589878082,0.6943422555923462,-1.4113422632217407
-0.987385094165802,0.8179501891136169,0.18227939307689667,-0.4543554484844208,0.5460270047187805,0.5697062611579895,0.4133405387401581,-3.1765551567077637,-4.196869373321533,-5.1330695152282715,-1.0534420013427734,1.0410107374191284,1.1160305738449097,-0.618802547454834
-1.0152519941329956,0.8362218141555786,0.13318367302417755,-0.40112489461898804,0.5184435844421387,0.7038416862487793,0.2737186849117279,-3.0704195499420166,-4.936428546905518,-7.682276248931885,16.11809539794922,-0.08534950017929077,0.39619556069374084,-0.6783223152160645
-1.0253938436508179,0.8248843550682068,0.136362224817276,0.5731273293495178,-0.048519544303417206,-0.7622693777084351,0.296843945980072,-3.723996639251709,-4.804349899291992,-5.508518695831299,0.034359924495220184,-1.3951880931854248,-0.9085415601730347,-1.7724539041519165
-0.952643871307373,0.8350855112075806,0.1520605981349945,0.6164350509643555,-0.21403075754642487,-0.699629545211792,-0.29106205701828003,-3.420696258544922,-4.855396270751953,-6.165139675140381,0.9691239595413208,-0.463113009929657,-0.06796812266111374,-1.7724539041519165
-0.9646055698394775,0.9240461587905884,0.08146895468235016,0.42245596647262573,0.6432551741600037,0.6283406019210815,0.11376208811998367,-3.6108529567718506,-4.409788608551025,-6.46388578414917,3.253265142440796,0.19159197807312012,0.7062891125679016,-1.1149330139160156
-0.980384111404419,0.8969695568084717,0.08151096850633621,0.3768517076969147,0.6895810961723328,0.5806623697280884,0.21281905472278595,-3.5333168506622314,-4.9421281814575195,-6.022544860839844,16.11809539794922,1.0336742401123047,1.2095043659210205,-0.9294640421867371
-0.9867417216300964,0.8924562931060791,0.13579650223255157,0.02004506066441536,0.8559721112251282,0.3366187810897827,0.391915500164032,-4.80031681060791,-13.274458885192871,-3.971151351928711,5.537334442138672,-0.07645881921052933,0.6603259444236755,-1.7724539041519165
-0.9168294668197632,0.957952082157135,0.03368236869573593,-0.08732672780752182,0.5300524234771729,0.5603010654449463,0.6304610967636108,-3.7136342525482178,-4.179506778717041,-5.747714996337891,16.11809539794922,0.2547938823699951,1.0197806358337402,-0.7739244103431702
-0.929763674736023,0.9675387144088745,0.06210612878203392,0.47762539982795715,0.7819644808769226,-0.3227945864200592,0.23708467185497284,-4.169975757598877,-4.89202356338501,-7.281118869781494,1.7423112392425537,1.369307518005371,1.661241054534912,0.07645876705646515
-0.9433596134185791,0.8915769457817078,0.07376497238874435,0.7650405764579773,0.39634770154953003,0.2005964070558548,0.4662429392337799,-3.0754106044769287,-3.7895641326904297,-5.8465681076049805,-2.202704429626465,-0.9593522548675537,-0.21798229217529297,-1.7724539041519165
-0.9479048848152161,0.9440503716468811,0.08160589635372162,0.4205235540866852,0.6791692972183228,0.601538896560669,-0.006318787112832069,-3.9748735427856445,-4.307182788848877,-7.57115364074707,16.11809539794922,0.839468240737915,1.1419395208358765,-0.6279687285423279
-0.9136481285095215,0.9100251793861389,0.10066302120685577,0.8460686206817627,0.03619902953505516,-0.4183506667613983,-0.3283904194831848,-3.5237512588500977,-3.6936564445495605,-7.02097749710083,-1.9757647514343262,0.7388764023780823,1.3542760610580444,1.5351096391677856
-1.0222877264022827,0.7352524995803833,0.18392083048820496,0.5094209909439087,0.6040071249008179,0.19837696850299835,0.5799243450164795,-7.425298690795898,-3.350048780441284,-5.037073135375977,5.537334442138672,1.1051770448684692,1.1329803466796875,-1.035669207572937
-1.034314513206482,0.8390946388244629,0.1733877956867218,0.5644450783729553,-0.2131108194589615,-0.7925854325294495,0.08828314393758774,-3.2411282062530518,-5.038062572479248,-6.048159599304199,16.11809539794922,-0.6710242629051208,-0.2312220335006714,-1.7724539041519165
-0.9539327621459961,0.8382157683372498,0.19911259412765503,0.5825037360191345,0.7911585569381714,-0.17253419756889343,0.07063625007867813,-3.1801795959472656,-3.8741037845611572,-5.132719039916992,2.352393865585327,0.8504866361618042,1.033264398574829,-0.6211948394775391
-0.9993470311164856,0.8272562623023987,0.19976578652858734,0.12006920576095581,0.8293250799179077,0.5294267535209656,-0.13232767581939697,-3.237732172012329,-4.189408779144287,-6.046959400177002,3.2233011722564697,1.0080440044403076,1.0637097358703613,-1.7724539041519165
-1.001697301864624,0.8219153881072998,0.19930510222911835,-0.0017089569009840488,0.8435711860656738,0.49097684025764465,-0.21754658222198486,-3.082563877105713,-5.5678229331970215,-7.590806007385254,16.11809539794922,0.2594893276691437,0.4594363272190094,-1.7724539041519165
-1.074315071105957,0.7225045561790466,0.21209658682346344,-0.2705991864204407,0.45065009593963623,0.5765940546989441,0.6254837512969971,-3.0489301681518555,-4.59985876083374,-5.823716163635254,4.155300140380859,1.4740900993347168,1.5389517545700073,0.31769341230392456
-1.024862289428711,0.7130974531173706,0.2239917814731598,-0.4611790180206299,0.23428389430046082,0.4331883490085602,0.7380872964859009,-3.323265790939331,-4.513948440551758,-7.514209270477295,16.11809539794922,1.7724539041519165,1.7724539041519165,-1.064325213432312
-1.029083251953125,0.7082697749137878,0.23618084192276,0.27717480063438416,0.899990975856781,0.23017258942127228,-0.24537917971611023,-3.876392364501953,-4.465519905090332,-9.06032657623291,-0.7286538481712341,1.7724539041519165,1.7724539041519165,1.7724539041519165
-1.0264216661453247,0.7880852222442627,0.2222440540790558,-0.036737166345119476,0.8008121252059937,0.5634955167770386,-0.19955721497535706,-3.4038970470428467,-4.693420886993408,-8.019721031188965,16.11809539794922,1.4110122919082642,1.3235000371932983,-1.7724539041519165
-1.0503833293914795,0.8648808598518372,0.2302793562412262,0.541581392288208,-0.28185972571372986,-0.7906615138053894,0.045816030353307724,-3.037611484527588,-4.878287315368652,-7.112611770629883,16.11809539794922,0.12703660130500793,0.4606749713420868,-1.7724539041519165
-1.002759575843811,0.7925552725791931,0.21768128871917725,-0.0438171811401844,0.8781765699386597,0.4574969708919525,-0.13259877264499664,-3.2806460857391357,-4.568005084991455,-6.769315719604492,16.11809539794922,1.6405361890792847,1.487258791923523,-1.7724539041519165
-0.9493240714073181,0.8305315971374512,0.2293747067451477,0.7276243567466736,-0.40315499901771545,-0.22625330090522766,-0.5067921280860901,-2.6398258209228516,-3.9677212238311768,-5.067681312561035,1.5913292169570923,1.5973572731018066,1.7178930044174194,-0.4405404329299927
-1.0405144691467285,0.8880307078361511,0.21845249831676483,-0.45153674483299255,0.38920077681541443,0.7982604503631592,0.0861254408955574,-3.202202558517456,-4.774529933929443,-5.179429531097412,-0.5094085931777954,0.5716721415519714,0.9294516444206238,-0.17382323741912842
-1.0178966522216797,0.8758960962295532,0.18837688863277435,-0.4074517488479614,0.4424513280391693,0.7630579471588135,0.23656393587589264,-3.546926975250244,-5.673677444458008,-6.872793674468994,16.11809539794922,0.19805790483951569,0.5283320546150208,-0.5093128681182861
-1.0113102197647095,0.8713393807411194,0.17376960813999176,0.560570478439331,-0.560570478439331,0.6089292168617249,0.026957150548696518,-5.085265636444092,-4.5147318840026855,-16.64199447631836,1.5676685571670532,0.47960513830184937,0.590817928314209,-0.7715387940406799
-1.0541478395462036,0.8830897808074951,0.24153944849967957,-0.47186869382858276,0.3225449025630951,0.8114928603172302,0.12158971279859543,-3.282620429992676,-4.274203777313232,-5.671217441558838,0.2749418020248413,-0.10759464651346207,0.30718931555747986,-1.7724539041519165
-1.0511187314987183,0.8957938551902771,0.25548452138900757,0.5302959084510803,-0.14331577718257904,-0.8266740441322327,0.1218886449933052,-2.982229471206665,-5.11428165435791,-7.414290428161621,2.4482040405273438,0.9444750547409058,1.0383139848709106,-0.35316202044487
-1.0470249652862549,0.8862407207489014,0.2514135241508484,-0.3821357190608978,0.3725568354129791,0.8439486026763916,0.05407806485891342,-3.0583975315093994,-4.551729679107666,-5.94490909576416,16.11809539794922,0.1998462677001953,0.35077789425849915,-1.6326607465744019
-1.0557427406311035,0.8748588562011719,0.2579871714115143,0.3227945864200592,0.7974284291267395,0.5094209909439087,-0.02004506066441536,-5.1975178718566895,-12.782340049743652,-3.1616921424865723,3.4299468994140625,0.5074083209037781,0.7298339009284973,-1.7724539041519165
-1.0583157539367676,0.898475170135498,0.26971113681793213,-0.47012922167778015,0.2801603078842163,0.8363065123558044,0.032864730805158615,-3.2266652584075928,-4.648970603942871,-8.042503356933594,2.1419119834899902,0.8394244909286499,0.8771525621414185,-1.7724539041519165
-1.0580661296844482,0.9193530678749084,0.28040656447410583,-0.4620558023452759,0.13477599620819092,0.8764500021934509,0.013236683793365955,-3.3806140422821045,-5.625552177429199,-7.036353588104248,16.11809539794922,0.6052865982055664,0.7242074608802795,-1.638510823249817
-1.0264949798583984,0.8829684257507324,0.21046869456768036,-0.3827681243419647,0.5026585459709167,0.7170151472091675,0.2944694459438324,-3.372271776199341,-4.945746898651123,-6.680078506469727,2.7218945026397705,0.017881765961647034,0.23571927845478058,-1.5054903030395508
-0.5926879644393921,0.701387345790863,0.03778291866183281,0.07868340611457825,0.7240807414054871,0.649935245513916,-0.21702580153942108,-3.393995761871338,-4.480299949645996,-5.439681529998779,16.11809539794922,0.712660551071167,0.9233657121658325,-1.3265122175216675
-0.6589871048927307,0.912102460861206,0.09230411052703857,0.7044056057929993,-0.09130362421274185,-0.670378565788269,0.214636892080307,-3.0609724521636963,-4.953819751739502,-6.0797576904296875,3.4053144454956055,-0.6643191576004028,0.20935432612895966,-1.573110580444336
-0.6362087726593018,0.8847061991691589,0.05890420824289322,-0.07586249709129333,0.7902513146400452,0.39078277349472046,0.46587178111076355,-3.0627520084381104,-4.700064182281494,-5.936910629272461,1.945427656173706,0.2403259128332138,0.6898131370544434,-0.3738671839237213
-0.6488915681838989,0.8863866329193115,0.07372225075960159,-0.2362484186887741,0.6912599802017212,0.5122381448745728,0.4516174793243408,-2.8732106685638428,-4.550345420837402,-5.770712852478027,16.11809539794922,-0.2539137005805969,0.27748972177505493,-1.3400499820709229
-0.6244866251945496,0.9018416404724121,0.09782340377569199,-0.3711792230606079,0.8170589804649353,-0.3711792230606079,0.23846709728240967,-5.1975178718566895,-3.6289165019989014,-6.912454128265381,-0.5212969183921814,1.1329803466796875,1.480520248413086,0.8827515244483948
-0.6417422294616699,0.9207544326782227,0.11465669423341751,-0.22160987555980682,0.6588397026062012,0.5234927535057068,0.49272164702415466,-3.4226510524749756,-4.34086799621582,-6.630330562591553,16.11809539794922,0.46486079692840576,0.9399725198745728,0.09934718161821365
-0.8048592209815979,0.8663924932479858,0.16359269618988037,0.5993980765342712,-0.44158241152763367,-0.6492942571640015,-0.15538306534290314,-2.8358349800109863,-4.379144668579102,-5.524634838104248,1.503629207611084,-0.42924994230270386,0.3557816743850708,-1.1376283168792725
-0.7885705232620239,0.8877636790275574,0.2058277577161789,-0.45852577686309814,0.5604454278945923,0.6413024067878723,0.2537444829940796,-3.431138277053833,-4.116170406341553,-5.6221208572387695,2.2635598182678223,0.5535182952880859,1.0678774118423462,0.011184395290911198
-0.758433997631073,0.9038199782371521,0.24449384212493896,-0.4949762225151062,0.5519391894340515,0.5261348485946655,0.4165858328342438,-3.3652055263519287,-5.418698310852051,-6.759915828704834,1.4462615251541138,1.1975126266479492,1.5925538539886475,0.36921316385269165
-0.7899797558784485,0.9063822031021118,0.2591201961040497,0.5356997847557068,-0.6605522036552429,-0.4529009759426117,-0.26753923296928406,-3.3906002044677734,-4.878785133361816,-5.2639546394348145,0.3735746443271637,0.3122061789035797,0.6018459796905518,-0.8329805731773376
-0.771077573299408,0.9080416560173035,0.2602385878562927,-0.42163780331611633,0.669628918170929,0.43061110377311707,0.4340423047542572,-3.4888193607330322,-4.726881504058838,-6.744402885437012,16.11809539794922,0.34251832962036133,0.9025629162788391,-0.2711321711540222
-0.6374632120132446,0.9230517745018005,0.14396081864833832,-0.30349504947662354,0.6152573823928833,0.5742821097373962,0.4467092454433441,-3.3968653678894043,-4.456932067871094,-5.881143093109131,16.11809539794922,0.2891715466976166,0.6998211145401001,-0.6720179915428162
-0.6440565586090088,0.9442993402481079,0.1803038865327835,-0.4332748353481293,0.6051491498947144,0.5170678496360779,0.42273902893066406,-3.504145860671997,-4.51267147064209,-6.450966835021973,16.11809539794922,0.747307300567627,1.0516760349273682,0.21728163957595825
-1.0724701881408691,0.8926025629043579,0.28373581171035767,0.560650646686554,-0.2591289281845093,-0.7733524441719055,0.1430002897977829,-3.354055643081665,-5.046867370605469,-6.6401472091674805,16.11809539794922,0.7193976640701294,1.0146174430847168,-1.6303308010101318
-0.7808789610862732,0.9219478964805603,0.29383137822151184,0.834709644317627,-0.009158487431704998,-0.5408496856689453,0.10323512554168701,-3.7297916412353516,-5.6375837326049805,-6.558359622955322,1.1087403297424316,1.1796984672546387,1.3501441478729248,-1.2818989753723145
-0.7066613435745239,1.3773757219314575,0.4115796983242035,0.8091927170753479,0.47265687584877014,-0.32428425550460815,0.1290052980184555,-0.4405611753463745,-1.2012336254119873,-4.164435863494873,-1.5455906391143799,-1.5492178201675415,-1.6450932025909424,-1.7724539041519165
-0.7652699947357178,0.9169247150421143,0.31548386812210083,0.6103758811950684,0.00025898058083839715,-0.6464451551437378,0.45776617527008057,-4.73610782623291,-4.97722864151001,-6.858880996704102,0.6736621856689453,1.5021902322769165,1.4806801080703735,-0.3740096986293793
-0.364433616399765,0.6867501139640808,0.029160981997847557,0.4836827218532562,0.7896836400032043,-0.35169169306755066,0.13698065280914307,-3.1691768169403076,-4.244706153869629,-4.855350017547607,16.11809539794922,1.7724539041519165,1.7724539041519165,0.4562416672706604
-1.0372356176376343,0.2790198028087616,0.7071762681007385,-0.21499119699001312,0.39800721406936646,0.7240331172943115,0.5207159519195557,-2.567930221557617,-3.2030158042907715,-3.974210262298584,1.4618347883224487,-0.26827967166900635,-0.2223760485649109,-1.7724539041519165
-0.9874650835990906,0.3154715895652771,0.6875023245811462,0.5470092296600342,0.5201819539070129,0.10584533959627151,0.6472931504249573,-3.5006067752838135,-4.6786980628967285,-5.116642951965332,1.9765958786010742,-0.8170320391654968,-0.7465031147003174,-1.7724539041519165
-0.9839259386062622,0.30282366275787354,0.7438827753067017,0.5719941854476929,-0.6056784987449646,-0.5527883172035217,-0.020032091066241264,-2.8961262702941895,-3.6380739212036133,-4.251914024353027,0.3626978099346161,1.0675930976867676,0.566105306148529,-1.5289772748947144
-0.7836514711380005,0.31675270199775696,0.7755495309829712,0.4579183757305145,0.8689243197441101,0.18291544914245605,0.04269925877451897,-3.15297794342041,-4.144678592681885,-4.331899166107178,1.8144214153289795,-0.007381897885352373,-0.1557374745607376,-1.7724539041519165
-1.0359879732131958,0.35120269656181335,0.591669499874115,0.7132611274719238,0.622485339641571,0.31902122497558594,0.04467661678791046,-2.5096638202667236,-3.7039220333099365,-4.581527233123779,-0.2752649784088135,-1.5589609146118164,-1.5172561407089233,-1.7724539041519165
-1.0141412019729614,0.39857152104377747,0.5834851264953613,0.2383665293455124,0.675995409488678,0.5366502404212952,0.44521692395210266,-2.9006259441375732,-3.9809420108795166,-4.530054092407227,-0.6713756322860718,1.5491666793823242,1.5491666793823242,0.13312488794326782
-1.0369242429733276,0.4360960125923157,0.5877140164375305,0.13616816699504852,0.632766604423523,0.46933090686798096,0.6006606221199036,-3.58280873298645,-2.365809917449951,-14.141487121582031,-1.5953861474990845,0.8827515244483948,0.9105547070503235,-0.813243567943573
-1.0406525135040283,0.3477035462856293,0.6678617596626282,-0.39536812901496887,0.012575877830386162,0.9112275838851929,0.11484850198030472,-2.985278367996216,-3.6119837760925293,-4.428130149841309,0.39873990416526794,-0.6141404509544373,-0.44302433729171753,-1.7724539041519165
-0.9795681834220886,0.3681696951389313,0.7230978012084961,0.5285510420799255,-0.7162132263183594,-0.23075483739376068,-0.3929689824581146,-3.086764097213745,-4.5716938972473145,-5.539240837097168,0.5194478034973145,1.6706894636154175,1.3001278638839722,-0.13457711040973663
-1.0324668884277344,0.46291738748550415,0.690146267414093,0.43504753708839417,0.8085861206054688,0.39131760597229004,-0.061584919691085815,-3.11396861076355,-4.065610408782959,-5.238758563995361,1.2893333435058594,1.7724539041519165,1.7724539041519165,-0.6067163348197937
-0.9396852254867554,0.3581242263317108,0.6546265482902527,0.6895880103111267,0.6175207495689392,-0.260278582572937,0.2745751142501831,-2.9422013759613037,-3.0988454818725586,-5.148046493530273,-1.8548051118850708,1.7724539041519165,1.7724539041519165,-1.4422472715377808
-0.8268260359764099,0.36453527212142944,0.6473945379257202,0.6805907487869263,0.6905821561813354,-0.17506098747253418,0.17101532220840454,-3.160562038421631,-4.825054168701172,-5.632446765899658,2.1101796627044678,1.7724539041519165,1.7724539041519165,0.5074083209037781
-1.060612440109253,0.36798617243766785,0.7471874952316284,0.6080740094184875,-0.3593272864818573,-0.5427684783935547,-0.4544582664966583,-2.8323400020599365,-4.1068572998046875,-4.801261901855469,0.2864658534526825,1.7724539041519165,1.7411799430847168,-0.31890836358070374
-1.036055088043213,0.3932228088378906,0.6961055994033813,0.2816685140132904,0.6853346824645996,0.394029825925827,0.5438011884689331,-2.972013473510742,-3.720806360244751,-4.627477645874023,-1.3358350992202759,1.7724539041519165,1.7724539041519165,0.4183313250541687
-0.9830557703971863,0.3613923192024231,0.7158409357070923,0.52171391248703,0.7646408677101135,-0.16692475974559784,0.3395217955112457,-3.208693027496338,-4.7595343589782715,-4.9458818435668945,0.6569230556488037,-0.04659734666347504,-0.1715647280216217,-1.623386025428772
-0.9797602295875549,0.37297385931015015,0.7106584906578064,0.5341168642044067,-0.20654809474945068,-0.7797747254371643,-0.2529989778995514,-3.243475914001465,-4.279545307159424,-4.936713695526123,0.05923672392964363,1.7180835008621216,1.6093428134918213,0.46311289072036743
-1.04317045211792,0.4555174708366394,0.7204499840736389,0.565085232257843,-0.35576099157333374,-0.7371647953987122,-0.10344498604536057,-3.6962153911590576,-4.372572898864746,-5.192912578582764,-0.9083602428436279,0.7662874460220337,0.8206866383552551,-0.9669232368469238
-1.0794364213943481,0.4243628680706024,0.7500598430633545,-0.11266706138849258,0.7434141039848328,0.5108034610748291,-0.41679900884628296,-4.2140374183654785,-5.530207633972168,-5.314424991607666,-1.0317493677139282,-1.327602744102478,-1.4666187763214111,-1.285897970199585
-1.0411388874053955,0.4254516065120697,0.7475695610046387,0.37904688715934753,0.8473278880119324,0.2398149073123932,-0.28433725237846375,-3.192833423614502,-3.9519667625427246,-5.3302764892578125,0.6337421536445618,1.7724539041519165,1.7724539041519165,-0.5626755356788635
-1.018176794052124,0.4725898802280426,0.7434400916099548,0.5021241307258606,0.8016813397407532,-0.3149946331977844,0.07718018442392349,-4.215555191040039,-4.614168167114258,-5.708713054656982,16.11809539794922,1.7724539041519165,1.7301794290542603,-0.1954360157251358
-1.0570672750473022,0.3450529873371124,0.8207903504371643,0.6871023774147034,0.6798602342605591,0.16901765763759613,-0.19264844059944153,-3.8716442584991455,-4.6907453536987305,-5.337963104248047,16.11809539794922,-0.9149819612503052,-0.9823649525642395,-1.7724539041519165
-1.0627660751342773,0.3478536903858185,0.8182231187820435,0.5264209508895874,0.5111783146858215,0.3499678671360016,0.5823231339454651,-3.2835657596588135,-3.8133273124694824,-4.6025471687316895,-0.20008224248886108,1.4780570268630981,0.9798470139503479,-1.6280498504638672
-1.0044630765914917,0.360626220703125,0.8070448637008667,0.6880466938018799,0.687752902507782,0.22879016399383545,-0.03525165840983391,-3.9245359897613525,-9.815719604492188,-4.31020450592041,0.10204925388097763,1.7724539041519165,1.7724539041519165,1.7724539041519165
-0.9629416465759277,0.36398550868034363,0.8262503743171692,0.687882661819458,0.7072610855102539,-0.0946621373295784,0.13280925154685974,-3.9152092933654785,-4.661015033721924,-5.413918972015381,1.2968242168426514,1.6371965408325195,1.5905513763427734,0.39501386880874634
-1.064711093902588,0.4129314720630646,0.7809284925460815,0.9279741644859314,0.2904870808124542,0.18842655420303345,0.13775572180747986,-3.463670253753662,-4.931448459625244,-5.269747734069824,0.2691255509853363,0.8827515244483948,0.6642245054244995,-1.4261096715927124
-0.978847861289978,0.4203886389732361,0.7658644914627075,0.41923782229423523,0.8420569896697998,-0.33362048864364624,-0.062266167253255844,-3.1987171173095703,-4.342586517333984,-4.8813042640686035,0.1298709213733673,1.7724539041519165,1.7724539041519165,-0.6614428162574768
-0.8918379545211792,0.3590186536312103,0.733705997467041,0.7595804929733276,0.6454307436943054,0.020014358684420586,0.07782111316919327,-2.8449325561523438,-4.12104606628418,-4.856827735900879,-0.5462666749954224,-1.1976102590560913,-1.1878255605697632,-1.7724539041519165
-0.8944129347801208,0.360626220703125,0.7329115867614746,-0.0034560449421405792,0.9270529747009277,-0.19975939393043518,-0.3172649145126343,-3.538533926010132,-7.053628921508789,-3.9239656925201416,-1.4873905181884766,1.7724539041519165,1.7724539041519165,1.7724539041519165
-0.8671696782112122,0.3731665313243866,0.777799665927887,0.6100939512252808,0.2626647651195526,-0.7249599695205688,0.1822788268327713,-2.668445348739624,-3.704907178878784,-3.7475430965423584,-1.6187435388565063,1.2863729000091553,1.2636587619781494,-1.7724539041519165
-0.8637726306915283,0.3647371828556061,0.7664857506752014,0.6761177182197571,0.7156174778938293,0.14832526445388794,-0.09357389062643051,-3.2211406230926514,-3.737405776977539,-5.575488567352295,0.09684199094772339,1.7724539041519165,1.7724539041519165,-0.44231709837913513
-0.939067006111145,0.3262370824813843,0.8230040669441223,0.913418173789978,0.13049572706222534,0.3538243770599365,0.1531222015619278,-2.761223316192627,-3.9932918548583984,-4.083408832550049,-1.0187160968780518,1.7724539041519165,1.7515956163406372,-1.6613340377807617
-0.8177721500396729,0.3697277307510376,0.7721588015556335,0.5812236070632935,0.7419329285621643,-0.2342710793018341,0.23839397728443146,-3.511202573776245,-3.8212344646453857,-5.5799078941345215,-0.6576653122901917,1.7724539041519165,1.7724539041519165,0.4328750967979431
-0.710338830947876,0.3633188307285309,0.5792481303215027,0.6776628494262695,0.7183017134666443,-0.08488679677248001,0.13270244002342224,-2.8322489261627197,-4.246253490447998,-5.894138336181641,-0.6013234853744507,1.6606336832046509,1.6606336832046509,-0.10782815515995026
-0.7122914791107178,0.34992897510528564,0.5582435131072998,0.8045454025268555,0.09482231736183167,-0.5862390995025635,-0.006254085339605808,-1.020302414894104,-3.7817788124084473,-5.672938346862793,-2.0526673793792725,1.7698794603347778,1.227985143661499,-1.7719444036483765
-0.7213249802589417,0.35556063055992126,0.6308466196060181,0.7056371569633484,-0.5545329451560974,-0.2992430031299591,-0.3240725100040436,-3.2879717350006104,-4.441032409667969,-5.692144870758057,-0.30035510659217834,1.7724539041519165,1.6187703609466553,-1.7724539041519165
-0.6603242754936218,0.36475783586502075,0.6837912797927856,-0.4297683537006378,0.3559308648109436,0.6300162076950073,0.5400851368904114,-3.2020277976989746,-4.937877178192139,-6.579504013061523,-0.4537259042263031,1.7724539041519165,1.7724539041519165,0.4387412369251251
-0.7737210988998413,0.3625880777835846,0.7509707808494568,0.6815656423568726,0.6724244952201843,0.1854914128780365,-0.22114808857440948,-3.5431416034698486,-4.099578857421875,-4.657349586486816,0.06332631409168243,1.7724539041519165,1.723444938659668,-0.8773493766784668
-0.8086737394332886,0.36280158162117004,0.7243995666503906,0.703917384147644,0.7049427032470703,-0.04801914095878601,0.07245852798223495,-3.3829026222229004,-4.6579132080078125,-6.819957256317139,0.8549298644065857,1.7520097494125366,1.7356544733047485,0.1561867892742157
-0.6524649858474731,0.3613146245479584,0.7825977206230164,0.51446133852005,-0.51343834400177,-0.4848044812679291,-0.48649275302886963,-3.8242547512054443,-4.718867778778076,-5.742733001708984,-0.9889359474182129,-1.6563996076583862,-1.5059878826141357,-1.5766892433166504
-0.7081618905067444,0.3651421368122101,0.8147621154785156,0.5040211081504822,-0.46466392278671265,-0.5346171259880066,-0.49420106410980225,-3.105236291885376,-3.8076395988464355,-5.698935031890869,-1.0517051219940186,1.7724539041519165,1.7539334297180176,-0.2215999960899353
-0.7132791876792908,0.3429652154445648,0.7785565853118896,0.6795175075531006,-0.3621191382408142,-0.47884097695350647,-0.42170727252960205,-3.6971993446350098,-3.9962198734283447,-7.212998867034912,1.1697872877120972,-1.1795650720596313,-1.1019231081008911,-1.6948119401931763
-0.7645766139030457,0.41429367661476135,0.7771815657615662,0.9587260484695435,0.15672613680362701,0.10435090959072113,-0.21305425465106964,-3.269416570663452,-5.120727062225342,-6.177480697631836,-0.39955198764801025,1.7724539041519165,1.7724539041519165,-0.18033555150032043
-0.7735286355018616,0.3492761552333832,0.8761352896690369,0.5210033059120178,-0.45756617188453674,-0.4889315068721771,-0.5292775630950928,-3.0320730209350586,-3.6457598209381104,-4.283113956451416,-0.9319501519203186,-1.6328485012054443,-1.7028394937515259,-1.7724539041519165
-0.6974521279335022,0.36526206135749817,0.7753856182098389,0.6071380376815796,-0.6128995418548584,-0.3490683436393738,-0.36590829491615295,-4.172478675842285,-4.993619918823242,-7.12562894821167,0.8996051549911499,1.4714009761810303,1.4815033674240112,0.20617613196372986
-0.7151345610618591,0.33456718921661377,0.804623544216156,0.5722779035568237,-0.48519662022590637,-0.3493599593639374,-0.5612751841545105,-2.0903220176696777,-3.5283734798431396,-5.527961254119873,-1.1668510437011719,-1.5188415050506592,-1.4498144388198853,-1.7724539041519165
-0.6922527551651001,0.31512439250946045,0.8104745149612427,0.33800119161605835,0.9369059205055237,-0.0034560449421405792,-0.08916595578193665,-4.310537815093994,-4.889516830444336,-10.38960075378418,-0.1808837354183197,0.7993419170379639,0.7993419170379639,-0.1459668129682541
-0.7068933248519897,0.3651078939437866,0.8057817220687866,0.49268096685409546,0.8488032817840576,0.02847985178232193,-0.18970336019992828,-3.82210373878479,-5.078187465667725,-5.369799613952637,-0.7873841524124146,1.7724539041519165,1.7724539041519165,0.8279392719268799
-0.7138426899909973,0.39406245946884155,0.839851438999176,0.7178748250007629,0.308866411447525,-0.6077756881713867,0.14094668626785278,-3.4834046363830566,-5.004099369049072,-5.586488723754883,0.19931182265281677,1.7724539041519165,1.7724539041519165,0.6066460013389587
-0.6745403409004211,0.3655998706817627,0.7333211302757263,0.6382268071174622,-0.6324391961097717,-0.3101109564304352,-0.31067413091659546,-3.82989239692688,-5.009415149688721,-5.981289386749268,0.16536812484264374,1.0154662132263184,0.8058872222900391,-0.4562373459339142
-0.6405370235443115,0.3633204996585846,0.7370568513870239,-0.33745115995407104,0.2953507900238037,0.6276319026947021,0.6363747119903564,-3.506906032562256,-4.815775394439697,-6.674002647399902,-0.45527222752571106,1.5304986238479614,1.199758529663086,-0.09735337644815445
-0.5903394818305969,0.36058318614959717,0.7917594909667969,0.7104495167732239,-0.5054929256439209,-0.42098695039749146,-0.25001686811447144,-2.674927234649658,-3.7450385093688965,-4.553982257843018,-0.6711888313293457,1.7724539041519165,1.7580541372299194,0.5320902466773987
-0.6199918389320374,0.36794957518577576,0.7726694941520691,-0.28344905376434326,0.2729676067829132,0.6546478867530823,0.6454312205314636,-3.7438178062438965,-4.625018119812012,-5.106287002563477,0.6740031242370605,1.7724539041519165,1.7357041835784912,0.9916098117828369
-0.4762147068977356,0.36567115783691406,0.7233407497406006,0.6758209466934204,0.704957902431488,-0.14640147984027863,0.15769265592098236,-3.313526153564453,-4.210334300994873,-6.324624061584473,-0.8969544172286987,-1.7724539041519165,-1.7724539041519165,-1.7724539041519165
-0.547052800655365,0.36405110359191895,0.7672878503799438,0.6936426758766174,0.7199339270591736,-0.022631771862506866,-0.00653893081471324,-3.2987661361694336,-3.7972970008850098,-4.537160873413086,0.17182497680187225,1.7724539041519165,1.7724539041519165,1.336664080619812
-0.6470009684562683,0.3355746567249298,0.8115297555923462,-0.15137477219104767,0.8887472152709961,-0.042163748294115067,0.43062320351600647,-4.555500507354736,-16.45043182373047,-4.6964430809021,0.95225590467453,-0.9939643740653992,-0.8410467505455017,-1.7724539041519165
-0.6744868755340576,0.3648506999015808,0.8169139623641968,-0.4109867215156555,0.3491087853908539,0.6182931065559387,0.571774959564209,-4.094964504241943,-4.31827449798584,-5.942928314208984,-0.4606959819793701,1.7724539041519165,1.7724539041519165,1.7475875616073608
-0.6265072226524353,0.36261415481567383,0.8156448006629944,0.7851856350898743,0.6099068522453308,-0.09781717509031296,0.04391959682106972,-3.6135709285736084,-4.540834903717041,-5.643319129943848,-0.4038904905319214,1.7724539041519165,1.678393840789795,-0.856776773929596
-0.6352194547653198,0.3746005892753601,0.8197081685066223,-0.0034560449421405792,0.9021797180175781,0.10575497150421143,-0.4181814193725586,-3.093147039413452,-3.7362725734710693,-7.971746921539307,-2.0149030685424805,1.7724539041519165,1.7724539041519165,1.7724539041519165
-0.7647933959960938,0.30872195959091187,0.8806886672973633,-0.49216219782829285,0.13144581019878387,0.5647991895675659,0.6492304801940918,-3.2463862895965576,-3.569451332092285,-5.096390724182129,0.1683719903230667,-1.1540240049362183,-1.195469856262207,-1.7724539041519165
-1.0826458930969238,0.3631199896335602,0.8344663381576538,0.6893600225448608,0.7240488529205322,-0.0011287516681477427,0.02312522567808628,-2.7798068523406982,-4.998188018798828,-5.473987102508545,-0.30829161405563354,1.7724539041519165,1.7504538297653198,-1.3962819576263428
-1.0594203472137451,0.3839215040206909,0.8403386473655701,-0.42346927523612976,0.25317105650901794,0.41964423656463623,0.7618903517723083,-3.841251850128174,-4.201862812042236,-5.814308166503906,-0.44753849506378174,1.7724539041519165,1.7724539041519165,-0.006950825918465853
-1.0332938432693481,0.36420589685440063,0.8616850972175598,0.6790947318077087,0.6774129271507263,-0.21992863714694977,0.17768913507461548,-3.672760009765625,-3.830827236175537,-6.316189765930176,-1.2844041585922241,1.7724539041519165,1.635069489479065,-0.9699214100837708
-1.0036661624908447,0.36091434955596924,0.8746570944786072,-0.45406973361968994,0.6831733584403992,0.2379269301891327,0.5200822949409485,-3.4327445030212402,-4.923500061035156,-5.287874698638916,-1.1548490524291992,-0.2673113942146301,-0.47562333941459656,-1.4622479677200317
-1.0287904739379883,0.36172914505004883,0.8867268562316895,0.5955381989479065,0.7878162860870361,-0.15259875357151031,-0.03732793778181076,-3.3950681686401367,-3.7718191146850586,-5.496723651885986,-2.2416348457336426,0.5050848722457886,0.34834548830986023,-0.24267835915088654
-0.9883925318717957,0.3635248839855194,0.8813326358795166,0.7719359397888184,0.6323928833007812,-0.039638418704271317,-0.05121391639113426,-3.416992425918579,-4.868307113647461,-5.726982593536377,-0.521873950958252,1.7724539041519165,1.7724539041519165,-0.4888719320297241
-1.0545036792755127,0.3595409691333771,0.9196125864982605,0.6080167293548584,-0.6621459126472473,-0.33758819103240967,-0.27912840247154236,-3.378044366836548,-3.944967031478882,-5.673984527587891,-1.3816735744476318,1.7724539041519165,1.7724539041519165,-1.7724539041519165
-1.0956823825836182,0.35940489172935486,0.895335853099823,0.602994441986084,0.7946643829345703,0.008642350323498249,-0.06950945407152176,-3.3934266567230225,-4.052929878234863,-5.437323093414307,-0.40317416191101074,-1.3061615228652954,-1.4127426147460938,-1.7724539041519165
-1.0808478593826294,0.36238619685173035,0.9718797206878662,0.6230135560035706,0.6969461441040039,-0.23328477144241333,0.26776546239852905,-2.91278338432312,-4.789399147033691,-6.09132719039917,-0.5253273248672485,1.7724539041519165,1.7724539041519165,-0.7600838541984558
-0.9602190852165222,0.3438727557659149,0.9021750688552856,0.9261527061462402,0.33806663751602173,-0.1308612823486328,-0.10405490547418594,-2.6525299549102783,-5.071449279785156,-5.656223297119141,-1.709497094154358,-1.7606799602508545,-1.7724539041519165,-1.7724539041519165
-0.927507221698761,0.3633681833744049,0.8846468925476074,-0.2939472198486328,0.25819236040115356,0.7033751606941223,0.5934602618217468,-3.1566245555877686,-4.727276802062988,-5.942509174346924,-0.06342337280511856,1.7724539041519165,1.7724539041519165,0.44549569487571716
-1.012126088142395,0.36666542291641235,0.9684903621673584,0.979347825050354,-0.04683436080813408,0.19668322801589966,-0.0003523053601384163,-3.246506452560425,-4.6524810791015625,-5.730370044708252,-0.9166855216026306,1.7724539041519165,1.7724539041519165,1.4942914247512817
-0.9307582974433899,0.34582260251045227,0.8416500687599182,0.7606093883514404,-0.47438016533851624,-0.4348340630531311,-0.08576825261116028,-3.496114730834961,-4.46604061126709,-5.992985725402832,-0.7727793455123901,-1.2122546434402466,-1.1815978288650513,-1.7313899993896484
-0.9059006571769714,0.37492358684539795,0.8455198407173157,0.6535463929176331,-0.3663133382797241,-0.6332568526268005,-0.19410671293735504,-4.152092456817627,-4.503688812255859,-5.788230895996094,-0.16149446368217468,0.29891833662986755,0.3147682249546051,-1.3656407594680786
-0.9527063965797424,0.36529457569122314,0.9115334749221802,-0.32994601130485535,0.5056032538414001,0.581293523311615,0.5455262064933777,-3.5625951290130615,-3.7770040035247803,-5.658773899078369,-1.946352243423462,1.7724539041519165,1.556135654449463,-1.6941395998001099
-0.9007540345191956,0.3383788764476776,0.9292052984237671,0.5597410202026367,0.5943040251731873,0.5506942272186279,0.17386353015899658,-3.2938930988311768,-3.432236909866333,-4.521581649780273,-1.1218936443328857,1.5203298330307007,1.3042235374450684,-1.6814606189727783
-0.8885020017623901,0.3508698344230652,0.9133208394050598,0.9011266231536865,0.3241659998893738,0.27259066700935364,-0.09263671189546585,-3.561828374862671,-4.617527484893799,-6.024526596069336,-0.7507351040840149,-1.50766122341156,-1.5057423114776611,-1.7724539041519165
-0.9559981822967529,0.3744301497936249,0.9181128144264221,0.46933090686798096,0.6486881375312805,0.4458297789096832,0.4002099931240082,-17.02633285522461,-4.362726211547852,-5.607966423034668,0.3083013594150543,0.1459667682647705,-0.03475402295589447,-1.7724539041519165
-0.9215861558914185,0.36375775933265686,0.9134129285812378,-0.28139597177505493,0.3217974603176117,0.6173646450042725,0.6603965163230896,-3.9769327640533447,-4.772433280944824,-6.106649875640869,0.20348840951919556,1.6716792583465576,1.621291995048523,0.09656557440757751
-0.956608235836029,0.35003507137298584,0.9662207365036011,0.6412462592124939,-0.2601170837879181,-0.6083115339279175,-0.38871505856513977,-3.748896598815918,-4.3410797119140625,-6.9164910316467285,0.36002418398857117,-0.26956140995025635,-0.48283442854881287,-1.7724539041519165
-0.9296733736991882,0.3758998513221741,0.9317672252655029,0.5678219199180603,0.012516498565673828,-0.5908268094062805,-0.5730141401290894,-3.7487006187438965,-4.18093204498291,-5.60730504989624,-1.9287008047103882,-0.40837475657463074,-0.11816361546516418,-0.03161683678627014
-0.9510918259620667,0.3665183484554291,0.967734158039093,0.7399681210517883,0.28273001313209534,-0.5870664119720459,0.16692501306533813,-3.6316254138946533,-4.848577976226807,-5.639528751373291,0.011960100382566452,1.5931519269943237,1.3087704181671143,-0.13523998856544495
-0.9327297210693359,0.36237892508506775,0.9808157086372375,-0.30400383472442627,0.2509803771972656,0.6796488761901855,0.6186015605926514,-3.65453839302063,-4.367193222045898,-6.153637886047363,0.8776320815086365,1.7724539041519165,1.7724539041519165,-0.3764312267303467
-0.9241344928741455,0.39948171377182007,0.9616430401802063,-0.45550671219825745,0.8834415674209595,0.09746046364307404,0.05045825615525246,-6.99028205871582,-3.0243935585021973,-6.403617858886719,1.0317493677139282,1.369307518005371,1.2580946683883667,-0.6325227618217468
-0.8692341446876526,0.360938161611557,0.98729008436203,-0.4484556019306183,0.5261294841766357,0.5129339694976807,0.5088949799537659,-3.348518133163452,-4.483794689178467,-6.139644622802734,-0.23517626523971558,1.7724539041519165,1.7724539041519165,-0.5207765698432922
-1.0481215715408325,0.3457143306732178,0.9974151253700256,-0.3674355745315552,0.5210495591163635,0.1956428438425064,0.7451324462890625,-3.528977394104004,-3.6913881301879883,-4.479597568511963,-1.274242639541626,0.708240270614624,0.05529463291168213,-1.7654961347579956
-1.0796080827713013,0.36286476254463196,1.0134540796279907,0.5634795427322388,-0.5493655800819397,-0.4458785355091095,-0.42647460103034973,-3.6937811374664307,-3.963348627090454,-5.354438304901123,-0.3218083679676056,1.7724539041519165,1.7724539041519165,0.5227540731430054
-1.035461664199829,0.36327484250068665,0.9702617526054382,-0.4056006669998169,0.4598894715309143,0.5313129425048828,0.5845479965209961,-3.1928820610046387,-4.507941722869873,-5.53618860244751,-0.2850237488746643,1.4463486671447754,1.1329803466796875,-0.16007523238658905
-1.035898208618164,0.38587939739227295,0.9737787246704102,0.044310443103313446,0.5384334921836853,0.8278781771659851,0.15081021189689636,-4.047065258026123,-5.54682731628418,-7.011326313018799,16.11809539794922,1.7724539041519165,1.749159812927246,-0.23448410630226135
-1.0759555101394653,0.36337143182754517,1.0377360582351685,0.5538873672485352,-0.531876802444458,-0.44408804178237915,-0.4616294205188751,-3.865860939025879,-3.9896202087402344,-5.400228023529053,0.9564713835716248,1.7724539041519165,1.7724539041519165,-0.4018876254558563
-0.9717961549758911,0.3575586974620819,0.9819571375846863,-0.08225386589765549,0.9775090217590332,0.09746046364307404,0.16796378791332245,-4.896964073181152,-13.659866333007812,-4.217507362365723,0.40546509623527527,-1.6890443563461304,-1.7724539041519165,-1.7724539041519165
-0.9725893139839172,0.46222788095474243,1.0358057022094727,0.04767880216240883,0.5551385283470154,0.7701358199119568,-0.31054601073265076,-2.9884510040283203,-4.042494773864746,-5.720305919647217,-0.7026609778404236,1.7724539041519165,1.7724539041519165,0.19073839485645294
-1.0593589544296265,0.3631608486175537,1.080689549446106,-0.19095930457115173,0.36446651816368103,0.5906790494918823,0.6941159963607788,-3.993604898452759,-4.714354991912842,-6.13635778427124,1.5912885665893555,1.564987063407898,1.3403871059417725,-0.9455457925796509
-1.079797387123108,0.362071692943573,1.091795563697815,0.531326413154602,0.7747030854225159,0.18913379311561584,-0.28592973947525024,-3.770451545715332,-5.003167152404785,-5.65195369720459,-0.9782771468162537,1.6980267763137817,1.618797779083252,1.7724539041519165
-1.0529977083206177,0.36046725511550903,1.0918902158737183,-0.4117017090320587,-0.02480902150273323,0.9078693389892578,-0.0752294510602951,-3.9170546531677246,-5.403077125549316,-5.881602764129639,0.6458432674407959,1.7724539041519165,1.7724539041519165,0.904384970664978
-1.02300226688385,0.3615851402282715,1.049615502357483,0.709047257900238,0.5838236808776855,0.23846377432346344,-0.3154948055744171,-4.174240589141846,-4.560103893280029,-5.455819606781006,-0.8549618124961853,-0.38437435030937195,-0.2988285720348358,-1.7724539041519165
-1.0155158042907715,0.35955625772476196,1.0552738904953003,0.6735407710075378,0.7242096066474915,0.049881137907505035,-0.1391945332288742,-3.538271427154541,-4.529302597045898,-5.931833267211914,-1.8351752758026123,1.7724539041519165,1.5505551099777222,-1.3591923713684082
-0.9973441362380981,0.3541431128978729,1.0605989694595337,0.6537389159202576,-0.5729096531867981,-0.36037102341651917,-0.338426798582077,-3.5098183155059814,-4.112273216247559,-5.846553325653076,-0.3348165452480316,0.3556664288043976,0.2986883819103241,-1.7724539041519165
-0.9604119658470154,0.36288854479789734,1.063724398612976,0.6842876672744751,0.7248104214668274,-0.04297492280602455,0.06747829914093018,-3.896648645401001,-4.719448089599609,-5.566249847412109,-0.3034219741821289,1.6324583292007446,1.6524577140808105,1.322231411933899
-0.9653637409210205,0.3361581861972809,1.0851166248321533,0.5485897660255432,-0.36609500646591187,-0.3922034800052643,-0.641248881816864,-1.9656331539154053,-2.832423448562622,-6.641936779022217,-1.8767343759536743,-1.7548818588256836,-1.4907515048980713,-1.7724539041519165
-1.0178512334823608,0.36215999722480774,1.085374355316162,-0.23846709728240967,0.9651334285736084,0.05875276401638985,0.09054837375879288,-4.896964073181152,-12.207633018493652,-5.75473690032959,0.29225873947143555,0.8827515244483948,0.7298339009284973,-1.7724539041519165
-0.9691898226737976,0.36936715245246887,1.0898959636688232,0.7971305847167969,0.572705090045929,0.17319774627685547,0.0812048614025116,-4.390833377838135,-5.146876811981201,-6.422215938568115,0.24676088988780975,1.7724539041519165,1.553900957107544,-1.7724539041519165
-0.9843809604644775,0.36437544226646423,1.0938166379928589,0.08225386589765549,0.8378043174743652,0.5260100364685059,0.12096156924962997,-5.609582901000977,-10.100471496582031,-3.684497833251953,0.6061357855796814,1.7724539041519165,1.480520248413086,0.7298339009284973
-0.961580216884613,0.3602859377861023,1.0641694068908691,0.5016396641731262,-0.40677937865257263,-0.7050023078918457,-0.29301854968070984,-3.6899447441101074,-5.298892021179199,-5.438659191131592,-0.8131855726242065,-1.3617793321609497,-1.2655361890792847,-1.7724539041519165
-0.8713520765304565,0.3592485189437866,1.0064301490783691,0.5166813731193542,0.8406422138214111,0.006056147627532482,0.16224774718284607,-2.6805572509765625,-4.375666618347168,-6.2046895027160645,-0.9836683869361877,0.06457716971635818,-0.16378921270370483,-1.0414907932281494
-0.8971414566040039,0.36250948905944824,1.0226519107818604,-0.3505192697048187,0.3399169445037842,0.5952858924865723,0.6381437182426453,-3.283154010772705,-3.986912727355957,-5.70612096786499,-0.5172465443611145,1.7681249380111694,1.6934295892715454,0.5146597027778625
-0.831549346446991,0.3626294732093811,0.9866337180137634,-0.4921797215938568,0.47818323969841003,0.49151140451431274,0.5362055897712708,-3.409243106842041,-4.981545448303223,-6.198375701904297,-0.3392161726951599,1.7724539041519165,1.7724539041519165,-1.3515874147415161
-0.9395182132720947,0.37150120735168457,1.0657011270523071,0.6904362440109253,0.7076826691627502,-0.1491972655057907,0.0149405337870121,-3.343503475189209,-4.2028422355651855,-6.170505523681641,-0.6416389346122742,0.5775655508041382,0.13635896146297455,-1.7724539041519165
-0.9349705576896667,0.3525109887123108,1.0811970233917236,0.7330853939056396,0.5494842529296875,-0.3657427132129669,-0.1639668047428131,-3.517576217651367,-4.3013715744018555,-4.719778060913086,-0.8502417802810669,1.7724539041519165,1.6450300216674805,-1.2530663013458252
-0.8456162214279175,0.3619265854358673,1.0684027671813965,0.5999258756637573,0.7825105786323547,-0.1109798401594162,0.12429652363061905,-3.120683431625366,-4.91166877746582,-6.051737308502197,1.1789759397506714,1.7724539041519165,1.7724539041519165,-0.2667141556739807
-0.7026218771934509,0.353177547454834,0.8719188570976257,0.8896831274032593,0.1506909430027008,-0.3663538098335266,0.2270265519618988,-3.5326433181762695,-4.1912736892700195,-4.981026649475098,-1.1578972339630127,1.6779719591140747,1.3354748487472534,-1.7724539041519165
-0.6847330927848816,0.38097456097602844,0.8926552534103394,0.6950367093086243,0.30146872997283936,0.5151716470718384,0.40079763531684875,-3.342404365539551,-4.035010814666748,-4.228825569152832,-0.4903298318386078,1.7724539041519165,1.658574104309082,-1.0072877407073975
-0.7848983407020569,0.3556840717792511,0.9276103377342224,0.09746046364307404,0.9209723472595215,0.02004506066441536,-0.37670889496803284,-5.750622272491455,-6.042760848999023,-4.263855934143066,0.6406570076942444,0.5074083209037781,0.28498274087905884,-1.7724539041519165
-0.7137104272842407,0.3447471559047699,0.9130479097366333,0.6550043225288391,-0.601744532585144,-0.16798989474773407,-0.4250320792198181,-2.972031831741333,-3.186121702194214,-5.236735820770264,-0.42205867171287537,-0.3938622772693634,-0.49804890155792236,-1.7724539041519165
-0.6972507238388062,0.3453754484653473,0.9053930640220642,-0.3235999643802643,0.6993764042854309,0.621999979019165,-0.13882240653038025,-3.6857645511627197,-4.073118686676025,-5.272878646850586,-0.5937305092811584,0.22869867086410522,0.15535567700862885,-1.7724539041519165
-0.6750482320785522,0.35660356283187866,0.948947548866272,0.5609462857246399,0.7984321117401123,0.1987367570400238,-0.0913734957575798,-3.4322893619537354,-4.03617000579834,-5.827637672424316,-1.111547589302063,1.242275595664978,0.6917403340339661,-0.49331504106521606
-0.766908586025238,0.3618771433830261,0.9928567409515381,0.5697417855262756,-0.5855032205581665,-0.39580202102661133,-0.4194294214248657,-3.0044150352478027,-3.7035844326019287,-5.627384185791016,-0.09950602799654007,1.7071882486343384,1.5670477151870728,0.3131854236125946
-0.7145265340805054,0.383215069770813,0.958986759185791,-0.4608024060726166,0.02774081751704216,0.8848367929458618,0.0628923773765564,-3.152024745941162,-3.6467864513397217,-4.583600997924805,-0.6330246329307556,1.7172539234161377,1.65653395652771,-0.23800665140151978
-0.6632245779037476,0.3508452773094177,0.8408747315406799,0.8519874215126038,0.3223969638347626,-0.3562650680541992,0.2079731523990631,-3.423740863800049,-4.4303741455078125,-4.710981845855713,-0.5752760767936707,0.7564958930015564,0.6430007219314575,-1.3797855377197266
-0.6554527878761292,0.3701847791671753,0.8592771291732788,-0.38744640350341797,0.6308039426803589,0.37238162755966187,0.5597352385520935,-3.3747785091400146,-4.303846836090088,-4.965843200683594,0.09944890439510345,1.7647976875305176,1.7647976875305176,1.090946912765503
-0.6240278482437134,0.366040974855423,0.8932607173919678,0.5203971862792969,-0.7542007565498352,-0.1626424491405487,-0.3659445345401764,-3.9160654544830322,-4.612715721130371,-5.061031341552734,-0.42844346165657043,1.7724539041519165,1.6920968294143677,0.027059068903326988
-0.535449743270874,0.3662537932395935,0.8217738270759583,0.7985392808914185,0.5797306895256042,0.11385054141283035,-0.11526225507259369,-2.9004993438720703,-3.981614112854004,-4.557985782623291,-0.5642539858818054,1.7724539041519165,1.7724539041519165,1.5222302675247192
-0.622433602809906,0.35795846581459045,0.8962773680686951,-0.4354323744773865,0.23457007110118866,0.7608943581581116,0.4200182259082794,-3.7515034675598145,-4.110682964324951,-4.6618218421936035,-0.059176042675971985,1.7327243089675903,1.741892695426941,1.1197494268417358
-0.5859744548797607,0.3449495732784271,0.8826286196708679,0.500292956829071,-0.5272552967071533,-0.4269826114177704,-0.5379541516304016,-2.8019793033599854,-3.186981678009033,-5.380552768707275,-0.3826872408390045,0.45480549335479736,1.4721038341522217,-1.385538101196289
-0.532980740070343,0.3589552640914917,0.9010905027389526,0.7375932931900024,0.6634562015533447,-0.04506821185350418,0.11726397275924683,-3.1854748725891113,-4.002976417541504,-4.3462419509887695,0.2510662078857422,1.7724539041519165,1.7637512683868408,0.713923990726471
-0.5813993215560913,0.36539795994758606,0.8687785863876343,0.1444626748561859,0.8964762091636658,-0.1914648860692978,-0.37256163358688354,-13.07723617553711,-4.804090976715088,-3.020167350769043,-1.3862943649291992,1.5917330980300903,1.661241054534912,-0.9244563579559326
-0.655301570892334,0.3633529245853424,0.9020198583602905,-0.0034560449421405792,0.9867963790893555,0.026957150548696518,-0.15966928005218506,-5.038002967834473,-10.100471496582031,-3.390956401824951,-0.11778303235769272,-0.5491132140159607,-1.1746851205825806,-1.7724539041519165
-0.6375061869621277,0.3634102940559387,1.0043902397155762,0.5110050439834595,-0.4163205921649933,-0.5679450631141663,-0.4929395318031311,-2.9879491329193115,-4.325824737548828,-5.287424087524414,-0.09709544479846954,1.7236897945404053,1.5684292316436768,-0.26292213797569275
-0.532240092754364,0.3563160002231598,0.9376451969146729,0.8678131699562073,0.4928591847419739,-0.031186383217573166,0.05493202805519104,-3.055391311645508,-4.328161716461182,-5.247863292694092,2.5025241374969482,1.7724539041519165,1.7724539041519165,0.5473039150238037
-0.6173999905586243,0.3526613712310791,0.9771642088890076,0.6363806128501892,0.6964154243469238,0.2550615072250366,-0.21205870807170868,-3.3753821849823,-3.7483692169189453,-4.632076263427734,0.03878433629870415,-1.0219812393188477,-1.3117259740829468,-1.7049211263656616
-0.6000083684921265,0.3726785182952881,0.9460519552230835,0.5690887570381165,-0.39185836911201477,-0.7118435502052307,0.1259513944387436,-3.710271120071411,-4.476893901824951,-5.460683345794678,-0.8817208409309387,1.5604950189590454,1.6925225257873535,1.042170763015747
-0.621776282787323,0.3571489751338959,1.013769268989563,0.5826832056045532,0.07396990805864334,-0.8017341494560242,-0.11059396713972092,-3.0074572563171387,-4.1335930824279785,-4.730628490447998,-0.8678847551345825,1.742383360862732,1.483479380607605,-1.6860957145690918
-0.5583717823028564,0.36033037304878235,0.9441619515419006,0.5172716379165649,-0.0010056359460577369,-0.7979130744934082,-0.3094571828842163,-4.167489528656006,-4.901770114898682,-5.674391746520996,1.3381112813949585,1.7724539041519165,1.7724539041519165,1.2207880020141602
-0.8011309504508972,0.35833239555358887,1.0327320098876953,0.5479990839958191,-0.5484438538551331,-0.43585506081581116,-0.4570959806442261,-3.5763864517211914,-4.796008110046387,-5.408000469207764,-1.1636141538619995,-1.6809101104736328,-1.7366634607315063,-1.6341724395751953
-0.7630690932273865,0.3586817681789398,1.0276304483413696,0.8649781346321106,-0.2641102373600006,-0.38246217370033264,-0.1891593486070633,-3.530278205871582,-4.6535797119140625,-5.418195724487305,-0.7784979343414307,0.32936805486679077,0.04150209203362465,-1.7724539041519165
-0.6932222247123718,0.35814982652664185,0.9814801216125488,-0.3891345262527466,0.1882169097661972,0.46248650550842285,0.7741156220436096,-3.844475507736206,-5.030536651611328,-5.561920642852783,-0.5635577440261841,-0.7721282839775085,-0.9067560434341431,-1.6710492372512817
-0.7164790034294128,0.36194872856140137,1.001354455947876,-0.41111117601394653,0.45363619923591614,0.5847816467285156,0.5321956872940063,-3.269990921020508,-4.590865612030029,-5.822630882263184,-1.6122976541519165,-1.4241570234298706,-1.762311577796936,-1.7724539041519165
-0.7767593264579773,0.34934166073799133,1.0859053134918213,-0.27717480063438416,0.8391854763031006,0.46518364548683167,0.05045825615525246,-4.215733528137207,-13.461224555969238,-3.5373287200927734,0.03922071307897568,-0.47960519790649414,-0.7020307779312134,-1.7724539041519165
-0.6986198425292969,0.3596304655075073,1.027680516242981,-0.44884827733039856,0.5309544205665588,0.45890581607818604,0.5531980395317078,-3.4608824253082275,-3.9859540462493896,-6.248205184936523,-1.1938390731811523,1.7724539041519165,1.7724539041519165,-0.48304176330566406
-0.6129471659660339,0.3842979371547699,0.9989473819732666,0.5007166862487793,0.2085045725107193,0.7066358327865601,0.45439454913139343,-3.601649522781372,-4.490815162658691,-5.84100866317749,-0.5238117575645447,1.7724539041519165,1.7724539041519165,-0.5412391424179077
-0.5965842604637146,0.35993731021881104,1.0199052095413208,0.1831703782081604,0.8985841870307922,-0.0656648501753807,0.3932979106903076,-3.159992218017578,-16.83473777770996,-5.465450763702393,0.05491575598716736,1.2580946683883667,1.1746851205825806,-0.9522595405578613
-0.674598217010498,0.36152663826942444,1.0408320426940918,-0.16796378791332245,0.76874840259552,0.5978957414627075,-0.1527571827173233,-4.892300128936768,-14.630708694458008,-4.800581455230713,-0.03922071307897568,-0.9244563579559326,-0.813243567943573,-1.327602744102478
-0.6828632950782776,0.35471951961517334,1.0971390008926392,0.5378085970878601,-0.0750315710902214,-0.5155112147331238,-0.662857711315155,-3.6498072147369385,-4.733951568603516,-6.0441484451293945,-0.4424806535243988,-0.8452468514442444,-0.9690598845481873,-1.7661538124084473
-0.6818417906761169,0.36052578687667847,1.0952056646347046,0.7919312715530396,0.5567588210105896,0.18534091114997864,-0.1688585877418518,-4.6581268310546875,-5.096421241760254,-6.19520378112793,0.8985717296600342,1.7724539041519165,1.7724539041519165,0.4446456730365753
-0.5246038436889648,0.36163729429244995,1.0845783948898315,0.6897790431976318,0.7160638570785522,0.057973798364400864,-0.08998031914234161,-3.157473564147949,-3.8982527256011963,-5.845979690551758,-0.34879550337791443,1.7724539041519165,1.7724539041519165,0.7675577998161316
-0.07003279030323029,0.3384445905685425,0.7149477601051331,0.6919674277305603,0.7039995789527893,-0.13547348976135254,0.08492700010538101,-2.374285936355591,-2.977748394012451,-3.3194243907928467,-1.0711041688919067,-1.7724539041519165,-1.6337417364120483,-1.6520544290542603
-0.320788711309433,0.36592671275138855,0.6933298110961914,0.7405456304550171,0.6296667456626892,0.16594210267066956,-0.16605781018733978,-3.1528239250183105,-4.796901226043701,-7.194774150848389,-0.3272596001625061,1.4893449544906616,1.632607102394104,0.7788679003715515
-0.49556949734687805,0.35062915086746216,0.7107962369918823,0.4246108829975128,0.8471428155899048,0.1895960569381714,-0.2571147382259369,-3.287160873413086,-3.636841058731079,-7.1448140144348145,-0.7733078002929688,-1.6590338945388794,-1.6968406438827515,-1.7724539041519165
-0.5362163186073303,0.34722253680229187,0.7473191022872925,-0.01175055280327797,0.922943651676178,0.3628847002983093,0.12787365913391113,-4.98895263671875,-16.17502784729004,-4.024899959564209,-0.03922071307897568,-0.9939643740653992,-0.4379003942012787,-1.7724539041519165
-0.48988965153694153,0.36502256989479065,0.7533615231513977,0.7229576110839844,0.6626414060592651,-0.14206978678703308,0.13436830043792725,-3.1825013160705566,-4.290740489959717,-6.048107147216797,0.11076176166534424,1.7724539041519165,1.7724539041519165,0.9093035459518433
-0.4693586230278015,0.3530214726924896,0.8427537679672241,0.6312745213508606,0.687538743019104,-0.2530200183391571,0.25448742508888245,-2.6977951526641846,-3.8903439044952393,-4.269535064697266,-1.5180684328079224,1.511745572090149,1.593820333480835,-0.6170449256896973
-0.4572736620903015,0.33980560302734375,0.8176119923591614,-0.13616816699504852,0.9332250356674194,-0.0034560449421405792,0.3324715197086334,-2.728773832321167,-16.924697875976562,-3.389580011367798,-0.8754687309265137,0.2571795582771301,1.661241054534912,-1.3554059267044067
-0.41400405764579773,0.34949228167533875,0.8145114779472351,0.894489049911499,0.033091794699430466,-0.4395862817764282,0.07455304265022278,-3.457503318786621,-3.926320791244507,-5.17718505859375,-0.5026281476020813,1.1389917135238647,1.432677149772644,-0.45209619402885437
-0.42313677072525024,0.3637388050556183,0.8135949969291687,0.9710946679115295,-0.07521422207355499,0.1988258957862854,0.10856461524963379,-3.114947557449341,-3.7138431072235107,-4.348383903503418,-1.6487106084823608,1.7724539041519165,1.7724539041519165,1.750663161277771
-0.33383646607398987,0.3566785752773285,0.7496263384819031,0.6173085570335388,-0.5021969079971313,-0.38482236862182617,-0.46758976578712463,-3.1935436725616455,-4.278728485107422,-5.489201068878174,-1.2780852317810059,0.8220735192298889,1.0011037588119507,-0.31446588039398193
-0.37215837836265564,0.36436426639556885,0.764595091342926,-0.30483099818229675,0.3322683274745941,0.5454339385032654,0.7065250277519226,-3.2897017002105713,-3.9837095737457275,-5.095492362976074,-0.6551815867424011,1.7724539041519165,1.7724539041519165,1.2925766706466675
-0.26629042625427246,0.36301735043525696,0.6980977058410645,0.8392249941825867,0.43088027834892273,0.3191162645816803,-0.09060049057006836,-3.6536014080047607,-4.5694193840026855,-5.130896091461182,-0.41071823239326477,1.7724539041519165,1.7724539041519165,0.6593661904335022
-0.3107060492038727,0.37679165601730347,0.7053987979888916,0.9040667414665222,0.4194168448448181,0.06818833947181702,-0.045861002057790756,-3.5332624912261963,-4.185065746307373,-5.520491600036621,-1.2300426959991455,1.7724539041519165,1.7724539041519165,1.7724539041519165
-0.295860230922699,0.3533245623111725,0.7301055192947388,0.6578519344329834,0.7174324989318848,-0.2189912348985672,0.06755954027175903,-3.4998066425323486,-3.9349780082702637,-5.215542316436768,0.0039436062797904015,1.3177950382232666,1.4425376653671265,0.39245516061782837
-0.2845284938812256,0.3700031638145447,0.7521483898162842,-0.2702627182006836,0.9500719308853149,-0.05875276401638985,-0.1444626748561859,-2.364468812942505,-4.075362205505371,-14.145694732666016,-1.7423112392425537,1.7724539041519165,1.7724539041519165,1.7724539041519165
-0.3912404477596283,0.3400837779045105,0.7998107075691223,0.7401803731918335,0.3964475095272064,-0.541459321975708,0.04224009066820145,-3.2031326293945312,-3.5225865840911865,-5.874377727508545,-1.4298962354660034,-0.32931506633758545,-0.13565810024738312,-1.6420879364013672
-0.22140218317508698,0.36332428455352783,0.8541935682296753,0.6137773990631104,-0.6525832414627075,-0.3301371932029724,-0.29735809564590454,-2.824885368347168,-3.9029195308685303,-5.456889629364014,-0.922774076461792,1.6971427202224731,1.7680233716964722,1.7351293563842773
-0.1668291538953781,0.3616970181465149,0.8037693500518799,0.7842148542404175,0.5948337912559509,-0.1300409883260727,0.1194537952542305,-2.475442886352539,-3.561079978942871,-4.243218898773193,-0.49232298135757446,1.7724539041519165,1.7724539041519165,0.8232598304748535
-0.292176753282547,0.34646913409233093,0.7962803244590759,0.5966430306434631,0.7573255300521851,0.2037769854068756,-0.17014716565608978,-2.828486204147339,-3.15271258354187,-6.175167083740234,-0.3638964891433716,0.34953734278678894,1.5435785055160522,-1.564075231552124
-0.3220660388469696,0.3692309558391571,0.8204036951065063,0.8371978402137756,0.47823619842529297,0.18539810180664062,-0.1897827833890915,-3.040015459060669,-3.989315986633301,-4.2557148933410645,-0.7038208246231079,1.7724539041519165,1.7724539041519165,1.7724539041519165
-0.31146880984306335,0.35990142822265625,0.8148807287216187,-0.387477308511734,0.46043333411216736,0.46328499913215637,0.6505609154701233,-3.4265685081481934,-3.7545039653778076,-6.302917957305908,-1.8036754131317139,0.41783180832862854,0.5172332525253296,-1.4262739419937134
-0.2603813111782074,0.34722253680229187,0.7060019373893738,-0.18178796768188477,0.9815106391906738,0.05875276401638985,0.01175055280327797,-3.8291242122650146,-17.419479370117188,-3.0202078819274902,-0.7286538481712341,-1.5083235502243042,-0.7020307779312134,-1.7724539041519165
-0.23617194592952728,0.34946802258491516,0.7363201975822449,0.624589204788208,0.7805233001708984,0.020893244072794914,-0.01533503271639347,-2.732879161834717,-3.1528141498565674,-5.088854789733887,-0.7031946778297424,-0.12427031993865967,1.2477413415908813,-1.5513662099838257
-0.18928177654743195,0.36157649755477905,0.7329872846603394,0.7252367734909058,0.6884554028511047,-0.0019849869422614574,-0.0075384448282420635,-3.1782748699188232,-3.4069385528564453,-4.965396404266357,0.12359926849603653,1.7724539041519165,1.7724539041519165,1.4309990406036377
-0.26595374941825867,0.3588777482509613,0.7966850996017456,-0.0739593580365181,0.8450111150741577,0.42509353160858154,0.31588250398635864,-4.074472427368164,-5.3198137283325195,-11.33846664428711,-0.6755514144897461,1.4527170658111572,1.4527170658111572,0.1459667682647705
-0.19099228084087372,0.3607291281223297,0.7875418663024902,0.6237009763717651,-0.511655867099762,-0.48280176520347595,-0.3407460153102875,-3.017815589904785,-3.701909303665161,-4.470011234283447,-0.20588883757591248,1.2964599132537842,1.7492345571517944,-0.4696889817714691
-0.19908465445041656,0.3541097044944763,0.8074168562889099,-0.24676160514354706,0.6476628184318542,0.6710350513458252,0.26335060596466064,-3.777080535888672,-2.8758909702301025,-13.857583999633789,-1.1786550283432007,1.7724539041519165,1.7724539041519165,1.7724539041519165
-0.12850061058998108,0.36311599612236023,0.7451727986335754,-0.6573397517204285,0.6952555775642395,-0.18455280363559723,-0.22464291751384735,-4.409038543701172,-3.295705795288086,-10.58494758605957,0.8566524386405945,1.7724539041519165,1.7724539041519165,0.39619556069374084
-0.04997339844703674,0.351989209651947,0.8428168892860413,0.8875306248664856,-0.3610976040363312,-0.26300689578056335,-0.11280626803636551,-3.2993063926696777,-4.162278652191162,-4.6730756759643555,-0.33924567699432373,-0.2571796178817749,0.15545737743377686,-1.4989774227142334
0.02019071951508522,0.33840277791023254,0.8348507285118103,0.9666169285774231,-0.07662434130907059,0.165385901927948,0.1800774335861206,-2.9668760299682617,-3.4865987300872803,-3.5091845989227295,-2.01786208152771,-0.7772283554077148,-0.5920701026916504,-0.7309387922286987
-0.4956554174423218,0.36311978101730347,0.851436197757721,0.679908037185669,0.720919132232666,-0.07508357614278793,0.11118943989276886,-3.5577569007873535,-5.457151889801025,-7.17857551574707,0.27327123284339905,-0.2938424050807953,-0.1305415779352188,-1.3293259143829346
-0.4953092634677887,0.3633633255958557,0.8455272912979126,0.736802339553833,0.6471338868141174,-0.12391773611307144,0.15160633623600006,-3.7190968990325928,-5.1329121589660645,-6.369614601135254,-0.7805393934249878,1.7724539041519165,1.7724539041519165,0.25965797901153564
-0.4747014045715332,0.3427480161190033,0.8707110285758972,0.9597757458686829,0.20302468538284302,0.1936764419078827,0.010048232041299343,-2.7978732585906982,-3.959768772125244,-5.566180229187012,-0.895929217338562,1.7591484785079956,1.728841781616211,1.6275243759155273
-0.5074254870414734,0.34139496088027954,0.8653681874275208,0.3103528320789337,-0.6089550852775574,0.6645416021347046,-0.30205830931663513,-15.211800575256348,-2.5760231018066406,-3.2344436645507812,-0.4382549226284027,0.9939643144607544,1.480520248413086,-1.7585523128509521
-0.4916369318962097,0.36258620023727417,0.8739535808563232,-0.2840868830680847,0.6815499067306519,-0.6587221622467041,0.1444626748561859,-8.79556941986084,-3.6405537128448486,-5.088691234588623,-1.2005772590637207,0.03475397080183029,1.1051770448684692,1.5917330980300903
-0.46506908535957336,0.3552740514278412,0.9048289656639099,0.7579505443572998,0.5784507393836975,0.19546867907047272,-0.22955986857414246,-3.606381416320801,-3.9989616870880127,-4.551804065704346,3.076141595840454,1.6228737831115723,1.7655025720596313,0.9148085713386536
-0.40808314085006714,0.36327803134918213,0.899697482585907,0.6459165811538696,-0.6302011013031006,-0.30930495262145996,-0.29994791746139526,-3.5662598609924316,-4.630970478057861,-7.709588050842285,2.1862757205963135,-1.7469412088394165,-1.7129242420196533,-1.7724539041519165
-0.519131600856781,0.35940220952033997,0.9651787281036377,0.9648412466049194,-0.23587921261787415,-0.0782541036605835,-0.0855492502450943,-3.8574020862579346,-5.357873439788818,-6.171929836273193,-0.23653347790241241,1.113300085067749,1.0659558773040771,-0.056546103209257126
-0.44736725091934204,0.36643779277801514,0.9689366221427917,0.7115073800086975,0.5926151871681213,0.269846647977829,-0.26409712433815,-3.0941646099090576,-3.7373366355895996,-4.824059009552002,-0.5798793435096741,1.7724539041519165,1.7724539041519165,0.916919469833374
-0.42383909225463867,0.3620564341545105,0.9286854267120361,-0.0739593580365181,0.9823455810546875,-0.042163748294115067,-0.16658136248588562,-3.7324717044830322,-13.266310691833496,-5.531938076019287,1.9776588678359985,-1.7724539041519165,-1.7724539041519165,-1.5083235502243042
-0.35889947414398193,0.35845470428466797,0.8498238325119019,0.9574118852615356,0.28529560565948486,-0.026963861659169197,0.03523961454629898,-1.7180131673812866,-3.7825546264648438,-5.596512794494629,-2.1862998008728027,1.766204833984375,1.7685751914978027,1.755215048789978
-0.33587294816970825,0.3557794988155365,0.8945565819740295,0.694213330745697,0.7045291662216187,-0.09461864084005356,0.11293265968561172,-2.994771957397461,-3.5495529174804688,-4.224964618682861,-0.42995837330818176,1.7489560842514038,1.7575093507766724,0.862758219242096
-0.3410942256450653,0.351740300655365,0.8634425401687622,0.6067448258399963,-0.5814225673675537,-0.2890680730342865,-0.4585282504558563,-2.8289248943328857,-3.4705262184143066,-4.374716758728027,-0.7773115038871765,1.0023765563964844,1.7724539041519165,-1.0864073038101196
-0.2978760898113251,0.36390647292137146,0.8441126346588135,0.4195270240306854,0.8928075432777405,0.036042310297489166,-0.15997739136219025,-3.856985092163086,-4.977159023284912,-5.38287878036499,0.019840503111481667,-0.23927484452724457,0.22515428066253662,-0.9299138188362122
-0.38258567452430725,0.35373857617378235,0.9736448526382446,0.7940203547477722,0.5893664956092834,0.0281897634267807,-0.14623306691646576,-3.1867408752441406,-3.4947457313537598,-4.8852620124816895,3.859124183654785,1.7566438913345337,1.7537320852279663,0.06064128875732422
-0.3532719910144806,0.3606291115283966,0.9596942663192749,0.6458767652511597,0.6657261848449707,-0.2027950882911682,0.3138885498046875,-3.612004518508911,-4.497145652770996,-6.203536033630371,0.8295667171478271,0.6334556341171265,0.7520657181739807,-1.7724539041519165
-0.2747582793235779,0.3514125943183899,0.9078601598739624,0.952174723148346,0.30343323945999146,0.029035665094852448,-0.021178891882300377,-2.2520573139190674,-4.098534107208252,-4.529802322387695,-1.3803390264511108,1.7724539041519165,1.7724539041519165,1.7724539041519165
-0.2910296618938446,0.3419247269630432,0.9276122450828552,-0.12787365913391113,0.9074662923812866,-0.0739593580365181,0.3932979106903076,-3.093079090118408,-16.444908142089844,-2.1484897136688232,-1.3862943649291992,0.03475397080183029,1.1746851205825806,-1.619536280632019
-0.4719395935535431,0.3648262023925781,0.9876266717910767,-0.408556193113327,0.4571893811225891,0.5460705757141113,0.5708473324775696,-2.957838296890259,-4.491170406341553,-7.054057598114014,1.8589824438095093,1.6866148710250854,1.7724539041519165,0.21938884258270264
-0.442413866519928,0.3578181862831116,0.9930758476257324,-0.6476628184318542,0.7272040843963623,-0.22464291751384735,0.03525165840983391,-3.873732805252075,-4.015388488769531,-12.202796936035156,-0.2443457543849945,1.7724539041519165,1.7724539041519165,0.5074083209037781
-0.5399268269538879,0.3449612557888031,1.0568126440048218,-0.4058125615119934,0.32030993700027466,0.5574643611907959,0.6495776772499084,-2.691899061203003,-3.044502019882202,-4.3919830322265625,0.30211859941482544,-1.6269975900650024,-1.6768227815628052,-1.7705563306808472
-0.5269289612770081,0.36470532417297363,1.0794663429260254,-0.617249608039856,0.7267703413963318,-0.19284729659557343,-0.2315549999475479,-3.159992218017578,-4.5101704597473145,-10.392874717712402,0.7465723752975464,1.7724539041519165,1.7724539041519165,0.4379003345966339
-0.44402581453323364,0.36664992570877075,1.0472477674484253,0.6543195247650146,0.7046558260917664,0.21780633926391602,-0.16699257493019104,-3.3354809284210205,-3.5388476848602295,-5.421665668487549,0.18774965405464172,1.6199238300323486,1.691104531288147,-0.3424387276172638
-0.4730621874332428,0.3636457622051239,1.069271206855774,-0.03525165840983391,0.9926413297653198,0.0739593580365181,-0.08916595578193665,-3.487123489379883,-14.330841064453125,-4.313010215759277,0.7465723752975464,1.5917330980300903,1.7724539041519165,-0.1459668129682541
-0.3860536217689514,0.3590037226676941,0.9777024984359741,0.9372152090072632,0.0333959236741066,0.31107297539711,-0.15409737825393677,-2.9578371047973633,-4.054233074188232,-4.652506351470947,-1.2393217086791992,1.7724539041519165,1.7724539041519165,1.7724539041519165
-0.39973026514053345,0.3566097617149353,1.0351117849349976,0.5384505391120911,-0.5146247744560242,-0.5066763758659363,-0.43417900800704956,-3.7424473762512207,-4.911887168884277,-7.257718086242676,-0.577029824256897,-0.6074775457382202,-0.2772269546985626,-1.73574697971344
-0.3738115429878235,0.35927143692970276,1.0427227020263672,0.7385592460632324,0.666360080242157,0.07291757315397263,-0.07195493578910828,-3.213184356689453,-3.648387908935547,-5.527989387512207,16.11809539794922,1.7724539041519165,1.7724539041519165,0.6125202178955078
-0.29644107818603516,0.36616086959838867,0.9744253158569336,0.5917515754699707,0.7851633429527283,-0.08205214142799377,0.1631440669298172,-3.345277786254883,-4.404958724975586,-5.867048263549805,-1.1309623718261719,-1.243661880493164,-1.2444779872894287,-1.7724539041519165
-0.25179311633110046,0.3563975691795349,0.9439776539802551,0.834092378616333,0.5497632622718811,0.02907475084066391,-0.034712307155132294,-2.7108211517333984,-4.11068868637085,-5.2148308753967285,1.30615234375,1.7665849924087524,1.7724539041519165,1.0043922662734985
-0.32429471611976624,0.3622007966041565,1.0065571069717407,0.5934377312660217,0.8046454191207886,-0.017199238762259483,-0.009034653194248676,-3.745074987411499,-5.04999303817749,-5.5915374755859375,1.5867133140563965,-0.36331844329833984,-0.40214815735816956,-1.4612066745758057
-0.24516329169273376,0.35615816712379456,1.0682432651519775,0.8488320112228394,-0.3497415781021118,-0.3523949682712555,-0.1816118061542511,-2.855320692062378,-4.857741355895996,-6.157329082489014,-0.7344708442687988,1.6313443183898926,1.5400382280349731,-0.3924493193626404
-0.3743632435798645,0.3619021773338318,1.0900758504867554,0.7392565011978149,0.633817732334137,0.13233447074890137,-0.1851012408733368,-3.3749754428863525,-4.419386386871338,-5.465953350067139,-0.9269625544548035,1.7724539041519165,1.7724539041519165,1.5705287456512451
-0.266204833984375,0.34328946471214294,0.8686091303825378,0.6195665001869202,-0.2759765088558197,-0.49203816056251526,-0.5457772612571716,-2.73142409324646,-3.2881808280944824,-6.664092540740967,-0.2972959280014038,0.09589844197034836,1.0085994005203247,-1.2509552240371704
-0.21301572024822235,0.3747711777687073,0.8320998549461365,-0.02004506066441536,0.9937573075294495,0.09746046364307404,-0.05045825615525246,-3.777080535888672,-14.240880966186523,-2.946333408355713,-0.6233513951301575,0.9105547070503235,1.1051770448684692,-0.9244563579559326
-0.15511851012706757,0.3571392893791199,0.8888750076293945,-0.33693310618400574,0.38256749510765076,0.555106520652771,0.6572480201721191,-3.0631701946258545,-3.619375705718994,-3.9222400188446045,-0.7227538824081421,1.7724539041519165,1.7678712606430054,1.40302312374115
-0.15130668878555298,0.33016327023506165,0.8934166431427002,-0.35435712337493896,0.22531454265117645,0.5283474922180176,0.7379114031791687,-2.6621649265289307,-2.8076727390289307,-4.649316310882568,-0.3456323742866516,-0.11647160351276398,0.8410152196884155,-1.3554059267044067
-0.24691934883594513,0.3474225401878357,0.900295615196228,0.7773796916007996,-0.16222909092903137,-0.5626782774925232,-0.229685977101326,-3.3666887283325195,-4.753681659698486,-5.237823486328125,-0.6276209950447083,0.29477205872535706,0.7562193274497986,-0.5351381301879883
-0.1896533966064453,0.35213983058929443,0.9480705857276917,0.7742854952812195,0.18418753147125244,-0.5901869535446167,0.13504183292388916,-2.744385004043579,-4.082920551300049,-4.721787452697754,-1.290226936340332,1.428046703338623,1.5510073900222778,-1.1323930025100708
-0.06223674863576889,0.36398035287857056,0.8982202410697937,0.535136342048645,-0.5618041157722473,-0.459290087223053,-0.43250182271003723,-3.0199291706085205,-4.150321006774902,-5.902216911315918,2.0534605979919434,1.7724539041519165,1.7385514974594116,0.3507491946220398
-0.014194878749549389,0.36334002017974854,0.870340883731842,0.7524992227554321,0.6543758511543274,-0.05706802383065224,0.047754064202308655,-3.2666823863983154,-4.544000625610352,-5.336779594421387,0.8773930668830872,1.7724539041519165,1.7724539041519165,1.086460828781128
0.00714292423799634,0.36148443818092346,0.9125060439109802,0.6890106797218323,0.6664903163909912,-0.22171354293823242,0.17860016226768494,-3.3241913318634033,-3.925563097000122,-5.044881820678711,1.2594369649887085,1.7724539041519165,1.7724539041519165,0.35057777166366577
-0.12922261655330658,0.36071333289146423,0.9074336290359497,0.7300116419792175,0.6000146865844727,0.25496503710746765,-0.2050810158252716,-3.112196922302246,-4.439105033874512,-7.044658184051514,0.48812711238861084,1.7724539041519165,1.7724539041519165,0.6173703074455261
-0.08670743554830551,0.35678690671920776,0.9466519355773926,0.5151882767677307,-0.4145238697528839,-0.5449227094650269,-0.51556795835495,-3.1346867084503174,-4.073581695556641,-4.967028617858887,-1.3170968294143677,-0.8019042015075684,-0.977935254573822,-1.206299901008606
0.0016660136170685291,0.3627742826938629,0.9088715314865112,0.7435833215713501,0.6305792331695557,0.1557740718126297,-0.15870758891105652,-3.3024203777313232,-4.395781993865967,-6.852636814117432,0.2819427251815796,1.7724539041519165,1.7724539041519165,0.1499733030796051
0.025671062991023064,0.30507516860961914,0.916750967502594,0.5606744289398193,0.1334870308637619,-0.7695700526237488,-0.27493152022361755,-2.5406274795532227,-3.285660982131958,-4.353733062744141,-1.1489046812057495,-1.5960383415222168,-1.5649522542953491,-1.7724539041519165
-0.011703351512551308,0.3619905710220337,0.9527648091316223,0.7737216353416443,0.632926344871521,0.01707090251147747,-0.02162477746605873,-3.5521657466888428,-4.613055229187012,-6.710592746734619,1.1002253293991089,1.7724539041519165,1.7724539041519165,0.789941132068634
-0.2505767047405243,0.36362990736961365,0.9686659574508667,0.6613456606864929,0.727035641670227,-0.1819760948419571,0.030425824224948883,-4.406000137329102,-4.973410606384277,-5.753976345062256,0.20351642370224,1.7724539041519165,1.7724539041519165,1.1051770448684692
-0.17004521191120148,0.3584538400173187,1.013216495513916,-0.3681500256061554,0.35712552070617676,0.5829208493232727,0.630182683467865,-2.5999979972839355,-4.213161945343018,-4.721442222595215,-1.990646243095398,-1.4397417306900024,-1.7650439739227295,-1.7682857513427734
-0.25888141989707947,0.3633851110935211,1.0785881280899048,0.6244898438453674,-0.40830180048942566,-0.5109723210334778,-0.42685988545417786,-2.8037054538726807,-3.7341063022613525,-5.310131549835205,-0.9062063694000244,-1.7724539041519165,-1.6955102682113647,-1.7724539041519165
-0.21052244305610657,0.36043211817741394,1.0294941663742065,0.758041501045227,-0.4233052432537079,-0.4253849387168884,-0.2554083466529846,-3.4874520301818848,-5.023839950561523,-6.188581466674805,1.496176838874817,1.179240107536316,1.1982738971710205,-0.5981590151786804
-0.19410446286201477,0.36601677536964417,1.0357173681259155,0.5505226254463196,-0.5397402048110962,-0.408145934343338,-0.48889899253845215,-3.0624945163726807,-3.441093683242798,-5.645132541656494,-1.9565423727035522,-1.7724539041519165,-1.7724539041519165,-1.7724539041519165
-0.23716288805007935,0.3742414116859436,1.0360027551651,-0.1914648860692978,0.7675168514251709,0.5495111346244812,-0.26888027787208557,-7.970306873321533,-16.72978401184082,-4.216973304748535,-1.8382794857025146,0.1459667682647705,0.47960513830184937,1.7724539041519165
-0.09246280044317245,0.3658018708229065,1.0568537712097168,-0.2836925685405731,0.32273706793785095,0.6112791299819946,0.6646029949188232,-3.209921360015869,-3.504316806793213,-4.698716640472412,4.7743072509765625,1.7676235437393188,1.7709283828735352,0.33850374817848206
0.013031481765210629,0.3636864125728607,1.0226563215255737,0.5361151099205017,-0.7043158411979675,-0.2870594561100006,-0.3662194311618805,-3.0824053287506104,-3.639547824859619,-5.078415393829346,0.017294377088546753,1.7724539041519165,1.7724539041519165,0.6305022835731506
-0.0036092123482376337,0.36196979880332947,0.9958893656730652,0.7165133357048035,0.6952791810035706,-0.036267902702093124,0.04336034879088402,-3.1448755264282227,-4.602872848510742,-7.114117622375488,-0.6733049154281616,-1.652140736579895,-1.7134976387023926,-1.7724539041519165
-0.0337694026529789,0.3662946820259094,1.015075922012329,0.6356924772262573,0.43753528594970703,0.5633352994918823,0.29514622688293457,-15.791714668273926,-4.270276069641113,-3.3452553749084473,-0.2762533724308014,1.7724539041519165,1.7724539041519165,1.1051770448684692
-0.004543245770037174,0.3581743538379669,1.0872139930725098,0.7826235294342041,0.5427058935165405,-0.2684614658355713,0.1445653885602951,-3.322035551071167,-3.5559418201446533,-4.826945781707764,-0.9347658157348633,1.7724539041519165,1.7659679651260376,1.6330074071884155
-0.03469813987612724,0.36311599612236023,1.0859053134918213,-0.05875276401638985,0.9871023297309875,0.0739593580365181,0.12925608456134796,-4.505690574645996,-5.964529514312744,-3.781114339828491,2.463853359222412,1.0634722709655762,1.230291485786438,-1.7724539041519165
0.35165661573410034,0.3403353989124298,0.014878212474286556,0.26749786734580994,0.8893791437149048,-0.11266706138849258,-0.3532077968120575,-1.8589024543762207,-15.11049747467041,-2.8724591732025146,-2.053239107131958,1.7724539041519165,1.7724539041519165,1.7724539041519165
0.5940570831298828,0.11411871016025543,0.04600024223327637,-0.5439814925193787,0.567482590675354,0.5903357863426208,-0.1831703782081604,-3.159992218017578,-7.973643779754639,-2.074615478515625,-0.3566749393939972,-1.0634723901748657,-0.813243567943573,-1.7724539041519165
0.8023408055305481,0.234305739402771,0.05993053689599037,0.792525589466095,-0.3159657418727875,-0.24410364031791687,-0.46095800399780273,-2.400024890899658,-3.0088233947753906,-3.118762731552124,-1.2202067375183105,-1.7724539041519165,-1.6892708539962769,-1.7724539041519165
1.0610519647598267,0.3244432210922241,0.11436130106449127,0.5768420696258545,0.6883580088615417,-0.43647050857543945,-0.05394432693719864,-2.946854591369629,-3.195671796798706,-3.852121591567993,-1.9183481931686401,1.7724539041519165,1.7724539041519165,0.5235428214073181
1.0363727807998657,0.13593338429927826,0.13402892649173737,0.9597746133804321,-0.20687690377235413,-0.18974338471889496,-0.005659411661326885,-2.0437848567962646,-2.5508837699890137,-5.318675994873047,-0.29747825860977173,-0.07898914068937302,0.18383145332336426,-1.7724539041519165
0.8921817541122437,0.15226297080516815,0.18497620522975922,0.10575497150421143,0.7759857773780823,-0.1444626748561859,-0.6048078536987305,-15.888367652893066,-3.6405537128448486,-2.288851261138916,-0.9135472178459167,-1.4666187763214111,-1.1746851205825806,0.03475397080183029
0.8588816523551941,0.30377867817878723,0.18878963589668274,-0.32427462935447693,0.5099783539772034,0.6457889676094055,0.46660974621772766,-3.277649402618408,-3.547917127609253,-4.236015319824219,0.8274850249290466,-1.4317976236343384,-1.3274683952331543,-1.702811598777771
1.0169860124588013,0.2950587570667267,0.1532653570175171,-0.41813427209854126,0.18293149769306183,0.8895453214645386,0.020221414044499397,-2.9059882164001465,-3.150161027908325,-4.730373859405518,-0.2614564597606659,-1.4778882265090942,-1.4297759532928467,-1.7724539041519165
0.7018535137176514,0.5863200426101685,0.03107357956469059,0.4403727054595947,0.8106682896614075,0.37624070048332214,0.08562575280666351,-2.6749026775360107,-3.3565430641174316,-4.831080913543701,-1.0522617101669312,1.6050161123275757,1.7724539041519165,-0.44570523500442505
0.8504558205604553,0.42998895049095154,0.019074806943535805,-0.07514528930187225,0.417032390832901,0.9038283824920654,0.05942545831203461,-2.969473361968994,-3.72821044921875,-4.107464790344238,-1.2468611001968384,1.7584336996078491,1.7724539041519165,0.6578510999679565
0.9189319014549255,0.38450509309768677,0.0209011510014534,0.3627617061138153,0.7777285575866699,0.5133236050605774,-0.006415182258933783,-3.1306285858154297,-3.828381061553955,-4.985766887664795,0.31072813272476196,0.8375199437141418,0.6941562294960022,-1.3011242151260376
0.9695088863372803,0.5940261483192444,0.008586952462792397,-0.3089704215526581,0.8346184492111206,0.0739593580365181,-0.4499770402908325,-3.292950391769409,-5.043913841247559,-10.296099662780762,1.7117167711257935,0.47960513830184937,0.7993419170379639,0.36839234828948975
1.012934923171997,0.621599018573761,0.06172797456383705,-0.1527571827173233,0.9093660116195679,-0.08225386589765549,0.37809130549430847,-3.087634801864624,-5.129690170288086,-6.841635704040527,2.219203472137451,1.7724539041519165,1.7724539041519165,-1.7724539041519165
1.0376038551330566,0.6386623382568359,0.08376474678516388,0.896953821182251,0.22056971490383148,-0.361810564994812,0.12615832686424255,-3.0997836589813232,-4.6412882804870605,-5.143367767333984,2.201016426086426,-0.27742433547973633,0.4670123755931854,-1.5216641426086426
1.086919903755188,0.6621779203414917,0.07246353477239609,0.0739593580365181,0.9874565601348877,-0.08225386589765549,0.11266706138849258,-2.584965229034424,-16.28057289123535,-3.681676149368286,-2.0149030685424805,-1.4666187763214111,-0.8410467505455017,-1.7307491302490234
1.0939148664474487,0.6177045702934265,0.12939999997615814,0.9463801383972168,0.07682650536298752,-0.30267688632011414,0.08275870978832245,-2.8307533264160156,-4.674075126647949,-6.447536468505859,16.11809539794922,1.6036664247512817,1.7724539041519165,-1.1799336671829224
1.0494110584259033,0.634118914604187,0.12179740518331528,-0.3536025583744049,0.8175434470176697,0.264242023229599,0.36981627345085144,-3.125608205795288,-4.586463451385498,-5.235997676849365,-0.890682578086853,1.3410825729370117,1.7724539041519165,0.8688947558403015
0.870326042175293,0.35679537057876587,0.18840758502483368,0.17625829577445984,0.6941744685173035,0.06704726815223694,-0.6946650147438049,-3.4911863803863525,-6.7022504806518555,-4.796019554138184,-0.9135472178459167,0.7715387344360352,0.9939643144607544,-1.5083235502243042
0.9307905435562134,0.3607657849788666,0.21440881490707397,0.7463932037353516,-0.28339648246765137,-0.5773728489875793,-0.1709509640932083,-2.642770290374756,-4.059844017028809,-4.621368408203125,-0.2239942103624344,-1.2959206104278564,-1.1685620546340942,-1.7465004920959473
0.9256716370582581,0.3679746985435486,0.21297037601470947,-0.33607161045074463,0.470915287733078,0.42279326915740967,0.6975245475769043,-3.4878218173980713,-5.065657138824463,-5.7397847175598145,-0.3034664988517761,-0.6093703508377075,-0.4785592257976532,-1.4729958772659302
0.9403437376022339,0.36895182728767395,0.20655232667922974,-0.2872054874897003,0.3569140136241913,0.5455362200737,0.7017946243286133,-2.791957378387451,-4.953267574310303,-6.779755115509033,0.4113563001155853,0.9220108985900879,0.9915188550949097,-0.2976297438144684
0.912772536277771,0.3678314685821533,0.21052290499210358,0.7115253210067749,0.6922918558120728,0.09230104833841324,-0.07709882408380508,-3.6724774837493896,-3.9918131828308105,-7.340328693389893,4.571584701538086,1.7724539041519165,1.7724539041519165,0.8868282437324524
0.8530833125114441,0.33106616139411926,0.2712814509868622,0.4565349817276001,0.5549504160881042,0.21149896085262299,0.6624757051467896,-3.4240760803222656,-4.234417915344238,-6.019118309020996,1.9716100692749023,-1.3991024494171143,-1.3538206815719604,-1.6977837085723877
0.848952054977417,0.36861780285835266,0.3125394284725189,-0.4007320702075958,0.41591301560401917,0.5719959139823914,0.5824524164199829,-3.0715901851654053,-5.135391712188721,-7.868890762329102,0.38456448912620544,0.7712454199790955,1.0322123765945435,-0.2880713641643524
0.9757747054100037,0.36600810289382935,0.2853965759277344,0.7944671511650085,-0.4695388972759247,-0.33922702074050903,-0.18242858350276947,-3.1378672122955322,-6.244294166564941,-7.589873313903809,0.04934816434979439,1.2070012092590332,1.4348618984222412,-1.7724539041519165
1.0161516666412354,0.3724026679992676,0.17552490532398224,-0.01175055280327797,0.860014796257019,0.5094209909439087,0.026957150548696518,-4.46112585067749,-12.206212043762207,-3.4428882598876953,0.6406570076942444,-0.8410467505455017,-0.41009721159935,-1.7724539041519165
0.994202196598053,0.3607077896595001,0.22977587580680847,0.6557158827781677,0.6950730085372925,-0.2763330936431885,0.10271427035331726,-3.0047218799591064,-4.0449299812316895,-5.972823619842529,0.8116811513900757,1.4932260513305664,1.517506718635559,0.11401060968637466
0.9968512058258057,0.6590564846992493,0.1438550055027008,-0.4403001070022583,0.7984917759895325,0.3227945864200592,-0.2536737024784088,-7.059431552886963,-4.700809955596924,-3.5384035110473633,-0.5212969183921814,1.7724539041519165,1.7724539041519165,1.7724539041519165
1.0170361995697021,0.6550766825675964,0.14446164667606354,0.8265153765678406,-0.13576190173625946,-0.5042227506637573,-0.21023909747600555,-3.588685989379883,-4.709037780761719,-7.579093933105469,16.11809539794922,0.9406196475028992,1.5395402908325195,-0.5446440577507019
0.6405087113380432,0.2961667478084564,0.4768185019493103,0.6829913258552551,0.06168520450592041,-0.7192085981369019,0.11161001771688461,-2.8030881881713867,-3.1081225872039795,-4.136958122253418,-1.5436146259307861,-1.2195578813552856,-1.006789207458496,-1.6106306314468384
0.6238567233085632,0.3141915500164032,0.5024064183235168,0.7350929379463196,0.40372538566589355,0.33900660276412964,0.4262847602367401,-2.858990430831909,-3.3461904525756836,-3.8741445541381836,-1.9238932132720947,0.07276861369609833,0.1459667682647705,-1.72975492477417
0.7711588144302368,0.3138822913169861,0.4664299488067627,0.9217290282249451,-0.2825852930545807,0.24317507445812225,-0.10689742863178253,-3.6968889236450195,-4.388210773468018,-5.397042274475098,1.1664307117462158,1.0581200122833252,0.8478120565414429,-0.26643556356430054
0.8856029510498047,0.31237202882766724,0.36311861872673035,-0.49253085255622864,0.37208184599876404,0.7759272456169128,0.13002082705497742,-2.8629307746887207,-3.3385307788848877,-3.9309096336364746,-0.18858808279037476,-1.4097083806991577,-1.2725650072097778,-1.7724539041519165
0.9743340015411377,0.22101198136806488,0.30757230520248413,0.08225386589765549,0.6949971318244934,-0.45965397357940674,-0.5467463135719299,-10.294923782348633,-4.257633686065674,-2.583251953125,0.29225873947143555,-1.3971107006072998,-1.327602744102478,-1.7724539041519165
0.9984595775604248,0.31361520290374756,0.3064987361431122,-0.2840868830680847,0.9471971988677979,-0.03525165840983391,0.1444626748561859,-3.540745258331299,-13.7501802444458,-3.0926661491394043,3.9120230674743652,-1.327602744102478,-1.3554059267044067,-1.7724539041519165
0.8990049362182617,0.31731393933296204,0.4920484721660614,0.7567983865737915,0.35780924558639526,0.506303071975708,0.20708909630775452,-3.199855089187622,-3.6442313194274902,-6.014186382293701,2.101102590560913,-1.382800817489624,-1.2753150463104248,-1.7724539041519165
0.676609218120575,0.3725575804710388,0.3893146216869354,0.6211913824081421,0.7127730250358582,-0.1924445927143097,0.2627565860748291,-3.087933301925659,-4.461089134216309,-5.276158809661865,1.0034862756729126,1.6641501188278198,1.6595659255981445,-0.16673055291175842
0.6764073967933655,0.3553791642189026,0.40746763348579407,0.5348993539810181,-0.6884121894836426,-0.41540858149528503,-0.2596287727355957,-2.769310235977173,-3.3145835399627686,-5.736651420593262,-1.1556832790374756,1.0992248058319092,1.5348435640335083,-1.7626395225524902
0.6306787729263306,0.36720022559165955,0.3870154321193695,0.7241544723510742,0.6545748710632324,-0.16796378791332245,0.13755059242248535,-3.392068386077881,-5.129690170288086,-12.11088752746582,1.4109870195388794,1.7724539041519165,1.7724539041519165,0.5074083209037781
0.808671772480011,0.3619978129863739,0.29146894812583923,0.7178167700767517,0.6711639165878296,0.11404947936534882,-0.14584510028362274,-3.165513038635254,-5.687233924865723,-12.88296890258789,-1.0317493677139282,1.7724539041519165,1.7724539041519165,-1.4388154745101929
0.7364134788513184,0.3625107705593109,0.37100327014923096,-0.38041576743125916,0.3242291510105133,0.775611400604248,0.38546881079673767,-3.129605531692505,-4.588072776794434,-5.612727642059326,-1.9437178373336792,1.7724539041519165,1.7724539041519165,-1.123411774635315
0.6895608901977539,0.37991905212402344,0.4131045937538147,0.42312607169151306,0.8395951390266418,-0.23814791440963745,0.24357737600803375,-3.7438676357269287,-3.980739116668701,-4.972837448120117,-0.47199392318725586,1.7576110363006592,1.7446236610412598,0.9478209614753723
0.7298616170883179,0.3765645921230316,0.38862577080726624,-0.4748605787754059,0.6318901777267456,-0.365649551153183,-0.49144959449768066,-5.827537536621094,-17.224109649658203,-4.509474277496338,3.1986730098724365,1.3415043354034424,1.3415043354034424,-0.7715387940406799
0.7781960964202881,0.367875874042511,0.4065413177013397,0.7053674459457397,0.6911803483963013,-0.12373824417591095,0.09703264385461807,-3.61745548248291,-4.2966132164001465,-6.225235462188721,-0.45935025811195374,1.4370033740997314,1.5938942432403564,-0.03078077733516693
0.6290704011917114,0.35419416427612305,0.5383868217468262,0.09746046364307404,0.9132978916168213,0.2052890658378601,0.33800119161605835,-5.133711814880371,-10.004627227783203,-2.511615753173828,-2.053239107131958,1.7724539041519165,1.7724539041519165,-1.327602744102478
0.708405077457428,0.36242085695266724,0.47593164443969727,-0.466867059469223,0.511988639831543,0.5514596700668335,0.4645374119281769,-3.2586510181427,-4.1553874015808105,-4.710482120513916,-0.3172014355659485,1.7033514976501465,1.5444051027297974,-0.2773636281490326
0.7242884039878845,0.36980438232421875,0.4850729703903198,0.5478976964950562,0.7660980820655823,-0.1140599399805069,0.3160572946071625,-3.7620229721069336,-4.329463005065918,-6.342550277709961,-1.4085946083068848,1.7724539041519165,1.7724539041519165,1.5581966638565063
0.7463923096656799,0.38284146785736084,0.4582524597644806,0.8392817378044128,0.3232176601886749,0.25568723678588867,0.3546273112297058,-4.093621253967285,-4.99954080581665,-5.2434163093566895,1.0809167623519897,1.6495260000228882,1.6398731470108032,0.012354913167655468
0.7505818009376526,0.38208335638046265,0.48230838775634766,-0.2740108370780945,0.3153580129146576,0.3965875208377838,0.8174262642860413,-3.3282203674316406,-5.623504638671875,-5.997463226318359,-0.6868286728858948,1.7724539041519165,1.7288622856140137,0.9580553770065308
0.8101351261138916,0.3314637541770935,0.4454050064086914,0.729678750038147,0.6340672373771667,0.24557550251483917,0.07225172221660614,-3.0724546909332275,-3.9165306091308594,-4.863564968109131,-0.20291773974895477,-0.5422274470329285,-0.2764880955219269,-1.7676267623901367
0.7779463529586792,0.35524964332580566,0.4636247158050537,0.9275016188621521,0.22159573435783386,0.2637927234172821,-0.1450842022895813,-3.347026824951172,-4.220157146453857,-4.837429046630859,0.3924564719200134,0.1996614634990692,0.3098571002483368,-1.69866144657135
0.776899516582489,0.4125693142414093,0.4638855755329132,0.9498434662818909,0.11452601850032806,0.13324753940105438,0.2587011754512787,-3.809030294418335,-4.165740966796875,-5.01524019241333,1.3345710039138794,1.7724539041519165,1.7724539041519165,0.665570080280304
0.6976475119590759,0.36661720275878906,0.5622003674507141,-0.4905132055282593,0.4530002772808075,0.5442163944244385,0.5079528093338013,-4.272940158843994,-4.644366264343262,-7.783648490905762,0.8168137073516846,1.1596474647521973,1.1140532493591309,-0.08258169889450073
0.7743247151374817,0.36791566014289856,0.5348426699638367,0.6877020597457886,0.6352291107177734,0.25902533531188965,-0.23760414123535156,-3.23587703704834,-4.486510276794434,-6.722039222717285,0.4052751660346985,0.994374692440033,0.8494786620140076,-0.22527346014976501
0.8456931710243225,0.36196252703666687,0.5145871043205261,-0.49147456884384155,0.5413394570350647,0.5021718144416809,0.46176594495773315,-3.609797716140747,-3.999574661254883,-5.087818145751953,0.49806690216064453,-0.6497505307197571,-0.3395015597343445,-1.7413803339004517
0.7756553888320923,0.36634618043899536,0.5435034036636353,0.6610767841339111,0.6621443629264832,-0.24527543783187866,0.2537366449832916,-3.4925107955932617,-4.06149959564209,-6.2645134925842285,1.2540425062179565,1.7724539041519165,1.7724539041519165,0.8604567050933838
0.8442670106887817,0.3687710464000702,0.5601360201835632,0.5490455627441406,0.7665640115737915,-0.14150024950504303,0.3015066087245941,-2.9986915588378906,-4.179111003875732,-5.757968425750732,-0.7983121275901794,1.7724539041519165,1.7724539041519165,0.4414322078227997
0.8818926215171814,0.36708295345306396,0.3229902386665344,-0.2995564341545105,0.38421475887298584,0.5430737733840942,0.6838975548744202,-3.174900531768799,-3.925307273864746,-5.907618999481201,0.6266673803329468,1.531365990638733,1.6455122232437134,0.467412531375885
0.9030976891517639,0.36763137578964233,0.3122609257698059,-0.3634887933731079,0.4749302864074707,0.48849502205848694,0.6353658437728882,-3.5125303268432617,-5.481378555297852,-5.994764804840088,1.9408999681472778,1.0346707105636597,1.1774500608444214,-0.19696514308452606
1.000821590423584,0.36031612753868103,0.2932734787464142,0.6862063407897949,0.6593679189682007,0.22733798623085022,-0.2065725475549698,-3.199321746826172,-3.7584917545318604,-6.696417331695557,-1.8637686967849731,1.6337459087371826,1.7659903764724731,-1.537717342376709
0.9662619829177856,0.35224753618240356,0.31316938996315,0.7995636463165283,0.5025503039360046,0.2958223223686218,-0.1436326652765274,-3.759573459625244,-4.632327556610107,-5.8373332023620605,-1.2097947597503662,0.8978942632675171,1.2372756004333496,-1.5897101163864136
1.0376338958740234,0.3668273389339447,0.3496303856372833,0.7097128033638,-0.5854334235191345,-0.3042757213115692,-0.24696502089500427,-3.662130355834961,-5.547115325927734,-6.6199517250061035,-0.23012565076351166,1.6386620998382568,1.585145354270935,-1.7724539041519165
1.060113787651062,0.36615973711013794,0.3064987361431122,0.0739593580365181,0.8467010855674744,0.12925608456134796,-0.5108034610748291,-5.827537536621094,-16.63797378540039,-4.461716651916504,4.840242385864258,0.6881291270256042,0.7298339009284973,-1.0634723901748657
1.0590368509292603,0.36382776498794556,0.38286730647087097,0.5635165572166443,-0.45632365345954895,-0.46794477105140686,-0.5052183270454407,-2.72055721282959,-3.8691534996032715,-4.8141655921936035,-0.7380357980728149,-1.6177066564559937,-1.6349008083343506,-1.7724539041519165
1.0983434915542603,0.36801397800445557,0.408611923456192,-0.43094414472579956,0.48539531230926514,0.5200580358505249,0.5551739931106567,-3.8719747066497803,-4.15089225769043,-5.785760402679443,1.4559005498886108,1.7724539041519165,1.7724539041519165,0.27286458015441895
0.8905454874038696,0.36593878269195557,0.42449477314949036,0.700510561466217,0.7134532332420349,0.01344779971987009,0.009411340579390526,-3.6528046131134033,-3.9591896533966064,-4.805926322937012,-0.6376131176948547,1.3415043354034424,1.6134458780288696,-1.3160039186477661
0.8897327184677124,0.36629757285118103,0.4563662111759186,0.5385617017745972,-0.7102224826812744,-0.26649606227874756,-0.36676302552223206,-3.233123540878296,-4.843128681182861,-5.89184045791626,-1.155291199684143,1.7724539041519165,1.7724539041519165,0.21446387469768524
0.8850386738777161,0.3695785105228424,0.4925677180290222,0.7278889417648315,-0.5425853729248047,-0.17875219881534576,-0.3792445957660675,-3.6326441764831543,-3.936234951019287,-4.573054313659668,16.11809539794922,1.7724539041519165,1.7663682699203491,0.573698878288269
0.8746908903121948,0.3511948585510254,0.46255597472190857,0.45559701323509216,0.8638001084327698,-0.013681524433195591,-0.21469412744045258,-3.2128355503082275,-4.201897621154785,-5.670011520385742,-0.5288428664207458,1.3624438047409058,1.6900347471237183,-1.6120308637619019
0.8837628960609436,0.3890874683856964,0.4454691410064697,0.6018812656402588,0.7868959307670593,-0.04923426732420921,-0.12692400813102722,-3.0334227085113525,-4.133670806884766,-5.723832130432129,-0.6831937432289124,1.7724539041519165,1.7568490505218506,1.0858423709869385
0.9501069188117981,0.3513132929801941,0.4693794250488281,0.9203755259513855,0.3455630838871002,0.07159315794706345,-0.16843242943286896,-3.205203056335449,-4.2351531982421875,-4.825489521026611,-0.9603209495544434,1.5688139200210571,1.4443672895431519,0.024235377088189125
0.9599457383155823,0.3512594699859619,0.5066802501678467,0.9035561084747314,-0.3405286371707916,-0.2031499445438385,-0.1623474359512329,-2.963087558746338,-4.070755958557129,-5.016635894775391,-0.27681052684783936,-1.1592389345169067,-1.125138521194458,-1.6299922466278076
0.916130542755127,0.40159332752227783,0.48105430603027344,0.986096203327179,-0.14350876212120056,-0.08240089565515518,0.015153830870985985,-3.9690871238708496,-4.626354217529297,-5.397847652435303,-0.43328768014907837,1.5485035181045532,0.723945140838623,-0.2293764054775238
0.8584876656532288,0.38640686869621277,0.527794361114502,0.3555608093738556,0.8394950032234192,0.24951064586639404,0.32644912600517273,-3.449434280395508,-4.6368937492370605,-5.565767765045166,-0.6043289303779602,1.6000169515609741,1.487269639968872,-0.5275650024414062
0.9131355881690979,0.35175809264183044,0.5519772171974182,-0.4952719211578369,0.18959452211856842,0.719916820526123,0.4477492868900299,-3.1870522499084473,-3.8791720867156982,-5.357429027557373,-0.5861420631408691,-0.276809424161911,-0.19021286070346832,-1.7682092189788818
0.940028727054596,0.7509675621986389,0.015866275876760483,0.6795546412467957,0.7030041813850403,-0.10282242298126221,0.18280646204948425,-2.9833016395568848,-3.2913618087768555,-5.555046558380127,-0.731144905090332,1.260846734046936,1.6462873220443726,1.1046510934829712
0.9856345653533936,0.7022241353988647,0.05877528339624405,0.5197529196739197,-0.5701584219932556,-0.26439347863197327,-0.5786815285682678,-3.0228846073150635,-3.7110235691070557,-4.403243541717529,16.11809539794922,-0.008087294176220894,0.6753534078598022,-1.699998378753662
0.20120136439800262,0.3557528853416443,0.8101746439933777,0.6145930290222168,-0.36520618200302124,-0.6505156755447388,-0.25637710094451904,-1.9008145332336426,-2.8681304454803467,-4.03948450088501,-1.7163114547729492,-1.1331579685211182,-1.1625868082046509,-1.4083383083343506
0.4880622327327728,0.3657812178134918,0.7416694164276123,0.6812328696250916,0.669400691986084,0.17761041224002838,-0.23723196983337402,-3.4772980213165283,-3.6740591526031494,-5.698403358459473,16.11809539794922,1.723574161529541,1.7553491592407227,0.7872326374053955
0.5273095369338989,0.366032212972641,0.6957520842552185,0.7195881009101868,0.6765034794807434,0.1052241325378418,-0.11603400111198425,-3.3949878215789795,-4.349288463592529,-6.094912528991699,16.11809539794922,1.6270991563796997,1.7552692890167236,0.6998817920684814
0.4793526530265808,0.36568745970726013,0.7931738495826721,0.6957600712776184,0.70032799243927,0.09746046364307404,-0.12633317708969116,-3.4685628414154053,-3.649397850036621,-5.6357831954956055,16.11809539794922,1.5602185726165771,1.7056070566177368,0.49754515290260315
0.5770376920700073,0.36340075731277466,0.8191097378730774,0.697417140007019,0.652922511100769,0.129701167345047,-0.26547905802726746,-3.3219289779663086,-3.4741733074188232,-4.787559986114502,16.11809539794922,1.2684435844421387,1.73331880569458,0.5373350381851196
0.14274415373802185,0.3131231367588043,0.8961703181266785,-0.24915041029453278,0.3454968333244324,0.30900657176971436,0.8503357768058777,-3.421180009841919,-3.904961109161377,-4.127038955688477,-1.0313775539398193,0.37958040833473206,0.5503215193748474,-0.20549513399600983
0.09197956323623657,0.2729063928127289,0.993230402469635,0.5170812606811523,0.09436362981796265,-0.8202029466629028,-0.22580879926681519,-2.440302848815918,-3.2085251808166504,-5.545280456542969,-0.5577910542488098,-1.5043940544128418,-0.883507251739502,-1.771093726158142
0.44533124566078186,0.3236292004585266,1.0669517517089844,0.729020893573761,0.08748269081115723,-0.6762864589691162,-0.05926211178302765,-3.0499916076660156,-3.267538547515869,-5.457425594329834,1.4881056547164917,-0.825217068195343,-0.9551102519035339,-1.5103797912597656
0.02526690438389778,0.3640787601470947,0.8595278859138489,0.710412323474884,0.6913535594940186,-0.049338944256305695,0.12210755050182343,-4.00079870223999,-4.437469959259033,-6.630123138427734,1.3705066442489624,1.7724539041519165,1.7724539041519165,0.2708987891674042
0.049906954169273376,0.3623848855495453,0.9092621803283691,-0.46290749311447144,0.44798216223716736,0.5584033131599426,0.5226991176605225,-3.630310297012329,-5.003085136413574,-7.369699954986572,1.659763216972351,1.6948766708374023,1.731079339981079,-0.13334877789020538
0.09255578368902206,0.3455779254436493,0.9361779093742371,0.9474776387214661,-0.10349266976118088,0.2772333323955536,-0.12131399661302567,-3.2614200115203857,-4.427999496459961,-4.743928909301758,-1.1567188501358032,-1.3147106170654297,-1.1458724737167358,-1.7724539041519165
0.10000481456518173,0.3617759048938751,0.9318797588348389,0.6075886487960815,-0.5649344325065613,-0.41308167576789856,-0.3755643963813782,-2.8635165691375732,-4.5421600341796875,-6.3907270431518555,16.11809539794922,1.3658699989318848,1.3658699989318848,-1.2119057178497314
0.26053786277770996,0.36337780952453613,0.9169439673423767,0.6021935343742371,0.7855893969535828,-0.03920381888747215,0.13665753602981567,-2.3977222442626953,-3.5288567543029785,-5.4780144691467285,-1.7178668975830078,-1.1302869319915771,-1.2316383123397827,-1.1100059747695923
0.25443679094314575,0.36014363169670105,0.9604241847991943,0.6950898170471191,0.7147494554519653,0.01167904119938612,-0.07646556943655014,-3.529461145401001,-4.240251064300537,-6.762671947479248,1.4901237487792969,1.7724539041519165,1.7724539041519165,0.13036255538463593
0.23126667737960815,0.3640787601470947,0.9420439004898071,0.1527571827173233,0.9708922505378723,-0.05875276401638985,-0.174875870347023,-4.362008094787598,-16.73804473876953,-5.04276704788208,-0.5549968481063843,1.7724539041519165,0.7298339009284973,0.5491131544113159
0.3033294081687927,0.36364758014678955,0.9761220216751099,0.7024698257446289,0.6446361541748047,-0.21656428277492523,0.2099529653787613,-3.3717188835144043,-4.235276222229004,-8.214706420898438,-0.8278511166572571,1.7724539041519165,1.568688988685608,0.683370053768158
0.24572765827178955,0.36313867568969727,0.9918070435523987,0.5380752086639404,-0.584499180316925,-0.4206843078136444,-0.4380188286304474,-3.513728141784668,-3.766240119934082,-5.571653842926025,1.819045901298523,1.7724539041519165,1.7724539041519165,1.4972223043441772
0.06772131472826004,0.3386968672275543,1.0564557313919067,-0.2341378629207611,0.8103886246681213,0.3616010546684265,0.3971075415611267,-3.5392448902130127,-3.739919424057007,-4.670400142669678,-1.0273966789245605,1.707004427909851,1.7724539041519165,-0.6024894118309021
0.06626994162797928,0.3636998236179352,1.0386630296707153,0.6840298175811768,-0.5699556469917297,-0.3768244981765747,-0.2554547190666199,-3.242854118347168,-4.644505500793457,-6.709906578063965,-0.4078045189380646,-1.7724539041519165,-1.6742098331451416,-1.3108587265014648
0.11765635758638382,0.3516919016838074,1.073268175125122,0.7254809737205505,-0.553341805934906,-0.349709689617157,-0.21258708834648132,-3.2453792095184326,-4.288064956665039,-5.151196002960205,-0.05757150053977966,-0.7077038884162903,-0.44020530581474304,-1.1589072942733765
0.08383269608020782,0.36511924862861633,1.0805325508117676,0.02004506066441536,0.9904769062995911,-0.0034560449421405792,0.13616816699504852,-5.084153175354004,-9.246938705444336,-2.583251953125,-1.4873905181884766,-1.577831506729126,-1.3554059267044067,-1.7585523128509521
0.12511421740055084,0.3640787601470947,1.082142949104309,0.13616816699504852,0.9554035663604736,-0.0656648501753807,-0.2536737024784088,-6.047012805938721,-5.529978275299072,-4.9870500564575195,5.537334442138672,1.6334378719329834,1.0634722709655762,-1.3554059267044067
0.15031202137470245,0.3463905155658722,1.0048469305038452,0.2840868830680847,0.889482319355011,0.24537917971611023,0.2605857849121094,-4.8929972648620605,-11.148307800292969,-4.214969158172607,-0.8194409012794495,-0.32668760418891907,-0.2293764054775238,-1.0634723901748657
0.16696004569530487,0.36199265718460083,1.0198661088943481,0.7323909997940063,0.6675765514373779,0.07384933531284332,-0.1117643266916275,-4.565634250640869,-4.80815315246582,-5.759834289550781,1.3115257024765015,1.4705810546875,1.471271276473999,-0.07714903354644775
0.2177421599626541,0.3646570146083832,1.0219601392745972,0.591484010219574,-0.591151773929596,-0.3766620457172394,-0.3985121548175812,-3.7034969329833984,-4.5948262214660645,-7.768817901611328,0.8400689959526062,1.7724539041519165,1.7724539041519165,0.9651602506637573
0.17520232498645782,0.3539153039455414,1.052703619003296,-0.3046398460865021,0.542759120464325,0.7479273676872253,0.23067668080329895,-3.595513343811035,-4.377665996551514,-5.084043979644775,-1.3687292337417603,-1.7633217573165894,-1.5640028715133667,-1.7724539041519165
0.1925765424966812,0.35742488503456116,1.0720562934875488,0.689148485660553,0.7198119759559631,-0.03459923341870308,0.07581569999456406,-3.0654659271240234,-5.109921455383301,-5.263312339782715,-0.6744183301925659,-1.7526965141296387,-1.4497970342636108,-1.3838927745819092
0.15948806703090668,0.3588426113128662,1.0840662717819214,0.6298320293426514,0.705005407333374,-0.23509247601032257,0.2258550524711609,-3.9322762489318848,-5.275153160095215,-7.615340709686279,0.5918958187103271,1.7724539041519165,1.6651369333267212,-0.7345329523086548
0.27840524911880493,0.36165159940719604,1.0297048091888428,0.6666774749755859,0.7022730708122253,0.1550222784280777,-0.19575940072536469,-3.035139560699463,-3.93676495552063,-5.852558612823486,0.042970381677150726,1.7724539041519165,1.7562289237976074,0.8496314883232117
0.2500310242176056,0.35211318731307983,1.034369707107544,-0.5633352994918823,0.8055093884468079,0.15137477219104767,0.1043725535273552,-3.441627264022827,-3.785865545272827,-16.27375602722168,-0.2443457543849945,1.369307518005371,1.480520248413086,-1.3971107006072998
0.2648863196372986,0.3632878363132477,1.0413000583648682,0.6810954213142395,0.7193455100059509,-0.11613376438617706,0.07186110317707062,-3.705296277999878,-4.156700134277344,-5.4578657150268555,0.9756830930709839,1.7724539041519165,1.7724539041519165,1.7312742471694946
0.3038097321987152,0.3606906235218048,1.0440407991409302,0.6931930780410767,0.6716935038566589,0.18147635459899902,-0.18808922171592712,-3.5462896823883057,-4.648954391479492,-5.790594100952148,0.6563307046890259,1.6357755661010742,1.751426339149475,1.128892183303833
0.24359752237796783,0.3339046835899353,1.0912681818008423,0.15966928005218506,0.9375196695327759,-0.19837696850299835,-0.23708467185497284,-2.946037769317627,-16.080429077148438,-4.405999183654785,-0.07061756402254105,0.5491131544113159,0.8827515244483948,0.07645876705646515
0.29631319642066956,0.36152854561805725,0.9499939680099487,0.6836224794387817,0.7011404037475586,-0.14386427402496338,0.14270779490470886,-4.224818706512451,-4.675246715545654,-6.248322010040283,16.11809539794922,1.7724539041519165,1.7724539041519165,1.2386510372161865
0.3498495817184448,0.3272598087787628,0.9548089504241943,-0.4548547863960266,0.42365050315856934,0.47987520694732666,0.6191503405570984,-1.752296805381775,-2.3460195064544678,-3.4726269245147705,-1.428239345550537,-1.7724539041519165,-1.744055986404419,-1.7117297649383545
0.48196735978126526,0.3649764657020569,0.8415138125419617,0.6863589286804199,0.7221822142601013,-0.08026497811079025,0.030361317098140717,-3.1659250259399414,-4.429191589355469,-5.130939960479736,0.3652423620223999,1.1757762432098389,1.7220258712768555,0.07645876705646515
0.5331278443336487,0.36407098174095154,0.8805872797966003,0.6917632222175598,0.6416416764259338,-0.25067952275276184,0.21660873293876648,-3.3814094066619873,-3.780285358428955,-6.100309371948242,0.5385931730270386,1.6770236492156982,1.7724539041519165,0.7299587726593018
0.4776848554611206,0.32750463485717773,0.9332756996154785,0.6377817392349243,-0.48086100816726685,-0.42285075783729553,-0.4280238449573517,-1.7248166799545288,-2.7458877563476562,-5.132946491241455,-1.3649441003799438,-1.7275514602661133,-1.7175731658935547,-1.7724539041519165
0.47198617458343506,0.3625180423259735,0.9490219950675964,-0.0739593580365181,0.9320181012153625,-0.01175055280327797,-0.35459020733833313,-3.087634801864624,-8.260515213012695,-5.193999290466309,1.2452157735824585,0.03475397080183029,0.4379003345966339,-0.7020307779312134
0.34497565031051636,0.36539170145988464,1.0305206775665283,0.6984332799911499,-0.07733338326215744,-0.6224021315574646,0.3447115123271942,-3.6529064178466797,-3.994783639907837,-5.031979084014893,-0.5708906650543213,-0.5990951657295227,-0.2704432010650635,-1.7410006523132324
0.3263656497001648,0.3630382716655731,1.0081558227539062,-0.4378187954425812,0.4621503949165344,0.5161675810813904,0.5729771256446838,-3.917019844055176,-4.537785530090332,-5.564480304718018,1.4966038465499878,1.7724539041519165,1.7724539041519165,1.3213977813720703
0.3501358926296234,0.3546172082424164,1.0878732204437256,0.5654672384262085,-0.27262818813323975,-0.5496398210525513,-0.5511958003044128,-3.9879393577575684,-4.6878662109375,-5.433337211608887,-0.8160604238510132,-1.69389808177948,-1.7724539041519165,-1.7724539041519165
0.36458709836006165,0.35152456164360046,1.082932710647583,0.7021079063415527,0.710706889629364,0.040749337524175644,-0.016724104061722755,-3.3809871673583984,-3.482732057571411,-4.675583839416504,-0.937623143196106,1.3075578212738037,1.7724539041519165,-1.0510530471801758
0.5824927091598511,0.35439151525497437,1.0392940044403076,0.5836270451545715,0.7300395965576172,-0.2163475900888443,0.28216204047203064,-2.743103265762329,-4.003363132476807,-4.562667369842529,-0.9824822545051575,-1.4222636222839355,-1.5598392486572266,-1.6878912448883057
0.4427793025970459,0.33666837215423584,1.0799051523208618,-0.05975884571671486,0.8657760620117188,0.463280588388443,-0.17953218519687653,-3.1570096015930176,-4.713076591491699,-5.316115379333496,-1.4432867765426636,1.6664665937423706,1.4218804836273193,1.2092835903167725
0.4455556869506836,0.38815683126449585,1.0726420879364014,0.02004506066441536,0.9986491203308105,0.02004506066441536,0.0435461662709713,-5.196622848510742,-2.661500930786133,-17.31275749206543,1.3143208026885986,0.6881291270256042,0.47960513830184937,0.39619556069374084
0.4464511275291443,0.4636884927749634,1.0784029960632324,-0.22319751977920532,0.6546599268913269,0.7057543992996216,-0.15334272384643555,-3.1138505935668945,-4.851009845733643,-5.277055740356445,0.7439591884613037,1.7391045093536377,1.755204200744629,1.746004343032837
0.456938236951828,0.5097894072532654,1.0805257558822632,-0.0892774686217308,0.7543725967407227,0.6469103097915649,0.06677212566137314,-3.479947328567505,-4.298988342285156,-7.01602840423584,0.1859477162361145,1.7499107122421265,1.7499107122421265,1.7671937942504883
0.4464273452758789,0.4975004196166992,1.0715548992156982,0.9715476036071777,0.18363159894943237,-0.09701958298683167,0.11385010182857513,-3.663252830505371,-4.622617721557617,-6.748827934265137,6.223832130432129,1.6415197849273682,1.649967074394226,1.6837565898895264
0.4678274095058441,0.5046280026435852,1.0855079889297485,0.9542771577835083,0.05258326232433319,-0.15484938025474548,0.2502234876155853,-3.4856648445129395,-3.916189432144165,-5.877943515777588,1.3003480434417725,0.9037557244300842,0.8473601341247559,1.0527273416519165
0.4067049026489258,0.5119099617004395,1.070792555809021,0.261968195438385,0.705647885799408,-0.5730122327804565,-0.32417699694633484,-3.682298421859741,-18.115192413330078,-4.556114196777344,3.9120230674743652,0.7993419170379639,0.7993419170379639,0.7715387344360352
0.42419564723968506,0.5245804786682129,1.0789189338684082,0.10667720437049866,0.5726785659790039,0.7990724444389343,0.14880353212356567,-3.9767072200775146,-4.320802211761475,-7.523126125335693,16.11809539794922,1.3213518857955933,1.1947073936462402,1.3754281997680664
0.46253249049186707,0.540489137172699,1.0900804996490479,-0.2840868830680847,0.9552155137062073,0.0656648501753807,0.05045825615525246,-4.0228400230407715,-4.751486778259277,-17.31275749206543,4.840242385864258,1.5639299154281616,1.522225022315979,1.5917330980300903
0.8934897780418396,0.2761833965778351,0.6933397054672241,0.3958117365837097,0.3002057671546936,0.7453653216362,0.4445672929286957,-3.130972146987915,-3.6014158725738525,-5.4160685539245605,-1.4543392658233643,-1.5139610767364502,-1.4738956689834595,-1.7724539041519165
0.9475541710853577,0.3197276294231415,0.7774801850318909,0.34524789452552795,0.2553243041038513,0.3717861771583557,0.8230360746383667,-3.2481260299682617,-3.5489420890808105,-6.016380310058594,-0.518439769744873,-0.625180184841156,-0.5380557775497437,-1.7724539041519165
1.07220458984375,0.2871132493019104,0.7922828197479248,0.626589298248291,0.05545171722769737,-0.775700032711029,0.05099423974752426,-2.1984617710113525,-2.7972571849823,-3.8091940879821777,-0.465623140335083,-1.3951345682144165,-1.2600018978118896,-1.7724539041519165
0.6471789479255676,0.3558369278907776,0.5848690271377563,-0.46275794506073,0.2653331756591797,0.8052988052368164,0.2587416172027588,-3.222268581390381,-4.2383036613464355,-5.543528079986572,-2.2058494091033936,1.641305923461914,1.7068578004837036,-1.7724539041519165
0.6772596836090088,0.35700106620788574,0.6005649566650391,0.8152229189872742,-0.10370225459337234,-0.55975341796875,-0.10645914077758789,-3.6303224563598633,-4.712684154510498,-4.856426239013672,-0.09616465121507645,-0.7974900603294373,-0.7750970721244812,-1.6179593801498413
0.7759215235710144,0.36201927065849304,0.6837817430496216,0.6559840440750122,0.7204785943031311,-0.1708231270313263,0.14633846282958984,-2.9197490215301514,-3.732086181640625,-4.885443687438965,-0.8875819444656372,1.372819423675537,1.3586958646774292,0.12739165127277374
0.5653728246688843,0.36362192034721375,0.6678586006164551,-0.3089704215526581,0.950411856174469,0.03525165840983391,0.0034560449421405792,-3.4866678714752197,-6.841472625732422,-5.461820602416992,-0.3566749393939972,-1.7724539041519165,-1.7724539041519165,-1.6473394632339478
0.6175597310066223,0.3590564429759979,0.693263590335846,0.7399103045463562,0.5860199928283691,0.22550524771213531,-0.24137254059314728,-3.2130279541015625,-4.099332809448242,-5.5579833984375,-1.8863109350204468,-0.3383956551551819,0.2056214064359665,-1.023961067199707
0.6737632155418396,0.36065614223480225,0.6533265709877014,0.37809130549430847,0.564717710018158,0.4403001070022583,0.5867509245872498,-4.218470573425293,-3.6378445625305176,-10.097808837890625,-1.7423112392425537,-1.7724539041519165,-1.577831506729126,-1.7724539041519165
0.7242634892463684,0.37803786993026733,0.656299889087677,0.7481895685195923,-0.13483387231826782,-0.6428269147872925,-0.09383910149335861,-3.4638829231262207,-4.531054496765137,-6.436063766479492,-2.5106937885284424,-1.1670643091201782,-1.6969280242919922,-1.662765383720398
0.7404614686965942,0.3644346594810486,0.6138155460357666,0.6548104286193848,0.6658539175987244,0.22728849947452545,-0.27604663372039795,-3.5038082599639893,-3.8240323066711426,-5.372778415679932,-0.3382434546947479,1.7619657516479492,1.7435802221298218,0.3411519229412079
0.8594080805778503,0.36568936705589294,0.5925105214118958,0.646866500377655,0.7469459176063538,0.14281217753887177,-0.05692246928811073,-2.849923849105835,-3.875783920288086,-5.357370376586914,-0.9613490700721741,1.6865119934082031,1.698789358139038,-0.4122481346130371
0.805832028388977,0.36736294627189636,0.5940790176391602,0.8597527742385864,0.3797725737094879,-0.2993689775466919,0.1642443984746933,-3.7984817028045654,-5.965638160705566,-6.710498332977295,0.46324461698532104,1.070451259613037,1.152303695678711,0.05949923396110535
0.7168582081794739,0.36955341696739197,0.6253193616867065,0.02004506066441536,0.9451976418495178,-0.2840868830680847,0.15966928005218506,-11.239429473876953,-5.3159356117248535,-4.510061264038086,-0.40546509623527527,1.7446506023406982,1.6334378719329834,1.7724539041519165
0.6984904408454895,0.3656272292137146,0.6605133414268494,0.543551504611969,0.7656937837600708,0.22134046256542206,-0.26319804787635803,-3.9374964237213135,-5.142381191253662,-6.180311679840088,0.7090349793434143,1.6734113693237305,1.6658048629760742,0.0677512064576149
0.7517456412315369,0.35945916175842285,0.6855900287628174,0.842200756072998,0.5136268734931946,-0.02557588927447796,0.1619604378938675,-3.5369033813476562,-4.135219573974609,-5.312795162200928,-0.5374447107315063,-0.1335807889699936,-0.5239068269729614,-1.7724539041519165
0.7328555583953857,0.3739306926727295,0.695697009563446,-0.4317772388458252,0.43888550996780396,0.3409564793109894,0.7104200124740601,-3.652538776397705,-4.455327987670898,-5.320556640625,1.3242435455322266,1.7724539041519165,1.7088313102722168,0.4854905903339386
0.7824801206588745,0.36065614223480225,0.6300752758979797,0.2840868830680847,0.9435827732086182,0.15966928005218506,-0.05875276401638985,-4.457574367523193,-5.605787754058838,-6.8434062004089355,1.2005772590637207,-1.4388154745101929,-1.285897970199585,-1.6890443563461304
0.8103328943252563,0.38381722569465637,0.6334701776504517,0.39130863547325134,0.8902796506881714,0.17703291773796082,-0.15145646035671234,-3.6641995906829834,-3.9532296657562256,-4.539397239685059,-1.0082496404647827,-0.04075568914413452,0.04444986954331398,-1.4257892370224
0.7968450784683228,0.36389151215553284,0.6430220007896423,-0.2840868830680847,0.667316734790802,0.31588250398635864,-0.6117199659347534,-9.058512687683105,-5.254914283752441,-3.5890040397644043,0.7827593684196472,1.5917330980300903,1.480520248413086,0.28498274087905884
0.8077061772346497,0.37538233399391174,0.6596488952636719,0.298844575881958,0.8457297086715698,0.42784956097602844,-0.11125633865594864,-3.661022663116455,-4.428814888000488,-4.888071060180664,-0.6721349954605103,1.7724539041519165,1.7724539041519165,1.5603375434875488
0.8205182552337646,0.3677942752838135,0.7277200818061829,0.7825696468353271,0.6134042739868164,0.032667845487594604,-0.101255863904953,-3.4088878631591797,-4.241650581359863,-4.869228363037109,1.932802677154541,1.7513232231140137,1.4660606384277344,0.11271399259567261
0.5912909507751465,0.3640285134315491,0.7154222130775452,0.5735673904418945,-0.6862220764160156,-0.2879532277584076,-0.3423486351966858,-3.860058069229126,-4.298277854919434,-5.7543864250183105,1.2245683670043945,1.7300459146499634,1.7371139526367188,0.6913498640060425
0.5980204939842224,0.3641611337661743,0.6897887587547302,0.0739593580365181,0.9811757206916809,0.03525165840983391,0.174875870347023,-3.827209711074829,-11.81472396850586,-5.461820602416992,0.65805584192276,1.522225022315979,1.7724539041519165,0.590817928314209
0.6066197156906128,0.363327294588089,0.7385758757591248,-0.3375048041343689,0.3236752450466156,0.6648155450820923,0.5825333595275879,-3.768651247024536,-4.06378698348999,-5.551686763763428,1.851353406906128,1.5519808530807495,1.6906793117523193,0.8569443821907043
0.5638988018035889,0.3653263747692108,0.7398043870925903,-0.4918973445892334,0.5986765623092651,0.4460884928703308,0.447915643453598,-3.438896894454956,-4.152900218963623,-6.67777156829834,16.11809539794922,1.286375880241394,1.5467486381530762,0.4985787868499756
0.6567071080207825,0.3648679256439209,0.7048770785331726,0.8400196433067322,0.5390498638153076,0.060665830969810486,-0.01057670172303915,-2.5256950855255127,-5.131669044494629,-6.563287258148193,-0.729498028755188,1.7724539041519165,1.7724539041519165,-0.06393453478813171
0.6244750618934631,0.36251914501190186,0.7532268166542053,-0.40809303522109985,0.371076762676239,0.6164417266845703,0.5619267821311951,-3.729210615158081,-4.446595191955566,-5.316588401794434,0.7715603709220886,0.6812311410903931,1.6177551746368408,0.1459667682647705
0.6647951006889343,0.3630826771259308,0.7697851657867432,0.5502999424934387,-0.5134530663490295,-0.46911972761154175,-0.4620201885700226,-2.951338052749634,-4.1011433601379395,-5.776493072509766,0.48221123218536377,-1.6718811988830566,-1.742458462715149,-1.7389297485351562
0.5510078072547913,0.34987154603004456,0.768526017665863,0.01175055280327797,0.9037628173828125,-0.4181814193725586,-0.09054837375879288,-4.892308712005615,-6.338045597076416,-3.68110990524292,-0.8194409012794495,1.7446506023406982,0.28498274087905884,0.7298339009284973
0.632300615310669,0.3579600155353546,0.7820011973381042,-0.3324715197086334,0.901747465133667,-0.1527571827173233,-0.23017258942127228,-3.3924756050109863,-4.843019008636475,-15.501344680786133,0.40546509623527527,0.36839234828948975,0.39619556069374084,0.5074083209037781
0.6306556463241577,0.3633893132209778,0.7970712780952454,-0.3382590413093567,0.427998423576355,0.5797991156578064,0.6051703691482544,-3.5435497760772705,-4.439459800720215,-5.731077671051025,16.11809539794922,1.1256170272827148,1.643795371055603,0.6167116165161133
0.6369386911392212,0.3601461350917816,0.8270176649093628,-0.20099706947803497,0.5410149693489075,0.3731709122657776,0.7263927459716797,-3.9441421031951904,-5.050379276275635,-5.564567565917969,1.0613418817520142,-0.5502557158470154,-0.2188238650560379,-0.8817970752716064
0.773684024810791,0.3684322237968445,0.7505748271942139,0.6206200122833252,-0.6128741502761841,-0.3387097120285034,-0.3528340458869934,-3.1464269161224365,-4.682155132293701,-5.574032306671143,5.539679050445557,1.7724539041519165,1.7590323686599731,0.0780196413397789
0.8350930213928223,0.3680915832519531,0.7345066666603088,-0.46716374158859253,0.7019577622413635,0.2631835639476776,0.4687725901603699,-3.2302207946777344,-4.393445014953613,-5.181818008422852,-0.39762309193611145,1.7724539041519165,1.7724539041519165,1.0096849203109741
0.724629819393158,0.35608670115470886,0.8180922865867615,0.690707266330719,-0.5533539652824402,-0.41727590560913086,-0.20640656352043152,-3.39528226852417,-3.9603147506713867,-4.857719898223877,0.3231528103351593,-1.7328054904937744,-1.5842547416687012,-1.726124882698059
0.8055784702301025,0.36626696586608887,0.7778962254524231,0.777381956577301,0.5751703381538391,0.22611463069915771,-0.11716867983341217,-3.4943747520446777,-4.762089729309082,-5.593154430389404,0.19045564532279968,1.1773351430892944,0.9417673945426941,-0.9485090374946594
0.7903674840927124,0.3503289222717285,0.7556836605072021,0.7516965866088867,-0.49412602186203003,-0.28524693846702576,-0.3307957947254181,-2.155240774154663,-3.1496024131774902,-7.079549789428711,-0.949282169342041,0.43441644310951233,0.39217570424079895,-1.7681660652160645
0.8338442444801331,0.36329811811447144,0.851820707321167,0.6799383163452148,-0.6139591336250305,-0.23497195541858673,-0.3248479962348938,-4.003479480743408,-4.612615585327148,-6.166566848754883,0.6807120442390442,1.76945161819458,1.768550992012024,0.4859098792076111
0.8230465054512024,0.3640151619911194,0.8122404217720032,-0.48962756991386414,0.526260256767273,0.4705682694911957,0.5117425918579102,-3.900576591491699,-4.322129726409912,-5.754454612731934,0.6784942746162415,1.6895726919174194,1.7214500904083252,0.2848889231681824
0.9084653854370117,0.42030730843544006,0.5769494771957397,0.44208377599716187,0.343557208776474,0.8111404180526733,0.1690608412027359,-3.8605587482452393,-4.494647979736328,-6.0571722984313965,-0.7771164178848267,1.6927690505981445,0.8737144470214844,0.27301475405693054
0.843765377998352,0.3653602600097656,0.6350580453872681,0.8035563826560974,0.5547720193862915,-0.16754022240638733,0.13585065305233002,-3.747487783432007,-5.275061130523682,-6.981215953826904,16.11809539794922,1.3298470973968506,1.3800185918807983,0.21547475457191467
0.8493165373802185,0.3604927659034729,0.6567951440811157,0.5532445907592773,-0.6244683265686035,-0.35249367356300354,-0.423919677734375,-2.4907829761505127,-3.6475305557250977,-5.820505142211914,-2.8674068450927734,1.7724539041519165,1.7724539041519165,0.6636577844619751
0.9087636470794678,0.3645481467247009,0.6890783309936523,-0.2501475512981415,0.291319876909256,0.6144395470619202,0.689219057559967,-2.694838285446167,-3.163968086242676,-4.838671684265137,-2.1584699153900146,1.569987416267395,1.7593915462493896,-0.8656178116798401
0.9843003749847412,0.3486948311328888,0.6019792556762695,0.5530085563659668,-0.6457252502441406,-0.23739755153656006,-0.469960480928421,-3.5533576011657715,-3.9967103004455566,-5.3695502281188965,-0.7743980288505554,0.33350270986557007,0.7795602083206177,-1.6878682374954224
0.990772545337677,0.3517588675022125,0.6300752758979797,0.33800119161605835,0.8126874566078186,-0.30758798122406006,0.3615022897720337,-4.073559284210205,-11.158742904663086,-4.556114196777344,1.3143208026885986,-1.285897970199585,-1.244193196296692,-1.7724539041519165
0.868109941482544,0.36001983284950256,0.6987667679786682,-0.40641650557518005,0.4719141721725464,0.2602847218513489,0.7378174066543579,-4.395426273345947,-4.958978176116943,-5.983907222747803,-0.8630110025405884,-1.7724539041519165,-1.6516427993774414,-1.7724539041519165
0.8275339603424072,0.37872034311294556,0.7135684490203857,0.13616816699504852,0.9750582575798035,-0.174875870347023,-0.01175055280327797,-6.189266204833984,-16.17776107788086,-4.79405403137207,3.725693464279175,0.18767155706882477,0.21547475457191467,-1.3971107006072998
0.8954411745071411,0.3690142035484314,0.6897887587547302,0.5868363976478577,0.6807391047477722,-0.34629568457603455,-0.26888027787208557,-4.892308712005615,-10.289186477661133,-3.7348382472991943,-2.053239107131958,1.7724539041519165,1.7724539041519165,1.4527170658111572
0.8549264669418335,0.36405667662620544,0.8157811164855957,0.7002107501029968,0.673270046710968,-0.17511117458343506,0.16046316921710968,-4.001324653625488,-4.095770359039307,-8.474910736083984,0.427578866481781,1.6547267436981201,1.6045063734054565,0.33381950855255127
0.9905679821968079,0.36770400404930115,0.77210932970047,0.8114227652549744,0.5747331380844116,0.06678975373506546,-0.08254693448543549,-2.961742639541626,-4.1604814529418945,-5.348356246948242,-1.1394023895263672,1.2769532203674316,1.2527824640274048,-1.7724539041519165
0.9013177752494812,0.3647003769874573,0.820841372013092,0.19008246064186096,0.8265376687049866,0.0739593580365181,-0.5246276259422302,-3.4866678714752197,-9.251821517944336,-4.7480010986328125,-0.07061756402254105,0.6186211109161377,0.7715387344360352,-1.7724539041519165
0.953515350818634,0.4221142828464508,0.7916693091392517,0.9171305298805237,0.1296728402376175,0.23244355618953705,0.29669272899627686,-3.176055431365967,-4.980740070343018,-5.696968078613281,-0.12171000242233276,1.7724539041519165,1.7251925468444824,-0.633431613445282
0.9651790261268616,0.3662630021572113,0.7917287349700928,0.6867832541465759,0.6226814389228821,0.269185334444046,-0.26102837920188904,-2.908430576324463,-4.006031036376953,-6.070258140563965,-1.8159010410308838,1.2006086111068726,1.182908535003662,-0.06522983312606812
0.9486476182937622,0.3629791736602783,0.825074315071106,0.5825255513191223,-0.6516633629798889,-0.39221251010894775,-0.28665003180503845,-3.689833641052246,-4.469460964202881,-6.961134433746338,-0.4426996111869812,1.4989227056503296,1.3386366367340088,0.8124080300331116
1.0087287425994873,0.3598473072052002,0.7360270619392395,-0.5384517908096313,0.7111458778381348,-0.41265174746513367,-0.18455280363559723,-5.138658046722412,-3.0123744010925293,-15.593449592590332,-1.2909841537475586,1.7724539041519165,1.7724539041519165,-0.03475402295589447
0.6433693170547485,0.3073137402534485,0.8858584761619568,0.5728119015693665,-0.38835927844047546,-0.371051549911499,-0.6191803812980652,-2.8007144927978516,-3.674868106842041,-5.494294166564941,-0.05872494354844093,-1.6836398839950562,-1.6765724420547485,-1.5469796657562256
0.6995549201965332,0.2905563414096832,0.8789695501327515,0.4181814193725586,0.6589708924293518,-0.4720957279205322,0.4098869264125824,-2.4360601902008057,-2.5089471340179443,-11.72500991821289,-0.9328200221061707,-1.6890443563461304,-1.1468819379806519,-1.7585523128509521
0.5971073508262634,0.36564746499061584,0.8613911271095276,0.6264798045158386,0.7478601336479187,0.1262524127960205,-0.17969025671482086,-3.5709340572357178,-4.754290580749512,-5.878804683685303,-1.6298996210098267,1.7724539041519165,1.7724539041519165,1.7724539041519165
0.562559962272644,0.3653172254562378,0.919324517250061,-0.33543553948402405,0.38702502846717834,0.5756304264068604,0.6374513506889343,-3.327826499938965,-4.45939302444458,-5.856039047241211,-0.7721320390701294,-1.051970362663269,-0.875852108001709,-1.2080750465393066
0.6710800528526306,0.36145976185798645,0.8849650621414185,0.7836635112762451,0.57033771276474,-0.21163885295391083,0.12567977607250214,-2.977449655532837,-3.8638486862182617,-4.544656276702881,0.7135707139968872,1.6895211935043335,1.7724539041519165,0.7023977041244507
0.709148645401001,0.3542121946811676,0.8884162902832031,0.6740906238555908,0.7072998881340027,-0.02491210587322712,-0.21144281327724457,-4.251562118530273,-4.330737113952637,-5.500847339630127,-1.6193898916244507,-1.2280946969985962,-0.30450645089149475,-1.5200283527374268
0.6126184463500977,0.3624314069747925,0.9076418876647949,-0.3050651550292969,0.5819320678710938,0.4677109122276306,0.5912163853645325,-3.6668479442596436,-3.991170644760132,-5.477817058563232,-1.0458282232284546,1.72169029712677,1.7724539041519165,1.7064611911773682
0.569616973400116,0.36224105954170227,0.9524614810943604,0.632057249546051,0.7339733839035034,0.12221768498420715,-0.21644751727581024,-3.4030849933624268,-4.089405536651611,-5.858838081359863,-1.5174520015716553,1.7312244176864624,1.7724539041519165,1.4014978408813477
0.6639726161956787,0.3604952394962311,0.924166738986969,0.8069918155670166,0.5759792923927307,-0.11562716215848923,0.060352593660354614,-3.0062291622161865,-4.194683074951172,-4.888158798217773,0.7375175356864929,1.6619786024093628,1.7724539041519165,0.9551063776016235
0.6125651001930237,0.3628893196582794,0.9485887885093689,0.6072454452514648,0.7052610516548157,0.2659100294113159,-0.25129997730255127,-3.446258544921875,-3.487567663192749,-6.64224910736084,0.15725919604301453,0.9412605166435242,1.615081548690796,-0.8976978063583374
0.6251181364059448,0.3296504616737366,0.927850067615509,-0.08225386589765549,0.8233778476715088,-0.5425990223884583,0.1444626748561859,-7.348557472229004,-2.8750760555267334,-3.68110990524292,-1.5676685571670532,0.7715387344360352,1.4527170658111572,-1.1746851205825806
0.7133142948150635,0.3641832172870636,0.8728501796722412,0.7029045224189758,0.701772928237915,-0.09054727852344513,0.0723964273929596,-3.3285250663757324,-3.8045125007629395,-5.376468658447266,0.48339277505874634,1.667422890663147,1.7238543033599854,1.1186184883117676
0.6376433372497559,0.36240386962890625,0.9661151766777039,0.7273952960968018,0.6720530986785889,0.05061749741435051,-0.1291455626487732,-3.954918622970581,-5.3901753425598145,-6.100078582763672,-0.31753990054130554,-1.3769134283065796,-0.6577907204627991,-1.7724539041519165
0.6921444535255432,0.3623653054237366,0.9684761166572571,0.5406165719032288,-0.6388165354728699,-0.3545386791229248,-0.41707250475883484,-3.340428352355957,-4.03789758682251,-4.80699348449707,1.83188796043396,1.7269781827926636,1.7631603479385376,1.1338272094726562
0.7544765472412109,0.3630726933479309,0.8937811851501465,0.5997443795204163,-0.68159419298172,-0.30260008573532104,-0.29011934995651245,-3.575765609741211,-4.187500953674316,-5.6782732009887695,0.24421197175979614,1.7724539041519165,1.7724539041519165,1.389601469039917
0.8289846181869507,0.3630826771259308,0.8754501938819885,0.6430656313896179,-0.6515162587165833,-0.28264713287353516,-0.2865375876426697,-3.1195943355560303,-3.6197500228881836,-6.611387729644775,-1.7052758932113647,1.72295343875885,1.683353066444397,-0.7540504932403564
0.7689564824104309,0.42843830585479736,0.8463187217712402,-0.19620513916015625,0.45694831013679504,0.8192199468612671,-0.2856230139732361,-3.0624349117279053,-4.450225830078125,-5.903884410858154,0.49344539642333984,1.600257158279419,1.447309970855713,-0.9689237475395203
0.7677886486053467,0.467153936624527,0.8359018564224243,0.08225386589765549,0.945925235748291,0.2218780815601349,-0.2218780815601349,-12.014705657958984,-3.9734628200531006,-5.607654571533203,0.6061357855796814,1.7724539041519165,1.7724539041519165,0.6603259444236755
0.7594211101531982,0.35928213596343994,0.9553571343421936,0.618747353553772,-0.6172118186950684,-0.34580957889556885,-0.3414923846721649,-3.6435394287109375,-3.779592275619507,-4.9271674156188965,1.0353493690490723,1.4937653541564941,1.7666078805923462,0.6961005330085754
0.7877523899078369,0.35082584619522095,0.9378754496574402,0.7659907341003418,-0.16473525762557983,-0.5892946124076843,-0.19710998237133026,-3.1468424797058105,-4.75159215927124,-5.189793586730957,-0.20757874846458435,-0.03208800032734871,0.47777223587036133,-1.0880146026611328
0.6061213612556458,0.3636188209056854,1.0096237659454346,0.7052518129348755,0.632725715637207,-0.2413787543773651,0.20979593694210052,-3.435682773590088,-4.127895355224609,-5.875758171081543,1.7983314990997314,1.7724539041519165,1.7724539041519165,1.1725966930389404
0.6705803275108337,0.35871413350105286,1.011372447013855,0.7230965495109558,0.689048171043396,-0.04816543310880661,0.004906180780380964,-3.300879955291748,-3.461446523666382,-5.412747383117676,0.8352592587471008,1.7421940565109253,1.7724539041519165,0.09299644827842712
0.6587157845497131,0.3622360825538635,1.0069429874420166,-0.4204651117324829,0.556891679763794,0.4025123417377472,0.592507004737854,-3.553006887435913,-4.2354536056518555,-5.351146221160889,0.8287110924720764,1.7724539041519165,1.672661542892456,1.6427239179611206
0.6078148484230042,0.3630826771259308,1.0781906843185425,0.10575497150421143,0.8406530618667603,-0.16796378791332245,-0.5038913488388062,-5.609620571136475,-7.283878326416016,-2.6525959968566895,0.6931471824645996,0.7715387344360352,0.9522594809532166,-0.2293764054775238
0.6368433237075806,0.3860367238521576,1.0602463483810425,0.7076987624168396,-0.4727802872657776,-0.3476024270057678,-0.3934638798236847,-2.327866792678833,-3.2885537147521973,-6.031535625457764,-1.6737468242645264,-1.6309444904327393,-0.9937437176704407,-1.7724539041519165
0.7308754920959473,0.3602745234966278,1.0235581398010254,0.6962355375289917,0.6271746158599854,0.24399079382419586,-0.2497529834508896,-3.135692596435547,-4.332203388214111,-5.9852800369262695,-0.17929185926914215,1.7206412553787231,1.7724539041519165,0.9238651990890503
0.7719576358795166,0.35565075278282166,1.0793609619140625,0.5092652440071106,0.860386848449707,-0.017025381326675415,-0.00967207457870245,-2.7766809463500977,-2.9394233226776123,-4.644419193267822,-1.891783356666565,-1.7724539041519165,-1.7724539041519165,-1.7724539041519165
0.7720328569412231,0.3261454701423645,1.098007082939148,0.15966928005218506,0.974858283996582,0.15137477219104767,-0.03525165840983391,-16.7315731048584,-4.507400989532471,-3.489223003387451,-0.5719616413116455,-1.035669207572937,-0.7020307779312134,-1.5500283241271973
0.8365054726600647,0.3651195466518402,0.9021288156509399,0.6943785548210144,-0.5174986720085144,-0.3997263014316559,-0.3004204034805298,-3.1064741611480713,-4.734686374664307,-7.0545759201049805,-0.013949371874332428,1.744364619255066,1.5266987085342407,0.6189072132110596
0.8790941834449768,0.3644994795322418,0.876856803894043,-0.3773861527442932,0.4589754045009613,0.5725468397140503,0.5648994445800781,-3.9133567810058594,-4.268914699554443,-7.122153282165527,0.6443901658058167,1.622423768043518,1.323785424232483,-0.22561387717723846
0.9035058617591858,0.3800068497657776,0.9014056921005249,0.6599653363227844,-0.22643089294433594,-0.5786200761795044,-0.422342985868454,-3.195608139038086,-4.10546350479126,-4.681934833526611,-0.07339004427194595,1.5864169597625732,1.640559434890747,0.5841093063354492
0.8245956301689148,0.3568815290927887,0.902749240398407,-0.3697968125343323,0.6514779329299927,-0.564717710018158,0.34629568457603455,-8.60928726196289,-2.8750760555267334,-5.254582405090332,0.4218320846557617,0.9939643144607544,0.9522594809532166,-1.577831506729126
0.9599483609199524,0.36242687702178955,0.9245584011077881,0.7057626843452454,0.6751541495323181,-0.18209391832351685,0.11361207067966461,-3.249922752380371,-3.438006639480591,-5.316305637359619,16.11809539794922,1.7724539041519165,1.7676758766174316,0.9863763451576233
0.919934093952179,0.3822213411331177,0.9670692086219788,0.7220799326896667,-0.46084272861480713,-0.44007277488708496,-0.26937052607536316,-3.2107396125793457,-3.4706406593322754,-5.308036804199219,-1.6748719215393066,0.22952836751937866,0.3648013472557068,-1.410070776939392
0.9954087138175964,0.36172541975975037,0.8773620128631592,0.6424376368522644,0.7304646968841553,-0.1550743579864502,0.17218346893787384,-3.0702648162841797,-4.350332736968994,-5.881065368652344,1.0760167837142944,1.7724539041519165,1.7724539041519165,0.6615947484970093
1.0408196449279785,0.3624715209007263,0.8865687251091003,0.6593344807624817,0.6747640371322632,-0.22549109160900116,0.2431570291519165,-3.432412624359131,-4.969182014465332,-6.602334022521973,0.4772372841835022,1.4717518091201782,1.512524962425232,-0.12833870947360992
1.0551173686981201,0.36075034737586975,0.9365829825401306,0.525132417678833,-0.5379860401153564,-0.5172384977340698,-0.40898817777633667,-3.93446946144104,-4.091457366943359,-6.4766130447387695,1.5343631505966187,1.7196568250656128,1.7466998100280762,-0.3677903711795807
1.0068035125732422,0.36023351550102234,0.9697670340538025,-0.37377071380615234,0.47466301918029785,0.5390878319740295,0.5868345499038696,-3.541463613510132,-3.799233913421631,-5.088720798492432,0.0692751556634903,1.7724539041519165,1.7724539041519165,1.7055027484893799
1.0484458208084106,0.36357417702674866,0.991783618927002,0.547576367855072,-0.5121147036552429,-0.523590087890625,-0.4046628475189209,-3.4624948501586914,-4.282353401184082,-6.41908597946167,-1.1479756832122803,1.2836968898773193,1.2442373037338257,0.279175341129303
1.0815454721450806,0.36311832070350647,1.0266032218933105,0.5498946309089661,-0.5176554918289185,-0.46917402744293213,-0.4577384293079376,-3.40830397605896,-4.107971668243408,-5.7542219161987305,-0.44203701615333557,1.6712058782577515,1.7582403421401978,0.7362097501754761
0.9489514827728271,0.363497793674469,0.9930635690689087,0.7087656259536743,0.6229690909385681,-0.24307949841022491,0.22466231882572174,-3.3404321670532227,-4.45265531539917,-6.481827259063721,1.205384373664856,1.7660748958587646,1.7531616687774658,0.9095691442489624
0.8911092877388,0.3561014235019684,1.0375045537948608,0.5405825972557068,-0.4887976348400116,-0.5309849977493286,-0.4323219358921051,-3.234466075897217,-3.437744379043579,-6.05834436416626,-1.8221291303634644,1.5808857679367065,1.6205205917358398,-1.0686981678009033
0.9492673873901367,0.36464452743530273,1.0792146921157837,0.5474293231964111,-0.6397133469581604,-0.3659408688545227,-0.39645329117774963,-3.7366878986358643,-4.431933403015137,-7.659940719604492,-0.20414911210536957,1.7446506023406982,1.6438021659851074,0.8161225318908691
1.0132994651794434,0.3598473072052002,0.9775232076644897,-0.05875276401638985,0.9399504065513611,0.08916595578193665,-0.32417699694633484,-4.551766872406006,-16.635421752929688,-3.0900981426239014,0.10204925388097763,1.3415043354034424,1.7724539041519165,-0.7715387940406799
0.9946154356002808,0.3599867522716522,1.002205491065979,0.7638859748840332,0.6339566111564636,-0.061629585921764374,0.1038220003247261,-3.5029828548431396,-3.9422261714935303,-6.6101155281066895,-0.04403122887015343,1.7599574327468872,1.7724539041519165,-0.2343749701976776
0.9842057824134827,0.3642471134662628,1.0462104082107544,0.5036226511001587,-0.5132376551628113,-0.47480839490890503,-0.5074528455734253,-3.765477180480957,-4.419795989990234,-6.2565226554870605,-0.13570553064346313,1.4745421409606934,1.665429711341858,0.5672669410705566
1.0742207765579224,0.33820202946662903,1.0741288661956787,0.807385265827179,-0.3923879861831665,-0.3733563721179962,-0.23402078449726105,-3.1089885234832764,-3.7204504013061523,-4.5263800621032715,-1.5994091033935547,-0.949600875377655,0.12949447333812714,-1.7536847591400146
0.9705715775489807,0.3583398461341858,1.0580229759216309,-0.44071725010871887,0.4277787506580353,0.6084535121917725,0.5025514364242554,-3.912203788757324,-4.78560733795166,-5.690134525299072,-1.2735228538513184,-1.4623687267303467,-1.568927526473999,-1.4571974277496338
1.0393744707107544,0.3658018708229065,1.04706871509552,0.5168037414550781,-0.5504844784736633,-0.4401032030582428,-0.4859936833381653,-3.6840500831604004,-4.136868000030518,-5.723514556884766,-0.31475356221199036,1.1900947093963623,1.3378655910491943,0.5259667634963989
1.005290150642395,0.36158525943756104,1.0627375841140747,-0.4002099931240082,0.5731314420700073,-0.5246276259422302,0.48591992259025574,-11.529760360717773,-4.407931804656982,-3.540980100631714,-1.3862943649291992,1.480520248413086,1.7724539041519165,-0.813243567943573
1.051362156867981,0.36158525943756104,1.0855634212493896,0.7105818390846252,0.6810815930366516,-0.16580620408058167,0.06090646609663963,-3.0417661666870117,-3.779721260070801,-4.992038249969482,-0.3004554510116577,1.7724539041519165,1.7724539041519165,1.355047583580017
-0.8791380524635315,2.6413869857788086,0.04141128063201904,0.2075013965368271,0.45521050691604614,0.865644633769989,0.01964554935693741,-1.7373327016830444,-2.9421398639678955,-5.188744068145752,-2.231640577316284,1.6685891151428223,1.7724539041519165,1.7724539041519165
-0.7914302945137024,2.6234493255615234,0.06689988076686859,0.7288722991943359,-0.3141002655029297,-0.46505245566368103,-0.3921892046928406,-2.4169013500213623,-3.2264106273651123,-4.717199802398682,16.11809539794922,-0.8978469371795654,-0.8132866621017456,-1.7724539041519165
-0.5588943362236023,2.842970132827759,0.02027042955160141,-0.35459020733833313,0.909723162651062,0.1527571827173233,0.1527571827173233,-2.727501392364502,-2.1529183387756348,-8.260385513305664,0.3083013594150543,-1.2163898944854736,-0.8814976811408997,-1.7724539041519165
-0.33198776841163635,2.830698013305664,0.1331121027469635,-0.3407660126686096,0.9028361439704895,0.01175055280327797,0.261968195438385,-3.781446695327759,-8.611921310424805,-1.6374866962432861,1.1569843292236328,-0.813243567943573,-0.5267615914344788,-1.327602744102478
-0.26553353667259216,2.7572929859161377,0.3271420896053314,0.7456029653549194,0.36667755246162415,-0.5437116026878357,-0.11832790076732635,-2.2250335216522217,-2.7630503177642822,-4.305759906768799,-1.21511971950531,-0.15734462440013885,0.19972987473011017,-0.7824251651763916
1.0130654573440552,1.918715238571167,0.5344756841659546,0.5524317026138306,0.7925449013710022,-0.23789744079113007,0.10048200190067291,-3.3393890857696533,-3.393315076828003,-7.542243003845215,16.11809539794922,-1.1992764472961426,-0.6274871230125427,-1.7724539041519165
1.0473098754882812,1.9274837970733643,0.4816557466983795,-0.09054837375879288,0.9740051627159119,-0.02004506066441536,-0.20667147636413574,-2.945559024810791,-8.611921310424805,-4.170234203338623,3.00815486907959,-0.9522595405578613,-0.7763906717300415,-1.6473394632339478
0.9858176708221436,1.9065320491790771,0.5845487713813782,0.4831996560096741,0.7673453688621521,-0.3748457431793213,0.19284668564796448,-3.216323137283325,-4.062140941619873,-6.1840996742248535,16.11809539794922,-0.8837651014328003,-0.5750550627708435,-1.7724539041519165
1.0674062967300415,1.8872047662734985,0.6264719367027283,0.6600943803787231,-0.5483464598655701,-0.30810078978538513,-0.4106890559196472,-2.6867082118988037,-3.2536866664886475,-6.022908687591553,16.11809539794922,-0.8820307850837708,-0.5321350693702698,-1.7724539041519165
